Datetime,open,high,low,close,volume
2023-06-23 13:30:00,166.0,167.85000610351562,165.74000549316406,167.63999938964844,304179
2023-06-23 14:30:00,167.66000366210938,167.75999450683594,167.1699981689453,167.64999389648438,197662
2023-06-23 15:30:00,167.66000366210938,168.2899932861328,167.58999633789062,168.2899932861328,163846
2023-06-23 16:30:00,168.2899932861328,168.5,167.89999389648438,168.08999633789062,211371
2023-06-23 17:30:00,168.11000061035156,168.5500030517578,167.9499969482422,168.0800018310547,192606
2023-06-23 18:30:00,168.07000732421875,168.0800018310547,167.52000427246094,167.85000610351562,190153
2023-06-23 19:30:00,167.86000061035156,168.60000610351562,167.86000061035156,168.11000061035156,353195
2023-06-26 13:30:00,168.52999877929688,170.5,168.19219970703125,168.83999633789062,337225
2023-06-26 14:30:00,168.83999633789062,168.8800048828125,168.0,168.07000732421875,233907
2023-06-26 15:30:00,168.0800018310547,168.77999877929688,167.94000244140625,168.58999633789062,161400
2023-06-26 16:30:00,168.58999633789062,168.66000366210938,167.83999633789062,168.14999389648438,222571
2023-06-26 17:30:00,168.14999389648438,168.14999389648438,167.66000366210938,167.8000030517578,178217
2023-06-26 18:30:00,167.8000030517578,168.5500030517578,167.8000030517578,168.3300018310547,212026
2023-06-26 19:30:00,168.32000732421875,168.42999267578125,167.05999755859375,167.1699981689453,360867
2023-06-27 13:30:00,166.35000610351562,168.0749969482422,166.17999267578125,167.21749877929688,307564
2023-06-27 14:30:00,167.22000122070312,167.9499969482422,167.1999969482422,167.69000244140625,213545
2023-06-27 15:30:00,167.73500061035156,167.8699951171875,167.43499755859375,167.68499755859375,151274
2023-06-27 16:30:00,167.72000122070312,168.0500030517578,167.62429809570312,167.84500122070312,191707
2023-06-27 17:30:00,167.85000610351562,168.35499572753906,167.80999755859375,168.11000061035156,241959
2023-06-27 18:30:00,168.1475067138672,168.1475067138672,167.5,167.88999938964844,286567
2023-06-27 19:30:00,167.89999389648438,168.3800048828125,167.83999633789062,168.1999969482422,701795
2023-06-28 13:30:00,167.25999450683594,168.43499755859375,167.19500732421875,168.02499389648438,311738
2023-06-28 14:30:00,168.0500030517578,168.63330078125,167.86500549316406,168.25,193337
2023-06-28 15:30:00,168.1999969482422,169.3524932861328,168.1999969482422,169.1300048828125,196960
2023-06-28 16:30:00,169.08999633789062,169.27000427246094,168.24000549316406,168.60000610351562,177795
2023-06-28 17:30:00,168.61000061035156,169.07899475097656,168.42999267578125,168.97999572753906,147517
2023-06-28 18:30:00,169.0399932861328,169.2799072265625,168.52000427246094,169.0500030517578,316921
2023-06-28 19:30:00,169.0500030517578,169.8699951171875,169.02999877929688,169.8699951171875,536250
2023-06-29 13:30:00,170.5800018310547,172.30999755859375,170.5800018310547,171.36000061035156,373978
2023-06-29 14:30:00,171.36500549316406,171.44000244140625,170.47000122070312,170.72000122070312,189832
2023-06-29 15:30:00,170.7899932861328,171.22999572753906,170.5500946044922,171.19000244140625,152935
2023-06-29 16:30:00,171.16000366210938,171.27999877929688,170.60000610351562,171.1750030517578,179983
2023-06-29 17:30:00,171.14999389648438,171.22000122070312,170.32000732421875,170.5500030517578,290171
2023-06-29 18:30:00,170.52000427246094,171.68499755859375,170.44259643554688,171.6649932861328,500107
2023-06-29 19:30:00,171.64999389648438,172.25999450683594,171.26499938964844,172.05999755859375,460533
2023-06-30 13:30:00,174.24000549316406,174.99000549316406,173.8300018310547,174.93499755859375,466260
2023-06-30 14:30:00,174.97000122070312,175.08999633789062,173.77000427246094,174.0,386382
2023-06-30 15:30:00,174.02999877929688,174.02999877929688,173.3300018310547,173.72000122070312,337782
2023-06-30 16:30:00,173.72000122070312,174.19940185546875,173.69000244140625,173.99000549316406,194646
2023-06-30 17:30:00,173.97500610351562,174.44000244140625,173.94000244140625,174.39999389648438,382232
2023-06-30 18:30:00,174.40499877929688,174.9499969482422,174.32000732421875,174.8800048828125,269117
2023-06-30 19:30:00,174.89500427246094,175.00999450683594,174.08999633789062,174.08999633789062,518634
2023-07-03 13:30:00,174.3000030517578,174.89999389648438,173.6999969482422,174.7899932861328,238782
2023-07-03 14:30:00,174.7899932861328,175.6300048828125,174.5500030517578,175.60000610351562,210136
2023-07-03 15:30:00,175.6199951171875,176.3249969482422,175.6199951171875,176.06500244140625,193711
2023-07-05 13:30:00,174.3800048828125,175.27999877929688,174.0399932861328,174.69500732421875,285164
2023-07-05 14:30:00,174.75,176.19000244140625,174.60000610351562,176.10000610351562,402486
2023-07-05 15:30:00,176.10000610351562,176.42999267578125,175.66000366210938,175.8000030517578,152593
2023-07-05 16:30:00,175.8000030517578,176.00999450683594,175.3350067138672,176.00999450683594,172323
2023-07-05 17:30:00,176.00999450683594,176.57000732421875,175.61500549316406,175.88999938964844,251905
2023-07-05 18:30:00,175.89999389648438,176.28500366210938,175.89999389648438,176.16000366210938,229542
2023-07-05 19:30:00,176.1699981689453,176.1699981689453,175.4499969482422,175.63499450683594,481677
2023-07-06 13:30:00,171.74000549316406,172.30999755859375,168.75,168.9499969482422,681618
2023-07-06 14:30:00,168.94000244140625,169.1199951171875,168.22999572753906,169.00999450683594,353843
2023-07-06 15:30:00,169.00999450683594,170.11500549316406,169.0050048828125,170.11500549316406,212497
2023-07-06 16:30:00,170.14999389648438,170.86000061035156,169.9600067138672,170.56500244140625,165098
2023-07-06 17:30:00,170.58999633789062,171.08999633789062,170.5500030517578,170.71499633789062,164284
2023-07-06 18:30:00,170.72000122070312,171.5,170.72000122070312,171.16000366210938,226029
2023-07-06 19:30:00,171.1300048828125,171.16000366210938,170.57000732421875,170.94000244140625,458246
2023-07-07 13:30:00,169.1300048828125,170.875,168.67340087890625,169.22779846191406,515083
2023-07-07 14:30:00,169.1699981689453,170.0399932861328,168.67010498046875,169.82000732421875,322817
2023-07-07 15:30:00,169.77000427246094,170.8699951171875,169.75010681152344,170.8300018310547,198409
2023-07-07 16:30:00,170.85000610351562,171.57000732421875,170.82000732421875,171.30499267578125,138980
2023-07-07 17:30:00,171.28500366210938,171.35000610351562,170.69000244140625,171.33999633789062,123030
2023-07-07 18:30:00,171.30999755859375,171.36000061035156,170.8101043701172,170.875,107899
2023-07-07 19:30:00,170.85000610351562,171.02999877929688,169.75,169.83999633789062,347716
2023-07-10 13:30:00,169.86000061035156,170.81500244140625,169.4499969482422,169.97999572753906,292898
2023-07-10 14:30:00,170.07000732421875,170.2899932861328,169.4499969482422,170.19000244140625,184358
2023-07-10 15:30:00,170.16000366210938,170.39999389648438,169.75999450683594,170.3199005126953,103874
2023-07-10 16:30:00,170.32000732421875,171.00999450683594,170.25999450683594,171.00999450683594,144722
2023-07-10 17:30:00,171.0,171.3000030517578,170.67999267578125,171.27000427246094,162285
2023-07-10 18:30:00,171.27000427246094,171.50999450683594,171.13999938964844,171.42999267578125,179897
2023-07-10 19:30:00,171.4499969482422,171.8300018310547,171.30799865722656,171.8300018310547,396242
2023-07-11 13:30:00,172.5,175.38999938964844,172.32000732421875,175.0399932861328,481730
2023-07-11 14:30:00,175.0,175.17999267578125,174.13580322265625,174.19000244140625,234055
2023-07-11 15:30:00,174.19000244140625,175.14999389648438,174.0800018310547,174.7100067138672,191829
2023-07-11 16:30:00,174.74000549316406,175.49000549316406,174.47000122070312,175.47000122070312,190221
2023-07-11 17:30:00,175.47999572753906,175.5800018310547,175.01060485839844,175.3800048828125,158723
2023-07-11 18:30:00,175.3800048828125,175.42999267578125,174.66000366210938,174.74000549316406,214925
2023-07-11 19:30:00,174.7050018310547,175.25999450683594,174.47999572753906,174.63999938964844,380660
2023-07-12 13:30:00,177.0,177.3896942138672,176.0800018310547,177.1699981689453,411673
2023-07-12 14:30:00,177.27999877929688,177.91000366210938,176.4499969482422,176.47000122070312,329908
2023-07-12 15:30:00,176.42999267578125,176.66000366210938,175.32000732421875,175.5500030517578,194166
2023-07-12 16:30:00,175.6199951171875,175.92999267578125,175.4199981689453,175.47999572753906,123508
2023-07-12 17:30:00,175.47999572753906,175.72000122070312,175.19000244140625,175.25999450683594,154681
2023-07-12 18:30:00,175.1999969482422,175.32000732421875,174.3300018310547,174.38999938964844,210314
2023-07-12 19:30:00,174.39999389648438,174.6999969482422,174.30999755859375,174.4499969482422,349062
2023-07-13 13:30:00,175.4199981689453,176.10000610351562,175.25,175.72999572753906,257237
2023-07-13 14:30:00,175.75,176.0800018310547,175.0800018310547,175.0800018310547,149161
2023-07-13 15:30:00,175.11000061035156,175.1699981689453,174.19000244140625,174.2675018310547,240856
2023-07-13 16:30:00,174.22999572753906,174.86500549316406,174.14999389648438,174.5399932861328,152060
2023-07-13 17:30:00,174.50999450683594,174.55999755859375,174.16000366210938,174.3800048828125,123257
2023-07-13 18:30:00,174.36000061035156,174.4199981689453,173.90249633789062,174.28500366210938,214341
2023-07-13 19:30:00,174.27000427246094,174.65499877929688,174.19000244140625,174.22000122070312,503389
2023-07-14 13:30:00,175.36000061035156,175.66000366210938,173.39999389648438,173.39999389648438,249392
2023-07-14 14:30:00,173.4149932861328,173.5800018310547,172.63999938964844,172.9199981689453,196646
2023-07-14 15:30:00,172.85000610351562,173.32000732421875,172.52000427246094,173.06500244140625,152109
2023-07-14 16:30:00,173.02999877929688,173.39999389648438,173.00999450683594,173.36500549316406,92437
2023-07-14 17:30:00,173.41000366210938,173.51499938964844,173.0800018310547,173.11000061035156,97791
2023-07-14 18:30:00,173.1300048828125,173.7050018310547,173.00999450683594,173.4149932861328,192053
2023-07-14 19:30:00,173.42999267578125,173.75,173.13999938964844,173.50999450683594,388091
2023-07-17 13:30:00,172.94000244140625,175.2100067138672,172.8350067138672,175.10000610351562,234280
2023-07-17 14:30:00,175.05999755859375,175.84249877929688,174.85000610351562,175.52999877929688,184805
2023-07-17 15:30:00,175.50999450683594,175.92999267578125,175.27000427246094,175.8000030517578,124628
2023-07-17 16:30:00,175.77999877929688,176.25999450683594,175.69000244140625,176.10499572753906,124911
2023-07-17 17:30:00,176.08999633789062,176.08999633789062,175.2899932861328,175.8350067138672,135584
2023-07-17 18:30:00,175.8000030517578,176.10000610351562,175.33999633789062,175.91000366210938,140667
2023-07-17 19:30:00,175.8800048828125,176.25999450683594,175.33999633789062,175.38999938964844,396849
2023-07-18 13:30:00,175.19000244140625,176.57000732421875,174.42999267578125,176.02000427246094,300922
2023-07-18 14:30:00,176.06500244140625,177.41000366210938,175.8699951171875,177.36000061035156,247313
2023-07-18 15:30:00,177.36410522460938,177.4199981689453,176.33999633789062,177.25750732421875,337201
2023-07-18 16:30:00,177.24000549316406,177.5,177.02000427246094,177.2899932861328,193991
2023-07-18 17:30:00,177.27999877929688,178.07000732421875,177.27000427246094,178.0500030517578,267089
2023-07-18 18:30:00,178.02499389648438,178.44000244140625,177.6999969482422,178.27000427246094,228666
2023-07-18 19:30:00,178.27000427246094,178.33999633789062,177.85000610351562,178.0399932861328,598700
2023-07-19 13:30:00,178.25,178.72999572753906,177.75999450683594,178.72999572753906,341983
2023-07-19 14:30:00,178.74000549316406,178.78700256347656,176.94000244140625,177.27000427246094,468757
2023-07-19 15:30:00,177.2899932861328,177.6300048828125,176.88999938964844,176.9499969482422,283965
2023-07-19 16:30:00,176.94000244140625,177.1699981689453,176.30999755859375,176.64999389648438,218266
2023-07-19 17:30:00,176.63999938964844,176.86000061035156,176.33999633789062,176.4199981689453,239394
2023-07-19 18:30:00,176.4499969482422,177.55999755859375,176.42999267578125,177.4499969482422,274648
2023-07-19 19:30:00,177.41000366210938,177.4499969482422,176.9600067138672,177.1300048828125,421431
2023-07-20 13:30:00,174.6649932861328,175.8800048828125,174.0500030517578,175.30999755859375,809210
2023-07-20 14:30:00,175.2899932861328,176.52999877929688,175.22999572753906,175.44500732421875,511768
2023-07-20 15:30:00,175.55499267578125,176.25,175.1699981689453,176.1199951171875,396506
2023-07-20 16:30:00,176.16000366210938,176.9499969482422,175.69000244140625,176.86000061035156,320442
2023-07-20 17:30:00,176.83999633789062,177.1199951171875,176.38999938964844,176.61000061035156,308034
2023-07-20 18:30:00,176.6199951171875,176.9600067138672,176.6199951171875,176.75999450683594,310842
2023-07-20 19:30:00,176.72999572753906,177.22000122070312,176.27999877929688,177.0500030517578,680849
2023-07-21 13:30:00,172.5399932861328,173.33999633789062,167.42010498046875,168.65499877929688,3542903
2023-07-21 14:30:00,168.7100067138672,171.5500030517578,168.33999633789062,171.16000366210938,1337659
2023-07-21 15:30:00,171.17930603027344,171.4199981689453,170.1699981689453,170.91000366210938,724064
2023-07-21 16:30:00,170.8800048828125,171.7198944091797,170.82000732421875,171.6750030517578,728469
2023-07-21 17:30:00,171.66000366210938,171.8300018310547,170.74000549316406,170.85000610351562,547225
2023-07-21 18:30:00,170.88999938964844,171.3699951171875,170.1199951171875,170.47000122070312,588544
2023-07-21 19:30:00,170.52000427246094,170.97999572753906,170.11000061035156,170.22000122070312,893069
2023-07-24 13:30:00,167.58999633789062,169.0,167.02000427246094,168.2100067138672,1232427
2023-07-24 14:30:00,168.25999450683594,168.27999877929688,166.92999267578125,167.05999755859375,677688
2023-07-24 15:30:00,167.05999755859375,168.8800048828125,167.05999755859375,168.75,497941
2023-07-24 16:30:00,168.75,168.83999633789062,167.94000244140625,168.2100067138672,335252
2023-07-24 17:30:00,168.24000549316406,168.25,167.8300018310547,168.1300048828125,221844
2023-07-24 18:30:00,168.1199951171875,168.27999877929688,167.52000427246094,167.69500732421875,316907
2023-07-24 19:30:00,167.6999969482422,167.92999267578125,167.52000427246094,167.82000732421875,648338
2023-07-25 13:30:00,167.35000610351562,168.66000366210938,166.7100067138672,168.4600067138672,680636
2023-07-25 14:30:00,168.4600067138672,168.9499969482422,167.82000732421875,168.0,370076
2023-07-25 15:30:00,168.02499389648438,168.02499389648438,167.16000366210938,167.44000244140625,271591
2023-07-25 16:30:00,167.44000244140625,167.83999633789062,167.27999877929688,167.65499877929688,255000
2023-07-25 17:30:00,167.66000366210938,167.83999633789062,167.0800018310547,167.16000366210938,248888
2023-07-25 18:30:00,167.19000244140625,167.27999877929688,166.5399932861328,166.8300018310547,353072
2023-07-25 19:30:00,166.82000732421875,167.1300048828125,166.4199981689453,166.47000122070312,449948
2023-07-26 13:30:00,166.1699981689453,168.22000122070312,166.0601043701172,166.5399932861328,375659
2023-07-26 14:30:00,166.5399932861328,166.9149932861328,166.16000366210938,166.72999572753906,235693
2023-07-26 15:30:00,166.7100067138672,167.26499938964844,166.52999877929688,167.05499267578125,173104
2023-07-26 16:30:00,167.0399932861328,167.36000061035156,166.77000427246094,167.32000732421875,161313
2023-07-26 17:30:00,167.32000732421875,167.55999755859375,167.00999450683594,167.52999877929688,186370
2023-07-26 18:30:00,167.50999450683594,168.42999267578125,167.02999877929688,167.22000122070312,362800
2023-07-26 19:30:00,167.21499633789062,167.80999755859375,166.9250030517578,167.77000427246094,357020
2023-07-27 13:30:00,168.52999877929688,168.5399932861328,167.14999389648438,167.58999633789062,567103
2023-07-27 14:30:00,167.55999755859375,167.7100067138672,166.27000427246094,166.3300018310547,407796
2023-07-27 15:30:00,166.36000061035156,166.44000244140625,165.86000061035156,166.0800018310547,361907
2023-07-27 16:30:00,166.09500122070312,166.25,165.56759643554688,165.58999633789062,355839
2023-07-27 17:30:00,165.57000732421875,165.72999572753906,164.25,164.3300018310547,479140
2023-07-27 18:30:00,164.36500549316406,164.52000427246094,163.78500366210938,163.89999389648438,476495
2023-07-27 19:30:00,163.91000366210938,164.2100067138672,163.1699981689453,163.5800018310547,726782
2023-07-28 13:30:00,165.2899932861328,166.1999969482422,165.1999969482422,165.5605010986328,440500
2023-07-28 14:30:00,165.5399932861328,166.35000610351562,165.5399932861328,166.25340270996094,369515
2023-07-28 15:30:00,166.25,166.5800018310547,165.85000610351562,166.3699951171875,292314
2023-07-28 16:30:00,166.3699951171875,166.47999572753906,165.6699981689453,165.6699981689453,286919
2023-07-28 17:30:00,165.6699981689453,165.72999572753906,164.63999938964844,165.22000122070312,232565
2023-07-28 18:30:00,165.25999450683594,165.6999969482422,164.99000549316406,165.5500030517578,366918
2023-07-28 19:30:00,165.52000427246094,165.74000549316406,165.0,165.41000366210938,488156
2023-07-31 13:30:00,166.50999450683594,168.67999267578125,166.50999450683594,168.25999450683594,557107
2023-07-31 14:30:00,168.27999877929688,168.67999267578125,168.1790008544922,168.63059997558594,325316
2023-07-31 15:30:00,168.66000366210938,168.6750030517578,167.91000366210938,167.93499755859375,180254
2023-07-31 16:30:00,167.93499755859375,168.5,167.83999633789062,168.33999633789062,171584
2023-07-31 17:30:00,168.35499572753906,168.60499572753906,168.22000122070312,168.34019470214844,217958
2023-07-31 18:30:00,168.36000061035156,168.8800048828125,168.30999755859375,168.8699951171875,285283
2023-07-31 19:30:00,168.89999389648438,168.99000549316406,168.50999450683594,168.9199981689453,613402
2023-08-01 13:30:00,167.9499969482422,169.0,167.25999450683594,168.86529541015625,446878
2023-08-01 14:30:00,168.8300018310547,169.0399932861328,167.8699951171875,167.99000549316406,255998
2023-08-01 15:30:00,167.99000549316406,168.42999267578125,167.8000030517578,168.32000732421875,180054
2023-08-01 16:30:00,168.3300018310547,168.69000244140625,168.22000122070312,168.60499572753906,134335
2023-08-01 17:30:00,168.6199951171875,169.1699981689453,168.41000366210938,168.96499633789062,181680
2023-08-01 18:30:00,168.9600067138672,169.8000030517578,168.5800018310547,169.67999267578125,338730
2023-08-01 19:30:00,169.6999969482422,169.80499267578125,169.32000732421875,169.64999389648438,405737
2023-08-02 13:30:00,167.27999877929688,167.75,166.3699951171875,166.63999938964844,399805
2023-08-02 14:30:00,166.6300048828125,166.89500427246094,166.05999755859375,166.5800018310547,283409
2023-08-02 15:30:00,166.57000732421875,166.7899932861328,166.0449981689453,166.25999450683594,204404
2023-08-02 16:30:00,166.3000030517578,166.8300018310547,166.256103515625,166.77999877929688,154102
2023-08-02 17:30:00,166.7949981689453,167.0749969482422,166.72999572753906,166.86000061035156,137383
2023-08-02 18:30:00,166.85499572753906,167.02000427246094,166.5,166.52000427246094,207117
2023-08-02 19:30:00,166.52499389648438,166.9250030517578,166.4199981689453,166.75,378802
2023-08-03 13:30:00,165.83999633789062,166.0,165.02999877929688,165.3000030517578,293389
2023-08-03 14:30:00,165.25999450683594,165.83999633789062,165.11000061035156,165.72999572753906,196820
2023-08-03 15:30:00,165.72999572753906,166.08999633789062,165.60000610351562,165.89999389648438,157085
2023-08-03 16:30:00,165.9199981689453,166.60000610351562,165.875,166.5,133507
2023-08-03 17:30:00,166.5399932861328,166.61000061035156,166.2899932861328,166.50999450683594,128693
2023-08-03 18:30:00,166.50999450683594,166.66000366210938,166.13999938964844,166.3800048828125,151542
2023-08-03 19:30:00,166.36500549316406,166.66000366210938,166.19500732421875,166.3800048828125,310166
2023-08-04 13:30:00,166.27000427246094,166.9499969482422,165.66000366210938,166.85000610351562,275306
2023-08-04 14:30:00,166.85000610351562,167.49000549316406,166.85000610351562,167.3699951171875,229180
2023-08-04 15:30:00,167.44000244140625,167.77000427246094,167.2100067138672,167.66000366210938,257120
2023-08-04 16:30:00,167.7100067138672,168.10000610351562,167.52000427246094,167.6199951171875,183365
2023-08-04 17:30:00,167.6300048828125,167.8300018310547,166.0,166.1750030517578,198676
2023-08-04 18:30:00,166.1999969482422,166.1999969482422,165.1510009765625,165.36000061035156,251343
2023-08-04 19:30:00,165.3699951171875,165.5050048828125,165.05999755859375,165.42999267578125,385137
2023-08-07 13:30:00,166.85000610351562,167.3300018310547,166.30999755859375,166.6999969482422,253969
2023-08-07 14:30:00,166.6699981689453,166.85000610351562,166.18499755859375,166.36500549316406,220808
2023-08-07 15:30:00,166.35000610351562,166.82000732421875,166.13999938964844,166.72000122070312,194629
2023-08-07 16:30:00,166.72000122070312,167.0500030517578,166.6199951171875,166.89500427246094,143632
2023-08-07 17:30:00,166.91000366210938,167.2899932861328,166.91000366210938,166.99000549316406,137942
2023-08-07 18:30:00,166.98500061035156,167.16000366210938,166.63999938964844,166.6999969482422,141522
2023-08-07 19:30:00,166.69000244140625,167.0500030517578,166.64999389648438,166.97000122070312,282168
2023-08-08 13:30:00,164.89999389648438,164.90499877929688,163.64999389648438,164.00999450683594,367978
2023-08-08 14:30:00,164.00999450683594,164.39999389648438,163.5850067138672,164.38999938964844,214815
2023-08-08 15:30:00,164.33999633789062,164.66000366210938,164.13999938964844,164.6199951171875,280373
2023-08-08 16:30:00,164.6300048828125,165.1999053955078,164.52000427246094,165.03500366210938,152261
2023-08-08 17:30:00,165.08999633789062,165.49989318847656,164.80999755859375,165.3800048828125,159203
2023-08-08 18:30:00,165.39500427246094,165.78500366210938,165.13999938964844,165.72000122070312,209506
2023-08-08 19:30:00,165.72000122070312,165.99000549316406,165.41000366210938,165.85000610351562,320903
2023-08-09 13:30:00,165.72000122070312,166.2899932861328,164.8800048828125,165.22000122070312,361751
2023-08-09 14:30:00,165.22000122070312,165.74000549316406,164.11000061035156,164.24920654296875,233961
2023-08-09 15:30:00,164.2100067138672,164.3699951171875,163.5,164.0800018310547,211069
2023-08-09 16:30:00,164.0500030517578,164.71499633789062,163.99000549316406,164.5449981689453,120761
2023-08-09 17:30:00,164.58999633789062,165.27999877929688,164.58999633789062,165.11000061035156,151427
2023-08-09 18:30:00,165.1199951171875,165.3000030517578,164.77999877929688,164.8249969482422,190076
2023-08-09 19:30:00,164.8000030517578,164.8350067138672,163.6300048828125,163.82000732421875,495617
2023-08-10 13:30:00,164.7100067138672,166.5,164.2899932861328,165.66000366210938,473245
2023-08-10 14:30:00,165.6697998046875,165.70599365234375,164.64999389648438,165.1300048828125,234436
2023-08-10 15:30:00,165.2100067138672,165.38499450683594,164.0,164.27999877929688,294761
2023-08-10 16:30:00,164.3090057373047,164.50869750976562,163.40499877929688,163.4600067138672,227146
2023-08-10 17:30:00,163.4600067138672,163.77999877929688,162.72000122070312,163.6199951171875,322381
2023-08-10 18:30:00,163.64999389648438,164.1300048828125,163.32000732421875,163.42999267578125,286775
2023-08-10 19:30:00,163.4199981689453,163.6199951171875,162.89999389648438,163.5399932861328,357411
2023-08-11 13:30:00,162.6699981689453,164.61000061035156,162.60000610351562,164.49000549316406,316987
2023-08-11 14:30:00,164.52000427246094,165.4199981689453,164.4949951171875,164.5800018310547,245563
2023-08-11 15:30:00,164.55999755859375,165.1699981689453,164.55999755859375,164.8249969482422,180871
2023-08-11 16:30:00,164.85000610351562,165.02000427246094,164.4600067138672,165.00999450683594,161351
2023-08-11 17:30:00,164.99000549316406,165.4600067138672,164.50999450683594,165.3699951171875,217398
2023-08-11 18:30:00,165.4279022216797,165.6779022216797,165.17999267578125,165.52499389648438,243829
2023-08-11 19:30:00,165.5,165.77999877929688,165.0399932861328,165.32000732421875,309575
2023-08-14 13:30:00,164.6300048828125,165.14999389648438,163.77000427246094,165.10000610351562,310369
2023-08-14 14:30:00,165.10000610351562,166.02000427246094,165.00999450683594,165.89999389648438,245511
2023-08-14 15:30:00,165.92999267578125,166.2050018310547,165.64999389648438,166.0,172766
2023-08-14 16:30:00,166.0399932861328,166.48370361328125,165.87069702148438,166.3300018310547,177616
2023-08-14 17:30:00,166.33009338378906,166.39999389648438,165.7899932861328,166.0399932861328,183292
2023-08-14 18:30:00,166.02999877929688,166.0399932861328,165.6300048828125,165.69000244140625,176054
2023-08-14 19:30:00,165.69000244140625,166.14999389648438,165.55999755859375,166.1199951171875,259561
2023-08-15 13:30:00,164.38999938964844,164.8105010986328,162.80999755859375,162.89500427246094,456434
2023-08-15 14:30:00,162.89500427246094,163.00999450683594,162.1999969482422,162.42999267578125,263273
2023-08-15 15:30:00,162.42999267578125,162.97000122070312,162.13999938964844,162.2949981689453,197237
2023-08-15 16:30:00,162.2899932861328,162.57000732421875,161.9499969482422,162.4199981689453,155687
2023-08-15 17:30:00,162.39999389648438,162.52000427246094,162.0399932861328,162.22000122070312,188952
2023-08-15 18:30:00,162.22999572753906,162.52999877929688,161.92999267578125,161.92999267578125,247588
2023-08-15 19:30:00,161.8800048828125,162.30999755859375,161.6999969482422,161.92999267578125,503676
2023-08-16 13:30:00,161.27000427246094,162.9600067138672,161.002197265625,162.0,282845
2023-08-16 14:30:00,161.97000122070312,162.14999389648438,161.5800018310547,161.74000549316406,155196
2023-08-16 15:30:00,161.72999572753906,161.83999633789062,161.1999969482422,161.25999450683594,148821
2023-08-16 16:30:00,161.25999450683594,161.5500030517578,160.86000061035156,160.99000549316406,164753
2023-08-16 17:30:00,161.01499938964844,161.8300018310547,160.83999633789062,161.64500427246094,184116
2023-08-16 18:30:00,161.66000366210938,161.7899932861328,160.67999267578125,160.72000122070312,240801
2023-08-16 19:30:00,160.74000549316406,161.2100067138672,160.63999938964844,160.75999450683594,385389
2023-08-17 13:30:00,162.0749969482422,162.6060028076172,161.63999938964844,162.35000610351562,309676
2023-08-17 14:30:00,162.33999633789062,162.33999633789062,161.55999755859375,161.60000610351562,235955
2023-08-17 15:30:00,161.63999938964844,162.30999755859375,161.52000427246094,162.1999969482422,167495
2023-08-17 16:30:00,162.17999267578125,162.22000122070312,161.91000366210938,162.00999450683594,205924
2023-08-17 17:30:00,162.0,162.17999267578125,161.4199981689453,161.72000122070312,274640
2023-08-17 18:30:00,161.6999969482422,161.6999969482422,160.3800048828125,160.75,244297
2023-08-17 19:30:00,160.7449951171875,161.08999633789062,160.49000549316406,160.52999877929688,353043
2023-08-18 13:30:00,159.22999572753906,160.3300018310547,158.94000244140625,159.55999755859375,373484
2023-08-18 14:30:00,159.5399932861328,160.8000030517578,159.50999450683594,160.57000732421875,225051
2023-08-18 15:30:00,160.5800018310547,160.75,160.0,160.05999755859375,218493
2023-08-18 16:30:00,160.0500030517578,160.39999389648438,160.0,160.25,184749
2023-08-18 17:30:00,160.25,160.49000549316406,159.8000030517578,160.22999572753906,180647
2023-08-18 18:30:00,160.22999572753906,160.39300537109375,159.80259704589844,160.1300048828125,205446
2023-08-18 19:30:00,160.10000610351562,160.69000244140625,160.01499938964844,160.2899932861328,385400
2023-08-21 13:30:00,160.8800048828125,161.64649963378906,160.69000244140625,160.84500122070312,331400
2023-08-21 14:30:00,160.83999633789062,161.12550354003906,160.5,160.6999969482422,213742
2023-08-21 15:30:00,160.6999969482422,160.82000732421875,160.0800018310547,160.52999877929688,229097
2023-08-21 16:30:00,160.5399932861328,160.8000030517578,160.27000427246094,160.8000030517578,138187
2023-08-21 17:30:00,160.82000732421875,161.11000061035156,160.6300048828125,160.6750030517578,135088
2023-08-21 18:30:00,160.7100067138672,161.38999938964844,160.64999389648438,161.27000427246094,199742
2023-08-21 19:30:00,161.27999877929688,161.5,160.77999877929688,160.92999267578125,328634
2023-08-22 13:30:00,160.75999450683594,161.25999450683594,159.77000427246094,159.80999755859375,290028
2023-08-22 14:30:00,159.83999633789062,159.9499969482422,159.30999755859375,159.80999755859375,170723
2023-08-22 15:30:00,159.80999755859375,160.05999755859375,159.1999969482422,159.44000244140625,173269
2023-08-22 16:30:00,159.4499969482422,159.5500030517578,158.75,159.1199951171875,161877
2023-08-22 17:30:00,159.0800018310547,159.1300048828125,158.6999969482422,159.11000061035156,145172
2023-08-22 18:30:00,159.11000061035156,159.69000244140625,159.02999877929688,159.31500244140625,251875
2023-08-22 19:30:00,159.31500244140625,159.31500244140625,158.61000061035156,159.0800018310547,479475
2023-08-23 13:30:00,159.3300018310547,160.0800018310547,159.00999450683594,159.0500030517578,316186
2023-08-23 14:30:00,159.0449981689453,159.24000549316406,158.6999969482422,159.08999633789062,240204
2023-08-23 15:30:00,159.0749969482422,159.30499267578125,158.9499969482422,159.07000732421875,189538
2023-08-23 16:30:00,159.08999633789062,159.69000244140625,159.0592041015625,159.63999938964844,173023
2023-08-23 17:30:00,159.64999389648438,159.75999450683594,159.27000427246094,159.3800048828125,158500
2023-08-23 18:30:00,159.3800048828125,159.61000061035156,159.17999267578125,159.52499389648438,208686
2023-08-23 19:30:00,159.52000427246094,159.75999450683594,159.1999969482422,159.4600067138672,329213
2023-08-24 13:30:00,159.00999450683594,161.4199981689453,159.00999450683594,159.88999938964844,332780
2023-08-24 14:30:00,159.9199981689453,160.10789489746094,159.00999450683594,159.25999450683594,285480
2023-08-24 15:30:00,159.24000549316406,159.24000549316406,158.64999389648438,159.01499938964844,197114
2023-08-24 16:30:00,158.99000549316406,159.2899932861328,158.60000610351562,158.65130615234375,156288
2023-08-24 17:30:00,158.5800018310547,158.9499969482422,158.39999389648438,158.5800018310547,160794
2023-08-24 18:30:00,158.57000732421875,158.72000122070312,158.19500732421875,158.57000732421875,288761
2023-08-24 19:30:00,158.5800018310547,158.66000366210938,157.74000549316406,157.75999450683594,492594
2023-08-25 13:30:00,158.44000244140625,159.63999938964844,158.0670928955078,158.2899932861328,332492
2023-08-25 14:30:00,158.27999877929688,158.86000061035156,157.41000366210938,158.7899932861328,243193
2023-08-25 15:30:00,158.7899932861328,159.05999755859375,158.25,158.7899932861328,185508
2023-08-25 16:30:00,158.85000610351562,158.92999267578125,157.32940673828125,157.4949951171875,791225
2023-08-25 17:30:00,157.5,158.7949981689453,157.4199981689453,158.75999450683594,417634
2023-08-25 18:30:00,158.8000030517578,159.24000549316406,158.5,158.67999267578125,227048
2023-08-25 19:30:00,158.6999969482422,158.85000610351562,158.07000732421875,158.25999450683594,363717
2023-08-28 13:30:00,158.97999572753906,160.89999389648438,158.75999450683594,160.8300018310547,311024
2023-08-28 14:30:00,160.8699951171875,160.91000366210938,159.74000549316406,159.8699951171875,209775
2023-08-28 15:30:00,159.8800048828125,160.06399536132812,159.42999267578125,159.5800018310547,215940
2023-08-28 16:30:00,159.56500244140625,160.35000610351562,159.5,160.14999389648438,143919
2023-08-28 17:30:00,160.1699981689453,160.21499633789062,159.32000732421875,159.39999389648438,205399
2023-08-28 18:30:00,159.42999267578125,159.80909729003906,159.33999633789062,159.5500030517578,228539
2023-08-28 19:30:00,159.5500030517578,159.85499572753906,158.97999572753906,159.19000244140625,856067
2023-08-29 13:30:00,158.33999633789062,159.72999572753906,158.3000030517578,159.36500549316406,299630
2023-08-29 14:30:00,159.38999938964844,159.80250549316406,159.02499389648438,159.77999877929688,322276
2023-08-29 15:30:00,159.80999755859375,160.74000549316406,159.80499267578125,160.69500732421875,174453
2023-08-29 16:30:00,160.7100067138672,160.7100067138672,160.26089477539062,160.60000610351562,130318
2023-08-29 17:30:00,160.61000061035156,160.7899932861328,160.36000061035156,160.42999267578125,167693
2023-08-29 18:30:00,160.42999267578125,160.57000732421875,160.07000732421875,160.3800048828125,235310
2023-08-29 19:30:00,160.3800048828125,160.75999450683594,160.1999969482422,160.3000030517578,460366
2023-08-30 13:30:00,160.27000427246094,161.86000061035156,160.1199951171875,160.55810546875,534449
2023-08-30 14:30:00,160.5749969482422,160.8800048828125,160.5,160.77499389648438,215147
2023-08-30 15:30:00,160.8300018310547,160.92999267578125,160.4600067138672,160.6699981689453,358328
2023-08-30 16:30:00,160.69500732421875,160.8699951171875,160.5,160.69000244140625,280806
2023-08-30 17:30:00,160.69000244140625,160.94000244140625,160.14999389648438,160.22999572753906,237078
2023-08-30 18:30:00,160.24000549316406,160.63999938964844,160.2100067138672,160.25999450683594,258224
2023-08-30 19:30:00,160.26499938964844,160.47999572753906,160.1300048828125,160.19000244140625,546975
2023-08-31 13:30:00,160.66000366210938,160.9355010986328,159.16000366210938,159.4324951171875,548746
2023-08-31 14:30:00,159.44500732421875,160.0,159.22999572753906,159.44500732421875,285032
2023-08-31 15:30:00,159.4199981689453,159.4250030517578,158.82000732421875,159.0,285881
2023-08-31 16:30:00,159.0,159.03500366210938,158.4600067138672,158.86500549316406,160158
2023-08-31 17:30:00,158.89999389648438,159.0,158.5399932861328,158.72999572753906,267949
2023-08-31 18:30:00,158.72999572753906,158.72999572753906,157.74000549316406,157.85000610351562,341130
2023-08-31 19:30:00,157.86000061035156,158.2100067138672,157.76499938964844,157.89999389648438,712384
2023-09-01 13:30:00,159.07000732421875,160.16000366210938,158.76499938964844,159.69000244140625,410459
2023-09-01 14:30:00,159.69000244140625,159.7050018310547,159.00999450683594,159.13999938964844,240047
2023-09-01 15:30:00,159.1699981689453,159.25,158.7100067138672,158.9600067138672,202873
2023-09-01 16:30:00,158.96499633789062,159.8800048828125,158.77000427246094,159.49000549316406,219668
2023-09-01 17:30:00,159.5,159.55499267578125,159.16000366210938,159.33999633789062,150420
2023-09-01 18:30:00,159.3300018310547,159.94000244140625,159.16000366210938,159.8000030517578,172875
2023-09-01 19:30:00,159.8249969482422,159.91220092773438,159.55999755859375,159.66000366210938,383746
2023-09-05 13:30:00,160.11000061035156,161.86000061035156,159.6199951171875,160.2550048828125,1138344
2023-09-05 14:30:00,160.27999877929688,160.3300018310547,159.69000244140625,159.99000549316406,372197
2023-09-05 15:30:00,159.9499969482422,159.99000549316406,159.36000061035156,159.61000061035156,267800
2023-09-05 16:30:00,159.60499572753906,160.0,159.35000610351562,159.72000122070312,243346
2023-09-05 17:30:00,159.72000122070312,160.55999755859375,159.63999938964844,160.38499450683594,572664
2023-09-05 18:30:00,160.38999938964844,160.39999389648438,159.9550018310547,160.22000122070312,305459
2023-09-05 19:30:00,160.22000122070312,160.57000732421875,159.8000030517578,160.0,755125
2023-09-06 13:30:00,159.07000732421875,159.83999633789062,158.86500549316406,159.10000610351562,390747
2023-09-06 14:30:00,159.1300048828125,159.20989990234375,158.13999938964844,158.25999450683594,247788
2023-09-06 15:30:00,158.22999572753906,158.2899932861328,157.41000366210938,157.4600067138672,260719
2023-09-06 16:30:00,157.44000244140625,157.60000610351562,156.86000061035156,157.4499969482422,308455
2023-09-06 17:30:00,157.4199981689453,158.17999267578125,157.3800048828125,158.125,356955
2023-09-06 18:30:00,158.1750030517578,158.39999389648438,157.94000244140625,158.1699981689453,360006
2023-09-06 19:30:00,158.17999267578125,158.33999633789062,157.8300018310547,158.02000427246094,592733
2023-09-07 13:30:00,157.25999450683594,157.6300048828125,156.07000732421875,156.33999633789062,588184
2023-09-07 14:30:00,156.3300018310547,156.875,156.2899932861328,156.5399932861328,250752
2023-09-07 15:30:00,156.5399932861328,156.97000122070312,156.20750427246094,156.77000427246094,264368
2023-09-07 16:30:00,156.7949981689453,157.0500030517578,156.52999877929688,157.0050048828125,194399
2023-09-07 17:30:00,157.00999450683594,157.0500030517578,156.6300048828125,156.6649932861328,211880
2023-09-07 18:30:00,156.63999938964844,156.91000366210938,156.5,156.88870239257812,271148
2023-09-07 19:30:00,156.8699951171875,157.1699981689453,156.69500732421875,156.75999450683594,417009
2023-09-08 13:30:00,157.02000427246094,157.72000122070312,156.72000122070312,157.5399932861328,318608
2023-09-08 14:30:00,157.5500030517578,157.7899932861328,157.33999633789062,157.52999877929688,204912
2023-09-08 15:30:00,157.50999450683594,157.6999969482422,157.05999755859375,157.52999877929688,170634
2023-09-08 16:30:00,157.52499389648438,157.72999572753906,157.25,157.49159240722656,157465
2023-09-08 17:30:00,157.4949951171875,157.68499755859375,157.30999755859375,157.38999938964844,181920
2023-09-08 18:30:00,157.3699951171875,157.5399932861328,157.27000427246094,157.33999633789062,204705
2023-09-08 19:30:00,157.36000061035156,157.5050048828125,157.25,157.44000244140625,370119
2023-09-11 13:30:00,158.3699951171875,159.16000366210938,158.11000061035156,158.8699951171875,329608
2023-09-11 14:30:00,158.83580017089844,158.84500122070312,157.60000610351562,157.7899932861328,210604
2023-09-11 15:30:00,157.77999877929688,158.10000610351562,157.39700317382812,158.02999877929688,192992
2023-09-11 16:30:00,158.0500030517578,158.30320739746094,158.00999450683594,158.24000549316406,142709
2023-09-11 17:30:00,158.27000427246094,158.3699951171875,157.92999267578125,158.05999755859375,227255
2023-09-11 18:30:00,158.0399932861328,158.27999877929688,157.9600067138672,158.25,266502
2023-09-11 19:30:00,158.22999572753906,158.24000549316406,157.5800018310547,157.83999633789062,598189
2023-09-12 13:30:00,157.64999389648438,158.38999938964844,157.4499969482422,157.91000366210938,342966
2023-09-12 14:30:00,157.83999633789062,158.39999389648438,157.69000244140625,158.39999389648438,316086
2023-09-12 15:30:00,158.3800048828125,159.05999755859375,158.3699951171875,158.94000244140625,313987
2023-09-12 16:30:00,158.92999267578125,159.72000122070312,158.83999633789062,159.55999755859375,192129
2023-09-12 17:30:00,159.55999755859375,159.6999969482422,159.11500549316406,159.17999267578125,200356
2023-09-12 18:30:00,159.1999969482422,159.2198944091797,158.4149932861328,158.52000427246094,311455
2023-09-12 19:30:00,158.52999877929688,158.69000244140625,158.41000366210938,158.5,567819
2023-09-13 13:30:00,159.33999633789062,160.39999389648438,158.6699981689453,160.38999938964844,467476
2023-09-13 14:30:00,160.3800048828125,160.6999969482422,159.1999969482422,159.1999969482422,380710
2023-09-13 15:30:00,159.24000549316406,160.5399932861328,159.22000122070312,160.35499572753906,439359
2023-09-13 16:30:00,160.3800048828125,160.47320556640625,159.1699981689453,159.52999877929688,307857
2023-09-13 17:30:00,159.55999755859375,159.6999969482422,159.0500030517578,159.25999450683594,198919
2023-09-13 18:30:00,159.27999877929688,159.3800048828125,158.6199951171875,158.86000061035156,240408
2023-09-13 19:30:00,158.8800048828125,159.2100067138672,158.6699981689453,159.1699981689453,514219
2023-09-14 13:30:00,160.57000732421875,161.25,160.0,160.3699951171875,448461
2023-09-14 14:30:00,160.5,161.25999450683594,160.4949951171875,160.8560028076172,265571
2023-09-14 15:30:00,160.84500122070312,161.44000244140625,160.74000549316406,161.43499755859375,202032
2023-09-14 16:30:00,161.4425048828125,161.63999938964844,161.3699951171875,161.52000427246094,205642
2023-09-14 17:30:00,161.52999877929688,161.67999267578125,160.86000061035156,161.3000030517578,271037
2023-09-14 18:30:00,161.3300018310547,161.54949951171875,161.16090393066406,161.38999938964844,344060
2023-09-14 19:30:00,161.38499450683594,161.9600067138672,161.22999572753906,161.75999450683594,779038
2023-09-15 13:30:00,162.02999877929688,163.7899932861328,161.81500244140625,163.57000732421875,1239713
2023-09-15 14:30:00,163.5,164.05999755859375,162.6300048828125,163.00999450683594,546071
2023-09-15 15:30:00,163.00999450683594,163.3341064453125,162.72000122070312,163.06410217285156,205468
2023-09-15 16:30:00,163.10000610351562,163.36000061035156,163.02000427246094,163.36000061035156,316311
2023-09-15 17:30:00,163.33999633789062,163.97999572753906,163.1199951171875,163.625,276247
2023-09-15 18:30:00,163.61500549316406,163.9499969482422,163.57000732421875,163.74000549316406,403433
2023-09-15 19:30:00,163.74000549316406,164.3300018310547,163.67999267578125,163.7899932861328,776864
2023-09-18 13:30:00,163.7899932861328,163.9499969482422,160.91000366210938,161.07000732421875,394952
2023-09-18 14:30:00,161.0399932861328,161.5,160.92999267578125,161.08999633789062,204390
2023-09-18 15:30:00,161.07000732421875,161.4499969482422,160.97000122070312,161.00999450683594,166465
2023-09-18 16:30:00,161.0399932861328,161.13499450683594,160.27000427246094,160.3000030517578,287357
2023-09-18 17:30:00,160.30999755859375,160.49000549316406,159.64999389648438,159.69000244140625,202261
2023-09-18 18:30:00,159.6999969482422,160.05999755859375,159.5800018310547,159.7100067138672,228300
2023-09-18 19:30:00,159.73719787597656,159.74000549316406,159.35000610351562,159.6199951171875,455961
2023-09-19 13:30:00,159.0500030517578,159.27999877929688,158.5800018310547,158.7449951171875,299401
2023-09-19 14:30:00,158.75999450683594,158.9600067138672,158.4499969482422,158.8000030517578,185741
2023-09-19 15:30:00,158.8000030517578,159.15499877929688,158.63099670410156,158.85000610351562,142100
2023-09-19 16:30:00,158.80999755859375,158.99000549316406,158.4600067138672,158.97500610351562,130142
2023-09-19 17:30:00,159.0,159.5399932861328,158.9149932861328,159.3000030517578,145229
2023-09-19 18:30:00,159.27999877929688,159.86500549316406,159.22000122070312,159.42999267578125,178886
2023-09-19 19:30:00,159.4250030517578,159.71499633789062,159.1699981689453,159.35000610351562,399881
2023-09-20 13:30:00,160.0,160.1999969482422,159.3300018310547,159.72000122070312,214587
2023-09-20 14:30:00,159.7550048828125,159.94000244140625,159.4199981689453,159.6999969482422,132216
2023-09-20 15:30:00,159.6699981689453,159.89999389648438,159.39999389648438,159.6699981689453,125369
2023-09-20 16:30:00,159.67999267578125,159.85000610351562,159.4499969482422,159.625,146293
2023-09-20 17:30:00,159.60000610351562,159.77000427246094,158.64999389648438,159.03500366210938,126862
2023-09-20 18:30:00,158.94000244140625,159.3300018310547,157.60000610351562,157.8800048828125,245871
2023-09-20 19:30:00,157.88999938964844,157.88999938964844,156.8800048828125,157.2100067138672,431347
2023-09-21 13:30:00,155.8300018310547,156.86500549316406,155.10000610351562,156.2899932861328,352617
2023-09-21 14:30:00,156.30999755859375,156.48500061035156,155.6300048828125,155.83999633789062,190357
2023-09-21 15:30:00,155.85000610351562,156.2899932861328,155.43499755859375,155.57000732421875,178812
2023-09-21 16:30:00,155.58999633789062,155.80999755859375,155.0800018310547,155.5399932861328,177129
2023-09-21 17:30:00,155.52000427246094,155.69000244140625,155.25,155.26499938964844,162770
2023-09-21 18:30:00,155.25,155.3699951171875,154.5800018310547,154.66000366210938,312479
2023-09-21 19:30:00,154.66000366210938,154.9199981689453,154.44000244140625,154.6999969482422,619400
2023-09-22 13:30:00,155.0,155.0399932861328,152.9199981689453,153.6300048828125,385504
2023-09-22 14:30:00,153.6300048828125,154.1300048828125,153.42999267578125,154.11000061035156,288424
2023-09-22 15:30:00,154.11000061035156,154.60000610351562,153.63999938964844,153.7440948486328,188959
2023-09-22 16:30:00,153.75,154.2100067138672,153.55999755859375,153.7899932861328,182705
2023-09-22 17:30:00,153.75999450683594,153.80999755859375,153.1649932861328,153.19000244140625,168857
2023-09-22 18:30:00,153.14999389648438,153.86000061035156,153.0399932861328,153.64999389648438,199232
2023-09-22 19:30:00,153.66000366210938,153.72999572753906,153.02000427246094,153.14999389648438,438527
2023-09-25 13:30:00,152.2100067138672,152.97999572753906,152.0399932861328,152.35000610351562,337819
2023-09-25 14:30:00,152.32000732421875,152.77000427246094,151.75039672851562,152.5,258140
2023-09-25 15:30:00,152.52000427246094,152.85000610351562,152.3800048828125,152.64999389648438,182294
2023-09-25 16:30:00,152.6300048828125,152.64999389648438,152.00999450683594,152.12950134277344,259557
2023-09-25 17:30:00,152.07000732421875,152.55999755859375,151.83999633789062,152.3300018310547,183747
2023-09-25 18:30:00,152.32000732421875,152.47129821777344,151.7906951904297,152.35899353027344,223169
2023-09-25 19:30:00,152.33999633789062,153.30999755859375,152.2899932861328,153.22999572753906,521127
2023-09-26 13:30:00,151.75,152.9600067138672,151.6199951171875,151.86000061035156,220827
2023-09-26 14:30:00,151.7899932861328,152.04429626464844,151.13499450683594,151.13499450683594,185716
2023-09-26 15:30:00,151.06500244140625,151.35000610351562,150.90789794921875,151.22999572753906,155550
2023-09-26 16:30:00,151.19000244140625,151.59500122070312,151.1199951171875,151.19000244140625,219839
2023-09-26 17:30:00,151.16000366210938,151.3000030517578,150.25999450683594,150.2949981689453,268475
2023-09-26 18:30:00,150.27999877929688,151.02999877929688,150.16000366210938,150.99249267578125,308003
2023-09-26 19:30:00,151.0,151.4600067138672,150.97000122070312,151.10000610351562,427488
2023-09-27 13:30:00,151.5,151.5,149.80999755859375,150.86000061035156,558134
2023-09-27 14:30:00,150.82000732421875,150.8699951171875,150.1199951171875,150.5366973876953,176512
2023-09-27 15:30:00,150.57000732421875,150.7899932861328,149.69500732421875,149.8350067138672,158479
2023-09-27 16:30:00,149.83999633789062,150.1029052734375,149.21600341796875,149.30999755859375,206686
2023-09-27 17:30:00,149.27000427246094,149.66000366210938,148.97000122070312,149.6199951171875,251721
2023-09-27 18:30:00,149.69000244140625,150.27000427246094,149.69000244140625,149.8800048828125,638230
2023-09-27 19:30:00,149.89500427246094,150.03500366210938,149.32000732421875,149.91000366210938,517724
2023-09-28 13:30:00,149.77000427246094,150.4600067138672,149.0399932861328,149.4199981689453,385330
2023-09-28 14:30:00,149.4499969482422,150.2899932861328,149.02000427246094,150.10000610351562,536385
2023-09-28 15:30:00,150.1199951171875,150.5749969482422,150.0399932861328,150.52999877929688,289589
2023-09-28 16:30:00,150.53500366210938,150.8800048828125,149.89999389648438,149.89999389648438,347164
2023-09-28 17:30:00,149.91000366210938,150.4600067138672,149.75,150.35000610351562,207588
2023-09-28 18:30:00,150.36000061035156,150.74000549316406,149.82440185546875,150.64999389648438,260694
2023-09-28 19:30:00,150.66000366210938,150.73060607910156,149.83999633789062,150.22999572753906,491743
2023-09-29 13:30:00,151.4499969482422,151.69000244140625,150.2899932861328,150.47000122070312,412509
2023-09-29 14:30:00,150.47000122070312,150.82000732421875,149.7899932861328,150.38499450683594,618639
2023-09-29 15:30:00,150.38499450683594,150.8000030517578,149.7100067138672,150.0800018310547,203150
2023-09-29 16:30:00,150.11000061035156,150.22000122070312,148.69000244140625,149.16000366210938,233359
2023-09-29 17:30:00,149.1699981689453,149.25,148.6699981689453,148.9149932861328,219357
2023-09-29 18:30:00,148.89999389648438,149.77999877929688,148.87330627441406,149.19000244140625,190667
2023-09-29 19:30:00,149.17999267578125,149.75,148.9199981689453,149.22000122070312,609362
2023-10-02 13:30:00,148.4199981689453,149.89999389648438,148.07200622558594,149.42999267578125,672967
2023-10-02 14:30:00,149.39999389648438,149.64999389648438,148.8000030517578,149.5500030517578,235333
2023-10-02 15:30:00,149.63499450683594,149.7899932861328,148.1199951171875,148.1750030517578,156668
2023-10-02 16:30:00,148.1103057861328,149.0,148.10000610351562,148.92050170898438,210855
2023-10-02 17:30:00,148.9600067138672,149.72000122070312,148.8300018310547,148.99000549316406,171010
2023-10-02 18:30:00,149.02000427246094,149.11000061035156,148.6699981689453,149.0500030517578,197857
2023-10-02 19:30:00,149.0399932861328,149.57000732421875,148.91000366210938,149.47999572753906,437855
2023-10-03 13:30:00,148.5,149.17999267578125,146.6699981689453,146.72000122070312,510322
2023-10-03 14:30:00,146.6699981689453,146.89500427246094,145.77000427246094,145.82000732421875,457320
2023-10-03 15:30:00,145.80999755859375,146.17999267578125,145.35000610351562,145.72000122070312,464740
2023-10-03 16:30:00,145.72999572753906,145.97999572753906,145.2899932861328,145.55999755859375,475669
2023-10-03 17:30:00,145.52999877929688,145.52999877929688,144.30999755859375,144.35000610351562,494290
2023-10-03 18:30:00,144.343505859375,145.19000244140625,144.33999633789062,144.5399932861328,467269
2023-10-03 19:30:00,144.52000427246094,145.1699981689453,144.32000732421875,145.13999938964844,680236
2023-10-04 13:30:00,145.89999389648438,146.5800018310547,144.39999389648438,144.41000366210938,366067
2023-10-04 14:30:00,144.39999389648438,146.13999938964844,144.39999389648438,146.1199951171875,581028
2023-10-04 15:30:00,146.1199951171875,146.41000366210938,145.77000427246094,146.1699981689453,289622
2023-10-04 16:30:00,146.1999969482422,146.5500030517578,145.72999572753906,145.74000549316406,407500
2023-10-04 17:30:00,145.75999450683594,146.0500030517578,145.2899932861328,145.39500427246094,161556
2023-10-04 18:30:00,145.39199829101562,146.55999755859375,145.3177947998047,146.47999572753906,284493
2023-10-04 19:30:00,146.49000549316406,146.9199981689453,146.36000061035156,146.5800018310547,530967
2023-10-05 13:30:00,145.5800018310547,146.10000610351562,144.77000427246094,145.77499389648438,217798
2023-10-05 14:30:00,145.8000030517578,146.14500427246094,144.82000732421875,145.11000061035156,440765
2023-10-05 15:30:00,145.0749969482422,146.0395965576172,144.89999389648438,146.00999450683594,170495
2023-10-05 16:30:00,146.0500030517578,146.14999389648438,145.7100067138672,145.93910217285156,165033
2023-10-05 17:30:00,145.94000244140625,147.18699645996094,145.8000030517578,146.89999389648438,274678
2023-10-05 18:30:00,146.9199981689453,147.19000244140625,146.67010498046875,147.19000244140625,257398
2023-10-05 19:30:00,147.19500732421875,147.5399932861328,147.0,147.08999633789062,594492
2023-10-06 13:30:00,146.7100067138672,147.80999755859375,146.13999938964844,147.47999572753906,620395
2023-10-06 14:30:00,147.6199951171875,149.0800018310547,147.43649291992188,149.0800018310547,412351
2023-10-06 15:30:00,149.10000610351562,150.35000610351562,148.9600067138672,149.360595703125,379013
2023-10-06 16:30:00,149.38999938964844,149.69000244140625,149.0500030517578,149.5850067138672,199487
2023-10-06 17:30:00,149.57000732421875,149.875,149.3300018310547,149.83999633789062,181605
2023-10-06 18:30:00,149.85000610351562,150.16990661621094,149.57000732421875,149.8350067138672,296036
2023-10-06 19:30:00,149.85499572753906,149.88999938964844,149.2899932861328,149.35000610351562,565432
2023-10-09 13:30:00,147.60000610351562,149.25,147.4199981689453,148.86000061035156,508853
2023-10-09 14:30:00,148.8699951171875,149.30999755859375,148.03250122070312,149.3000030517578,258901
2023-10-09 15:30:00,149.3000030517578,149.36990356445312,148.55999755859375,148.70480346679688,210993
2023-10-09 16:30:00,148.6699981689453,148.77999877929688,148.3350067138672,148.55889892578125,147431
2023-10-09 17:30:00,148.5800018310547,149.3699951171875,148.5800018310547,149.17999267578125,310041
2023-10-09 18:30:00,149.2100067138672,149.4499969482422,148.88999938964844,148.99749755859375,245218
2023-10-09 19:30:00,148.9949951171875,148.9949951171875,148.43499755859375,148.8699951171875,349997
2023-10-10 13:30:00,149.5,151.05999755859375,149.0,150.77999877929688,382250
2023-10-10 14:30:00,150.7404022216797,151.27000427246094,150.57000732421875,151.07000732421875,236793
2023-10-10 15:30:00,151.0800018310547,151.64999389648438,150.99000549316406,151.5800018310547,206876
2023-10-10 16:30:00,151.56500244140625,151.72999572753906,151.33999633789062,151.5800018310547,394113
2023-10-10 17:30:00,151.60499572753906,151.66000366210938,150.85000610351562,150.97500610351562,266683
2023-10-10 18:30:00,150.96499633789062,151.22500610351562,150.67999267578125,150.8350067138672,271530
2023-10-10 19:30:00,150.8350067138672,151.07000732421875,150.67999267578125,150.94000244140625,458580
2023-10-11 13:30:00,151.4250030517578,152.80999755859375,151.1699981689453,151.33999633789062,284713
2023-10-11 14:30:00,151.4499969482422,151.8800048828125,150.59500122070312,150.6204071044922,169005
2023-10-11 15:30:00,150.64999389648438,150.74000549316406,149.75999450683594,149.8699951171875,143226
2023-10-11 16:30:00,149.8800048828125,150.27999877929688,149.75999450683594,150.0,148897
2023-10-11 17:30:00,150.0,151.27000427246094,149.86000061035156,150.875,177896
2023-10-11 18:30:00,150.8350067138672,151.1199951171875,150.7899932861328,151.07000732421875,124707
2023-10-11 19:30:00,151.0500030517578,151.60000610351562,150.91000366210938,151.4600067138672,325482
2023-10-12 13:30:00,152.5,152.72000122070312,150.69000244140625,151.43499755859375,370588
2023-10-12 14:30:00,151.5,151.9499969482422,151.3350067138672,151.80999755859375,172160
2023-10-12 15:30:00,151.80999755859375,152.57000732421875,151.55999755859375,152.31500244140625,149366
2023-10-12 16:30:00,152.2899932861328,152.32000732421875,150.8000030517578,150.8000030517578,147914
2023-10-12 17:30:00,150.75999450683594,150.86180114746094,150.11000061035156,150.72500610351562,206065
2023-10-12 18:30:00,150.6999969482422,151.7899932861328,150.6199951171875,151.4600067138672,243674
2023-10-12 19:30:00,151.47000122070312,151.7100067138672,151.22999572753906,151.27999877929688,479304
2023-10-13 13:30:00,152.9199981689453,154.13999938964844,152.5749969482422,152.83999633789062,454821
2023-10-13 14:30:00,152.82000732421875,153.19000244140625,151.6750030517578,152.05999755859375,255933
2023-10-13 15:30:00,152.00999450683594,152.27999877929688,151.42999267578125,151.94000244140625,198190
2023-10-13 16:30:00,151.97999572753906,152.05999755859375,150.44500732421875,150.5800018310547,209459
2023-10-13 17:30:00,150.52999877929688,151.2899932861328,150.4302978515625,151.13999938964844,160193
2023-10-13 18:30:00,151.11000061035156,151.3800048828125,150.6376953125,150.9375,203929
2023-10-13 19:30:00,150.9550018310547,151.14500427246094,150.5800018310547,151.10000610351562,333449
2023-10-16 13:30:00,152.3699951171875,152.4949951171875,151.2050018310547,152.4199981689453,208475
2023-10-16 14:30:00,152.44000244140625,153.21499633789062,152.4149932861328,152.90499877929688,261536
2023-10-16 15:30:00,152.90499877929688,153.14990234375,152.47000122070312,152.83999633789062,434921
2023-10-16 16:30:00,152.8249969482422,153.0800018310547,152.33999633789062,152.82000732421875,143299
2023-10-16 17:30:00,152.84500122070312,153.25999450683594,152.69000244140625,152.875,189506
2023-10-16 18:30:00,152.8300018310547,153.41000366210938,152.8300018310547,153.32000732421875,251341
2023-10-16 19:30:00,153.32000732421875,153.3249969482422,152.72000122070312,152.72999572753906,500633
2023-10-17 13:30:00,151.55999755859375,153.0457000732422,151.5,152.69000244140625,439506
2023-10-17 14:30:00,152.67999267578125,153.33999633789062,152.47000122070312,153.27999877929688,773531
2023-10-17 15:30:00,153.27999877929688,154.67999267578125,153.22999572753906,154.67999267578125,534802
2023-10-17 16:30:00,154.65499877929688,154.72999572753906,154.02000427246094,154.24000549316406,226301
2023-10-17 17:30:00,154.25,154.25,153.7100067138672,153.9199981689453,307748
2023-10-17 18:30:00,153.89999389648438,154.4499969482422,153.8300018310547,154.41000366210938,322500
2023-10-17 19:30:00,154.4199981689453,154.47000122070312,154.1300048828125,154.39999389648438,642924
2023-10-18 13:30:00,153.1199951171875,153.58999633789062,151.8000946044922,152.50999450683594,360820
2023-10-18 14:30:00,152.5,152.7299041748047,152.06100463867188,152.64500427246094,446818
2023-10-18 15:30:00,152.66000366210938,152.72999572753906,151.73500061035156,151.97500610351562,235463
2023-10-18 16:30:00,151.97500610351562,152.74000549316406,151.39999389648438,152.4250030517578,246611
2023-10-18 17:30:00,152.3699951171875,152.8699951171875,151.9250030517578,152.3300018310547,134446
2023-10-18 18:30:00,152.27999877929688,152.4600067138672,151.3699951171875,151.44500732421875,173446
2023-10-18 19:30:00,151.49000549316406,151.7100067138672,151.1300048828125,151.5399932861328,354352
2023-10-19 13:30:00,150.41000366210938,151.50999450683594,149.57000732421875,150.6199951171875,399231
2023-10-19 14:30:00,150.60000610351562,150.8000030517578,150.24000549316406,150.49000549316406,344471
2023-10-19 15:30:00,150.5399932861328,151.67999267578125,150.3300018310547,151.49249267578125,382583
2023-10-19 16:30:00,151.5399932861328,156.0500030517578,150.47000122070312,152.94000244140625,730545
2023-10-19 17:30:00,152.22000122070312,152.22000122070312,150.00999450683594,150.2050018310547,785845
2023-10-19 18:30:00,150.1999969482422,150.2050018310547,149.00999450683594,149.5,660528
2023-10-19 19:30:00,149.50999450683594,149.9600067138672,149.19000244140625,149.52999877929688,708635
2023-10-20 13:30:00,144.6999969482422,147.94000244140625,142.6999969482422,143.47000122070312,2076590
2023-10-20 14:30:00,143.47000122070312,144.32989501953125,143.11000061035156,143.39500427246094,1010224
2023-10-20 15:30:00,143.41000366210938,144.16000366210938,142.8000030517578,143.80999755859375,990849
2023-10-20 16:30:00,143.83279418945312,145.31959533691406,143.8000030517578,145.19000244140625,875676
2023-10-20 17:30:00,145.22000122070312,145.23060607910156,142.60000610351562,142.6846923828125,679001
2023-10-20 18:30:00,142.68539428710938,142.9499053955078,142.158203125,142.57000732421875,621393
2023-10-20 19:30:00,142.55999755859375,142.625,141.44000244140625,141.57000732421875,1241882
2023-10-23 13:30:00,141.0,144.88999938964844,140.91000366210938,144.1894989013672,1041914
2023-10-23 14:30:00,144.1999969482422,145.44000244140625,143.6699981689453,144.82000732421875,868760
2023-10-23 15:30:00,144.8000030517578,145.49000549316406,144.44500732421875,144.97000122070312,356945
2023-10-23 16:30:00,144.9499969482422,145.8524932861328,144.92999267578125,145.22000122070312,281340
2023-10-23 17:30:00,145.21499633789062,145.21499633789062,144.2100067138672,144.35000610351562,500009
2023-10-23 18:30:00,144.36000061035156,144.77000427246094,143.9586944580078,144.11000061035156,456369
2023-10-23 19:30:00,144.11000061035156,144.6999969482422,143.97999572753906,144.58999633789062,714212
2023-10-24 13:30:00,145.85000610351562,146.51499938964844,144.69000244140625,145.52000427246094,503532
2023-10-24 14:30:00,145.52999877929688,145.5399932861328,143.5449981689453,143.72999572753906,290960
2023-10-24 15:30:00,143.7449951171875,144.6999969482422,143.7449951171875,144.1999969482422,391381
2023-10-24 16:30:00,144.11500549316406,144.4199981689453,143.6300048828125,144.0576934814453,411215
2023-10-24 17:30:00,144.08999633789062,144.77999877929688,144.05999755859375,144.42999267578125,421840
2023-10-24 18:30:00,144.4499969482422,145.02330017089844,144.31089782714844,144.69500732421875,402493
2023-10-24 19:30:00,144.69500732421875,144.91000366210938,144.38999938964844,144.4199981689453,590126
2023-10-25 13:30:00,144.08999633789062,144.83990478515625,143.33999633789062,143.47500610351562,433817
2023-10-25 14:30:00,143.4199981689453,144.78990173339844,143.41000366210938,144.68499755859375,347031
2023-10-25 15:30:00,144.68499755859375,144.80999755859375,143.9149932861328,144.0399932861328,284914
2023-10-25 16:30:00,144.02000427246094,144.2899932861328,143.2301025390625,143.60000610351562,236305
2023-10-25 17:30:00,143.55999755859375,143.97999572753906,143.35000610351562,143.9199981689453,251938
2023-10-25 18:30:00,143.9199981689453,144.1699981689453,143.53500366210938,143.6699981689453,367180
2023-10-25 19:30:00,143.6699981689453,143.8300018310547,143.3800048828125,143.50999450683594,493675
2023-10-26 13:30:00,143.3699951171875,144.91000366210938,142.99000549316406,143.77000427246094,528014
2023-10-26 14:30:00,143.77000427246094,144.50999450683594,143.33999633789062,143.9199981689453,538095
2023-10-26 15:30:00,143.9499969482422,144.69000244140625,143.50900268554688,143.77999877929688,428845
2023-10-26 16:30:00,143.77000427246094,144.06500244140625,143.25,143.52999877929688,247550
2023-10-26 17:30:00,143.53500366210938,144.0399932861328,143.25999450683594,143.97999572753906,203197
2023-10-26 18:30:00,143.97000122070312,144.39999389648438,143.75,143.91000366210938,277424
2023-10-26 19:30:00,143.91000366210938,143.9600067138672,143.22000122070312,143.32000732421875,514953
2023-10-27 13:30:00,143.85000610351562,143.9600067138672,142.14999389648438,142.27000427246094,393415
2023-10-27 14:30:00,142.25999450683594,143.2100067138672,141.92999267578125,142.8800048828125,373212
2023-10-27 15:30:00,142.90499877929688,143.0399932861328,142.5500030517578,142.84800720214844,213834
2023-10-27 16:30:00,142.80999755859375,142.91000366210938,141.86000061035156,141.9600067138672,208359
2023-10-27 17:30:00,141.9600067138672,141.9600067138672,141.02499389648438,141.10400390625,291212
2023-10-27 18:30:00,141.0800018310547,141.86000061035156,141.0749969482422,141.4499969482422,385856
2023-10-27 19:30:00,141.4600067138672,141.5399932861328,141.11000061035156,141.32000732421875,679205
2023-10-30 13:30:00,142.72000122070312,143.19000244140625,141.72999572753906,141.99000549316406,370148
2023-10-30 14:30:00,142.0,142.50999450683594,137.8000030517578,142.30999755859375,395745
2023-10-30 15:30:00,142.32000732421875,143.08999633789062,142.2100067138672,142.7449951171875,330589
2023-10-30 16:30:00,142.6999969482422,143.21530151367188,142.22000122070312,143.12350463867188,283405
2023-10-30 17:30:00,143.13999938964844,143.23500061035156,142.86000061035156,142.91000366210938,357462
2023-10-30 18:30:00,142.9499969482422,143.860107421875,142.9499969482422,143.75999450683594,353470
2023-10-30 19:30:00,143.77999877929688,143.79989624023438,143.0749969482422,143.25,476719
2023-10-31 13:30:00,143.3300018310547,144.03500366210938,143.06500244140625,143.72000122070312,301033
2023-10-31 14:30:00,143.72999572753906,144.4499053955078,143.46249389648438,144.19500732421875,741114
2023-10-31 15:30:00,144.22999572753906,145.08999633789062,144.19000244140625,144.77999877929688,317329
2023-10-31 16:30:00,144.83999633789062,145.5800018310547,144.63999938964844,145.55999755859375,305592
2023-10-31 17:30:00,145.57000732421875,146.2899932861328,145.5500030517578,146.0500030517578,343789
2023-10-31 18:30:00,146.05499267578125,146.67999267578125,145.8699951171875,146.5500030517578,356017
2023-10-31 19:30:00,146.55999755859375,146.55999755859375,145.91000366210938,146.0500030517578,548723
2023-11-01 13:30:00,146.49000549316406,146.5800018310547,145.47500610351562,146.1260986328125,255024
2023-11-01 14:30:00,146.16000366210938,146.81500244140625,146.1199951171875,146.1649932861328,322222
2023-11-01 15:30:00,146.09249877929688,146.5399932861328,145.52999877929688,145.56500244140625,234141
2023-11-01 16:30:00,145.56500244140625,145.6199951171875,145.14999389648438,145.41000366210938,229594
2023-11-01 17:30:00,145.38999938964844,145.92999267578125,145.14230346679688,145.5800018310547,167091
2023-11-01 18:30:00,145.55999755859375,146.77999877929688,145.20010375976562,146.39999389648438,397191
2023-11-01 19:30:00,146.4199981689453,146.55999755859375,146.24000549316406,146.4600067138672,355875
2023-11-02 13:30:00,148.3300018310547,149.85499572753906,148.3300018310547,149.33999633789062,502006
2023-11-02 14:30:00,149.27999877929688,149.92990112304688,149.125,149.3300018310547,310727
2023-11-02 15:30:00,149.30499267578125,150.00999450683594,149.30499267578125,149.65499877929688,217564
2023-11-02 16:30:00,149.67250061035156,150.00999450683594,149.52000427246094,149.93499755859375,248290
2023-11-02 17:30:00,149.92999267578125,150.5500030517578,149.92999267578125,150.38999938964844,294314
2023-11-02 18:30:00,150.41000366210938,150.6300048828125,150.22000122070312,150.38999938964844,357863
2023-11-02 19:30:00,150.41000366210938,150.91000366210938,150.39999389648438,150.83999633789062,586667
2023-11-03 13:30:00,152.5800018310547,153.8800048828125,152.47999572753906,152.6300048828125,507506
2023-11-03 14:30:00,152.60000610351562,153.27999877929688,152.39999389648438,153.16000366210938,379877
2023-11-03 15:30:00,153.16000366210938,153.8000030517578,153.1475067138672,153.32000732421875,251823
2023-11-03 16:30:00,153.35000610351562,153.52999877929688,153.0489959716797,153.19180297851562,218191
2023-11-03 17:30:00,153.19000244140625,153.5500030517578,153.14999389648438,153.38499450683594,165354
2023-11-03 18:30:00,153.35000610351562,153.50999450683594,153.10000610351562,153.22999572753906,255385
2023-11-03 19:30:00,153.22999572753906,153.27999877929688,152.67999267578125,152.75999450683594,476436
2023-11-06 14:30:00,152.60000610351562,152.72999572753906,151.51100158691406,151.60000610351562,448651
2023-11-06 15:30:00,151.67999267578125,152.49000549316406,151.6300048828125,152.25999450683594,262789
2023-11-06 16:30:00,152.22000122070312,152.55999755859375,152.13999938964844,152.36000061035156,180047
2023-11-06 17:30:00,152.3000030517578,152.45689392089844,151.6999969482422,151.94650268554688,185259
2023-11-06 18:30:00,151.94000244140625,152.14500427246094,151.72000122070312,152.13999938964844,210710
2023-11-06 19:30:00,152.14999389648438,153.07000732421875,152.10000610351562,153.00999450683594,370145
2023-11-06 20:30:00,152.98500061035156,153.07000732421875,152.63999938964844,153.00999450683594,287476
2023-11-07 14:30:00,152.97000122070312,153.7899932861328,152.5,153.44000244140625,268501
2023-11-07 15:30:00,153.3800048828125,153.5500030517578,152.88999938964844,153.02999877929688,155273
2023-11-07 16:30:00,153.08949279785156,153.25999450683594,152.86000061035156,152.97999572753906,123382
2023-11-07 17:30:00,152.97999572753906,153.0,152.5500030517578,152.69000244140625,121532
2023-11-07 18:30:00,152.67999267578125,153.24000549316406,152.67999267578125,153.1199951171875,150460
2023-11-07 19:30:00,153.1300048828125,153.2899932861328,152.88999938964844,153.2100067138672,183909
2023-11-07 20:30:00,153.22500610351562,153.42999267578125,152.88999938964844,153.0,292956
2023-11-08 14:30:00,152.97000122070312,153.8000030517578,152.75999450683594,153.0500030517578,242146
2023-11-08 15:30:00,153.05990600585938,153.4864959716797,152.82000732421875,153.22999572753906,210162
2023-11-08 16:30:00,153.22000122070312,153.5050048828125,152.47000122070312,152.60499572753906,209967
2023-11-08 17:30:00,152.57000732421875,153.1750030517578,152.42999267578125,153.09500122070312,196608
2023-11-08 18:30:00,153.1300048828125,153.5500030517578,153.10499572753906,153.3300018310547,173059
2023-11-08 19:30:00,153.33889770507812,153.4499969482422,153.02999877929688,153.3000030517578,207355
2023-11-08 20:30:00,153.25999450683594,153.39999389648438,152.8800048828125,153.02999877929688,203465
2023-11-09 14:30:00,153.67999267578125,154.0,153.07000732421875,153.52999877929688,229092
2023-11-09 15:30:00,153.52499389648438,154.0579071044922,153.17999267578125,153.747802734375,167903
2023-11-09 16:30:00,153.7613067626953,154.11000061035156,153.63999938964844,153.7100067138672,185526
2023-11-09 17:30:00,153.72999572753906,154.16000366210938,153.0500030517578,153.50999450683594,193053
2023-11-09 18:30:00,153.47000122070312,153.47000122070312,152.5,152.82000732421875,153617
2023-11-09 19:30:00,152.82000732421875,153.02000427246094,152.30999755859375,152.3699951171875,226231
2023-11-09 20:30:00,152.3699951171875,152.47999572753906,152.0500030517578,152.3699951171875,392440
2023-11-10 14:30:00,153.0399932861328,153.32000732421875,152.25,152.57000732421875,303100
2023-11-10 15:30:00,152.52000427246094,153.25999450683594,152.10009765625,153.06329345703125,148944
2023-11-10 16:30:00,153.00999450683594,153.00999450683594,152.47999572753906,152.8800048828125,113137
2023-11-10 17:30:00,152.89999389648438,153.67999267578125,152.85000610351562,153.6300048828125,149582
2023-11-10 18:30:00,153.6300048828125,153.99000549316406,153.6300048828125,153.99000549316406,162696
2023-11-10 19:30:00,153.97000122070312,154.47999572753906,153.89300537109375,154.35000610351562,263906
2023-11-10 20:30:00,154.33999633789062,154.47000122070312,154.19000244140625,154.42999267578125,429370
2023-11-13 14:30:00,154.0800018310547,155.0800018310547,153.5,154.8800048828125,266397
2023-11-13 15:30:00,154.86500549316406,155.11000061035156,154.67999267578125,155.0399932861328,197801
2023-11-13 16:30:00,155.02000427246094,155.25999450683594,154.83999633789062,155.10000610351562,186949
2023-11-13 17:30:00,155.0850067138672,155.10499572753906,154.55999755859375,154.55999755859375,123573
2023-11-13 18:30:00,154.5500030517578,154.5500030517578,153.93499755859375,154.11000061035156,165445
2023-11-13 19:30:00,154.1300048828125,154.5,154.0449981689453,154.3800048828125,218099
2023-11-13 20:30:00,154.33999633789062,154.5399932861328,154.2100067138672,154.30999755859375,264156
2023-11-14 14:30:00,156.60000610351562,157.08999633789062,156.02999877929688,156.7989959716797,605832
2023-11-14 15:30:00,156.77999877929688,157.75999450683594,156.60000610351562,157.67999267578125,321803
2023-11-14 16:30:00,157.67999267578125,157.75,156.5500030517578,156.9499969482422,289632
2023-11-14 17:30:00,156.9499969482422,157.09500122070312,156.72999572753906,156.9250030517578,149374
2023-11-14 18:30:00,157.0,157.3300018310547,156.69219970703125,157.32000732421875,230758
2023-11-14 19:30:00,157.3249969482422,157.9149932861328,157.27999877929688,157.86000061035156,248568
2023-11-14 20:30:00,157.85000610351562,157.88999938964844,156.72000122070312,156.94000244140625,533171
2023-11-15 14:30:00,157.52999877929688,158.72000122070312,157.0,158.5399932861328,544121
2023-11-15 15:30:00,158.60000610351562,159.3300018310547,158.44000244140625,158.94000244140625,467280
2023-11-15 16:30:00,158.86500549316406,159.0500030517578,157.86000061035156,159.02000427246094,219014
2023-11-15 17:30:00,159.02000427246094,159.22999572753906,158.39999389648438,158.88499450683594,253224
2023-11-15 18:30:00,158.86000061035156,159.30999755859375,158.80999755859375,159.30999755859375,218033
2023-11-15 19:30:00,159.2899932861328,159.36000061035156,158.8699951171875,159.3350067138672,234813
2023-11-15 20:30:00,159.35000610351562,159.42999267578125,158.83999633789062,159.42999267578125,748233
2023-11-16 14:30:00,159.67999267578125,160.10499572753906,159.10000610351562,159.16000366210938,541353
2023-11-16 15:30:00,159.17999267578125,159.44000244140625,158.27000427246094,158.5399932861328,555183
2023-11-16 16:30:00,158.5500030517578,158.99000549316406,158.31500244140625,158.66000366210938,276711
2023-11-16 17:30:00,158.61000061035156,158.82000732421875,158.22999572753906,158.53500366210938,272631
2023-11-16 18:30:00,158.53500366210938,158.82000732421875,158.031005859375,158.08999633789062,509881
2023-11-16 19:30:00,158.07000732421875,158.7899932861328,157.97000122070312,158.6300048828125,429961
2023-11-16 20:30:00,158.6300048828125,159.0500030517578,158.49000549316406,159.0500030517578,458379
2023-11-17 14:30:00,159.91000366210938,161.5,159.91000366210938,161.30999755859375,671115
2023-11-17 15:30:00,161.2899932861328,161.52000427246094,161.0500030517578,161.0500030517578,281122
2023-11-17 16:30:00,161.0885009765625,161.47000122070312,160.91000366210938,161.13999938964844,166616
2023-11-17 17:30:00,161.17999267578125,161.72999572753906,161.1645050048828,161.52000427246094,186541
2023-11-17 18:30:00,161.5399932861328,162.0500030517578,161.50999450683594,161.9499969482422,241132
2023-11-17 19:30:00,161.94000244140625,162.34219360351562,161.89999389648438,162.33999633789062,338949
2023-11-17 20:30:00,162.32000732421875,162.5800018310547,161.97999572753906,162.5500030517578,493658
2023-11-20 14:30:00,162.91000366210938,163.77000427246094,162.80999755859375,163.6199951171875,470703
2023-11-20 15:30:00,163.5800018310547,163.6699981689453,162.75999450683594,163.02000427246094,460678
2023-11-20 16:30:00,163.00999450683594,163.45350646972656,162.97000122070312,163.3800048828125,184294
2023-11-20 17:30:00,163.38330078125,164.2100067138672,163.16000366210938,164.19000244140625,264700
2023-11-20 18:30:00,164.17999267578125,164.42999267578125,164.08999633789062,164.30999755859375,206478
2023-11-20 19:30:00,164.30499267578125,164.64999389648438,164.2196044921875,164.5,269320
2023-11-20 20:30:00,164.49000549316406,164.49000549316406,163.6750030517578,163.86000061035156,390415
2023-11-21 14:30:00,163.64999389648438,164.1199951171875,162.8000946044922,163.02000427246094,501598
2023-11-21 15:30:00,163.02000427246094,163.25,162.4600067138672,162.53500366210938,285860
2023-11-21 16:30:00,162.52349853515625,162.72999572753906,162.0500030517578,162.13999938964844,210228
2023-11-21 17:30:00,162.1699981689453,162.3699951171875,161.72500610351562,161.75,202133
2023-11-21 18:30:00,161.75999450683594,162.32000732421875,161.74000549316406,162.19000244140625,196990
2023-11-21 19:30:00,162.17999267578125,162.36000061035156,161.8800048828125,162.13999938964844,250414
2023-11-21 20:30:00,162.15499877929688,162.3800048828125,162.02999877929688,162.2899932861328,340199
2023-11-22 14:30:00,163.27999877929688,163.97999572753906,162.85000610351562,163.9600067138672,272425
2023-11-22 15:30:00,163.9199981689453,164.6750030517578,163.88999938964844,164.39999389648438,332968
2023-11-22 16:30:00,164.4174041748047,164.61000061035156,164.14999389648438,164.22030639648438,157070
2023-11-22 17:30:00,164.22000122070312,164.25999450683594,163.73500061035156,163.83999633789062,158653
2023-11-22 18:30:00,163.86000061035156,163.97000122070312,163.6999969482422,163.8000030517578,149420
2023-11-22 19:30:00,163.80999755859375,163.8699951171875,163.47000122070312,163.7100067138672,308182
2023-11-22 20:30:00,163.72500610351562,163.8699951171875,163.63999938964844,163.8000030517578,321927
2023-11-24 14:30:00,164.55999755859375,165.22000122070312,164.11000061035156,165.05999755859375,297075
2023-11-24 15:30:00,165.06500244140625,165.16290283203125,164.14500427246094,164.2100067138672,177309
2023-11-24 16:30:00,164.2050018310547,164.3249969482422,163.97000122070312,163.99000549316406,97046
2023-11-27 14:30:00,163.75999450683594,164.4600067138672,163.32000732421875,164.0500030517578,253584
2023-11-27 15:30:00,164.0800018310547,164.51499938964844,163.8000030517578,164.0800018310547,218150
2023-11-27 16:30:00,164.07000732421875,164.13999938964844,163.6199951171875,163.94000244140625,201807
2023-11-27 17:30:00,163.9102020263672,164.1699981689453,163.8800048828125,164.0800018310547,194039
2023-11-27 18:30:00,164.07000732421875,164.3699951171875,164.0500030517578,164.2100067138672,222624
2023-11-27 19:30:00,164.2100067138672,164.30999755859375,163.8249969482422,164.2899932861328,228518
2023-11-27 20:30:00,164.3000030517578,164.3800048828125,163.80999755859375,164.0500030517578,367522
2023-11-28 14:30:00,163.9199981689453,165.41000366210938,163.61000061035156,165.30999755859375,326855
2023-11-28 15:30:00,165.2899932861328,165.63999938964844,164.97000122070312,165.125,219587
2023-11-28 16:30:00,165.1699981689453,165.8300018310547,165.13999938964844,165.625,167035
2023-11-28 17:30:00,165.6300048828125,165.6300048828125,164.80999755859375,165.4199981689453,135106
2023-11-28 18:30:00,165.42999267578125,165.63999938964844,165.25999450683594,165.57000732421875,169647
2023-11-28 19:30:00,165.55999755859375,165.83999633789062,165.47000122070312,165.66000366210938,235370
2023-11-28 20:30:00,165.6699981689453,165.97999572753906,165.61000061035156,165.66000366210938,372076
2023-11-29 14:30:00,166.39999389648438,167.83999633789062,166.39999389648438,167.27000427246094,361152
2023-11-29 15:30:00,167.27000427246094,168.02499389648438,167.22000122070312,167.30499267578125,280426
2023-11-29 16:30:00,167.3300018310547,168.1999969482422,167.1300048828125,168.0449981689453,191304
2023-11-29 17:30:00,168.0500030517578,168.4550018310547,167.91000366210938,168.4499969482422,189674
2023-11-29 18:30:00,168.42999267578125,168.72000122070312,168.22999572753906,168.34500122070312,260691
2023-11-29 19:30:00,168.3000030517578,168.33999633789062,167.68499755859375,167.8350067138672,250167
2023-11-29 20:30:00,167.8300018310547,167.89999389648438,167.22000122070312,167.4499969482422,531351
2023-11-30 14:30:00,168.0,169.25999450683594,167.52999877929688,169.0,359493
2023-11-30 15:30:00,169.0,169.8000030517578,168.75,169.8000030517578,267631
2023-11-30 16:30:00,169.77000427246094,169.77000427246094,169.10000610351562,169.39999389648438,199997
2023-11-30 17:30:00,169.4199981689453,169.82000732421875,169.39999389648438,169.58999633789062,210115
2023-11-30 18:30:00,169.5800018310547,169.89999389648438,169.4199981689453,169.89999389648438,243545
2023-11-30 19:30:00,169.9199981689453,170.3699951171875,169.76499938964844,170.0800018310547,379331
2023-11-30 20:30:00,170.0915069580078,171.1649932861328,170.07000732421875,170.7100067138672,931885
2023-12-01 14:30:00,170.6699981689453,172.11180114746094,170.30999755859375,171.9199981689453,519558
2023-12-01 15:30:00,171.88999938964844,172.77000427246094,171.25999450683594,172.72999572753906,395502
2023-12-01 16:30:00,172.75,174.16900634765625,172.5,174.0850067138672,421341
2023-12-01 17:30:00,174.0850067138672,174.3350067138672,173.4600067138672,173.58999633789062,454725
2023-12-01 18:30:00,173.58999633789062,173.8800048828125,173.25050354003906,173.82000732421875,316610
2023-12-01 19:30:00,173.85000610351562,174.1199951171875,173.7100067138672,174.0,318913
2023-12-01 20:30:00,174.02000427246094,174.02000427246094,173.52000427246094,173.72999572753906,482235
2023-12-04 14:30:00,172.86000061035156,175.30999755859375,172.66000366210938,173.83999633789062,508690
2023-12-04 15:30:00,173.82000732421875,173.82000732421875,172.69000244140625,173.11000061035156,437786
2023-12-04 16:30:00,173.09500122070312,173.91000366210938,172.8000030517578,173.75999450683594,337908
2023-12-04 17:30:00,173.74000549316406,174.02999877929688,173.69000244140625,173.8300018310547,329298
2023-12-04 18:30:00,173.7899932861328,174.0500030517578,173.25399780273438,173.32000732421875,266285
2023-12-04 19:30:00,173.3300018310547,173.5449981689453,173.01499938964844,173.10000610351562,406622
2023-12-04 20:30:00,173.11000061035156,173.61000061035156,172.97000122070312,173.25,637341
2023-12-05 14:30:00,172.10000610351562,172.31629943847656,171.00999450683594,171.8800048828125,637006
2023-12-05 15:30:00,171.92999267578125,172.7100067138672,171.64999389648438,171.9600067138672,383370
2023-12-05 16:30:00,171.9600067138672,172.05499267578125,165.92999267578125,168.88999938964844,2755203
2023-12-05 17:30:00,168.8699951171875,169.4600067138672,168.0500030517578,169.32000732421875,562847
2023-12-05 18:30:00,169.3350067138672,170.45750427246094,169.32000732421875,170.35000610351562,470981
2023-12-05 19:30:00,170.35499572753906,170.99000549316406,170.13999938964844,170.8000030517578,420993
2023-12-05 20:30:00,170.77999877929688,170.852294921875,170.38999938964844,170.74000549316406,569502
2023-12-06 14:30:00,171.72999572753906,172.3800048828125,169.6699981689453,169.6699981689453,842212
2023-12-06 15:30:00,169.66000366210938,169.83999633789062,168.27000427246094,169.27999877929688,706184
2023-12-06 16:30:00,169.2342071533203,169.3699951171875,168.5800018310547,168.5800018310547,346101
2023-12-06 17:30:00,168.61000061035156,168.80499267578125,168.1999969482422,168.55999755859375,327182
2023-12-06 18:30:00,168.55999755859375,168.8300018310547,168.24000549316406,168.4199981689453,304069
2023-12-06 19:30:00,168.44000244140625,168.61000061035156,167.5800018310547,167.6999969482422,331171
2023-12-06 20:30:00,167.71499633789062,167.92999267578125,167.1750030517578,167.5399932861328,563408
2023-12-07 14:30:00,168.4600067138672,168.86500549316406,168.0,168.1864013671875,305431
2023-12-07 15:30:00,168.1999969482422,168.39999389648438,167.74000549316406,168.32000732421875,255727
2023-12-07 16:30:00,168.32659912109375,168.61000061035156,167.9600067138672,168.32000732421875,343985
2023-12-07 17:30:00,168.33999633789062,169.05999755859375,168.3300018310547,168.9167938232422,247381
2023-12-07 18:30:00,168.9199981689453,169.14999389648438,168.82000732421875,169.14999389648438,182609
2023-12-07 19:30:00,169.125,169.22000122070312,168.52999877929688,168.80999755859375,301989
2023-12-07 20:30:00,168.80499267578125,168.9199981689453,168.5,168.6300048828125,410932
2023-12-08 14:30:00,168.33999633789062,169.1331024169922,167.97999572753906,168.41000366210938,236066
2023-12-08 15:30:00,168.41000366210938,168.5449981689453,167.83999633789062,168.1199951171875,375318
2023-12-08 16:30:00,168.11770629882812,168.35000610351562,167.57000732421875,168.1999969482422,266848
2023-12-08 17:30:00,168.23500061035156,168.60000610351562,168.0601043701172,168.5500030517578,156561
2023-12-08 18:30:00,168.5684051513672,168.68600463867188,168.1999969482422,168.6300048828125,142644
2023-12-08 19:30:00,168.6699981689453,168.8699951171875,168.47000122070312,168.58399963378906,235698
2023-12-08 20:30:00,168.5552978515625,168.8300018310547,168.38999938964844,168.4199981689453,446894
2023-12-11 14:30:00,168.42999267578125,169.25999450683594,167.86000061035156,168.789306640625,418271
2023-12-11 15:30:00,168.7100067138672,169.42999267578125,168.5800018310547,169.41110229492188,399892
2023-12-11 16:30:00,169.44000244140625,169.514404296875,169.1300048828125,169.1699981689453,183237
2023-12-11 17:30:00,169.1750030517578,169.38999938964844,169.10000610351562,169.3000030517578,145547
2023-12-11 18:30:00,169.30999755859375,169.41000366210938,168.76499938964844,168.9149932861328,209624
2023-12-11 19:30:00,168.92999267578125,169.02999877929688,168.44000244140625,168.4636993408203,435363
2023-12-11 20:30:00,168.44000244140625,168.52000427246094,168.1699981689453,168.39999389648438,512796
2023-12-12 14:30:00,168.38999938964844,169.35000610351562,167.77000427246094,169.27000427246094,227939
2023-12-12 15:30:00,169.28500366210938,170.40499877929688,169.08999633789062,169.97000122070312,313357
2023-12-12 16:30:00,169.97000122070312,170.6300048828125,169.8300018310547,170.3300018310547,296042
2023-12-12 17:30:00,170.33999633789062,170.6750030517578,169.97230529785156,170.08999633789062,182815
2023-12-12 18:30:00,170.0800018310547,170.4149932861328,170.02999877929688,170.3249969482422,230482
2023-12-12 19:30:00,170.3300018310547,171.0800018310547,170.3300018310547,170.9199981689453,294054
2023-12-12 20:30:00,170.92999267578125,171.0500030517578,170.69000244140625,171.0399932861328,426452
2023-12-13 14:30:00,171.2100067138672,171.41000366210938,170.14500427246094,171.24000549316406,435092
2023-12-13 15:30:00,171.22000122070312,171.2899932861328,170.61000061035156,170.98590087890625,225887
2023-12-13 16:30:00,171.0050048828125,171.10000610351562,170.5850067138672,170.61000061035156,115827
2023-12-13 17:30:00,170.5800018310547,170.92999267578125,170.4199981689453,170.5800018310547,101419
2023-12-13 18:30:00,170.55999755859375,172.1199951171875,170.4499969482422,172.0800018310547,243984
2023-12-13 19:30:00,172.08999633789062,174.44000244140625,171.9499969482422,173.89999389648438,437006
2023-12-13 20:30:00,173.8800048828125,174.66000366210938,173.66000366210938,174.57000732421875,554155
2023-12-14 14:30:00,175.74000549316406,178.44000244140625,175.60000610351562,178.1300048828125,644052
2023-12-14 15:30:00,178.10000610351562,178.92999267578125,177.8800048828125,178.4199981689453,537054
2023-12-14 16:30:00,178.38999938964844,179.3800048828125,178.08999633789062,179.36000061035156,439731
2023-12-14 17:30:00,179.38999938964844,179.89999389648438,179.00999450683594,179.0800018310547,378377
2023-12-14 18:30:00,179.07000732421875,179.0800018310547,177.60000610351562,178.4199981689453,312203
2023-12-14 19:30:00,178.38999938964844,178.8300018310547,178.0500030517578,178.72999572753906,330384
2023-12-14 20:30:00,178.74000549316406,179.0,178.60000610351562,178.88999938964844,716409
2023-12-15 14:30:00,177.5399932861328,180.72000122070312,177.4980926513672,180.59500122070312,1832891
2023-12-15 15:30:00,180.5749969482422,181.11000061035156,180.14999389648438,180.63999938964844,435290
2023-12-15 16:30:00,180.63999938964844,181.0800018310547,180.39999389648438,180.77000427246094,407205
2023-12-15 17:30:00,180.7899932861328,181.17999267578125,180.47000122070312,180.5800018310547,272161
2023-12-15 18:30:00,180.5500030517578,180.64999389648438,179.80999755859375,179.80999755859375,207638
2023-12-15 19:30:00,179.81500244140625,180.52000427246094,179.80999755859375,180.27999877929688,376719
2023-12-15 20:30:00,180.27999877929688,180.94000244140625,180.22000122070312,180.52499389648438,713818
2023-12-18 14:30:00,181.3800048828125,182.5,181.02999877929688,182.0399932861328,468183
2023-12-18 15:30:00,182.0399932861328,182.8000030517578,181.67999267578125,182.47000122070312,287111
2023-12-18 16:30:00,182.48699951171875,182.50999450683594,181.60000610351562,181.72000122070312,175554
2023-12-18 17:30:00,181.77000427246094,181.8000030517578,181.07000732421875,181.50999450683594,179265
2023-12-18 18:30:00,181.52000427246094,182.3654022216797,181.44000244140625,182.16000366210938,224540
2023-12-18 19:30:00,182.16000366210938,182.67999267578125,181.95799255371094,182.42999267578125,312855
2023-12-18 20:30:00,182.44000244140625,182.83999633789062,182.39999389648438,182.74000549316406,448871
2023-12-19 14:30:00,183.2100067138672,185.3000030517578,183.19000244140625,184.97000122070312,585971
2023-12-19 15:30:00,184.98500061035156,185.5225067138672,184.8300018310547,185.39500427246094,330126
2023-12-19 16:30:00,185.3800048828125,185.41000366210938,184.75,185.27000427246094,524741
2023-12-19 17:30:00,185.2899932861328,185.625,185.2899932861328,185.41000366210938,271227
2023-12-19 18:30:00,185.4199981689453,185.72999572753906,185.25999450683594,185.52000427246094,211503
2023-12-19 19:30:00,185.5399932861328,185.64010620117188,185.25999450683594,185.3699951171875,268458
2023-12-19 20:30:00,185.3300018310547,185.77000427246094,185.11000061035156,185.75999450683594,478616
2023-12-20 14:30:00,185.25,185.64999389648438,184.3000030517578,184.61000061035156,420915
2023-12-20 15:30:00,184.61000061035156,185.3000030517578,184.42999267578125,184.52999877929688,256858
2023-12-20 16:30:00,184.5,184.67999267578125,184.2899932861328,184.50999450683594,186492
2023-12-20 17:30:00,184.5,185.07000732421875,184.2899932861328,184.97000122070312,260409
2023-12-20 18:30:00,185.0399932861328,185.2899932861328,184.5850067138672,184.60000610351562,214804
2023-12-20 19:30:00,184.58999633789062,184.59500122070312,181.24000549316406,181.52000427246094,503453
2023-12-20 20:30:00,181.4499969482422,181.81170654296875,180.5399932861328,180.72999572753906,547360
2023-12-21 14:30:00,181.8300018310547,185.17999267578125,181.8300018310547,184.49000549316406,477669
2023-12-21 15:30:00,184.5050048828125,184.75,183.85000610351562,184.6699981689453,280544
2023-12-21 16:30:00,184.6699981689453,184.69000244140625,183.63999938964844,183.92999267578125,235459
2023-12-21 17:30:00,183.86000061035156,184.4250030517578,183.74000549316406,184.3249969482422,193409
2023-12-21 18:30:00,184.3300018310547,184.50999450683594,183.69000244140625,183.875,262729
2023-12-21 19:30:00,183.85000610351562,184.50999450683594,183.55999755859375,184.50999450683594,195748
2023-12-21 20:30:00,184.50999450683594,185.2100067138672,184.3000030517578,184.80999755859375,556805
2023-12-22 14:30:00,185.63999938964844,186.36990356445312,185.0,185.60499572753906,253746
2023-12-22 15:30:00,185.63999938964844,185.6999969482422,184.67999267578125,185.33999633789062,159420
2023-12-22 16:30:00,185.36000061035156,185.64999389648438,185.25,185.5,144722
2023-12-22 17:30:00,185.50999450683594,185.75999450683594,185.27000427246094,185.47500610351562,136441
2023-12-22 18:30:00,185.51499938964844,185.6199951171875,184.8000030517578,184.82000732421875,160423
2023-12-22 19:30:00,184.80050659179688,185.8699951171875,184.67999267578125,185.82000732421875,187274
2023-12-22 20:30:00,185.82000732421875,185.82000732421875,185.1999969482422,185.5500030517578,325357
2023-12-26 14:30:00,185.9600067138672,185.99000549316406,185.1300048828125,185.6300048828125,158821
2023-12-26 15:30:00,185.64999389648438,185.7899932861328,185.36000061035156,185.42999267578125,122580
2023-12-26 16:30:00,185.4199981689453,185.67999267578125,185.2100067138672,185.57000732421875,77413
2023-12-26 17:30:00,185.5399932861328,185.5399932861328,185.25999450683594,185.2899932861328,76643
2023-12-26 18:30:00,185.30999755859375,185.9199981689453,185.27000427246094,185.83999633789062,89545
2023-12-26 19:30:00,185.85000610351562,186.17999267578125,185.61000061035156,185.97000122070312,117847
2023-12-26 20:30:00,185.92999267578125,186.0449981689453,185.72999572753906,185.97999572753906,170088
2023-12-27 14:30:00,186.13999938964844,186.8000030517578,185.6199951171875,186.77999877929688,167456
2023-12-27 15:30:00,186.82000732421875,186.82000732421875,186.0200958251953,186.55999755859375,134282
2023-12-27 16:30:00,186.55999755859375,186.67999267578125,186.41000366210938,186.52000427246094,89647
2023-12-27 17:30:00,186.5,186.9499969482422,186.1300048828125,186.67999267578125,114889
2023-12-27 18:30:00,186.7100067138672,186.86000061035156,186.02999877929688,186.49000549316406,130700
2023-12-27 19:30:00,186.4499969482422,186.69000244140625,186.08999633789062,186.52999877929688,128205
2023-12-27 20:30:00,186.5,187.1300048828125,186.33999633789062,187.07000732421875,291826
2023-12-28 14:30:00,187.1199951171875,188.07000732421875,187.08999633789062,187.94000244140625,254064
2023-12-28 15:30:00,187.93499755859375,188.02999877929688,187.0,187.3699951171875,198091
2023-12-28 16:30:00,187.39999389648438,187.52999877929688,187.17999267578125,187.17999267578125,154411
2023-12-28 17:30:00,187.24000549316406,187.6999969482422,187.24000549316406,187.60000610351562,97580
2023-12-28 18:30:00,187.6199951171875,187.8300018310547,187.50999450683594,187.62469482421875,85362
2023-12-28 19:30:00,187.65499877929688,187.8699951171875,187.50999450683594,187.7216033935547,125192
2023-12-28 20:30:00,187.6999969482422,188.02999877929688,187.55999755859375,187.8800048828125,294265
2023-12-29 14:30:00,187.75,188.3000030517578,187.74000549316406,188.00999450683594,192311
2023-12-29 15:30:00,187.97999572753906,187.99000549316406,186.52999877929688,186.61000061035156,159333
2023-12-29 16:30:00,186.61000061035156,187.3000030517578,186.59500122070312,186.97000122070312,201838
2023-12-29 17:30:00,186.99000549316406,187.5800018310547,186.9600067138672,187.50999450683594,154650
2023-12-29 18:30:00,187.5,187.80999755859375,187.49000549316406,187.6750030517578,111457
2023-12-29 19:30:00,187.72500610351562,187.8300018310547,187.51499938964844,187.61000061035156,129433
2023-12-29 20:30:00,187.61000061035156,187.61000061035156,186.77000427246094,187.35000610351562,401037
2024-01-02 14:30:00,186.49000549316406,187.77999877929688,186.07000732421875,187.22999572753906,417611
2024-01-02 15:30:00,187.27999877929688,187.38999938964844,186.78199768066406,187.3699951171875,233261
2024-01-02 16:30:00,187.33999633789062,188.3800048828125,187.22999572753906,188.3300018310547,225746
2024-01-02 17:30:00,188.35000610351562,188.73500061035156,188.33999633789062,188.60000610351562,196825
2024-01-02 18:30:00,188.60000610351562,188.67999267578125,187.74000549316406,187.85000610351562,163142
2024-01-02 19:30:00,187.82550048828125,187.875,187.57000732421875,187.67999267578125,205357
2024-01-02 20:30:00,187.67999267578125,188.36900329589844,187.2899932861328,188.3300018310547,359854
2024-01-03 14:30:00,186.67999267578125,187.49000549316406,185.7899932861328,185.7899932861328,616852
2024-01-03 15:30:00,185.75,187.1999969482422,185.59129333496094,186.875,320411
2024-01-03 16:30:00,186.94000244140625,187.07000732421875,186.14999389648438,186.55999755859375,162480
2024-01-03 17:30:00,186.60000610351562,187.41000366210938,186.5,187.19000244140625,141923
2024-01-03 18:30:00,187.17999267578125,187.4199981689453,186.5,187.18499755859375,310496
2024-01-03 19:30:00,187.22000122070312,187.47999572753906,186.3800048828125,186.5,208093
2024-01-03 20:30:00,186.4949951171875,186.88999938964844,186.07000732421875,186.24000549316406,412456
2024-01-04 14:30:00,186.00999450683594,188.08999633789062,185.75999450683594,188.0,412730
2024-01-04 15:30:00,187.98500061035156,188.47999572753906,187.5500030517578,188.17999267578125,294575
2024-01-04 16:30:00,188.2100067138672,188.57000732421875,187.58999633789062,187.75,217123
2024-01-04 17:30:00,187.78500366210938,187.80999755859375,187.2100067138672,187.7100067138672,150733
2024-01-04 18:30:00,187.7550048828125,187.94000244140625,187.3101043701172,187.44000244140625,124771
2024-01-04 19:30:00,187.3800048828125,187.75,187.0800018310547,187.28500366210938,176511
2024-01-04 20:30:00,187.3000030517578,187.5399932861328,186.94000244140625,187.17999267578125,440290
2024-01-05 14:30:00,186.82000732421875,189.50999450683594,186.5207061767578,188.91000366210938,398246
2024-01-05 15:30:00,188.9499969482422,189.49000549316406,188.7550048828125,189.08999633789062,284292
2024-01-05 16:30:00,189.1999969482422,189.42999267578125,188.19000244140625,188.30499267578125,189445
2024-01-05 17:30:00,188.2899932861328,188.55999755859375,187.8383026123047,188.38999938964844,125361
2024-01-05 18:30:00,188.41000366210938,189.19000244140625,188.41000366210938,189.125,239281
2024-01-05 19:30:00,189.10000610351562,189.2100067138672,188.3699951171875,188.6199951171875,147609
2024-01-05 20:30:00,188.5500030517578,189.09500122070312,188.32000732421875,189.0,329894
2024-01-08 14:30:00,188.22000122070312,188.52000427246094,186.3800048828125,186.80999755859375,681063
2024-01-08 15:30:00,186.97000122070312,187.72000122070312,186.92999267578125,187.47000122070312,329543
2024-01-08 16:30:00,187.48500061035156,187.49000549316406,186.97000122070312,187.33999633789062,251389
2024-01-08 17:30:00,187.33999633789062,187.63999938964844,187.17999267578125,187.30499267578125,336296
2024-01-08 18:30:00,187.3300018310547,188.22999572753906,187.2899932861328,188.17750549316406,275980
2024-01-08 19:30:00,188.16000366210938,188.5749969482422,188.12469482421875,188.47000122070312,276784
2024-01-08 20:30:00,188.50999450683594,189.3300018310547,188.47999572753906,189.22000122070312,515640
2024-01-09 14:30:00,187.8300018310547,187.99000549316406,186.92999267578125,187.24000549316406,294424
2024-01-09 15:30:00,187.1699981689453,187.3699951171875,186.75999450683594,187.3699951171875,156069
2024-01-09 16:30:00,187.3699951171875,187.75,187.3350067138672,187.5500030517578,117519
2024-01-09 17:30:00,187.5800018310547,187.69000244140625,186.89999389648438,186.9499969482422,116024
2024-01-09 18:30:00,186.94000244140625,187.27999877929688,186.35000610351562,186.39999389648438,149013
2024-01-09 19:30:00,186.4199981689453,186.75,186.34030151367188,186.50999450683594,187061
2024-01-09 20:30:00,186.5500030517578,186.86000061035156,186.38999938964844,186.82000732421875,333939
2024-01-10 14:30:00,185.02999877929688,186.10000610351562,183.67269897460938,184.52999877929688,501191
2024-01-10 15:30:00,184.52999877929688,184.97000122070312,184.39999389648438,184.6999969482422,274975
2024-01-10 16:30:00,184.72000122070312,184.8000030517578,183.9250946044922,184.1199951171875,256248
2024-01-10 17:30:00,184.10800170898438,184.24000549316406,183.67999267578125,183.89999389648438,267844
2024-01-10 18:30:00,183.8800048828125,185.17140197753906,183.8800048828125,185.13999938964844,171551
2024-01-10 19:30:00,185.16000366210938,185.72000122070312,184.60009765625,184.7050018310547,205428
2024-01-10 20:30:00,184.6999969482422,185.16000366210938,184.59100341796875,184.9600067138672,373559
2024-01-11 14:30:00,185.00999450683594,185.17999267578125,182.0399932861328,182.9600067138672,547335
2024-01-11 15:30:00,182.97000122070312,183.14999389648438,182.2050018310547,182.96499633789062,441976
2024-01-11 16:30:00,182.9600067138672,183.6699981689453,182.90499877929688,183.4532928466797,285839
2024-01-11 17:30:00,183.4600067138672,184.27000427246094,183.42100524902344,184.0500030517578,218237
2024-01-11 18:30:00,184.0399932861328,184.58999633789062,183.94000244140625,184.55999755859375,198779
2024-01-11 19:30:00,184.625,184.91000366210938,184.4149932861328,184.52999877929688,294517
2024-01-11 20:30:00,184.5399932861328,185.36000061035156,184.41000366210938,185.02999877929688,457345
2024-01-12 14:30:00,185.8300018310547,186.40899658203125,183.52000427246094,183.80999755859375,422586
2024-01-12 15:30:00,183.80999755859375,184.07000732421875,182.6699981689453,182.93499755859375,276937
2024-01-12 16:30:00,182.94000244140625,183.0500030517578,182.0399932861328,182.28500366210938,260162
2024-01-12 17:30:00,182.25999450683594,183.19000244140625,181.9499969482422,183.13999938964844,247776
2024-01-12 18:30:00,183.24000549316406,183.4499969482422,182.97000122070312,183.25,209870
2024-01-12 19:30:00,183.2050018310547,183.2050018310547,182.3699951171875,182.68499755859375,264308
2024-01-12 20:30:00,182.67999267578125,182.99000549316406,181.9600067138672,182.02000427246094,648404
2024-01-16 14:30:00,181.00999450683594,181.0800018310547,178.82000732421875,180.3000030517578,623071
2024-01-16 15:30:00,180.3300018310547,180.60499572753906,179.38999938964844,180.0749969482422,300610
2024-01-16 16:30:00,180.1199951171875,180.2449951171875,179.77000427246094,179.94000244140625,409613
2024-01-16 17:30:00,179.97000122070312,180.4199981689453,179.6300048828125,180.32000732421875,255281
2024-01-16 18:30:00,180.32000732421875,180.4199981689453,179.44000244140625,179.4600067138672,325120
2024-01-16 19:30:00,179.4550018310547,180.02000427246094,179.35000610351562,180.01499938964844,358207
2024-01-16 20:30:00,180.02049255371094,181.14999389648438,180.02049255371094,180.94000244140625,597883
2024-01-17 14:30:00,179.4499969482422,181.60000610351562,179.0,181.36500549316406,381965
2024-01-17 15:30:00,181.375,181.52000427246094,180.72000122070312,181.07000732421875,223892
2024-01-17 16:30:00,181.02999877929688,181.27999877929688,180.4499969482422,180.52000427246094,195589
2024-01-17 17:30:00,180.55999755859375,180.72000122070312,180.17999267578125,180.22000122070312,213688
2024-01-17 18:30:00,180.22000122070312,180.42999267578125,179.9600067138672,180.32000732421875,264784
2024-01-17 19:30:00,180.375,180.52999877929688,180.07000732421875,180.3000030517578,221866
2024-01-17 20:30:00,180.3090057373047,181.15499877929688,180.3000030517578,181.02999877929688,455745
2024-01-18 14:30:00,180.10000610351562,180.10000610351562,178.67999267578125,179.57000732421875,507424
2024-01-18 15:30:00,179.5399932861328,179.67999267578125,178.5500030517578,179.00999450683594,346440
2024-01-18 16:30:00,179.0,179.22000122070312,177.80999755859375,178.13999938964844,356494
2024-01-18 17:30:00,178.16000366210938,178.5,177.8699951171875,178.22000122070312,249421
2024-01-18 18:30:00,178.2100067138672,179.27000427246094,178.17999267578125,179.24000549316406,273697
2024-01-18 19:30:00,179.25999450683594,179.90989685058594,178.99000549316406,179.8800048828125,329374
2024-01-18 20:30:00,179.89999389648438,180.19000244140625,179.5800018310547,179.7899932861328,566442
2024-01-19 14:30:00,181.0,181.3300018310547,179.41000366210938,181.2899932861328,537599
2024-01-19 15:30:00,181.3000030517578,181.58999633789062,180.67999267578125,181.22000122070312,435743
2024-01-19 16:30:00,181.2198944091797,181.69000244140625,180.83999633789062,181.66000366210938,366348
2024-01-19 17:30:00,181.67999267578125,182.09530639648438,181.375,182.02999877929688,311499
2024-01-19 18:30:00,182.02999877929688,183.24000549316406,181.99000549316406,182.89999389648438,288197
2024-01-19 19:30:00,182.91000366210938,183.3699951171875,182.55999755859375,183.16000366210938,369887
2024-01-19 20:30:00,183.16000366210938,183.3800048828125,183.02000427246094,183.19000244140625,533269
2024-01-22 14:30:00,184.25999450683594,186.77000427246094,184.1699981689453,186.7100067138672,385178
2024-01-22 15:30:00,186.7198944091797,186.7198944091797,185.40499877929688,185.86000061035156,338906
2024-01-22 16:30:00,185.89500427246094,185.89500427246094,185.27999877929688,185.49000549316406,234577
2024-01-22 17:30:00,185.49000549316406,185.49000549316406,184.30999755859375,184.3249969482422,233697
2024-01-22 18:30:00,184.2899932861328,184.6300048828125,184.05999755859375,184.25,217999
2024-01-22 19:30:00,184.32000732421875,184.77000427246094,184.17999267578125,184.72999572753906,469681
2024-01-22 20:30:00,184.75,185.3000030517578,184.7050018310547,185.00999450683594,347517
2024-01-23 14:30:00,185.67999267578125,186.02000427246094,185.0500030517578,185.97999572753906,365711
2024-01-23 15:30:00,185.9199981689453,185.94000244140625,184.99000549316406,185.27000427246094,341907
2024-01-23 16:30:00,185.22999572753906,185.41000366210938,184.80999755859375,185.2949981689453,181979
2024-01-23 17:30:00,185.30999755859375,185.55999755859375,185.14999389648438,185.3300018310547,282227
2024-01-23 18:30:00,185.33999633789062,185.47000122070312,185.02999877929688,185.22000122070312,152696
2024-01-23 19:30:00,185.2100067138672,185.82000732421875,185.02999877929688,185.5749969482422,224309
2024-01-23 20:30:00,185.5500030517578,185.7899932861328,185.3300018310547,185.47999572753906,398032
2024-01-24 14:30:00,187.08999633789062,187.99000549316406,186.22999572753906,187.10000610351562,408930
2024-01-24 15:30:00,187.0500030517578,188.1199951171875,186.94000244140625,188.0850067138672,329358
2024-01-24 16:30:00,188.10000610351562,188.1999969482422,187.75999450683594,188.08999633789062,317730
2024-01-24 17:30:00,188.11000061035156,188.4199981689453,187.24000549316406,187.50999450683594,383670
2024-01-24 18:30:00,187.47000122070312,187.47000122070312,186.25,186.35499572753906,247324
2024-01-24 19:30:00,186.36000061035156,186.5800018310547,185.72500610351562,185.89999389648438,221426
2024-01-24 20:30:00,185.88999938964844,186.25999450683594,185.75999450683594,185.82000732421875,438074
2024-01-25 14:30:00,186.44000244140625,187.94000244140625,186.42999267578125,187.78179931640625,384696
2024-01-25 15:30:00,187.8000030517578,188.02000427246094,187.02999877929688,187.9600067138672,317894
2024-01-25 16:30:00,187.9600067138672,188.0,187.25,187.36000061035156,316705
2024-01-25 17:30:00,187.3800048828125,187.8800048828125,187.02000427246094,187.7899932861328,315034
2024-01-25 18:30:00,187.77999877929688,188.07000732421875,187.45799255371094,187.91000366210938,336390
2024-01-25 19:30:00,187.9149932861328,188.22999572753906,187.67999267578125,188.0399932861328,384553
2024-01-25 20:30:00,188.0399932861328,188.3300018310547,187.72000122070312,188.0800018310547,715040
2024-01-26 14:30:00,192.5399932861328,203.48989868164062,192.25999450683594,202.19000244140625,5399327
2024-01-26 15:30:00,202.22999572753906,204.77000427246094,201.52999877929688,202.26499938964844,2142104
2024-01-26 16:30:00,202.1699981689453,202.7899932861328,200.44000244140625,201.39999389648438,1009745
2024-01-26 17:30:00,201.33999633789062,201.3800048828125,199.14999389648438,200.19000244140625,959126
2024-01-26 18:30:00,200.1999969482422,200.77999877929688,199.5,200.49000549316406,661137
2024-01-26 19:30:00,200.5399932861328,201.99000549316406,200.27000427246094,201.07000732421875,807536
2024-01-26 20:30:00,201.08999633789062,201.67999267578125,200.90499877929688,201.44000244140625,1244457
2024-01-29 14:30:00,201.91000366210938,202.89999389648438,200.53500366210938,200.91000366210938,1118333
2024-01-29 15:30:00,200.9095001220703,201.3699951171875,199.94000244140625,200.25250244140625,426840
2024-01-29 16:30:00,200.27999877929688,200.41000366210938,199.1199951171875,199.61500549316406,488505
2024-01-29 17:30:00,199.61380004882812,199.63499450683594,199.07000732421875,199.2700958251953,343902
2024-01-29 18:30:00,199.26499938964844,199.75999450683594,199.10000610351562,199.6999969482422,310145
2024-01-29 19:30:00,199.69000244140625,200.8800048828125,199.5,200.42999267578125,491298
2024-01-29 20:30:00,200.42999267578125,200.86000061035156,199.97000122070312,200.80999755859375,708005
2024-01-30 14:30:00,200.5,202.74000549316406,200.41000366210938,202.3300018310547,661684
2024-01-30 15:30:00,202.30499267578125,202.7899932861328,201.86000061035156,202.77999877929688,482047
2024-01-30 16:30:00,202.77999877929688,203.31809997558594,202.66000366210938,202.8603057861328,425046
2024-01-30 17:30:00,202.8000030517578,203.32000732421875,202.51080322265625,203.0500030517578,354894
2024-01-30 18:30:00,203.07000732421875,203.7899932861328,203.07000732421875,203.64500427246094,416967
2024-01-30 19:30:00,203.66000366210938,204.44000244140625,203.34280395507812,204.14999389648438,560635
2024-01-30 20:30:00,204.1199951171875,204.25,203.8000030517578,204.1300048828125,634369
2024-01-31 14:30:00,202.39999389648438,205.32000732421875,202.0800018310547,204.27999877929688,619383
2024-01-31 15:30:00,204.24420166015625,204.36000061035156,202.8800048828125,203.23500061035156,348977
2024-01-31 16:30:00,203.25,204.27000427246094,202.46499633789062,204.11000061035156,258946
2024-01-31 17:30:00,204.07000732421875,204.13999938964844,203.39500427246094,203.67999267578125,200898
2024-01-31 18:30:00,203.7899932861328,203.80999755859375,202.46499633789062,203.4600067138672,261104
2024-01-31 19:30:00,203.52999877929688,204.75,201.75,202.1999969482422,381666
2024-01-31 20:30:00,202.17999267578125,202.20989990234375,200.66000366210938,200.72999572753906,478173
2024-02-01 14:30:00,200.36000061035156,203.02000427246094,200.36000061035156,202.32000732421875,582431
2024-02-01 15:30:00,202.3300018310547,202.38999938964844,199.8800048828125,200.7949981689453,390834
2024-02-01 16:30:00,200.7949981689453,202.74000549316406,200.75999450683594,202.38999938964844,328465
2024-02-01 17:30:00,202.35000610351562,203.47000122070312,202.27999877929688,202.52999877929688,251542
2024-02-01 18:30:00,202.50999450683594,202.80999755859375,202.10000610351562,202.57000732421875,230800
2024-02-01 19:30:00,202.57000732421875,203.17999267578125,201.6699981689453,202.9600067138672,332843
2024-02-01 20:30:00,202.97000122070312,203.27000427246094,202.35000610351562,203.2100067138672,393781
2024-02-02 14:30:00,203.38999938964844,204.83999633789062,203.0,204.4095001220703,486251
2024-02-02 15:30:00,204.4600067138672,205.0850067138672,203.7823028564453,205.0399932861328,289865
2024-02-02 16:30:00,205.02999877929688,205.8800048828125,204.8699951171875,205.77000427246094,289732
2024-02-02 17:30:00,205.77999877929688,206.3300018310547,204.9600067138672,205.77999877929688,377980
2024-02-02 18:30:00,205.78500366210938,206.86680603027344,205.6300048828125,206.4105987548828,301375
2024-02-02 19:30:00,206.4199981689453,206.97000122070312,206.27000427246094,206.8000030517578,321239
2024-02-02 20:30:00,206.80999755859375,206.91000366210938,205.91000366210938,206.33999633789062,569631
2024-02-05 14:30:00,205.49000549316406,205.92999267578125,203.4199981689453,204.37010192871094,739210
2024-02-05 15:30:00,204.41000366210938,204.86000061035156,203.66000366210938,204.3800048828125,308141
2024-02-05 16:30:00,204.4149932861328,205.22000122070312,204.41000366210938,205.22000122070312,304848
2024-02-05 17:30:00,205.25,205.77499389648438,205.1199951171875,205.1199951171875,219253
2024-02-05 18:30:00,205.08999633789062,206.05499267578125,205.07000732421875,206.0500030517578,203205
2024-02-05 19:30:00,206.0500030517578,206.6199951171875,205.82000732421875,206.55999755859375,380821
2024-02-05 20:30:00,206.55999755859375,206.72000122070312,205.82000732421875,205.82000732421875,420886
2024-02-06 14:30:00,205.44000244140625,207.0800018310547,204.87399291992188,205.5800018310547,470910
2024-02-06 15:30:00,205.58999633789062,205.9199981689453,204.85000610351562,205.58999633789062,389277
2024-02-06 16:30:00,205.5718994140625,205.73500061035156,204.52000427246094,204.8000030517578,311469
2024-02-06 17:30:00,204.85000610351562,204.96600341796875,204.18099975585938,204.72000122070312,305823
2024-02-06 18:30:00,204.7100067138672,204.9199981689453,204.27040100097656,204.36000061035156,394219
2024-02-06 19:30:00,204.3800048828125,204.97000122070312,204.0,204.8699951171875,510770
2024-02-06 20:30:00,204.8800048828125,205.69000244140625,204.6999969482422,205.61000061035156,388894
2024-02-07 14:30:00,207.0800018310547,207.63999938964844,205.60000610351562,207.0800018310547,355528
2024-02-07 15:30:00,207.11000061035156,207.47500610351562,206.6699981689453,207.35000610351562,413200
2024-02-07 16:30:00,207.38999938964844,208.01499938964844,207.27999877929688,207.84500122070312,258952
2024-02-07 17:30:00,207.8300018310547,208.6699981689453,207.5800018310547,208.63999938964844,297684
2024-02-07 18:30:00,208.69000244140625,208.77999877929688,208.22000122070312,208.52000427246094,248602
2024-02-07 19:30:00,208.55999755859375,208.99000549316406,208.39999389648438,208.64999389648438,313888
2024-02-07 20:30:00,208.69000244140625,209.14999389648438,208.6199951171875,209.07000732421875,657672
2024-02-08 14:30:00,208.25,211.16000366210938,208.1750030517578,209.6699981689453,1044899
2024-02-08 15:30:00,209.6999969482422,210.1300048828125,207.9499969482422,208.27999877929688,473573
2024-02-08 16:30:00,208.27000427246094,208.93499755859375,208.1699981689453,208.88999938964844,255581
2024-02-08 17:30:00,208.88499450683594,209.08999633789062,208.5500030517578,208.92999267578125,272793
2024-02-08 18:30:00,208.92999267578125,210.35499572753906,208.90499877929688,210.21499633789062,215739
2024-02-08 19:30:00,210.21499633789062,210.3249969482422,209.6199951171875,210.2449951171875,378551
2024-02-08 20:30:00,210.25,211.33999633789062,210.22500610351562,211.19000244140625,946649
2024-02-09 14:30:00,211.5500030517578,214.25,210.41000366210938,210.75,721130
2024-02-09 15:30:00,210.69749450683594,211.64999389648438,210.69749450683594,211.5800018310547,486445
2024-02-09 16:30:00,211.5800018310547,211.97500610351562,211.0399932861328,211.94000244140625,514913
2024-02-09 17:30:00,211.9499969482422,213.24000549316406,211.6999969482422,213.1699981689453,495982
2024-02-09 18:30:00,213.1999969482422,213.2899932861328,212.92999267578125,213.27000427246094,332542
2024-02-09 19:30:00,213.3000030517578,213.63499450683594,212.38999938964844,212.4600067138672,813721
2024-02-09 20:30:00,212.4499969482422,212.75,212.0,212.44000244140625,731662
2024-02-12 14:30:00,212.25,213.17799377441406,211.61000061035156,212.05999755859375,550128
2024-02-12 15:30:00,212.07000732421875,213.52000427246094,212.05999755859375,213.3699951171875,712434
2024-02-12 16:30:00,213.4600067138672,213.8800048828125,212.75,213.2899932861328,346702
2024-02-12 17:30:00,213.2949981689453,214.00999450683594,213.27000427246094,213.7100067138672,306772
2024-02-12 18:30:00,213.67999267578125,213.93499755859375,212.4499969482422,212.9499969482422,333546
2024-02-12 19:30:00,212.9499969482422,212.99000549316406,212.28500366210938,212.75,372994
2024-02-12 20:30:00,212.72999572753906,212.75,212.14999389648438,212.30999755859375,589244
2024-02-13 14:30:00,210.22000122070312,210.97000122070312,207.9499969482422,209.17999267578125,675412
2024-02-13 15:30:00,209.2899932861328,209.75,209.05999755859375,209.61000061035156,301779
2024-02-13 16:30:00,209.66000366210938,210.30999755859375,209.32000732421875,209.5399932861328,207378
2024-02-13 17:30:00,209.52000427246094,209.97000122070312,209.1300048828125,209.27000427246094,199535
2024-02-13 18:30:00,209.25,209.3300018310547,208.02000427246094,208.3125,309248
2024-02-13 19:30:00,208.3000030517578,208.8300018310547,207.61000061035156,208.13999938964844,419070
2024-02-13 20:30:00,208.14999389648438,209.8000030517578,208.0399932861328,209.64999389648438,611550
2024-02-14 14:30:00,211.1479949951172,211.29100036621094,209.24000549316406,210.52999877929688,373488
2024-02-14 15:30:00,210.5399932861328,210.91310119628906,209.07080078125,209.50999450683594,344325
2024-02-14 16:30:00,209.5399932861328,209.75999450683594,208.8242950439453,209.75999450683594,288155
2024-02-14 17:30:00,209.75999450683594,209.99000549316406,209.3699951171875,209.72999572753906,164092
2024-02-14 18:30:00,209.77999877929688,210.25999450683594,209.64999389648438,210.0500030517578,214884
2024-02-14 19:30:00,210.11000061035156,211.00999450683594,209.94000244140625,210.8795928955078,315190
2024-02-14 20:30:00,210.9199981689453,211.11000061035156,210.42999267578125,210.8800048828125,513007
2024-02-15 14:30:00,211.47000122070312,212.64999389648438,211.27999877929688,211.6300048828125,433075
2024-02-15 15:30:00,211.55999755859375,211.72000122070312,210.64999389648438,210.75999450683594,283631
2024-02-15 16:30:00,210.77000427246094,211.98500061035156,210.66000366210938,211.75999450683594,252597
2024-02-15 17:30:00,211.8300018310547,212.1999969482422,211.5,212.13499450683594,237369
2024-02-15 18:30:00,212.1999969482422,213.1199951171875,211.77000427246094,212.77999877929688,245146
2024-02-15 19:30:00,212.78550720214844,212.97999572753906,212.4499969482422,212.94000244140625,314325
2024-02-15 20:30:00,212.94000244140625,212.94000244140625,212.30999755859375,212.5399932861328,391431
2024-02-16 14:30:00,212.52999877929688,214.0,211.8699951171875,213.61000061035156,535808
2024-02-16 15:30:00,213.61000061035156,214.0175018310547,213.13999938964844,213.99000549316406,250237
2024-02-16 16:30:00,213.98500061035156,214.2899932861328,213.7899932861328,214.13999938964844,228850
2024-02-16 17:30:00,214.1699981689453,214.22000122070312,213.0399932861328,213.74000549316406,208773
2024-02-16 18:30:00,213.72999572753906,214.2100067138672,213.55999755859375,214.0399932861328,219827
2024-02-16 19:30:00,214.02999877929688,214.08999633789062,212.8000030517578,213.47500610351562,447603
2024-02-16 20:30:00,213.47999572753906,213.48500061035156,212.4600067138672,212.5500030517578,523860
2024-02-20 14:30:00,211.0,212.66000366210938,210.27999877929688,212.05999755859375,874141
2024-02-20 15:30:00,212.11000061035156,213.75,211.82000732421875,213.2028045654297,394678
2024-02-20 16:30:00,213.22999572753906,213.2899932861328,212.17999267578125,212.50999450683594,250899
2024-02-20 17:30:00,212.50999450683594,212.99000549316406,212.25999450683594,212.8000030517578,180402
2024-02-20 18:30:00,212.75,213.0399932861328,212.10000610351562,212.27499389648438,227813
2024-02-20 19:30:00,212.2899932861328,213.3000030517578,211.99000549316406,213.25,395928
2024-02-20 20:30:00,213.25999450683594,213.3000030517578,212.10499572753906,212.5500030517578,565508
2024-02-21 14:30:00,211.60000610351562,212.69000244140625,210.4550018310547,210.77000427246094,622519
2024-02-21 15:30:00,210.82000732421875,211.0,209.88999938964844,210.72999572753906,340967
2024-02-21 16:30:00,210.74000549316406,211.05999755859375,210.4199981689453,210.5500030517578,218165
2024-02-21 17:30:00,210.55999755859375,210.83999633789062,209.7899932861328,210.25,214973
2024-02-21 18:30:00,210.2899932861328,210.6699981689453,209.77999877929688,210.0399932861328,226826
2024-02-21 19:30:00,210.0500030517578,210.0500030517578,209.10000610351562,209.41000366210938,303805
2024-02-21 20:30:00,209.42999267578125,211.0500030517578,209.3800048828125,210.82000732421875,338497
2024-02-22 14:30:00,212.47999572753906,214.7899932861328,212.47999572753906,214.3699951171875,572294
2024-02-22 15:30:00,214.3300018310547,214.9149932861328,214.19000244140625,214.8300018310547,246943
2024-02-22 16:30:00,214.86000061035156,215.1300048828125,214.3300018310547,214.75,351034
2024-02-22 17:30:00,214.73500061035156,215.17999267578125,214.60499572753906,215.07000732421875,228955
2024-02-22 18:30:00,215.11000061035156,215.5449981689453,215.00999450683594,215.35000610351562,256020
2024-02-22 19:30:00,215.33999633789062,215.3699951171875,214.16000366210938,214.4600067138672,321464
2024-02-22 20:30:00,214.4600067138672,214.82000732421875,213.94000244140625,213.97000122070312,509272
2024-02-23 14:30:00,215.0,216.31500244140625,214.61000061035156,215.91000366210938,399129
2024-02-23 15:30:00,215.98500061035156,216.2899932861328,215.02000427246094,215.66000366210938,504930
2024-02-23 16:30:00,215.68499755859375,216.03500366210938,215.3300018310547,215.77000427246094,156874
2024-02-23 17:30:00,215.7899932861328,216.0800018310547,215.54200744628906,215.69000244140625,171664
2024-02-23 18:30:00,215.67999267578125,215.80999755859375,214.2550048828125,214.36000061035156,243154
2024-02-23 19:30:00,214.3000030517578,214.91000366210938,214.25999450683594,214.8249969482422,187199
2024-02-23 20:30:00,214.83999633789062,215.1199951171875,214.55999755859375,214.55999755859375,322247
2024-02-26 14:30:00,213.4199981689453,216.32000732421875,213.25,215.67999267578125,364813
2024-02-26 15:30:00,215.67999267578125,216.2899932861328,215.4499969482422,216.2050018310547,231168
2024-02-26 16:30:00,216.2100067138672,217.38999938964844,215.8000030517578,217.25999450683594,415937
2024-02-26 17:30:00,217.22000122070312,217.25999450683594,216.47000122070312,216.55999755859375,218449
2024-02-26 18:30:00,216.53500366210938,216.89999389648438,216.08999633789062,216.81500244140625,216999
2024-02-26 19:30:00,216.81500244140625,217.27000427246094,216.49000549316406,217.25999450683594,265032
2024-02-26 20:30:00,217.27000427246094,217.5399932861328,216.91000366210938,216.9600067138672,514296
2024-02-27 14:30:00,217.42999267578125,217.75999450683594,216.72999572753906,217.2899932861328,355251
2024-02-27 15:30:00,217.27000427246094,217.89999389648438,216.9499969482422,217.4199981689453,268491
2024-02-27 16:30:00,217.41000366210938,217.58999633789062,217.0500030517578,217.44000244140625,206086
2024-02-27 17:30:00,217.4600067138672,217.6699981689453,217.16000366210938,217.1750030517578,195963
2024-02-27 18:30:00,217.19000244140625,217.36000061035156,216.84730529785156,216.8800048828125,184102
2024-02-27 19:30:00,216.88499450683594,216.97500610351562,216.2949981689453,216.94000244140625,302234
2024-02-27 20:30:00,216.94000244140625,218.0800018310547,216.8209991455078,217.94000244140625,409558
2024-02-28 14:30:00,217.17999267578125,218.72999572753906,216.75999450683594,218.2100067138672,403867
2024-02-28 15:30:00,218.1999969482422,219.05999755859375,218.15499877929688,218.77999877929688,241783
2024-02-28 16:30:00,218.72500610351562,219.1999969482422,218.4550018310547,218.61000061035156,238034
2024-02-28 17:30:00,218.55499267578125,218.77999877929688,218.33999633789062,218.6999969482422,151723
2024-02-28 18:30:00,218.6999969482422,218.77999877929688,217.90499877929688,218.14999389648438,210681
2024-02-28 19:30:00,218.10000610351562,218.2100067138672,217.77999877929688,218.1750030517578,226641
2024-02-28 20:30:00,218.1750030517578,218.1999969482422,217.69000244140625,218.02999877929688,511053
2024-02-29 14:30:00,218.99000549316406,219.38999938964844,217.72999572753906,218.52000427246094,323254
2024-02-29 15:30:00,218.52000427246094,219.1699981689453,218.36000061035156,218.75,279420
2024-02-29 16:30:00,218.72000122070312,218.72000122070312,217.64999389648438,218.4615020751953,200173
2024-02-29 17:30:00,218.49000549316406,219.27000427246094,218.38999938964844,218.94000244140625,230228
2024-02-29 18:30:00,218.99000549316406,219.27999877929688,218.83999633789062,218.98500061035156,189279
2024-02-29 19:30:00,218.92999267578125,219.0800018310547,218.5,218.86500549316406,231001
2024-02-29 20:30:00,218.8800048828125,219.74000549316406,218.84500122070312,219.39999389648438,563719
2024-03-01 14:30:00,219.30999755859375,220.22999572753906,218.42999267578125,219.9550018310547,455766
2024-03-01 15:30:00,220.02000427246094,220.3800048828125,219.4499969482422,219.57000732421875,280941
2024-03-01 16:30:00,219.55999755859375,219.82000732421875,219.2899932861328,219.6699981689453,186901
2024-03-01 17:30:00,219.67999267578125,220.0,219.39999389648438,219.52999877929688,175702
2024-03-01 18:30:00,219.5050048828125,220.25999450683594,219.4199981689453,219.92999267578125,192748
2024-03-01 19:30:00,219.9199981689453,220.0500030517578,219.44000244140625,219.94400024414062,234029
2024-03-01 20:30:00,219.97000122070312,220.0399932861328,219.4499969482422,219.66000366210938,388343
2024-03-04 14:30:00,219.07000732421875,219.3000030517578,217.24000549316406,218.30999755859375,553149
2024-03-04 15:30:00,218.3300018310547,218.92999267578125,217.32000732421875,217.69000244140625,399356
2024-03-04 16:30:00,217.6999969482422,218.58999633789062,217.4949951171875,218.2100067138672,303276
2024-03-04 17:30:00,218.22000122070312,218.6699981689453,218.19000244140625,218.1999969482422,139217
2024-03-04 18:30:00,218.19000244140625,218.47999572753906,217.9499969482422,218.27000427246094,159217
2024-03-04 19:30:00,218.28500366210938,219.5800018310547,218.28500366210938,219.0500030517578,249839
2024-03-04 20:30:00,219.0500030517578,219.25,218.5399932861328,218.9499969482422,424186
2024-03-05 14:30:00,217.44000244140625,218.89999389648438,217.0800018310547,217.75,349264
2024-03-05 15:30:00,217.75,217.83999633789062,217.08999633789062,217.4199981689453,371126
2024-03-05 16:30:00,217.4324951171875,217.85000610351562,216.61000061035156,217.30499267578125,263317
2024-03-05 17:30:00,217.3300018310547,217.5800018310547,216.97000122070312,217.05999755859375,192393
2024-03-05 18:30:00,217.02999877929688,217.44000244140625,216.76499938964844,217.22000122070312,295690
2024-03-05 19:30:00,217.1999969482422,217.1999969482422,216.12179565429688,216.35699462890625,312161
2024-03-05 20:30:00,216.3249969482422,217.60000610351562,216.19000244140625,217.1999969482422,435649
2024-03-06 14:30:00,217.6199951171875,219.2899932861328,217.27999877929688,217.99000549316406,561151
2024-03-06 15:30:00,217.97000122070312,218.8699951171875,217.86000061035156,218.80999755859375,272464
2024-03-06 16:30:00,218.80999755859375,218.8800048828125,217.27000427246094,217.35000610351562,432979
2024-03-06 17:30:00,217.36000061035156,218.69500732421875,217.36000061035156,218.60000610351562,194478
2024-03-06 18:30:00,218.63999938964844,218.64999389648438,217.5800018310547,218.55999755859375,174318
2024-03-06 19:30:00,218.58999633789062,218.66000366210938,217.73500061035156,218.10989379882812,270699
2024-03-06 20:30:00,218.07000732421875,218.63999938964844,217.9199981689453,218.49000549316406,375331
2024-03-07 14:30:00,221.00999450683594,224.69000244140625,220.80999755859375,222.32000732421875,697761
2024-03-07 15:30:00,222.39999389648438,223.36000061035156,221.77999877929688,222.47000122070312,296138
2024-03-07 16:30:00,222.42999267578125,223.23500061035156,222.18499755859375,222.7698974609375,263746
2024-03-07 17:30:00,222.7100067138672,223.1300048828125,222.03500366210938,223.0,194206
2024-03-07 18:30:00,223.0399932861328,223.8000030517578,222.88999938964844,223.0500030517578,244864
2024-03-07 19:30:00,223.00999450683594,223.16070556640625,222.27000427246094,222.89999389648438,245148
2024-03-07 20:30:00,222.8800048828125,223.75,222.85000610351562,223.35000610351562,492494
2024-03-08 14:30:00,223.0399932861328,224.89500427246094,222.83689880371094,224.0500030517578,377960
2024-03-08 15:30:00,224.10499572753906,224.5399932861328,223.22999572753906,223.22999572753906,220089
2024-03-08 16:30:00,223.2100067138672,223.75999450683594,222.8699951171875,223.75,207081
2024-03-08 17:30:00,223.67999267578125,224.06069946289062,222.85000610351562,223.9499969482422,191187
2024-03-08 18:30:00,223.9149932861328,224.30979919433594,222.8800048828125,224.1699981689453,169961
2024-03-08 19:30:00,224.25,224.67999267578125,223.25,223.35499572753906,203953
2024-03-08 20:30:00,223.27999877929688,223.88999938964844,223.27999877929688,223.3699951171875,322107
2024-03-11 13:30:00,221.9199981689453,222.36000061035156,219.4499969482422,219.6300048828125,448492
2024-03-11 14:30:00,219.64999389648438,220.22999572753906,218.9600067138672,218.98500061035156,379425
2024-03-11 15:30:00,218.9600067138672,220.06500244140625,218.29379272460938,219.98309326171875,323043
2024-03-11 16:30:00,219.99000549316406,220.3300018310547,219.6199951171875,220.27999877929688,211991
2024-03-11 17:30:00,220.27999877929688,221.13229370117188,220.1999969482422,221.07000732421875,213804
2024-03-11 18:30:00,221.02999877929688,221.19000244140625,220.52000427246094,220.5290069580078,185286
2024-03-11 19:30:00,220.5124969482422,220.62969970703125,220.02999877929688,220.1999969482422,450974
2024-03-12 13:30:00,221.24000549316406,221.39999389648438,219.63999938964844,221.38999938964844,275974
2024-03-12 14:30:00,221.3699951171875,222.5,221.35000610351562,221.85000610351562,201249
2024-03-12 15:30:00,221.86500549316406,222.10000610351562,221.52499389648438,221.65499877929688,158364
2024-03-12 16:30:00,221.66000366210938,221.72999572753906,220.77000427246094,221.31500244140625,195438
2024-03-12 17:30:00,221.28500366210938,222.66000366210938,221.27999877929688,222.63999938964844,149959
2024-03-12 18:30:00,222.6300048828125,223.4425048828125,222.33999633789062,223.36500549316406,238788
2024-03-12 19:30:00,223.35000610351562,223.35000610351562,222.61000061035156,222.63999938964844,321333
2024-03-13 13:30:00,223.13999938964844,223.4600067138672,221.8699951171875,222.59500122070312,311298
2024-03-13 14:30:00,222.5998992919922,223.3800048828125,222.22999572753906,223.00999450683594,248593
2024-03-13 15:30:00,222.99000549316406,223.22000122070312,222.69000244140625,222.8300018310547,135537
2024-03-13 16:30:00,222.8699951171875,223.49000549316406,222.8699951171875,223.2449951171875,136018
2024-03-13 17:30:00,223.25,223.49000549316406,222.89500427246094,223.24000549316406,144280
2024-03-13 18:30:00,223.27000427246094,223.318603515625,222.02999877929688,222.3699951171875,134429
2024-03-13 19:30:00,222.3800048828125,222.94000244140625,222.10000610351562,222.83999633789062,362555
2024-03-14 13:30:00,224.27999877929688,224.2899932861328,221.60000610351562,221.9149932861328,249007
2024-03-14 14:30:00,221.89999389648438,222.42999267578125,220.9550018310547,221.41000366210938,193150
2024-03-14 15:30:00,221.4499969482422,221.875,221.05499267578125,221.572998046875,178218
2024-03-14 16:30:00,221.63999938964844,221.7899932861328,220.47000122070312,220.47000122070312,130200
2024-03-14 17:30:00,220.5,221.25559997558594,220.25999450683594,220.73500061035156,175179
2024-03-14 18:30:00,220.67999267578125,220.75999450683594,219.2100067138672,219.53500366210938,228079
2024-03-14 19:30:00,219.55499267578125,220.57000732421875,219.10000610351562,220.47999572753906,400144
2024-03-15 13:30:00,220.97999572753906,221.59500122070312,218.8800048828125,220.2899932861328,990186
2024-03-15 14:30:00,220.25999450683594,221.1199951171875,219.94500732421875,220.89999389648438,188961
2024-03-15 15:30:00,220.91000366210938,221.0198974609375,219.52000427246094,219.55999755859375,211458
2024-03-15 16:30:00,219.58999633789062,219.64500427246094,218.77999877929688,218.77999877929688,311618
2024-03-15 17:30:00,218.75999450683594,218.89999389648438,217.6999969482422,218.3699951171875,298731
2024-03-15 18:30:00,218.3800048828125,218.63999938964844,217.52000427246094,217.7949981689453,340444
2024-03-15 19:30:00,217.77000427246094,218.5,217.2169952392578,218.42999267578125,549892
2024-03-18 13:30:00,219.89999389648438,220.9149932861328,218.99000549316406,220.03500366210938,206406
2024-03-18 14:30:00,220.06399536132812,220.82000732421875,219.5,220.8000030517578,122169
2024-03-18 15:30:00,220.77000427246094,220.92999267578125,220.46499633789062,220.7899932861328,108974
2024-03-18 16:30:00,220.8000030517578,221.25,220.4600067138672,221.24000549316406,122282
2024-03-18 17:30:00,221.27000427246094,221.72999572753906,220.66189575195312,221.60000610351562,131935
2024-03-18 18:30:00,221.55499267578125,221.6947021484375,221.13999938964844,221.16000366210938,145818
2024-03-18 19:30:00,221.16000366210938,221.47999572753906,220.60000610351562,220.77999877929688,334504
2024-03-19 13:30:00,221.0500030517578,221.1999969482422,219.3699951171875,220.52000427246094,204851
2024-03-19 14:30:00,220.52999877929688,221.31399536132812,220.52999877929688,220.97999572753906,133030
2024-03-19 15:30:00,221.0399932861328,221.5,220.88999938964844,221.19000244140625,116993
2024-03-19 16:30:00,221.24000549316406,221.9499969482422,221.24000549316406,221.5399932861328,101026
2024-03-19 17:30:00,221.58999633789062,221.66000366210938,220.89999389648438,221.00999450683594,79779
2024-03-19 18:30:00,221.00999450683594,221.75,220.97000122070312,221.07000732421875,146183
2024-03-19 19:30:00,221.05999755859375,221.69000244140625,220.93499755859375,221.67999267578125,286306
2024-03-20 13:30:00,221.49000549316406,223.0850067138672,221.22500610351562,222.82000732421875,134489
2024-03-20 14:30:00,222.85499572753906,223.52499389648438,222.75999450683594,223.52499389648438,168628
2024-03-20 15:30:00,223.49000549316406,223.5,223.24000549316406,223.4246063232422,87260
2024-03-20 16:30:00,223.38999938964844,223.8800048828125,223.25,223.47000122070312,145604
2024-03-20 17:30:00,223.49000549316406,225.4600067138672,223.4600067138672,225.0399932861328,197200
2024-03-20 18:30:00,225.0399932861328,227.61619567871094,224.19000244140625,227.5800018310547,327410
2024-03-20 19:30:00,227.57000732421875,228.05999755859375,227.0800018310547,227.97000122070312,555775
2024-03-21 13:30:00,229.11000061035156,231.2100067138672,229.0,231.11000061035156,437605
2024-03-21 14:30:00,231.17999267578125,231.69000244140625,230.61000061035156,230.66000366210938,509526
2024-03-21 15:30:00,230.63999938964844,231.41000366210938,230.25999450683594,230.27999877929688,315736
2024-03-21 16:30:00,230.31500244140625,230.57420349121094,229.4600067138672,230.5449981689453,288247
2024-03-21 17:30:00,230.5449981689453,230.72000122070312,230.0800018310547,230.47000122070312,229164
2024-03-21 18:30:00,230.47000122070312,230.6199951171875,229.79930114746094,229.97439575195312,347218
2024-03-21 19:30:00,229.97999572753906,230.0399932861328,228.99000549316406,229.17999267578125,698017
2024-03-22 13:30:00,229.0500030517578,230.5399932861328,228.5500030517578,228.66000366210938,217453
2024-03-22 14:30:00,228.66000366210938,228.69000244140625,227.46499633789062,227.60000610351562,265909
2024-03-22 15:30:00,227.64999389648438,227.72999572753906,226.86000061035156,227.27000427246094,233655
2024-03-22 16:30:00,227.25,227.8699951171875,226.9499969482422,227.52999877929688,241368
2024-03-22 17:30:00,227.52999877929688,227.6699981689453,227.07000732421875,227.5,205401
2024-03-22 18:30:00,227.52000427246094,227.63999938964844,226.3000030517578,226.74000549316406,213376
2024-03-22 19:30:00,226.7899932861328,226.97999572753906,225.91000366210938,225.91000366210938,336511
2024-03-25 13:30:00,225.33999633789062,226.5,225.22999572753906,226.19000244140625,360576
2024-03-25 14:30:00,226.32000732421875,226.99000549316406,226.10499572753906,226.44000244140625,257697
2024-03-25 15:30:00,226.3800048828125,226.63999938964844,226.0500030517578,226.23500061035156,192808
2024-03-25 16:30:00,226.25999450683594,226.47999572753906,226.10000610351562,226.3800048828125,151074
2024-03-25 17:30:00,226.39999389648438,226.58999633789062,226.0330047607422,226.5399932861328,247848
2024-03-25 18:30:00,226.5500030517578,226.64999389648438,225.94000244140625,226.01280212402344,180972
2024-03-25 19:30:00,226.0,226.19000244140625,225.74000549316406,226.0399932861328,332400
2024-03-26 13:30:00,226.6199951171875,226.72500610351562,225.00999450683594,226.5749969482422,319821
2024-03-26 14:30:00,226.56500244140625,226.8699951171875,226.1300048828125,226.4199981689453,200821
2024-03-26 15:30:00,226.42999267578125,226.49000549316406,225.9600067138672,226.22000122070312,103360
2024-03-26 16:30:00,226.1999969482422,226.6649932861328,226.14999389648438,226.27000427246094,114618
2024-03-26 17:30:00,226.26199340820312,226.31500244140625,225.7550048828125,225.83999633789062,94192
2024-03-26 18:30:00,225.82000732421875,226.26199340820312,225.38999938964844,225.4499969482422,132411
2024-03-26 19:30:00,225.44000244140625,225.5399932861328,224.32000732421875,224.6199951171875,357019
2024-03-27 13:30:00,227.1999969482422,227.61000061035156,225.3800048828125,225.63499450683594,250487
2024-03-27 14:30:00,225.59500122070312,225.97000122070312,225.39999389648438,225.67999267578125,211067
2024-03-27 15:30:00,225.67999267578125,225.97000122070312,225.13999938964844,225.5800018310547,171661
2024-03-27 16:30:00,225.61000061035156,226.42999267578125,225.61000061035156,226.1300048828125,122374
2024-03-27 17:30:00,226.11000061035156,226.77000427246094,225.91000366210938,226.72999572753906,237454
2024-03-27 18:30:00,226.73500061035156,227.02499389648438,226.30999755859375,227.0,165142
2024-03-27 19:30:00,226.97999572753906,228.0,226.89999389648438,227.7899932861328,405628
2024-03-28 13:30:00,228.4600067138672,228.4600067138672,226.50999450683594,226.8300018310547,306139
2024-03-28 14:30:00,226.85499572753906,227.1699981689453,226.33999633789062,226.7100067138672,175966
2024-03-28 15:30:00,226.72999572753906,227.61000061035156,226.6999969482422,227.41000366210938,156856
2024-03-28 16:30:00,227.37010192871094,227.41000366210938,226.9600067138672,227.15499877929688,133593
2024-03-28 17:30:00,227.1699981689453,227.76499938964844,226.97000122070312,227.3300018310547,136029
2024-03-28 18:30:00,227.27999877929688,228.1300048828125,227.02000427246094,228.10000610351562,174793
2024-03-28 19:30:00,228.1300048828125,228.2299041748047,227.66000366210938,227.69000244140625,359873
2024-04-01 13:30:00,227.44000244140625,228.57000732421875,227.11000061035156,227.25,208969
2024-04-01 14:30:00,227.25,228.04989624023438,227.05999755859375,227.47000122070312,187917
2024-04-01 15:30:00,227.44000244140625,227.92999267578125,226.92999267578125,227.82000732421875,147174
2024-04-01 16:30:00,227.8350067138672,227.86000061035156,227.22999572753906,227.38999938964844,104607
2024-04-01 17:30:00,227.3800048828125,227.66000366210938,227.27999877929688,227.30999755859375,119341
2024-04-01 18:30:00,227.3000030517578,227.55999755859375,226.8300018310547,227.05999755859375,146375
2024-04-01 19:30:00,227.0800018310547,227.86990356445312,226.9600067138672,227.4199981689453,280167
2024-04-02 13:30:00,226.3699951171875,226.97000122070312,224.5904998779297,226.19000244140625,273894
2024-04-02 14:30:00,226.16000366210938,226.27999877929688,225.19000244140625,225.33999633789062,178890
2024-04-02 15:30:00,225.3000030517578,225.69000244140625,224.9149932861328,225.3800048828125,146615
2024-04-02 16:30:00,225.3699951171875,225.77999877929688,225.34500122070312,225.4600067138672,98662
2024-04-02 17:30:00,225.4499969482422,226.0500030517578,225.1999969482422,226.0500030517578,145063
2024-04-02 18:30:00,226.05999755859375,226.11000061035156,225.1199951171875,225.5399932861328,216959
2024-04-02 19:30:00,225.52999877929688,225.8699951171875,225.4199981689453,225.5800018310547,274414
2024-04-03 13:30:00,225.80999755859375,227.2550048828125,225.25,226.57000732421875,236213
2024-04-03 14:30:00,226.5749969482422,227.05499267578125,226.32000732421875,226.97999572753906,196723
2024-04-03 15:30:00,226.96499633789062,227.13999938964844,226.1199951171875,226.7899932861328,125760
2024-04-03 16:30:00,226.85000610351562,227.00999450683594,226.30999755859375,226.6999969482422,141118
2024-04-03 17:30:00,226.74000549316406,227.10000610351562,226.51010131835938,226.5399932861328,145406
2024-04-03 18:30:00,226.5399932861328,227.05999755859375,225.7550048828125,226.05999755859375,403327
2024-04-03 19:30:00,226.05999755859375,227.00999450683594,226.02499389648438,226.66000366210938,410413
2024-04-04 13:30:00,229.13999938964844,229.67999267578125,227.5,227.7100067138672,274851
2024-04-04 14:30:00,227.72000122070312,227.88250732421875,226.4199981689453,226.8800048828125,154452
2024-04-04 15:30:00,226.91000366210938,227.52000427246094,226.65460205078125,227.08999633789062,172916
2024-04-04 16:30:00,227.08999633789062,227.1199951171875,226.58999633789062,226.6199951171875,182837
2024-04-04 17:30:00,226.60499572753906,226.6699981689453,222.92999267578125,223.02499389648438,197477
2024-04-04 18:30:00,222.99000549316406,222.99000549316406,220.0001983642578,220.0399932861328,518609
2024-04-04 19:30:00,220.0500030517578,220.3699951171875,219.2100067138672,219.61000061035156,542330
2024-04-05 13:30:00,220.0,221.38999938964844,219.52000427246094,220.36000061035156,286655
2024-04-05 14:30:00,220.32000732421875,222.0800018310547,220.25999450683594,222.0800018310547,197382
2024-04-05 15:30:00,222.0800018310547,223.1199951171875,221.9600067138672,222.72500610351562,171812
2024-04-05 16:30:00,222.7100067138672,222.7449951171875,221.58999633789062,222.125,175914
2024-04-05 17:30:00,222.11500549316406,222.71690368652344,221.3300018310547,222.14999389648438,214733
2024-04-05 18:30:00,222.10000610351562,222.49000549316406,221.88760375976562,222.17999267578125,112213
2024-04-05 19:30:00,222.1636962890625,222.55999755859375,221.88499450683594,222.47000122070312,259283
2024-04-08 13:30:00,223.4600067138672,224.60000610351562,223.125,224.33990478515625,244006
2024-04-08 14:30:00,224.25,224.74090576171875,224.00999450683594,224.24000549316406,148884
2024-04-08 15:30:00,224.24000549316406,224.27149963378906,223.5,224.02999877929688,138875
2024-04-08 16:30:00,224.0500030517578,224.5399932861328,223.9199981689453,224.52999877929688,108122
2024-04-08 17:30:00,224.55999755859375,224.85000610351562,224.02999877929688,224.02999877929688,126690
2024-04-08 18:30:00,224.0,224.4250030517578,223.89999389648438,224.4250030517578,129815
2024-04-08 19:30:00,224.4199981689453,224.6300048828125,223.97999572753906,224.1999969482422,237673
2024-04-09 13:30:00,222.99000549316406,223.92999267578125,219.88499450683594,220.13999938964844,508581
2024-04-09 14:30:00,220.00999450683594,220.02000427246094,217.97000122070312,218.8699951171875,394300
2024-04-09 15:30:00,218.85000610351562,220.42999267578125,218.81500244140625,220.18499755859375,177727
2024-04-09 16:30:00,220.16000366210938,220.63999938964844,219.72000122070312,220.0500030517578,195350
2024-04-09 17:30:00,220.02999877929688,220.30999755859375,219.14999389648438,219.20010375976562,237624
2024-04-09 18:30:00,219.2050018310547,220.50999450683594,219.0500030517578,220.30999755859375,497737
2024-04-09 19:30:00,220.30999755859375,220.58999633789062,219.1649932861328,219.83999633789062,733518
2024-04-10 13:30:00,217.50999450683594,218.77999877929688,215.52000427246094,218.4459991455078,546563
2024-04-10 14:30:00,218.3699951171875,219.5,217.80999755859375,218.22999572753906,309152
2024-04-10 15:30:00,218.36000061035156,218.39999389648438,217.6699981689453,217.9949951171875,164741
2024-04-10 16:30:00,218.00999450683594,218.5500030517578,216.80999755859375,217.30999755859375,236948
2024-04-10 17:30:00,217.27999877929688,217.60000610351562,216.36000061035156,216.6199951171875,303394
2024-04-10 18:30:00,216.6300048828125,217.89999389648438,216.0500030517578,217.53089904785156,321717
2024-04-10 19:30:00,217.55999755859375,217.97999572753906,217.0800018310547,217.5399932861328,405734
2024-04-11 13:30:00,217.5,218.0,214.51480102539062,215.0500030517578,497431
2024-04-11 14:30:00,215.11000061035156,216.75999450683594,215.02000427246094,216.2949981689453,317446
2024-04-11 15:30:00,216.27000427246094,217.8699951171875,216.1199951171875,217.2100067138672,281403
2024-04-11 16:30:00,217.22230529785156,218.49000549316406,217.10000610351562,218.07000732421875,224112
2024-04-11 17:30:00,218.07000732421875,218.88999938964844,217.86000061035156,218.77000427246094,246567
2024-04-11 18:30:00,218.83999633789062,219.17010498046875,218.42999267578125,218.82000732421875,225248
2024-04-11 19:30:00,218.72999572753906,218.83999633789062,217.9499969482422,218.07000732421875,510703
2024-04-12 13:30:00,217.0,218.27499389648438,216.9600067138672,217.52499389648438,289967
2024-04-12 14:30:00,217.52499389648438,217.8699951171875,216.57000732421875,217.4250030517578,204026
2024-04-12 15:30:00,217.44000244140625,217.85000610351562,216.76559448242188,216.76559448242188,216113
2024-04-12 16:30:00,216.82000732421875,217.16000366210938,216.3800048828125,216.5,263155
2024-04-12 17:30:00,216.47500610351562,217.57000732421875,216.11500549316406,217.24000549316406,168556
2024-04-12 18:30:00,217.22000122070312,217.25,216.5800018310547,216.8699951171875,229697
2024-04-12 19:30:00,216.88999938964844,218.25999450683594,216.82000732421875,218.25,495920
2024-04-15 13:30:00,221.88999938964844,222.72999572753906,219.52999877929688,220.24000549316406,648125
2024-04-15 14:30:00,220.26499938964844,220.4199981689453,219.0800018310547,219.39959716796875,398427
2024-04-15 15:30:00,219.44000244140625,220.35000610351562,219.1300048828125,219.30999755859375,250315
2024-04-15 16:30:00,219.2899932861328,219.4600067138672,217.5,217.52000427246094,175049
2024-04-15 17:30:00,217.5,217.9499969482422,217.0,217.47000122070312,317126
2024-04-15 18:30:00,217.41000366210938,217.97999572753906,216.82000732421875,217.53500366210938,286289
2024-04-15 19:30:00,217.5399932861328,218.69000244140625,217.4199981689453,218.38999938964844,727382
2024-04-16 13:30:00,217.6999969482422,218.9600067138672,216.9550018310547,217.07000732421875,453592
2024-04-16 14:30:00,216.99000549316406,218.22500610351562,216.50999450683594,217.00999450683594,355788
2024-04-16 15:30:00,216.97999572753906,218.14999389648438,216.5399932861328,217.86000061035156,253232
2024-04-16 16:30:00,217.9499969482422,218.10000610351562,217.36000061035156,217.6999969482422,145190
2024-04-16 17:30:00,217.77000427246094,218.7899932861328,216.8300018310547,217.9550018310547,341368
2024-04-16 18:30:00,217.9550018310547,219.11000061035156,217.92999267578125,219.0050048828125,289131
2024-04-16 19:30:00,218.9949951171875,219.3800048828125,218.1300048828125,218.33999633789062,1618780
2024-04-17 13:30:00,219.55999755859375,220.27999877929688,218.3800048828125,218.7899932861328,306352
2024-04-17 14:30:00,218.72000122070312,218.77000427246094,217.6699981689453,217.86000061035156,310918
2024-04-17 15:30:00,217.8800048828125,218.3000030517578,217.24000549316406,217.32000732421875,301669
2024-04-17 16:30:00,217.25,217.9499969482422,216.52000427246094,217.84500122070312,246301
2024-04-17 17:30:00,217.85499572753906,218.2899932861328,217.66000366210938,217.97000122070312,212910
2024-04-17 18:30:00,218.00999450683594,219.24000549316406,217.5850067138672,217.89999389648438,172493
2024-04-17 19:30:00,217.88499450683594,218.22000122070312,217.5500030517578,217.61000061035156,330543
2024-04-18 13:30:00,218.25999450683594,219.9600067138672,218.0050048828125,219.6300048828125,472639
2024-04-18 14:30:00,219.63999938964844,221.30999755859375,219.5,220.91000366210938,463602
2024-04-18 15:30:00,220.89500427246094,221.44500732421875,220.1999969482422,220.67999267578125,260311
2024-04-18 16:30:00,220.64999389648438,220.6999969482422,218.9499969482422,219.69500732421875,317963
2024-04-18 17:30:00,219.6999969482422,219.72000122070312,218.72000122070312,218.7899932861328,518450
2024-04-18 18:30:00,218.83999633789062,219.0050048828125,218.13999938964844,218.4199981689453,389911
2024-04-18 19:30:00,218.44000244140625,218.8300018310547,217.1750030517578,217.50999450683594,870543
2024-04-19 13:30:00,218.83999633789062,225.48989868164062,218.83999633789062,224.82000732421875,1676140
2024-04-19 14:30:00,224.78250122070312,227.4897003173828,224.6999969482422,227.125,1054020
2024-04-19 15:30:00,227.07000732421875,228.62989807128906,226.1999969482422,227.97000122070312,768488
2024-04-19 16:30:00,227.9600067138672,229.91000366210938,227.08999633789062,229.41009521484375,849363
2024-04-19 17:30:00,229.4499969482422,230.4499969482422,228.80999755859375,228.8300018310547,536789
2024-04-19 18:30:00,228.83999633789062,229.82000732421875,228.47000122070312,229.6199951171875,592463
2024-04-19 19:30:00,229.58999633789062,231.60000610351562,229.52499389648438,231.0449981689453,1395101
2024-04-22 13:30:00,232.02999877929688,232.72999572753906,227.69000244140625,229.6199951171875,1166788
2024-04-22 14:30:00,229.52000427246094,230.4499969482422,228.82000732421875,229.4600067138672,471097
2024-04-22 15:30:00,229.52000427246094,232.3800048828125,229.47000122070312,232.22999572753906,519848
2024-04-22 16:30:00,232.24000549316406,233.30999755859375,231.85000610351562,233.24000549316406,393464
2024-04-22 17:30:00,233.1999969482422,235.36990356445312,233.11000061035156,235.1699981689453,509499
2024-04-22 18:30:00,235.16000366210938,235.24000549316406,233.59500122070312,233.99989318847656,574961
2024-04-22 19:30:00,233.8800048828125,233.94000244140625,232.33009338378906,232.9600067138672,933287
2024-04-23 13:30:00,234.77000427246094,236.24000549316406,233.6699981689453,235.77000427246094,600304
2024-04-23 14:30:00,235.75,237.47999572753906,235.75,237.27000427246094,522684
2024-04-23 15:30:00,237.3000030517578,238.33999633789062,236.8699951171875,238.22999572753906,462284
2024-04-23 16:30:00,238.2899932861328,239.02999877929688,237.75999450683594,238.85499572753906,430079
2024-04-23 17:30:00,238.86000061035156,239.4199981689453,238.58999633789062,238.82000732421875,416008
2024-04-23 18:30:00,238.7899932861328,238.8300018310547,238.05079650878906,238.24000549316406,436232
2024-04-23 19:30:00,238.24000549316406,239.2100067138672,238.17010498046875,238.91000366210938,959555
2024-04-24 13:30:00,238.27000427246094,240.1699981689453,237.97000122070312,238.94000244140625,693362
2024-04-24 14:30:00,238.94000244140625,239.14999389648438,238.08999633789062,238.9600067138672,549035
2024-04-24 15:30:00,238.9499969482422,239.5500030517578,238.72999572753906,239.19000244140625,326430
2024-04-24 16:30:00,239.19000244140625,239.90719604492188,238.7100067138672,239.89999389648438,350138
2024-04-24 17:30:00,239.89999389648438,240.5500030517578,239.30999755859375,239.32000732421875,428739
2024-04-24 18:30:00,239.2899932861328,239.6649932861328,238.66000366210938,238.97999572753906,539153
2024-04-24 19:30:00,238.97999572753906,239.5399932861328,238.6199951171875,239.10000610351562,779615
2024-04-25 13:30:00,238.1300048828125,238.41000366210938,235.40499877929688,236.0399932861328,638255
2024-04-25 14:30:00,236.0,237.02999877929688,235.75,236.9949951171875,269302
2024-04-25 15:30:00,237.0500030517578,237.94000244140625,236.56500244140625,237.72000122070312,296879
2024-04-25 16:30:00,237.72000122070312,237.75,237.06500244140625,237.30499267578125,201935
2024-04-25 17:30:00,237.25,238.385498046875,237.25,237.32200622558594,337427
2024-04-25 18:30:00,237.22999572753906,238.4499969482422,236.94000244140625,238.14999389648438,350823
2024-04-25 19:30:00,238.16000366210938,238.16000366210938,236.8000030517578,237.19000244140625,721497
2024-04-26 13:30:00,236.0,236.9199981689453,234.47999572753906,236.13999938964844,611037
2024-04-26 14:30:00,236.1300048828125,236.44760131835938,234.4248046875,234.69000244140625,301555
2024-04-26 15:30:00,234.6999969482422,236.148193359375,234.51499938964844,236.0500030517578,214007
2024-04-26 16:30:00,236.0399932861328,236.6396942138672,235.97000122070312,236.41000366210938,256438
2024-04-26 17:30:00,236.41000366210938,236.52999877929688,235.75999450683594,236.01499938964844,237753
2024-04-26 18:30:00,236.01150512695312,236.51499938964844,235.86000061035156,236.1199951171875,266016
2024-04-26 19:30:00,236.08990478515625,236.08990478515625,235.47999572753906,235.57000732421875,495142
2024-04-29 13:30:00,236.58999633789062,237.4199981689453,236.1300048828125,236.48199462890625,443219
2024-04-29 14:30:00,236.47999572753906,236.52000427246094,235.63999938964844,236.33999633789062,297254
2024-04-29 15:30:00,236.33999633789062,237.13499450683594,235.83999633789062,237.0449981689453,357075
2024-04-29 16:30:00,237.05499267578125,237.36000061035156,236.74000549316406,237.27499389648438,385600
2024-04-29 17:30:00,237.3000030517578,238.30999755859375,237.22999572753906,238.0,406630
2024-04-29 18:30:00,238.02999877929688,238.57000732421875,237.47000122070312,238.3040008544922,348947
2024-04-29 19:30:00,238.3699951171875,239.1199951171875,238.30499267578125,238.97000122070312,674165
2024-04-30 13:30:00,237.8800048828125,239.61000061035156,237.60000610351562,237.99000549316406,346086
2024-04-30 14:30:00,237.99000549316406,238.0800018310547,236.75999450683594,236.99000549316406,338655
2024-04-30 15:30:00,237.01499938964844,237.22000122070312,236.22000122070312,236.52000427246094,325010
2024-04-30 16:30:00,236.47999572753906,236.55999755859375,235.86500549316406,235.98500061035156,377520
2024-04-30 17:30:00,235.97999572753906,236.3699951171875,235.47000122070312,235.64999389648438,240900
2024-04-30 18:30:00,235.63999938964844,235.86000061035156,233.83999633789062,233.9053955078125,434120
2024-04-30 19:30:00,233.92999267578125,234.52999877929688,233.77000427246094,234.02000427246094,621803
2024-05-01 13:30:00,233.22000122070312,235.13999938964844,232.30999755859375,232.89999389648438,1084227
2024-05-01 14:30:00,232.94000244140625,233.38499450683594,232.0399932861328,232.17999267578125,345420
2024-05-01 15:30:00,232.2050018310547,232.93499755859375,232.0800018310547,232.3699951171875,290660
2024-05-01 16:30:00,232.33999633789062,232.4199981689453,231.42999267578125,231.83999633789062,277811
2024-05-01 17:30:00,231.7899932861328,233.1199951171875,231.7899932861328,233.10000610351562,236168
2024-05-01 18:30:00,233.0749969482422,233.99000549316406,231.91000366210938,232.9600067138672,873044
2024-05-01 19:30:00,233.0,233.0,231.22999572753906,231.32000732421875,592206
2024-05-02 13:30:00,233.5800018310547,233.9499969482422,230.91099548339844,232.41000366210938,394896
2024-05-02 14:30:00,232.3000030517578,233.9199981689453,231.72999572753906,233.3300018310547,383819
2024-05-02 15:30:00,233.3000030517578,233.32000732421875,232.22500610351562,232.42999267578125,278797
2024-05-02 16:30:00,232.44500732421875,232.8699951171875,231.63499450683594,232.50999450683594,190819
2024-05-02 17:30:00,232.5,232.5399932861328,232.05999755859375,232.32000732421875,259763
2024-05-02 18:30:00,232.32000732421875,233.02000427246094,232.1699981689453,232.4550018310547,352622
2024-05-02 19:30:00,232.47000122070312,232.5800018310547,231.97000122070312,232.52999877929688,415141
2024-05-03 13:30:00,233.25999450683594,233.35000610351562,229.6999969482422,229.9199981689453,634696
2024-05-03 14:30:00,229.98500061035156,230.47000122070312,229.1300048828125,230.47000122070312,529577
2024-05-03 15:30:00,230.49000549316406,231.2678985595703,230.41000366210938,230.89999389648438,241505
2024-05-03 16:30:00,230.8699951171875,231.38999938964844,230.80499267578125,231.0500030517578,278455
2024-05-03 17:30:00,231.00999450683594,231.7050018310547,230.77000427246094,231.35000610351562,261654
2024-05-03 18:30:00,231.33999633789062,231.5050048828125,231.0,231.0399932861328,249925
2024-05-03 19:30:00,231.02000427246094,231.08999633789062,230.55999755859375,230.77999877929688,537302
2024-05-06 13:30:00,232.3000030517578,233.72500610351562,231.7100067138672,232.55999755859375,372194
2024-05-06 14:30:00,232.55999755859375,232.5749969482422,231.47999572753906,231.57000732421875,300804
2024-05-06 15:30:00,231.5500030517578,232.0,231.32000732421875,231.47999572753906,160293
2024-05-06 16:30:00,231.5500030517578,232.72500610351562,231.52999877929688,232.63499450683594,169000
2024-05-06 17:30:00,232.61000061035156,234.27999877929688,232.5500030517578,234.11000061035156,206849
2024-05-06 18:30:00,234.17999267578125,234.218505859375,233.19000244140625,233.52099609375,229569
2024-05-06 19:30:00,233.52000427246094,234.57000732421875,233.50999450683594,234.27000427246094,419477
2024-05-07 13:30:00,235.5,236.0,233.41000366210938,234.69500732421875,383424
2024-05-07 14:30:00,234.61000061035156,235.24000549316406,233.8699951171875,235.02000427246094,243908
2024-05-07 15:30:00,234.9499969482422,235.72000122070312,234.6999969482422,235.52999877929688,211797
2024-05-07 16:30:00,235.49000549316406,235.72500610351562,235.0500030517578,235.48500061035156,178951
2024-05-07 17:30:00,235.50999450683594,235.6199951171875,234.58999633789062,234.6999969482422,179818
2024-05-07 18:30:00,234.69500732421875,234.97000122070312,234.4499969482422,234.9499969482422,190575
2024-05-07 19:30:00,234.9600067138672,235.25,234.50999450683594,234.63999938964844,291200
2024-05-08 13:30:00,234.39999389648438,234.91000366210938,233.52000427246094,234.69500732421875,337638
2024-05-08 14:30:00,234.66000366210938,235.11000061035156,234.4600067138672,234.75999450683594,140618
2024-05-08 15:30:00,234.7100067138672,235.42999267578125,234.38999938964844,235.27999877929688,162017
2024-05-08 16:30:00,235.2449951171875,235.74000549316406,235.10000610351562,235.52499389648438,155254
2024-05-08 17:30:00,235.4499969482422,236.27999877929688,235.33999633789062,236.19000244140625,220005
2024-05-08 18:30:00,236.19000244140625,236.52999877929688,236.16000366210938,236.27999877929688,247086
2024-05-08 19:30:00,236.27000427246094,236.85000610351562,235.85000610351562,236.13999938964844,470882
2024-05-09 13:30:00,235.9600067138672,237.9250030517578,235.55999755859375,237.6300048828125,385990
2024-05-09 14:30:00,237.65499877929688,238.8125,237.65499877929688,238.3350067138672,373058
2024-05-09 15:30:00,238.35000610351562,238.49000549316406,237.72000122070312,237.91000366210938,226765
2024-05-09 16:30:00,237.9250030517578,238.05999755859375,237.50999450683594,237.8155059814453,210657
2024-05-09 17:30:00,237.82000732421875,238.17999267578125,237.61000061035156,237.9199981689453,189407
2024-05-09 18:30:00,237.8800048828125,238.66000366210938,237.7100067138672,238.5800018310547,932219
2024-05-09 19:30:00,238.56500244140625,239.3800048828125,238.49000549316406,239.1300048828125,412522
2024-05-10 13:30:00,240.5,243.5399932861328,240.4199981689453,240.56500244140625,546896
2024-05-10 14:30:00,240.6300048828125,241.47999572753906,240.30999755859375,241.156494140625,261254
2024-05-10 15:30:00,241.0500030517578,241.47999572753906,240.89999389648438,241.05499267578125,206330
2024-05-10 16:30:00,241.06930541992188,241.25999450683594,240.73500061035156,240.81500244140625,171314
2024-05-10 17:30:00,240.83999633789062,241.57000732421875,240.83999633789062,241.2899932861328,184125
2024-05-10 18:30:00,241.27000427246094,241.75999450683594,240.93299865722656,241.75999450683594,233424
2024-05-10 19:30:00,241.75999450683594,242.49000549316406,241.64999389648438,242.22000122070312,568634
2024-05-13 13:30:00,242.9499969482422,243.5399932861328,240.60000610351562,240.74000549316406,473946
2024-05-13 14:30:00,240.74000549316406,241.05999755859375,240.07400512695312,240.5222930908203,270480
2024-05-13 15:30:00,240.33999633789062,240.50999450683594,239.77999877929688,240.00990295410156,230423
2024-05-13 16:30:00,240.0,240.17999267578125,239.08999633789062,239.27000427246094,231492
2024-05-13 17:30:00,239.3000030517578,239.5399932861328,239.00010681152344,239.38999938964844,232810
2024-05-13 18:30:00,239.3800048828125,239.85000610351562,239.22000122070312,239.66000366210938,294126
2024-05-13 19:30:00,239.6300048828125,239.92999267578125,238.10000610351562,238.6699981689453,631727
2024-05-14 13:30:00,238.14999389648438,240.92999267578125,238.10000610351562,240.50999450683594,349326
2024-05-14 14:30:00,240.4600067138672,240.94000244140625,240.16000366210938,240.39999389648438,239767
2024-05-14 15:30:00,240.44000244140625,240.65989685058594,239.25,240.25,333596
2024-05-14 16:30:00,240.2899932861328,240.87249755859375,240.22000122070312,240.45010375976562,167125
2024-05-14 17:30:00,240.4600067138672,241.22000122070312,240.4199981689453,241.03500366210938,180385
2024-05-14 18:30:00,241.0225067138672,241.82899475097656,240.9499969482422,241.72999572753906,201625
2024-05-14 19:30:00,241.6999969482422,242.08999633789062,241.47999572753906,241.5,354254
2024-05-15 13:30:00,241.6300048828125,242.8699951171875,241.6300048828125,242.41000366210938,250931
2024-05-15 14:30:00,242.50999450683594,242.6414031982422,240.94000244140625,241.26499938964844,270291
2024-05-15 15:30:00,241.25999450683594,241.38999938964844,240.5,240.86000061035156,187253
2024-05-15 16:30:00,240.85000610351562,241.07000732421875,240.37429809570312,240.49000549316406,234292
2024-05-15 17:30:00,240.55990600585938,240.72999572753906,240.25,240.5800018310547,199725
2024-05-15 18:30:00,240.6699981689453,241.4499969482422,240.47999572753906,241.32000732421875,183650
2024-05-15 19:30:00,241.3000030517578,241.9499969482422,241.25,241.77000427246094,306761
2024-05-16 13:30:00,241.72000122070312,242.64999389648438,240.85000610351562,241.5449981689453,476539
2024-05-16 14:30:00,241.61000061035156,242.72500610351562,241.52999877929688,242.43499755859375,232511
2024-05-16 15:30:00,242.42999267578125,243.14999389648438,242.3000030517578,242.85000610351562,168370
2024-05-16 16:30:00,242.73500061035156,243.34800720214844,242.72999572753906,242.91000366210938,149838
2024-05-16 17:30:00,242.91000366210938,243.02000427246094,242.12010192871094,242.44500732421875,246965
2024-05-16 18:30:00,242.44000244140625,243.1999969482422,242.44000244140625,242.60000610351562,218724
2024-05-16 19:30:00,242.49000549316406,242.5500030517578,241.14999389648438,241.4199981689453,541009
2024-05-17 13:30:00,242.8000030517578,243.1199951171875,242.02000427246094,242.9600067138672,287522
2024-05-17 14:30:00,243.00999450683594,243.19000244140625,242.50999450683594,242.61000061035156,167210
2024-05-17 15:30:00,242.66000366210938,242.8000030517578,242.25999450683594,242.7100067138672,122022
2024-05-17 16:30:00,242.7449951171875,242.9499969482422,242.26800537109375,242.91000366210938,138588
2024-05-17 17:30:00,242.91000366210938,242.97999572753906,241.89999389648438,242.27000427246094,229463
2024-05-17 18:30:00,242.28500366210938,242.55999755859375,242.1374969482422,242.5500030517578,148124
2024-05-17 19:30:00,242.5500030517578,242.9199981689453,242.35499572753906,242.89999389648438,239861
2024-05-20 13:30:00,244.0,244.41380310058594,243.08999633789062,244.08999633789062,271801
2024-05-20 14:30:00,244.08999633789062,244.14999389648438,243.5,243.7949981689453,143141
2024-05-20 15:30:00,243.80999755859375,243.92999267578125,242.40499877929688,242.5500030517578,140849
2024-05-20 16:30:00,242.5500030517578,242.8350067138672,242.26109313964844,242.58999633789062,158343
2024-05-20 17:30:00,242.55599975585938,242.98989868164062,242.25999450683594,242.72000122070312,152068
2024-05-20 18:30:00,242.69000244140625,242.9600067138672,242.47000122070312,242.82000732421875,211123
2024-05-20 19:30:00,242.83999633789062,243.25999450683594,242.10000610351562,242.4199981689453,396070
2024-05-21 13:30:00,242.33999633789062,242.9199981689453,241.33999633789062,242.4600067138672,303397
2024-05-21 14:30:00,242.41000366210938,243.3000030517578,242.3699951171875,242.91000366210938,178629
2024-05-21 15:30:00,242.8800048828125,242.8800048828125,242.39500427246094,242.42999267578125,131986
2024-05-21 16:30:00,242.50999450683594,242.6999969482422,242.23500061035156,242.4499969482422,133679
2024-05-21 17:30:00,242.50999450683594,242.9499969482422,242.35000610351562,242.9199981689453,141548
2024-05-21 18:30:00,242.9199981689453,243.32000732421875,242.8699951171875,243.23500061035156,196797
2024-05-21 19:30:00,243.27000427246094,243.5749969482422,242.99000549316406,243.08999633789062,321909
2024-05-22 13:30:00,242.91000366210938,243.46499633789062,242.5,243.17999267578125,260846
2024-05-22 14:30:00,243.1999969482422,243.39999389648438,241.9250030517578,241.97999572753906,201401
2024-05-22 15:30:00,241.97000122070312,242.00999450683594,241.14999389648438,242.00999450683594,233379
2024-05-22 16:30:00,242.00999450683594,242.57000732421875,241.69000244140625,241.7100067138672,135471
2024-05-22 17:30:00,241.7100067138672,241.77000427246094,239.8699951171875,239.88999938964844,299555
2024-05-22 18:30:00,239.88999938964844,240.8300018310547,239.52499389648438,240.2899932861328,467146
2024-05-22 19:30:00,240.2899932861328,240.83999633789062,239.72999572753906,240.10000610351562,326792
2024-05-23 13:30:00,240.8300018310547,240.8300018310547,237.75,238.0399932861328,508170
2024-05-23 14:30:00,238.0399932861328,239.52999877929688,237.8300018310547,239.2550048828125,251195
2024-05-23 15:30:00,239.33999633789062,240.02000427246094,239.02000427246094,239.34500122070312,175384
2024-05-23 16:30:00,239.35000610351562,239.4425048828125,237.1300048828125,237.5449981689453,200482
2024-05-23 17:30:00,237.5399932861328,237.5800018310547,235.77000427246094,235.91000366210938,279977
2024-05-23 18:30:00,235.82000732421875,236.1699981689453,235.17999267578125,235.52000427246094,508730
2024-05-23 19:30:00,235.5399932861328,235.7100067138672,235.1199951171875,235.4499969482422,519801
2024-05-24 13:30:00,236.86000061035156,239.44000244140625,236.69000244140625,239.2949981689453,395229
2024-05-24 14:30:00,239.3000030517578,239.84500122070312,238.35000610351562,239.75990295410156,194863
2024-05-24 15:30:00,239.75999450683594,240.07000732421875,239.10000610351562,239.2100067138672,123162
2024-05-24 16:30:00,239.16000366210938,239.4550018310547,238.97999572753906,239.36000061035156,101882
2024-05-24 17:30:00,239.35499572753906,239.4600067138672,239.0,239.15499877929688,117961
2024-05-24 18:30:00,239.15499877929688,239.19000244140625,238.18800354003906,238.3699951171875,149257
2024-05-24 19:30:00,238.3000030517578,238.81900024414062,238.1300048828125,238.19000244140625,214424
2024-05-28 13:30:00,237.75,238.47000122070312,236.44439697265625,237.0,355755
2024-05-28 14:30:00,236.9949951171875,237.72999572753906,236.86000061035156,237.52000427246094,200203
2024-05-28 15:30:00,237.50999450683594,237.8800048828125,237.17999267578125,237.22999572753906,159954
2024-05-28 16:30:00,237.22999572753906,237.47500610351562,236.42999267578125,236.50010681152344,174384
2024-05-28 17:30:00,236.5,236.67999267578125,235.8800048828125,236.52000427246094,184168
2024-05-28 18:30:00,236.47999572753906,236.9600067138672,236.2100067138672,236.7550048828125,348658
2024-05-28 19:30:00,236.77000427246094,237.32000732421875,236.77000427246094,237.32000732421875,480997
2024-05-29 13:30:00,235.4499969482422,237.66000366210938,234.6649932861328,237.00999450683594,495430
2024-05-29 14:30:00,237.00999450683594,237.22999572753906,236.17999267578125,236.39999389648438,294880
2024-05-29 15:30:00,236.38999938964844,236.75999450683594,236.02999877929688,236.63999938964844,225732
2024-05-29 16:30:00,236.67999267578125,237.1300048828125,236.55999755859375,236.9199981689453,183231
2024-05-29 17:30:00,236.89999389648438,237.25999450683594,236.44500732421875,236.7899932861328,238317
2024-05-29 18:30:00,236.82000732421875,237.2100067138672,236.4499969482422,237.0500030517578,216364
2024-05-29 19:30:00,237.05999755859375,237.1199951171875,235.67999267578125,236.0,426456
2024-05-30 13:30:00,236.3699951171875,236.80499267578125,234.97500610351562,236.17999267578125,279041
2024-05-30 14:30:00,236.24000549316406,236.61000061035156,235.36000061035156,236.3699951171875,177811
2024-05-30 15:30:00,236.41000366210938,236.4600067138672,235.49000549316406,235.75999450683594,125975
2024-05-30 16:30:00,235.7100067138672,236.60000610351562,235.6300048828125,236.1699981689453,142215
2024-05-30 17:30:00,236.15199279785156,236.3699951171875,235.71499633789062,236.17999267578125,172818
2024-05-30 18:30:00,236.15499877929688,236.89999389648438,235.89999389648438,236.88999938964844,235596
2024-05-30 19:30:00,236.89999389648438,237.32000732421875,236.1300048828125,237.1999969482422,341199
2024-05-31 13:30:00,238.0,238.38499450683594,235.91000366210938,236.6199951171875,574301
2024-05-31 14:30:00,236.52000427246094,237.05999755859375,236.33999633789062,236.9199981689453,274778
2024-05-31 15:30:00,236.86000061035156,237.4199981689453,236.4499969482422,236.83999633789062,216453
2024-05-31 16:30:00,236.8000030517578,237.76499938964844,236.6999969482422,237.5800018310547,254899
2024-05-31 17:30:00,237.6199951171875,237.9600067138672,237.30499267578125,237.52999877929688,295428
2024-05-31 18:30:00,237.58999633789062,237.78500366210938,237.07000732421875,237.5,389108
2024-05-31 19:30:00,237.50999450683594,240.19000244140625,237.39999389648438,240.02000427246094,631265
2024-06-03 13:30:00,240.17999267578125,241.36000061035156,238.0,238.0050048828125,363424
2024-06-03 14:30:00,238.0,238.0,234.77000427246094,234.9199981689453,361929
2024-06-03 15:30:00,235.0198974609375,236.08999633789062,233.53089904785156,234.08999633789062,411683
2024-06-03 16:30:00,234.1999969482422,235.34500122070312,233.63999938964844,235.16000366210938,274363
2024-06-03 17:30:00,235.16000366210938,236.61000061035156,235.1199951171875,236.46099853515625,259091
2024-06-03 18:30:00,236.55999755859375,237.14999389648438,236.50999450683594,236.91000366210938,260980
2024-06-03 19:30:00,236.88999938964844,237.0500030517578,236.50999450683594,236.86500549316406,313901
2024-06-04 13:30:00,236.38999938964844,240.0,235.72999572753906,238.80999755859375,439517
2024-06-04 14:30:00,238.83999633789062,238.90499877929688,237.11500549316406,237.30999755859375,231347
2024-06-04 15:30:00,237.3498992919922,237.3498992919922,236.05999755859375,236.3000030517578,201162
2024-06-04 16:30:00,236.27000427246094,237.08999633789062,235.9600067138672,237.08999633789062,237614
2024-06-04 17:30:00,237.10000610351562,237.3300018310547,236.47000122070312,237.2899932861328,182765
2024-06-04 18:30:00,237.25,238.25,236.75,236.9600067138672,343856
2024-06-04 19:30:00,237.0,237.35000610351562,236.66000366210938,237.1999969482422,341867
2024-06-05 13:30:00,236.25,237.6999969482422,234.75999450683594,234.8000030517578,475883
2024-06-05 14:30:00,234.8300018310547,234.88999938964844,233.6999969482422,234.24330139160156,397578
2024-06-05 15:30:00,234.2899932861328,235.4199981689453,234.19000244140625,234.60000610351562,251891
2024-06-05 16:30:00,234.52999877929688,234.99000549316406,234.30999755859375,234.77000427246094,170040
2024-06-05 17:30:00,234.77000427246094,235.11000061035156,234.3699951171875,235.00999450683594,207822
2024-06-05 18:30:00,235.0,235.75,234.9600067138672,235.00999450683594,289530
2024-06-05 19:30:00,235.0,235.17999267578125,234.25,234.72999572753906,594573
2024-06-06 13:30:00,234.7899932861328,236.39999389648438,234.32000732421875,235.52000427246094,379669
2024-06-06 14:30:00,235.5449981689453,235.61000061035156,233.44009399414062,233.88999938964844,323923
2024-06-06 15:30:00,233.89990234375,234.0800018310547,233.10000610351562,233.24000549316406,268800
2024-06-06 16:30:00,233.19000244140625,233.82000732421875,232.6999969482422,233.72999572753906,266510
2024-06-06 17:30:00,233.69000244140625,233.9499969482422,232.7550048828125,233.05999755859375,211933
2024-06-06 18:30:00,233.0399932861328,233.9199981689453,232.9199981689453,233.88999938964844,245418
2024-06-06 19:30:00,233.86000061035156,233.9199981689453,233.1199951171875,233.3699951171875,442962
2024-06-07 13:30:00,232.41000366210938,233.24000549316406,231.7100067138672,233.1199951171875,363067
2024-06-07 14:30:00,233.08999633789062,234.12049865722656,232.35000610351562,232.7100067138672,261502
2024-06-07 15:30:00,232.77000427246094,233.08999633789062,232.2209930419922,233.0850067138672,227702
2024-06-07 16:30:00,233.11000061035156,233.5,232.82000732421875,233.41000366210938,194644
2024-06-07 17:30:00,233.42999267578125,233.58999633789062,232.3300018310547,233.06759643554688,193947
2024-06-07 18:30:00,233.0399932861328,233.49000549316406,232.5399932861328,233.0500030517578,250952
2024-06-07 19:30:00,233.05499267578125,233.05499267578125,232.5500030517578,232.6199951171875,325883
2024-06-10 13:30:00,231.9499969482422,233.75999450683594,230.60000610351562,233.0399932861328,443287
2024-06-10 14:30:00,233.00999450683594,233.41000366210938,232.5500030517578,233.1750030517578,255273
2024-06-10 15:30:00,233.30999755859375,233.70989990234375,233.02000427246094,233.2899932861328,168873
2024-06-10 16:30:00,233.2899932861328,233.5500030517578,232.91000366210938,233.1699981689453,150326
2024-06-10 17:30:00,233.13999938964844,233.77000427246094,232.86000061035156,233.4949951171875,251442
2024-06-10 18:30:00,233.5050048828125,233.92250061035156,233.4600067138672,233.80250549316406,288626
2024-06-10 19:30:00,233.77999877929688,233.77999877929688,231.74000549316406,232.41000366210938,794092
2024-06-11 13:30:00,231.63999938964844,231.63999938964844,226.0800018310547,226.3350067138672,624289
2024-06-11 14:30:00,226.25,226.8800048828125,225.6999969482422,226.1199951171875,333033
2024-06-11 15:30:00,226.14999389648438,227.0,225.50999450683594,225.60000610351562,299992
2024-06-11 16:30:00,225.6199951171875,225.8800048828125,224.72000122070312,225.4499969482422,236267
2024-06-11 17:30:00,225.4600067138672,226.19000244140625,225.4499969482422,226.11000061035156,156399
2024-06-11 18:30:00,226.13499450683594,226.25,225.02000427246094,225.0449981689453,292499
2024-06-11 19:30:00,225.02000427246094,225.16729736328125,224.2100067138672,224.60000610351562,658609
2024-06-12 13:30:00,227.42999267578125,228.39999389648438,226.5709991455078,226.5850067138672,549123
2024-06-12 14:30:00,226.6199951171875,227.1300048828125,225.72000122070312,226.06500244140625,316991
2024-06-12 15:30:00,226.02000427246094,226.1199951171875,225.32000732421875,225.64999389648438,221545
2024-06-12 16:30:00,225.61000061035156,225.6999969482422,225.00999450683594,225.13999938964844,181629
2024-06-12 17:30:00,225.16000366210938,225.27000427246094,223.8300018310547,224.7899932861328,295575
2024-06-12 18:30:00,224.8699951171875,225.49000549316406,223.02000427246094,223.09500122070312,424433
2024-06-12 19:30:00,223.10000610351562,224.1199951171875,222.8300018310547,224.0399932861328,573944
2024-06-13 13:30:00,223.41000366210938,223.75,220.74200439453125,221.75,496729
2024-06-13 14:30:00,221.77999877929688,221.83999633789062,220.7899932861328,221.4199981689453,245516
2024-06-13 15:30:00,221.4199981689453,221.7292022705078,221.03689575195312,221.36000061035156,227116
2024-06-13 16:30:00,221.27000427246094,222.3800048828125,221.02000427246094,222.18499755859375,253928
2024-06-13 17:30:00,222.22000122070312,222.84500122070312,222.0500030517578,222.63999938964844,226158
2024-06-13 18:30:00,222.60000610351562,223.15249633789062,222.4600067138672,222.49000549316406,346704
2024-06-13 19:30:00,222.47999572753906,222.72999572753906,222.0399932861328,222.16000366210938,491306
2024-06-14 13:30:00,221.73500061035156,223.82000732421875,221.33999633789062,223.33999633789062,453653
2024-06-14 14:30:00,223.47999572753906,224.90890502929688,223.08999633789062,224.72000122070312,297727
2024-06-14 15:30:00,224.77999877929688,225.47000122070312,224.52000427246094,224.52000427246094,192563
2024-06-14 16:30:00,224.55999755859375,225.63999938964844,224.39999389648438,225.28500366210938,165253
2024-06-14 17:30:00,225.28500366210938,225.28500366210938,223.75,223.97369384765625,189341
2024-06-14 18:30:00,224.02999877929688,224.7899932861328,223.96499633789062,224.74000549316406,202584
2024-06-14 19:30:00,224.7100067138672,224.85000610351562,224.25,224.85000610351562,353078
2024-06-17 13:30:00,224.1999969482422,225.52999877929688,224.05999755859375,224.32000732421875,281887
2024-06-17 14:30:00,224.3300018310547,225.39999389648438,224.02000427246094,224.91000366210938,182773
2024-06-17 15:30:00,224.9250030517578,225.57000732421875,224.50999450683594,225.57000732421875,208951
2024-06-17 16:30:00,225.5,226.1300048828125,225.33999633789062,225.9600067138672,148577
2024-06-17 17:30:00,225.97000122070312,228.0500030517578,225.94000244140625,228.0500030517578,309115
2024-06-17 18:30:00,228.0500030517578,228.46499633789062,227.68499755859375,228.1300048828125,275403
2024-06-17 19:30:00,228.0500030517578,228.3800048828125,227.80999755859375,228.3300018310547,387918
2024-06-18 13:30:00,227.5800018310547,229.08709716796875,226.78050231933594,227.2100067138672,306577
2024-06-18 14:30:00,227.14999389648438,227.8000030517578,226.7700958251953,227.64999389648438,172993
2024-06-18 15:30:00,227.6199951171875,228.6999969482422,227.39999389648438,228.4250030517578,112113
2024-06-18 16:30:00,228.50999450683594,228.77000427246094,228.0601043701172,228.3000030517578,145187
2024-06-18 17:30:00,228.24000549316406,228.36500549316406,227.86000061035156,228.04409790039062,112743
2024-06-18 18:30:00,228.08999633789062,228.24000549316406,227.7373046875,228.21499633789062,150226
2024-06-18 19:30:00,228.24000549316406,229.30999755859375,228.19000244140625,229.30999755859375,377383
2024-06-20 13:30:00,228.55999755859375,229.43780517578125,228.0749969482422,228.27999877929688,396110
2024-06-20 14:30:00,228.18499755859375,228.4149932861328,226.44000244140625,227.72999572753906,277768
2024-06-20 15:30:00,227.7698974609375,228.93499755859375,227.36000061035156,228.7100067138672,224601
2024-06-20 16:30:00,228.69000244140625,229.6999969482422,228.39999389648438,229.5377960205078,205645
2024-06-20 17:30:00,229.60499572753906,231.4499969482422,229.2449951171875,231.4499969482422,273242
2024-06-20 18:30:00,231.5,231.67999267578125,230.07000732421875,230.44000244140625,256906
2024-06-20 19:30:00,230.25,230.27000427246094,229.65499877929688,230.19000244140625,686316
2024-06-21 13:30:00,231.11000061035156,231.11000061035156,227.5,229.52000427246094,1270707
2024-06-21 14:30:00,229.43499755859375,229.61459350585938,229.0,229.08999633789062,144587
2024-06-21 15:30:00,229.1300048828125,229.22999572753906,228.48500061035156,229.0500030517578,142813
2024-06-21 16:30:00,229.0399932861328,230.0050048828125,229.02999877929688,229.86520385742188,200179
2024-06-21 17:30:00,229.72540283203125,230.2949981689453,229.4199981689453,230.1750030517578,210453
2024-06-21 18:30:00,230.0800018310547,230.52999877929688,229.6999969482422,230.19960021972656,165489
2024-06-21 19:30:00,230.1999969482422,230.85000610351562,230.1925048828125,230.44000244140625,412292
2024-06-24 13:30:00,231.67999267578125,233.3300018310547,230.20689392089844,233.0800018310547,256495
2024-06-24 14:30:00,233.00999450683594,233.89999389648438,232.74000549316406,232.7899932861328,204243
2024-06-24 15:30:00,232.85000610351562,233.022705078125,232.1199951171875,232.7550048828125,178108
2024-06-24 16:30:00,232.70010375976562,232.75999450683594,231.77999877929688,232.1199951171875,182345
2024-06-24 17:30:00,232.09500122070312,232.5449981689453,231.85000610351562,232.27499389648438,109913
2024-06-24 18:30:00,232.27499389648438,232.47999572753906,231.91000366210938,231.9600067138672,346967
2024-06-24 19:30:00,231.9499969482422,232.07000732421875,231.5,231.50999450683594,298018
2024-06-25 13:30:00,230.86000061035156,231.3000030517578,229.00999450683594,230.5,373397
2024-06-25 14:30:00,230.61000061035156,230.8000030517578,229.30999755859375,229.75999450683594,142175
2024-06-25 15:30:00,229.7899932861328,230.0399932861328,229.00999450683594,229.16000366210938,194110
2024-06-25 16:30:00,229.00999450683594,230.1999969482422,228.53500366210938,230.17999267578125,142453
2024-06-25 17:30:00,230.11000061035156,230.41000366210938,229.94000244140625,230.41000366210938,142067
2024-06-25 18:30:00,230.33999633789062,230.59080505371094,229.91000366210938,230.36000061035156,383645
2024-06-25 19:30:00,230.3000030517578,230.72000122070312,229.8800048828125,230.63999938964844,279559
2024-06-26 13:30:00,230.0399932861328,230.35000610351562,229.13999938964844,230.1300048828125,196783
2024-06-26 14:30:00,230.10000610351562,231.33999633789062,229.8300018310547,231.1999969482422,159484
2024-06-26 15:30:00,231.2100067138672,232.49000549316406,231.19000244140625,231.7899932861328,219408
2024-06-26 16:30:00,231.7899932861328,231.85000610351562,230.97000122070312,231.0800018310547,129746
2024-06-26 17:30:00,231.08999633789062,232.47999572753906,231.02000427246094,231.97000122070312,217923
2024-06-26 18:30:00,231.92999267578125,231.99000549316406,230.31500244140625,230.31500244140625,252788
2024-06-26 19:30:00,230.33999633789062,231.4499969482422,230.14999389648438,230.6999969482422,522567
2024-06-27 13:30:00,229.7899932861328,230.125,227.3699951171875,227.8800048828125,463437
2024-06-27 14:30:00,227.91000366210938,228.3300018310547,227.55499267578125,228.2100067138672,163825
2024-06-27 15:30:00,228.2100067138672,229.2899932861328,228.1300048828125,228.88499450683594,198689
2024-06-27 16:30:00,228.88499450683594,230.3300018310547,228.75,230.07000732421875,124991
2024-06-27 17:30:00,230.02999877929688,230.07760620117188,228.47999572753906,228.51499938964844,123905
2024-06-27 18:30:00,228.4875030517578,229.16000366210938,228.1999969482422,229.11000061035156,188378
2024-06-27 19:30:00,229.1199951171875,229.14500427246094,228.13999938964844,228.5,382089
2024-06-28 13:30:00,229.25,232.9676971435547,228.74000549316406,232.60000610351562,430471
2024-06-28 14:30:00,232.66000366210938,233.60000610351562,231.83999633789062,232.16000366210938,267962
2024-06-28 15:30:00,232.13999938964844,232.5399932861328,230.08999633789062,230.89999389648438,169100
2024-06-28 16:30:00,230.82000732421875,232.1199951171875,230.77000427246094,231.88499450683594,173306
2024-06-28 17:30:00,231.8699951171875,232.0,230.4824981689453,230.49000549316406,270876
2024-06-28 18:30:00,230.4149932861328,230.78900146484375,229.9499969482422,230.7469940185547,249300
2024-06-28 19:30:00,230.7100067138672,231.72999572753906,229.77999877929688,231.6199951171875,366229
2024-07-01 13:30:00,232.3300018310547,234.8000030517578,232.11000061035156,232.25999450683594,422020
2024-07-01 14:30:00,232.22000122070312,233.42999267578125,231.5500030517578,233.17999267578125,435940
2024-07-01 15:30:00,233.2050018310547,234.0500030517578,232.83999633789062,233.8699951171875,238050
2024-07-01 16:30:00,233.875,234.10000610351562,233.0500030517578,233.74000549316406,262023
2024-07-01 17:30:00,233.77499389648438,234.33999633789062,233.6719970703125,233.97000122070312,199601
2024-07-01 18:30:00,233.94000244140625,234.0500030517578,232.8300018310547,232.89999389648438,270935
2024-07-01 19:30:00,232.8699951171875,234.1199951171875,232.7899932861328,233.77999877929688,415855
2024-07-02 13:30:00,233.5500030517578,234.6300048828125,232.97000122070312,234.03500366210938,289846
2024-07-02 14:30:00,234.00999450683594,234.44000244140625,233.2899932861328,234.2550048828125,198578
2024-07-02 15:30:00,234.2550048828125,234.47999572753906,234.0500946044922,234.4199981689453,164027
2024-07-02 16:30:00,234.4199981689453,234.83999633789062,234.07000732421875,234.5749969482422,192658
2024-07-02 17:30:00,234.51499938964844,234.92999267578125,234.19000244140625,234.82000732421875,136172
2024-07-02 18:30:00,234.82000732421875,235.5800018310547,234.7899932861328,235.5800018310547,169949
2024-07-02 19:30:00,235.5500030517578,236.19000244140625,235.5500030517578,236.0800018310547,335398
2024-07-03 13:30:00,236.5,237.5800018310547,235.2100067138672,237.17999267578125,348019
2024-07-03 14:30:00,237.25,237.50990295410156,235.8000946044922,235.97999572753906,233657
2024-07-03 15:30:00,235.97999572753906,236.57000732421875,235.33999633789062,235.47019958496094,220309
2024-07-05 13:30:00,235.7100067138672,236.6999969482422,235.0,235.36500549316406,460919
2024-07-05 14:30:00,235.36500549316406,235.8300018310547,235.09010314941406,235.44000244140625,204721
2024-07-05 15:30:00,235.44000244140625,235.5500030517578,234.9499969482422,235.02000427246094,233750
2024-07-05 16:30:00,235.02000427246094,235.0800018310547,233.55999755859375,234.35000610351562,183537
2024-07-05 17:30:00,234.47000122070312,235.41000366210938,234.47000122070312,234.9149932861328,152333
2024-07-05 18:30:00,234.9149932861328,235.52999877929688,234.83999633789062,235.08999633789062,158475
2024-07-05 19:30:00,235.02999877929688,235.63999938964844,235.02999877929688,235.6199951171875,374242
2024-07-08 13:30:00,236.22999572753906,239.5,235.67999267578125,236.19000244140625,516678
2024-07-08 14:30:00,236.13999938964844,237.5399932861328,236.00999450683594,236.14999389648438,213927
2024-07-08 15:30:00,236.14999389648438,236.30999755859375,234.3350067138672,234.8699951171875,207267
2024-07-08 16:30:00,234.9199981689453,235.10000610351562,233.75999450683594,233.96499633789062,202912
2024-07-08 17:30:00,233.9199981689453,234.94000244140625,233.91000366210938,234.85499572753906,166009
2024-07-08 18:30:00,234.8300018310547,234.8300018310547,234.08999633789062,234.49000549316406,173639
2024-07-08 19:30:00,234.5,234.7949981689453,234.3350067138672,234.47000122070312,371189
2024-07-09 13:30:00,234.97000122070312,235.5800018310547,234.1199951171875,234.5749969482422,304308
2024-07-09 14:30:00,234.5,235.51499938964844,234.49000549316406,235.32000732421875,170743
2024-07-09 15:30:00,235.30999755859375,237.4199981689453,235.27000427246094,237.36000061035156,172338
2024-07-09 16:30:00,237.3000030517578,239.1999969482422,236.97999572753906,238.35000610351562,159264
2024-07-09 17:30:00,238.3000030517578,238.81500244140625,237.75999450683594,237.83999633789062,129958
2024-07-09 18:30:00,237.7899932861328,238.0,236.82000732421875,237.8800048828125,185526
2024-07-09 19:30:00,237.8300018310547,237.9199981689453,237.1199951171875,237.75,366151
2024-07-10 13:30:00,236.57000732421875,237.85000610351562,236.27999877929688,236.40499877929688,218631
2024-07-10 14:30:00,236.30999755859375,236.91000366210938,235.62210083007812,236.86000061035156,130862
2024-07-10 15:30:00,236.91000366210938,237.0800018310547,235.92999267578125,236.64999389648438,121326
2024-07-10 16:30:00,236.6999969482422,237.27000427246094,236.33999633789062,236.46180725097656,178875
2024-07-10 17:30:00,236.5800018310547,237.0,236.38999938964844,236.75999450683594,123970
2024-07-10 18:30:00,236.75,237.7899932861328,236.75,237.63999938964844,161829
2024-07-10 19:30:00,237.67999267578125,239.4499969482422,237.5850067138672,238.92999267578125,492509
2024-07-11 13:30:00,238.8699951171875,239.61000061035156,236.9600067138672,238.63999938964844,330978
2024-07-11 14:30:00,238.64999389648438,239.9499969482422,238.55999755859375,239.4499969482422,257086
2024-07-11 15:30:00,239.4600067138672,239.60000610351562,237.69000244140625,238.13499450683594,157737
2024-07-11 16:30:00,238.15499877929688,238.36000061035156,237.25999450683594,238.2449951171875,111776
2024-07-11 17:30:00,238.32000732421875,239.35000610351562,238.11500549316406,238.85000610351562,114332
2024-07-11 18:30:00,238.8560028076172,239.6199951171875,238.74000549316406,238.91000366210938,120870
2024-07-11 19:30:00,238.85000610351562,239.0399932861328,238.42999267578125,238.64999389648438,266628
2024-07-12 13:30:00,238.97000122070312,239.63999938964844,237.22999572753906,238.6999969482422,325155
2024-07-12 14:30:00,238.69000244140625,239.5,238.10000610351562,239.26499938964844,351217
2024-07-12 15:30:00,239.35499572753906,240.25990295410156,238.99000549316406,239.7050018310547,315749
2024-07-12 16:30:00,239.72999572753906,239.86000061035156,239.0800018310547,239.3699951171875,228925
2024-07-12 17:30:00,239.3699951171875,239.8699951171875,239.0500030517578,239.44500732421875,297543
2024-07-12 18:30:00,239.39999389648438,239.5399932861328,238.9199981689453,239.32000732421875,218803
2024-07-12 19:30:00,239.34500122070312,239.34500122070312,238.3300018310547,238.6699981689453,430749
2024-07-15 13:30:00,240.4499969482422,243.0399932861328,240.4499969482422,242.27499389648438,412192
2024-07-15 14:30:00,242.25999450683594,243.59500122070312,242.25,243.0050048828125,377040
2024-07-15 15:30:00,242.99000549316406,243.6699981689453,242.74159240722656,243.3000030517578,269144
2024-07-15 16:30:00,243.27999877929688,243.66000366210938,242.50999450683594,243.3300018310547,226453
2024-07-15 17:30:00,243.25,244.0800018310547,242.86000061035156,243.58999633789062,383054
2024-07-15 18:30:00,243.60000610351562,244.1199951171875,243.25,244.0,321663
2024-07-15 19:30:00,244.0,244.66000366210938,243.72999572753906,244.0399932861328,606797
2024-07-16 13:30:00,244.13999938964844,246.5500030517578,244.0,246.36500549316406,426767
2024-07-16 14:30:00,246.3300018310547,248.19000244140625,245.97999572753906,247.3000030517578,571246
2024-07-16 15:30:00,247.27999877929688,248.05999755859375,246.47500610351562,247.67999267578125,275539
2024-07-16 16:30:00,247.67999267578125,247.9499969482422,247.32000732421875,247.50999450683594,268478
2024-07-16 17:30:00,247.57000732421875,249.11500549316406,247.4600067138672,248.58009338378906,241305
2024-07-16 18:30:00,248.5800018310547,249.47000122070312,248.55999755859375,249.43499755859375,251626
2024-07-16 19:30:00,249.4499969482422,249.75999450683594,249.1699981689453,249.6300048828125,449609
2024-07-17 13:30:00,248.80999755859375,250.83999633789062,247.3800048828125,249.8699951171875,409161
2024-07-17 14:30:00,249.82000732421875,250.02000427246094,248.6999969482422,249.85499572753906,273389
2024-07-17 15:30:00,249.80999755859375,250.4759063720703,249.27000427246094,249.66000366210938,209153
2024-07-17 16:30:00,249.64999389648438,250.1300048828125,248.72999572753906,249.00999450683594,156222
2024-07-17 17:30:00,249.00999450683594,250.16000366210938,248.92999267578125,250.15499877929688,169254
2024-07-17 18:30:00,250.14999389648438,250.5800018310547,249.07000732421875,249.8000030517578,258556
2024-07-17 19:30:00,249.8300018310547,250.13999938964844,249.5,249.94000244140625,385134
2024-07-18 13:30:00,250.8000030517578,253.5,249.7899932861328,253.1999969482422,559727
2024-07-18 14:30:00,253.32000732421875,253.72999572753906,251.77999877929688,252.00999450683594,545439
2024-07-18 15:30:00,252.01499938964844,252.24000549316406,249.9499969482422,250.05889892578125,507396
2024-07-18 16:30:00,249.97999572753906,251.08200073242188,249.914794921875,250.13999938964844,343752
2024-07-18 17:30:00,250.14999389648438,250.75999450683594,248.36000061035156,248.39500427246094,278539
2024-07-18 18:30:00,248.36000061035156,249.0399932861328,247.7550048828125,248.66000366210938,447719
2024-07-18 19:30:00,248.64999389648438,249.7899932861328,248.61000061035156,249.05999755859375,721131
2024-07-19 13:30:00,241.8000030517578,242.6999969482422,237.64999389648438,238.99000549316406,1553599
2024-07-19 14:30:00,239.0720977783203,239.9199981689453,238.1999969482422,239.06500244140625,573469
2024-07-19 15:30:00,239.02000427246094,240.32000732421875,238.92250061035156,239.88999938964844,488120
2024-07-19 16:30:00,239.875,241.27999877929688,239.8300018310547,240.88999938964844,489351
2024-07-19 17:30:00,240.83999633789062,243.3800048828125,240.4499969482422,242.77000427246094,693781
2024-07-19 18:30:00,242.77000427246094,243.3000030517578,242.0500030517578,243.0,563883
2024-07-19 19:30:00,243.0,243.08999633789062,241.8000030517578,242.5399932861328,676602
2024-07-22 13:30:00,243.00999450683594,245.35000610351562,239.89999389648438,242.92750549316406,560110
2024-07-22 14:30:00,242.97999572753906,245.61000061035156,242.83999633789062,243.7050018310547,423809
2024-07-22 15:30:00,243.74000549316406,243.94000244140625,242.2100067138672,243.0,267484
2024-07-22 16:30:00,242.9824981689453,244.8699951171875,242.72000122070312,244.55999755859375,123486
2024-07-22 17:30:00,244.6199951171875,244.88999938964844,243.6300048828125,244.2550048828125,151272
2024-07-22 18:30:00,244.27999877929688,244.97999572753906,244.091796875,244.35000610351562,217767
2024-07-22 19:30:00,244.41000366210938,245.27000427246094,244.3699951171875,244.88999938964844,441968
2024-07-23 13:30:00,246.9600067138672,248.1999969482422,245.0399932861328,247.6699981689453,362391
2024-07-23 14:30:00,247.6710968017578,248.6699981689453,246.88999938964844,247.91000366210938,353754
2024-07-23 15:30:00,247.96499633789062,248.99000549316406,247.49000549316406,247.6284942626953,225553
2024-07-23 16:30:00,247.61500549316406,248.16000366210938,247.4199981689453,247.7454071044922,139856
2024-07-23 17:30:00,247.7100067138672,248.38999938964844,247.25,248.19000244140625,164339
2024-07-23 18:30:00,248.1999969482422,248.25999450683594,247.55999755859375,247.94000244140625,197275
2024-07-23 19:30:00,247.94000244140625,248.02999877929688,246.6750030517578,246.77000427246094,401820
2024-07-24 13:30:00,245.0,245.6199951171875,241.47999572753906,243.05499267578125,625594
2024-07-24 14:30:00,243.0500030517578,244.4499969482422,242.57000732421875,242.85000610351562,306094
2024-07-24 15:30:00,242.77000427246094,243.9499969482422,242.74000549316406,243.55999755859375,257587
2024-07-24 16:30:00,243.55999755859375,243.6699981689453,242.7550048828125,243.0,152825
2024-07-24 17:30:00,243.0675048828125,243.8699951171875,242.94000244140625,243.22999572753906,154331
2024-07-24 18:30:00,243.27000427246094,243.4600067138672,242.6199951171875,242.94000244140625,215047
2024-07-24 19:30:00,242.94000244140625,243.0,240.6699981689453,241.0399932861328,575577
2024-07-25 13:30:00,240.0,242.16900634765625,239.38999938964844,241.34500122070312,731140
2024-07-25 14:30:00,241.44000244140625,242.80999755859375,241.24000549316406,242.36720275878906,288842
2024-07-25 15:30:00,242.4600067138672,244.17999267578125,242.02999877929688,244.13499450683594,214808
2024-07-25 16:30:00,244.10760498046875,244.9600067138672,242.38999938964844,242.4499969482422,515400
2024-07-25 17:30:00,242.39999389648438,242.42999267578125,240.66000366210938,240.98500061035156,264195
2024-07-25 18:30:00,240.9199981689453,241.4499969482422,240.36500549316406,241.19000244140625,411037
2024-07-25 19:30:00,241.26499938964844,241.2899932861328,239.9199981689453,240.22000122070312,553408
2024-07-26 13:30:00,241.92999267578125,244.6999969482422,241.8800048828125,244.35499572753906,380022
2024-07-26 14:30:00,244.3000030517578,245.0,243.53939819335938,244.11500549316406,200783
2024-07-26 15:30:00,244.0800018310547,246.0,244.05999755859375,245.9600067138672,197254
2024-07-26 16:30:00,245.9199981689453,246.38999938964844,245.5399932861328,246.125,121457
2024-07-26 17:30:00,246.1199951171875,246.2050018310547,244.83999633789062,245.3300018310547,167185
2024-07-26 18:30:00,245.3300018310547,245.92999267578125,244.9600067138672,245.7949981689453,200553
2024-07-26 19:30:00,245.7949981689453,246.0399932861328,245.1199951171875,245.91000366210938,285744
2024-07-29 13:30:00,246.6300048828125,247.5,244.58999633789062,244.9600067138672,309654
2024-07-29 14:30:00,244.8800048828125,246.4199981689453,244.3101043701172,246.15499877929688,290387
2024-07-29 15:30:00,246.10260009765625,247.1699981689453,245.5402069091797,246.38189697265625,146037
2024-07-29 16:30:00,246.4199981689453,247.14999389648438,246.25999450683594,246.6300048828125,245809
2024-07-29 17:30:00,246.59249877929688,247.0260009765625,246.39010620117188,246.75,90983
2024-07-29 18:30:00,246.67539978027344,247.14999389648438,246.3800048828125,247.11000061035156,159934
2024-07-29 19:30:00,247.1300048828125,247.9600067138672,247.0500030517578,247.89999389648438,417558
2024-07-30 13:30:00,249.4600067138672,252.3699951171875,249.22999572753906,252.3000030517578,420352
2024-07-30 14:30:00,252.25999450683594,252.94500732421875,251.22999572753906,252.07000732421875,343260
2024-07-30 15:30:00,252.24609375,252.42999267578125,251.22000122070312,251.52999877929688,209614
2024-07-30 16:30:00,251.47999572753906,252.0605010986328,250.55999755859375,250.9250030517578,175781
2024-07-30 17:30:00,250.82000732421875,252.6300048828125,250.82000732421875,252.27499389648438,149938
2024-07-30 18:30:00,252.19000244140625,252.5500030517578,251.5,252.47000122070312,142045
2024-07-30 19:30:00,252.4199981689453,253.67999267578125,252.30999755859375,252.47999572753906,356835
2024-07-31 13:30:00,253.11000061035156,255.25,252.42999267578125,254.39999389648438,309692
2024-07-31 14:30:00,254.39500427246094,256.239990234375,254.25999450683594,254.98500061035156,248198
2024-07-31 15:30:00,254.9949951171875,255.6280059814453,254.97000122070312,255.0800018310547,111587
2024-07-31 16:30:00,254.92999267578125,255.33999633789062,254.24920654296875,254.4600067138672,130279
2024-07-31 17:30:00,254.33999633789062,254.99000549316406,253.94000244140625,254.48500061035156,159532
2024-07-31 18:30:00,254.49000549316406,255.77000427246094,252.72000122070312,252.82000732421875,356632
2024-07-31 19:30:00,252.77000427246094,254.49000549316406,252.6999969482422,252.91000366210938,351601
2024-08-01 13:30:00,253.85000610351562,255.0,251.14999389648438,251.27999877929688,357303
2024-08-01 14:30:00,251.25999450683594,251.5,248.60000610351562,248.8249969482422,498904
2024-08-01 15:30:00,248.77000427246094,250.44769287109375,248.58999633789062,250.0800018310547,266571
2024-08-01 16:30:00,249.99000549316406,250.02000427246094,247.24000549316406,247.50999450683594,265366
2024-08-01 17:30:00,247.49000549316406,248.5756072998047,247.16000366210938,247.56500244140625,275961
2024-08-01 18:30:00,247.55999755859375,247.94000244140625,246.41009521484375,247.5399932861328,457546
2024-08-01 19:30:00,247.5800018310547,248.89999389648438,247.16000366210938,248.5800018310547,874341
2024-08-02 13:30:00,244.50999450683594,244.64999389648438,235.75999450683594,236.11000061035156,1327044
2024-08-02 14:30:00,236.08999633789062,237.25320434570312,232.5,233.3800048828125,1115200
2024-08-02 15:30:00,233.30999755859375,234.76499938964844,232.66000366210938,233.89999389648438,801456
2024-08-02 16:30:00,233.8699951171875,233.8699951171875,231.10000610351562,231.13250732421875,560407
2024-08-02 17:30:00,231.14999389648438,231.6230010986328,230.0500030517578,231.57000732421875,467467
2024-08-02 18:30:00,231.52000427246094,231.89999389648438,230.9199981689453,231.88999938964844,509505
2024-08-02 19:30:00,231.88999938964844,232.7449951171875,231.27000427246094,232.0,929126
2024-08-05 13:30:00,226.63999938964844,229.2899932861328,222.02999877929688,227.7899932861328,1403188
2024-08-05 14:30:00,228.0800018310547,230.77499389648438,227.80999755859375,229.9550018310547,829909
2024-08-05 15:30:00,229.94000244140625,230.66000366210938,228.67999267578125,229.34500122070312,257146
2024-08-05 16:30:00,229.27000427246094,229.32000732421875,226.91000366210938,228.4600067138672,321095
2024-08-05 17:30:00,228.38999938964844,229.44000244140625,227.57000732421875,227.9217987060547,257009
2024-08-05 18:30:00,227.9199981689453,228.01499938964844,226.21499633789062,226.6300048828125,310730
2024-08-05 19:30:00,226.64999389648438,226.97000122070312,225.57000732421875,225.77999877929688,775183
2024-08-06 13:30:00,226.9600067138672,232.22000122070312,226.5,230.9499969482422,552580
2024-08-06 14:30:00,230.9600067138672,233.17999267578125,229.92999267578125,230.0500030517578,430121
2024-08-06 15:30:00,229.97999572753906,231.52999877929688,229.92999267578125,231.40499877929688,302713
2024-08-06 16:30:00,231.33999633789062,232.50599670410156,230.93499755859375,232.36000061035156,199546
2024-08-06 17:30:00,232.3699951171875,233.09500122070312,231.39999389648438,232.55999755859375,193400
2024-08-06 18:30:00,232.55999755859375,233.1199951171875,230.8699951171875,231.82000732421875,248776
2024-08-06 19:30:00,231.92999267578125,232.11000061035156,230.63999938964844,231.07000732421875,478928
2024-08-07 13:30:00,234.02000427246094,236.1699981689453,233.33810424804688,233.3699951171875,370160
2024-08-07 14:30:00,233.49000549316406,234.47000122070312,232.72999572753906,232.99000549316406,213833
2024-08-07 15:30:00,233.00999450683594,233.57000732421875,231.72500610351562,233.42999267578125,173645
2024-08-07 16:30:00,233.36000061035156,233.6699981689453,231.0,231.91000366210938,177641
2024-08-07 17:30:00,232.0500030517578,232.5,228.6999969482422,229.59579467773438,427030
2024-08-07 18:30:00,229.5800018310547,230.1999969482422,228.97999572753906,229.57000732421875,286049
2024-08-07 19:30:00,229.5800018310547,230.07000732421875,228.51019287109375,228.8300018310547,393267
2024-08-08 13:30:00,231.0500030517578,234.0,231.00999450683594,233.77999877929688,248018
2024-08-08 14:30:00,233.6999969482422,234.3699951171875,232.8000030517578,234.02000427246094,189953
2024-08-08 15:30:00,233.97999572753906,234.08999633789062,232.77999877929688,233.60000610351562,121877
2024-08-08 16:30:00,233.61500549316406,233.97000122070312,232.58999633789062,233.89999389648438,133744
2024-08-08 17:30:00,233.9499969482422,234.5,233.4600067138672,233.83999633789062,145005
2024-08-08 18:30:00,234.0,234.47000122070312,233.52000427246094,234.0800018310547,162892
2024-08-08 19:30:00,234.07000732421875,234.31700134277344,233.3699951171875,233.6199951171875,411074
2024-08-09 13:30:00,234.25,236.08999633789062,233.08999633789062,235.76499938964844,292005
2024-08-09 14:30:00,235.75,237.14990234375,235.00999450683594,236.50999450683594,178812
2024-08-09 15:30:00,236.39999389648438,236.77000427246094,236.1300048828125,236.65499877929688,133341
2024-08-09 16:30:00,236.65499877929688,238.14999389648438,236.60000610351562,238.14500427246094,162022
2024-08-09 17:30:00,238.25,238.33999633789062,236.9199981689453,236.97999572753906,164403
2024-08-09 18:30:00,237.05499267578125,237.83999633789062,236.65260314941406,237.6300048828125,175622
2024-08-09 19:30:00,237.64999389648438,238.3000030517578,237.5800018310547,237.85000610351562,395227
2024-08-12 13:30:00,238.1999969482422,238.99000549316406,235.39500427246094,236.6999969482422,314361
2024-08-12 14:30:00,236.8699951171875,238.7050018310547,236.6999969482422,237.0850067138672,272649
2024-08-12 15:30:00,237.0850067138672,238.4499969482422,236.3699951171875,237.46499633789062,172874
2024-08-12 16:30:00,237.4199981689453,238.0399932861328,236.73489379882812,237.5749969482422,131672
2024-08-12 17:30:00,237.60499572753906,237.7100067138672,236.55999755859375,237.3000030517578,139566
2024-08-12 18:30:00,237.22000122070312,237.47500610351562,236.90499877929688,237.2292938232422,160441
2024-08-12 19:30:00,237.22999572753906,237.39500427246094,236.27499389648438,237.08999633789062,270168
2024-08-13 13:30:00,238.7100067138672,238.9149932861328,236.4700927734375,237.5,251219
2024-08-13 14:30:00,237.49000549316406,238.3000030517578,236.98500061035156,238.1898956298828,282829
2024-08-13 15:30:00,238.18499755859375,239.27000427246094,238.0800018310547,238.63499450683594,200139
2024-08-13 16:30:00,238.64999389648438,239.02000427246094,238.2100067138672,238.25,254031
2024-08-13 17:30:00,238.22999572753906,238.64990234375,237.60000610351562,238.6300048828125,105554
2024-08-13 18:30:00,238.5500030517578,239.15499877929688,238.4300994873047,238.52999877929688,163768
2024-08-13 19:30:00,238.5,239.15499877929688,238.3300018310547,238.99000549316406,365304
2024-08-14 13:30:00,239.80999755859375,241.7050018310547,239.50999450683594,241.13999938964844,346331
2024-08-14 14:30:00,241.11000061035156,241.63999938964844,240.44000244140625,241.49000549316406,213764
2024-08-14 15:30:00,241.50999450683594,242.9550018310547,241.44000244140625,242.10000610351562,212333
2024-08-14 16:30:00,242.09500122070312,242.88800048828125,241.86000061035156,242.3300018310547,162999
2024-08-14 17:30:00,242.3300018310547,243.1199951171875,242.30999755859375,242.75999450683594,154441
2024-08-14 18:30:00,242.75999450683594,243.5399932861328,242.69000244140625,243.22500610351562,189798
2024-08-14 19:30:00,243.1699981689453,244.08999633789062,242.9149932861328,243.74000549316406,450960
2024-08-15 13:30:00,247.77000427246094,249.52000427246094,245.63999938964844,246.3300018310547,454750
2024-08-15 14:30:00,246.44000244140625,246.64990234375,245.35000610351562,246.08999633789062,258674
2024-08-15 15:30:00,246.0850067138672,247.38499450683594,245.7899932861328,247.31500244140625,167139
2024-08-15 16:30:00,247.38999938964844,247.75999450683594,246.64999389648438,247.6750030517578,256513
2024-08-15 17:30:00,247.74000549316406,248.72000122070312,247.74000549316406,248.6378936767578,228451
2024-08-15 18:30:00,248.6750030517578,249.74000549316406,248.4199981689453,249.72999572753906,328920
2024-08-15 19:30:00,249.69000244140625,250.36000061035156,248.97000122070312,249.5500030517578,477774
2024-08-16 13:30:00,249.38999938964844,251.0,249.33999633789062,249.5800018310547,381048
2024-08-16 14:30:00,249.67340087890625,250.46499633789062,249.1300048828125,250.13999938964844,268234
2024-08-16 15:30:00,250.13999938964844,251.26499938964844,249.74000549316406,250.6999969482422,207978
2024-08-16 16:30:00,250.6999969482422,251.50999450683594,250.57009887695312,251.1999969482422,155518
2024-08-16 17:30:00,251.2100067138672,251.7100067138672,251.11000061035156,251.1999969482422,169850
2024-08-16 18:30:00,251.1999969482422,251.6699981689453,251.00999450683594,251.24000549316406,216437
2024-08-16 19:30:00,251.1699981689453,251.75,250.7550048828125,251.69000244140625,352721
2024-08-19 13:30:00,252.0,252.89999389648438,251.83999633789062,252.77000427246094,216539
2024-08-19 14:30:00,252.77000427246094,253.74000549316406,252.61000061035156,253.36500549316406,218330
2024-08-19 15:30:00,253.36000061035156,253.89500427246094,253.08009338378906,253.82000732421875,147855
2024-08-19 16:30:00,253.85499572753906,254.11000061035156,253.4001007080078,253.53500366210938,149449
2024-08-19 17:30:00,253.52499389648438,253.52499389648438,252.86000061035156,253.25,126287
2024-08-19 18:30:00,253.25,253.72000122070312,253.11500549316406,253.2949981689453,129042
2024-08-19 19:30:00,253.25399780273438,254.07000732421875,253.22999572753906,253.94000244140625,276150
2024-08-20 13:30:00,254.22000122070312,254.6199951171875,253.30250549316406,253.72999572753906,231572
2024-08-20 14:30:00,253.7100067138672,254.36000061035156,252.32000732421875,252.5500030517578,198465
2024-08-20 15:30:00,252.57000732421875,253.6999969482422,252.52000427246094,253.14999389648438,107734
2024-08-20 16:30:00,253.1300048828125,253.1638946533203,252.5135040283203,252.85000610351562,322849
2024-08-20 17:30:00,252.83999633789062,253.75999450683594,252.4199981689453,253.67999267578125,102235
2024-08-20 18:30:00,253.67999267578125,253.74000549316406,252.75,252.8000030517578,130379
2024-08-20 19:30:00,252.67999267578125,253.13999938964844,252.25999450683594,253.05999755859375,217354
2024-08-21 13:30:00,249.63999938964844,249.82000732421875,246.52499389648438,246.52499389648438,670371
2024-08-21 14:30:00,246.60000610351562,247.49000549316406,244.27000427246094,244.44500732421875,543906
2024-08-21 15:30:00,244.44000244140625,245.0850067138672,243.35000610351562,244.6199951171875,464993
2024-08-21 16:30:00,244.61000061035156,245.2899932861328,244.32000732421875,244.97500610351562,277852
2024-08-21 17:30:00,244.9199981689453,245.8350067138672,244.51010131835938,245.8350067138672,399970
2024-08-21 18:30:00,245.86000061035156,246.35000610351562,245.4499969482422,245.82000732421875,305195
2024-08-21 19:30:00,245.7899932861328,246.42999267578125,245.44700622558594,246.24000549316406,412605
2024-08-22 13:30:00,246.77000427246094,247.44900512695312,245.7550048828125,245.8300018310547,320373
2024-08-22 14:30:00,245.9550018310547,247.41510009765625,245.77000427246094,246.9149932861328,221479
2024-08-22 15:30:00,247.05999755859375,248.44000244140625,247.02000427246094,248.39999389648438,292150
2024-08-22 16:30:00,248.4499969482422,248.9199981689453,247.32000732421875,247.6699981689453,149154
2024-08-22 17:30:00,247.62319946289062,248.60499572753906,247.05999755859375,248.48500061035156,145716
2024-08-22 18:30:00,248.39999389648438,248.5399932861328,247.77999877929688,247.90499877929688,186022
2024-08-22 19:30:00,247.90499877929688,248.14999389648438,247.33999633789062,247.8300018310547,271906
2024-08-23 13:30:00,248.0,251.27999877929688,248.0,251.0399932861328,279899
2024-08-23 14:30:00,250.97000122070312,251.9600067138672,249.6300048828125,251.8000030517578,204029
2024-08-23 15:30:00,251.91000366210938,252.1699981689453,249.57000732421875,249.8249969482422,178199
2024-08-23 16:30:00,249.77000427246094,251.52999877929688,249.22000122070312,251.4600067138672,129148
2024-08-23 17:30:00,251.3699951171875,251.5050048828125,250.97000122070312,251.19500732421875,139970
2024-08-23 18:30:00,251.19000244140625,251.5399932861328,250.4499969482422,251.5,182163
2024-08-23 19:30:00,251.39999389648438,251.6300048828125,250.9199981689453,251.17999267578125,283593
2024-08-26 13:30:00,252.4199981689453,256.1600036621094,251.9499969482422,255.1699981689453,412610
2024-08-26 14:30:00,255.0850067138672,255.47999572753906,253.22000122070312,253.4149932861328,131592
2024-08-26 15:30:00,253.22999572753906,254.41000366210938,253.0500946044922,254.06199645996094,190306
2024-08-26 16:30:00,254.13999938964844,254.4499969482422,253.70010375976562,254.26499938964844,100019
2024-08-26 17:30:00,254.22999572753906,254.22999572753906,252.86000061035156,253.3300018310547,100144
2024-08-26 18:30:00,253.22999572753906,253.8800048828125,253.08999633789062,253.6199951171875,120564
2024-08-26 19:30:00,253.55999755859375,254.2899932861328,253.5399932861328,253.91000366210938,202814
2024-08-27 13:30:00,253.6999969482422,256.67999267578125,253.6999969482422,254.9250030517578,327679
2024-08-27 14:30:00,254.9600067138672,256.0,254.5500030517578,254.8800048828125,196395
2024-08-27 15:30:00,254.82000732421875,254.83160400390625,254.19000244140625,254.39999389648438,141196
2024-08-27 16:30:00,254.3800048828125,255.2899932861328,253.80999755859375,255.24000549316406,114116
2024-08-27 17:30:00,255.22000122070312,255.69000244140625,254.8800048828125,254.9499969482422,136227
2024-08-27 18:30:00,254.9499969482422,255.3699951171875,254.83999633789062,255.10000610351562,186222
2024-08-27 19:30:00,255.14500427246094,255.3000030517578,254.47999572753906,255.1300048828125,313692
2024-08-28 13:30:00,254.2100067138672,257.1099853515625,253.75,256.04998779296875,433781
2024-08-28 14:30:00,256.1000061035156,258.6300048828125,255.97000122070312,256.9150085449219,329539
2024-08-28 15:30:00,256.9150085449219,256.9150085449219,255.35000610351562,255.47500610351562,241858
2024-08-28 16:30:00,255.47500610351562,256.4599914550781,255.3699951171875,255.8800048828125,183574
2024-08-28 17:30:00,255.88499450683594,256.25,253.77999877929688,254.17999267578125,338981
2024-08-28 18:30:00,254.17999267578125,256.0199890136719,254.08999633789062,255.88999938964844,227707
2024-08-28 19:30:00,255.875,257.54998779296875,255.61000061035156,257.1300048828125,394129
2024-08-29 13:30:00,258.0,261.56500244140625,256.82501220703125,260.9599914550781,372603
2024-08-29 14:30:00,260.9800109863281,260.9800109863281,259.2300109863281,259.70001220703125,295198
2024-08-29 15:30:00,260.0400085449219,260.96990966796875,259.6099853515625,260.260009765625,233309
2024-08-29 16:30:00,260.2699890136719,260.7900085449219,260.0700988769531,260.7200012207031,171358
2024-08-29 17:30:00,260.7200012207031,261.30999755859375,260.17999267578125,260.29998779296875,178046
2024-08-29 18:30:00,260.239990234375,260.44000244140625,257.8299865722656,259.69000244140625,269220
2024-08-29 19:30:00,259.7550048828125,259.9599914550781,258.55999755859375,259.8800048828125,382882
2024-08-30 13:30:00,260.489990234375,261.75,259.5249938964844,259.8399963378906,353260
2024-08-30 14:30:00,259.8399963378906,260.2200012207031,256.7959899902344,256.8599853515625,424263
2024-08-30 15:30:00,256.8599853515625,257.3716125488281,256.1000061035156,256.5199890136719,277508
2024-08-30 16:30:00,256.4750061035156,257.92999267578125,256.18011474609375,257.20001220703125,196525
2024-08-30 17:30:00,257.17999267578125,257.5450134277344,256.8599853515625,256.9800109863281,240850
2024-08-30 18:30:00,256.9599914550781,257.5,256.7200012207031,257.3699951171875,359642
2024-08-30 19:30:00,257.385009765625,258.8500061035156,257.07000732421875,258.6050109863281,633702
2024-09-03 13:30:00,255.77000427246094,257.4800109863281,254.17999267578125,256.1400146484375,479688
2024-09-03 14:30:00,255.9949951171875,257.260009765625,254.94000244140625,257.05499267578125,463345
2024-09-03 15:30:00,257.0899963378906,257.1000061035156,256.0303039550781,256.2493896484375,250636
2024-09-03 16:30:00,256.260009765625,256.54998779296875,255.8300018310547,256.239990234375,181395
2024-09-03 17:30:00,256.3800048828125,256.3800048828125,255.1300048828125,255.2550048828125,178689
2024-09-03 18:30:00,255.25,255.42999267578125,254.30999755859375,254.41900634765625,206037
2024-09-03 19:30:00,254.41000366210938,254.660400390625,252.7899932861328,254.33299255371094,633397
2024-09-04 13:30:00,254.99000549316406,256.29998779296875,254.10000610351562,254.8350067138672,516930
2024-09-04 14:30:00,254.9550018310547,256.5799865722656,253.3000030517578,253.3000030517578,392504
2024-09-04 15:30:00,253.2100067138672,253.5500030517578,252.47999572753906,253.13999938964844,239663
2024-09-04 16:30:00,253.01730346679688,253.9250030517578,252.5749969482422,252.5749969482422,162686
2024-09-04 17:30:00,252.55999755859375,252.64999389648438,251.14500427246094,251.7449951171875,233828
2024-09-04 18:30:00,251.6999969482422,252.0,250.66000366210938,251.80999755859375,323631
2024-09-04 19:30:00,251.77999877929688,252.0800018310547,251.1750030517578,251.63999938964844,421213
2024-09-05 13:30:00,252.3300018310547,252.80999755859375,250.64500427246094,251.77999877929688,275692
2024-09-05 14:30:00,251.9550018310547,252.0399932861328,248.7100067138672,248.90499877929688,252619
2024-09-05 15:30:00,248.91000366210938,249.67999267578125,248.3699951171875,248.9199981689453,243079
2024-09-05 16:30:00,248.9199981689453,250.0050048828125,248.58999633789062,249.6199951171875,126182
2024-09-05 17:30:00,249.61000061035156,251.8000030517578,249.52999877929688,251.52999877929688,270276
2024-09-05 18:30:00,251.50999450683594,252.44000244140625,251.0500030517578,251.7050018310547,258235
2024-09-05 19:30:00,251.72000122070312,252.25,251.3000030517578,251.83999633789062,413217
2024-09-06 13:30:00,251.2899932861328,253.56500244140625,247.8000030517578,248.0,366003
2024-09-06 14:30:00,248.05499267578125,248.5800018310547,244.69000244140625,244.83999633789062,495953
2024-09-06 15:30:00,244.9250030517578,246.05999755859375,243.3800048828125,243.4199981689453,301275
2024-09-06 16:30:00,243.47000122070312,244.91000366210938,243.43499755859375,244.30740356445312,301058
2024-09-06 17:30:00,244.16000366210938,244.3300018310547,243.39500427246094,243.63999938964844,192617
2024-09-06 18:30:00,243.64999389648438,245.35000610351562,243.32000732421875,244.91000366210938,292085
2024-09-06 19:30:00,244.89999389648438,245.0,243.66000366210938,244.1199951171875,474970
2024-09-09 13:30:00,248.25,251.60000610351562,247.52999877929688,250.87899780273438,444889
2024-09-09 14:30:00,250.85499572753906,250.85499572753906,248.8699951171875,249.99000549316406,260232
2024-09-09 15:30:00,250.0050048828125,252.4499969482422,250.00100708007812,252.3800048828125,240302
2024-09-09 16:30:00,252.3800048828125,253.14999389648438,252.1300048828125,252.4801025390625,203233
2024-09-09 17:30:00,252.52499389648438,252.54249572753906,251.04519653320312,251.8300018310547,177135
2024-09-09 18:30:00,251.66000366210938,251.9499969482422,250.64999389648438,251.07000732421875,179128
2024-09-09 19:30:00,251.0800018310547,251.72999572753906,250.5749969482422,250.9199981689453,367374
2024-09-10 13:30:00,251.72000122070312,252.5,242.77029418945312,244.39109802246094,792283
2024-09-10 14:30:00,244.39999389648438,244.77000427246094,243.02000427246094,243.52999877929688,367790
2024-09-10 15:30:00,243.39999389648438,243.89500427246094,240.58999633789062,241.04029846191406,377241
2024-09-10 16:30:00,240.9199981689453,243.58999633789062,240.8300018310547,243.44000244140625,294483
2024-09-10 17:30:00,243.4499969482422,245.5843048095703,243.4499969482422,245.3699951171875,315725
2024-09-10 18:30:00,245.3800048828125,246.60499572753906,245.1999969482422,246.47000122070312,226239
2024-09-10 19:30:00,246.43499755859375,246.43499755859375,244.8000030517578,245.41000366210938,567197
2024-09-11 13:30:00,244.39999389648438,247.5,243.518798828125,244.1199951171875,529944
2024-09-11 14:30:00,244.14500427246094,246.5800018310547,243.50180053710938,246.1649932861328,469196
2024-09-11 15:30:00,246.1649932861328,249.91000366210938,246.1300048828125,249.44500732421875,399795
2024-09-11 16:30:00,249.3300018310547,251.7899932861328,249.22999572753906,251.67999267578125,319001
2024-09-11 17:30:00,251.67999267578125,252.64999389648438,251.2899932861328,252.36000061035156,205548
2024-09-11 18:30:00,252.4499969482422,254.24000549316406,252.22999572753906,254.00169372558594,223286
2024-09-11 19:30:00,254.1300048828125,254.625,253.1699981689453,254.00999450683594,463514
2024-09-12 13:30:00,256.29998779296875,257.0,252.58999633789062,254.5449981689453,335389
2024-09-12 14:30:00,254.5449981689453,255.50999450683594,253.5500030517578,254.3699951171875,185423
2024-09-12 15:30:00,254.1875,255.03500366210938,253.7100067138672,254.50999450683594,138526
2024-09-12 16:30:00,254.49000549316406,255.1699981689453,253.6750030517578,255.11000061035156,188471
2024-09-12 17:30:00,255.14999389648438,255.88999938964844,254.125,255.15499877929688,209724
2024-09-12 18:30:00,255.1999969482422,255.83999633789062,254.00999450683594,255.02999877929688,220714
2024-09-12 19:30:00,254.8699951171875,255.6699981689453,254.72999572753906,255.1199951171875,351634
2024-09-13 13:30:00,256.3450012207031,259.7799987792969,256.3450012207031,259.2799987792969,338931
2024-09-13 14:30:00,259.0,260.1400146484375,258.3044128417969,259.5,258393
2024-09-13 15:30:00,259.5150146484375,259.7300109863281,258.0400085449219,258.1099853515625,196477
2024-09-13 16:30:00,258.0899963378906,259.7200012207031,257.5199890136719,259.2550048828125,253130
2024-09-13 17:30:00,259.260009765625,259.7200012207031,258.0199890136719,258.05999755859375,164475
2024-09-13 18:30:00,258.010009765625,258.6300048828125,257.8739929199219,258.260009765625,186379
2024-09-13 19:30:00,258.2900085449219,259.5199890136719,257.8399963378906,259.05999755859375,364685
2024-09-16 13:30:00,261.30999755859375,262.8500061035156,259.3500061035156,260.0799865722656,386411
2024-09-16 14:30:00,260.1499938964844,261.07000732421875,259.1499938964844,259.30999755859375,280641
2024-09-16 15:30:00,259.1499938964844,261.6000061035156,259.1499938964844,261.476806640625,231515
2024-09-16 16:30:00,261.54998779296875,261.69720458984375,260.7300109863281,260.9798889160156,163047
2024-09-16 17:30:00,260.94000244140625,261.5950012207031,260.42999267578125,261.3599853515625,160345
2024-09-16 18:30:00,261.4200134277344,261.6899108886719,260.92999267578125,261.010009765625,151362
2024-09-16 19:30:00,261.0799865722656,261.29998779296875,260.69000244140625,261.1099853515625,380291
2024-09-17 13:30:00,262.04998779296875,264.70001220703125,261.625,264.07501220703125,346865
2024-09-17 14:30:00,264.07501220703125,267.2184143066406,263.9985046386719,266.7900085449219,408119
2024-09-17 15:30:00,266.79998779296875,266.9010009765625,265.2300109863281,266.0199890136719,291703
2024-09-17 16:30:00,265.8999938964844,266.1499938964844,264.1300048828125,264.989990234375,254224
2024-09-17 17:30:00,265.1499938964844,265.7099914550781,264.69000244140625,264.82000732421875,154212
2024-09-17 18:30:00,264.7200012207031,265.5,264.3999938964844,265.3999938964844,192928
2024-09-17 19:30:00,265.331298828125,265.80499267578125,264.9750061035156,265.489990234375,550370
2024-09-18 13:30:00,264.3999938964844,264.8900146484375,261.0,262.42999267578125,523384
2024-09-18 14:30:00,262.2699890136719,263.1499938964844,261.3599853515625,262.9700012207031,198747
2024-09-18 15:30:00,263.05499267578125,263.3699951171875,262.0299987792969,262.481201171875,136776
2024-09-18 16:30:00,262.4200134277344,263.375,262.260009765625,263.239990234375,117856
2024-09-18 17:30:00,263.25,266.0,262.5,265.3500061035156,402851
2024-09-18 18:30:00,265.4200134277344,266.3500061035156,262.5,263.4775085449219,365188
2024-09-18 19:30:00,263.5400085449219,264.05999755859375,262.0,262.3999938964844,422743
2024-09-19 13:30:00,267.8299865722656,269.80999755859375,266.3500061035156,269.6700134277344,494486
2024-09-19 14:30:00,269.67498779296875,270.1000061035156,266.7099914550781,268.5299987792969,458445
2024-09-19 15:30:00,268.531005859375,269.2799987792969,267.75,269.07501220703125,209963
2024-09-19 16:30:00,269.1400146484375,269.69000244140625,267.94000244140625,268.3699951171875,305279
2024-09-19 17:30:00,268.5393981933594,269.4800109863281,267.9599914550781,268.8599853515625,263470
2024-09-19 18:30:00,268.8999938964844,269.1499938964844,268.1050109863281,268.75,173069
2024-09-19 19:30:00,268.739990234375,269.4399108886719,268.4599914550781,268.7099914550781,361937
2024-09-20 13:30:00,268.3999938964844,270.456298828125,266.95001220703125,270.1449890136719,1003906
2024-09-20 14:30:00,270.0899963378906,271.31109619140625,269.3999938964844,270.30999755859375,261864
2024-09-20 15:30:00,270.20001220703125,270.7099914550781,269.610107421875,270.69000244140625,178118
2024-09-20 16:30:00,270.69000244140625,271.489990234375,270.3399963378906,271.1549987792969,205045
2024-09-20 17:30:00,271.125,271.32000732421875,269.2900085449219,269.4200134277344,181940
2024-09-20 18:30:00,269.3299865722656,269.989990234375,268.8399963378906,269.67999267578125,214098
2024-09-20 19:30:00,269.7200012207031,270.1899108886719,268.4100036621094,269.0,487274
2024-09-23 13:30:00,271.3599853515625,272.4100036621094,270.1199951171875,271.6199951171875,289270
2024-09-23 14:30:00,271.6000061035156,271.7099914550781,269.3999938964844,269.6400146484375,206959
2024-09-23 15:30:00,269.8699951171875,270.1600036621094,268.7799987792969,269.3299865722656,133183
2024-09-23 16:30:00,269.3299865722656,269.7900085449219,269.04998779296875,269.135009765625,112397
2024-09-23 17:30:00,269.135009765625,269.7900085449219,268.9200134277344,269.31500244140625,149265
2024-09-23 18:30:00,269.239990234375,269.5199890136719,267.9949951171875,268.2900085449219,292025
2024-09-23 19:30:00,268.25,268.31988525390625,267.05169677734375,267.2900085449219,572223
2024-09-24 13:30:00,267.7699890136719,268.5,265.20001220703125,265.57501220703125,335087
2024-09-24 14:30:00,265.6903991699219,266.3999938964844,264.29998779296875,265.75,291770
2024-09-24 15:30:00,265.875,265.9150085449219,263.0299987792969,263.3035888671875,192279
2024-09-24 16:30:00,263.3124084472656,265.2900085449219,263.0700988769531,264.79998779296875,187833
2024-09-24 17:30:00,264.9049987792969,265.95001220703125,264.7300109863281,265.55999755859375,179707
2024-09-24 18:30:00,265.55999755859375,266.3999938964844,265.2950134277344,265.82000732421875,171380
2024-09-24 19:30:00,265.82000732421875,266.489990234375,265.5299987792969,266.3500061035156,329871
2024-09-25 13:30:00,267.0899963378906,268.7200012207031,266.1300048828125,266.5299987792969,223462
2024-09-25 14:30:00,266.5,266.7799987792969,266.01690673828125,266.6499938964844,168835
2024-09-25 15:30:00,266.55999755859375,266.8999938964844,265.75,265.822509765625,181267
2024-09-25 16:30:00,265.7799987792969,266.79998779296875,265.54998779296875,266.4599914550781,369862
2024-09-25 17:30:00,266.4599914550781,267.010009765625,265.69000244140625,266.8500061035156,130585
2024-09-25 18:30:00,266.9100036621094,266.9725036621094,266.3800048828125,266.5799865722656,149761
2024-09-25 19:30:00,266.5199890136719,266.5249938964844,265.8349914550781,266.3699951171875,241856
2024-09-26 13:30:00,268.2900085449219,268.6600036621094,266.3399963378906,267.5849914550781,191461
2024-09-26 14:30:00,267.7699890136719,268.3999938964844,266.819091796875,268.0400085449219,131028
2024-09-26 15:30:00,267.95001220703125,268.8999938964844,267.57000732421875,267.6300048828125,108562
2024-09-26 16:30:00,267.5400085449219,267.64990234375,266.6000061035156,267.45001220703125,83611
2024-09-26 17:30:00,267.54998779296875,268.25,267.3800048828125,267.43499755859375,111690
2024-09-26 18:30:00,267.42999267578125,267.6285095214844,267.0,267.3800048828125,132767
2024-09-26 19:30:00,267.4200134277344,268.5299987792969,267.1600036621094,268.0899963378906,230808
2024-09-27 13:30:00,268.0,270.9700012207031,267.4200134277344,270.4100036621094,265231
2024-09-27 14:30:00,270.5799865722656,272.67999267578125,270.5400085449219,272.2449951171875,249315
2024-09-27 15:30:00,272.33990478515625,272.6099853515625,270.82000732421875,271.1099853515625,233256
2024-09-27 16:30:00,271.04998779296875,271.30999755859375,270.44000244140625,270.5199890136719,129066
2024-09-27 17:30:00,270.5299987792969,271.3799133300781,270.2300109863281,270.2950134277344,161201
2024-09-27 18:30:00,270.30499267578125,271.5400085449219,269.8800048828125,271.010009765625,155328
2024-09-27 19:30:00,271.07501220703125,271.6400146484375,270.44000244140625,270.9700012207031,297151
2024-09-30 13:30:00,270.1000061035156,270.1000061035156,267.2900085449219,269.2799987792969,292403
2024-09-30 14:30:00,269.2850036621094,270.2900085449219,269.20001220703125,269.30499267578125,168799
2024-09-30 15:30:00,269.3500061035156,270.54998779296875,269.20001220703125,270.2099914550781,123274
2024-09-30 16:30:00,270.2099914550781,270.7897033691406,269.751708984375,269.751708984375,137377
2024-09-30 17:30:00,269.8349914550781,270.4630126953125,267.8299865722656,268.5299987792969,175159
2024-09-30 18:30:00,268.6449890136719,269.9649963378906,268.2799987792969,269.9599914550781,145483
2024-09-30 19:30:00,269.9700012207031,271.4800109863281,269.6499938964844,271.1600036621094,403416
2024-10-01 13:30:00,271.2799987792969,271.8299865722656,266.5166931152344,267.20001220703125,338640
2024-10-01 14:30:00,266.94000244140625,269.0899963378906,266.8399963378906,268.7699890136719,328659
2024-10-01 15:30:00,269.0899963378906,270.30999755859375,269.0350036621094,269.69000244140625,325285
2024-10-01 16:30:00,269.6000061035156,269.6791076660156,267.79998779296875,267.8999938964844,318413
2024-10-01 17:30:00,267.8699951171875,270.6300048828125,267.6600036621094,270.222412109375,160577
2024-10-01 18:30:00,270.18499755859375,270.739990234375,269.7300109863281,269.95001220703125,127626
2024-10-01 19:30:00,269.9599914550781,270.1300048828125,268.4100036621094,268.57000732421875,339792
2024-10-02 13:30:00,268.6000061035156,271.0,266.25,269.67498779296875,266339
2024-10-02 14:30:00,269.54998779296875,270.3760986328125,268.489990234375,270.25,323444
2024-10-02 15:30:00,270.3275146484375,270.4200134277344,269.44000244140625,270.2699890136719,139070
2024-10-02 16:30:00,270.19000244140625,270.2099914550781,269.2699890136719,269.80999755859375,126943
2024-10-02 17:30:00,269.6199951171875,270.95001220703125,269.239990234375,270.2799987792969,225744
2024-10-02 18:30:00,270.2650146484375,271.1000061035156,270.0899963378906,270.4299011230469,188598
2024-10-02 19:30:00,270.3399963378906,271.3900146484375,270.07000732421875,270.92999267578125,320376
2024-10-03 13:30:00,269.6400146484375,271.1000061035156,267.63800048828125,269.0,242859
2024-10-03 14:30:00,268.67999267578125,269.4100036621094,267.8599853515625,268.760009765625,122646
2024-10-03 15:30:00,268.6499938964844,269.8399963378906,268.6300048828125,269.5899963378906,95706
2024-10-03 16:30:00,269.5799865722656,269.5899963378906,267.8800048828125,268.4949951171875,105443
2024-10-03 17:30:00,268.5249938964844,269.0150146484375,268.1499938964844,268.7300109863281,80048
2024-10-03 18:30:00,268.67999267578125,268.9800109863281,268.1099853515625,268.7099914550781,127725
2024-10-03 19:30:00,268.7099914550781,268.75,267.8999938964844,268.7300109863281,276598
2024-10-04 13:30:00,272.25,273.20989990234375,270.0,271.0299987792969,604231
2024-10-04 14:30:00,270.9700012207031,272.82000732421875,270.0213928222656,271.3800048828125,211613
2024-10-04 15:30:00,271.3800048828125,273.17999267578125,271.1199951171875,272.3299865722656,159854
2024-10-04 16:30:00,272.2900085449219,274.3900146484375,272.1700134277344,274.2799987792969,135275
2024-10-04 17:30:00,274.2799987792969,274.9549865722656,273.739990234375,274.8299865722656,225119
2024-10-04 18:30:00,274.8699951171875,275.8399963378906,274.69000244140625,275.8399963378906,199717
2024-10-04 19:30:00,275.739990234375,276.7900085449219,275.6700134277344,275.95001220703125,327818
2024-10-07 13:30:00,274.3500061035156,276.30999755859375,273.42999267578125,275.1000061035156,460653
2024-10-07 14:30:00,275.04998779296875,275.5199890136719,273.9696044921875,274.3299865722656,283481
2024-10-07 15:30:00,274.3800048828125,274.69000244140625,273.1300048828125,273.6000061035156,147409
2024-10-07 16:30:00,273.6050109863281,273.6199951171875,272.8999938964844,273.3299865722656,159346
2024-10-07 17:30:00,273.3349914550781,273.3349914550781,271.8599853515625,272.1549987792969,562830
2024-10-07 18:30:00,272.1300048828125,273.5299987792969,271.54998779296875,273.3399963378906,465296
2024-10-07 19:30:00,273.3399963378906,274.6000061035156,273.1400146484375,273.8599853515625,435444
2024-10-08 13:30:00,271.25,272.5,266.1600036621094,269.6449890136719,618358
2024-10-08 14:30:00,269.5,270.6000061035156,268.70001220703125,269.7200012207031,426985
2024-10-08 15:30:00,269.8450012207031,270.0,269.0899963378906,269.3599853515625,283242
2024-10-08 16:30:00,269.4700012207031,269.4700012207031,267.75,268.3599853515625,190842
2024-10-08 17:30:00,268.3599853515625,268.6700134277344,267.8800048828125,268.59368896484375,145349
2024-10-08 18:30:00,268.6600036621094,269.3808898925781,268.1199951171875,268.6499938964844,195034
2024-10-08 19:30:00,268.7200012207031,269.3599853515625,268.5299987792969,269.1199951171875,394638
2024-10-09 13:30:00,268.80999755859375,270.43499755859375,268.4150085449219,268.989990234375,249335
2024-10-09 14:30:00,268.9599914550781,270.739990234375,268.57000732421875,270.6199951171875,169086
2024-10-09 15:30:00,270.54998779296875,271.4599914550781,270.4599914550781,270.8800048828125,214789
2024-10-09 16:30:00,270.8800048828125,271.29998779296875,270.07000732421875,270.8399963378906,242948
2024-10-09 17:30:00,270.760009765625,271.29998779296875,269.8299865722656,270.22021484375,248059
2024-10-09 18:30:00,270.1300048828125,270.82501220703125,269.8599853515625,270.6700134277344,175900
2024-10-09 19:30:00,270.68499755859375,271.5899963378906,270.30010986328125,271.3800048828125,334840
2024-10-10 13:30:00,270.92999267578125,272.8999938964844,270.1099853515625,271.79998779296875,330519
2024-10-10 14:30:00,271.69000244140625,272.2200012207031,271.3999938964844,272.0,204577
2024-10-10 15:30:00,272.0,272.1888122558594,271.6499938964844,271.8514099121094,130865
2024-10-10 16:30:00,271.8699951171875,271.8699951171875,270.4700012207031,271.0299987792969,141643
2024-10-10 17:30:00,271.1098937988281,271.1199951171875,269.8800048828125,270.2099914550781,185398
2024-10-10 18:30:00,270.2850036621094,270.82000732421875,270.0899963378906,270.6000061035156,207024
2024-10-10 19:30:00,270.55108642578125,271.0199890136719,270.3500061035156,270.4700012207031,361869
2024-10-11 13:30:00,271.3800048828125,274.75,271.0,274.75,239655
2024-10-11 14:30:00,274.6400146484375,276.1000061035156,274.35009765625,275.4700012207031,187332
2024-10-11 15:30:00,275.57000732421875,276.2142028808594,275.1199951171875,275.75,154600
2024-10-11 16:30:00,275.69000244140625,276.42999267578125,275.3949890136719,276.1600036621094,162414
2024-10-11 17:30:00,276.1499938964844,276.8599853515625,276.0,276.2349853515625,116103
2024-10-11 18:30:00,276.3500061035156,276.75,275.8599853515625,276.38751220703125,127514
2024-10-11 19:30:00,276.30999755859375,277.1099853515625,276.0899963378906,276.1600036621094,305573
2024-10-14 13:30:00,276.1600036621094,276.79998779296875,275.110107421875,275.94500732421875,181783
2024-10-14 14:30:00,275.9800109863281,277.239990234375,275.81500244140625,276.739990234375,114785
2024-10-14 15:30:00,276.7749938964844,277.2699890136719,276.17999267578125,276.8599853515625,123111
2024-10-14 16:30:00,276.8299865722656,276.989990234375,275.6199951171875,276.0199890136719,108959
2024-10-14 17:30:00,276.0199890136719,276.19000244140625,275.760009765625,276.0199890136719,114551
2024-10-14 18:30:00,276.010009765625,277.3299865722656,276.010009765625,277.30999755859375,120174
2024-10-14 19:30:00,277.2650146484375,277.70001220703125,276.4200134277344,276.54998779296875,324389
2024-10-15 13:30:00,280.57000732421875,281.4200134277344,277.67999267578125,279.0,357358
2024-10-15 14:30:00,278.7799987792969,279.010009765625,277.8999938964844,278.5150146484375,197064
2024-10-15 15:30:00,278.5799865722656,281.1600036621094,278.5799865722656,280.8699951171875,183952
2024-10-15 16:30:00,280.9700012207031,281.010009765625,278.8999938964844,279.70819091796875,241055
2024-10-15 17:30:00,279.6600036621094,280.3500061035156,278.273193359375,278.30499267578125,270196
2024-10-15 18:30:00,278.3599853515625,278.75,278.0050048828125,278.20001220703125,262473
2024-10-15 19:30:00,278.1499938964844,278.1600036621094,276.8999938964844,277.32000732421875,351935
2024-10-16 13:30:00,278.8800048828125,279.8999938964844,278.0,278.8829345703125,272756
2024-10-16 14:30:00,278.95001220703125,279.7699890136719,277.69000244140625,278.2149963378906,259462
2024-10-16 15:30:00,278.2200012207031,279.489013671875,278.1700134277344,279.32000732421875,190334
2024-10-16 16:30:00,279.3900146484375,280.1099853515625,279.2879943847656,279.79998779296875,260902
2024-10-16 17:30:00,279.82501220703125,281.0,279.6300048828125,280.989990234375,214655
2024-10-16 18:30:00,281.05999755859375,281.80999755859375,280.8699951171875,281.5,251627
2024-10-16 19:30:00,281.3699951171875,281.8699951171875,281.0899963378906,281.5799865722656,296645
2024-10-17 13:30:00,284.0,286.2900085449219,282.4818115234375,283.55499267578125,580757
2024-10-17 14:30:00,283.7699890136719,285.1499938964844,283.25,284.8699951171875,338117
2024-10-17 15:30:00,284.989990234375,285.2759094238281,283.94000244140625,284.80999755859375,261539
2024-10-17 16:30:00,284.80999755859375,285.95001220703125,284.75,285.7149963378906,269599
2024-10-17 17:30:00,285.739990234375,286.0,284.5000915527344,285.1300048828125,295456
2024-10-17 18:30:00,285.1400146484375,286.04998779296875,284.9996032714844,285.6650085449219,500584
2024-10-17 19:30:00,285.6650085449219,286.3599853515625,284.9549865722656,285.760009765625,686704
2024-10-18 13:30:00,276.79998779296875,276.79998779296875,269.04998779296875,271.3299865722656,2869826
2024-10-18 14:30:00,271.3309020996094,275.2099914550781,271.3309020996094,274.5899963378906,1078900
2024-10-18 15:30:00,274.67999267578125,277.44000244140625,274.5400085449219,277.1200866699219,693590
2024-10-18 16:30:00,277.260009765625,279.20001220703125,276.8500061035156,276.87921142578125,596411
2024-10-18 17:30:00,276.9700012207031,278.0799865722656,275.85009765625,277.57000732421875,526819
2024-10-18 18:30:00,277.5799865722656,278.29998779296875,276.760009765625,277.55999755859375,718383
2024-10-18 19:30:00,277.55999755859375,277.70001220703125,276.0299987792969,276.70001220703125,874494
2024-10-21 13:30:00,275.0,276.3642883300781,271.510009765625,272.1050109863281,1011017
2024-10-21 14:30:00,272.0,272.7699890136719,270.2001037597656,270.3999938964844,429870
2024-10-21 15:30:00,270.3500061035156,270.82000732421875,269.5299987792969,270.2200012207031,572820
2024-10-21 16:30:00,270.29998779296875,271.260009765625,269.9800109863281,270.57000732421875,200551
2024-10-21 17:30:00,270.5799865722656,270.989990234375,269.6300048828125,269.885009765625,260636
2024-10-21 18:30:00,269.8900146484375,271.0400085449219,269.8299865722656,270.6600036621094,254123
2024-10-21 19:30:00,270.57000732421875,270.9903869628906,270.0899963378906,270.8999938964844,525556
2024-10-22 13:30:00,270.6199951171875,270.739990234375,268.5799865722656,269.7099914550781,442407
2024-10-22 14:30:00,269.67999267578125,271.6499938964844,269.39105224609375,271.0,300004
2024-10-22 15:30:00,271.05999755859375,271.20001220703125,270.1181945800781,270.9800109863281,259464
2024-10-22 16:30:00,270.8999938964844,272.25,270.8999938964844,271.7799987792969,241097
2024-10-22 17:30:00,271.8450012207031,272.6499938964844,271.79998779296875,272.55999755859375,211409
2024-10-22 18:30:00,272.55999755859375,272.8299865722656,272.20001220703125,272.239990234375,242242
2024-10-22 19:30:00,272.2749938964844,272.8299865722656,272.2149963378906,272.3900146484375,349468
2024-10-23 13:30:00,272.0,273.3500061035156,269.8349914550781,271.510009765625,391399
2024-10-23 14:30:00,271.5050048828125,272.389892578125,271.06219482421875,271.1000061035156,352635
2024-10-23 15:30:00,271.1000061035156,272.260009765625,270.8900146484375,271.8949890136719,131790
2024-10-23 16:30:00,271.875,272.1099853515625,270.25,270.4549865722656,106760
2024-10-23 17:30:00,270.4425048828125,270.45989990234375,268.9599914550781,269.6000061035156,147967
2024-10-23 18:30:00,269.69000244140625,270.7900085449219,269.6200866699219,270.68499755859375,144136
2024-10-23 19:30:00,270.70001220703125,271.31500244140625,270.5899963378906,271.19000244140625,261602
2024-10-24 13:30:00,270.2300109863281,271.2300109863281,269.510009765625,270.2200012207031,395171
2024-10-24 14:30:00,270.32000732421875,270.9859924316406,269.92999267578125,270.05999755859375,334040
2024-10-24 15:30:00,270.19500732421875,270.3800048828125,268.7099914550781,269.3299865722656,267962
2024-10-24 16:30:00,269.3299865722656,270.2099914550781,269.2850036621094,269.6099853515625,211007
2024-10-24 17:30:00,269.6000061035156,269.9200134277344,269.1300048828125,269.4200134277344,315495
2024-10-24 18:30:00,269.42498779296875,269.6000061035156,268.8999938964844,269.44000244140625,412702
2024-10-24 19:30:00,269.44000244140625,269.989990234375,269.2300109863281,269.9800109863281,521896
2024-10-25 13:30:00,271.6499938964844,273.1700134277344,269.8299865722656,271.4549865722656,635320
2024-10-25 14:30:00,271.3299865722656,271.46990966796875,268.1317138671875,268.3949890136719,325205
2024-10-25 15:30:00,268.4649963378906,268.94000244140625,267.62188720703125,268.94000244140625,321367
2024-10-25 16:30:00,268.94000244140625,269.114990234375,267.364990234375,267.6199951171875,297521
2024-10-25 17:30:00,267.6600036621094,267.95001220703125,266.3450012207031,267.79998779296875,224389
2024-10-25 18:30:00,267.79998779296875,268.3399963378906,267.3999938964844,267.6700134277344,227380
2024-10-25 19:30:00,267.6700134277344,267.6700134277344,266.8800048828125,267.30999755859375,368967
2024-10-28 13:30:00,269.239990234375,270.8699951171875,267.67498779296875,270.7200012207031,401020
2024-10-28 14:30:00,270.7200012207031,271.0,269.7900085449219,270.4049987792969,226639
2024-10-28 15:30:00,270.42999267578125,271.0400085449219,269.8500061035156,270.82000732421875,254540
2024-10-28 16:30:00,270.9150085449219,271.30999755859375,270.1499938964844,270.3599853515625,161314
2024-10-28 17:30:00,270.3599853515625,271.2300109863281,270.3599853515625,270.92999267578125,236193
2024-10-28 18:30:00,270.9700012207031,271.5299987792969,270.6499938964844,271.4549865722656,185572
2024-10-28 19:30:00,271.4800109863281,271.9700012207031,271.1300048828125,271.54998779296875,374758
2024-10-29 13:30:00,270.29998779296875,271.79998779296875,269.5801086425781,270.7875061035156,228789
2024-10-29 14:30:00,270.8399963378906,271.6700134277344,270.20001220703125,270.760009765625,208418
2024-10-29 15:30:00,270.84991455078125,271.7650146484375,270.6549987792969,270.7900085449219,145587
2024-10-29 16:30:00,270.7900085449219,271.57000732421875,270.5199890136719,270.739990234375,108515
2024-10-29 17:30:00,270.7349853515625,271.3900146484375,270.510009765625,271.05999755859375,168757
2024-10-29 18:30:00,271.06500244140625,271.6000061035156,270.69000244140625,271.1400146484375,148934
2024-10-29 19:30:00,271.2168884277344,271.2168884277344,270.3699951171875,270.5,298527
2024-10-30 13:30:00,271.0,275.07000732421875,270.2699890136719,274.0899963378906,457277
2024-10-30 14:30:00,274.0799865722656,274.70001220703125,273.5199890136719,273.9440002441406,229944
2024-10-30 15:30:00,273.9800109863281,274.9150085449219,273.6499938964844,273.9750061035156,158692
2024-10-30 16:30:00,273.9700012207031,274.0899963378906,273.4800109863281,273.7850036621094,136930
2024-10-30 17:30:00,273.74798583984375,274.5,273.1700134277344,274.010009765625,160746
2024-10-30 18:30:00,274.0,274.6304016113281,273.5799865722656,273.6650085449219,186672
2024-10-30 19:30:00,273.739990234375,274.5350036621094,273.44000244140625,274.1700134277344,367311
2024-10-31 13:30:00,273.70001220703125,274.0799865722656,270.4700012207031,270.6000061035156,255874
2024-10-31 14:30:00,270.6253967285156,270.8699951171875,268.6400146484375,269.0299987792969,195652
2024-10-31 15:30:00,269.1400146484375,271.07000732421875,269.0199890136719,270.8450012207031,181074
2024-10-31 16:30:00,270.8450012207031,271.2900085449219,270.4700012207031,270.7500915527344,172082
2024-10-31 17:30:00,270.82000732421875,271.1499938964844,270.42999267578125,270.82000732421875,212390
2024-10-31 18:30:00,270.81500244140625,271.1000061035156,270.3900146484375,270.760009765625,206926
2024-10-31 19:30:00,270.8299865722656,271.1300048828125,269.9599914550781,270.0899963378906,392222
2024-11-01 13:30:00,272.29998779296875,274.69500732421875,271.1600036621094,274.67498779296875,340153
2024-11-01 14:30:00,274.68499755859375,274.74530029296875,273.19500732421875,274.4100036621094,221085
2024-11-01 15:30:00,274.4750061035156,274.5400085449219,272.814208984375,273.9100036621094,199499
2024-11-01 16:30:00,273.9100036621094,274.0299987792969,272.95001220703125,273.45001220703125,160522
2024-11-01 17:30:00,273.3699951171875,273.3699951171875,272.19500732421875,272.8599853515625,314344
2024-11-01 18:30:00,272.8599853515625,273.5899963378906,272.57000732421875,273.1499938964844,227297
2024-11-01 19:30:00,273.19000244140625,273.3999938964844,272.67999267578125,272.67999267578125,452326
2024-11-04 14:30:00,272.3299865722656,272.82000732421875,270.67999267578125,271.0299987792969,275140
2024-11-04 15:30:00,271.07000732421875,272.1700134277344,270.8599853515625,271.3900146484375,206777
2024-11-04 16:30:00,271.3900146484375,271.6875,269.7099914550781,271.4700012207031,230464
2024-11-04 17:30:00,271.510009765625,271.8800048828125,270.8699951171875,271.2900085449219,144591
2024-11-04 18:30:00,271.1000061035156,271.5299987792969,270.8699951171875,270.94000244140625,145948
2024-11-04 19:30:00,270.93499755859375,271.7398986816406,270.7099914550781,270.95001220703125,202447
2024-11-04 20:30:00,270.9100036621094,270.989990234375,269.7300109863281,270.30999755859375,351104
2024-11-05 14:30:00,271.7200012207031,275.260009765625,271.1935119628906,274.9700012207031,292287
2024-11-05 15:30:00,274.8500061035156,275.8900146484375,274.2304992675781,274.6700134277344,187935
2024-11-05 16:30:00,274.67999267578125,275.3450012207031,274.5201110839844,275.2699890136719,159737
2024-11-05 17:30:00,275.29998779296875,275.45989990234375,274.614990234375,274.6300048828125,111788
2024-11-05 18:30:00,274.6000061035156,275.0,273.9700012207031,274.5942077636719,162935
2024-11-05 19:30:00,274.70001220703125,275.1300048828125,274.5400085449219,275.0899963378906,155662
2024-11-05 20:30:00,275.0799865722656,276.17999267578125,274.9599914550781,276.04998779296875,345284
2024-11-06 14:30:00,288.0,293.9599914550781,286.80999755859375,289.2799987792969,1456400
2024-11-06 15:30:00,289.2550048828125,291.7012939453125,288.5700988769531,291.3699951171875,671449
2024-11-06 16:30:00,291.3699951171875,295.3699951171875,291.1000061035156,295.2200012207031,528893
2024-11-06 17:30:00,295.2200012207031,296.8299865722656,294.7762145996094,295.010009765625,386829
2024-11-06 18:30:00,295.1099853515625,295.8500061035156,293.57000732421875,294.0450134277344,387075
2024-11-06 19:30:00,294.0450134277344,296.0050048828125,293.95001220703125,295.43499755859375,537660
2024-11-06 20:30:00,295.510009765625,296.07000732421875,294.54998779296875,295.1000061035156,690542
2024-11-07 14:30:00,292.32000732421875,293.0350036621094,288.2799987792969,288.3700866699219,558625
2024-11-07 15:30:00,288.6300048828125,289.489990234375,286.75,286.8450012207031,345742
2024-11-07 16:30:00,286.75,288.3598937988281,286.67999267578125,288.12359619140625,253872
2024-11-07 17:30:00,288.2550048828125,288.8500061035156,287.760009765625,287.9700012207031,226052
2024-11-07 18:30:00,288.0199890136719,288.5400085449219,285.6400146484375,286.0299987792969,317620
2024-11-07 19:30:00,285.9949951171875,286.6099853515625,284.64739990234375,286.4100036621094,405440
2024-11-07 20:30:00,286.489990234375,287.07000732421875,286.1000061035156,286.82000732421875,519753
2024-11-08 14:30:00,286.67999267578125,288.4800109863281,285.94500732421875,287.86248779296875,353924
2024-11-08 15:30:00,287.864990234375,290.1001892089844,287.864990234375,289.2550048828125,218001
2024-11-08 16:30:00,289.2900085449219,289.2900085449219,287.2799987792969,288.57000732421875,169101
2024-11-08 17:30:00,288.5199890136719,289.3800048828125,287.989990234375,288.2749938964844,114492
2024-11-08 18:30:00,288.239990234375,288.9299011230469,288.05999755859375,288.19000244140625,157208
2024-11-08 19:30:00,288.29998779296875,289.2099914550781,287.80499267578125,288.010009765625,179712
2024-11-08 20:30:00,288.010009765625,288.0899963378906,287.3999938964844,287.7099914550781,222695
2024-11-11 14:30:00,290.489990234375,293.7900085449219,290.42999267578125,293.2900085449219,297330
2024-11-11 15:30:00,293.2900085449219,294.0199890136719,293.1000061035156,293.68499755859375,211811
2024-11-11 16:30:00,293.760009765625,293.8399963378906,292.9700012207031,293.0799865722656,173347
2024-11-11 17:30:00,293.0400085449219,293.1199951171875,291.82000732421875,292.3900146484375,170818
2024-11-11 18:30:00,292.4649963378906,293.5299987792969,292.2099914550781,293.27239990234375,275285
2024-11-11 19:30:00,293.2850036621094,293.7699890136719,293.1117858886719,293.2799987792969,125716
2024-11-11 20:30:00,293.260009765625,293.3900146484375,292.5400085449219,293.0899963378906,293464
2024-11-12 14:30:00,292.0,293.54998779296875,291.3699951171875,291.55999755859375,242127
2024-11-12 15:30:00,291.45001220703125,291.79998779296875,289.2300109863281,289.7950134277344,190579
2024-11-12 16:30:00,289.92999267578125,290.0,288.54998779296875,288.9700012207031,171141
2024-11-12 17:30:00,289.0249938964844,289.2799987792969,287.5799865722656,288.2900085449219,299116
2024-11-12 18:30:00,288.2749938964844,289.8500061035156,288.2699890136719,289.6199951171875,157574
2024-11-12 19:30:00,289.54998779296875,289.8299865722656,288.2799987792969,288.364990234375,250765
2024-11-12 20:30:00,288.3500061035156,288.69000244140625,287.5799865722656,288.6099853515625,414391
2024-11-13 14:30:00,287.9200134277344,289.8067932128906,287.43499755859375,289.2200012207031,393398
2024-11-13 15:30:00,289.31500244140625,289.7300109863281,288.8399963378906,289.6199951171875,217002
2024-11-13 16:30:00,289.6099853515625,290.6099853515625,289.19000244140625,289.3999938964844,170093
2024-11-13 17:30:00,289.2449951171875,289.3999938964844,288.1050109863281,288.3500061035156,128894
2024-11-13 18:30:00,288.3500061035156,288.875,287.8699951171875,288.0299987792969,157259
2024-11-13 19:30:00,288.07000732421875,288.92999267578125,287.5799865722656,288.55999755859375,217839
2024-11-13 20:30:00,288.4100036621094,288.989990234375,287.5799865722656,287.6400146484375,296208
2024-11-14 14:30:00,288.3399963378906,290.2300109863281,287.5,290.12249755859375,230458
2024-11-14 15:30:00,290.0450134277344,290.55499267578125,289.239990234375,289.3399963378906,275248
2024-11-14 16:30:00,289.44000244140625,290.375,288.80950927734375,289.0299987792969,332663
2024-11-14 17:30:00,289.1099853515625,289.5400085449219,288.05999755859375,288.05999755859375,172061
2024-11-14 18:30:00,288.05999755859375,289.45001220703125,287.3550109863281,289.43341064453125,369199
2024-11-14 19:30:00,289.45001220703125,290.0,288.56500244140625,289.4150085449219,160586
2024-11-14 20:30:00,289.489990234375,289.5469970703125,288.1700134277344,288.3349914550781,526153
2024-11-15 14:30:00,288.0,290.54998779296875,287.7001037597656,288.0,441664
2024-11-15 15:30:00,287.95001220703125,289.1300048828125,287.29998779296875,289.1300048828125,178731
2024-11-15 16:30:00,288.9800109863281,288.9908142089844,287.4263000488281,287.760009765625,191246
2024-11-15 17:30:00,287.7449951171875,288.5899963378906,287.17999267578125,287.96038818359375,187240
2024-11-15 18:30:00,287.8900146484375,288.010009765625,286.25,286.635009765625,198533
2024-11-15 19:30:00,286.6600036621094,287.1000061035156,285.489990234375,286.5,265039
2024-11-15 20:30:00,286.4800109863281,286.9100036621094,286.0400085449219,286.80999755859375,431251
2024-11-18 14:30:00,286.94000244140625,287.5199890136719,283.6099853515625,284.20001220703125,282480
2024-11-18 15:30:00,284.1499938964844,286.25,284.1199951171875,285.9800109863281,209985
2024-11-18 16:30:00,285.9649963378906,286.7900085449219,285.4200134277344,285.7799987792969,157801
2024-11-18 17:30:00,285.7200012207031,286.3299865722656,285.5950012207031,285.69000244140625,151641
2024-11-18 18:30:00,285.68499755859375,285.7900085449219,284.6400146484375,284.6499938964844,174626
2024-11-18 19:30:00,284.6499938964844,285.9100036621094,284.3599853515625,285.739990234375,143575
2024-11-18 20:30:00,285.7799987792969,285.8999938964844,284.80999755859375,285.54998779296875,290626
2024-11-19 14:30:00,281.8900146484375,283.8572998046875,281.30999755859375,283.7912902832031,305504
2024-11-19 15:30:00,283.7273864746094,286.6099853515625,283.70001220703125,286.2799987792969,237740
2024-11-19 16:30:00,286.1300048828125,286.54998779296875,285.635009765625,286.0400085449219,242018
2024-11-19 17:30:00,286.0799865722656,286.44000244140625,285.489990234375,285.8299865722656,102314
2024-11-19 18:30:00,285.8399963378906,286.6199035644531,285.56829833984375,285.7200012207031,87728
2024-11-19 19:30:00,285.75,285.885009765625,285.19000244140625,285.55999755859375,118387
2024-11-19 20:30:00,285.55999755859375,285.92999267578125,285.17999267578125,285.5350036621094,246297
2024-11-20 14:30:00,286.1499938964844,287.4836120605469,285.0899963378906,285.9599914550781,258796
2024-11-20 15:30:00,285.9100036621094,286.6604919433594,285.3999938964844,285.3999938964844,196259
2024-11-20 16:30:00,285.510009765625,286.9100036621094,285.25,286.0299987792969,182215
2024-11-20 17:30:00,286.0,286.5799865722656,285.95001220703125,286.2200012207031,155231
2024-11-20 18:30:00,286.239990234375,286.54998779296875,285.67999267578125,286.510009765625,169505
2024-11-20 19:30:00,286.510009765625,287.7828063964844,286.3200988769531,287.5299987792969,228846
2024-11-20 20:30:00,287.5950012207031,288.3299865722656,287.260009765625,287.69000244140625,325708
2024-11-21 14:30:00,289.82000732421875,290.3299865722656,287.5299987792969,288.82000732421875,278347
2024-11-21 15:30:00,288.7699890136719,292.2200012207031,288.6499938964844,291.9150085449219,206440
2024-11-21 16:30:00,291.9949951171875,292.3299865722656,291.30999755859375,292.2099914550781,170205
2024-11-21 17:30:00,292.2699890136719,293.3500061035156,292.0199890136719,292.6062927246094,178869
2024-11-21 18:30:00,292.53399658203125,293.4700012207031,292.489990234375,293.4599914550781,146710
2024-11-21 19:30:00,293.489990234375,294.07000732421875,293.2900085449219,293.79998779296875,317900
2024-11-21 20:30:00,293.7749938964844,293.8699951171875,292.7900085449219,292.8999938964844,619960
2024-11-22 14:30:00,293.3999938964844,296.6900939941406,292.510009765625,296.0950012207031,558603
2024-11-22 15:30:00,296.260009765625,298.8299865722656,295.75,298.5899963378906,297531
2024-11-22 16:30:00,298.4700012207031,300.1600036621094,297.8999938964844,299.8315124511719,393552
2024-11-22 17:30:00,299.8550109863281,300.2300109863281,299.2099914550781,300.0199890136719,395474
2024-11-22 18:30:00,300.0299987792969,300.9100036621094,299.8699951171875,300.69000244140625,229090
2024-11-22 19:30:00,300.69500732421875,301.3949890136719,299.9280090332031,300.2149963378906,299451
2024-11-22 20:30:00,300.2550048828125,301.9200134277344,300.0,301.2099914550781,563938
2024-11-25 14:30:00,303.04998779296875,304.8999938964844,302.5000915527344,304.8900146484375,397100
2024-11-25 15:30:00,304.875,305.20001220703125,304.1524963378906,304.6549987792969,277927
2024-11-25 16:30:00,304.69000244140625,304.69000244140625,303.19000244140625,303.4700012207031,282773
2024-11-25 17:30:00,303.6000061035156,304.8699951171875,303.55499267578125,304.7149963378906,165204
2024-11-25 18:30:00,304.777587890625,305.79998779296875,304.6199951171875,305.0700988769531,193608
2024-11-25 19:30:00,305.1499938964844,305.7099914550781,304.5299987792969,305.2850036621094,284430
2024-11-25 20:30:00,305.2749938964844,305.7900085449219,304.7349853515625,305.3599853515625,488208
2024-11-26 14:30:00,305.6099853515625,306.9700012207031,302.5400085449219,303.2699890136719,485233
2024-11-26 15:30:00,303.2200012207031,304.4200134277344,302.0,304.2601013183594,269804
2024-11-26 16:30:00,304.3450012207031,304.80499267578125,303.9700012207031,304.6400146484375,146535
2024-11-26 17:30:00,304.7300109863281,304.8399963378906,303.8900146484375,304.5799865722656,134108
2024-11-26 18:30:00,304.510009765625,305.40411376953125,304.0199890136719,305.239990234375,196249
2024-11-26 19:30:00,305.239990234375,306.32000732421875,305.05999755859375,306.1499938964844,214330
2024-11-26 20:30:00,306.1600036621094,306.6000061035156,305.5400085449219,305.57000732421875,295206
2024-11-27 14:30:00,307.0,307.82000732421875,304.4200134277344,304.79998779296875,270663
2024-11-27 15:30:00,304.8135070800781,305.6929016113281,304.2900085449219,304.2900085449219,188489
2024-11-27 16:30:00,304.4700012207031,305.3699951171875,303.54998779296875,304.0299987792969,172550
2024-11-27 17:30:00,304.0,304.1799011230469,303.19500732421875,303.3800048828125,130518
2024-11-27 18:30:00,303.32000732421875,303.6099853515625,302.8699951171875,302.9800109863281,116337
2024-11-27 19:30:00,302.94000244140625,303.5899963378906,302.79010009765625,303.5899963378906,142267
2024-11-27 20:30:00,303.510009765625,304.44000244140625,303.3599853515625,304.30999755859375,241196
2024-11-29 14:30:00,307.25,307.7900085449219,305.0,305.1650085449219,198780
2024-11-29 15:30:00,305.19500732421875,306.1300048828125,304.730712890625,305.8800048828125,121390
2024-11-29 16:30:00,306.0199890136719,306.94000244140625,305.760009765625,306.7300109863281,146975
2024-12-02 14:30:00,306.2099914550781,306.8500061035156,302.3031921386719,302.4049987792969,320584
2024-12-02 15:30:00,302.4800109863281,302.7699890136719,299.9100036621094,301.54998779296875,351682
2024-12-02 16:30:00,301.6650085449219,302.1499938964844,301.1878967285156,301.8800048828125,132536
2024-12-02 17:30:00,301.6401062011719,302.6099853515625,301.6400146484375,302.4800109863281,97347
2024-12-02 18:30:00,302.55499267578125,302.9700012207031,302.1700134277344,302.7250061035156,107783
2024-12-02 19:30:00,302.7099914550781,303.06500244140625,302.6499938964844,302.760009765625,114969
2024-12-02 20:30:00,302.69000244140625,302.7550048828125,301.6700134277344,302.2699890136719,288492
2024-12-03 14:30:00,303.8399963378906,304.989990234375,302.04998779296875,302.8900146484375,250560
2024-12-03 15:30:00,302.8658142089844,302.9800109863281,301.1400146484375,301.5899963378906,192374
2024-12-03 16:30:00,301.5899963378906,303.3280944824219,301.2200012207031,303.28289794921875,172856
2024-12-03 17:30:00,303.10009765625,304.9649963378906,303.10009765625,304.1300048828125,238110
2024-12-03 18:30:00,304.1300048828125,304.1300048828125,302.9800109863281,303.510009765625,148432
2024-12-03 19:30:00,303.5,304.0450134277344,303.42999267578125,303.5150146484375,155323
2024-12-03 20:30:00,303.5150146484375,303.5150146484375,301.75,302.1600036621094,294679
2024-12-04 14:30:00,302.0,303.010009765625,300.7099914550781,301.29998779296875,232351
2024-12-04 15:30:00,301.3800048828125,302.385009765625,301.0801086425781,302.17999267578125,141195
2024-12-04 16:30:00,302.17999267578125,302.4800109863281,301.1199951171875,301.1199951171875,107986
2024-12-04 17:30:00,301.1400146484375,302.0199890136719,300.9599914550781,301.4649963378906,107567
2024-12-04 18:30:00,301.4599914550781,302.07000732421875,300.8999938964844,302.04998779296875,111765
2024-12-04 19:30:00,302.04998779296875,303.3599853515625,302.0201110839844,303.1300048828125,170775
2024-12-04 20:30:00,303.1300048828125,303.5299987792969,302.57000732421875,302.6400146484375,229812
2024-12-05 14:30:00,302.2799987792969,303.42498779296875,300.82000732421875,302.5899963378906,380967
2024-12-05 15:30:00,302.5899963378906,303.2900085449219,301.6700134277344,303.0199890136719,241806
2024-12-05 16:30:00,303.0199890136719,303.0199890136719,301.8299865722656,302.1199951171875,178901
2024-12-05 17:30:00,302.1512145996094,302.3949890136719,301.3599853515625,301.4599914550781,162774
2024-12-05 18:30:00,301.5,302.82501220703125,301.2300109863281,302.4549865722656,169159
2024-12-05 19:30:00,302.4200134277344,302.5899963378906,300.9549865722656,301.2200012207031,214026
2024-12-05 20:30:00,301.1700134277344,301.7200012207031,300.32000732421875,300.6099853515625,417285
2024-12-06 14:30:00,301.6400146484375,303.2200012207031,300.6199951171875,302.4800109863281,285386
2024-12-06 15:30:00,302.44000244140625,304.739990234375,302.1650085449219,303.739990234375,194499
2024-12-06 16:30:00,303.6499938964844,304.3800048828125,303.248291015625,303.4200134277344,174963
2024-12-06 17:30:00,303.3800048828125,304.3999938964844,303.0199890136719,304.17999267578125,154399
2024-12-06 18:30:00,304.05999755859375,304.2300109863281,303.1499938964844,303.2699890136719,163159
2024-12-06 19:30:00,303.239990234375,303.7049865722656,303.07000732421875,303.4949951171875,217754
2024-12-06 20:30:00,303.5199890136719,304.2200012207031,303.2799987792969,304.010009765625,273355
2024-12-09 14:30:00,304.07000732421875,305.07000732421875,300.3399963378906,301.1600036621094,379824
2024-12-09 15:30:00,301.20001220703125,301.2699890136719,296.1600036621094,298.66009521484375,359548
2024-12-09 16:30:00,298.80999755859375,300.0249938964844,298.3800048828125,299.34991455078125,156574
2024-12-09 17:30:00,299.17999267578125,299.2699890136719,298.3500061035156,298.364990234375,108778
2024-12-09 18:30:00,298.2699890136719,298.54998779296875,297.2799987792969,298.2250061035156,178358
2024-12-09 19:30:00,298.32000732421875,298.5799865722656,296.8299865722656,297.2200012207031,247568
2024-12-09 20:30:00,297.239990234375,297.6400146484375,296.510009765625,296.739990234375,399910
2024-12-10 14:30:00,297.42999267578125,302.2900085449219,296.510009765625,301.9100036621094,594177
2024-12-10 15:30:00,302.0,304.17999267578125,301.95001220703125,303.7300109863281,276204
2024-12-10 16:30:00,303.70001220703125,304.7799987792969,303.29998779296875,304.0,308139
2024-12-10 17:30:00,304.0320129394531,304.57000732421875,303.5791015625,304.1400146484375,235935
2024-12-10 18:30:00,304.1000061035156,304.8299865722656,303.6700134277344,304.760009765625,241961
2024-12-10 19:30:00,304.7099914550781,304.9800109863281,303.04998779296875,303.260009765625,325769
2024-12-10 20:30:00,303.260009765625,303.4800109863281,301.80499267578125,302.1600036621094,488356
2024-12-11 14:30:00,303.3699951171875,304.1299133300781,300.05999755859375,300.9649963378906,296701
2024-12-11 15:30:00,300.9649963378906,302.57000732421875,299.5400085449219,302.3658142089844,197422
2024-12-11 16:30:00,302.3699951171875,303.0299987792969,301.8500061035156,301.94000244140625,198705
2024-12-11 17:30:00,301.94000244140625,302.8500061035156,301.66009521484375,302.8399963378906,106009
2024-12-11 18:30:00,302.8399963378906,302.8399963378906,301.55999755859375,301.92999267578125,146881
2024-12-11 19:30:00,301.92999267578125,302.6499938964844,301.8500061035156,302.5799865722656,148754
2024-12-11 20:30:00,302.57000732421875,303.239990234375,302.19000244140625,302.3900146484375,313000
2024-12-12 14:30:00,303.6300048828125,304.45001220703125,301.7149963378906,302.6600036621094,231727
2024-12-12 15:30:00,302.6600036621094,303.4750061035156,301.3500061035156,302.17498779296875,134136
2024-12-12 16:30:00,302.1099853515625,302.1099853515625,301.12249755859375,301.6600036621094,122671
2024-12-12 17:30:00,301.6000061035156,301.760009765625,300.8200988769531,301.1600036621094,139616
2024-12-12 18:30:00,301.1700134277344,301.2799987792969,300.30999755859375,300.3900146484375,146253
2024-12-12 19:30:00,300.364990234375,301.1700134277344,300.260009765625,300.80999755859375,150456
2024-12-12 20:30:00,300.80999755859375,301.32000732421875,300.2799987792969,300.30999755859375,296127
2024-12-13 14:30:00,302.625,304.32000732421875,301.7900085449219,302.94500732421875,341098
2024-12-13 15:30:00,302.9750061035156,303.0450134277344,301.739990234375,302.8900146484375,193401
2024-12-13 16:30:00,302.8999938964844,303.239990234375,301.5,301.6499938964844,140873
2024-12-13 17:30:00,301.6499938964844,302.28790283203125,301.2449951171875,302.28790283203125,105431
2024-12-13 18:30:00,302.2799987792969,302.67999267578125,302.0,302.32501220703125,97550
2024-12-13 19:30:00,302.32000732421875,302.6199951171875,302.05999755859375,302.3900146484375,108207
2024-12-13 20:30:00,302.44000244140625,302.9359130859375,302.1600036621094,302.17999267578125,220292
2024-12-16 14:30:00,303.70001220703125,303.70001220703125,300.8349914550781,302.4700012207031,280354
2024-12-16 15:30:00,302.3399963378906,303.0899963378906,302.0570068359375,302.3349914550781,160226
2024-12-16 16:30:00,302.1600036621094,303.1099853515625,302.1600036621094,302.9800109863281,189702
2024-12-16 17:30:00,303.010009765625,304.0299987792969,302.92999267578125,303.9750061035156,127471
2024-12-16 18:30:00,303.8900146484375,304.20001220703125,303.4649963378906,303.7900085449219,125097
2024-12-16 19:30:00,303.8500061035156,304.0400085449219,303.3800048828125,303.93499755859375,150890
2024-12-16 20:30:00,303.8699951171875,304.0166015625,303.0899963378906,303.6300048828125,243635
2024-12-17 14:30:00,302.3299865722656,303.0299987792969,300.4700012207031,300.4800109863281,353341
2024-12-17 15:30:00,300.6199951171875,302.1299133300781,300.1600036621094,300.4200134277344,341177
2024-12-17 16:30:00,300.4200134277344,301.1000061035156,299.70001220703125,300.260009765625,255163
2024-12-17 17:30:00,300.2804870605469,301.489990234375,300.2699890136719,300.6499938964844,226695
2024-12-17 18:30:00,300.7300109863281,301.4800109863281,300.5199890136719,300.9549865722656,234052
2024-12-17 19:30:00,300.9649963378906,301.0,299.79998779296875,300.6600036621094,396127
2024-12-17 20:30:00,300.6600036621094,301.6400146484375,300.6600036621094,301.2200012207031,484167
2024-12-18 14:30:00,302.6000061035156,303.5899963378906,301.0,302.4700012207031,441608
2024-12-18 15:30:00,302.7049865722656,303.4200134277344,301.70001220703125,302.2300109863281,172737
2024-12-18 16:30:00,302.2200012207031,302.55999755859375,301.30999755859375,301.739990234375,146665
2024-12-18 17:30:00,301.6499938964844,301.8699951171875,300.5899963378906,300.8800048828125,118722
2024-12-18 18:30:00,300.8699951171875,301.6499938964844,297.510009765625,297.8699951171875,197762
2024-12-18 19:30:00,298.1000061035156,299.2149963378906,293.4559020996094,293.70001220703125,369197
2024-12-18 20:30:00,293.7200012207031,293.7449951171875,286.42999267578125,287.7799987792969,1016061
2024-12-19 14:30:00,293.0199890136719,296.8599853515625,291.20001220703125,291.8399963378906,531988
2024-12-19 15:30:00,291.69500732421875,294.4461975097656,291.20001220703125,294.25,284446
2024-12-19 16:30:00,294.0899963378906,295.30999755859375,292.9100036621094,292.9700012207031,240595
2024-12-19 17:30:00,293.1300048828125,293.7550048828125,291.3399963378906,293.4700012207031,371881
2024-12-19 18:30:00,293.32000732421875,294.7099914550781,293.24920654296875,293.8900146484375,263714
2024-12-19 19:30:00,293.8900146484375,294.84210205078125,293.2099914550781,294.2950134277344,246941
2024-12-19 20:30:00,294.30999755859375,294.6199951171875,292.9599914550781,293.0799865722656,446731
2024-12-20 14:30:00,292.3500061035156,296.5199890136719,292.0,296.4599914550781,1005476
2024-12-20 15:30:00,296.4549865722656,299.82000732421875,296.4549865722656,299.7900085449219,270760
2024-12-20 16:30:00,299.8900146484375,302.7200012207031,299.7488098144531,302.6700134277344,233127
2024-12-20 17:30:00,302.5799865722656,302.5799865722656,299.3800048828125,299.5450134277344,239568
2024-12-20 18:30:00,299.5835876464844,301.1050109863281,299.55999755859375,300.989990234375,157639
2024-12-20 19:30:00,300.94000244140625,301.44000244140625,300.1199951171875,300.4346008300781,214025
2024-12-20 20:30:00,300.4599914550781,300.7998962402344,298.29998779296875,298.79998779296875,624389
2024-12-23 14:30:00,296.4800109863281,298.30999755859375,295.3399963378906,296.6199951171875,343849
2024-12-23 15:30:00,296.6199951171875,297.57501220703125,295.18499755859375,297.57501220703125,141756
2024-12-23 16:30:00,297.5,298.29998779296875,297.05999755859375,298.19989013671875,165167
2024-12-23 17:30:00,298.06500244140625,298.510009765625,297.4599914550781,298.0400085449219,122981
2024-12-23 18:30:00,298.2099914550781,298.489990234375,297.3999938964844,297.6700134277344,124294
2024-12-23 19:30:00,297.6700134277344,298.4200134277344,297.1300048828125,298.4200134277344,147657
2024-12-23 20:30:00,298.3399963378906,299.760009765625,298.23028564453125,298.79998779296875,314537
2024-12-24 14:30:00,299.2900085449219,301.3399963378906,298.0,301.07000732421875,190086
2024-12-24 15:30:00,301.07000732421875,302.19000244140625,300.9200134277344,301.625,159037
2024-12-24 16:30:00,301.625,303.1300048828125,301.5849914550781,303.1199951171875,162313
2024-12-26 14:30:00,301.4800109863281,303.19000244140625,301.010009765625,302.75,136659
2024-12-26 15:30:00,302.8599853515625,303.6700134277344,302.2799987792969,303.5,80083
2024-12-26 16:30:00,303.4750061035156,304.889892578125,303.3599853515625,303.9599914550781,111434
2024-12-26 17:30:00,303.8399963378906,304.5400085449219,303.3900146484375,304.4800109863281,72073
2024-12-26 18:30:00,304.4100036621094,304.45001220703125,303.7001037597656,303.82000732421875,64689
2024-12-26 19:30:00,303.92999267578125,304.20001220703125,303.6400146484375,303.9949951171875,119669
2024-12-26 20:30:00,304.0,304.4602966308594,303.8299865722656,303.8999938964844,177756
2024-12-27 14:30:00,300.8500061035156,305.0899963378906,300.0409851074219,300.3699951171875,278514
2024-12-27 15:30:00,300.3349914550781,301.8500061035156,299.9150085449219,301.1499938964844,114952
2024-12-27 16:30:00,301.32000732421875,301.5400085449219,298.7099914550781,299.4916076660156,149429
2024-12-27 17:30:00,299.45001220703125,300.82000732421875,298.9599914550781,300.3500061035156,132985
2024-12-27 18:30:00,300.3900146484375,301.7300109863281,300.3900146484375,301.3800048828125,97439
2024-12-27 19:30:00,301.4200134277344,302.1199951171875,300.20001220703125,300.3500061035156,147960
2024-12-27 20:30:00,300.29998779296875,301.4200134277344,299.6499938964844,301.2200012207031,326392
2024-12-30 14:30:00,297.3500061035156,297.56500244140625,294.1300048828125,294.7950134277344,262822
2024-12-30 15:30:00,294.7799987792969,297.8999938964844,294.6600036621094,297.4200134277344,173092
2024-12-30 16:30:00,297.3599853515625,298.79998779296875,297.29998779296875,298.3175048828125,136110
2024-12-30 17:30:00,298.17999267578125,299.55999755859375,297.8699951171875,298.9200134277344,243737
2024-12-30 18:30:00,298.8999938964844,299.70001220703125,298.25,299.0491027832031,815243
2024-12-30 19:30:00,298.92999267578125,299.4200134277344,298.32000732421875,298.55999755859375,121684
2024-12-30 20:30:00,298.6099853515625,298.8500061035156,297.3299865722656,297.42999267578125,256580
2024-12-31 14:30:00,298.04998779296875,298.8699951171875,297.0,297.9750061035156,113846
2024-12-31 15:30:00,297.7699890136719,298.21990966796875,296.3999938964844,296.6499938964844,78134
2024-12-31 16:30:00,296.6499938964844,296.92999267578125,296.0799865722656,296.2034912109375,82605
2024-12-31 17:30:00,296.3617858886719,297.57000732421875,296.1000061035156,296.25,71433
2024-12-31 18:30:00,296.0765075683594,297.3399963378906,295.94000244140625,296.2200012207031,68406
2024-12-31 19:30:00,296.2699890136719,297.3699951171875,295.6700134277344,297.3299865722656,99688
2024-12-31 20:30:00,297.260009765625,297.4700012207031,296.2699890136719,297.04998779296875,285449
2025-01-02 14:30:00,300.0,300.3399963378906,295.9704895019531,297.67999267578125,278880
2025-01-02 15:30:00,297.4949951171875,299.3800048828125,297.0899963378906,299.25,148724
2025-01-02 16:30:00,299.06500244140625,299.9100036621094,296.6700134277344,296.92999267578125,163523
2025-01-02 17:30:00,296.6600036621094,296.9200134277344,294.6189880371094,296.1099853515625,171894
2025-01-02 18:30:00,296.010009765625,297.67999267578125,294.6499938964844,297.32501220703125,178946
2025-01-02 19:30:00,297.2300109863281,298.44000244140625,296.5,298.114990234375,222456
2025-01-02 20:30:00,298.1099853515625,298.739990234375,297.6000061035156,298.6000061035156,324513
2025-01-03 14:30:00,300.67999267578125,301.42999267578125,297.5299987792969,299.1499938964844,255016
2025-01-03 15:30:00,299.05999755859375,300.6499938964844,298.9800109863281,300.2200012207031,160202
2025-01-03 16:30:00,300.29998779296875,301.02801513671875,300.0199890136719,300.739990234375,133267
2025-01-03 17:30:00,300.8999938964844,301.6300048828125,300.5199890136719,301.6300048828125,116918
2025-01-03 18:30:00,301.6400146484375,302.19000244140625,301.1600036621094,302.1600036621094,136970
2025-01-03 19:30:00,302.1499938964844,302.9599914550781,301.7049865722656,302.760986328125,183774
2025-01-03 20:30:00,302.8699951171875,303.42498779296875,302.07000732421875,303.0299987792969,418038
2025-01-06 14:30:00,304.32000732421875,305.1535949707031,301.93011474609375,304.8999938964844,443839
2025-01-06 15:30:00,305.0,305.0,301.54998779296875,303.3699951171875,443658
2025-01-06 16:30:00,303.3699951171875,304.4700012207031,302.84759521484375,303.54998779296875,437267
2025-01-06 17:30:00,303.42999267578125,303.69989013671875,301.7200012207031,302.739990234375,230849
2025-01-06 18:30:00,302.7699890136719,302.7699890136719,300.17010498046875,301.3299865722656,144742
2025-01-06 19:30:00,301.19000244140625,301.8699951171875,300.8940124511719,301.6000061035156,187503
2025-01-06 20:30:00,301.6000061035156,302.07000732421875,301.1199951171875,302.04998779296875,270235
2025-01-07 14:30:00,304.0,304.375,296.8500061035156,300.3399963378906,396300
2025-01-07 15:30:00,300.2049865722656,303.5799865722656,298.6700134277344,303.2200012207031,245252
2025-01-07 16:30:00,303.2900085449219,303.8215026855469,301.7768859863281,302.2200012207031,150612
2025-01-07 17:30:00,302.2900085449219,303.3299865722656,301.7200012207031,303.2799987792969,118981
2025-01-07 18:30:00,303.1328125,303.67498779296875,301.8999938964844,302.45001220703125,135943
2025-01-07 19:30:00,302.3299865722656,302.45989990234375,300.510009765625,300.7149963378906,171550
2025-01-07 20:30:00,300.6099853515625,302.30999755859375,300.0400085449219,302.0199890136719,293740
2025-01-08 14:30:00,301.8999938964844,302.6499938964844,298.8500061035156,299.00250244140625,183402
2025-01-08 15:30:00,299.0299987792969,302.3999938964844,299.0,301.95001220703125,149237
2025-01-08 16:30:00,302.0899963378906,303.9490051269531,301.0,301.04998779296875,146132
2025-01-08 17:30:00,301.31500244140625,303.95001220703125,301.0,303.7349853515625,126861
2025-01-08 18:30:00,303.5899963378906,304.20001220703125,302.04998779296875,303.94781494140625,120838
2025-01-08 19:30:00,303.8599853515625,303.9100036621094,301.8599853515625,302.6000061035156,181212
2025-01-08 20:30:00,302.6400146484375,303.3800048828125,301.8778991699219,302.760009765625,273437
2025-01-10 14:30:00,300.42999267578125,301.31500244140625,294.510009765625,296.6723937988281,431229
2025-01-10 15:30:00,296.54998779296875,297.80999755859375,294.55999755859375,295.3500061035156,304173
2025-01-10 16:30:00,295.3900146484375,296.25,293.5400085449219,294.2950134277344,248403
2025-01-10 17:30:00,294.0400085449219,295.54998779296875,293.989990234375,295.260009765625,196633
2025-01-10 18:30:00,295.25,295.95001220703125,294.1099853515625,294.989990234375,194624
2025-01-10 19:30:00,294.8699951171875,295.3800048828125,294.1000061035156,294.4700012207031,207935
2025-01-10 20:30:00,294.3800048828125,294.79998779296875,293.1600036621094,293.3999938964844,514759
2025-01-13 14:30:00,292.5199890136719,294.5350036621094,291.15570068359375,292.94000244140625,261476
2025-01-13 15:30:00,292.9989929199219,296.3699951171875,292.92498779296875,294.9100036621094,225210
2025-01-13 16:30:00,294.7950134277344,295.92999267578125,293.8599853515625,295.7550048828125,161707
2025-01-13 17:30:00,295.6000061035156,296.05841064453125,295.04998779296875,295.6600036621094,125331
2025-01-13 18:30:00,295.67999267578125,296.3599853515625,295.32501220703125,296.2950134277344,133928
2025-01-13 19:30:00,296.2950134277344,297.6300048828125,295.8399963378906,297.46990966796875,277571
2025-01-13 20:30:00,297.3699951171875,297.7099914550781,296.92999267578125,297.1000061035156,438443
2025-01-14 14:30:00,299.6000061035156,299.7998962402344,297.1000061035156,298.70001220703125,413816
2025-01-14 15:30:00,298.8349914550781,299.5450134277344,297.04998779296875,297.5400085449219,193401
2025-01-14 16:30:00,297.57501220703125,298.139892578125,296.7300109863281,297.8500061035156,131375
2025-01-14 17:30:00,297.9599914550781,298.8523864746094,297.3299865722656,298.0299987792969,303671
2025-01-14 18:30:00,298.04998779296875,300.37689208984375,297.82000732421875,299.93499755859375,255367
2025-01-14 19:30:00,299.8299865722656,300.30999755859375,298.1700134277344,299.260009765625,162959
2025-01-14 20:30:00,299.25,300.5400085449219,298.57501220703125,300.2900085449219,331853
2025-01-15 14:30:00,305.0,311.9800109863281,304.2099914550781,310.57000732421875,733310
2025-01-15 15:30:00,310.5199890136719,311.739990234375,309.53179931640625,311.1300048828125,400938
2025-01-15 16:30:00,311.1199951171875,311.5400085449219,309.5799865722656,309.80499267578125,245214
2025-01-15 17:30:00,309.79998779296875,311.54998779296875,309.7900085449219,311.5199890136719,219677
2025-01-15 18:30:00,311.57000732421875,312.82000732421875,311.44000244140625,312.1400146484375,218673
2025-01-15 19:30:00,312.1499938964844,313.9599914550781,312.0849914550781,312.9700012207031,284647
2025-01-15 20:30:00,312.9800109863281,313.5799865722656,312.2300109863281,312.3699951171875,436016
2025-01-16 14:30:00,312.70001220703125,314.0,310.3299865722656,310.5799865722656,386718
2025-01-16 15:30:00,310.7099914550781,313.0199890136719,310.1300048828125,313.0,206358
2025-01-16 16:30:00,312.8595886230469,313.7799987792969,312.4200134277344,312.8699951171875,287070
2025-01-16 17:30:00,312.7275085449219,312.8699951171875,310.6600036621094,311.67498779296875,244798
2025-01-16 18:30:00,311.6600036621094,311.75,310.67999267578125,311.17999267578125,180792
2025-01-16 19:30:00,311.2349853515625,311.3500061035156,310.20001220703125,311.20001220703125,243248
2025-01-16 20:30:00,311.135009765625,312.19000244140625,311.135009765625,311.510009765625,301135
2025-01-17 14:30:00,313.0199890136719,313.6499938964844,310.7699890136719,312.69000244140625,597370
2025-01-17 15:30:00,312.7250061035156,314.62469482421875,312.3500061035156,314.375,171915
2025-01-17 16:30:00,314.3699951171875,315.0899963378906,313.6600036621094,314.7049865722656,149363
2025-01-17 17:30:00,314.7049865722656,315.3999938964844,313.6199951171875,313.6300048828125,176968
2025-01-17 18:30:00,313.6099853515625,313.6499938964844,312.6199951171875,312.9010009765625,156128
2025-01-17 19:30:00,312.739990234375,313.1300048828125,311.9527893066406,312.38250732421875,265423
2025-01-17 20:30:00,312.3699951171875,312.8399963378906,311.8699951171875,312.6099853515625,256942
2025-01-21 14:30:00,316.94000244140625,318.2900085449219,315.0,317.0950012207031,425142
2025-01-21 15:30:00,317.0899963378906,319.0,317.0299987792969,318.57000732421875,214391
2025-01-21 16:30:00,318.4800109863281,319.70001220703125,317.3999938964844,317.9750061035156,315649
2025-01-21 17:30:00,318.0199890136719,318.6499938964844,317.20001220703125,318.19500732421875,144834
2025-01-21 18:30:00,318.19000244140625,318.3299865722656,316.9700012207031,318.04998779296875,164119
2025-01-21 19:30:00,318.1099853515625,318.2900085449219,317.4200134277344,318.1700134277344,212921
2025-01-21 20:30:00,318.1700134277344,318.6099853515625,317.75,317.8699951171875,401348
2025-01-22 14:30:00,318.30999755859375,322.239990234375,317.677001953125,320.92999267578125,639143
2025-01-22 15:30:00,321.07000732421875,321.1400146484375,318.7200012207031,319.17999267578125,289537
2025-01-22 16:30:00,319.2799987792969,319.80999755859375,318.6600036621094,319.3399963378906,176834
2025-01-22 17:30:00,319.3800048828125,321.5299072265625,319.2900085449219,321.4700012207031,216703
2025-01-22 18:30:00,321.4649963378906,322.0899963378906,321.0299987792969,321.3800048828125,233070
2025-01-22 19:30:00,321.4200134277344,322.82000732421875,321.29998779296875,321.42498779296875,286143
2025-01-22 20:30:00,321.4150085449219,322.6000061035156,321.20001220703125,322.25,439900
2025-01-23 14:30:00,323.54998779296875,325.8537902832031,321.99029541015625,322.8500061035156,739638
2025-01-23 15:30:00,322.739990234375,325.2200012207031,322.1000061035156,324.75,395963
2025-01-23 16:30:00,324.7799987792969,325.45001220703125,324.05999755859375,324.5199890136719,301682
2025-01-23 17:30:00,324.5199890136719,326.2749938964844,324.44000244140625,325.5899963378906,484359
2025-01-23 18:30:00,325.55499267578125,325.6199951171875,324.1000061035156,324.7550048828125,326405
2025-01-23 19:30:00,324.6600036621094,324.9700012207031,324.2200012207031,324.3900146484375,411647
2025-01-23 20:30:00,324.3900146484375,325.9700012207031,323.1499938964844,325.70001220703125,729336
2025-01-24 14:30:00,324.3999938964844,324.4700012207031,313.7300109863281,316.6300048828125,2245592
2025-01-24 15:30:00,316.6300048828125,317.1299133300781,314.30010986328125,316.2699890136719,617472
2025-01-24 16:30:00,316.32000732421875,318.510009765625,315.489990234375,317.1549987792969,476687
2025-01-24 17:30:00,317.2709045410156,318.8399963378906,316.30010986328125,318.2799987792969,349280
2025-01-24 18:30:00,318.1499938964844,318.739990234375,317.1700134277344,317.45001220703125,326294
2025-01-24 19:30:00,317.55999755859375,319.2799987792969,317.04998779296875,318.2900085449219,463703
2025-01-24 20:30:00,318.32000732421875,321.79998779296875,317.35009765625,321.55999755859375,1134817
2025-01-27 14:30:00,318.1300048828125,318.8299865722656,311.8385925292969,317.19000244140625,687948
2025-01-27 15:30:00,316.82000732421875,317.7749938964844,315.5400085449219,315.7139892578125,248518
2025-01-27 16:30:00,315.7300109863281,317.489990234375,315.3999938964844,317.17999267578125,228616
2025-01-27 17:30:00,317.04998779296875,317.239990234375,314.25360107421875,314.5199890136719,204251
2025-01-27 18:30:00,314.6600036621094,316.19000244140625,314.1199951171875,316.19000244140625,273816
2025-01-27 19:30:00,316.07501220703125,316.42999267578125,313.1650085449219,313.8800048828125,451257
2025-01-27 20:30:00,313.9800109863281,316.4800109863281,313.9100036621094,316.4200134277344,545142
2025-01-28 14:30:00,316.6400146484375,316.6400146484375,310.7200012207031,314.8599853515625,404376
2025-01-28 15:30:00,314.6600036621094,316.760009765625,313.94000244140625,314.18499755859375,334749
2025-01-28 16:30:00,314.17498779296875,316.44000244140625,314.0101013183594,315.44000244140625,218395
2025-01-28 17:30:00,315.4599914550781,316.3486022949219,315.2900085449219,315.9849853515625,120341
2025-01-28 18:30:00,316.0,316.2373962402344,314.9800109863281,316.0,206350
2025-01-28 19:30:00,315.9800109863281,316.989990234375,315.8901062011719,316.8699951171875,247002
2025-01-28 20:30:00,316.82000732421875,317.8699951171875,316.6499938964844,316.9599914550781,373887
2025-01-29 14:30:00,316.6300048828125,319.4800109863281,316.0,317.57501220703125,294005
2025-01-29 15:30:00,317.79998779296875,318.9385986328125,316.4200134277344,316.7650146484375,174408
2025-01-29 16:30:00,316.7650146484375,317.2099914550781,315.9200134277344,316.7650146484375,133567
2025-01-29 17:30:00,316.69000244140625,316.8811950683594,314.6700134277344,316.1400146484375,138119
2025-01-29 18:30:00,316.15869140625,316.32000732421875,314.1400146484375,314.3699951171875,202977
2025-01-29 19:30:00,314.4599914550781,316.79998779296875,314.3599853515625,316.010009765625,275427
2025-01-29 20:30:00,316.07000732421875,316.33990478515625,314.44000244140625,315.239990234375,330826
2025-01-30 14:30:00,317.0,319.2900085449219,316.0,318.3500061035156,396086
2025-01-30 15:30:00,318.4649963378906,320.28680419921875,317.9599914550781,319.739990234375,298391
2025-01-30 16:30:00,320.0,321.0400085449219,319.6199951171875,319.6400146484375,245492
2025-01-30 17:30:00,319.75,321.1700134277344,319.739990234375,321.1000061035156,150472
2025-01-30 18:30:00,321.07000732421875,321.8940124511719,320.7699890136719,321.4849853515625,189392
2025-01-30 19:30:00,321.42999267578125,321.56988525390625,319.6099853515625,319.6099853515625,200071
2025-01-30 20:30:00,319.5849914550781,319.664794921875,316.3699951171875,318.9599914550781,441081
2025-01-31 14:30:00,320.9100036621094,321.6365051269531,318.0799865722656,319.2200012207031,282632
2025-01-31 15:30:00,319.12750244140625,319.385009765625,317.35009765625,317.45001220703125,217259
2025-01-31 16:30:00,317.4700012207031,318.6499938964844,317.29998779296875,318.3699951171875,112887
2025-01-31 17:30:00,318.375,318.67010498046875,317.05999755859375,317.2184143066406,115651
2025-01-31 18:30:00,317.04998779296875,317.25,315.510009765625,317.25,157643
2025-01-31 19:30:00,317.2099914550781,317.6000061035156,315.8800048828125,316.7716064453125,155926
2025-01-31 20:30:00,316.7099914550781,317.82000732421875,316.5799865722656,317.1499938964844,393095
2025-02-03 14:30:00,312.19000244140625,314.2799987792969,309.19000244140625,313.95001220703125,384803
2025-02-03 15:30:00,314.1000061035156,315.82000732421875,313.0899963378906,314.8599853515625,168520
2025-02-03 16:30:00,315.2300109863281,316.3500061035156,314.7300109863281,315.82000732421875,169645
2025-02-03 17:30:00,315.5199890136719,316.1499938964844,314.8399963378906,315.69000244140625,221732
2025-02-03 18:30:00,315.79998779296875,316.7699890136719,315.2049865722656,316.31500244140625,123324
2025-02-03 19:30:00,316.29998779296875,317.0,315.80999755859375,315.8688049316406,157418
2025-02-03 20:30:00,315.989990234375,316.95001220703125,315.6700134277344,316.4599914550781,254001
2025-02-04 14:30:00,315.25,317.0,313.1099853515625,314.7349853515625,314186
2025-02-04 15:30:00,314.54998779296875,316.45318603515625,313.7200012207031,316.44000244140625,166293
2025-02-04 16:30:00,316.29998779296875,316.80999755859375,315.2900085449219,315.2900085449219,137175
2025-02-04 17:30:00,315.3500061035156,316.94000244140625,315.010009765625,316.75,121928
2025-02-04 18:30:00,316.760009765625,317.3599853515625,316.1300048828125,317.0899963378906,162179
2025-02-04 19:30:00,317.19500732421875,317.2900085449219,315.5150146484375,315.6050109863281,211898
2025-02-04 20:30:00,315.5249938964844,316.2900085449219,315.3699951171875,315.79998779296875,258750
2025-02-05 14:30:00,317.94000244140625,318.95001220703125,315.1000061035156,317.6600036621094,244688
2025-02-05 15:30:00,317.5400085449219,317.7300109863281,316.35260009765625,317.7099914550781,185862
2025-02-05 16:30:00,317.75,318.2200012207031,316.9200134277344,317.2099914550781,177040
2025-02-05 17:30:00,317.2149963378906,318.4700012207031,316.82000732421875,318.3299865722656,160052
2025-02-05 18:30:00,318.3399963378906,319.4049987792969,318.239990234375,318.9599914550781,211821
2025-02-05 19:30:00,318.9100036621094,320.0799865722656,318.4100036621094,319.760009765625,210854
2025-02-05 20:30:00,319.8399963378906,320.7099914550781,319.8399963378906,320.4949951171875,270039
2025-02-06 14:30:00,323.1000061035156,323.25,319.610107421875,319.80999755859375,281517
2025-02-06 15:30:00,319.885009765625,320.9599914550781,319.2950134277344,320.2349853515625,209951
2025-02-06 16:30:00,320.2099914550781,321.0,319.69000244140625,319.760009765625,165877
2025-02-06 17:30:00,319.7099914550781,319.82000732421875,319.0,319.20001220703125,118501
2025-02-06 18:30:00,319.2900085449219,319.3900146484375,318.2300109863281,318.3399963378906,140313
2025-02-06 19:30:00,318.32000732421875,318.989990234375,317.2049865722656,318.8949890136719,219418
2025-02-06 20:30:00,318.8999938964844,320.2099914550781,318.8900146484375,320.0400085449219,304645
2025-02-07 14:30:00,320.8299865722656,321.4024963378906,319.0,320.760009765625,247626
2025-02-07 15:30:00,320.7099914550781,321.293701171875,318.25,319.6700134277344,145177
2025-02-07 16:30:00,319.8599853515625,320.3699951171875,318.8299865722656,319.3599853515625,113940
2025-02-07 17:30:00,319.5899963378906,319.6199951171875,318.57000732421875,318.8599853515625,84979
2025-02-07 18:30:00,318.94000244140625,319.0150146484375,316.7200012207031,317.2950134277344,118340
2025-02-07 19:30:00,317.3179016113281,317.42999267578125,316.6600036621094,317.20001220703125,155558
2025-02-07 20:30:00,317.2749938964844,317.61199951171875,316.2900085449219,316.8500061035156,313269
2025-02-10 14:30:00,318.45001220703125,318.45001220703125,314.20001220703125,314.75,242586
2025-02-10 15:30:00,314.92999267578125,315.2300109863281,306.010009765625,308.4200134277344,1028086
2025-02-10 16:30:00,308.54998779296875,309.4898986816406,307.4100036621094,308.79998779296875,323956
2025-02-10 17:30:00,308.8999938964844,310.3299865722656,308.79998779296875,309.760009765625,244169
2025-02-10 18:30:00,309.8599853515625,311.2976989746094,309.239990234375,310.8800048828125,187113
2025-02-10 19:30:00,310.8299865722656,311.1000061035156,309.82000732421875,310.54998779296875,257063
2025-02-10 20:30:00,310.5950012207031,311.3900146484375,310.0199890136719,310.2699890136719,301007
2025-02-11 14:30:00,308.5299987792969,308.6199951171875,306.4599914550781,306.94000244140625,340450
2025-02-11 15:30:00,306.95001220703125,308.6499938964844,306.7950134277344,307.6099853515625,238186
2025-02-11 16:30:00,307.614990234375,309.239990234375,307.2699890136719,309.2200012207031,150760
2025-02-11 17:30:00,309.1499938964844,309.2200012207031,308.1099853515625,308.8299865722656,131168
2025-02-11 18:30:00,308.8450012207031,309.79998779296875,308.8384094238281,309.4700012207031,203739
2025-02-11 19:30:00,309.3900146484375,310.3599853515625,309.3900146484375,310.30999755859375,174087
2025-02-11 20:30:00,310.2900085449219,310.5050048828125,309.260009765625,309.6600036621094,230680
2025-02-12 14:30:00,306.8500061035156,307.75,303.9100036621094,305.67999267578125,421914
2025-02-12 15:30:00,305.5799865722656,306.8299865722656,304.4100036621094,304.92999267578125,191017
2025-02-12 16:30:00,305.0400085449219,306.94000244140625,304.510009765625,306.8450012207031,157283
2025-02-12 17:30:00,306.7699890136719,307.489990234375,306.30999755859375,306.9599914550781,126777
2025-02-12 18:30:00,306.9200134277344,307.3900146484375,306.29998779296875,306.6700134277344,167375
2025-02-12 19:30:00,306.69000244140625,307.9599914550781,306.5400085449219,306.7900085449219,192045
2025-02-12 20:30:00,306.69000244140625,307.0505065917969,305.6099853515625,306.4200134277344,331895
2025-02-13 14:30:00,307.54998779296875,309.6300048828125,307.3800048828125,307.735107421875,308077
2025-02-13 15:30:00,307.5101013183594,307.80999755859375,306.2099914550781,306.32501220703125,177121
2025-02-13 16:30:00,306.3699951171875,307.0950012207031,305.8800048828125,306.8999938964844,134280
2025-02-13 17:30:00,306.8699951171875,307.0,305.94000244140625,306.635009765625,127514
2025-02-13 18:30:00,306.739990234375,309.0,306.2300109863281,308.7300109863281,156877
2025-02-13 19:30:00,308.739990234375,309.2900085449219,308.44000244140625,309.0400085449219,203862
2025-02-13 20:30:00,308.9700012207031,309.0199890136719,307.3999938964844,307.5,292661
2025-02-14 14:30:00,307.42999267578125,311.0799865722656,307.4200134277344,309.57000732421875,272457
2025-02-14 15:30:00,309.5,310.19000244140625,308.8500061035156,309.5400085449219,142940
2025-02-14 16:30:00,309.6799011230469,309.989990234375,308.8399963378906,309.5466003417969,127921
2025-02-14 17:30:00,309.75,310.5398864746094,309.49749755859375,310.42999267578125,109212
2025-02-14 18:30:00,310.5010070800781,311.4100036621094,310.3900146484375,311.0799865722656,166611
2025-02-14 19:30:00,310.989990234375,311.5400085449219,310.6300964355469,310.8500061035156,167320
2025-02-14 20:30:00,310.8500061035156,311.8500061035156,310.29998779296875,311.125,367689
2025-02-18 14:30:00,313.3900146484375,313.68499755859375,309.8599853515625,312.0299987792969,402074
2025-02-18 15:30:00,312.0400085449219,313.2099914550781,310.8500061035156,311.6300048828125,137574
2025-02-18 16:30:00,311.38238525390625,312.114990234375,311.32000732421875,311.8599853515625,140215
2025-02-18 17:30:00,311.8699951171875,313.010009765625,311.5965881347656,312.739990234375,148665
2025-02-18 18:30:00,312.7049865722656,312.9599914550781,309.0299987792969,309.7099914550781,178273
2025-02-18 19:30:00,309.7099914550781,311.84210205078125,309.7099914550781,311.5,176544
2025-02-18 20:30:00,311.489990234375,312.8565979003906,311.2699890136719,312.82000732421875,250614
2025-02-19 14:30:00,310.3800048828125,311.989990234375,308.20001220703125,308.8699951171875,328111
2025-02-19 15:30:00,308.8900146484375,309.2149963378906,306.8699951171875,308.5150146484375,235988
2025-02-19 16:30:00,308.510009765625,310.2699890136719,308.4150085449219,309.2250061035156,220652
2025-02-19 17:30:00,309.2984924316406,309.2984924316406,308.0000915527344,309.2250061035156,121342
2025-02-19 18:30:00,309.2449951171875,311.364990234375,309.1700134277344,311.0249938964844,187916
2025-02-19 19:30:00,311.1199951171875,311.1492919921875,309.71868896484375,309.9049987792969,195474
2025-02-19 20:30:00,309.9100036621094,310.239990234375,309.5199890136719,309.70001220703125,357398
2025-02-20 14:30:00,309.7200012207031,309.9599914550781,302.510009765625,302.7025146484375,698102
2025-02-20 15:30:00,302.5899963378906,303.1099853515625,298.69000244140625,299.5,444684
2025-02-20 16:30:00,299.45001220703125,301.8800048828125,299.1050109863281,301.7900085449219,245254
2025-02-20 17:30:00,301.67999267578125,302.55999755859375,300.9599914550781,301.4800109863281,174685
2025-02-20 18:30:00,301.3500061035156,303.45001220703125,301.3369140625,302.80999755859375,159088
2025-02-20 19:30:00,302.8900146484375,304.59991455078125,302.67999267578125,304.29998779296875,219273
2025-02-20 20:30:00,304.2049865722656,304.54998779296875,303.5199890136719,303.80999755859375,299456
2025-02-21 14:30:00,304.94000244140625,304.94000244140625,302.4599914550781,302.4599914550781,311399
2025-02-21 15:30:00,302.5799865722656,303.30999755859375,301.7701110839844,301.92999267578125,183322
2025-02-21 16:30:00,301.82000732421875,302.6199951171875,300.510009765625,300.6499938964844,178671
2025-02-21 17:30:00,300.75390625,300.75390625,295.8699951171875,296.1099853515625,320045
2025-02-21 18:30:00,296.05999755859375,296.8900146484375,294.18499755859375,294.2900085449219,678702
2025-02-21 19:30:00,294.30999755859375,296.8900146484375,293.8528137207031,296.8500061035156,310514
2025-02-21 20:30:00,296.739990234375,297.1000061035156,295.0050048828125,295.3999938964844,583443
2025-02-24 14:30:00,297.1099853515625,298.9800109863281,292.4200134277344,294.8699951171875,560260
2025-02-24 15:30:00,294.8800048828125,296.4200134277344,293.8999938964844,295.9200134277344,324184
2025-02-24 16:30:00,295.9849853515625,296.552490234375,294.70001220703125,296.30999755859375,197144
2025-02-24 17:30:00,296.239990234375,297.3999938964844,295.95001220703125,296.8550109863281,143956
2025-02-24 18:30:00,296.75,297.8500061035156,296.4932861328125,296.760009765625,205300
2025-02-24 19:30:00,296.79998779296875,297.20001220703125,295.75,296.1300048828125,191441
2025-02-24 20:30:00,296.20001220703125,296.6700134277344,294.989990234375,295.5,332645
2025-02-25 14:30:00,296.989990234375,298.40899658203125,289.6000061035156,289.6700134277344,400050
2025-02-25 15:30:00,289.75,293.6990051269531,289.5299987792969,292.0150146484375,365267
2025-02-25 16:30:00,291.94000244140625,293.1099853515625,290.6300048828125,292.260009765625,224666
2025-02-25 17:30:00,292.25,294.9024963378906,292.1300048828125,293.1499938964844,213593
2025-02-25 18:30:00,293.04998779296875,295.0400085449219,292.9800109863281,294.239990234375,178289
2025-02-25 19:30:00,294.29998779296875,296.489990234375,294.2132873535156,295.75,204794
2025-02-25 20:30:00,295.6499938964844,295.6499938964844,293.0,293.4100036621094,370632
2025-02-26 14:30:00,295.1400146484375,298.989990234375,293.6700134277344,298.2200012207031,405368
2025-02-26 15:30:00,298.1700134277344,299.3410949707031,297.6099853515625,297.8299865722656,218477
2025-02-26 16:30:00,297.875,299.19000244140625,297.3599853515625,298.87799072265625,153574
2025-02-26 17:30:00,298.8399963378906,298.9649963378906,296.364990234375,296.364990234375,153062
2025-02-26 18:30:00,296.489990234375,296.9200134277344,295.6499938964844,295.75,133263
2025-02-26 19:30:00,295.75,296.4700012207031,295.2200012207031,295.8800048828125,224115
2025-02-26 20:30:00,295.8399963378906,296.7850036621094,295.635009765625,296.260009765625,284116
2025-02-27 14:30:00,296.0,301.0,295.45001220703125,299.44000244140625,311179
2025-02-27 15:30:00,299.5050048828125,300.3599853515625,298.25,298.6099853515625,176446
2025-02-27 16:30:00,298.5799865722656,299.2300109863281,296.54998779296875,297.94000244140625,147990
2025-02-27 17:30:00,298.0899963378906,298.55999755859375,296.9100036621094,298.19500732421875,92771
2025-02-27 18:30:00,298.1600036621094,298.62109375,296.45001220703125,296.45001220703125,114214
2025-02-27 19:30:00,296.3500061035156,296.3599853515625,293.0400085449219,293.17999267578125,350431
2025-02-27 20:30:00,293.17999267578125,294.6700134277344,293.17999267578125,294.17999267578125,337056
2025-02-28 14:30:00,296.2900085449219,299.4800109863281,294.9700012207031,299.30499267578125,304696
2025-02-28 15:30:00,299.30499267578125,299.30499267578125,297.6099853515625,297.8157958984375,264754
2025-02-28 16:30:00,297.7200012207031,299.1499938964844,297.7200012207031,298.0,165035
2025-02-28 17:30:00,298.0,298.0,295.5174865722656,296.739990234375,175056
2025-02-28 18:30:00,296.7200012207031,297.8999938964844,296.4100036621094,297.5899963378906,223908
2025-02-28 19:30:00,297.6199951171875,299.5,297.5,299.33380126953125,241441
2025-02-28 20:30:00,299.260009765625,301.07000732421875,298.6932067871094,300.9700012207031,512669
2025-03-03 14:30:00,301.42999267578125,303.4649963378906,300.0199890136719,301.94000244140625,415444
2025-03-03 15:30:00,302.07000732421875,303.04998779296875,300.3800048828125,300.55999755859375,191263
2025-03-03 16:30:00,300.5299987792969,301.7499084472656,299.45001220703125,301.4800109863281,195192
2025-03-03 17:30:00,301.510009765625,301.739990234375,298.1199951171875,298.2449951171875,147902
2025-03-03 18:30:00,298.1144104003906,298.739990234375,297.20001220703125,297.9324035644531,230590
2025-03-03 19:30:00,298.1400146484375,298.82000732421875,293.35009765625,293.3999938964844,257155
2025-03-03 20:30:00,293.32000732421875,295.5799865722656,293.1099853515625,295.510009765625,404372
2025-03-04 14:30:00,291.57000732421875,291.7749938964844,280.0,281.625,952183
2025-03-04 15:30:00,281.4599914550781,282.29998779296875,277.5799865722656,278.54998779296875,795477
2025-03-04 16:30:00,278.6499938964844,282.489990234375,278.5,281.7243957519531,556690
2025-03-04 17:30:00,281.69000244140625,283.92999267578125,280.29998779296875,282.8500061035156,722793
2025-03-04 18:30:00,282.70001220703125,286.9200134277344,282.5801086425781,286.20001220703125,834877
2025-03-04 19:30:00,286.2300109863281,288.1199951171875,285.2799987792969,286.95001220703125,461927
2025-03-04 20:30:00,286.94000244140625,286.94000244140625,281.7799987792969,283.4700012207031,911456
2025-03-05 14:30:00,283.0,284.9352111816406,281.32000732421875,283.04681396484375,383082
2025-03-05 15:30:00,282.8599853515625,284.4599914550781,280.6300048828125,281.2099914550781,298299
2025-03-05 16:30:00,281.1499938964844,283.7699890136719,280.8500061035156,282.8699951171875,250289
2025-03-05 17:30:00,283.04998779296875,285.1000061035156,282.9649963378906,283.7699890136719,197962
2025-03-05 18:30:00,283.6499938964844,286.1199951171875,282.989990234375,285.0,208831
2025-03-05 19:30:00,284.9849853515625,285.8800048828125,284.29998779296875,285.760009765625,222878
2025-03-05 20:30:00,285.67999267578125,285.67999267578125,283.1199951171875,283.9700012207031,376095
2025-03-06 14:30:00,279.79998779296875,281.20001220703125,275.95001220703125,281.0199890136719,463744
2025-03-06 15:30:00,281.04998779296875,282.1600036621094,279.2200012207031,280.4800109863281,231159
2025-03-06 16:30:00,280.4800109863281,281.375,276.875,277.1549987792969,231084
2025-03-06 17:30:00,277.125,278.3500061035156,276.2001037597656,277.4750061035156,180143
2025-03-06 18:30:00,277.3699951171875,277.8999938964844,275.57000732421875,275.8800048828125,221648
2025-03-06 19:30:00,275.7300109863281,277.8800048828125,274.5299987792969,276.0299987792969,518100
2025-03-06 20:30:00,276.0450134277344,276.3900146484375,275.0299987792969,275.6400146484375,660912
2025-03-07 14:30:00,273.6600036621094,274.1700134277344,268.44000244140625,269.30999755859375,837177
2025-03-07 15:30:00,269.29998779296875,269.29998779296875,266.0880126953125,266.2149963378906,511090
2025-03-07 16:30:00,266.29998779296875,267.0,264.7099914550781,266.79998779296875,590615
2025-03-07 17:30:00,266.79998779296875,270.3299865722656,266.3800048828125,269.2200012207031,320052
2025-03-07 18:30:00,269.2200012207031,272.69989013671875,269.1400146484375,272.364990234375,391253
2025-03-07 19:30:00,272.260009765625,273.9649963378906,271.8699951171875,272.9645080566406,330525
2025-03-07 20:30:00,272.9179992675781,273.7200012207031,271.25,273.20001220703125,415392
2025-03-10 13:30:00,267.7149963378906,268.5899963378906,263.93499755859375,265.3599853515625,481155
2025-03-10 14:30:00,265.3500061035156,266.3999938964844,263.760009765625,265.5,371643
2025-03-10 15:30:00,265.5,267.54998779296875,263.79998779296875,264.010009765625,380849
2025-03-10 16:30:00,264.0950012207031,264.4649963378906,261.4100036621094,261.918212890625,410164
2025-03-10 17:30:00,261.8949890136719,261.8999938964844,258.69000244140625,258.9049987792969,430788
2025-03-10 18:30:00,258.95001220703125,260.79998779296875,257.45001220703125,259.7300109863281,706948
2025-03-10 19:30:00,259.7799987792969,262.0,259.7799987792969,261.3800048828125,613861
2025-03-11 13:30:00,257.4599914550781,260.239990234375,255.17999267578125,255.33999633789062,882484
2025-03-11 14:30:00,255.36500549316406,257.5,253.85000610351562,256.2300109863281,629505
2025-03-11 15:30:00,256.2300109863281,258.1199951171875,255.72999572753906,256.6000061035156,342032
2025-03-11 16:30:00,256.5,256.6570129394531,253.5399932861328,253.86000061035156,351573
2025-03-11 17:30:00,253.75,257.8328857421875,253.63999938964844,257.125,517532
2025-03-11 18:30:00,257.1000061035156,259.260009765625,256.5199890136719,257.2200012207031,504115
2025-03-11 19:30:00,257.30999755859375,257.75,255.00999450683594,255.3800048828125,692039
2025-03-12 13:30:00,260.17999267578125,261.9200134277344,256.1199951171875,257.3800048828125,707903
2025-03-12 14:30:00,257.20001220703125,258.5799865722656,255.0,258.4750061035156,854087
2025-03-12 15:30:00,258.4700012207031,259.95440673828125,257.94000244140625,259.1499938964844,327996
2025-03-12 16:30:00,259.32000732421875,262.70001220703125,258.55999755859375,262.1400146484375,718236
2025-03-12 17:30:00,262.0450134277344,262.82000732421875,259.7799987792969,260.6600036621094,759256
2025-03-12 18:30:00,260.6600036621094,261.42999267578125,260.0899963378906,261.1199951171875,813939
2025-03-12 19:30:00,261.2699890136719,261.8399963378906,260.55999755859375,260.7099914550781,652212
2025-03-13 13:30:00,259.6499938964844,261.510009765625,256.3550109863281,260.5799865722656,813910
2025-03-13 14:30:00,260.5950012207031,261.5098876953125,258.07879638671875,258.35198974609375,573282
2025-03-13 15:30:00,258.31500244140625,258.4599914550781,254.8000030517578,255.0800018310547,381578
2025-03-13 16:30:00,255.02000427246094,257.42999267578125,254.85000610351562,255.25999450683594,417593
2025-03-13 17:30:00,255.24000549316406,256.8699951171875,253.52000427246094,256.4472961425781,370351
2025-03-13 18:30:00,256.3800048828125,257.6199951171875,255.80999755859375,256.1300048828125,369017
2025-03-13 19:30:00,256.1199951171875,256.8949890136719,255.57000732421875,256.3900146484375,607855
2025-03-14 13:30:00,260.1449890136719,262.9700012207031,259.0,261.5199890136719,648795
2025-03-14 14:30:00,261.45001220703125,264.4100036621094,261.19000244140625,263.68499755859375,470763
2025-03-14 15:30:00,263.6875915527344,265.4800109863281,263.59429931640625,264.2900085449219,488378
2025-03-14 16:30:00,264.44000244140625,265.6600036621094,264.30999755859375,264.5799865722656,347164
2025-03-14 17:30:00,264.54998779296875,265.3800048828125,264.0791931152344,264.9700012207031,302642
2025-03-14 18:30:00,264.9548034667969,266.3299865722656,264.9548034667969,266.1300048828125,577354
2025-03-14 19:30:00,266.0899963378906,266.6600036621094,265.1400146484375,265.5199890136719,777482
2025-03-17 13:30:00,265.19000244140625,266.43499755859375,262.17498779296875,262.17498779296875,409092
2025-03-17 14:30:00,262.04998779296875,264.77789306640625,261.79010009765625,264.0,278040
2025-03-17 15:30:00,263.94000244140625,264.20001220703125,262.8599853515625,262.989990234375,241508
2025-03-17 16:30:00,263.04998779296875,264.3099060058594,262.6499938964844,263.6499938964844,236934
2025-03-17 17:30:00,263.7950134277344,265.0,261.2699890136719,264.260009765625,463691
2025-03-17 18:30:00,264.0899963378906,265.50048828125,263.92999267578125,265.1650085449219,393560
2025-03-17 19:30:00,265.1600036621094,265.4599914550781,264.1199951171875,264.3699951171875,383576
2025-03-18 13:30:00,264.6000061035156,265.5,260.4599914550781,261.2799987792969,538234
2025-03-18 14:30:00,261.3900146484375,263.0799865722656,260.8785095214844,261.07000732421875,362466
2025-03-18 15:30:00,261.0,262.6000061035156,260.989990234375,262.6000061035156,242040
2025-03-18 16:30:00,262.7099914550781,262.7099914550781,261.4609069824219,262.1000061035156,270359
2025-03-18 17:30:00,262.0,263.010009765625,261.7099914550781,261.82000732421875,214750
2025-03-18 18:30:00,261.8800048828125,262.7099914550781,261.79998779296875,262.45001220703125,318188
2025-03-18 19:30:00,262.510009765625,262.9800109863281,261.7900085449219,262.69000244140625,408452
2025-03-19 13:30:00,263.0299987792969,267.05999755859375,261.260009765625,266.364990234375,386315
2025-03-19 14:30:00,266.36749267578125,267.7099914550781,266.2900085449219,267.42999267578125,274652
2025-03-19 15:30:00,267.2900085449219,269.4200134277344,267.2900085449219,268.2200012207031,252184
2025-03-19 16:30:00,268.0799865722656,268.510009765625,267.2200012207031,267.75,175946
2025-03-19 17:30:00,267.67999267578125,269.0,266.2900085449219,268.5299987792969,160794
2025-03-19 18:30:00,268.510009765625,272.010009765625,268.510009765625,269.95989990234375,500304
2025-03-19 19:30:00,269.739990234375,271.75,269.5899963378906,270.67999267578125,548671
2025-03-20 13:30:00,269.0299987792969,273.9700012207031,268.2200012207031,272.7550048828125,403948
2025-03-20 14:30:00,272.8599853515625,274.54998779296875,272.5299987792969,273.7349853515625,325133
2025-03-20 15:30:00,273.80999755859375,273.80999755859375,271.4599914550781,271.5799865722656,214223
2025-03-20 16:30:00,271.70001220703125,272.18499755859375,270.3699951171875,270.5799865722656,122854
2025-03-20 17:30:00,270.5799865722656,271.79998779296875,270.5799865722656,270.75,138218
2025-03-20 18:30:00,270.6700134277344,272.05999755859375,270.3699951171875,271.0,169239
2025-03-20 19:30:00,271.1099853515625,271.92999267578125,270.5950012207031,270.79998779296875,315631
2025-03-21 13:30:00,267.8500061035156,268.3677062988281,265.1600036621094,266.739990234375,1211249
2025-03-21 14:30:00,266.739990234375,267.7799987792969,265.9100036621094,267.1700134277344,203802
2025-03-21 15:30:00,267.1000061035156,269.239990234375,266.0000915527344,268.9549865722656,177247
2025-03-21 16:30:00,268.8599853515625,270.2200012207031,268.37799072265625,269.43499755859375,160430
2025-03-21 17:30:00,269.30999755859375,270.29998779296875,268.80999755859375,268.8500061035156,132411
2025-03-21 18:30:00,268.8900146484375,269.7200012207031,268.6400146484375,269.4949951171875,210312
2025-03-21 19:30:00,269.4200134277344,270.55999755859375,269.0400085449219,270.3800048828125,419398
2025-03-24 13:30:00,275.2300109863281,277.1700134277344,274.2300109863281,276.8800048828125,432824
2025-03-24 14:30:00,276.9599914550781,277.1099853515625,276.010009765625,277.05499267578125,234866
2025-03-24 15:30:00,277.0799865722656,277.3599853515625,276.385009765625,277.1600036621094,219455
2025-03-24 16:30:00,277.1000061035156,277.60101318359375,275.7799987792969,276.6700134277344,169493
2025-03-24 17:30:00,276.6099853515625,276.80999755859375,275.1050109863281,276.0450134277344,233338
2025-03-24 18:30:00,276.0150146484375,277.8599853515625,275.73199462890625,277.3599853515625,218117
2025-03-24 19:30:00,277.2799987792969,278.25,277.19000244140625,277.8599853515625,433308
2025-03-25 13:30:00,278.8999938964844,279.6700134277344,276.2099914550781,278.4901123046875,356528
2025-03-25 14:30:00,278.70001220703125,279.7900085449219,278.4100036621094,279.2300109863281,145663
2025-03-25 15:30:00,279.2550048828125,279.2550048828125,277.5799865722656,278.2120056152344,131002
2025-03-25 16:30:00,278.30999755859375,278.8799133300781,277.9849853515625,278.1000061035156,134360
2025-03-25 17:30:00,278.0874938964844,278.7499084472656,277.8829040527344,278.43499755859375,158843
2025-03-25 18:30:00,278.3900146484375,278.8055114746094,277.9527893066406,278.2799987792969,196580
2025-03-25 19:30:00,278.2510070800781,279.45001220703125,278.2510070800781,279.2900085449219,472105
2025-03-26 13:30:00,280.0,282.125,279.07000732421875,280.92999267578125,251868
2025-03-26 14:30:00,281.0400085449219,281.57000732421875,279.5520935058594,279.80999755859375,292458
2025-03-26 15:30:00,279.81878662109375,280.5299987792969,277.8500061035156,278.8599853515625,247019
2025-03-26 16:30:00,278.8599853515625,279.2300109863281,276.7650146484375,276.8900146484375,216536
2025-03-26 17:30:00,276.8800048828125,277.6499938964844,276.25,277.3999938964844,205831
2025-03-26 18:30:00,277.3999938964844,277.6000061035156,274.5950012207031,275.5799865722656,467177
2025-03-26 19:30:00,275.67999267578125,276.5400085449219,275.4849853515625,275.8500061035156,455393
2025-03-27 13:30:00,274.8599853515625,275.4200134277344,270.5400085449219,274.6199951171875,461597
2025-03-27 14:30:00,274.6050109863281,275.5,273.7200012207031,273.9800109863281,206634
2025-03-27 15:30:00,273.8900146484375,274.19000244140625,272.3399963378906,273.8900146484375,220524
2025-03-27 16:30:00,273.8699951171875,274.2650146484375,271.739990234375,271.8450012207031,275074
2025-03-27 17:30:00,271.8500061035156,273.0799865722656,271.510009765625,272.5899963378906,168112
2025-03-27 18:30:00,272.6897888183594,273.802001953125,272.05999755859375,273.6611022949219,187142
2025-03-27 19:30:00,273.75,273.75,271.7900085449219,272.0299987792969,373767
2025-03-28 13:30:00,270.6300048828125,272.6424865722656,265.125,265.29998779296875,461267
2025-03-28 14:30:00,265.2799987792969,265.6600036621094,263.7300109863281,265.07000732421875,363940
2025-03-28 15:30:00,265.0199890136719,265.739990234375,264.0199890136719,264.0459899902344,195742
2025-03-28 16:30:00,264.2419128417969,264.4800109863281,263.010009765625,263.3399963378906,302114
2025-03-28 17:30:00,263.3417053222656,265.42388916015625,263.05999755859375,264.8800048828125,248931
2025-03-28 18:30:00,264.80999755859375,265.4200134277344,264.4100036621094,264.42999267578125,391875
2025-03-28 19:30:00,264.4200134277344,265.6600036621094,263.80999755859375,265.4200134277344,632911
2025-03-31 13:30:00,262.489990234375,264.6099853515625,259.0,261.6099853515625,618112
2025-03-31 14:30:00,261.6199951171875,265.760009765625,261.5400085449219,264.9544982910156,321433
2025-03-31 15:30:00,264.9844055175781,266.3800048828125,263.6199951171875,265.9700012207031,316902
2025-03-31 16:30:00,265.92999267578125,267.2799987792969,265.5350036621094,266.4700012207031,183689
2025-03-31 17:30:00,266.54998779296875,269.010009765625,265.7900085449219,268.17999267578125,279193
2025-03-31 18:30:00,268.20001220703125,269.29998779296875,267.3900146484375,268.4200134277344,294879
2025-03-31 19:30:00,268.3500061035156,270.3399963378906,268.0799865722656,269.1199951171875,611308
2025-04-01 13:30:00,265.739990234375,268.043212890625,265.1181945800781,266.614990234375,563730
2025-04-01 14:30:00,266.4200134277344,269.25,265.92999267578125,268.3800048828125,350870
2025-04-01 15:30:00,268.3800048828125,270.8399963378906,268.2099914550781,269.45001220703125,317003
2025-04-01 16:30:00,269.5362854003906,270.25,268.6499938964844,268.6499938964844,213066
2025-04-01 17:30:00,268.6499938964844,269.6199951171875,266.82000732421875,267.2099914550781,216943
2025-04-01 18:30:00,267.2149963378906,269.5799865722656,266.8680114746094,269.17498779296875,296861
2025-04-01 19:30:00,269.1400146484375,270.87249755859375,268.8699951171875,270.4800109863281,475204
2025-04-02 13:30:00,266.8900146484375,272.69500732421875,266.57000732421875,272.69500732421875,259797
2025-04-02 14:30:00,272.55999755859375,274.3599853515625,272.29998779296875,274.1499938964844,213716
2025-04-02 15:30:00,274.1499938964844,274.6899108886719,272.55999755859375,274.5050048828125,194832
2025-04-02 16:30:00,274.67889404296875,277.3185119628906,273.80999755859375,276.5249938964844,354509
2025-04-02 17:30:00,276.5249938964844,276.5249938964844,272.6000061035156,272.69500732421875,283896
2025-04-02 18:30:00,272.5299987792969,274.489990234375,272.5,274.3349914550781,301172
2025-04-02 19:30:00,274.19000244140625,276.05499267578125,273.9599914550781,275.17999267578125,386960
2025-04-03 13:30:00,260.20001220703125,261.0,248.47999572753906,251.3800048828125,1777717
2025-04-03 14:30:00,251.25999450683594,252.7899932861328,248.88999938964844,252.0596923828125,1028733
2025-04-03 15:30:00,251.74000549316406,255.27859497070312,251.3300018310547,254.81500244140625,730442
2025-04-03 16:30:00,254.74000549316406,255.24000549316406,249.63999938964844,249.85000610351562,742067
2025-04-03 17:30:00,249.77999877929688,250.74000549316406,247.64500427246094,247.8800048828125,550390
2025-04-03 18:30:00,248.0500030517578,249.72999572753906,247.1750030517578,247.94000244140625,785170
2025-04-03 19:30:00,247.97999572753906,248.7100067138672,247.35000610351562,247.75,1331040
2025-04-04 13:30:00,237.9199981689453,238.69000244140625,230.0,230.1199951171875,1498867
2025-04-04 14:30:00,230.0,236.889892578125,228.74000549316406,233.5,1356956
2025-04-04 15:30:00,233.61500549316406,238.67999267578125,232.30999755859375,236.8300018310547,1842122
2025-04-04 16:30:00,236.8800048828125,238.97000122070312,234.16000366210938,235.00999450683594,774119
2025-04-04 17:30:00,235.02999877929688,237.77499389648438,234.0500030517578,234.94000244140625,741591
2025-04-04 18:30:00,234.82000732421875,235.74000549316406,231.3249969482422,235.08999633789062,1007625
2025-04-04 19:30:00,234.97999572753906,236.42999267578125,232.5601043701172,233.75999450683594,1190383
2025-04-07 13:30:00,225.28500366210938,241.94000244140625,220.42999267578125,228.8000030517578,2140142
2025-04-07 14:30:00,228.86000061035156,236.8300018310547,227.02000427246094,228.5399932861328,678736
2025-04-07 15:30:00,229.00999450683594,234.0,228.47999572753906,231.42999267578125,431528
2025-04-07 16:30:00,230.9600067138672,234.8105010986328,228.61000061035156,234.7050018310547,423141
2025-04-07 17:30:00,234.72000122070312,236.97999572753906,232.6199951171875,233.55999755859375,577313
2025-04-07 18:30:00,233.39999389648438,235.50990295410156,231.94000244140625,232.0399932861328,569636
2025-04-07 19:30:00,231.99000549316406,235.13999938964844,231.7100067138672,234.22000122070312,728047
2025-04-08 13:30:00,245.8300018310547,247.0,243.02000427246094,245.60000610351562,823415
2025-04-08 14:30:00,245.44500732421875,245.77000427246094,238.33900451660156,238.74000549316406,550633
2025-04-08 15:30:00,238.99000549316406,240.83999633789062,237.57000732421875,238.75,477372
2025-04-08 16:30:00,238.75,239.12179565429688,232.72000122070312,233.03500366210938,496204
2025-04-08 17:30:00,232.92999267578125,236.7299041748047,232.85000610351562,233.47999572753906,384912
2025-04-08 18:30:00,233.7100067138672,236.6199951171875,229.50999450683594,231.36000061035156,505799
2025-04-08 19:30:00,231.31500244140625,231.6999969482422,227.36000061035156,231.42999267578125,648831
2025-04-09 13:30:00,226.9600067138672,236.1199951171875,226.25999450683594,233.60560607910156,1178606
2025-04-09 14:30:00,233.27000427246094,234.64100646972656,228.95350646972656,233.24000549316406,564605
2025-04-09 15:30:00,233.24000549316406,234.49000549316406,231.47999572753906,233.3321990966797,594186
2025-04-09 16:30:00,233.1699981689453,253.75,232.25999450683594,247.375,1061080
2025-04-09 17:30:00,248.10000610351562,261.7300109863281,246.60000610351562,260.739990234375,1985123
2025-04-09 18:30:00,260.7049865722656,262.3599853515625,254.0399932861328,260.7900085449219,1105170
2025-04-09 19:30:00,260.7699890136719,264.7699890136719,260.6099853515625,262.1700134277344,1360207
2025-04-10 13:30:00,255.01499938964844,255.5,247.01559448242188,250.0,675292
2025-04-10 14:30:00,250.0,251.74749755859375,246.58999633789062,246.94000244140625,438744
2025-04-10 15:30:00,246.82000732421875,247.2550048828125,238.5196075439453,239.77499389648438,581336
2025-04-10 16:30:00,239.57000732421875,246.8699951171875,239.55999755859375,244.30999755859375,590231
2025-04-10 17:30:00,243.8699951171875,249.2050018310547,243.4199981689453,249.02000427246094,512416
2025-04-10 18:30:00,249.02000427246094,250.0,245.37249755859375,245.4250030517578,472586
2025-04-10 19:30:00,245.3249969482422,247.3000030517578,242.55999755859375,246.80999755859375,896435
2025-04-11 13:30:00,246.88999938964844,249.1999969482422,243.23500061035156,243.810302734375,742994
2025-04-11 14:30:00,243.63999938964844,247.6999969482422,243.25999450683594,245.1699981689453,676424
2025-04-11 15:30:00,244.8300018310547,247.2100067138672,244.52000427246094,246.0,359584
2025-04-11 16:30:00,246.0644073486328,250.85569763183594,246.0644073486328,249.0,374908
2025-04-11 17:30:00,249.0,252.66000366210938,248.5,250.8000030517578,465421
2025-04-11 18:30:00,250.8699951171875,252.63999938964844,250.0601043701172,252.1300048828125,528475
2025-04-11 19:30:00,252.06149291992188,252.77000427246094,250.91000366210938,251.22000122070312,737611
2025-04-14 13:30:00,256.5199890136719,256.6650085449219,252.61500549316406,256.0,404735
2025-04-14 14:30:00,255.9499969482422,257.6199951171875,253.4884033203125,253.61000061035156,413763
2025-04-14 15:30:00,253.42999267578125,255.35000610351562,252.16000366210938,253.44000244140625,269617
2025-04-14 16:30:00,253.38999938964844,255.92999267578125,253.1199951171875,254.4199981689453,185342
2025-04-14 17:30:00,254.47500610351562,255.92999267578125,254.0399932861328,255.75,230809
2025-04-14 18:30:00,255.75999450683594,256.8450012207031,255.42999267578125,255.9600067138672,332070
2025-04-14 19:30:00,255.93499755859375,256.80999755859375,255.25999450683594,255.49000549316406,473683
2025-04-15 13:30:00,256.0,260.6300048828125,255.3000030517578,258.1449890136719,686494
2025-04-15 14:30:00,258.1449890136719,259.3573913574219,256.79998779296875,258.81500244140625,383168
2025-04-15 15:30:00,258.75,260.0950012207031,258.5,259.57000732421875,264260
2025-04-15 16:30:00,259.57000732421875,260.0,257.830810546875,258.6400146484375,280369
2025-04-15 17:30:00,258.4700012207031,259.4700012207031,257.55999755859375,257.7699890136719,315380
2025-04-15 18:30:00,257.7699890136719,259.0,257.7200012207031,258.7749938964844,207464
2025-04-15 19:30:00,258.5899963378906,258.8900146484375,257.55999755859375,257.9200134277344,787794
2025-04-16 13:30:00,255.16000366210938,258.8599853515625,254.1199951171875,255.82000732421875,655145
2025-04-16 14:30:00,255.81500244140625,258.94000244140625,255.1699981689453,258.4549865722656,613555
2025-04-16 15:30:00,258.4700012207031,258.5299072265625,256.1142883300781,256.70001220703125,285197
2025-04-16 16:30:00,256.70001220703125,257.06549072265625,255.5800018310547,255.74000549316406,293546
2025-04-16 17:30:00,255.74000549316406,255.74000549316406,251.00999450683594,253.1649932861328,446518
2025-04-16 18:30:00,253.1649932861328,253.42999267578125,249.6300048828125,250.0,575884
2025-04-16 19:30:00,250.0,253.3699951171875,249.86000061035156,252.99000549316406,800106
2025-04-17 13:30:00,252.9499969482422,254.58999633789062,247.10000610351562,250.4199981689453,1298746
2025-04-17 14:30:00,250.22000122070312,254.48989868164062,250.2100067138672,253.68499755859375,454607
2025-04-17 15:30:00,253.72999572753906,254.83999633789062,252.24000549316406,253.9250030517578,405295
2025-04-17 16:30:00,253.6699981689453,255.24879455566406,252.8800048828125,253.5198974609375,242409
2025-04-17 17:30:00,253.26499938964844,255.5850067138672,253.11500549316406,255.4149932861328,217630
2025-04-17 18:30:00,255.3300018310547,255.6199951171875,252.16009521484375,252.63999938964844,306809
2025-04-17 19:30:00,252.61000061035156,253.1999969482422,251.1999969482422,251.52000427246094,553553
2025-04-21 13:30:00,248.85000610351562,250.2617950439453,242.8800048828125,243.0050048828125,704691
2025-04-21 14:30:00,242.8699951171875,243.0,239.5399932861328,240.8800048828125,721062
2025-04-21 15:30:00,240.89999389648438,242.12770080566406,239.91000366210938,241.96499633789062,319231
2025-04-21 16:30:00,241.92999267578125,242.5,239.27000427246094,240.42999267578125,379395
2025-04-21 17:30:00,240.36000061035156,240.72999572753906,239.60000610351562,240.7050018310547,360103
2025-04-21 18:30:00,240.82000732421875,241.77000427246094,240.01499938964844,241.77000427246094,344137
2025-04-21 19:30:00,241.77000427246094,242.97999572753906,241.50999450683594,242.39999389648438,583579
2025-04-22 13:30:00,247.1199951171875,250.5399932861328,246.3699951171875,249.3000030517578,449042
2025-04-22 14:30:00,249.33999633789062,251.02999877929688,248.65499877929688,250.13499450683594,223918
2025-04-22 15:30:00,249.97999572753906,252.9600067138672,249.36000061035156,252.4199981689453,236584
2025-04-22 16:30:00,252.25,252.61000061035156,249.28500366210938,249.47999572753906,202236
2025-04-22 17:30:00,249.4149932861328,252.75999450683594,249.17999267578125,252.41000366210938,180672
2025-04-22 18:30:00,252.39999389648438,253.08999633789062,251.36000061035156,251.52999877929688,308685
2025-04-22 19:30:00,251.39999389648438,253.24000549316406,251.32000732421875,252.41000366210938,334820
2025-04-23 13:30:00,261.8699951171875,270.1700134277344,261.8699951171875,267.6000061035156,1137355
2025-04-23 14:30:00,267.3999938964844,268.70001220703125,263.0849914550781,263.7598876953125,503868
2025-04-23 15:30:00,263.57000732421875,264.0299987792969,260.29998779296875,261.82000732421875,308089
2025-04-23 16:30:00,261.8399963378906,264.1300048828125,261.5899963378906,263.5050048828125,431216
2025-04-23 17:30:00,263.5050048828125,263.8699951171875,261.5299987792969,261.69000244140625,201905
2025-04-23 18:30:00,261.70001220703125,262.19500732421875,260.17999267578125,260.3599853515625,292207
2025-04-23 19:30:00,260.3699951171875,261.07159423828125,259.260009765625,260.1099853515625,632775
2025-04-24 13:30:00,258.07000732421875,263.1099853515625,258.0,263.0299987792969,428302
2025-04-24 14:30:00,263.0299987792969,265.0899963378906,262.67010498046875,264.67999267578125,311422
2025-04-24 15:30:00,264.5299987792969,267.4798889160156,264.29998779296875,266.57501220703125,325297
2025-04-24 16:30:00,266.55999755859375,268.0,266.3399963378906,267.7210998535156,384231
2025-04-24 17:30:00,267.6499938964844,267.8699951171875,265.70001220703125,266.44000244140625,209013
2025-04-24 18:30:00,266.3699951171875,267.3599853515625,266.3299865722656,266.59100341796875,287867
2025-04-24 19:30:00,266.68499755859375,267.92999267578125,266.2799987792969,267.3299865722656,395275
2025-04-25 13:30:00,267.0,268.8599853515625,264.27398681640625,264.8399963378906,387306
2025-04-25 14:30:00,264.8599853515625,266.2099914550781,264.260009765625,264.89898681640625,166006
2025-04-25 15:30:00,264.9750061035156,265.7759094238281,264.57000732421875,265.7200012207031,154535
2025-04-25 16:30:00,265.7200012207031,267.3500061035156,265.635009765625,267.2149963378906,196773
2025-04-25 17:30:00,267.2149963378906,267.31500244140625,264.0,265.19000244140625,171424
2025-04-25 18:30:00,265.2099914550781,266.0899963378906,265.19000244140625,265.4800109863281,148393
2025-04-25 19:30:00,265.1400146484375,265.5325012207031,264.5,264.70001220703125,421153
2025-04-28 13:30:00,264.94000244140625,268.0,264.7300109863281,266.29998779296875,229427
2025-04-28 14:30:00,266.4049987792969,266.8599853515625,263.760009765625,263.760009765625,153388
2025-04-28 15:30:00,263.760009765625,264.6698913574219,262.79998779296875,262.9549865722656,170862
2025-04-28 16:30:00,262.94500732421875,264.1369934082031,262.5299987792969,262.7550048828125,127329
2025-04-28 17:30:00,262.75,264.3699951171875,262.5299987792969,264.0799865722656,117792
2025-04-28 18:30:00,264.1344909667969,265.135009765625,263.739990234375,264.989990234375,180613
2025-04-28 19:30:00,264.92999267578125,265.39471435546875,264.114990234375,264.8900146484375,296231
2025-04-29 13:30:00,265.42999267578125,265.42999267578125,261.8299865722656,262.04998779296875,323348
2025-04-29 14:30:00,262.1650085449219,265.635009765625,262.1650085449219,265.5249938964844,154436
2025-04-29 15:30:00,265.5249938964844,266.42999267578125,264.72900390625,266.2300109863281,138568
2025-04-29 16:30:00,266.2650146484375,266.5751037597656,264.7749938964844,265.989990234375,132826
2025-04-29 17:30:00,266.05999755859375,267.4198913574219,265.9800109863281,267.0400085449219,155933
2025-04-29 18:30:00,267.0400085449219,267.4100036621094,266.7699890136719,267.1549987792969,152594
2025-04-29 19:30:00,267.1499938964844,267.4750061035156,266.7099914550781,266.8999938964844,291110
2025-04-30 13:30:00,260.9599914550781,262.1050109863281,257.2099914550781,260.55999755859375,484013
2025-04-30 14:30:00,260.4849853515625,263.489990234375,260.3949890136719,263.0,198700
2025-04-30 15:30:00,263.0,263.6625061035156,262.1199951171875,262.25,211510
2025-04-30 16:30:00,262.1700134277344,263.64190673828125,261.80999755859375,263.64190673828125,109339
2025-04-30 17:30:00,263.5799865722656,265.3800048828125,263.4100036621094,263.80999755859375,289611
2025-04-30 18:30:00,263.7799987792969,264.1499938964844,262.7300109863281,263.30999755859375,195057
2025-04-30 19:30:00,263.25,267.4200134277344,263.1199951171875,266.2900085449219,423321
2025-05-01 13:30:00,268.0,270.3699951171875,266.5199890136719,270.30499267578125,378404
2025-05-01 14:30:00,270.2950134277344,272.6600036621094,269.2850036621094,272.20001220703125,338407
2025-05-01 15:30:00,272.25,272.4800109863281,269.0299987792969,269.94000244140625,208853
2025-05-01 16:30:00,270.05999755859375,270.7799987792969,269.4952087402344,270.364990234375,172131
2025-05-01 17:30:00,270.3599853515625,270.9200134277344,269.75,270.80999755859375,163051
2025-05-01 18:30:00,270.885986328125,271.1449890136719,270.2200012207031,270.8699951171875,178734
2025-05-01 19:30:00,270.94000244140625,271.07000732421875,268.2900085449219,268.69000244140625,346349
2025-05-02 13:30:00,274.5,276.989990234375,273.1000061035156,275.8699951171875,538621
2025-05-02 14:30:00,275.6549987792969,275.7699890136719,274.0,274.239990234375,279373
2025-05-02 15:30:00,274.2699890136719,278.1000061035156,274.1600036621094,276.8500061035156,505963
2025-05-02 16:30:00,276.92999267578125,277.5,276.5450134277344,276.9336853027344,211047
2025-05-02 17:30:00,276.92999267578125,277.45001220703125,276.510009765625,277.0,277301
2025-05-02 18:30:00,277.07000732421875,277.572509765625,275.9599914550781,276.8900146484375,311532
2025-05-02 19:30:00,276.8699951171875,277.9200134277344,276.30999755859375,276.8299865722656,488618
2025-05-05 13:30:00,275.4599914550781,279.5799865722656,274.0799865722656,279.3399963378906,391785
2025-05-05 14:30:00,279.239990234375,280.9100036621094,278.989990234375,280.1700134277344,315306
2025-05-05 15:30:00,280.2200012207031,280.55999755859375,279.3699951171875,280.3599853515625,179113
2025-05-05 16:30:00,280.42498779296875,281.5899963378906,280.1099853515625,280.6000061035156,278940
2025-05-05 17:30:00,280.614990234375,281.0740051269531,280.1700134277344,280.1700134277344,206151
2025-05-05 18:30:00,280.1549987792969,280.4700012207031,279.0,279.1000061035156,223575
2025-05-05 19:30:00,279.0400085449219,279.55999755859375,277.94000244140625,278.0199890136719,446378
2025-05-06 13:30:00,274.4800109863281,277.7799987792969,273.6099853515625,277.6300048828125,317490
2025-05-06 14:30:00,277.6300048828125,278.1199951171875,276.951904296875,277.9949951171875,211073
2025-05-06 15:30:00,278.010009765625,278.1099853515625,276.2850036621094,276.5400085449219,305634
2025-05-06 16:30:00,276.56500244140625,276.9599914550781,275.3085021972656,275.94500732421875,327795
2025-05-06 17:30:00,275.9599914550781,277.1600036621094,275.1099853515625,277.1199951171875,208228
2025-05-06 18:30:00,277.1050109863281,277.2699890136719,275.87139892578125,276.260009765625,295797
2025-05-06 19:30:00,276.260009765625,276.81500244140625,275.18499755859375,275.32000732421875,567092
2025-05-07 13:30:00,277.3399963378906,277.43109130859375,275.45001220703125,276.7799987792969,487683
2025-05-07 14:30:00,276.7799987792969,277.0874938964844,275.7200012207031,276.8699951171875,142734
2025-05-07 15:30:00,276.8699951171875,277.7349853515625,276.57000732421875,276.8526916503906,152872
2025-05-07 16:30:00,276.8999938964844,278.80999755859375,276.8349914550781,277.8900146484375,181615
2025-05-07 17:30:00,277.8900146484375,277.8949890136719,273.8900146484375,275.2900085449219,228947
2025-05-07 18:30:00,275.2799987792969,276.83349609375,274.79998779296875,275.2300109863281,264924
2025-05-07 19:30:00,275.2300109863281,277.45001220703125,274.7300109863281,276.1199951171875,400216
2025-05-08 13:30:00,279.7300109863281,281.8999938964844,278.7344970703125,281.010009765625,563545
2025-05-08 14:30:00,281.1300048828125,283.3900146484375,279.6300048828125,282.760009765625,298527
2025-05-08 15:30:00,282.760009765625,285.0299987792969,282.5,284.0050048828125,320976
2025-05-08 16:30:00,284.0,285.1700134277344,283.9700012207031,284.5199890136719,202312
2025-05-08 17:30:00,284.5249938964844,284.94000244140625,283.8699951171875,284.614990234375,283871
2025-05-08 18:30:00,284.6600036621094,285.4999084472656,284.32501220703125,285.3550109863281,285627
2025-05-08 19:30:00,285.44000244140625,285.45001220703125,283.2200012207031,283.8299865722656,737242
2025-05-09 13:30:00,285.0,287.0,283.6600036621094,284.1300048828125,547772
2025-05-09 14:30:00,284.125,284.42999267578125,282.9700012207031,283.92999267578125,361271
2025-05-09 15:30:00,283.8599853515625,284.6300048828125,283.1000061035156,283.2950134277344,244542
2025-05-09 16:30:00,283.30999755859375,283.989990234375,283.1199951171875,283.9599914550781,277097
2025-05-09 17:30:00,283.9599914550781,284.760009765625,283.6700134277344,283.7850036621094,265584
2025-05-09 18:30:00,283.8299865722656,284.510009765625,283.760009765625,284.05999755859375,217051
2025-05-09 19:30:00,284.0899963378906,284.7200012207031,283.7099914550781,284.44000244140625,425761
2025-05-12 13:30:00,297.3399963378906,298.8299865722656,294.7300109863281,295.3500061035156,814946
2025-05-12 14:30:00,295.3500061035156,297.69000244140625,294.9049987792969,296.2099914550781,469531
2025-05-12 15:30:00,296.1650085449219,296.7449951171875,295.135009765625,296.29998779296875,289558
2025-05-12 16:30:00,296.4200134277344,298.2799987792969,296.2200012207031,297.8949890136719,265207
2025-05-12 17:30:00,297.90478515625,298.4700012207031,297.54998779296875,298.25,263210
2025-05-12 18:30:00,298.260009765625,299.1650085449219,298.0880126953125,298.44000244140625,336453
2025-05-12 19:30:00,298.5,299.1600036621094,298.26129150390625,298.9200134277344,746837
2025-05-13 13:30:00,300.0,301.1448059082031,298.82000732421875,300.5299987792969,498273
2025-05-13 14:30:00,300.3800048828125,302.3599853515625,300.0078125,301.6600036621094,288849
2025-05-13 15:30:00,301.6600036621094,302.4200134277344,301.30999755859375,302.1499938964844,307025
2025-05-13 16:30:00,302.1499938964844,303.0,301.4700012207031,302.6600036621094,245175
2025-05-13 17:30:00,302.6600036621094,303.0199890136719,302.0,302.7325134277344,309964
2025-05-13 18:30:00,302.7449951171875,302.7449951171875,302.07000732421875,302.2749938964844,427827
2025-05-13 19:30:00,302.2749938964844,302.7099914550781,301.7300109863281,302.239990234375,869608
2025-05-14 13:30:00,303.1499938964844,303.6199951171875,301.010009765625,301.9150085449219,273632
2025-05-14 14:30:00,301.9100036621094,302.0491943359375,300.29998779296875,301.80999755859375,246527
2025-05-14 15:30:00,301.8299865722656,302.0,300.69000244140625,300.8999938964844,146244
2025-05-14 16:30:00,300.95001220703125,301.5350036621094,299.44500732421875,299.9100036621094,151416
2025-05-14 17:30:00,299.95001220703125,300.4200134277344,299.5299987792969,299.7250061035156,191136
2025-05-14 18:30:00,299.7900085449219,300.510009765625,299.67999267578125,299.9700012207031,169635
2025-05-14 19:30:00,299.9599914550781,300.8599853515625,299.8500061035156,300.010009765625,279025
2025-05-15 13:30:00,298.04998779296875,299.489990234375,297.0000915527344,298.6199951171875,307754
2025-05-15 14:30:00,298.57000732421875,298.80999755859375,297.80999755859375,298.6099853515625,153130
2025-05-15 15:30:00,298.69500732421875,299.5950012207031,298.31500244140625,298.5028991699219,190998
2025-05-15 16:30:00,298.4750061035156,299.25,298.0199890136719,299.1499938964844,139630
2025-05-15 17:30:00,299.1499938964844,300.6000061035156,298.9599914550781,300.2900085449219,171135
2025-05-15 18:30:00,300.3699951171875,300.92999267578125,300.0299987792969,300.1512145996094,191349
2025-05-15 19:30:00,300.3299865722656,300.5849914550781,299.2099914550781,299.55999755859375,358089
2025-05-16 13:30:00,300.3599853515625,300.3599853515625,298.4700012207031,298.9599914550781,536775
2025-05-16 14:30:00,299.05999755859375,300.2699890136719,297.8330078125,299.6549987792969,270427
2025-05-16 15:30:00,299.6199951171875,300.9200134277344,299.5299987792969,300.3949890136719,384277
2025-05-16 16:30:00,300.3999938964844,301.6099853515625,300.2699890136719,301.45001220703125,202763
2025-05-16 17:30:00,301.45001220703125,301.6499938964844,300.5299987792969,300.82000732421875,151679
2025-05-16 18:30:00,300.75,301.05999755859375,300.2799987792969,300.3699951171875,245591
2025-05-16 19:30:00,300.32000732421875,300.7851867675781,299.29998779296875,299.7099914550781,595347
2025-05-19 13:30:00,297.010009765625,299.5799865722656,295.69000244140625,298.3399963378906,411249
2025-05-19 14:30:00,298.3399963378906,298.8500061035156,297.5299987792969,297.94000244140625,242793
2025-05-19 15:30:00,297.8900146484375,300.29998779296875,297.79998779296875,300.0899963378906,237837
2025-05-19 16:30:00,300.1099853515625,300.70001220703125,299.8100891113281,300.489990234375,304096
2025-05-19 17:30:00,300.56500244140625,300.8900146484375,298.8399963378906,299.2099914550781,217439
2025-05-19 18:30:00,299.2850036621094,299.6099853515625,298.650390625,298.864990234375,241379
2025-05-19 19:30:00,298.8900146484375,299.5,298.6961975097656,299.2699890136719,515104
2025-05-20 13:30:00,296.489990234375,298.20001220703125,296.20001220703125,296.6000061035156,289429
2025-05-20 14:30:00,296.45001220703125,297.2900085449219,295.6600036621094,295.9700012207031,205763
2025-05-20 15:30:00,296.0299987792969,296.2799987792969,295.55999755859375,295.80999755859375,164116
2025-05-20 16:30:00,295.7749938964844,296.8900146484375,295.7749938964844,296.7449951171875,171901
2025-05-20 17:30:00,296.7449951171875,296.9100036621094,294.8949890136719,295.0199890136719,251789
2025-05-20 18:30:00,294.989990234375,295.7099914550781,294.19000244140625,295.3500061035156,282622
2025-05-20 19:30:00,295.3999938964844,296.260009765625,295.3299865722656,296.1700134277344,533482
2025-05-21 13:30:00,293.0400085449219,294.1195068359375,292.1700134277344,292.760009765625,304436
2025-05-21 14:30:00,292.5199890136719,292.6499938964844,291.3389892578125,291.6199951171875,149378
2025-05-21 15:30:00,291.6199951171875,291.92999267578125,291.1099853515625,291.3699951171875,192371
2025-05-21 16:30:00,291.4649963378906,291.6199951171875,286.29998779296875,286.29998779296875,264614
2025-05-21 17:30:00,286.2099914550781,288.1225891113281,285.7200012207031,286.9100036621094,409048
2025-05-21 18:30:00,286.80999755859375,287.364990234375,285.1099853515625,285.6182861328125,340305
2025-05-21 19:30:00,285.67498779296875,286.5179138183594,285.6000061035156,285.9100036621094,660211
2025-05-22 13:30:00,285.6300048828125,287.70001220703125,285.06500244140625,286.1099853515625,351925
2025-05-22 14:30:00,286.20001220703125,287.3599853515625,285.30999755859375,286.9549865722656,252915
2025-05-22 15:30:00,286.7799987792969,288.1600036621094,286.7799987792969,287.19000244140625,160227
2025-05-22 16:30:00,287.19000244140625,287.75,286.5199890136719,287.5,126702
2025-05-22 17:30:00,287.5299987792969,288.42999267578125,287.3450012207031,288.2699890136719,146971
2025-05-22 18:30:00,288.19000244140625,288.94000244140625,287.8916015625,288.7900085449219,224909
2025-05-22 19:30:00,288.8500061035156,289.04998779296875,286.9200134277344,287.1700134277344,368960
2025-05-23 13:30:00,281.82000732421875,285.3063049316406,281.4649963378906,284.1600036621094,325354
2025-05-23 14:30:00,284.3800048828125,285.44000244140625,284.0,284.80999755859375,112692
2025-05-23 15:30:00,284.9800109863281,285.79998779296875,284.3999938964844,285.5450134277344,153898
2025-05-23 16:30:00,285.45001220703125,286.39434814453125,284.8399963378906,286.3399963378906,178563
2025-05-23 17:30:00,286.239990234375,287.1000061035156,285.8699951171875,286.1199951171875,149857
2025-05-23 18:30:00,286.19000244140625,286.9482116699219,285.82501220703125,286.010009765625,146992
2025-05-23 19:30:00,286.0,286.3599853515625,284.9599914550781,285.17999267578125,324381
2025-05-27 13:30:00,290.5299987792969,291.048095703125,288.1499938964844,290.7449951171875,451031
2025-05-27 14:30:00,290.8599853515625,291.69500732421875,290.54998779296875,291.6199951171875,206913
2025-05-27 15:30:00,291.510009765625,292.3830871582031,291.3800048828125,292.1449890136719,223948
2025-05-27 16:30:00,292.1449890136719,292.94000244140625,292.07000732421875,292.57000732421875,166925
2025-05-27 17:30:00,292.6099853515625,293.3489074707031,292.4454040527344,293.0150146484375,189057
2025-05-27 18:30:00,293.04998779296875,293.75,293.04998779296875,293.3900146484375,291009
2025-05-27 19:30:00,293.2900085449219,293.8599853515625,293.0199890136719,293.75,565572
2025-05-28 13:30:00,293.4649963378906,294.8399963378906,292.3999938964844,292.67999267578125,221965
2025-05-28 14:30:00,292.6650085449219,293.5400085449219,292.3800048828125,293.114990234375,129475
2025-05-28 15:30:00,293.05999755859375,294.0799865722656,292.8349914550781,294.07000732421875,139394
2025-05-28 16:30:00,294.0400085449219,295.1000061035156,293.760009765625,294.6199951171875,175914
2025-05-28 17:30:00,294.6199951171875,295.3800048828125,294.4224853515625,295.1700134277344,160112
2025-05-28 18:30:00,295.2200012207031,295.3699951171875,293.82000732421875,294.17999267578125,219694
2025-05-28 19:30:00,294.17999267578125,294.2699890136719,292.989990234375,293.4700012207031,312666
2025-05-29 13:30:00,296.260009765625,296.6050109863281,293.194091796875,294.94000244140625,203518
2025-05-29 14:30:00,294.9150085449219,295.30499267578125,293.74420166015625,294.80169677734375,177333
2025-05-29 15:30:00,294.9200134277344,294.94500732421875,292.79998779296875,294.0950012207031,140951
2025-05-29 16:30:00,294.0899963378906,294.8599853515625,293.7550048828125,294.3577880859375,222593
2025-05-29 17:30:00,294.3500061035156,295.45001220703125,294.2449951171875,294.69000244140625,259424
2025-05-29 18:30:00,294.8399963378906,295.4599914550781,294.6300048828125,294.80499267578125,241531
2025-05-29 19:30:00,294.80999755859375,295.8550109863281,294.80999755859375,295.489990234375,331070
2025-05-30 13:30:00,294.9700012207031,295.67999267578125,292.7900085449219,294.69000244140625,312828
2025-05-30 14:30:00,294.7550048828125,295.4599914550781,294.06500244140625,294.7391052246094,161190
2025-05-30 15:30:00,294.7099914550781,294.760009765625,292.3399963378906,292.6549987792969,231117
2025-05-30 16:30:00,292.6549987792969,293.05999755859375,291.6300048828125,292.989990234375,217311
2025-05-30 17:30:00,293.0799865722656,294.3800048828125,293.0299987792969,294.1075134277344,230626
2025-05-30 18:30:00,294.20001220703125,295.70001220703125,293.8900146484375,295.6499938964844,215418
2025-05-30 19:30:00,295.6400146484375,295.6499938964844,293.7300109863281,293.8900146484375,753233
2025-06-02 13:30:00,292.3500061035156,293.7349853515625,290.3299865722656,292.1099853515625,280389
2025-06-02 14:30:00,292.05999755859375,293.67999267578125,291.7752990722656,293.1000061035156,239811
2025-06-02 15:30:00,293.0199890136719,294.159912109375,293.0199890136719,293.5400085449219,125953
2025-06-02 16:30:00,293.6499938964844,294.32000732421875,293.44000244140625,293.68499755859375,137394
2025-06-02 17:30:00,293.70001220703125,295.54998779296875,293.70001220703125,295.2799987792969,168081
2025-06-02 18:30:00,295.3299865722656,295.56988525390625,294.92999267578125,295.44879150390625,155585
2025-06-02 19:30:00,295.3999938964844,295.7449951171875,295.0050048828125,295.3800048828125,286666
2025-06-03 13:30:00,295.20001220703125,296.6875,292.6499938964844,295.7149963378906,372963
2025-06-03 14:30:00,295.760009765625,296.2466125488281,294.95001220703125,296.125,227354
2025-06-03 15:30:00,296.260009765625,297.3080139160156,296.2074890136719,297.25,172213
2025-06-03 16:30:00,297.2510986328125,298.0199890136719,296.9599914550781,297.9700012207031,145133
2025-06-03 17:30:00,297.9049987792969,298.25,297.2900085449219,298.0199890136719,164122
2025-06-03 18:30:00,297.9599914550781,298.1700134277344,297.19000244140625,297.5899963378906,192123
2025-06-03 19:30:00,297.5899963378906,297.7674865722656,297.1300048828125,297.3699951171875,407424
2025-06-04 13:30:00,297.80999755859375,298.5799865722656,296.6459045410156,298.4866027832031,229066
2025-06-04 14:30:00,298.4100036621094,298.64990234375,296.5101013183594,296.614990234375,193115
2025-06-04 15:30:00,296.510009765625,297.260009765625,295.8999938964844,296.2950134277344,210533
2025-06-04 16:30:00,296.375,297.1600036621094,296.193115234375,297.06500244140625,81512
2025-06-04 17:30:00,297.05999755859375,297.635009765625,296.7699890136719,296.8599853515625,147549
2025-06-04 18:30:00,296.8800048828125,296.94000244140625,296.0400085449219,296.510009765625,175336
2025-06-04 19:30:00,296.5199890136719,296.6000061035156,295.79998779296875,295.92999267578125,261748
2025-06-05 13:30:00,296.5,297.0,294.1400146484375,296.1449890136719,236504
2025-06-05 14:30:00,296.1499938964844,298.31768798828125,295.2650146484375,298.010009765625,207351
2025-06-05 15:30:00,298.0199890136719,298.5,297.5199890136719,298.010009765625,121359
2025-06-05 16:30:00,298.1600036621094,298.1600036621094,295.6300048828125,297.2774963378906,98181
2025-06-05 17:30:00,297.3399963378906,298.0299987792969,296.3399963378906,297.1099853515625,148137
2025-06-05 18:30:00,297.0400085449219,297.5299987792969,294.3999938964844,295.3374938964844,192530
2025-06-05 19:30:00,295.2799987792969,296.9100036621094,295.2799987792969,296.0199890136719,322901
2025-06-06 13:30:00,300.2900085449219,303.5,299.2300109863281,301.94000244140625,345213
2025-06-06 14:30:00,301.7699890136719,302.75,300.3074951171875,300.6499938964844,212583
2025-06-06 15:30:00,300.614990234375,300.79998779296875,299.80999755859375,300.1625061035156,177231
2025-06-06 16:30:00,300.17999267578125,300.4949951171875,299.55499267578125,300.0050048828125,134382
2025-06-06 17:30:00,300.0799865722656,301.6099853515625,299.9750061035156,301.4549865722656,136663
2025-06-06 18:30:00,301.54998779296875,302.2799987792969,301.4359130859375,302.1549987792969,278254
2025-06-06 19:30:00,302.1199951171875,302.8800048828125,302.1199951171875,302.42999267578125,432879
2025-06-09 13:30:00,303.7900085449219,303.7900085449219,300.0953063964844,301.3276062011719,371659
2025-06-09 14:30:00,301.489990234375,301.56500244140625,299.5799865722656,299.79998779296875,337934
2025-06-09 15:30:00,299.89990234375,301.7065124511719,299.8500061035156,301.55499267578125,161145
2025-06-09 16:30:00,301.5400085449219,302.7200012207031,301.04998779296875,302.7200012207031,188194
2025-06-09 17:30:00,302.7300109863281,303.0,302.3299865722656,302.69500732421875,141443
2025-06-09 18:30:00,302.8299865722656,302.8299865722656,301.92999267578125,302.20849609375,208132
2025-06-09 19:30:00,302.20001220703125,302.2886962890625,301.42999267578125,301.54998779296875,325052
2025-06-10 13:30:00,301.70001220703125,301.7799987792969,300.1549987792969,300.6499938964844,304319
2025-06-10 14:30:00,300.7124938964844,301.5,300.010009765625,300.74249267578125,223590
2025-06-10 15:30:00,300.6449890136719,300.68499755859375,299.2099914550781,299.7099914550781,227860
2025-06-10 16:30:00,299.7099914550781,300.2699890136719,299.3500061035156,299.67999267578125,166961
2025-06-10 17:30:00,299.67999267578125,299.739990234375,298.0,298.5299987792969,164066
2025-06-10 18:30:00,298.5249938964844,300.1600036621094,298.510009765625,299.19500732421875,242659
2025-06-10 19:30:00,299.17999267578125,299.7799987792969,298.6400146484375,299.6000061035156,375350
2025-06-11 13:30:00,300.17999267578125,302.92498779296875,299.614990234375,302.6199951171875,291624
2025-06-11 14:30:00,302.50311279296875,302.69769287109375,301.7900085449219,302.2799987792969,173927
2025-06-11 15:30:00,302.4425048828125,302.8500061035156,301.42999267578125,302.2699890136719,190598
2025-06-11 16:30:00,302.3500061035156,303.3900146484375,301.7200012207031,303.19000244140625,150280
2025-06-11 17:30:00,303.2650146484375,303.3044128417969,299.6000061035156,300.1000061035156,149563
2025-06-11 18:30:00,299.989990234375,301.20001220703125,299.2799987792969,299.6099853515625,222515
2025-06-11 19:30:00,299.4599914550781,299.54998779296875,298.6549987792969,299.1400146484375,423375
2025-06-12 13:30:00,296.6700134277344,298.29998779296875,294.0,298.0199890136719,302747
2025-06-12 14:30:00,298.0,298.57501220703125,297.1449890136719,297.45001220703125,141558
2025-06-12 15:30:00,297.3900146484375,297.6000061035156,296.6401062011719,297.3500061035156,129618
2025-06-12 16:30:00,297.239990234375,297.875,296.6300048828125,297.7200012207031,137008
2025-06-12 17:30:00,297.7799987792969,298.1299133300781,297.2699890136719,297.4100036621094,98801
2025-06-12 18:30:00,297.4100036621094,298.1099853515625,297.385009765625,298.07000732421875,160840
2025-06-12 19:30:00,298.07000732421875,298.3699951171875,297.7699890136719,297.989990234375,255103
2025-06-13 13:30:00,292.5450134277344,293.3299865722656,288.3053894042969,288.30999755859375,632967
2025-06-13 14:30:00,288.3900146484375,292.0047912597656,287.8900146484375,291.7900085449219,400749
2025-06-13 15:30:00,291.79998779296875,292.3500061035156,291.2900085449219,291.3900146484375,457539
2025-06-13 16:30:00,291.3599853515625,291.57000732421875,289.6099853515625,289.95001220703125,178541
2025-06-13 17:30:00,289.864990234375,290.1600036621094,287.6099853515625,287.75,255403
2025-06-13 18:30:00,287.760009765625,287.82000732421875,286.5,286.6449890136719,401930
2025-06-13 19:30:00,286.5799865722656,287.8999938964844,286.1499938964844,287.80999755859375,550827
2025-06-16 13:30:00,290.92999267578125,295.1400146484375,290.0198974609375,294.8706970214844,393286
2025-06-16 14:30:00,294.7950134277344,296.44500732421875,294.75,295.4949951171875,264015
2025-06-16 15:30:00,295.4949951171875,296.25,295.2500915527344,295.6700134277344,192162
2025-06-16 16:30:00,295.7200012207031,295.8699951171875,295.1300048828125,295.6000061035156,130081
2025-06-16 17:30:00,295.6600036621094,295.9200134277344,294.75,294.9750061035156,146822
2025-06-16 18:30:00,295.05999755859375,295.1400146484375,294.4800109863281,294.4800109863281,220791
2025-06-16 19:30:00,294.5350036621094,294.7900085449219,293.8599853515625,294.30999755859375,346382
2025-06-17 13:30:00,292.0899963378906,294.0450134277344,290.95001220703125,293.8800048828125,301779
2025-06-17 14:30:00,293.8550109863281,294.58990478515625,293.1300048828125,293.2699890136719,260744
2025-06-17 15:30:00,293.17999267578125,294.3599853515625,292.9100036621094,294.0299987792969,179785
2025-06-17 16:30:00,294.07000732421875,294.3299865722656,292.6099853515625,292.75,252885
2025-06-17 17:30:00,292.69000244140625,293.3500061035156,291.7228088378906,292.2950134277344,228796
2025-06-17 18:30:00,292.2200012207031,293.1549987792969,291.7650146484375,293.0400085449219,232176
2025-06-17 19:30:00,293.04998779296875,293.2200012207031,292.572509765625,292.739990234375,386829
2025-06-18 13:30:00,292.0799865722656,297.95001220703125,292.0799865722656,297.7699890136719,243836
2025-06-18 14:30:00,297.7699890136719,299.2300109863281,296.67999267578125,298.2200012207031,452958
2025-06-18 15:30:00,298.25,298.6600036621094,296.92840576171875,297.510009765625,368851
2025-06-18 16:30:00,297.4849853515625,298.3900146484375,296.70001220703125,297.1099853515625,290512
2025-06-18 17:30:00,297.1099853515625,297.6294860839844,296.42999267578125,297.4049987792969,354509
2025-06-18 18:30:00,297.4049987792969,298.5299987792969,295.57000732421875,295.739990234375,613076
2025-06-18 19:30:00,295.6700134277344,297.2799987792969,295.6000061035156,296.4200134277344,785020
2025-06-20 13:30:00,297.5849914550781,299.75,296.6400146484375,298.1700134277344,1234089
2025-06-20 14:30:00,298.1499938964844,298.9599914550781,297.3750915527344,298.7950134277344,206163
2025-06-20 15:30:00,298.8800048828125,299.739990234375,298.4599914550781,299.04998779296875,351266
2025-06-20 16:30:00,299.0199890136719,299.3900146484375,297.2850036621094,297.375,242409
2025-06-20 17:30:00,297.2699890136719,298.0150146484375,296.7749938964844,297.7349853515625,199739
2025-06-20 18:30:00,297.79998779296875,298.4949951171875,297.2950134277344,298.29998779296875,476153
2025-06-20 19:30:00,298.2699890136719,299.3900146484375,298.19000244140625,298.4100036621094,526494
2025-06-23 13:30:00,296.82000732421875,299.5899963378906,295.2699890136719,299.0,494056
2025-06-23 14:30:00,299.05999755859375,299.1000061035156,295.81500244140625,295.81500244140625,292538
2025-06-23 15:30:00,295.69000244140625,295.989990234375,293.4800109863281,293.5950012207031,214982
2025-06-23 16:30:00,293.510009765625,296.3900146484375,291.8800048828125,296.3900146484375,277454
2025-06-23 17:30:00,296.3900146484375,297.8999938964844,296.3900146484375,297.5,244286
2025-06-23 18:30:00,297.56500244140625,299.4200134277344,297.55999755859375,298.80999755859375,241870
2025-06-23 19:30:00,298.80499267578125,299.8699951171875,298.6210021972656,299.6099853515625,994981
2025-06-24 13:30:00,303.1000061035156,305.19000244140625,302.1499938964844,302.8999938964844,394259
2025-06-24 14:30:00,303.0249938964844,306.1600036621094,302.989990234375,305.4949951171875,351641
2025-06-24 15:30:00,305.5799865722656,306.010009765625,305.2699890136719,305.8299865722656,201618
2025-06-24 16:30:00,305.8299865722656,307.5799865722656,305.69000244140625,307.57000732421875,331719
2025-06-24 17:30:00,307.5199890136719,308.85943603515625,307.4200134277344,308.0350036621094,258323
2025-06-24 18:30:00,308.07000732421875,308.54998779296875,307.864990234375,308.3450012207031,231762
2025-06-24 19:30:00,308.3399963378906,309.2200012207031,308.30999755859375,308.3800048828125,493682
2025-06-25 13:30:00,308.8900146484375,310.7655029296875,307.4202880859375,308.4200134277344,268797
2025-06-25 14:30:00,308.3599853515625,308.8699951171875,308.0299987792969,308.4800109863281,221081
2025-06-25 15:30:00,308.42999267578125,309.0799865722656,307.8999938964844,308.70001220703125,206674
2025-06-25 16:30:00,308.67999267578125,308.82000732421875,307.6300048828125,308.2200012207031,198807
2025-06-25 17:30:00,308.2200012207031,308.2699890136719,307.44000244140625,308.0299987792969,175696
2025-06-25 18:30:00,308.0350036621094,308.2699890136719,307.17498779296875,307.75,295022
2025-06-25 19:30:00,307.74249267578125,308.7799987792969,307.5267028808594,308.69000244140625,479621
2025-06-26 13:30:00,309.5799865722656,310.7981872558594,308.1700134277344,309.42999267578125,601940
2025-06-26 14:30:00,309.6300048828125,310.8399963378906,309.43499755859375,309.5050048828125,399247
2025-06-26 15:30:00,309.42999267578125,310.4049987792969,309.1000061035156,309.9775085449219,253839
2025-06-26 16:30:00,309.9849853515625,310.3599853515625,309.55999755859375,310.1099853515625,277054
2025-06-26 17:30:00,310.17999267578125,311.82000732421875,310.1600036621094,311.510009765625,255050
2025-06-26 18:30:00,311.5299987792969,312.010009765625,311.19000244140625,311.2550048828125,313435
2025-06-26 19:30:00,311.19000244140625,312.2699890136719,311.010009765625,311.5,564332
2025-06-27 13:30:00,314.0799865722656,316.95001220703125,313.10009765625,316.7650146484375,616091
2025-06-27 14:30:00,316.7300109863281,318.2361145019531,316.42999267578125,317.8817138671875,362298
2025-06-27 15:30:00,317.9674987792969,319.2799987792969,317.8800048828125,319.2300109863281,440483
2025-06-27 16:30:00,319.2200012207031,320.1199035644531,318.914794921875,319.0799865722656,297948
2025-06-27 17:30:00,319.1400146484375,319.2749938964844,315.7030944824219,315.7550048828125,328345
2025-06-27 18:30:00,315.82000732421875,316.6199951171875,315.44000244140625,316.3399963378906,494505
2025-06-27 19:30:00,316.3599853515625,317.6400146484375,316.260009765625,317.19000244140625,558269
2025-06-30 13:30:00,318.57501220703125,320.0,317.8999938964844,319.2200012207031,329878
2025-06-30 14:30:00,319.1549987792969,319.2900085449219,317.5899963378906,319.2699890136719,343899
2025-06-30 15:30:00,319.2200012207031,320.1300048828125,318.6499938964844,319.04998779296875,325828
2025-06-30 16:30:00,319.0199890136719,319.3999938964844,318.4599914550781,318.7099914550781,356728
2025-06-30 17:30:00,318.7099914550781,319.05999755859375,317.7799987792969,318.3631896972656,296896
2025-06-30 18:30:00,318.32501220703125,318.9700012207031,317.94500732421875,318.6099853515625,311724
2025-06-30 19:30:00,318.635009765625,319.5400085449219,317.80999755859375,318.79998779296875,587535
2025-07-01 13:30:00,316.92999267578125,320.1499938964844,316.29998779296875,318.94000244140625,479683
2025-07-01 14:30:00,318.9649963378906,320.2699890136719,317.9599914550781,320.1400146484375,300154
2025-07-01 15:30:00,320.30999755859375,321.7145080566406,319.07000732421875,321.6050109863281,328506
2025-07-01 16:30:00,321.5799865722656,323.9898986816406,321.19000244140625,323.8500061035156,418824
2025-07-01 17:30:00,323.7900085449219,324.3800048828125,322.9858093261719,323.2149963378906,335873
2025-07-01 18:30:00,323.2900085449219,323.8399963378906,322.260009765625,323.20001220703125,495765
2025-07-01 19:30:00,323.19000244140625,323.4649963378906,322.45001220703125,322.6000061035156,670755
2025-07-02 13:30:00,322.989990234375,323.55999755859375,321.3399963378906,323.1000061035156,352597
2025-07-02 14:30:00,323.2099914550781,325.6000061035156,323.1600036621094,324.3699951171875,367946
2025-07-02 15:30:00,324.3699951171875,324.8800048828125,322.9909973144531,323.7650146484375,280639
2025-07-02 16:30:00,323.7650146484375,325.19000244140625,323.5299987792969,324.94500732421875,255370
2025-07-02 17:30:00,324.9649963378906,325.82000732421875,324.7099914550781,325.5299987792969,292271
2025-07-02 18:30:00,325.5249938964844,326.6000061035156,325.5,326.3800048828125,377320
2025-07-02 19:30:00,326.3900146484375,326.6199951171875,325.6000061035156,325.80999755859375,644981
2025-07-03 13:30:00,325.32501220703125,328.3039855957031,324.17999267578125,327.7200012207031,385079
2025-07-03 14:30:00,327.67999267578125,329.1199951171875,327.05999755859375,327.739990234375,300030
2025-07-03 15:30:00,327.55999755859375,328.7200012207031,327.5199890136719,328.6095886230469,308855
2025-07-07 13:30:00,327.5199890136719,328.4049987792969,326.0591125488281,326.3949890136719,240390
2025-07-07 14:30:00,326.447509765625,326.447509765625,324.4429016113281,324.7699890136719,140448
2025-07-07 15:30:00,324.67999267578125,324.67999267578125,321.82000732421875,323.3124084472656,189123
2025-07-07 16:30:00,323.3138122558594,323.489990234375,321.79998779296875,322.70001220703125,163546
2025-07-07 17:30:00,322.79998779296875,323.6000061035156,320.260009765625,320.510009765625,241693
2025-07-07 18:30:00,320.4580993652344,322.3599853515625,320.4580993652344,321.5,212967
2025-07-07 19:30:00,321.5400085449219,322.8399963378906,321.3699951171875,322.67498779296875,393864
2025-07-08 13:30:00,324.4700012207031,324.4700012207031,319.79998779296875,320.5751037597656,235805
2025-07-08 14:30:00,320.6700134277344,321.72540283203125,319.37469482421875,320.3699951171875,163196
2025-07-08 15:30:00,320.3999938964844,321.1099853515625,319.6199951171875,320.7467956542969,105831
2025-07-08 16:30:00,320.9800109863281,320.9800109863281,319.2300109863281,319.9150085449219,264468
2025-07-08 17:30:00,320.0199890136719,320.45001220703125,318.8800048828125,319.0950012207031,207176
2025-07-08 18:30:00,319.1199951171875,319.2099914550781,318.29998779296875,318.6099853515625,233936
2025-07-08 19:30:00,318.5823974609375,318.9100036621094,316.95001220703125,316.9800109863281,624013
2025-07-09 13:30:00,318.6600036621094,320.92999267578125,317.9100036621094,318.8999938964844,324945
2025-07-09 14:30:00,318.8800048828125,319.3299865722656,317.9288024902344,318.489990234375,187447
2025-07-09 15:30:00,318.4599914550781,319.0899963378906,318.0299987792969,318.0299987792969,136042
2025-07-09 16:30:00,318.0199890136719,319.0,317.4599914550781,318.8699951171875,168622
2025-07-09 17:30:00,318.9599914550781,319.4949951171875,318.2799987792969,318.30499267578125,253162
2025-07-09 18:30:00,318.3599853515625,318.510009765625,317.5150146484375,317.8949890136719,175367
2025-07-09 19:30:00,317.8999938964844,318.4100036621094,317.30999755859375,317.3900146484375,501487
2025-07-10 13:30:00,317.8500061035156,322.625,317.5,321.82501220703125,456042
2025-07-10 14:30:00,321.79998779296875,323.80999755859375,321.69000244140625,323.7950134277344,255706
2025-07-10 15:30:00,323.8299865722656,324.2250061035156,323.15008544921875,323.75,239786
2025-07-10 16:30:00,323.6499938964844,324.2650146484375,323.3599853515625,324.07000732421875,146182
2025-07-10 17:30:00,324.0400085449219,325.114990234375,324.0299987792969,325.0199890136719,256388
2025-07-10 18:30:00,324.9800109863281,325.95001220703125,324.5,325.6700134277344,336043
2025-07-10 19:30:00,325.6199951171875,326.1000061035156,325.0,325.6700134277344,467216
2025-07-11 13:30:00,322.9800109863281,324.3500061035156,322.43499755859375,323.6499938964844,258785
2025-07-11 14:30:00,323.54998779296875,323.8399963378906,322.19000244140625,322.5299987792969,217858
2025-07-11 15:30:00,322.44000244140625,322.80999755859375,320.8900146484375,321.2550048828125,217308
2025-07-11 16:30:00,321.2449951171875,321.5299987792969,320.6000061035156,320.8999938964844,164010
2025-07-11 17:30:00,320.8900146484375,321.19000244140625,319.6023864746094,319.8900146484375,184224
2025-07-11 18:30:00,319.8923034667969,320.93829345703125,319.3299865722656,320.3900146484375,192975
2025-07-11 19:30:00,320.32000732421875,320.6199951171875,319.20001220703125,319.3999938964844,390980
2025-07-14 13:30:00,319.2900085449219,320.0,317.67999267578125,318.9150085449219,276040
2025-07-14 14:30:00,318.9150085449219,320.82501220703125,318.43499755859375,320.82501220703125,275746
2025-07-14 15:30:00,320.8399963378906,321.7699890136719,320.2900085449219,320.9200134277344,224779
2025-07-14 16:30:00,321.0450134277344,321.0450134277344,320.1199951171875,320.5,139390
2025-07-14 17:30:00,320.5,320.93499755859375,320.0199890136719,320.5249938964844,149174
2025-07-14 18:30:00,320.5249938964844,321.1400146484375,320.19000244140625,320.3800048828125,258443
2025-07-14 19:30:00,320.4100036621094,321.0899963378906,320.3800048828125,320.739990234375,246996
2025-07-15 13:30:00,318.6099853515625,319.45001220703125,313.6499938964844,314.4100036621094,686841
2025-07-15 14:30:00,314.3599853515625,314.6199951171875,312.731689453125,313.5450134277344,313375
2025-07-15 15:30:00,313.5899963378906,314.3399963378906,312.30999755859375,312.8299865722656,265255
2025-07-15 16:30:00,312.82000732421875,313.2300109863281,311.30999755859375,311.9974060058594,281559
2025-07-15 17:30:00,312.1300048828125,312.6400146484375,311.69000244140625,312.2300109863281,193739
2025-07-15 18:30:00,312.19000244140625,312.5799865722656,311.1600036621094,311.5,328049
2025-07-15 19:30:00,311.57000732421875,311.8399963378906,310.42999267578125,310.6600036621094,551635
2025-07-16 13:30:00,312.44000244140625,312.44000244140625,309.80999755859375,310.3599853515625,407617
2025-07-16 14:30:00,310.3500061035156,311.32000732421875,307.739990234375,309.1549987792969,267085
2025-07-16 15:30:00,309.239990234375,309.69500732421875,306.6099853515625,309.0799865722656,308410
2025-07-16 16:30:00,309.05999755859375,310.6600036621094,308.7699890136719,310.26251220703125,230815
2025-07-16 17:30:00,310.2650146484375,311.42999267578125,310.1199951171875,311.2850036621094,189743
2025-07-16 18:30:00,311.2900085449219,312.489990234375,311.239990234375,311.82000732421875,266628
2025-07-16 19:30:00,311.80499267578125,312.05999755859375,310.8900146484375,311.8500061035156,511252
2025-07-17 13:30:00,310.9200134277344,314.8500061035156,310.5799865722656,311.1600036621094,400844
2025-07-17 14:30:00,311.2449951171875,313.760009765625,311.0799865722656,313.6650085449219,294925
2025-07-17 15:30:00,313.67498779296875,314.489990234375,313.4700012207031,313.54998779296875,245366
2025-07-17 16:30:00,313.5450134277344,314.1499938964844,313.42999267578125,313.82000732421875,235702
2025-07-17 17:30:00,313.94000244140625,315.4599914550781,313.94000244140625,315.3599853515625,271614
2025-07-17 18:30:00,315.2500915527344,315.7900085449219,315.0799865722656,315.3299865722656,362103
2025-07-17 19:30:00,315.32000732421875,316.9800109863281,315.1900939941406,315.7699890136719,697593
2025-07-18 13:30:00,311.8599853515625,311.8599853515625,302.7550048828125,303.010009765625,1587725
2025-07-18 14:30:00,303.010009765625,306.7398986816406,302.510009765625,306.31988525390625,797793
2025-07-18 15:30:00,306.2699890136719,308.4800109863281,305.7799987792969,306.20001220703125,621743
2025-07-18 16:30:00,306.0101013183594,307.64990234375,305.5,306.7449951171875,448216
2025-07-18 17:30:00,306.75,308.29998779296875,306.3013916015625,307.1600036621094,406196
2025-07-18 18:30:00,307.2850036621094,308.19000244140625,306.75,307.8599853515625,374105
2025-07-18 19:30:00,307.8525085449219,308.7900085449219,307.3599853515625,307.989990234375,576019
2025-07-21 13:30:00,307.9599914550781,309.1700134277344,304.2099914550781,306.5050048828125,538406
2025-07-21 14:30:00,306.5,307.2799987792969,305.7049865722656,307.023193359375,252231
2025-07-21 15:30:00,307.0304870605469,307.87750244140625,306.05999755859375,306.1300048828125,225004
2025-07-21 16:30:00,306.1700134277344,306.29998779296875,305.1000061035156,305.1199951171875,163324
2025-07-21 17:30:00,305.08758544921875,305.489990234375,304.57000732421875,305.2650146484375,230985
2025-07-21 18:30:00,305.2699890136719,305.4599914550781,304.05999755859375,304.135009765625,221841
2025-07-21 19:30:00,304.20001220703125,304.5400085449219,302.9800109863281,303.0,497702
2025-07-22 13:30:00,302.9800109863281,304.74139404296875,301.7300109863281,303.57000732421875,463747
2025-07-22 14:30:00,303.57000732421875,305.32501220703125,303.57000732421875,303.8599853515625,261935
2025-07-22 15:30:00,303.9800109863281,305.2099914550781,303.9100036621094,304.3949890136719,239575
2025-07-22 16:30:00,304.3900146484375,305.3500061035156,304.3900146484375,305.239990234375,160517
2025-07-22 17:30:00,305.25,305.7699890136719,304.8699951171875,305.2799987792969,192880
2025-07-22 18:30:00,305.2200012207031,306.1600036621094,304.5799865722656,304.7200012207031,255355
2025-07-22 19:30:00,304.67498779296875,305.20001220703125,304.1300048828125,304.1499938964844,381173
2025-07-23 13:30:00,308.0,309.30999755859375,305.239990234375,306.1700134277344,390482
2025-07-23 14:30:00,306.2049865722656,306.82501220703125,305.6499938964844,306.2699890136719,232437
2025-07-23 15:30:00,306.3900146484375,307.8399963378906,305.9700012207031,307.7099914550781,181852
2025-07-23 16:30:00,307.7099914550781,308.3382873535156,307.0400085449219,307.9200134277344,169896
2025-07-23 17:30:00,307.9993896484375,308.9200134277344,307.8399963378906,308.75,215213
2025-07-23 18:30:00,308.7001037597656,309.239990234375,308.5799865722656,309.239990234375,217162
2025-07-23 19:30:00,309.2080078125,309.5873107910156,308.510009765625,308.67999267578125,372683
2025-07-24 13:30:00,308.29998779296875,309.3299865722656,307.19000244140625,308.17999267578125,340335
2025-07-24 14:30:00,308.25,310.0899963378906,307.66009521484375,309.4700012207031,216463
2025-07-24 15:30:00,309.4700012207031,310.5,309.1499938964844,309.6600036621094,208117
2025-07-24 16:30:00,309.6549987792969,310.010009765625,308.8699951171875,309.4200134277344,170645
2025-07-24 17:30:00,309.4200134277344,310.4599914550781,309.4100036621094,309.79998779296875,166369
2025-07-24 18:30:00,309.75,309.9100036621094,308.44000244140625,308.57000732421875,232730
2025-07-24 19:30:00,308.5708923339844,308.69500732421875,307.5799865722656,308.260009765625,440985
2025-07-25 13:30:00,309.4200134277344,309.875,307.510009765625,309.42999267578125,284378
2025-07-25 14:30:00,309.3406066894531,310.79998779296875,309.1000061035156,310.0400085449219,253134
2025-07-25 15:30:00,309.92999267578125,311.1199951171875,309.7900085449219,311.05999755859375,225669
2025-07-25 16:30:00,311.0199890136719,311.94000244140625,310.3500061035156,311.94000244140625,209591
2025-07-25 17:30:00,311.9800109863281,312.6470031738281,311.7909851074219,312.010009765625,213494
2025-07-25 18:30:00,312.09991455078125,312.32501220703125,311.4800109863281,311.94000244140625,233464
2025-07-25 19:30:00,311.9599914550781,312.1199951171875,311.5,311.6099853515625,352119
2025-07-28 13:30:00,311.6000061035156,313.5,310.510009765625,312.42498779296875,278081
2025-07-28 14:30:00,312.44000244140625,312.5799865722656,310.3699951171875,310.8349914550781,159751
2025-07-28 15:30:00,310.7401123046875,311.19000244140625,310.29998779296875,310.4649963378906,136773
2025-07-28 16:30:00,310.4649963378906,310.95001220703125,309.7699890136719,310.6799011230469,179158
2025-07-28 17:30:00,310.5899963378906,310.6050109863281,309.2900085449219,309.79998779296875,141778
2025-07-28 18:30:00,309.79998779296875,310.3399963378906,309.6549987792969,309.7250061035156,177992
2025-07-28 19:30:00,309.7699890136719,310.84478759765625,309.69000244140625,310.6600036621094,280365
2025-07-29 13:30:00,312.9100036621094,313.6199951171875,311.75,312.1449890136719,274835
2025-07-29 14:30:00,312.0,312.1300048828125,309.38751220703125,309.38751220703125,186409
2025-07-29 15:30:00,309.4849853515625,310.30999755859375,308.8800048828125,309.8399963378906,247697
2025-07-29 16:30:00,309.9800109863281,310.8949890136719,309.6099853515625,310.3500061035156,123305
2025-07-29 17:30:00,310.44000244140625,310.5,308.1600036621094,308.4700012207031,140407
2025-07-29 18:30:00,308.4599914550781,308.80999755859375,308.2300109863281,308.5,172788
2025-07-29 19:30:00,308.5849914550781,308.7998962402344,307.8450012207031,308.54998779296875,350730
2025-07-30 13:30:00,308.54998779296875,308.75,304.9100036621094,306.635009765625,390242
2025-07-30 14:30:00,306.6600036621094,306.9200134277344,304.54998779296875,304.9599914550781,324831
2025-07-30 15:30:00,304.9150085449219,306.79998779296875,304.7349853515625,306.739990234375,430935
2025-07-30 16:30:00,306.8241882324219,306.9800109863281,306.125,306.19000244140625,186581
2025-07-30 17:30:00,306.20001220703125,307.0,305.9949951171875,306.42498779296875,198446
2025-07-30 18:30:00,306.4200134277344,306.92999267578125,301.3699951171875,302.239990234375,579870
2025-07-30 19:30:00,302.3999938964844,303.80999755859375,302.0400085449219,303.45001220703125,564124
2025-07-31 13:30:00,301.8999938964844,303.9100036621094,301.510009765625,301.9800109863281,411044
2025-07-31 14:30:00,302.07000732421875,302.75,300.15008544921875,301.0899963378906,238000
2025-07-31 15:30:00,301.1050109863281,302.2650146484375,300.95001220703125,301.5400085449219,209391
2025-07-31 16:30:00,301.4599914550781,301.6000061035156,299.5400085449219,300.0199890136719,296603
2025-07-31 17:30:00,299.92999267578125,300.5050048828125,298.07000732421875,299.760009765625,289119
2025-07-31 18:30:00,299.760009765625,301.2099914550781,299.7300109863281,300.2699890136719,227231
2025-07-31 19:30:00,300.2950134277344,300.54998779296875,298.7275085449219,299.20001220703125,424135
2025-08-01 13:30:00,294.0299987792969,294.0299987792969,288.3399963378906,292.9200134277344,674748
2025-08-01 14:30:00,292.9200134277344,294.07501220703125,291.5799865722656,291.625,367803
2025-08-01 15:30:00,291.7099914550781,294.6600036621094,291.6199951171875,294.2300109863281,238322
2025-08-01 16:30:00,294.2300109863281,294.4700012207031,292.2900085449219,292.4800109863281,186253
2025-08-01 17:30:00,292.4649963378906,293.1820068359375,291.7799987792969,293.07000732421875,238395
2025-08-01 18:30:00,293.04998779296875,293.9800109863281,292.7099914550781,293.92999267578125,331598
2025-08-01 19:30:00,293.9200134277344,294.9100036621094,293.42999267578125,294.19000244140625,480129
2025-08-04 13:30:00,295.5400085449219,298.1549987792969,295.5299987792969,297.45001220703125,338415
2025-08-04 14:30:00,297.42999267578125,298.3699951171875,296.9200134277344,297.635009765625,193076
2025-08-04 15:30:00,297.69000244140625,297.9800109863281,296.67010498046875,297.07000732421875,199450
2025-08-04 16:30:00,297.1050109863281,298.1400146484375,297.1000061035156,298.0199890136719,141103
2025-08-04 17:30:00,298.07000732421875,298.2200012207031,297.4599914550781,297.7300109863281,135808
2025-08-04 18:30:00,297.739990234375,299.1000061035156,297.69000244140625,298.8500061035156,186576
2025-08-04 19:30:00,298.8399963378906,299.0199890136719,298.2701110839844,298.5799865722656,311292
2025-08-05 13:30:00,299.8500061035156,300.3500061035156,296.6600036621094,297.260009765625,279260
2025-08-05 14:30:00,297.2449951171875,297.4599914550781,295.22589111328125,296.6199951171875,236763
2025-08-05 15:30:00,296.6300048828125,298.2200012207031,296.49249267578125,298.0574951171875,170999
2025-08-05 16:30:00,298.1099853515625,298.80999755859375,297.2799987792969,298.6199951171875,190801
2025-08-05 17:30:00,298.50799560546875,299.1549987792969,297.0199890136719,297.5400085449219,208836
2025-08-05 18:30:00,297.4800109863281,298.42999267578125,297.42999267578125,298.1000061035156,190001
2025-08-05 19:30:00,298.0899963378906,298.260009765625,296.510009765625,296.7699890136719,467619
2025-08-06 13:30:00,297.2099914550781,298.04998779296875,295.1199951171875,295.6698913574219,441068
2025-08-06 14:30:00,295.510009765625,297.0199890136719,295.0,296.5899963378906,365659
2025-08-06 15:30:00,296.5799865722656,297.05999755859375,295.6000061035156,295.6000061035156,241993
2025-08-06 16:30:00,295.7200012207031,296.20001220703125,294.760009765625,294.864990234375,292033
2025-08-06 17:30:00,294.9100036621094,295.84429931640625,294.5299987792969,295.69000244140625,352859
2025-08-06 18:30:00,295.69281005859375,295.9200134277344,294.9200134277344,294.94000244140625,426233
2025-08-06 19:30:00,294.92999267578125,295.6000061035156,294.43499755859375,295.25,741828
2025-08-07 13:30:00,297.70001220703125,298.2900085449219,293.239990234375,293.6099853515625,418605
2025-08-07 14:30:00,293.5799865722656,293.9700012207031,291.3900146484375,291.42999267578125,311406
2025-08-07 15:30:00,291.5400085449219,292.2384033203125,290.6300048828125,292.0799865722656,238991
2025-08-07 16:30:00,292.0899963378906,292.5392150878906,290.6300964355469,291.5199890136719,224729
2025-08-07 17:30:00,291.5400085449219,293.7900085449219,291.45001220703125,293.510009765625,336009
2025-08-07 18:30:00,293.4200134277344,294.9200134277344,293.2300109863281,294.2449951171875,399338
2025-08-07 19:30:00,294.2900085449219,295.0799865722656,294.25,294.80999755859375,529090
2025-08-08 13:30:00,297.0,297.45001220703125,294.5400085449219,296.5350036621094,405665
2025-08-08 14:30:00,296.5899963378906,297.010009765625,296.05999755859375,296.67999267578125,168655
2025-08-08 15:30:00,296.6400146484375,297.7550048828125,295.8900146484375,297.0199890136719,162779
2025-08-08 16:30:00,297.0350036621094,297.8500061035156,296.51348876953125,297.7300109863281,106089
2025-08-08 17:30:00,297.7250061035156,297.9599914550781,297.4036865234375,297.8399963378906,145569
2025-08-08 18:30:00,297.8599853515625,298.1300048828125,297.3349914550781,297.5899963378906,171776
2025-08-08 19:30:00,297.57501220703125,297.6300048828125,296.7699890136719,297.3500061035156,286396
2025-08-11 13:30:00,297.1199951171875,297.43951416015625,294.8999938964844,295.2250061035156,314015
2025-08-11 14:30:00,295.25,295.9100036621094,294.8900146484375,295.6700134277344,368125
2025-08-11 15:30:00,295.6882019042969,296.93780517578125,295.2550048828125,296.5400085449219,186783
2025-08-11 16:30:00,296.53009033203125,296.664306640625,295.4200134277344,296.5899963378906,201590
2025-08-11 17:30:00,296.5899963378906,296.9599914550781,296.1400146484375,296.5199890136719,173838
2025-08-11 18:30:00,296.54998779296875,296.79998779296875,295.8399963378906,296.6199951171875,196231
2025-08-11 19:30:00,296.6000061035156,296.82000732421875,295.7250061035156,296.32000732421875,289659
2025-08-12 13:30:00,298.8999938964844,303.29998779296875,298.4750061035156,303.2799987792969,332934
2025-08-12 14:30:00,303.07000732421875,303.6600036621094,302.25,302.4700012207031,204280
2025-08-12 15:30:00,302.4700012207031,304.94000244140625,302.4700012207031,304.8299865722656,228750
2025-08-12 16:30:00,304.8399963378906,305.07000732421875,303.6300048828125,303.8900146484375,192121
2025-08-12 17:30:00,303.9849853515625,304.1700134277344,303.25,303.25,192412
2025-08-12 18:30:00,303.2099914550781,303.2101135253906,302.4049987792969,302.82000732421875,239477
2025-08-12 19:30:00,302.7799987792969,303.2300109863281,302.30999755859375,303.2049865722656,397267
2025-08-13 13:30:00,304.69000244140625,306.4700012207031,304.57000732421875,305.69000244140625,340253
2025-08-13 14:30:00,305.6000061035156,305.67999267578125,303.54998779296875,304.260009765625,255800
2025-08-13 15:30:00,304.4100036621094,304.7229919433594,303.0199890136719,303.0199890136719,184479
2025-08-13 16:30:00,303.0,303.760009765625,302.42999267578125,303.7099914550781,158610
2025-08-13 17:30:00,303.7099914550781,305.5899963378906,303.5820007324219,305.2250061035156,171429
2025-08-13 18:30:00,305.25,306.0,305.0400085449219,305.877685546875,216584
2025-08-13 19:30:00,305.9700012207031,307.6000061035156,305.8949890136719,306.8900146484375,642987
2025-08-14 13:30:00,305.5400085449219,306.17999267578125,302.510009765625,304.6499938964844,407313
2025-08-14 14:30:00,304.6600036621094,305.0400085449219,303.989990234375,304.0849914550781,194124
2025-08-14 15:30:00,304.1700134277344,305.0187072753906,303.3500061035156,303.5799865722656,163849
2025-08-14 16:30:00,303.6400146484375,304.8399963378906,303.3999938964844,304.7850036621094,125659
2025-08-14 17:30:00,304.8599853515625,306.2799987792969,304.489990234375,306.2699890136719,208387
2025-08-14 18:30:00,306.1700134277344,306.9446105957031,306.010009765625,306.80999755859375,160538
2025-08-14 19:30:00,306.70001220703125,307.95001220703125,306.4599914550781,307.70001220703125,404470
2025-08-15 13:30:00,309.4599914550781,309.80999755859375,304.239990234375,304.8349914550781,502194
2025-08-15 14:30:00,304.7449951171875,305.6499938964844,304.3800048828125,305.4200134277344,224317
2025-08-15 15:30:00,305.5199890136719,306.239990234375,304.7900085449219,305.9700012207031,224995
2025-08-15 16:30:00,305.989990234375,306.17498779296875,305.04998779296875,305.7300109863281,183953
2025-08-15 17:30:00,305.69000244140625,306.21649169921875,304.9100036621094,305.69000244140625,218986
2025-08-15 18:30:00,305.61090087890625,305.7900085449219,305.03839111328125,305.2099914550781,257785
2025-08-15 19:30:00,305.2250061035156,306.07000732421875,304.95001220703125,305.5299987792969,654742
2025-08-18 13:30:00,304.2699890136719,305.1199951171875,302.7900085449219,304.8599853515625,295491
2025-08-18 14:30:00,304.80999755859375,306.8800048828125,304.65008544921875,306.6391906738281,220968
2025-08-18 15:30:00,306.49200439453125,307.239990234375,306.49200439453125,307.0199890136719,148669
2025-08-18 16:30:00,306.9599914550781,307.1099853515625,306.0910949707031,306.2300109863281,127212
2025-08-18 17:30:00,306.2300109863281,306.57000732421875,305.625,305.7112121582031,155618
2025-08-18 18:30:00,305.70001220703125,306.32000732421875,305.6199951171875,306.32000732421875,188578
2025-08-18 19:30:00,306.3550109863281,307.1400146484375,306.3550109863281,307.1300048828125,509079
2025-08-19 13:30:00,306.6600036621094,308.25,305.42498779296875,308.0299987792969,285298
2025-08-19 14:30:00,308.0849914550781,308.56988525390625,306.1300048828125,307.1300048828125,191193
2025-08-19 15:30:00,307.1400146484375,307.2699890136719,305.31500244140625,305.8324890136719,268831
2025-08-19 16:30:00,305.7749938964844,305.9599914550781,304.56719970703125,305.05999755859375,145288
2025-08-19 17:30:00,305.07000732421875,305.80999755859375,304.95001220703125,305.5,172443
2025-08-19 18:30:00,305.5299987792969,306.239990234375,305.3323974609375,305.7449951171875,338743
2025-08-19 19:30:00,305.7449951171875,306.3900146484375,305.32000732421875,306.20001220703125,481439
2025-08-20 13:30:00,305.7300109863281,308.17498779296875,303.864990234375,305.2099914550781,304440
2025-08-20 14:30:00,305.3599853515625,307.57501220703125,305.239990234375,307.4750061035156,247587
2025-08-20 15:30:00,307.5400085449219,307.9700012207031,306.5299987792969,307.4800109863281,258103
2025-08-20 16:30:00,307.3450012207031,307.5400085449219,306.5199890136719,307.17059326171875,226198
2025-08-20 17:30:00,307.19000244140625,308.1499938964844,306.3999938964844,306.6400146484375,259400
2025-08-20 18:30:00,306.6400146484375,308.40301513671875,306.4700012207031,308.2900085449219,266550
2025-08-20 19:30:00,308.25,309.0199890136719,308.0899963378906,308.3500061035156,559324
2025-08-21 13:30:00,306.7850036621094,307.67999267578125,304.0151062011719,307.4200134277344,270033
2025-08-21 14:30:00,307.56500244140625,307.7699890136719,306.1499938964844,307.18499755859375,141312
2025-08-21 15:30:00,307.2799987792969,307.7699890136719,306.0101013183594,307.2799987792969,139353
2025-08-21 16:30:00,307.3900146484375,307.7300109863281,306.5299987792969,306.80999755859375,112904
2025-08-21 17:30:00,306.80999755859375,307.6199951171875,306.5299987792969,306.5299987792969,145344
2025-08-21 18:30:00,306.5400085449219,307.83819580078125,306.2799987792969,307.2650146484375,188866
2025-08-21 19:30:00,307.2300109863281,308.5150146484375,307.0799865722656,308.2300109863281,528138
2025-08-22 13:30:00,310.2200012207031,317.9100036621094,310.1499938964844,316.8977966308594,499250
2025-08-22 14:30:00,316.7200012207031,321.7099914550781,316.7200012207031,320.2149963378906,571245
2025-08-22 15:30:00,320.2550048828125,320.7868957519531,319.3100891113281,319.61248779296875,265078
2025-08-22 16:30:00,319.614990234375,320.1000061035156,318.8999938964844,319.8399963378906,171544
2025-08-22 17:30:00,319.92999267578125,320.4599914550781,319.07000732421875,319.2200012207031,205957
2025-08-22 18:30:00,319.2699890136719,319.5444030761719,318.7300109863281,319.260009765625,202146
2025-08-22 19:30:00,319.3999938964844,319.80999755859375,318.8599853515625,319.1600036621094,454723
2025-08-25 13:30:00,319.05999755859375,319.95001220703125,317.20928955078125,318.2900085449219,250990
2025-08-25 14:30:00,318.2900085449219,318.5299987792969,316.75,316.80999755859375,175305
2025-08-25 15:30:00,316.8599853515625,317.41180419921875,315.8599853515625,317.0849914550781,168761
2025-08-25 16:30:00,317.20001220703125,317.4200134277344,315.9200134277344,316.20001220703125,123318
2025-08-25 17:30:00,316.25,316.2699890136719,315.5700988769531,315.82501220703125,149950
2025-08-25 18:30:00,315.83819580078125,316.0899963378906,315.4100036621094,315.5150146484375,218765
2025-08-25 19:30:00,315.5899963378906,316.5487976074219,315.5,315.6099853515625,268724
2025-08-26 13:30:00,315.0199890136719,317.2300109863281,314.1199951171875,316.8500061035156,222731
2025-08-26 14:30:00,316.8500061035156,317.4700012207031,316.6336975097656,317.0924987792969,168680
2025-08-26 15:30:00,317.0924987792969,318.8999938964844,317.0924987792969,318.6700134277344,149178
2025-08-26 16:30:00,318.70001220703125,319.4049987792969,318.6700134277344,319.4049987792969,99097
2025-08-26 17:30:00,319.3900146484375,319.5,318.8500061035156,319.3500061035156,88031
2025-08-26 18:30:00,319.45001220703125,320.1700134277344,319.20001220703125,320.1499938964844,153857
2025-08-26 19:30:00,320.05999755859375,320.7900085449219,320.0400085449219,320.55999755859375,356751
2025-08-27 13:30:00,319.9200134277344,322.55999755859375,319.5050048828125,321.70001220703125,379610
2025-08-27 14:30:00,321.6300048828125,322.8800048828125,321.1733093261719,322.81500244140625,212614
2025-08-27 15:30:00,322.8599853515625,322.9599914550781,321.6300048828125,322.05999755859375,296380
2025-08-27 16:30:00,322.1700134277344,322.489990234375,321.8399963378906,322.3699951171875,153253
2025-08-27 17:30:00,322.3999938964844,322.57501220703125,322.0849914550781,322.3999938964844,143601
2025-08-27 18:30:00,322.3999938964844,323.0,322.2799987792969,322.9700012207031,206474
2025-08-27 19:30:00,322.9800109863281,323.5199890136719,322.44500732421875,322.4800109863281,327000
2025-08-28 13:30:00,323.989990234375,325.42999267578125,322.0000915527344,324.7099914550781,283748
2025-08-28 14:30:00,324.79998779296875,325.31500244140625,324.17999267578125,324.59820556640625,216538
2025-08-28 15:30:00,324.6400146484375,326.8500061035156,324.57000732421875,326.7149963378906,237405
2025-08-28 16:30:00,326.8800048828125,326.8800048828125,325.6499938964844,325.7200012207031,160913
2025-08-28 17:30:00,325.70001220703125,326.0,325.25,325.9800109863281,174867
2025-08-28 18:30:00,325.9949951171875,327.1000061035156,325.989990234375,326.9150085449219,189952
2025-08-28 19:30:00,326.92498779296875,327.5400085449219,326.6499938964844,326.9949951171875,396340
2025-08-29 13:30:00,327.2799987792969,331.30999755859375,326.80499267578125,329.5050048828125,524872
2025-08-29 14:30:00,329.4100036621094,330.6099853515625,328.58270263671875,330.1099853515625,301582
2025-08-29 15:30:00,330.1700134277344,331.510009765625,329.6499938964844,331.04998779296875,202588
2025-08-29 16:30:00,331.1400146484375,331.8900146484375,331.05999755859375,331.7900085449219,257480
2025-08-29 17:30:00,331.79998779296875,332.05999755859375,331.15008544921875,331.4549865722656,190885
2025-08-29 18:30:00,331.489990234375,331.6400146484375,330.2349853515625,330.739990234375,203488
2025-08-29 19:30:00,330.7489929199219,331.67999267578125,330.5899963378906,330.9700012207031,664583
2025-09-02 13:30:00,326.6600036621094,328.07000732421875,322.7099914550781,327.7900085449219,579837
2025-09-02 14:30:00,327.7900085449219,328.6199951171875,326.1300048828125,327.2300109863281,485400
2025-09-02 15:30:00,327.29998779296875,327.45001220703125,325.989990234375,326.5400085449219,360485
2025-09-02 16:30:00,326.5249938964844,328.4750061035156,326.3900146484375,328.3599853515625,171519
2025-09-02 17:30:00,328.3550109863281,329.4599914550781,328.3550109863281,328.364013671875,282460
2025-09-02 18:30:00,328.42999267578125,330.6400146484375,328.2650146484375,330.5849914550781,417655
2025-09-02 19:30:00,330.6000061035156,331.3800048828125,330.489990234375,331.1600036621094,450347
2025-09-03 13:30:00,330.75,332.07000732421875,325.3999938964844,326.79998779296875,408835
2025-09-03 14:30:00,326.7799987792969,327.6000061035156,325.2349853515625,325.385009765625,293446
2025-09-03 15:30:00,325.3999938964844,325.739990234375,323.3599853515625,324.2099914550781,318236
2025-09-03 16:30:00,324.2099914550781,324.2799987792969,322.4100036621094,322.7699890136719,312361
2025-09-03 17:30:00,322.6499938964844,322.8800048828125,321.4100036621094,322.7850036621094,309263
2025-09-03 18:30:00,322.7799987792969,323.2799987792969,321.95001220703125,322.760009765625,354678
2025-09-03 19:30:00,322.7900085449219,324.25,322.7900085449219,323.6000061035156,709145
2025-09-04 13:30:00,325.0,326.1000061035156,322.82000732421875,325.75,461171
2025-09-04 14:30:00,325.5299987792969,327.54998779296875,325.3800048828125,327.3699951171875,288173
2025-09-04 15:30:00,327.3399963378906,329.7900085449219,327.3399963378906,328.70001220703125,254742
2025-09-04 16:30:00,328.70001220703125,330.2300109863281,328.70001220703125,329.9200134277344,195852
2025-09-04 17:30:00,329.989990234375,330.989990234375,329.57000732421875,330.0299987792969,237199
2025-09-04 18:30:00,330.0950012207031,330.92999267578125,328.7300109863281,330.864990234375,328358
2025-09-04 19:30:00,330.8299865722656,331.0400085449219,329.8599853515625,330.7200012207031,364121
2025-09-05 13:30:00,330.69000244140625,332.4648132324219,328.3399963378906,328.8399963378906,470390
2025-09-05 14:30:00,328.6199951171875,328.9825134277344,325.30999755859375,326.9100036621094,296314
2025-09-05 15:30:00,326.9100036621094,326.9100036621094,325.5,326.32501220703125,385198
2025-09-05 16:30:00,326.2900085449219,327.89630126953125,325.739990234375,326.32000732421875,240833
2025-09-05 17:30:00,326.239990234375,326.5299987792969,325.2300109863281,326.0,177176
2025-09-05 18:30:00,326.1000061035156,327.239990234375,325.4700012207031,327.06500244140625,319499
2025-09-05 19:30:00,327.1400146484375,327.3299865722656,326.07000732421875,326.2200012207031,623034
2025-09-08 13:30:00,326.510009765625,327.45001220703125,324.0,324.93499755859375,367578
2025-09-08 14:30:00,325.0199890136719,326.0,324.510009765625,325.2650146484375,305708
2025-09-08 15:30:00,325.17999267578125,325.2699890136719,324.2850036621094,324.8800048828125,163153
2025-09-08 16:30:00,325.04998779296875,325.3900146484375,324.44000244140625,325.1300048828125,164353
2025-09-08 17:30:00,325.17999267578125,325.7200012207031,324.44000244140625,325.5400085449219,178250
2025-09-08 18:30:00,325.5299987792969,326.3299865722656,324.9150085449219,324.9700012207031,198971
2025-09-08 19:30:00,324.989990234375,325.95001220703125,324.67999267578125,325.42999267578125,475184
2025-09-09 13:30:00,322.7900085449219,326.5899963378906,322.5150146484375,324.1105041503906,287475
2025-09-09 14:30:00,324.54998779296875,325.8349914550781,323.0350036621094,325.45001220703125,296167
2025-09-09 15:30:00,325.42999267578125,325.7449951171875,322.6099853515625,323.5899963378906,186778
2025-09-09 16:30:00,323.56500244140625,323.9200134277344,321.010009765625,321.1099853515625,211447
2025-09-09 17:30:00,321.1650085449219,324.80999755859375,320.79998779296875,324.6549987792969,254451
2025-09-09 18:30:00,324.614990234375,325.13189697265625,323.42999267578125,324.29998779296875,222824
2025-09-09 19:30:00,324.32501220703125,324.79998779296875,323.989990234375,324.2099914550781,275176
2025-09-10 13:30:00,322.989990234375,324.6499938964844,321.7349853515625,323.5400085449219,278302
2025-09-10 14:30:00,323.3699951171875,323.3699951171875,321.239990234375,322.260009765625,239140
2025-09-10 15:30:00,322.29998779296875,323.9200134277344,321.54998779296875,323.1700134277344,156422
2025-09-10 16:30:00,323.0350036621094,323.95001220703125,322.80999755859375,322.93499755859375,140635
2025-09-10 17:30:00,322.8399963378906,323.6700134277344,322.4800109863281,323.20001220703125,151367
2025-09-10 18:30:00,323.2196044921875,323.5393981933594,322.0400085449219,322.1600036621094,218706
2025-09-10 19:30:00,322.17999267578125,323.73748779296875,321.7200012207031,323.3999938964844,338056
2025-09-11 13:30:00,323.5,328.05999755859375,322.4200134277344,326.864990234375,363930
2025-09-11 14:30:00,326.8999938964844,328.6000061035156,326.7267150878906,328.510009765625,232642
2025-09-11 15:30:00,328.5899963378906,329.32000732421875,328.3125915527344,329.010009765625,194621
2025-09-11 16:30:00,329.1099853515625,329.7699890136719,328.3399963378906,329.2799987792969,186922
2025-09-11 17:30:00,329.2449951171875,330.69000244140625,329.1700134277344,329.8699951171875,238714
2025-09-11 18:30:00,329.79998779296875,330.30999755859375,329.0400085449219,329.8299865722656,267765
2025-09-11 19:30:00,329.8999938964844,330.0199890136719,329.239990234375,329.30999755859375,283130
2025-09-12 13:30:00,329.6000061035156,329.6000061035156,326.32000732421875,327.06500244140625,193397
2025-09-12 14:30:00,327.1400146484375,327.197509765625,324.0450134277344,324.0450134277344,215461
2025-09-12 15:30:00,324.260009765625,325.3999938964844,324.1622009277344,325.0199890136719,135012
2025-09-12 16:30:00,325.0199890136719,325.8399963378906,324.614990234375,325.7300109863281,127874
2025-09-12 17:30:00,325.7449951171875,326.3431091308594,325.29998779296875,326.2300109863281,139042
2025-09-12 18:30:00,326.2200012207031,326.760009765625,326.06500244140625,326.17999267578125,169821
2025-09-12 19:30:00,326.2200012207031,326.2900085449219,324.989990234375,325.44000244140625,360786
2025-09-15 13:30:00,326.04998779296875,329.9599914550781,326.0,329.927490234375,250303
2025-09-15 14:30:00,329.989990234375,330.2699890136719,327.4800109863281,327.54998779296875,180644
2025-09-15 15:30:00,327.57000732421875,328.2099914550781,326.8500061035156,328.0083923339844,152260
2025-09-15 16:30:00,327.989990234375,328.260009765625,326.110107421875,326.2449951171875,146770
2025-09-15 17:30:00,326.25,327.20001220703125,326.0299987792969,326.8800048828125,161466
2025-09-15 18:30:00,326.7721862792969,327.8598937988281,326.7721862792969,327.3450012207031,185260
2025-09-15 19:30:00,327.29998779296875,327.6700134277344,326.9100036621094,327.19000244140625,275959
2025-09-16 13:30:00,327.79998779296875,327.79998779296875,323.70001220703125,324.125,380827
2025-09-16 14:30:00,324.135009765625,325.29998779296875,323.70001220703125,324.2699890136719,191723
2025-09-16 15:30:00,324.2900085449219,326.635009765625,323.75,326.2799987792969,155997
2025-09-16 16:30:00,326.3299865722656,326.6549987792969,325.7950134277344,326.2900085449219,137182
2025-09-16 17:30:00,326.2749938964844,327.3550109863281,326.2749938964844,327.2381896972656,160447
2025-09-16 18:30:00,327.18499755859375,327.635009765625,326.7900085449219,327.0350036621094,194882
2025-09-16 19:30:00,327.05999755859375,327.9858093261719,326.3699951171875,327.1400146484375,337729
2025-09-17 13:30:00,328.8999938964844,337.2650146484375,328.3999938964844,335.8299865722656,604833
2025-09-17 14:30:00,335.7200012207031,337.3550109863281,334.6300048828125,335.2699890136719,474875
2025-09-17 15:30:00,335.30999755859375,336.45001220703125,334.2049865722656,334.82000732421875,300914
2025-09-17 16:30:00,334.7250061035156,334.989990234375,333.3349914550781,333.8550109863281,197938
2025-09-17 17:30:00,333.7699890136719,337.5,332.9549865722656,337.29998779296875,390619
2025-09-17 18:30:00,337.2900085449219,337.44000244140625,330.55499267578125,335.3299865722656,543134
2025-09-17 19:30:00,335.0299987792969,336.5799865722656,334.75,335.9949951171875,568720
2025-09-18 13:30:00,338.5,339.9599914550781,335.0,339.44000244140625,607482
2025-09-18 14:30:00,339.340087890625,339.9800109863281,337.4100036621094,338.510009765625,341521
2025-09-18 15:30:00,338.6000061035156,340.8837890625,338.6000061035156,340.42999267578125,301492
2025-09-18 16:30:00,340.4599914550781,341.6700134277344,340.1300048828125,340.7950134277344,312478
2025-09-18 17:30:00,340.739990234375,341.1499938964844,340.1000061035156,340.5899963378906,205995
2025-09-18 18:30:00,340.54998779296875,341.8800048828125,340.05999755859375,341.0899963378906,350182
2025-09-18 19:30:00,341.04998779296875,342.4700012207031,340.4700012207031,341.6600036621094,557019
2025-09-19 13:30:00,342.5299987792969,343.3367004394531,339.7200012207031,341.2992858886719,1086219
2025-09-19 14:30:00,341.2749938964844,342.6700134277344,341.2749938964844,342.0311279296875,359335
2025-09-19 15:30:00,342.0050048828125,343.7300109863281,341.8450012207031,343.3699951171875,302240
2025-09-19 16:30:00,343.3800048828125,344.260009765625,343.1748046875,344.2300109863281,278352
2025-09-19 17:30:00,344.20001220703125,344.3599853515625,342.3783874511719,342.5400085449219,326978
2025-09-19 18:30:00,342.44000244140625,343.56500244140625,341.9100036621094,343.44000244140625,356587
2025-09-19 19:30:00,343.3550109863281,343.46990966796875,340.20001220703125,341.04998779296875,742778
2025-09-22 13:30:00,339.510009765625,345.1300048828125,338.3800048828125,344.2799987792969,500896
2025-09-22 14:30:00,344.260009765625,345.510009765625,343.8500061035156,344.3500061035156,299649
2025-09-22 15:30:00,344.32000732421875,345.2900085449219,343.79998779296875,344.3599853515625,214820
2025-09-22 16:30:00,344.3550109863281,345.30499267578125,343.5309143066406,343.7950134277344,216318
2025-09-22 17:30:00,343.8699951171875,344.3900146484375,342.4096984863281,342.6400146484375,247840
2025-09-22 18:30:00,342.6099853515625,342.96990966796875,341.5899963378906,342.239990234375,600926
2025-09-22 19:30:00,342.2699890136719,343.0199890136719,340.9200134277344,341.04998779296875,589652
2025-09-23 13:30:00,342.5,349.19000244140625,342.2699890136719,346.2149963378906,573729
2025-09-23 14:30:00,346.1715087890625,346.4880065917969,344.8450012207031,345.0299987792969,247065
2025-09-23 15:30:00,345.0299987792969,345.3999938964844,343.8299865722656,344.05340576171875,185764
2025-09-23 16:30:00,343.8900146484375,345.11639404296875,343.510009765625,343.510009765625,181299
2025-09-23 17:30:00,343.3900146484375,343.69000244140625,340.00518798828125,340.19000244140625,318915
2025-09-23 18:30:00,340.0899963378906,341.69989013671875,340.0899963378906,341.1300048828125,275901
2025-09-23 19:30:00,341.1099853515625,342.42999267578125,340.82000732421875,341.5,453236
2025-09-24 13:30:00,342.5,345.0,341.2650146484375,342.1099853515625,388457
2025-09-24 14:30:00,342.0400085449219,342.2099914550781,340.1000061035156,340.6499938964844,327037
2025-09-24 15:30:00,340.6650085449219,341.0400085449219,338.5101013183594,339.54998779296875,191182
2025-09-24 16:30:00,339.5824890136719,340.8299865722656,339.375,340.82000732421875,166650
2025-09-24 17:30:00,340.7576904296875,340.9200134277344,339.6300048828125,340.2900085449219,257496
2025-09-24 18:30:00,340.20001220703125,340.7300109863281,339.95001220703125,340.45001220703125,209898
2025-09-24 19:30:00,340.4750061035156,340.989990234375,340.239990234375,340.55999755859375,302430
2025-09-25 13:30:00,337.3999938964844,339.4849853515625,334.0,338.7799987792969,422026
2025-09-25 14:30:00,338.7799987792969,340.239990234375,338.6000061035156,338.92999267578125,218520
2025-09-25 15:30:00,338.9700012207031,340.3399963378906,338.45001220703125,339.1600036621094,148947
2025-09-25 16:30:00,339.2250061035156,340.4700012207031,338.6000061035156,339.05499267578125,156371
2025-09-25 17:30:00,339.19000244140625,339.6199951171875,337.3800048828125,339.2300109863281,143042
2025-09-25 18:30:00,339.481689453125,340.2882080078125,338.8599853515625,339.7449951171875,171378
2025-09-25 19:30:00,339.7900085449219,340.7699890136719,339.4150085449219,340.17999267578125,345995
2025-09-26 13:30:00,341.8599853515625,343.3299865722656,340.04119873046875,340.3699951171875,168346
2025-09-26 14:30:00,340.2349853515625,341.29998779296875,339.0199890136719,341.25,158905
2025-09-26 15:30:00,341.25,342.4425964355469,340.30499267578125,342.2699890136719,122286
2025-09-26 16:30:00,342.260009765625,342.5799865722656,341.9100036621094,342.18719482421875,241773
2025-09-26 17:30:00,342.1837463378906,343.0400085449219,341.8349914550781,343.0400085449219,141377
2025-09-26 18:30:00,343.1199951171875,343.20001220703125,342.1400146484375,342.4599914550781,137529
2025-09-26 19:30:00,342.3999938964844,342.489990234375,341.57000732421875,341.7799987792969,264267
2025-09-29 13:30:00,343.760009765625,344.84820556640625,339.44000244140625,340.54998779296875,245716
2025-09-29 14:30:00,340.3399963378906,341.5,338.7099914550781,339.19000244140625,165978
2025-09-29 15:30:00,339.20001220703125,341.0,338.5,340.6000061035156,165281
2025-09-29 16:30:00,340.6449890136719,340.85791015625,339.92999267578125,340.54998779296875,86847
2025-09-29 17:30:00,340.5799865722656,341.82000732421875,340.42999267578125,341.67999267578125,92104
2025-09-29 18:30:00,341.5799865722656,342.0299987792969,340.8299865722656,341.8599853515625,124836
2025-09-29 19:30:00,341.989990234375,342.75,341.9042053222656,342.3999938964844,210434
2025-09-30 13:30:00,342.3500061035156,342.9599914550781,333.8999938964844,333.8999938964844,334692
2025-09-30 14:30:00,334.0400085449219,335.4100036621094,331.739990234375,333.8399963378906,444226
2025-09-30 15:30:00,333.82000732421875,333.95001220703125,331.8800048828125,332.5,253390
2025-09-30 16:30:00,332.5,332.8900146484375,328.1499938964844,328.7099914550781,357773
2025-09-30 17:30:00,328.6000061035156,329.54998779296875,328.4150085449219,329.25,327116
2025-09-30 18:30:00,329.3900146484375,332.07000732421875,329.3800048828125,331.9200134277344,300911
2025-09-30 19:30:00,331.8599853515625,332.9800109863281,331.19000244140625,332.1700134277344,630172
2025-10-01 13:30:00,331.4150085449219,335.7699890136719,330.5400085449219,334.55999755859375,529258
2025-10-01 14:30:00,334.45001220703125,334.8399963378906,332.32000732421875,332.989990234375,268432
2025-10-01 15:30:00,333.0541076660156,334.1600036621094,332.5299987792969,332.8399963378906,169631
2025-10-01 16:30:00,332.79998779296875,333.0249938964844,331.79998779296875,332.4100036621094,168833
2025-10-01 17:30:00,332.54998779296875,332.8800048828125,331.5,332.04998779296875,177171
2025-10-01 18:30:00,332.1099853515625,332.5,329.1700134277344,329.4200134277344,289965
2025-10-01 19:30:00,329.4237060546875,329.4599914550781,328.3999938964844,328.57000732421875,447446
2025-10-02 13:30:00,328.45001220703125,330.44000244140625,326.45001220703125,327.42999267578125,300445
2025-10-02 14:30:00,327.4700012207031,328.7699890136719,326.2799987792969,327.1400146484375,200998
2025-10-02 15:30:00,327.260009765625,329.0299987792969,327.07000732421875,328.9700012207031,155690
2025-10-02 16:30:00,328.9100036621094,329.7099914550781,328.75,328.9700012207031,100831
2025-10-02 17:30:00,328.8949890136719,331.3139953613281,328.7550048828125,330.92999267578125,137173
2025-10-02 18:30:00,331.04998779296875,331.9800109863281,330.8299865722656,331.6300048828125,222907
2025-10-02 19:30:00,331.510009765625,331.55999755859375,330.489990234375,330.5,470236
2025-10-03 13:30:00,332.0,332.0400085449219,329.54998779296875,331.3900146484375,257099
2025-10-03 14:30:00,331.3999938964844,331.9599914550781,328.8500061035156,328.9200134277344,322113
2025-10-03 15:30:00,328.79998779296875,331.25,328.718994140625,330.6600036621094,217379
2025-10-03 16:30:00,330.69000244140625,331.56500244140625,330.45001220703125,330.6600036621094,221839
2025-10-03 17:30:00,330.54998779296875,331.05999755859375,329.114990234375,330.38189697265625,194556
2025-10-03 18:30:00,330.5150146484375,330.7900085449219,329.5799865722656,330.1700134277344,206139
2025-10-03 19:30:00,330.1700134277344,330.50250244140625,329.7300109863281,330.239990234375,325402
2025-10-06 13:30:00,332.0,334.0,326.25,330.1300048828125,301752
2025-10-06 14:30:00,329.82000732421875,331.3598937988281,329.6099853515625,331.3299865722656,144523
2025-10-06 15:30:00,331.3399963378906,331.75,329.8349914550781,330.8550109863281,142897
2025-10-06 16:30:00,330.82659912109375,331.8900146484375,330.4100036621094,331.67999267578125,446786
2025-10-06 17:30:00,331.75,332.29998779296875,331.1600036621094,331.260009765625,167774
2025-10-06 18:30:00,331.260009765625,332.375,330.9707946777344,331.8124084472656,276179
2025-10-06 19:30:00,331.8999938964844,332.20001220703125,331.69000244140625,331.9800109863281,355009
2025-10-07 13:30:00,332.6499938964844,334.94000244140625,329.0299987792969,330.010009765625,215760
2025-10-07 14:30:00,329.9100036621094,330.481689453125,328.2300109863281,328.510009765625,132401
2025-10-07 15:30:00,328.54998779296875,328.6600036621094,325.739990234375,327.5299987792969,187700
2025-10-07 16:30:00,327.5350036621094,328.993896484375,326.67498779296875,326.8399963378906,115144
2025-10-07 17:30:00,326.8399963378906,328.0799865722656,326.4150085449219,327.8599853515625,143625
2025-10-07 18:30:00,327.875,328.2099914550781,326.8500061035156,328.17498779296875,160177
2025-10-07 19:30:00,328.1000061035156,328.32000732421875,327.4649963378906,327.82000732421875,199655
2025-10-08 13:30:00,328.6700134277344,328.92498779296875,323.5799865722656,328.17999267578125,334230
2025-10-08 14:30:00,328.2799987792969,329.1499938964844,327.6000061035156,328.8500061035156,157528
2025-10-08 15:30:00,328.75,329.0299987792969,327.82000732421875,327.8900146484375,110033
2025-10-08 16:30:00,327.8999938964844,328.6499938964844,327.0,327.5299987792969,262414
2025-10-08 17:30:00,327.5299987792969,327.5863037109375,324.2770080566406,325.04998779296875,241170
2025-10-08 18:30:00,325.135009765625,325.45001220703125,323.92999267578125,324.7850036621094,237613
2025-10-08 19:30:00,324.7900085449219,324.7950134277344,323.69000244140625,323.8699951171875,396013
2025-10-09 13:30:00,326.4800109863281,328.30999755859375,325.1300048828125,326.2699890136719,385184
2025-10-09 14:30:00,326.1000061035156,326.79998779296875,325.1000061035156,325.7250061035156,212150
2025-10-09 15:30:00,325.5199890136719,326.6499938964844,325.285400390625,325.614990234375,156637
2025-10-09 16:30:00,325.7200012207031,325.8599853515625,324.42999267578125,325.1000061035156,174629
2025-10-09 17:30:00,325.1400146484375,325.79998779296875,324.69000244140625,325.1499938964844,140910
2025-10-09 18:30:00,325.1449890136719,325.67999267578125,324.92498779296875,325.0899963378906,210699
2025-10-09 19:30:00,325.0899963378906,325.6600036621094,324.04998779296875,324.5299987792969,355348
2025-10-10 13:30:00,325.20001220703125,328.1000061035156,324.30499267578125,326.80999755859375,399657
2025-10-10 14:30:00,326.760009765625,327.3500061035156,322.5,323.0299987792969,525597
2025-10-10 15:30:00,323.0950012207031,323.25,319.5400085449219,320.5,254113
2025-10-10 16:30:00,320.5299987792969,321.5799865722656,319.28961181640625,319.8699951171875,188257
2025-10-10 17:30:00,319.8900146484375,321.010009765625,319.30999755859375,319.69000244140625,198995
2025-10-10 18:30:00,319.7200012207031,319.8500061035156,317.5050048828125,317.7799987792969,255100
2025-10-10 19:30:00,317.7799987792969,318.2298889160156,315.95001220703125,316.3699951171875,417965
2025-10-13 13:30:00,319.1700134277344,323.1700134277344,319.05999755859375,321.17498779296875,292545
2025-10-13 14:30:00,321.1400146484375,323.95001220703125,320.489990234375,323.3900146484375,184569
2025-10-13 15:30:00,323.5,323.82000732421875,322.7200012207031,323.5,115466
2025-10-13 16:30:00,323.4700012207031,324.35760498046875,323.0299987792969,323.3900146484375,107544
2025-10-13 17:30:00,323.3999938964844,323.625,322.3399963378906,323.5799865722656,125182
2025-10-13 18:30:00,323.5899963378906,323.7699890136719,322.4800109863281,322.9049987792969,159838
2025-10-13 19:30:00,322.9150085449219,323.7099914550781,322.9150085449219,323.1300048828125,276314
2025-10-14 13:30:00,321.6099853515625,330.6300048828125,320.5,329.7919006347656,525755
2025-10-14 14:30:00,329.5,331.9800109863281,329.1300048828125,330.94000244140625,397851
2025-10-14 15:30:00,330.80999755859375,333.989990234375,330.7799987792969,332.8500061035156,320185
2025-10-14 16:30:00,332.95001220703125,335.3399963378906,332.75,335.20001220703125,249769
2025-10-14 17:30:00,335.239990234375,336.3299865722656,334.07000732421875,334.8500061035156,273832
2025-10-14 18:30:00,334.9100036621094,335.1199951171875,333.7300109863281,334.4849853515625,212987
2025-10-14 19:30:00,334.4700012207031,334.4700012207031,332.1000061035156,332.9200134277344,428750
2025-10-15 13:30:00,333.8599853515625,336.9200134277344,333.3699951171875,336.0050048828125,362057
2025-10-15 14:30:00,336.0,336.45001220703125,332.67999267578125,333.9599914550781,215153
2025-10-15 15:30:00,334.17498779296875,334.5199890136719,332.67498779296875,334.05499267578125,150829
2025-10-15 16:30:00,333.9236145019531,334.25,330.2799987792969,331.7550048828125,191917
2025-10-15 17:30:00,331.6099853515625,333.2200012207031,331.6099853515625,331.9200134277344,204561
2025-10-15 18:30:00,331.92999267578125,332.7200012207031,331.0400085449219,331.1499938964844,180755
2025-10-15 19:30:00,331.1199951171875,331.30999755859375,330.3800048828125,330.67999267578125,465002
2025-10-16 13:30:00,331.0199890136719,332.5,326.6000061035156,328.5098876953125,387450
2025-10-16 14:30:00,328.2099914550781,329.2900085449219,326.75,327.1400146484375,224500
2025-10-16 15:30:00,327.0249938964844,328.0400085449219,324.70001220703125,324.70001220703125,301388
2025-10-16 16:30:00,324.7900085449219,325.1099853515625,323.17999267578125,324.31500244140625,318358
2025-10-16 17:30:00,324.3599853515625,324.5400085449219,321.0343933105469,321.489990234375,296935
2025-10-16 18:30:00,321.54998779296875,322.5199890136719,320.0,320.9100036621094,422962
2025-10-16 19:30:00,320.94000244140625,324.0,320.3900146484375,323.239990234375,783697
2025-10-17 13:30:00,332.3800048828125,339.7499084472656,331.0,338.8699951171875,1687800
2025-10-17 14:30:00,338.989990234375,340.39990234375,336.5000915527344,340.2880859375,688738
2025-10-17 15:30:00,340.2699890136719,345.79998779296875,339.6099853515625,343.20001220703125,899028
2025-10-17 16:30:00,343.4100036621094,345.1700134277344,342.04998779296875,344.9750061035156,595313
2025-10-17 17:30:00,344.92999267578125,346.889892578125,344.6499938964844,346.4548034667969,591184
2025-10-17 18:30:00,346.3299865722656,348.69989013671875,345.8999938964844,347.8599853515625,1120567
2025-10-17 19:30:00,347.8450012207031,348.46868896484375,346.1499938964844,346.510009765625,815447
2025-10-20 13:30:00,347.3900146484375,349.19000244140625,342.6499938964844,344.9549865722656,570098
2025-10-20 14:30:00,344.9649963378906,347.889892578125,344.69000244140625,347.0450134277344,284632
2025-10-20 15:30:00,347.1199951171875,347.64990234375,344.4939880371094,347.2449951171875,328807
2025-10-20 16:30:00,347.1700134277344,349.04998779296875,347.010009765625,349.0249938964844,406616
2025-10-20 17:30:00,349.04998779296875,349.95001220703125,348.58551025390625,348.8999938964844,389054
2025-10-20 18:30:00,348.93499755859375,350.2200012207031,348.29998779296875,350.1000061035156,553019
2025-10-20 19:30:00,350.0400085449219,350.1300048828125,348.9700012207031,349.4200134277344,516995
2025-10-21 13:30:00,352.0899963378906,353.8558044433594,350.7900085449219,351.2200012207031,431236
2025-10-21 14:30:00,351.4700012207031,353.8450012207031,351.1400146484375,352.7099914550781,246604
2025-10-21 15:30:00,352.9800109863281,353.19000244140625,352.0,352.70001220703125,175424
2025-10-21 16:30:00,352.82000732421875,353.0899963378906,351.2782897949219,351.94000244140625,157533
2025-10-21 17:30:00,351.9800109863281,352.75,351.7699890136719,352.6099853515625,130018
2025-10-21 18:30:00,352.7099914550781,354.95001220703125,352.0899963378906,354.44000244140625,344128
2025-10-21 19:30:00,354.510009765625,356.6675109863281,354.4599914550781,355.1700134277344,801272
2025-10-22 13:30:00,355.2799987792969,357.7336120605469,354.5,354.5199890136719,399893
2025-10-22 14:30:00,354.510009765625,355.44000244140625,352.875,353.2799987792969,369557
2025-10-22 15:30:00,353.29998779296875,354.5799865722656,351.67999267578125,353.29998779296875,277403
2025-10-22 16:30:00,353.29998779296875,353.70001220703125,350.79998779296875,351.3500061035156,282963
2025-10-22 17:30:00,351.2900085449219,351.7900085449219,349.17999267578125,350.6199951171875,305891
2025-10-22 18:30:00,350.510009765625,352.5,350.0400085449219,352.3825988769531,248325
2025-10-22 19:30:00,352.375,352.5299987792969,351.489990234375,351.95001220703125,369576
2025-10-23 13:30:00,352.7200012207031,353.739990234375,350.5498046875,352.42999267578125,272940
2025-10-23 14:30:00,352.3299865722656,353.05999755859375,351.4599914550781,352.7900085449219,205578
2025-10-23 15:30:00,352.7900085449219,353.7149963378906,352.5799865722656,353.3500061035156,215134
2025-10-23 16:30:00,353.239990234375,355.2149963378906,353.239990234375,354.8500061035156,178887
2025-10-23 17:30:00,355.04998779296875,356.1799011230469,355.03350830078125,355.92999267578125,166003
2025-10-23 18:30:00,356.04998779296875,356.05999755859375,354.5596008300781,354.79998779296875,176733
2025-10-23 19:30:00,354.8450012207031,355.04998779296875,354.2799987792969,354.95001220703125,266954
2025-10-24 13:30:00,358.3999938964844,362.31500244140625,356.8699951171875,361.3999938964844,442617
2025-10-24 14:30:00,361.3999938964844,362.31988525390625,360.1000061035156,360.8367004394531,269293
2025-10-24 15:30:00,360.739990234375,361.3399963378906,360.1400146484375,360.3800048828125,230568
2025-10-24 16:30:00,360.1643981933594,360.64990234375,359.1099853515625,359.75,169211
2025-10-24 17:30:00,359.739990234375,360.4100036621094,359.2300109863281,360.0400085449219,155621
2025-10-24 18:30:00,360.090087890625,360.4599914550781,359.1000061035156,359.20001220703125,218876
2025-10-24 19:30:00,359.19000244140625,359.2650146484375,356.9599914550781,357.6600036621094,554869
2025-10-27 13:30:00,362.0,362.5,358.9100036621094,361.260009765625,292096
2025-10-27 14:30:00,360.989990234375,361.6000061035156,360.4800109863281,361.4200134277344,165803
2025-10-27 15:30:00,361.3399963378906,362.8399963378906,360.20001220703125,361.6600036621094,227414
2025-10-27 16:30:00,361.75,361.9599914550781,359.7850036621094,360.1000061035156,200718
2025-10-27 17:30:00,360.1499938964844,360.9700012207031,359.7099914550781,360.1000061035156,174044
2025-10-27 18:30:00,360.1499938964844,361.1499938964844,359.6000061035156,361.0799865722656,169259
2025-10-27 19:30:00,361.1311950683594,362.0,360.94000244140625,361.55999755859375,339159
2025-10-28 13:30:00,361.2200012207031,362.04998779296875,359.44000244140625,362.04998779296875,161124
2025-10-28 14:30:00,361.8699951171875,362.3500061035156,360.82000732421875,361.3800048828125,187996
2025-10-28 15:30:00,361.3699951171875,361.4100036621094,360.20928955078125,361.1099853515625,114942
2025-10-28 16:30:00,361.0,362.4599914550781,361.0,362.010009765625,106045
2025-10-28 17:30:00,362.0299987792969,362.5299987792969,361.7419128417969,361.95001220703125,94884
2025-10-28 18:30:00,361.80999755859375,362.2099914550781,361.0841064453125,361.3900146484375,120043
2025-10-28 19:30:00,361.2550048828125,361.7200012207031,360.69000244140625,361.1600036621094,257302
2025-10-29 13:30:00,359.0,361.3999938964844,356.9100036621094,360.0299987792969,222798
2025-10-29 14:30:00,359.94500732421875,361.4750061035156,358.7991027832031,360.2099914550781,131653
2025-10-29 15:30:00,360.2099914550781,362.0,360.1400146484375,360.989990234375,174465
2025-10-29 16:30:00,361.0,361.5,359.4700012207031,359.8399963378906,101654
2025-10-29 17:30:00,359.6400146484375,360.70001220703125,359.0400085449219,359.489990234375,127483
2025-10-29 18:30:00,359.6000061035156,359.9100036621094,356.0264892578125,357.1000061035156,306044
2025-10-29 19:30:00,357.3500061035156,358.3299865722656,355.8800048828125,358.32000732421875,335843
2025-10-30 13:30:00,358.5899963378906,363.510009765625,357.9599914550781,363.14599609375,357385
2025-10-30 14:30:00,363.30999755859375,365.75,363.2300109863281,364.5,236822
2025-10-30 15:30:00,364.4200134277344,364.8785095214844,363.17999267578125,364.510009765625,214042
2025-10-30 16:30:00,364.42999267578125,364.4800109863281,361.8999938964844,362.75,320357
2025-10-30 17:30:00,362.6400146484375,362.875,360.3800048828125,360.8999938964844,135541
2025-10-30 18:30:00,360.9649963378906,361.2200012207031,359.6400146484375,360.13616943359375,151649
2025-10-30 19:30:00,360.17999267578125,360.5799865722656,358.1199951171875,358.8500061035156,313936
2025-10-31 13:30:00,357.0,361.3800048828125,356.0,360.3500061035156,327775
2025-10-31 14:30:00,360.29998779296875,361.989990234375,359.92999267578125,360.5400085449219,174285
2025-10-31 15:30:00,360.5150146484375,360.9800109863281,359.2699890136719,360.6449890136719,250750
2025-10-31 16:30:00,360.5799865722656,361.17999267578125,358.260009765625,358.2900085449219,208841
2025-10-31 17:30:00,358.3999938964844,360.69500732421875,357.5,360.45001220703125,127350
2025-10-31 18:30:00,360.51800537109375,361.6600036621094,360.1000061035156,361.57000732421875,178505
2025-10-31 19:30:00,361.6700134277344,361.875,360.6099853515625,360.7300109863281,300533
2025-11-03 14:30:00,361.0,362.8949890136719,358.8999938964844,359.260009765625,335460
2025-11-03 15:30:00,359.32000732421875,362.8656921386719,358.8500061035156,362.42999267578125,188237
2025-11-03 16:30:00,362.3699951171875,363.42999267578125,361.69000244140625,361.8800048828125,123073
2025-11-03 17:30:00,361.9100036621094,362.8399963378906,360.8399963378906,361.2149963378906,133047
2025-11-03 18:30:00,361.260009765625,363.1400146484375,361.260009765625,363.07000732421875,120746
2025-11-03 19:30:00,363.0199890136719,363.5400085449219,362.04998779296875,362.2300109863281,165989
2025-11-03 20:30:00,362.2300109863281,362.4700012207031,361.20001220703125,361.6400146484375,347262
2025-11-04 14:30:00,359.32000732421875,362.3699951171875,356.8500061035156,362.12200927734375,303674
2025-11-04 15:30:00,361.94500732421875,362.5400085449219,360.7699890136719,361.4700012207031,150039
2025-11-04 16:30:00,361.30999755859375,362.0799865722656,360.2200012207031,361.0458984375,122214
2025-11-04 17:30:00,361.0,361.67999267578125,359.6099853515625,359.6499938964844,157379
2025-11-04 18:30:00,359.6600036621094,360.5400085449219,359.0400085449219,360.19000244140625,164480
2025-11-04 19:30:00,360.2349853515625,360.75579833984375,359.8500061035156,360.3299865722656,178459
2025-11-04 20:30:00,360.2699890136719,361.3599853515625,359.8900146484375,360.5299987792969,337355
2025-11-05 14:30:00,359.69000244140625,362.22430419921875,356.4100036621094,361.3599853515625,331934
2025-11-05 15:30:00,361.0799865722656,362.1700134277344,360.54998779296875,362.0325012207031,141088
2025-11-05 16:30:00,361.94000244140625,365.4100036621094,361.7300109863281,365.3800048828125,224016
2025-11-05 17:30:00,365.4100036621094,365.9200134277344,364.7300109863281,365.0899963378906,158299
2025-11-05 18:30:00,364.9800109863281,365.20001220703125,363.7699890136719,364.5050048828125,153172
2025-11-05 19:30:00,364.4700012207031,366.8399963378906,364.3700866699219,366.55499267578125,294009
2025-11-05 20:30:00,366.6000061035156,367.8150939941406,365.6000061035156,365.82000732421875,459074
2025-11-06 14:30:00,366.0400085449219,369.260009765625,365.875,367.6734924316406,394665
2025-11-06 15:30:00,367.6499938964844,367.6600036621094,363.3900146484375,364.07000732421875,215765
2025-11-06 16:30:00,364.0849914550781,365.3399963378906,362.41009521484375,363.0,204042
2025-11-06 17:30:00,362.79998779296875,365.1000061035156,362.7749938964844,364.95599365234375,138801
2025-11-06 18:30:00,364.94000244140625,366.9200134277344,364.75,366.9200134277344,177622
2025-11-06 19:30:00,366.8399963378906,367.5,366.42498779296875,366.6499938964844,303206
2025-11-06 20:30:00,366.6449890136719,367.2099914550781,365.45001220703125,365.7799987792969,513049
2025-11-07 14:30:00,364.1400146484375,366.8299865722656,361.0,365.6499938964844,367302
2025-11-07 15:30:00,365.79998779296875,366.3399963378906,363.239990234375,364.0050048828125,255485
2025-11-07 16:30:00,364.0199890136719,365.1300048828125,362.8450012207031,364.45001220703125,226629
2025-11-07 17:30:00,364.5050048828125,366.44000244140625,363.8299865722656,366.0093994140625,488121
2025-11-07 18:30:00,366.0,366.4200134277344,365.0315856933594,366.3599853515625,179938
2025-11-07 19:30:00,366.3699951171875,370.0,366.3450012207031,367.2250061035156,318951
2025-11-07 20:30:00,367.29998779296875,369.25,367.20001220703125,368.5450134277344,458674
2025-11-10 14:30:00,369.4800109863281,371.79998779296875,363.2200012207031,364.5,499237
2025-11-10 15:30:00,364.57000732421875,365.0,362.760009765625,364.55999755859375,261273
2025-11-10 16:30:00,364.55999755859375,367.6499938964844,364.55999755859375,367.3599853515625,310950
2025-11-10 17:30:00,367.4599914550781,367.8699951171875,366.3800048828125,367.3599853515625,247484
2025-11-10 18:30:00,367.3599853515625,369.0799865722656,367.0,368.9700012207031,233516
2025-11-10 19:30:00,368.94500732421875,370.1400146484375,368.17999267578125,368.5299987792969,392590
2025-11-10 20:30:00,368.510009765625,368.9800109863281,367.2300109863281,367.8900146484375,433165
2025-11-11 14:30:00,367.8900146484375,369.57000732421875,366.260009765625,369.0199890136719,225796
2025-11-11 15:30:00,369.0350036621094,371.2799987792969,369.0299987792969,370.739990234375,218912
2025-11-11 16:30:00,370.70001220703125,371.7699890136719,370.3500061035156,371.7300109863281,230040
2025-11-11 17:30:00,371.68499755859375,373.0799865722656,371.29998779296875,372.239990234375,253019
2025-11-11 18:30:00,372.3599853515625,372.67999267578125,371.3900146484375,372.5849914550781,228998
2025-11-11 19:30:00,372.5849914550781,372.70989990234375,370.4700012207031,370.6099853515625,250029
2025-11-11 20:30:00,370.510009765625,370.9800109863281,369.760009765625,370.239990234375,308771
2025-11-12 14:30:00,371.1099853515625,377.2300109863281,370.510009765625,376.5299987792969,564608
2025-11-12 15:30:00,376.4100036621094,377.2200012207031,373.95001220703125,375.0799865722656,441043
2025-11-12 16:30:00,375.0,375.1499938964844,373.510009765625,373.8949890136719,245546
2025-11-12 17:30:00,373.8420104980469,375.1000061035156,373.5,373.69000244140625,178887
2025-11-12 18:30:00,373.7250061035156,374.4700012207031,373.427001953125,374.1099853515625,142432
2025-11-12 19:30:00,374.17498779296875,374.6700134277344,373.9700012207031,374.42999267578125,224896
2025-11-12 20:30:00,374.4599914550781,375.0899963378906,372.3500061035156,372.69000244140625,550207
2025-11-13 14:30:00,371.0899963378906,373.8908996582031,371.0899963378906,371.7099914550781,327776
2025-11-13 15:30:00,371.67999267578125,372.2900085449219,368.42999267578125,368.7799987792969,190007
2025-11-13 16:30:00,368.55999755859375,369.29998779296875,367.3599853515625,368.402099609375,207654
2025-11-13 17:30:00,368.5050048828125,369.2666015625,367.55999755859375,367.94000244140625,126661
2025-11-13 18:30:00,367.739990234375,367.8999938964844,366.57000732421875,367.5899963378906,157624
2025-11-13 19:30:00,367.61199951171875,367.7900085449219,363.7200012207031,364.3399963378906,303288
2025-11-13 20:30:00,364.42999267578125,365.80999755859375,363.3399963378906,364.7200012207031,518434
2025-11-14 14:30:00,361.79998779296875,362.20001220703125,355.3999938964844,357.82000732421875,580723
2025-11-14 15:30:00,357.82501220703125,359.57501220703125,356.8595886230469,358.5450134277344,299337
2025-11-14 16:30:00,358.5450134277344,359.1050109863281,357.6700134277344,359.0,218718
2025-11-14 17:30:00,358.9800109863281,359.55999755859375,357.8599853515625,358.9100036621094,161115
2025-11-14 18:30:00,358.9700012207031,360.1400146484375,358.3810119628906,358.8949890136719,272510
2025-11-14 19:30:00,359.0,359.3299865722656,357.17999267578125,357.8450012207031,339433
2025-11-14 20:30:00,357.8299865722656,357.856689453125,356.3599853515625,357.17999267578125,460572
2025-11-17 14:30:00,356.2200012207031,358.2300109863281,355.0,356.3599853515625,265577
2025-11-17 15:30:00,356.3299865722656,356.5,352.32000732421875,354.0299987792969,289864
2025-11-17 16:30:00,354.0,354.5299987792969,353.3599853515625,354.0299987792969,227934
2025-11-17 17:30:00,354.1000061035156,354.2882080078125,350.2699890136719,350.3699951171875,249088
2025-11-17 18:30:00,350.25,350.2799987792969,343.489990234375,344.676513671875,753626
2025-11-17 19:30:00,344.510009765625,344.739990234375,339.3999938964844,340.6217041015625,620669
2025-11-17 20:30:00,340.4100036621094,342.9200134277344,339.45001220703125,341.260009765625,671942
2025-11-18 14:30:00,336.8500061035156,339.30999755859375,334.1000061035156,334.9100036621094,1068672
2025-11-18 15:30:00,334.8800048828125,337.67999267578125,334.1199951171875,337.3550109863281,475120
2025-11-18 16:30:00,337.3550109863281,337.86468505859375,334.79998779296875,335.5400085449219,374171
2025-11-18 17:30:00,335.4800109863281,343.4609069824219,335.2900085449219,342.6216125488281,355051
2025-11-18 18:30:00,342.54998779296875,343.20001220703125,341.25,342.6499938964844,335398
2025-11-18 19:30:00,342.7300109863281,343.7250061035156,341.0201110839844,341.5360107421875,255308
2025-11-18 20:30:00,341.4649963378906,342.3699951171875,340.42999267578125,340.6499938964844,465137
2025-11-19 14:30:00,341.7099914550781,343.4375915527344,341.0,342.80999755859375,349414
2025-11-19 15:30:00,342.81500244140625,343.3399963378906,341.5,341.8800048828125,329616
2025-11-19 16:30:00,341.7749938964844,343.2200012207031,340.7427062988281,342.8900146484375,172114
2025-11-19 17:30:00,342.739990234375,344.3399963378906,341.44500732421875,343.739990234375,157962
2025-11-19 18:30:00,343.6600036621094,345.0,341.8500061035156,342.05999755859375,143739
2025-11-19 19:30:00,342.1300048828125,344.6199951171875,341.9599914550781,344.0050048828125,175412
2025-11-19 20:30:00,343.989990234375,345.32000732421875,343.69000244140625,344.79998779296875,288592
2025-11-20 14:30:00,349.9700012207031,353.07000732421875,348.7900085449219,352.868896484375,406728
2025-11-20 15:30:00,352.9700012207031,353.13330078125,347.54998779296875,348.04998779296875,262287
2025-11-20 16:30:00,348.04998779296875,348.2300109863281,341.54998779296875,342.4849853515625,274072
2025-11-20 17:30:00,342.4800109863281,345.0799865722656,340.3200988769531,343.9649963378906,204085
2025-11-20 18:30:00,344.05499267578125,345.0400085449219,341.25,344.7099914550781,260994
2025-11-20 19:30:00,344.6099853515625,345.17999267578125,343.2699890136719,344.3900146484375,364647
2025-11-20 20:30:00,344.3500061035156,344.6199951171875,342.4750061035156,343.9100036621094,882011
2025-11-21 14:30:00,345.6000061035156,348.83990478515625,344.29998779296875,347.17498779296875,559972
2025-11-21 15:30:00,347.17999267578125,350.95001220703125,344.760009765625,350.95001220703125,314555
2025-11-21 16:30:00,351.0299987792969,356.30999755859375,350.44000244140625,355.92498779296875,401466
2025-11-21 17:30:00,356.0,356.1600036621094,351.3399963378906,352.5799865722656,254034
2025-11-21 18:30:00,352.45001220703125,355.7699890136719,352.3699951171875,355.0201110839844,264859
2025-11-21 19:30:00,355.0199890136719,355.8299865722656,352.0899963378906,352.1499938964844,210209
2025-11-21 20:30:00,352.0539855957031,354.0299987792969,351.8699951171875,352.9800109863281,522377
2025-11-24 14:30:00,353.6199951171875,355.2799987792969,350.18011474609375,353.1000061035156,399864
2025-11-24 15:30:00,353.1000061035156,355.95001220703125,352.56500244140625,355.2699890136719,220496
2025-11-24 16:30:00,355.2699890136719,355.44000244140625,353.1600036621094,354.54998779296875,175655
2025-11-24 17:30:00,354.5799865722656,355.20001220703125,353.2950134277344,354.739990234375,196314
2025-11-24 18:30:00,354.7099914550781,355.4700012207031,354.5150146484375,355.1050109863281,146629
2025-11-24 19:30:00,355.0899963378906,356.3900146484375,354.6400146484375,355.7749938964844,222241
2025-11-24 20:30:00,355.82000732421875,356.17999267578125,354.2799987792969,355.9800109863281,730584
2025-11-25 14:30:00,357.04998779296875,359.70001220703125,355.30999755859375,358.20001220703125,347671
2025-11-25 15:30:00,358.0899963378906,360.0199890136719,357.92498779296875,359.05999755859375,161164
2025-11-25 16:30:00,359.1300048828125,360.6400146484375,359.1300048828125,360.6000061035156,108047
2025-11-25 17:30:00,360.6600036621094,361.8500061035156,360.6499938964844,361.625,134219
2025-11-25 18:30:00,361.6300048828125,361.80999755859375,360.9599914550781,361.4200134277344,107109
2025-11-25 19:30:00,361.5199890136719,363.7699890136719,361.4100036621094,362.9750061035156,373953
2025-11-25 20:30:00,362.9750061035156,363.5625,362.2900085449219,362.739990234375,270687
2025-11-26 14:30:00,362.7099914550781,366.2300109863281,362.7099914550781,365.4100036621094,259806
2025-11-26 15:30:00,365.32000732421875,366.32989501953125,364.6700134277344,365.2449951171875,148268
2025-11-26 16:30:00,365.31500244140625,366.05999755859375,364.95001220703125,365.6400146484375,135903
2025-11-26 17:30:00,365.6700134277344,366.70001220703125,365.5899963378906,365.875,176368
2025-11-26 18:30:00,365.760009765625,366.54998779296875,365.2699890136719,366.45001220703125,116267
2025-11-26 19:30:00,366.4599914550781,366.7300109863281,365.4200134277344,366.1300048828125,140591
2025-11-26 20:30:00,366.1300048828125,366.3699951171875,363.92999267578125,363.95001220703125,236938
2025-11-28 14:30:00,365.69000244140625,367.1499938964844,364.010009765625,366.3999938964844,174962
2025-11-28 15:30:00,366.2900085449219,367.431396484375,366.0950012207031,367.1099853515625,134719
2025-11-28 16:30:00,366.9949951171875,367.5249938964844,366.17999267578125,366.32000732421875,105362
2025-12-01 14:30:00,363.8599853515625,366.5299987792969,362.25,362.44000244140625,331684
2025-12-01 15:30:00,362.43499755859375,364.9320068359375,361.69000244140625,364.6099853515625,172230
2025-12-01 16:30:00,364.6600036621094,365.2300109863281,364.3299865722656,364.5791931152344,155252
2025-12-01 17:30:00,364.5050048828125,364.6300048828125,363.73699951171875,364.2099914550781,109349
2025-12-01 18:30:00,364.2149963378906,364.6199951171875,361.6820068359375,362.010009765625,180764
2025-12-01 19:30:00,362.1160888671875,362.8500061035156,361.68499755859375,362.510009765625,163552
2025-12-01 20:30:00,362.510009765625,362.510009765625,360.1400146484375,360.44000244140625,528908
2025-12-02 14:30:00,362.0799865722656,362.2799987792969,357.3500061035156,359.6600036621094,330308
2025-12-02 15:30:00,359.67999267578125,362.1600036621094,359.3900146484375,360.2200012207031,185714
2025-12-02 16:30:00,360.3900146484375,362.3699951171875,360.25,362.260009765625,100305
2025-12-02 17:30:00,362.2799987792969,362.32000732421875,359.1600036621094,359.4100036621094,162790
2025-12-02 18:30:00,359.30999755859375,362.4383850097656,359.30999755859375,362.37109375,139506
2025-12-02 19:30:00,362.3299865722656,363.6600036621094,362.25,363.3949890136719,165687
2025-12-02 20:30:00,363.3500061035156,363.6600036621094,360.6300048828125,360.6600036621094,324284
2025-12-03 14:30:00,361.0199890136719,366.3349914550781,360.80010986328125,365.6600036621094,297247
2025-12-03 15:30:00,365.6499938964844,366.6968078613281,365.1000061035156,365.55999755859375,176745
2025-12-03 16:30:00,365.3699951171875,368.2799072265625,365.3468017578125,368.1549987792969,151895
2025-12-03 17:30:00,368.04998779296875,369.625,367.9100036621094,368.82000732421875,327123
2025-12-03 18:30:00,368.82000732421875,369.7250061035156,368.739990234375,369.42999267578125,191437
2025-12-03 19:30:00,369.510009765625,370.20001220703125,368.7200012207031,369.2699890136719,331219
2025-12-03 20:30:00,369.2699890136719,369.45001220703125,368.0899963378906,368.17999267578125,417451
2025-12-04 14:30:00,368.989990234375,373.05999755859375,368.2300109863281,373.0210876464844,432199
2025-12-04 15:30:00,372.82000732421875,372.8399963378906,371.010009765625,371.5299987792969,214764
2025-12-04 16:30:00,371.6099853515625,372.20001220703125,370.8949890136719,371.7349853515625,170531
2025-12-04 17:30:00,371.7699890136719,372.7699890136719,371.5,372.6600036621094,158210
2025-12-04 18:30:00,372.6199951171875,372.82000732421875,370.3299865722656,370.864013671875,137533
2025-12-04 19:30:00,370.7200012207031,371.6099853515625,370.5,370.9200134277344,198437
2025-12-04 20:30:00,370.8699951171875,371.29998779296875,370.3200988769531,371.2099914550781,267240
2025-12-05 14:30:00,369.45001220703125,374.875,369.05999755859375,373.5249938964844,333504
2025-12-05 15:30:00,373.5249938964844,373.9200134277344,373.05999755859375,373.239990234375,180244
2025-12-05 16:30:00,373.1600036621094,373.3800048828125,371.6700134277344,371.7099914550781,178881
2025-12-05 17:30:00,371.75,373.6700134277344,371.3299865722656,372.8450012207031,141091
2025-12-05 18:30:00,372.8450012207031,373.25,371.4599914550781,371.831787109375,137207
2025-12-05 19:30:00,371.7850036621094,371.8599853515625,370.92999267578125,371.69000244140625,189505
2025-12-05 20:30:00,371.67999267578125,372.0,369.95001220703125,370.32000732421875,336465
2025-12-08 14:30:00,369.9100036621094,370.0,364.6600036621094,366.1499938964844,349008
2025-12-08 15:30:00,366.25,366.6773986816406,362.67999267578125,363.6600036621094,279197
2025-12-08 16:30:00,363.6050109863281,363.67498779296875,360.70001220703125,361.1300048828125,301380
2025-12-08 17:30:00,361.1400146484375,362.1099853515625,361.0,361.5150146484375,208256
2025-12-08 18:30:00,361.4100036621094,363.1400146484375,361.1199951171875,362.54998779296875,149345
2025-12-08 19:30:00,362.5199890136719,363.6400146484375,362.30999755859375,362.9800109863281,196840
2025-12-08 20:30:00,362.8999938964844,363.1148986816406,361.8999938964844,362.3399963378906,461435
2025-12-09 14:30:00,363.0299987792969,366.1050109863281,363.010009765625,365.70001220703125,281128
2025-12-09 15:30:00,365.6700134277344,367.3999938964844,365.05499267578125,366.9100036621094,152225
2025-12-09 16:30:00,366.94000244140625,368.07000732421875,366.6499938964844,366.7799987792969,184053
2025-12-09 17:30:00,366.8399963378906,367.2850036621094,364.489990234375,364.9599914550781,180870
2025-12-09 18:30:00,365.0799865722656,365.1449890136719,362.75,362.8699951171875,214924
2025-12-09 19:30:00,362.8800048828125,365.3299865722656,362.5,364.0199890136719,267522
2025-12-09 20:30:00,364.0199890136719,364.1199951171875,363.31500244140625,363.8999938964844,347357
2025-12-10 14:30:00,363.0,371.1600036621094,363.0,369.18499755859375,238542
2025-12-10 15:30:00,369.114990234375,372.6300048828125,368.25,371.9801025390625,197267
2025-12-10 16:30:00,372.125,373.17999267578125,371.1099853515625,372.80999755859375,197910
2025-12-10 17:30:00,372.7850036621094,373.94000244140625,372.3699951171875,373.1700134277344,283104
2025-12-10 18:30:00,373.1000061035156,374.7900085449219,371.60009765625,373.6499938964844,314311
2025-12-10 19:30:00,373.75,377.9800109863281,373.75,376.8699951171875,354839
2025-12-10 20:30:00,376.8349914550781,377.5400085449219,375.3500061035156,375.54998779296875,420106
2025-12-11 14:30:00,376.5,383.2200012207031,375.6000061035156,381.79998779296875,328503
2025-12-11 15:30:00,381.79998779296875,383.4200134277344,381.0,382.2286071777344,311236
2025-12-11 16:30:00,382.2200012207031,383.0899963378906,381.54998779296875,381.94000244140625,201867
2025-12-11 17:30:00,381.9599914550781,383.1000061035156,381.8500061035156,382.19500732421875,175793
2025-12-11 18:30:00,382.2699890136719,383.8500061035156,381.5,383.8299865722656,274943
2025-12-11 19:30:00,383.8299865722656,385.8550109863281,383.1199951171875,385.30499267578125,423797
2025-12-11 20:30:00,385.3800048828125,385.9200134277344,384.6449890136719,384.8500061035156,406287
2025-12-12 14:30:00,386.489990234375,387.489990234375,383.6973876953125,384.29998779296875,339398
2025-12-12 15:30:00,384.5899963378906,385.6600036621094,380.1499938964844,380.8299865722656,266621
2025-12-12 16:30:00,380.54998779296875,381.2799987792969,378.7300109863281,379.010009765625,293270
2025-12-12 17:30:00,379.010009765625,381.739990234375,378.6000061035156,380.8699951171875,265375
2025-12-12 18:30:00,380.80499267578125,381.55999755859375,379.7099914550781,380.0799865722656,191108
2025-12-12 19:30:00,380.06500244140625,381.8800048828125,379.760009765625,380.489990234375,231588
2025-12-12 20:30:00,380.489990234375,382.5799865722656,379.8299865722656,382.55999755859375,448836
2025-12-15 14:30:00,384.3999938964844,385.75,382.6300048828125,383.260009765625,319165
2025-12-15 15:30:00,383.1400146484375,384.20001220703125,381.7799987792969,383.05499267578125,211564
2025-12-15 16:30:00,383.05499267578125,383.1700134277344,380.489990234375,380.489990234375,137257
2025-12-15 17:30:00,380.4800109863281,381.4100036621094,379.864990234375,380.80999755859375,245244
2025-12-15 18:30:00,380.80999755859375,382.739990234375,380.3999938964844,381.9700012207031,134368
2025-12-15 19:30:00,382.125,382.85650634765625,381.70001220703125,382.3500061035156,275700
2025-12-15 20:30:00,382.3999938964844,383.25,381.4100036621094,382.6199951171875,773290
2025-12-16 14:30:00,384.0,384.7799987792969,380.2853088378906,381.0950012207031,329281
2025-12-16 15:30:00,380.8800048828125,382.7298889160156,380.81500244140625,381.6300048828125,116961
2025-12-16 16:30:00,381.6050109863281,382.489990234375,380.17999267578125,380.3500061035156,132040
2025-12-16 17:30:00,380.5,381.30999755859375,378.8699951171875,379.5400085449219,210518
2025-12-16 18:30:00,379.5400085449219,381.125,378.82000732421875,379.7799987792969,177311
2025-12-16 19:30:00,379.7799987792969,381.2799987792969,379.18499755859375,380.3599853515625,426749
2025-12-16 20:30:00,380.4100036621094,381.7699890136719,380.2799987792969,381.1700134277344,448889
2025-12-17 14:30:00,381.54998779296875,384.3399963378906,380.9049987792969,382.57000732421875,329084
2025-12-17 15:30:00,382.57000732421875,382.82000732421875,377.1014099121094,378.30999755859375,419759
2025-12-17 16:30:00,378.25,378.7699890136719,377.17999267578125,377.69000244140625,202412
2025-12-17 17:30:00,377.7950134277344,378.347900390625,376.75,376.7699890136719,170986
2025-12-17 18:30:00,376.7099914550781,377.4100036621094,376.3374938964844,376.82000732421875,188780
2025-12-17 19:30:00,376.79998779296875,378.0799865722656,376.3500061035156,376.3500061035156,260997
2025-12-17 20:30:00,376.3900146484375,376.4100036621094,374.54998779296875,375.5199890136719,607413
2025-12-18 14:30:00,380.0,380.5400085449219,377.8900146484375,378.8800048828125,325507
2025-12-18 15:30:00,378.9200134277344,380.260009765625,377.8800048828125,378.7900085449219,564708
2025-12-18 16:30:00,378.760009765625,379.04998779296875,373.85009765625,374.635009765625,169656
2025-12-18 17:30:00,374.489990234375,376.3299865722656,374.2099914550781,375.7200012207031,210994
2025-12-18 18:30:00,375.75,376.5400085449219,375.4599914550781,376.1300048828125,179573
2025-12-18 19:30:00,376.0600891113281,377.32000732421875,375.1700134277344,376.80499267578125,275254
2025-12-18 20:30:00,376.79998779296875,377.1549987792969,375.3500061035156,375.5199890136719,515565
2025-12-19 14:30:00,375.5400085449219,377.54998779296875,373.1000061035156,375.5299987792969,1313930
2025-12-19 15:30:00,375.5975036621094,375.739990234375,372.7699890136719,374.82000732421875,245028
2025-12-19 16:30:00,374.8399963378906,375.8699951171875,373.7300109863281,375.6199951171875,387248
2025-12-19 17:30:00,375.54998779296875,376.6600036621094,375.0,376.1199951171875,209604
2025-12-19 18:30:00,376.1199951171875,377.07501220703125,375.739990234375,376.5350036621094,273399
2025-12-19 19:30:00,376.5350036621094,377.510009765625,376.1099853515625,376.1099853515625,477500
2025-12-19 20:30:00,376.0799865722656,376.489990234375,374.7850036621094,376.3500061035156,739034
2025-12-22 14:30:00,378.3299865722656,380.32000732421875,377.0799865722656,378.9200134277344,367354
2025-12-22 15:30:00,378.9200134277344,381.69500732421875,378.9200134277344,381.45001220703125,277741
2025-12-22 16:30:00,381.4200134277344,381.8800048828125,380.69000244140625,381.40509033203125,176590
2025-12-22 17:30:00,381.4200134277344,381.7998962402344,379.8699951171875,380.625,242112
2025-12-22 18:30:00,380.6400146484375,381.2799987792969,380.37701416015625,380.9599914550781,127858
2025-12-22 19:30:00,380.9849853515625,382.4200134277344,380.75,381.4649963378906,421583
2025-12-22 20:30:00,381.4599914550781,381.510009765625,380.739990234375,380.8599853515625,389566
2025-12-23 14:30:00,380.75,381.97100830078125,380.1000061035156,380.8699951171875,183427
2025-12-23 15:30:00,380.864990234375,381.45001220703125,380.260009765625,380.3299865722656,108975
2025-12-23 16:30:00,380.3399963378906,382.79998779296875,380.3269958496094,382.5400085449219,160215
2025-12-23 17:30:00,382.5700988769531,384.1499938964844,382.4100036621094,383.8699951171875,103021
2025-12-23 18:30:00,383.9800109863281,384.54998779296875,383.0899963378906,383.3599853515625,141358
2025-12-23 19:30:00,383.3599853515625,383.5899963378906,382.6499938964844,382.9100036621094,111556
2025-12-23 20:30:00,382.9280090332031,383.2099914550781,382.0,382.19000244140625,246903
2025-12-24 14:30:00,382.19000244140625,382.9989929199219,380.7349853515625,382.79998779296875,131413
2025-12-24 15:30:00,382.68499755859375,383.6400146484375,381.8949890136719,383.5,116020
2025-12-24 16:30:00,383.5,384.3599853515625,383.0249938964844,384.2699890136719,133540
2025-12-26 14:30:00,382.3299865722656,382.6700134277344,380.2699890136719,382.1700134277344,144772
2025-12-26 15:30:00,382.1499938964844,382.510009765625,381.489990234375,382.0199890136719,82630
2025-12-26 16:30:00,382.0199890136719,382.29998779296875,381.29998779296875,381.6600036621094,44463
2025-12-26 17:30:00,381.75,381.8204040527344,380.4649963378906,380.7349853515625,44676
2025-12-26 18:30:00,380.7467956542969,381.44989013671875,380.70001220703125,381.0,51384
2025-12-26 19:30:00,381.0,381.6000061035156,380.57000732421875,381.0799865722656,112834
2025-12-26 20:30:00,381.1099853515625,381.6799011230469,380.9100036621094,381.0450134277344,174413
2025-12-29 14:30:00,381.0,381.3900146484375,376.55999755859375,376.8800048828125,230398
2025-12-29 15:30:00,376.79998779296875,378.2200012207031,376.5899963378906,377.4200134277344,135958
2025-12-29 16:30:00,377.42498779296875,377.6650085449219,376.4200134277344,376.625,129182
2025-12-29 17:30:00,376.625,376.92999267578125,375.9800109863281,376.75,101792
2025-12-29 18:30:00,376.7349853515625,377.29998779296875,375.7200012207031,376.19500732421875,138914
2025-12-29 19:30:00,376.2025146484375,376.79998779296875,375.6400146484375,376.5050048828125,167732
2025-12-29 20:30:00,376.5050048828125,376.6300048828125,375.0,375.3299865722656,294837
2025-12-30 14:30:00,375.0299987792969,375.42999267578125,372.95001220703125,374.04998779296875,151433
2025-12-30 15:30:00,373.94189453125,374.4100036621094,373.5600891113281,374.3699951171875,115377
2025-12-30 16:30:00,374.3999938964844,374.55999755859375,373.25,374.40240478515625,124780
2025-12-30 17:30:00,374.5199890136719,374.8299865722656,374.0400085449219,374.3599853515625,99971
2025-12-30 18:30:00,374.32000732421875,374.4599914550781,374.0,374.07501220703125,77617
2025-12-30 19:30:00,374.07000732421875,374.489990234375,373.75,374.0199890136719,104921
2025-12-30 20:30:00,374.0199890136719,374.2349853515625,373.0899963378906,373.4200134277344,237785
2025-12-31 14:30:00,373.2699890136719,374.3699951171875,371.1700134277344,372.0849914550781,154306
2025-12-31 15:30:00,372.05499267578125,372.9320068359375,371.80999755859375,372.5199890136719,106181
2025-12-31 16:30:00,372.510009765625,372.677490234375,371.9599914550781,372.0899963378906,77319
2025-12-31 17:30:00,372.07000732421875,372.4800109863281,371.6099853515625,372.0799865722656,97430
2025-12-31 18:30:00,372.1400146484375,372.7799987792969,371.92999267578125,372.010009765625,93703
2025-12-31 19:30:00,372.0350036621094,372.1000061035156,370.7099914550781,370.8900146484375,148280
2025-12-31 20:30:00,370.8399963378906,371.2799987792969,369.8699951171875,370.0299987792969,209867
2026-01-02 14:30:00,369.5,370.7799987792969,367.25,368.25,278022
2026-01-02 15:30:00,368.1300048828125,371.5899963378906,368.1300048828125,370.67999267578125,188141
2026-01-02 16:30:00,370.760009765625,371.5050048828125,369.2900085449219,371.3299865722656,165176
2026-01-02 17:30:00,371.3299865722656,371.7898864746094,369.6650085449219,369.8349914550781,160127
2026-01-02 18:30:00,369.8299865722656,371.69000244140625,369.510009765625,371.4800109863281,97672
2026-01-02 19:30:00,371.4696044921875,372.8699951171875,371.4696044921875,371.7699890136719,128436
2026-01-02 20:30:00,371.7799987792969,372.80999755859375,371.25,372.6199951171875,321676
2026-01-05 14:30:00,372.29998779296875,383.70001220703125,372.25,383.70001220703125,329555
2026-01-05 15:30:00,383.6300048828125,383.6300048828125,379.5000915527344,379.6600036621094,332687
2026-01-05 16:30:00,379.67999267578125,381.7300109863281,379.6650085449219,381.20001220703125,198256
2026-01-05 17:30:00,381.260009765625,382.6600036621094,381.07000732421875,382.1700134277344,162784
2026-01-05 18:30:00,382.1867980957031,382.7099914550781,381.3800048828125,382.1400146484375,150902
2026-01-05 19:30:00,382.1400146484375,382.30499267578125,379.6099853515625,380.2799987792969,217347
2026-01-05 20:30:00,380.2850036621094,380.54998779296875,379.2200012207031,379.8299865722656,301574
2026-01-06 14:30:00,379.9849853515625,380.9700012207031,376.2049865722656,378.4800109863281,280499
2026-01-06 15:30:00,378.54998779296875,382.0,378.0,381.4700012207031,176515
2026-01-06 16:30:00,381.6499938964844,384.0,381.57000732421875,383.87200927734375,199113
2026-01-06 17:30:00,383.9150085449219,385.1700134277344,382.94000244140625,384.9599914550781,199651
2026-01-06 18:30:00,384.9599914550781,386.260009765625,383.7049865722656,383.8699951171875,245782
2026-01-06 19:30:00,383.8699951171875,384.7900085449219,383.3349914550781,384.0,216979
2026-01-06 20:30:00,383.8500061035156,384.1300048828125,383.5400085449219,383.81500244140625,247726
2026-01-07 14:30:00,383.8999938964844,384.989990234375,377.25,377.6099853515625,255519
2026-01-07 15:30:00,377.6099853515625,380.8900146484375,377.25,380.5950012207031,207378
2026-01-07 16:30:00,380.5950012207031,382.9599914550781,380.5299987792969,382.6000061035156,128823
2026-01-07 17:30:00,382.489990234375,382.5899963378906,380.9700012207031,381.3999938964844,207938
2026-01-07 18:30:00,381.3999938964844,382.17999267578125,381.1099853515625,381.6000061035156,102085
2026-01-07 19:30:00,381.6000061035156,382.2699890136719,378.17999267578125,378.25,356671
2026-01-07 20:30:00,378.17999267578125,378.54998779296875,376.5199890136719,378.239990234375,453469
2026-01-08 14:30:00,378.1700134277344,380.8399963378906,376.510009765625,380.260009765625,266774
2026-01-08 15:30:00,380.09100341796875,383.760009765625,379.739990234375,383.6400146484375,260990
2026-01-08 16:30:00,383.739990234375,385.1000061035156,383.17999267578125,384.1600036621094,211805
2026-01-08 17:30:00,384.1600036621094,385.1300048828125,383.4175109863281,383.5,216134
2026-01-08 18:30:00,383.6099853515625,384.2900085449219,382.75,383.80999755859375,214168
2026-01-08 19:30:00,383.80999755859375,384.3699951171875,383.3599853515625,384.30999755859375,197073
2026-01-08 20:30:00,384.3399963378906,384.4200134277344,382.7300109863281,383.114990234375,418363
2026-01-09 14:30:00,383.0,384.8900146484375,377.55499267578125,379.2449951171875,437873
2026-01-09 15:30:00,379.2099914550781,380.6300048828125,377.19000244140625,380.1099853515625,243464
2026-01-09 16:30:00,380.1300048828125,380.239990234375,378.2300109863281,378.5849914550781,186839
2026-01-09 17:30:00,378.510009765625,378.8800048828125,374.5299987792969,374.7699890136719,255761
2026-01-09 18:30:00,374.7699890136719,375.57000732421875,373.8316955566406,374.3900146484375,307805
2026-01-09 19:30:00,374.3192138671875,376.6499938964844,374.2799987792969,376.364990234375,301706
2026-01-09 20:30:00,376.45001220703125,377.1600036621094,375.6199951171875,375.6199951171875,460873
2026-01-12 14:30:00,360.5,361.7950134277344,355.5061950683594,355.7300109863281,2051043
2026-01-12 15:30:00,355.7300109863281,360.1496887207031,355.6000061035156,359.125,1024934
2026-01-12 16:30:00,359.0799865722656,360.1300048828125,358.29998779296875,360.1300048828125,558435
2026-01-12 17:30:00,360.0899963378906,360.5199890136719,358.8450012207031,359.8599853515625,444738
2026-01-12 18:30:00,359.80999755859375,361.20001220703125,357.1499938964844,358.9849853515625,561531
2026-01-12 19:30:00,359.04998779296875,360.07000732421875,358.3699951171875,359.6824951171875,652147
2026-01-12 20:30:00,359.67498779296875,362.0378112792969,359.1300048828125,359.5799865722656,1135906
2026-01-13 14:30:00,359.6000061035156,360.0,355.95001220703125,356.5350036621094,812223
2026-01-13 15:30:00,356.4200134277344,360.2900085449219,356.3900146484375,358.010009765625,581078
2026-01-13 16:30:00,357.95001220703125,358.7300109863281,356.7699890136719,358.0849914550781,309467
2026-01-13 17:30:00,358.0899963378906,358.1600036621094,356.1400146484375,358.1499938964844,316875
2026-01-13 18:30:00,358.0199890136719,359.2699890136719,357.5899963378906,358.94000244140625,227655
2026-01-13 19:30:00,358.8550109863281,359.1600036621094,357.69000244140625,357.989990234375,332768
2026-01-13 20:30:00,357.9150085449219,358.3299865722656,357.4200134277344,358.0400085449219,563464
2026-01-14 14:30:00,356.44000244140625,357.20001220703125,352.1600036621094,354.6549987792969,576516
2026-01-14 15:30:00,354.54998779296875,356.07000732421875,353.4100036621094,355.69500732421875,304076
2026-01-14 16:30:00,355.760009765625,356.07501220703125,350.7200012207031,353.95001220703125,454181
2026-01-14 17:30:00,353.9100036621094,357.489990234375,353.3100891113281,356.1549987792969,410079
2026-01-14 18:30:00,356.1549987792969,357.17633056640625,355.2699890136719,356.0799865722656,275860
2026-01-14 19:30:00,355.99700927734375,358.3710021972656,355.5350036621094,357.4100036621094,298902
2026-01-14 20:30:00,357.3900146484375,358.3599853515625,356.67999267578125,358.2300109863281,589467
2026-01-15 14:30:00,358.3699951171875,361.1000061035156,358.260009765625,359.5799865722656,492484
2026-01-15 15:30:00,359.5799865722656,360.2193908691406,357.8399963378906,359.0700988769531,206423
2026-01-15 16:30:00,359.0350036621094,359.3599853515625,357.4700012207031,358.125,169788
2026-01-15 17:30:00,358.125,358.489990234375,357.25,357.7749938964844,124039
2026-01-15 18:30:00,357.864990234375,358.8299865722656,357.67999267578125,357.80999755859375,176102
2026-01-15 19:30:00,357.6700134277344,357.8999938964844,355.7300109863281,356.260009765625,205817
2026-01-15 20:30:00,356.239990234375,357.79998779296875,356.1300048828125,357.3800048828125,381938
2026-01-16 14:30:00,361.1499938964844,364.70001220703125,359.8949890136719,364.57000732421875,884011
2026-01-16 15:30:00,364.4800109863281,365.20001220703125,362.54010009765625,365.1099853515625,274696
2026-01-16 16:30:00,365.1000061035156,366.6099853515625,364.9454040527344,366.3949890136719,282247
2026-01-16 17:30:00,366.3949890136719,369.39990234375,366.1600036621094,369.2149963378906,360693
2026-01-16 18:30:00,369.19000244140625,369.2449951171875,366.8599853515625,366.9150085449219,279764
2026-01-16 19:30:00,366.9200134277344,368.05999755859375,365.8074951171875,365.94000244140625,496886
2026-01-16 20:30:00,365.8999938964844,365.95001220703125,364.7349853515625,364.8299865722656,364158
2026-01-20 14:30:00,356.0,360.7799987792969,355.0,360.4549865722656,540099
2026-01-20 15:30:00,360.2200012207031,361.1600036621094,358.4599914550781,358.79998779296875,210491
2026-01-20 16:30:00,358.7699890136719,359.1600036621094,357.1400146484375,357.45001220703125,138764
2026-01-20 17:30:00,357.2799987792969,357.29998779296875,356.05999755859375,356.1499938964844,199278
2026-01-20 18:30:00,356.2650146484375,356.42999267578125,351.67999267578125,352.010009765625,395349
2026-01-20 19:30:00,351.9840087890625,353.3900146484375,351.3500061035156,352.8500061035156,347033
2026-01-20 20:30:00,352.7900085449219,353.57000732421875,351.5899963378906,352.25,512305
2026-01-21 14:30:00,352.29998779296875,359.3800048828125,352.2699890136719,358.2250061035156,518376
2026-01-21 15:30:00,358.17999267578125,359.19000244140625,356.79998779296875,358.375,263553
2026-01-21 16:30:00,358.375,359.1299133300781,356.9849853515625,359.1299133300781,321553
2026-01-21 17:30:00,359.05999755859375,359.1000061035156,357.7200012207031,358.8699951171875,176751
2026-01-21 18:30:00,358.8699951171875,360.7950134277344,358.010009765625,360.3759765625,195016
2026-01-21 19:30:00,360.5799865722656,362.625,360.1700134277344,360.3800048828125,324178
2026-01-21 20:30:00,360.2200012207031,360.5799865722656,359.3299865722656,359.760009765625,389275
2026-01-22 14:30:00,362.7300109863281,367.8299865722656,362.7300109863281,365.2099914550781,425182
2026-01-22 15:30:00,365.1199951171875,367.2900085449219,365.010009765625,367.010009765625,231243
2026-01-22 16:30:00,367.05499267578125,370.1000061035156,364.5849914550781,369.0,406998
2026-01-22 17:30:00,369.07000732421875,369.9100036621094,367.8299865722656,367.989990234375,221996
2026-01-22 18:30:00,368.0,369.1700134277344,367.9800109863281,368.5400085449219,192137
2026-01-22 19:30:00,368.54998779296875,368.6400146484375,367.4100036621094,367.6449890136719,219591
2026-01-22 20:30:00,367.6199951171875,368.3800048828125,367.07000732421875,368.0,447658
2026-01-23 14:30:00,362.7300109863281,363.75140380859375,360.29998779296875,360.5400085449219,449072
2026-01-23 15:30:00,360.32000732421875,361.2200012207031,359.5870056152344,359.5870056152344,371997
2026-01-23 16:30:00,359.8699951171875,360.6400146484375,359.2650146484375,360.5,287533
2026-01-23 17:30:00,360.6000061035156,360.6000061035156,358.2449951171875,358.760009765625,224399
2026-01-23 18:30:00,358.8500061035156,361.2300109863281,358.80999755859375,360.7900085449219,246222
2026-01-23 19:30:00,360.7900085449219,361.0098876953125,360.3500061035156,360.5849914550781,237309
2026-01-23 20:30:00,360.54998779296875,362.2099914550781,360.4200134277344,361.67999267578125,400347
2026-01-26 14:30:00,362.19000244140625,364.8699951171875,360.81439208984375,360.8800048828125,412321
2026-01-26 15:30:00,360.8699951171875,362.2546081542969,360.66009521484375,361.32000732421875,262343
2026-01-26 16:30:00,361.32000732421875,361.8800048828125,360.989990234375,361.5050048828125,152934
2026-01-26 17:30:00,361.55999755859375,362.4700012207031,360.95001220703125,362.4601135253906,162187
2026-01-26 18:30:00,362.4599914550781,363.159912109375,362.1700134277344,362.9150085449219,153951
2026-01-26 19:30:00,362.95001220703125,364.5198974609375,362.9150085449219,363.5150146484375,174974
2026-01-26 20:30:00,363.5799865722656,363.8299865722656,363.10009765625,363.30999755859375,270375
2026-01-27 14:30:00,363.260009765625,363.4150085449219,355.7699890136719,355.8999938964844,418664
2026-01-27 15:30:00,355.9949951171875,358.95001220703125,355.79998779296875,358.5299987792969,335716
2026-01-27 16:30:00,358.6000061035156,359.239990234375,357.10009765625,357.9150085449219,160467
2026-01-27 17:30:00,357.8800048828125,358.8299865722656,357.5201110839844,358.80999755859375,108329
2026-01-27 18:30:00,358.79998779296875,359.69000244140625,358.7099914550781,359.55499267578125,122922
2026-01-27 19:30:00,359.6099853515625,360.8399963378906,359.42999267578125,359.9599914550781,171711
2026-01-27 20:30:00,359.8999938964844,360.1899108886719,359.1499938964844,359.5299987792969,290461
2026-01-28 14:30:00,359.239990234375,361.57000732421875,358.43011474609375,360.1449890136719,286355
2026-01-28 15:30:00,360.2099914550781,361.1101989746094,359.80999755859375,360.4599914550781,206591
2026-01-28 16:30:00,360.4599914550781,361.0799865722656,359.9200134277344,360.375,264857
2026-01-28 17:30:00,360.375,360.5199890136719,358.91009521484375,359.1000061035156,117809
2026-01-28 18:30:00,358.92999267578125,359.45001220703125,357.2749938964844,358.3900146484375,235768
2026-01-28 19:30:00,358.42999267578125,361.29998779296875,356.7950134277344,357.42999267578125,428586
2026-01-28 20:30:00,357.3299865722656,357.4800109863281,356.54998779296875,356.95001220703125,362828
2026-01-29 14:30:00,360.2699890136719,362.2900085449219,357.3500061035156,359.25,387513
2026-01-29 15:30:00,359.135009765625,359.5199890136719,356.45001220703125,358.2449951171875,318336
2026-01-29 16:30:00,358.3900146484375,359.7449951171875,357.7099914550781,358.80999755859375,358561
2026-01-29 17:30:00,358.760009765625,359.0799865722656,355.6499938964844,358.44000244140625,195963
2026-01-29 18:30:00,358.43499755859375,359.5799865722656,357.8399963378906,358.8800048828125,341208
2026-01-29 19:30:00,359.0400085449219,359.2799987792969,358.19000244140625,358.2950134277344,520098
2026-01-29 20:30:00,358.2950134277344,359.2699890136719,357.75,358.1700134277344,1241538
2026-01-30 14:30:00,355.0,356.010009765625,346.3900146484375,350.1600036621094,1152627
2026-01-30 15:30:00,350.0,351.4700012207031,345.1700134277344,345.32000732421875,560522
2026-01-30 16:30:00,345.32501220703125,346.75,344.5,346.7210998535156,424732
2026-01-30 17:30:00,346.57000732421875,347.2250061035156,344.510009765625,346.04998779296875,365413
2026-01-30 18:30:00,346.07000732421875,350.0899963378906,345.3999938964844,349.1050109863281,654129
2026-01-30 19:30:00,349.135009765625,352.2900085449219,348.8500061035156,351.0249938964844,958929
2026-01-30 20:30:00,350.8999938964844,353.3599853515625,350.8699951171875,352.3500061035156,571171
2026-02-02 14:30:00,350.3500061035156,355.2950134277344,347.010009765625,351.7749938964844,550619
2026-02-02 15:30:00,351.7749938964844,353.5899963378906,351.17999267578125,351.57501220703125,340256
2026-02-02 16:30:00,351.5799865722656,352.9700012207031,350.739990234375,352.1700134277344,196541
2026-02-02 17:30:00,352.1499938964844,353.4599914550781,351.9700012207031,352.2099914550781,179991
2026-02-02 18:30:00,352.2099914550781,353.6199951171875,351.9801025390625,353.6199951171875,257547
2026-02-02 19:30:00,353.489990234375,354.25,352.1000061035156,352.19000244140625,277908
2026-02-02 20:30:00,352.19000244140625,353.25,352.19000244140625,352.7699890136719,379341
2026-02-03 14:30:00,353.92999267578125,358.3699951171875,353.5,355.364990234375,408496
2026-02-03 15:30:00,355.375,356.1099853515625,352.610107421875,353.07000732421875,259936
2026-02-03 16:30:00,352.9800109863281,353.2349853515625,350.8299865722656,350.989990234375,184723
2026-02-03 17:30:00,350.93499755859375,351.2799072265625,347.2250061035156,348.7300109863281,336691
2026-02-03 18:30:00,348.82000732421875,349.36199951171875,347.3699951171875,347.6600036621094,326772
2026-02-03 19:30:00,347.82501220703125,348.8500061035156,346.8999938964844,348.8500061035156,277573
2026-02-03 20:30:00,348.82000732421875,350.3900146484375,348.82000732421875,349.6300048828125,417293
2026-02-04 14:30:00,349.6300048828125,353.59991455078125,347.5400085449219,352.81201171875,412133
2026-02-04 15:30:00,352.79998779296875,355.79998779296875,352.5299987792969,355.2749938964844,497122
2026-02-04 16:30:00,355.2749938964844,357.3299865722656,353.5899963378906,354.2650146484375,447953
2026-02-04 17:30:00,354.2650146484375,354.9200134277344,352.760009765625,354.0899963378906,327154
2026-02-04 18:30:00,354.1700134277344,354.1700134277344,351.75,353.0400085449219,221631
2026-02-04 19:30:00,353.0299987792969,355.70001220703125,352.8599853515625,354.8699951171875,274921
2026-02-04 20:30:00,354.93499755859375,355.29998779296875,353.3299865722656,353.6499938964844,450260
2026-02-05 14:30:00,350.54998779296875,355.3507080078125,348.6600036621094,349.8299865722656,631633
2026-02-05 15:30:00,349.9100036621094,352.75,348.3450012207031,352.75,546188
2026-02-05 16:30:00,352.760009765625,356.4800109863281,351.81500244140625,356.4599914550781,294418
2026-02-05 17:30:00,356.3949890136719,357.31988525390625,353.3999938964844,353.614990234375,417640
2026-02-05 18:30:00,353.71490478515625,356.1700134277344,353.2950134277344,355.2099914550781,367762
2026-02-05 19:30:00,355.1600036621094,356.45001220703125,354.2200012207031,355.32000732421875,304643
2026-02-05 20:30:00,355.3550109863281,356.0799865722656,353.79998779296875,354.3299865722656,713892
2026-02-06 14:30:00,358.20001220703125,359.875,354.69000244140625,358.9700012207031,892685
2026-02-06 15:30:00,358.9549865722656,359.70001220703125,357.94000244140625,359.114990234375,244127
2026-02-06 16:30:00,359.114990234375,361.2099914550781,359.0899963378906,360.4649963378906,229828
2026-02-06 17:30:00,360.5400085449219,361.3699951171875,360.0199890136719,361.0299987792969,264365
2026-02-06 18:30:00,361.0299987792969,361.3900146484375,359.6700134277344,359.9599914550781,282822
2026-02-06 19:30:00,359.94500732421875,361.0,359.44000244140625,360.2099914550781,279305
2026-02-06 20:30:00,360.2099914550781,361.1199951171875,359.0899963378906,359.1400146484375,572097
2026-02-09 14:30:00,359.0,360.3326110839844,357.1300048828125,358.5299987792969,369846
2026-02-09 15:30:00,358.7300109863281,359.7799987792969,355.67999267578125,356.9750061035156,318813
2026-02-09 16:30:00,356.9750061035156,359.8349914550781,356.9750061035156,359.625,222016
2026-02-09 17:30:00,359.7099914550781,360.29998779296875,358.92498779296875,359.9800109863281,167603
2026-02-09 18:30:00,359.8900146484375,361.3999938964844,359.7900085449219,361.2300109863281,197010
2026-02-09 19:30:00,361.2900085449219,361.7349853515625,360.70001220703125,361.0101013183594,167447
2026-02-09 20:30:00,360.93499755859375,360.93499755859375,359.6099853515625,359.6300048828125,249785
2026-02-10 14:30:00,359.6199951171875,368.8800048828125,359.3299865722656,368.6499938964844,757473
2026-02-10 15:30:00,368.6300048828125,369.4989929199219,365.45001220703125,366.8900146484375,343609
2026-02-10 16:30:00,366.9100036621094,367.82000732421875,364.75,364.75,218955
2026-02-10 17:30:00,364.7250061035156,364.92999267578125,361.364990234375,361.6000061035156,194775
2026-02-10 18:30:00,361.5,362.4200134277344,360.3258056640625,362.1600036621094,289958
2026-02-10 19:30:00,362.20001220703125,363.44000244140625,361.79998779296875,362.635009765625,273981
2026-02-10 20:30:00,362.635009765625,363.5400085449219,362.5799865722656,363.1499938964844,473577
2026-02-11 14:30:00,367.55999755859375,369.5,356.54998779296875,358.0199890136719,491889
2026-02-11 15:30:00,358.0199890136719,358.8999938964844,354.8949890136719,357.0899963378906,428398
2026-02-11 16:30:00,357.0899963378906,359.81988525390625,356.70001220703125,356.8599853515625,282928
2026-02-11 17:30:00,356.7699890136719,357.68499755859375,355.2300109863281,355.6600036621094,253316
2026-02-11 18:30:00,355.6400146484375,356.3949890136719,354.4649963378906,355.4700012207031,254672
2026-02-11 19:30:00,355.42999267578125,356.4934997558594,354.75,354.95001220703125,368667
2026-02-11 20:30:00,355.06500244140625,356.0899963378906,353.95001220703125,354.1099853515625,603030
2026-02-12 14:30:00,356.5,359.05999755859375,354.010009765625,357.0899963378906,603105
2026-02-12 15:30:00,357.05999755859375,357.25,345.010009765625,345.2049865722656,645066
2026-02-12 16:30:00,345.1199951171875,347.0799865722656,341.5,341.5,448987
2026-02-12 17:30:00,341.4800109863281,344.010009765625,340.3800048828125,343.07501220703125,468912
2026-02-12 18:30:00,342.8500061035156,345.9100036621094,342.3999938964844,344.7149963378906,407817
2026-02-12 19:30:00,344.55999755859375,345.8699951171875,344.30999755859375,344.4800109863281,344462
2026-02-12 20:30:00,344.4700012207031,344.8500061035156,342.44000244140625,342.7300109863281,585449
2026-02-13 14:30:00,342.6000061035156,344.8699951171875,336.2099914550781,338.614990234375,711963
2026-02-13 15:30:00,338.4750061035156,339.8999938964844,336.2300109863281,339.1199951171875,389544
2026-02-13 16:30:00,339.04998779296875,340.7799072265625,337.6199951171875,340.2049865722656,411336
2026-02-13 17:30:00,340.135009765625,341.1199951171875,339.3900146484375,339.4100036621094,319301
2026-02-13 18:30:00,339.3699951171875,340.20989990234375,338.25,338.95001220703125,190965
2026-02-13 19:30:00,338.9100036621094,339.5899963378906,336.5899963378906,336.7900085449219,460379
2026-02-13 20:30:00,336.8800048828125,337.9200134277344,336.7300109863281,337.5,751880
2026-02-17 14:30:00,338.7250061035156,343.3699951171875,338.0,339.5899963378906,509119
2026-02-17 15:30:00,339.8500061035156,345.75,339.4700012207031,345.4800109863281,379851
2026-02-17 16:30:00,345.4599914550781,346.17999267578125,343.510009765625,345.010009765625,287944
2026-02-17 17:30:00,345.04998779296875,345.5400085449219,343.29998779296875,344.8599853515625,420998
2026-02-17 18:30:00,344.8699951171875,346.625,344.5899963378906,345.875,312966
2026-02-17 19:30:00,345.92999267578125,346.44281005859375,344.5199890136719,344.95001220703125,236987
2026-02-17 20:30:00,344.95001220703125,345.0950012207031,344.0299987792969,344.67999267578125,453500
2026-02-18 14:30:00,346.0899963378906,347.8900146484375,345.0,347.20001220703125,272116
2026-02-18 15:30:00,347.20001220703125,348.04998779296875,346.57000732421875,347.2200012207031,226188
2026-02-18 16:30:00,347.2900085449219,347.95001220703125,346.6650085449219,347.1050109863281,162042
2026-02-18 17:30:00,347.1050109863281,347.6700134277344,346.1700134277344,346.67498779296875,167205
2026-02-18 18:30:00,346.760009765625,347.239990234375,345.9599914550781,346.760009765625,155345
2026-02-18 19:30:00,346.739990234375,346.8900146484375,345.2699890136719,345.5299987792969,233124
2026-02-18 20:30:00,345.4700012207031,346.92999267578125,345.4700012207031,346.2200012207031,284637
2026-02-19 14:30:00,343.75,344.6199951171875,340.0,340.17999267578125,291977
2026-02-19 15:30:00,340.3399963378906,342.0,340.0,340.20001220703125,224167
2026-02-19 16:30:00,340.2799987792969,340.94000244140625,339.44000244140625,339.75,178220
2026-02-19 17:30:00,339.8699951171875,340.1400146484375,338.2900085449219,338.9750061035156,174878
2026-02-19 18:30:00,338.82000732421875,340.8299865722656,338.510009765625,340.340087890625,181056
2026-02-19 19:30:00,340.5,342.010009765625,339.9549865722656,341.7049865722656,234758
2026-02-19 20:30:00,341.7349853515625,342.6499938964844,341.0899963378906,342.6400146484375,544991
2026-02-20 14:30:00,341.54998779296875,345.6199951171875,338.5,343.7699890136719,457705
2026-02-20 15:30:00,343.9700012207031,344.1700134277344,341.3299865722656,341.3299865722656,167060
2026-02-20 16:30:00,341.3299865722656,342.9800109863281,340.0299987792969,340.6600036621094,180157
2026-02-20 17:30:00,340.7099914550781,342.8500061035156,340.6000061035156,342.0400085449219,206505
2026-02-20 18:30:00,342.04998779296875,344.69000244140625,341.67999267578125,344.29998779296875,222374
2026-02-20 19:30:00,344.3699951171875,345.6099853515625,344.3190002441406,345.1199951171875,252829
2026-02-20 20:30:00,345.1199951171875,346.20001220703125,345.010009765625,346.1700134277344,319480
2026-02-23 14:30:00,343.3500061035156,345.8299865722656,322.3999938964844,323.92999267578125,1504547
2026-02-23 15:30:00,323.92999267578125,324.8699951171875,317.2300109863281,320.5299987792969,1285250
2026-02-23 16:30:00,320.5299987792969,322.25,317.1499938964844,318.2699890136719,662216
2026-02-23 17:30:00,318.25,320.94000244140625,318.0899963378906,320.8500061035156,674790
2026-02-23 18:30:00,320.80999755859375,320.8500061035156,318.3500061035156,318.5350036621094,447631
2026-02-23 19:30:00,318.5350036621094,319.3299865722656,317.6700134277344,319.0050048828125,653929
2026-02-23 20:30:00,318.9100036621094,321.29998779296875,318.9100036621094,321.2300109863281,1194115
2026-02-24 14:30:00,320.489990234375,323.5849914550781,316.07000732421875,320.70001220703125,1965212
2026-02-24 15:30:00,320.55999755859375,320.95001220703125,317.010009765625,317.885009765625,806765
2026-02-24 16:30:00,317.8900146484375,321.5400085449219,316.7200012207031,320.9750061035156,952067
2026-02-24 17:30:00,320.9800109863281,321.75,320.2300109863281,321.239990234375,577022
2026-02-24 18:30:00,321.239990234375,323.0799865722656,320.95001220703125,321.4700012207031,688764
2026-02-24 19:30:00,321.4200134277344,321.8800048828125,319.8599853515625,320.0899963378906,501823
2026-02-24 20:30:00,320.0899963378906,321.3349914550781,319.9549865722656,320.4100036621094,1529882
2026-02-25 14:30:00,323.4599914550781,325.2799072265625,322.32000732421875,323.2349853515625,740012
2026-02-25 15:30:00,323.19500732421875,324.55999755859375,322.760009765625,324.4859924316406,419008
2026-02-25 16:30:00,324.4100036621094,327.6700134277344,324.17999267578125,327.364990234375,440043
2026-02-25 17:30:00,327.364990234375,329.125,327.30999755859375,327.7550048828125,396589
2026-02-25 18:30:00,327.7550048828125,328.7200012207031,326.8999938964844,327.5,310985
2026-02-25 19:30:00,327.4949951171875,328.31500244140625,327.4800109863281,327.489990234375,324427
2026-02-25 20:30:00,327.4949951171875,328.0194091796875,326.55999755859375,327.0899963378906,609362
2026-02-26 14:30:00,329.8399963378906,336.6199951171875,329.75,334.364990234375,851488
2026-02-26 15:30:00,334.3800048828125,335.7200012207031,333.7300109863281,333.8800048828125,383798
2026-02-26 16:30:00,333.8599853515625,334.3599853515625,330.69000244140625,331.7449951171875,298430
2026-02-26 17:30:00,331.67999267578125,332.659912109375,331.32501220703125,332.0899963378906,199631
2026-02-26 18:30:00,332.0899963378906,335.1199951171875,332.0199890136719,334.8299865722656,313089
2026-02-26 19:30:00,334.8699951171875,335.81500244140625,334.6300048828125,335.260009765625,248283
2026-02-26 20:30:00,335.260009765625,336.05999755859375,335.1700134277344,335.3599853515625,348658
2026-02-27 14:30:00,320.8949890136719,321.510009765625,311.9801025390625,312.6499938964844,2069985
2026-02-27 15:30:00,312.5799865722656,314.3900146484375,311.8699951171875,313.8299865722656,1092815
2026-02-27 16:30:00,313.8299865722656,314.7099914550781,309.6000061035156,309.7900085449219,827335
2026-02-27 17:30:00,309.79998779296875,313.32000732421875,309.17999267578125,312.3299865722656,654969
2026-02-27 18:30:00,312.4100036621094,312.8900146484375,309.6200866699219,310.1549987792969,617138
2026-02-27 19:30:00,310.1549987792969,310.4200134277344,308.5799865722656,309.760009765625,746032
2026-02-27 20:30:00,309.8599853515625,310.5889892578125,307.6499938964844,308.80999755859375,1670193
2026-03-02 14:30:00,303.20001220703125,307.8900146484375,301.28009033203125,306.56500244140625,1814543
2026-03-02 15:30:00,306.4700012207031,309.05999755859375,305.1099853515625,306.20001220703125,863030
2026-03-02 16:30:00,306.2799987792969,309.7799987792969,306.2200012207031,307.6401062011719,588004
2026-03-02 17:30:00,307.6400146484375,310.19000244140625,307.360107421875,310.0199890136719,367202
2026-03-02 18:30:00,310.0899963378906,310.4200134277344,308.3599853515625,309.7099914550781,489935
2026-03-02 19:30:00,309.7449951171875,310.2099914550781,307.20001220703125,307.37249755859375,602569
2026-03-02 20:30:00,307.3699951171875,307.82501220703125,306.9100036621094,307.3500061035156,780609
2026-03-03 14:30:00,300.1099853515625,303.0,299.75,300.1099853515625,1244784
2026-03-03 15:30:00,300.3599853515625,303.95001220703125,299.80999755859375,303.30999755859375,697371
2026-03-03 16:30:00,303.260009765625,305.4100036621094,302.3299865722656,305.0,743861
2026-03-03 17:30:00,304.95001220703125,307.57000732421875,304.2615966796875,307.0899963378906,486465
2026-03-03 18:30:00,307.20001220703125,308.7900085449219,306.82000732421875,308.29998779296875,540536
2026-03-03 19:30:00,308.42999267578125,309.4100036621094,307.0101013183594,308.19000244140625,463009
2026-03-03 20:30:00,308.1600036621094,308.3900146484375,306.8500061035156,307.6499938964844,351621
2026-03-04 14:30:00,309.1050109863281,312.1449890136719,307.0,311.3999938964844,906093
2026-03-04 15:30:00,311.44000244140625,312.3399963378906,309.9599914550781,311.55999755859375,479743
2026-03-04 16:30:00,311.55999755859375,312.4200134277344,310.989990234375,311.13079833984375,328252
2026-03-04 17:30:00,311.0899963378906,311.3599853515625,310.55999755859375,310.6300964355469,225691
2026-03-04 18:30:00,310.67498779296875,312.4599914550781,310.6300048828125,311.4150085449219,401453
2026-03-04 19:30:00,311.4150085449219,312.1400146484375,310.9800109863281,311.9800109863281,426675
2026-03-04 20:30:00,311.9949951171875,312.1700134277344,310.9700012207031,311.1499938964844,648973
2026-03-05 14:30:00,306.8599853515625,309.5,305.9100036621094,307.12310791015625,804455
2026-03-05 15:30:00,307.19000244140625,307.30999755859375,305.04998779296875,305.92498779296875,463433
2026-03-05 16:30:00,305.92498779296875,307.3800048828125,305.3500061035156,305.92999267578125,272753
2026-03-05 17:30:00,305.9200134277344,306.92999267578125,305.03009033203125,305.8800048828125,329174
2026-03-05 18:30:00,305.9700012207031,306.510009765625,305.2699890136719,305.43499755859375,310129
2026-03-05 19:30:00,305.3299865722656,307.57000732421875,304.79998779296875,306.9049987792969,425401
2026-03-05 20:30:00,306.8699951171875,307.6400146484375,306.6400146484375,307.1700134277344,688303
2026-03-06 14:30:00,300.67999267578125,300.80999755859375,294.510009765625,299.6600036621094,1226817
2026-03-06 15:30:00,299.67498779296875,301.39459228515625,298.1700134277344,298.3599853515625,785258
2026-03-06 16:30:00,298.3699951171875,301.69000244140625,297.92999267578125,300.8450012207031,529489
2026-03-06 17:30:00,300.8450012207031,303.0,299.65008544921875,299.82000732421875,397258
2026-03-06 18:30:00,299.82501220703125,300.4742126464844,298.5400085449219,299.8699951171875,406996
2026-03-06 19:30:00,299.82000732421875,301.3500061035156,299.510009765625,300.0150146484375,360246
2026-03-06 20:30:00,300.0150146484375,301.364990234375,299.17999267578125,300.8900146484375,775053
2026-03-09 13:30:00,294.5299987792969,295.9700012207031,292.42999267578125,293.7200012207031,1054254
2026-03-09 14:30:00,293.7799987792969,297.79998779296875,293.7799987792969,297.79998779296875,590090
2026-03-09 15:30:00,297.7900085449219,299.3699951171875,296.5899963378906,299.1099853515625,311227
2026-03-09 16:30:00,299.1099853515625,299.44000244140625,298.0,298.11248779296875,307184
2026-03-09 17:30:00,298.1449890136719,299.5899963378906,297.010009765625,298.79998779296875,357576
2026-03-09 18:30:00,298.79998779296875,304.5849914550781,298.4100036621094,304.5050048828125,448378
2026-03-09 19:30:00,304.5050048828125,306.2969970703125,303.510009765625,305.5899963378906,775660
2026-03-10 13:30:00,305.95001220703125,308.25,301.0199890136719,303.7099914550781,628169
2026-03-10 14:30:00,303.70001220703125,305.07000732421875,303.3999938964844,304.8999938964844,501015
2026-03-10 15:30:00,304.7799987792969,305.0,303.2300109863281,303.7900085449219,288063
2026-03-10 16:30:00,303.75,307.0249938964844,303.4949951171875,307.0249938964844,296910
2026-03-10 17:30:00,306.9700012207031,307.1499938964844,302.5400085449219,303.5400085449219,395081
2026-03-10 18:30:00,303.6700134277344,304.3800048828125,302.95001220703125,303.2200012207031,295514
2026-03-10 19:30:00,303.239990234375,303.9800109863281,302.78271484375,303.260009765625,494790
2026-03-11 13:30:00,302.4700012207031,306.84991455078125,302.2300109863281,302.80499267578125,525628
2026-03-11 14:30:00,302.80999755859375,305.9200134277344,301.30999755859375,301.4700012207031,411151
2026-03-11 15:30:00,301.5050048828125,303.3399963378906,300.8500061035156,302.2749938964844,368667
2026-03-11 16:30:00,302.2699890136719,304.4700012207031,302.2699890136719,304.2605895996094,221461
2026-03-11 17:30:00,304.1499938964844,304.1700134277344,302.20001220703125,303.8500061035156,240289
2026-03-11 18:30:00,303.8399963378906,305.4700012207031,303.32501220703125,305.114990234375,371849
2026-03-11 19:30:00,305.20001220703125,306.5050048828125,305.05999755859375,306.0,618969
2026-03-12 13:30:00,300.5400085449219,303.1600036621094,298.7300109863281,301.6199951171875,595493
2026-03-12 14:30:00,301.510009765625,303.6549987792969,300.739990234375,302.0899963378906,573854
2026-03-12 15:30:00,302.0950012207031,304.8399963378906,301.68011474609375,302.5824890136719,355929
2026-03-12 16:30:00,302.57501220703125,303.8352966308594,301.0299987792969,301.81500244140625,452088
2026-03-12 17:30:00,301.82000732421875,303.17999267578125,301.7699890136719,302.42999267578125,292054
2026-03-12 18:30:00,302.4700012207031,302.8999938964844,301.80999755859375,302.0,270849
2026-03-12 19:30:00,302.0400085449219,302.2900085449219,301.25,301.7799987792969,429626
2026-03-13 13:30:00,304.32000732421875,305.7099914550781,302.19000244140625,303.8900146484375,409847
2026-03-13 14:30:00,303.8500061035156,304.739990234375,301.0899963378906,301.2900085449219,268612
2026-03-13 15:30:00,301.3399963378906,302.44000244140625,300.8900146484375,301.2250061035156,203035
2026-03-13 16:30:00,301.1700134277344,301.7099914550781,299.8399963378906,300.989990234375,320555
2026-03-13 17:30:00,300.92498779296875,301.7900085449219,300.0101013183594,301.7900085449219,252912
2026-03-13 18:30:00,301.7300109863281,302.2300109863281,300.78009033203125,301.0050048828125,318255
2026-03-13 19:30:00,301.0299987792969,301.3800048828125,299.9700012207031,300.1300048828125,404741
2026-03-16 13:30:00,301.010009765625,304.0299987792969,300.1000061035156,301.0,485858
2026-03-16 14:30:00,300.94000244140625,301.0799865722656,298.2699890136719,300.885009765625,413619
2026-03-16 15:30:00,300.8299865722656,301.5299987792969,298.2300109863281,298.44000244140625,344362
2026-03-16 16:30:00,298.43499755859375,299.5899963378906,296.45001220703125,296.94000244140625,362911
2026-03-16 17:30:00,297.1199951171875,298.18499755859375,295.8299865722656,297.95001220703125,449314
2026-03-16 18:30:00,298.0400085449219,299.2850036621094,297.8500061035156,298.5199890136719,487269
2026-03-16 19:30:00,298.5899963378906,298.6700134277344,297.7200012207031,298.1499938964844,468198
2026-03-17 13:30:00,303.8599853515625,306.28900146484375,301.510009765625,301.9700012207031,518885
2026-03-17 14:30:00,301.8800048828125,303.0899963378906,301.0,301.3421936035156,238771
2026-03-17 15:30:00,301.45001220703125,301.7099914550781,300.5400085449219,301.1449890136719,233646
2026-03-17 16:30:00,301.06500244140625,302.5,300.7200012207031,302.44500732421875,244722
2026-03-17 17:30:00,302.4200134277344,302.9388122558594,301.4100036621094,301.4800109863281,263613
2026-03-17 18:30:00,301.4599914550781,302.3450012207031,301.3800048828125,301.8900146484375,319192
2026-03-17 19:30:00,301.8800048828125,301.989990234375,299.8399963378906,300.3299865722656,578078
2026-03-18 13:30:00,299.1499938964844,301.07000732421875,298.1000061035156,298.39111328125,341770
2026-03-18 14:30:00,298.5199890136719,299.0799865722656,297.0,297.625,309292
2026-03-18 15:30:00,297.7200012207031,298.30999755859375,296.75,297.30999755859375,143574
2026-03-18 16:30:00,297.29998779296875,297.5599060058594,296.1518859863281,296.4700012207031,164344
2026-03-18 17:30:00,296.4700012207031,297.9599914550781,295.7900085449219,296.4200134277344,345324
2026-03-18 18:30:00,296.4700012207031,297.0899963378906,294.8599853515625,295.0150146484375,346703
2026-03-18 19:30:00,294.9992980957031,295.30999755859375,293.3599853515625,294.2799987792969,814270
2026-03-19 13:30:00,292.2799987792969,296.6400146484375,291.28009033203125,291.7799987792969,642573
2026-03-19 14:30:00,291.7799987792969,295.1600036621094,291.5,294.17999267578125,368766
2026-03-19 15:30:00,294.1400146484375,295.20001220703125,293.1820068359375,293.8399963378906,216691
2026-03-19 16:30:00,293.80999755859375,294.0350036621094,292.2300109863281,293.2449951171875,209051
2026-03-19 17:30:00,293.3299865722656,294.05810546875,292.4599914550781,293.3139953613281,224127
2026-03-19 18:30:00,293.2699890136719,297.6199951171875,293.1650085449219,295.5899963378906,385061
2026-03-19 19:30:00,295.6000061035156,296.29998779296875,294.82000732421875,295.0,415657
2026-03-20 13:30:00,294.9700012207031,295.8900146484375,292.20001220703125,292.7049865722656,1250305
2026-03-20 14:30:00,292.7099914550781,293.6199951171875,290.9670104980469,291.3900146484375,358788
2026-03-20 15:30:00,291.3299865722656,295.57000732421875,291.3299865722656,295.4599914550781,342648
2026-03-20 16:30:00,295.4599914550781,296.5,294.5,295.29998779296875,403462
2026-03-20 17:30:00,295.2449951171875,295.45001220703125,293.239990234375,293.9200134277344,307919
2026-03-20 18:30:00,293.9599914550781,294.75,292.489990234375,293.18499755859375,610611
2026-03-20 19:30:00,293.18499755859375,295.20001220703125,291.9200134277344,294.9849853515625,786030
2026-03-23 13:30:00,304.9800109863281,304.9800109863281,297.9630126953125,301.25,908061
2026-03-23 14:30:00,301.15008544921875,304.7900085449219,300.94000244140625,303.6000061035156,389034
2026-03-23 15:30:00,303.6300048828125,303.82000732421875,300.8999938964844,300.9800109863281,418590
2026-03-23 16:30:00,301.0199890136719,303.20001220703125,301.0199890136719,302.957763671875,296826
2026-03-23 17:30:00,302.9200134277344,304.510009765625,302.7300109863281,303.25,346244
2026-03-23 18:30:00,303.29998779296875,304.75,302.94500732421875,303.4100036621094,345199
2026-03-23 19:30:00,303.3500061035156,304.1000061035156,301.2850036621094,301.9100036621094,596135
2026-03-24 13:30:00,298.80999755859375,300.4200134277344,297.95001220703125,299.9049987792969,476360
2026-03-24 14:30:00,299.8999938964844,303.44000244140625,299.32000732421875,302.7200012207031,254295
2026-03-24 15:30:00,302.7200012207031,303.06988525390625,301.6700134277344,302.32000732421875,145830
2026-03-24 16:30:00,302.3550109863281,302.5150146484375,300.44000244140625,300.7349853515625,205080
2026-03-24 17:30:00,300.7349853515625,302.92999267578125,300.1300048828125,302.6499938964844,295753
2026-03-24 18:30:00,302.70001220703125,303.8399963378906,302.1449890136719,302.72686767578125,230309
2026-03-24 19:30:00,302.6499938964844,302.95001220703125,301.6499938964844,301.9200134277344,397100
2026-03-25 13:30:00,305.0,306.3800048828125,301.1199951171875,302.3299865722656,512990
2026-03-25 14:30:00,302.30999755859375,302.75,296.9049987792969,299.67999267578125,377050
2026-03-25 15:30:00,299.75,300.4599914550781,298.1199951171875,300.1499938964844,295926
2026-03-25 16:30:00,300.1600036621094,301.07000732421875,299.9700012207031,300.9549865722656,184683
2026-03-25 17:30:00,300.9549865722656,301.5899963378906,300.4100036621094,300.5757141113281,207393
2026-03-25 18:30:00,300.510009765625,301.0,299.5050048828125,300.5450134277344,226745
2026-03-25 19:30:00,300.4800109863281,300.7900085449219,299.95001220703125,300.2300109863281,284091
2026-03-26 13:30:00,298.57000732421875,302.70001220703125,298.4700012207031,301.125,348890
2026-03-26 14:30:00,301.1524963378906,301.7398986816406,298.6499938964844,299.06500244140625,253203
2026-03-26 15:30:00,299.0,299.0,295.8500061035156,295.9100036621094,329224
2026-03-26 16:30:00,295.9549865722656,297.6300048828125,295.8999938964844,296.7200012207031,243641
2026-03-26 17:30:00,296.7799987792969,297.78741455078125,296.7300109863281,297.75,164701
2026-03-26 18:30:00,297.739990234375,298.82000732421875,297.6199951171875,297.8399963378906,218052
2026-03-26 19:30:00,297.8900146484375,299.3800048828125,297.55499267578125,299.2799987792969,358338
2026-03-27 13:30:00,297.2900085449219,297.95001220703125,292.29998779296875,295.010009765625,451401
2026-03-27 14:30:00,295.0799865722656,296.32501220703125,294.5899963378906,295.4849853515625,213975
2026-03-27 15:30:00,295.5249938964844,296.45989990234375,294.17999267578125,294.8500061035156,271351
2026-03-27 16:30:00,294.8550109863281,295.8699951171875,293.7699890136719,293.864990234375,222901
2026-03-27 17:30:00,293.864990234375,294.44000244140625,292.1499938964844,292.6366882324219,293370
2026-03-27 18:30:00,292.7099914550781,293.3800048828125,292.29998779296875,293.3450012207031,314257
2026-03-27 19:30:00,293.3500061035156,293.4800109863281,291.5,292.3699951171875,387099
2026-03-30 13:30:00,294.67999267578125,298.0,293.70111083984375,297.1199951171875,523229
2026-03-30 14:30:00,297.1199951171875,299.7701110839844,295.9100036621094,299.4200134277344,337625
2026-03-30 15:30:00,299.4200134277344,301.4599914550781,299.1400146484375,300.8900146484375,496841
2026-03-30 16:30:00,300.95001220703125,301.07000732421875,298.1700134277344,298.6000061035156,292694
2026-03-30 17:30:00,298.6000061035156,299.79998779296875,298.4049987792969,298.489990234375,290230
2026-03-30 18:30:00,298.4599914550781,299.75,296.75,296.92999267578125,404229
2026-03-30 19:30:00,297.0199890136719,298.010009765625,296.70001220703125,297.5400085449219,453888
2026-03-31 13:30:00,302.9800109863281,302.9800109863281,297.7510070800781,299.5199890136719,448606
2026-03-31 14:30:00,299.6700134277344,300.3900146484375,297.5799865722656,299.4849853515625,302515
2026-03-31 15:30:00,299.4100036621094,300.3299865722656,299.04998779296875,299.9100036621094,244995
2026-03-31 16:30:00,299.8999938964844,304.4599914550781,299.0,304.1300048828125,346498
2026-03-31 17:30:00,304.1499938964844,304.4700012207031,302.30999755859375,303.0150146484375,513897
2026-03-31 18:30:00,302.9100036621094,303.7699890136719,302.1523132324219,302.3500061035156,285057
2026-03-31 19:30:00,302.3399963378906,303.44000244140625,301.6600036621094,302.4700012207031,479763
2026-04-01 13:30:00,306.7699890136719,307.25,299.6300048828125,301.05999755859375,600489
2026-04-01 14:30:00,301.0299987792969,304.75,300.3949890136719,303.860107421875,394116
2026-04-01 15:30:00,303.8699951171875,305.5249938964844,303.7349853515625,304.18499755859375,305589
2026-04-01 16:30:00,304.2099914550781,304.7900085449219,303.6600036621094,304.3599853515625,192191
2026-04-01 17:30:00,304.3999938964844,304.45001220703125,301.8500061035156,302.260009765625,285341
2026-04-01 18:30:00,302.260009765625,302.9800109863281,302.1099853515625,302.864990234375,213745
2026-04-01 19:30:00,302.9200134277344,303.6111145019531,301.3999938964844,301.4800109863281,468263
2026-04-02 13:30:00,295.3999938964844,297.4255065917969,292.5799865722656,297.30999755859375,349328
2026-04-02 14:30:00,297.44000244140625,302.75,297.27880859375,299.55499267578125,290164
2026-04-02 15:30:00,299.55499267578125,300.4198913574219,298.9700012207031,299.572998046875,232107
2026-04-02 16:30:00,299.5050048828125,301.760009765625,299.3800048828125,300.79998779296875,218657
2026-04-02 17:30:00,300.8349914550781,300.9949951171875,299.32379150390625,299.32379150390625,195212
2026-04-02 18:30:00,299.4750061035156,300.5400085449219,299.3299865722656,300.0899963378906,230540
2026-04-02 19:30:00,300.05999755859375,300.6000061035156,299.8900146484375,300.1400146484375,276589
2026-04-06 13:30:00,298.760009765625,304.0,298.40771484375,303.510009765625,274199
2026-04-06 14:30:00,303.4800109863281,304.2900085449219,302.54998779296875,302.9849853515625,202872
2026-04-06 15:30:00,303.010009765625,303.9849853515625,302.8900146484375,303.92498779296875,153568
2026-04-06 16:30:00,303.92498779296875,304.4100036621094,302.78289794921875,303.6499938964844,178464
2026-04-06 17:30:00,303.6199951171875,304.54998779296875,303.1000061035156,304.32501220703125,172300
2026-04-06 18:30:00,304.3699951171875,304.864990234375,303.6499938964844,304.45989990234375,200156
2026-04-06 19:30:00,304.4100036621094,305.7900085449219,304.3599853515625,305.75,386833
2026-04-07 13:30:00,302.5299987792969,306.5199890136719,301.7099914550781,305.50750732421875,439570
2026-04-07 14:30:00,305.4599914550781,305.9049987792969,303.2099914550781,304.17999267578125,162330
2026-04-07 15:30:00,304.260009765625,306.79998779296875,303.5819091796875,305.6499938964844,171518
2026-04-07 16:30:00,305.50250244140625,306.3900146484375,304.989990234375,305.2300109863281,152552
2026-04-07 17:30:00,305.32000732421875,306.8699951171875,305.1400146484375,305.4649963378906,139288
2026-04-07 18:30:00,305.4649963378906,306.8399963378906,304.1000061035156,305.7850036621094,313415
2026-04-07 19:30:00,305.6600036621094,307.1199951171875,304.9700012207031,307.1000061035156,333345
2026-04-08 13:30:00,317.25,322.5,317.25,319.4049987792969,1016685
2026-04-08 14:30:00,319.5,319.5899963378906,315.239990234375,315.6549987792969,341929
2026-04-08 15:30:00,315.6015930175781,316.81500244140625,314.94000244140625,315.2799987792969,267932
2026-04-08 16:30:00,315.2850036621094,316.3699951171875,315.19000244140625,315.66009521484375,238224
2026-04-08 17:30:00,315.6600036621094,317.42999267578125,315.5299987792969,316.1600036621094,229565
2026-04-08 18:30:00,316.239990234375,316.239990234375,315.0,315.2799987792969,260045
2026-04-08 19:30:00,315.31500244140625,316.9700012207031,315.31500244140625,316.489990234375,435253
2026-04-09 13:30:00,314.30999755859375,315.4949951171875,312.43499755859375,313.010009765625,280923
2026-04-09 14:30:00,313.0899963378906,314.1000061035156,312.17999267578125,313.79998779296875,230821
2026-04-09 15:30:00,313.79998779296875,317.05999755859375,313.7200012207031,316.5556945800781,218712
2026-04-09 16:30:00,316.57000732421875,317.20001220703125,316.17999267578125,317.19000244140625,129137
2026-04-09 17:30:00,317.1300048828125,318.0799865722656,316.8210144042969,317.2300109863281,182168
2026-04-09 18:30:00,317.2099914550781,317.84991455078125,316.69000244140625,317.5450134277344,145016
2026-04-09 19:30:00,317.5450134277344,318.1499938964844,317.5000915527344,317.760009765625,239010
2026-04-10 13:30:00,317.3699951171875,318.0,313.1499938964844,315.5899963378906,329347
2026-04-10 14:30:00,315.6700134277344,315.8999938964844,314.3399963378906,314.3800048828125,131810
2026-04-10 15:30:00,314.4328918457031,314.5,313.5,313.67498779296875,77792
2026-04-10 16:30:00,313.6000061035156,314.3500061035156,313.1330871582031,314.260009765625,121777
2026-04-10 17:30:00,314.30499267578125,314.8279113769531,314.1300048828125,314.5805969238281,119582
2026-04-10 18:30:00,314.6600036621094,314.79998779296875,314.05999755859375,314.1449890136719,143723
2026-04-10 19:30:00,314.1300964355469,314.2300109863281,313.4599914550781,313.510009765625,232685
2026-04-13 13:30:00,311.17999267578125,316.2650146484375,310.0,316.2650146484375,324262
2026-04-13 14:30:00,316.2550048828125,316.75,315.4200134277344,315.75,260499
2026-04-13 15:30:00,315.75,317.9519958496094,315.67999267578125,317.885009765625,259637
2026-04-13 16:30:00,317.8851013183594,319.5899963378906,317.885009765625,318.7799987792969,272890
2026-04-13 17:30:00,318.7900085449219,321.8500061035156,318.7367858886719,321.7099914550781,236003
2026-04-13 18:30:00,321.80999755859375,322.8999938964844,321.5899963378906,322.19000244140625,287004
2026-04-13 19:30:00,322.19500732421875,324.2200012207031,322.1499938964844,323.95001220703125,392509
2026-04-14 13:30:00,325.0,327.4700012207031,323.7471923828125,326.30499267578125,356453
2026-04-14 14:30:00,326.2900085449219,328.1499938964844,326.135009765625,327.7300109863281,242342
2026-04-14 15:30:00,327.8476867675781,328.9100036621094,326.8599853515625,327.2799987792969,240683
2026-04-14 16:30:00,327.2799987792969,327.9800109863281,327.114990234375,327.9800109863281,176042
2026-04-14 17:30:00,327.9800109863281,328.239990234375,326.69000244140625,326.7950134277344,207334
2026-04-14 18:30:00,326.7950134277344,327.42999267578125,326.5400085449219,327.42999267578125,161699
2026-04-14 19:30:00,327.4100036621094,328.07000732421875,326.9750061035156,327.0899963378906,314360
2026-04-15 13:30:00,328.8800048828125,332.3999938964844,327.239990234375,329.4800109863281,361291
2026-04-15 14:30:00,329.44500732421875,330.8699951171875,329.2300109863281,330.6099853515625,352440
2026-04-15 15:30:00,330.7298889160156,330.8900146484375,329.70001220703125,330.3949890136719,196975
2026-04-15 16:30:00,330.45001220703125,331.1099853515625,329.67999267578125,330.82501220703125,168671
2026-04-15 17:30:00,330.8500061035156,331.4599914550781,330.7300109863281,331.0450134277344,218537
2026-04-15 18:30:00,331.0899963378906,331.29998779296875,330.0400085449219,330.17999267578125,197209
2026-04-15 19:30:00,330.1700134277344,330.2149963378906,329.07000732421875,329.0799865722656,393313
2026-04-16 13:30:00,328.7699890136719,331.1700134277344,325.2300109863281,325.7300109863281,285870
2026-04-16 14:30:00,325.7300109863281,327.4100036621094,325.55499267578125,326.2900085449219,207745
2026-04-16 15:30:00,326.20001220703125,328.0400085449219,326.1099853515625,327.5899963378906,148563
2026-04-16 16:30:00,327.5899963378906,327.6300048828125,325.3599853515625,326.0199890136719,179837
2026-04-16 17:30:00,326.0199890136719,327.5799865722656,326.0199890136719,327.25,165182
2026-04-16 18:30:00,327.3299865722656,327.6600036621094,326.9800109863281,327.510009765625,206804
2026-04-16 19:30:00,327.4200134277344,327.45001220703125,325.6400146484375,325.7099914550781,260026
2026-04-17 13:30:00,330.0,337.13250732421875,329.5249938964844,336.4849853515625,838131
2026-04-17 14:30:00,336.4849853515625,337.739990234375,336.1000061035156,337.32501220703125,377605
2026-04-17 15:30:00,337.35650634765625,339.9800109863281,337.32501220703125,337.7699890136719,387675
2026-04-17 16:30:00,337.7749938964844,338.6650085449219,335.3125,335.625,336570
2026-04-17 17:30:00,335.625,335.9200134277344,334.4100036621094,334.7149963378906,300716
2026-04-17 18:30:00,334.7149963378906,334.7149963378906,332.67999267578125,332.7250061035156,339188
2026-04-17 19:30:00,332.760009765625,333.5400085449219,331.0199890136719,331.760009765625,806737
2026-04-20 13:30:00,331.67999267578125,334.739990234375,330.260009765625,331.05999755859375,322607
2026-04-20 14:30:00,331.1600036621094,332.30999755859375,330.42999267578125,332.20001220703125,231343
2026-04-20 15:30:00,332.1499938964844,332.239990234375,331.1700134277344,331.79998779296875,134820
2026-04-20 16:30:00,331.79998779296875,332.6700134277344,331.2099914550781,331.4649963378906,132200
2026-04-20 17:30:00,331.4599914550781,331.568115234375,329.6400146484375,330.2699890136719,167533
2026-04-20 18:30:00,330.32000732421875,330.69000244140625,329.80999755859375,330.0199890136719,264909
2026-04-20 19:30:00,330.0199890136719,330.6199951171875,329.5299987792969,329.8800048828125,344987
2026-04-21 13:30:00,331.79998779296875,338.0899963378906,331.7799987792969,335.8299865722656,431896
2026-04-21 14:30:00,335.6549987792969,335.93499755859375,330.3900146484375,330.9800109863281,463967
2026-04-21 15:30:00,331.1473083496094,332.4849853515625,330.3550109863281,332.1199951171875,203186
2026-04-21 16:30:00,332.1000061035156,332.5799865722656,329.9200134277344,330.79998779296875,210139
2026-04-21 17:30:00,330.8599853515625,331.6400146484375,329.5,329.80499267578125,211452
2026-04-21 18:30:00,329.82000732421875,331.44000244140625,328.989990234375,331.3999938964844,255618
2026-04-21 19:30:00,331.45001220703125,331.4599914550781,328.45001220703125,329.7300109863281,378143
2026-04-22 13:30:00,331.1099853515625,334.5,328.0014953613281,333.55499267578125,654008
2026-04-22 14:30:00,333.5050048828125,334.1600036621094,332.0201110839844,332.56500244140625,415090
2026-04-22 15:30:00,332.5899963378906,333.25,331.75,332.8699951171875,429645
2026-04-22 16:30:00,332.8399963378906,333.3500061035156,331.79998779296875,332.3999938964844,366359
2026-04-22 17:30:00,332.3550109863281,332.489990234375,330.94000244140625,331.79998779296875,429007
2026-04-22 18:30:00,331.8900146484375,332.7200012207031,331.6600036621094,332.7200012207031,556782
2026-04-22 19:30:00,332.6099853515625,333.6499938964844,332.25,332.8699951171875,776082
2026-04-23 13:30:00,332.20001220703125,332.20001220703125,323.3699951171875,325.1700134277344,933725
2026-04-23 14:30:00,325.1700134277344,326.1400146484375,322.5,322.614990234375,573014
2026-04-23 15:30:00,322.61468505859375,322.8399963378906,320.25,320.4100036621094,605125
2026-04-23 16:30:00,320.4100036621094,320.6300048828125,315.7799987792969,315.9649963378906,553110
2026-04-23 17:30:00,315.9649963378906,318.3399963378906,314.75,316.95001220703125,489504
2026-04-23 18:30:00,317.05999755859375,318.3900146484375,316.04998779296875,317.1600036621094,428176
2026-04-23 19:30:00,317.1099853515625,318.67999267578125,316.0,318.3900146484375,500287
2026-04-24 13:30:00,316.510009765625,318.82000732421875,314.2749938964844,315.1520080566406,568512
2026-04-24 14:30:00,315.0400085449219,315.9800109863281,312.7699890136719,313.125,340684
2026-04-24 15:30:00,313.125,314.6899108886719,312.5,313.4700012207031,279546
2026-04-24 16:30:00,313.5400085449219,314.75,313.4200134277344,314.57000732421875,224619
2026-04-24 17:30:00,314.57000732421875,315.19000244140625,314.3699951171875,314.77679443359375,243970
2026-04-24 18:30:00,314.7699890136719,315.17999267578125,314.0299987792969,314.7799987792969,295207
2026-04-24 19:30:00,314.6400146484375,314.7300109863281,313.2900085449219,313.9100036621094,557412
2026-04-27 13:30:00,313.0199890136719,317.69000244140625,313.0199890136719,315.6099853515625,786204
2026-04-27 14:30:00,315.7200012207031,316.489990234375,315.1199951171875,316.2300109863281,234186
2026-04-27 15:30:00,316.34381103515625,316.34381103515625,315.1199951171875,316.0400085449219,181614
2026-04-27 16:30:00,315.95001220703125,316.1000061035156,315.3399963378906,315.75,156765
2026-04-27 17:30:00,315.7799987792969,316.0,314.6300048828125,315.29998779296875,180553
2026-04-27 18:30:00,315.32501220703125,318.1300048828125,315.2701110839844,318.1300048828125,288789
2026-04-27 19:30:00,318.1300048828125,318.9599914550781,317.57000732421875,318.8800048828125,352770
2026-04-28 13:30:00,321.70001220703125,323.70001220703125,317.7149963378906,318.2149963378906,483669
2026-04-28 14:30:00,318.2200012207031,319.32501220703125,317.1650085449219,317.875,274826
2026-04-28 15:30:00,317.875,318.4150085449219,317.5899963378906,318.3599853515625,193772
2026-04-28 16:30:00,318.302001953125,319.07000732421875,318.1000061035156,319.0400085449219,245851
2026-04-28 17:30:00,319.0400085449219,319.42999267578125,317.4800109863281,317.5400085449219,188170
2026-04-28 18:30:00,317.5,318.1099853515625,317.1000061035156,317.1099853515625,190153
2026-04-28 19:30:00,317.07000732421875,317.1400146484375,314.9800109863281,314.9800109863281,468636
2026-04-29 13:30:00,316.8800048828125,317.510009765625,314.010009765625,317.4440002441406,431781
2026-04-29 14:30:00,317.4700012207031,317.54998779296875,315.19000244140625,315.3599853515625,325577
2026-04-29 15:30:00,315.40838623046875,315.75,314.5,315.17999267578125,257836
2026-04-29 16:30:00,315.1700134277344,315.42999267578125,314.6401062011719,315.2699890136719,197935
2026-04-29 17:30:00,315.2850036621094,315.3800048828125,314.260009765625,314.4549865722656,272269
2026-04-29 18:30:00,314.3949890136719,315.95001220703125,314.1099853515625,314.9800109863281,357597
2026-04-29 19:30:00,314.9800109863281,315.7099914550781,314.6000061035156,315.6400146484375,514143
2026-04-30 13:30:00,313.3699951171875,319.2900085449219,312.2300109863281,319.114990234375,694247
2026-04-30 14:30:00,319.135009765625,321.1700134277344,318.6700134277344,320.8699951171875,1100798
2026-04-30 15:30:00,320.8699951171875,322.55999755859375,319.8299865722656,322.489990234375,225135
2026-04-30 16:30:00,322.45001220703125,322.8882141113281,320.2799987792969,321.2950134277344,290726
2026-04-30 17:30:00,321.3299865722656,322.7099914550781,321.0,322.57501220703125,199814
2026-04-30 18:30:00,322.6700134277344,323.4898986816406,322.4599914550781,323.42919921875,259435
2026-04-30 19:30:00,323.375,323.8500061035156,322.885009765625,322.9800109863281,540994
2026-05-01 13:30:00,324.4700012207031,325.0,320.8500061035156,322.3500061035156,453166
2026-05-01 14:30:00,322.42999267578125,323.2998962402344,321.5799865722656,321.989990234375,234351
2026-05-01 15:30:00,321.92999267578125,322.510009765625,320.1549987792969,320.1600036621094,187563
2026-05-01 16:30:00,320.1499938964844,321.5199890136719,320.0101013183594,321.4700012207031,170265
2026-05-01 17:30:00,321.4700012207031,321.5899963378906,320.1365051269531,320.5625,209463
2026-05-01 18:30:00,320.70001220703125,320.7300109863281,319.5150146484375,319.9949951171875,240647
2026-05-01 19:30:00,319.94000244140625,320.2149963378906,319.4599914550781,319.6499938964844,320340
2026-05-04 13:30:00,320.7699890136719,322.2799987792969,318.1499938964844,322.2799987792969,624057
2026-05-04 14:30:00,322.2300109863281,322.8999938964844,319.3174133300781,319.6700134277344,227964
2026-05-04 15:30:00,319.8127136230469,319.95001220703125,317.4599914550781,318.518798828125,221328
2026-05-04 16:30:00,318.42999267578125,319.6300048828125,317.6199951171875,319.4549865722656,201612
2026-05-04 17:30:00,319.42999267578125,320.1499938964844,319.17999267578125,319.67999267578125,143978
2026-05-04 18:30:00,319.67999267578125,320.4800109863281,319.0799865722656,319.7001037597656,172602
2026-05-04 19:30:00,319.7300109863281,320.4100036621094,319.1000061035156,319.2699890136719,307039
2026-05-05 13:30:00,320.2799987792969,320.6000061035156,315.7799987792969,317.6199951171875,367635
2026-05-05 14:30:00,317.6600036621094,318.64935302734375,316.239990234375,316.70001220703125,303993
2026-05-05 15:30:00,316.75,316.7900085449219,314.5,315.0799865722656,339784
2026-05-05 16:30:00,315.0799865722656,315.69000244140625,314.6700134277344,315.6288146972656,248854
2026-05-05 17:30:00,315.5199890136719,316.3599853515625,314.75,316.06500244140625,221603
2026-05-05 18:30:00,315.9601135253906,317.32501220703125,315.9599914550781,316.9150085449219,199052
2026-05-05 19:30:00,316.8949890136719,317.4200134277344,315.8599853515625,315.989990234375,354286
2026-05-06 13:30:00,320.0,324.7799987792969,320.0,323.5,460625
2026-05-06 14:30:00,323.5400085449219,323.92999267578125,320.6300048828125,320.7749938964844,269636
2026-05-06 15:30:00,320.7749938964844,321.57000732421875,320.0,320.4200134277344,218931
2026-05-06 16:30:00,320.5,321.3299865722656,320.32000732421875,320.9100036621094,180011
2026-05-06 17:30:00,320.989990234375,322.0700988769531,320.260009765625,321.4800109863281,183878
2026-05-06 18:30:00,321.45001220703125,323.25,321.239990234375,322.7300109863281,229476
2026-05-06 19:30:00,322.8399963378906,322.8900146484375,321.8599853515625,321.9100036621094,351547
2026-05-07 13:30:00,322.3299865722656,324.5350036621094,318.4599914550781,318.70001220703125,706598
2026-05-07 14:30:00,318.7300109863281,321.44000244140625,318.6499938964844,320.45001220703125,390706
2026-05-07 15:30:00,320.5050048828125,321.17999267578125,319.489990234375,320.32000732421875,257834
2026-05-07 16:30:00,320.260009765625,320.260009765625,316.9599914550781,317.3999938964844,258160
2026-05-07 17:30:00,317.3999938964844,317.989990234375,316.79998779296875,317.5899963378906,235521
2026-05-07 18:30:00,317.6000061035156,318.92999267578125,316.95001220703125,317.8900146484375,303486
2026-05-07 19:30:00,317.9700012207031,318.9100036621094,317.8500061035156,318.70001220703125,349815
2026-05-08 13:30:00,319.0899963378906,320.04998779296875,314.8299865722656,315.7349853515625,476257
2026-05-08 14:30:00,315.7650146484375,316.4200134277344,313.6099853515625,314.2149963378906,391264
2026-05-08 15:30:00,314.2900085449219,315.260009765625,313.989990234375,314.5350036621094,289963
2026-05-08 16:30:00,314.5350036621094,315.79998779296875,314.1000061035156,315.7650146484375,223618
2026-05-08 17:30:00,315.68499755859375,316.70001220703125,314.8399963378906,316.43499755859375,1774383
2026-05-08 18:30:00,316.4224853515625,316.5174865722656,315.2099914550781,315.9649963378906,393309
2026-05-08 19:30:00,315.9700012207031,316.20001220703125,314.7850036621094,316.010009765625,481913
2026-05-11 13:30:00,315.2900085449219,316.39990234375,313.0,315.20001220703125,334534
2026-05-11 14:30:00,315.239990234375,315.37750244140625,313.20001220703125,313.32000732421875,374631
2026-05-11 15:30:00,313.364990234375,313.67999267578125,311.80999755859375,313.44500732421875,305077
2026-05-11 16:30:00,313.5400085449219,313.5400085449219,312.32000732421875,313.1300048828125,271185
2026-05-11 17:30:00,313.1300048828125,313.635009765625,312.7799987792969,313.3399963378906,274471
2026-05-11 18:30:00,313.3599853515625,313.67498779296875,311.8999938964844,313.0325012207031,404317
2026-05-11 19:30:00,312.95001220703125,312.9775085449219,312.0950012207031,312.42999267578125,415833
2026-05-12 13:30:00,312.3299865722656,313.489990234375,311.0799865722656,312.5050048828125,508508
2026-05-12 14:30:00,312.66790771484375,313.7049865722656,311.25,313.69000244140625,292923
2026-05-12 15:30:00,313.7149963378906,314.19000244140625,312.5799865722656,313.760009765625,210062
2026-05-12 16:30:00,313.7922058105469,314.909912109375,313.4049987792969,314.010009765625,167024
2026-05-12 17:30:00,313.9100036621094,314.7619934082031,313.8299865722656,314.17999267578125,168107
2026-05-12 18:30:00,314.17999267578125,314.95001220703125,313.8299865722656,314.2300109863281,172283
2026-05-12 19:30:00,314.2200012207031,314.8999938964844,313.8500061035156,314.30999755859375,295512
2026-05-13 13:30:00,311.1199951171875,312.1000061035156,309.239990234375,310.32501220703125,565107
2026-05-13 14:30:00,310.3399963378906,310.6400146484375,308.2699890136719,308.9549865722656,342395
2026-05-13 15:30:00,308.9549865722656,309.54998779296875,308.2799987792969,309.5,246796
2026-05-13 16:30:00,309.5,310.0400085449219,308.2349853515625,308.4100036621094,327546
2026-05-13 17:30:00,308.4100036621094,309.0400085449219,307.760009765625,308.5400085449219,337417
2026-05-13 18:30:00,308.5400085449219,309.239990234375,307.8399963378906,309.1400146484375,308010
2026-05-13 19:30:00,309.17999267578125,309.6499938964844,308.82000732421875,309.6000061035156,401615
2026-05-14 13:30:00,313.0199890136719,314.67999267578125,311.3299865722656,312.1499938964844,422158
2026-05-14 14:30:00,312.1600036621094,313.1585998535156,311.510009765625,312.79998779296875,212791
2026-05-14 15:30:00,312.7099914550781,314.19000244140625,312.6300048828125,312.8900146484375,135072
2026-05-14 16:30:00,312.9100036621094,313.55999755859375,311.027099609375,312.6449890136719,852225
2026-05-14 17:30:00,312.57000732421875,314.17999267578125,312.5,313.3500061035156,135291
2026-05-14 18:30:00,313.3999938964844,313.82000732421875,313.1600036621094,313.3699951171875,195390
2026-05-14 19:30:00,313.3999938964844,313.7650146484375,312.7699890136719,312.7699890136719,309425
2026-05-15 13:30:00,312.2900085449219,314.5,312.0,313.8599853515625,567929
2026-05-15 14:30:00,313.8800048828125,314.75,313.0799865722656,313.3699951171875,275042
2026-05-15 15:30:00,313.44000244140625,314.1499938964844,312.7325134277344,314.0150146484375,188696
2026-05-15 16:30:00,314.0,315.489990234375,313.6300048828125,315.17999267578125,249325
2026-05-15 17:30:00,315.1600036621094,315.3699951171875,313.7001037597656,313.95001220703125,195299
2026-05-15 18:30:00,313.9800109863281,314.32000732421875,313.31500244140625,313.75,208342
2026-05-15 19:30:00,313.82000732421875,314.260009765625,313.3699951171875,313.3999938964844,358595
2026-05-18 13:30:00,314.2900085449219,315.6600036621094,310.760009765625,315.5400085449219,275350
2026-05-18 14:30:00,315.6404113769531,315.6404113769531,312.7401123046875,313.67999267578125,232445
2026-05-18 15:30:00,313.79998779296875,314.0400085449219,313.0799865722656,313.2900085449219,183316
2026-05-18 16:30:00,313.239990234375,314.07000732421875,312.04998779296875,313.0299987792969,254111
2026-05-18 17:30:00,313.0899963378906,313.114990234375,310.3999938964844,310.8900146484375,198279
2026-05-18 18:30:00,310.989990234375,313.1400146484375,310.864990234375,312.32501220703125,221824
2026-05-18 19:30:00,312.32501220703125,313.1650085449219,312.1099853515625,312.2749938964844,332014
2026-05-19 13:30:00,310.80999755859375,312.989990234375,307.6300048828125,312.1650085449219,508886
2026-05-19 14:30:00,312.239990234375,312.3999938964844,310.06500244140625,310.32501220703125,219118
2026-05-19 15:30:00,310.32000732421875,311.0849914550781,309.4750061035156,310.17999267578125,135477
2026-05-19 16:30:00,310.2124938964844,310.8599853515625,309.54998779296875,310.6549987792969,136566
2026-05-19 17:30:00,310.6300048828125,310.864990234375,309.78009033203125,309.78009033203125,183381
2026-05-19 18:30:00,309.8275146484375,310.04998779296875,308.8299865722656,309.2200012207031,381583
2026-05-19 19:30:00,309.17999267578125,310.1650085449219,308.4599914550781,309.3999938964844,670546
2026-05-20 13:30:00,310.0,310.1300048828125,303.0400085449219,308.30999755859375,793446
2026-05-20 14:30:00,308.29998779296875,310.8699951171875,307.2699890136719,310.07501220703125,445052
2026-05-20 15:30:00,310.07501220703125,310.75,309.7099914550781,309.8550109863281,324937
2026-05-20 16:30:00,309.8550109863281,310.322509765625,309.3800048828125,309.5400085449219,351795
2026-05-20 17:30:00,309.5400085449219,310.3999938964844,308.8699951171875,309.010009765625,536119
2026-05-20 18:30:00,309.010009765625,310.1099853515625,308.55999755859375,310.07501220703125,469176
2026-05-20 19:30:00,310.07501220703125,310.82000732421875,309.6099853515625,309.7900085449219,635689
