Datetime,open,high,low,close,volume
2023-06-23 13:30:00,335.1000061035156,336.2900085449219,334.19000244140625,335.5,420830
2023-06-23 14:30:00,335.5,336.3900146484375,335.260009765625,336.3706970214844,239449
2023-06-23 15:30:00,336.4216003417969,337.4700012207031,336.1499938964844,337.0118103027344,186219
2023-06-23 16:30:00,337.0199890136719,337.0899963378906,336.0799865722656,336.4100036621094,146413
2023-06-23 17:30:00,336.3949890136719,336.6700134277344,335.1499938964844,335.19000244140625,188716
2023-06-23 18:30:00,335.17889404296875,335.3800048828125,334.5799865722656,334.9320068359375,292183
2023-06-23 19:30:00,334.95001220703125,335.57000732421875,334.2300109863281,335.3900146484375,615186
2023-06-26 13:30:00,335.1700134277344,335.82501220703125,332.8500061035156,332.9100036621094,475378
2023-06-26 14:30:00,332.9259948730469,333.1300048828125,331.8399963378906,332.8349914550781,335861
2023-06-26 15:30:00,332.8349914550781,334.5,332.8349914550781,334.3299865722656,255834
2023-06-26 16:30:00,334.3299865722656,335.260009765625,334.1000061035156,335.0,243044
2023-06-26 17:30:00,335.010009765625,335.010009765625,333.875,334.2149963378906,211327
2023-06-26 18:30:00,334.19000244140625,334.5299987792969,334.125,334.4750061035156,210043
2023-06-26 19:30:00,334.4750061035156,334.4800109863281,333.4800109863281,334.19000244140625,470083
2023-06-27 13:30:00,334.3900146484375,336.260009765625,334.3699951171875,335.94000244140625,286551
2023-06-27 14:30:00,335.875,336.7300109863281,335.2550048828125,335.3399963378906,218886
2023-06-27 15:30:00,335.3739929199219,335.5450134277344,334.5,334.5400085449219,257353
2023-06-27 16:30:00,334.5400085449219,335.5,334.5350036621094,335.1300048828125,225216
2023-06-27 17:30:00,335.125,335.9100036621094,335.0400085449219,335.69000244140625,198109
2023-06-27 18:30:00,335.67999267578125,335.989990234375,335.07000732421875,335.4949951171875,236083
2023-06-27 19:30:00,335.5,335.92999267578125,335.1199951171875,335.3500061035156,445762
2023-06-28 13:30:00,336.04998779296875,336.3999938964844,333.7200012207031,333.7200012207031,368087
2023-06-28 14:30:00,333.79998779296875,334.3900146484375,333.44000244140625,334.2799987792969,345883
2023-06-28 15:30:00,334.29998779296875,335.2300109863281,333.989990234375,335.2300109863281,261771
2023-06-28 16:30:00,335.2300109863281,335.260009765625,333.2099914550781,333.5,303543
2023-06-28 17:30:00,333.5,333.6199951171875,332.8699951171875,333.3580017089844,242539
2023-06-28 18:30:00,333.3599853515625,333.3599853515625,332.7149963378906,332.9800109863281,295552
2023-06-28 19:30:00,332.9674987792969,334.29998779296875,332.6099853515625,334.29998779296875,602709
2023-06-29 13:30:00,334.260009765625,335.5899963378906,334.1400146484375,335.32000732421875,370914
2023-06-29 14:30:00,335.3999938964844,335.57000732421875,334.5679016113281,335.3500061035156,187548
2023-06-29 15:30:00,335.3500061035156,336.010009765625,334.8599853515625,335.9949951171875,169989
2023-06-29 16:30:00,335.9700012207031,336.4200134277344,335.4100036621094,335.885009765625,158522
2023-06-29 17:30:00,335.92999267578125,336.0899963378906,335.0799865722656,335.6650085449219,187066
2023-06-29 18:30:00,335.7099914550781,336.5299987792969,335.5,336.489990234375,268211
2023-06-29 19:30:00,336.5,337.010009765625,335.75,336.989990234375,411279
2023-06-30 13:30:00,338.7799987792969,341.2099914550781,338.3999938964844,340.0,612021
2023-06-30 14:30:00,340.0,340.239990234375,338.5,339.7300109863281,698697
2023-06-30 15:30:00,339.67999267578125,340.82000732421875,339.2099914550781,340.6997985839844,252945
2023-06-30 16:30:00,340.7699890136719,341.4599914550781,340.29998779296875,341.3999938964844,233123
2023-06-30 17:30:00,341.3999938964844,342.0799865722656,341.1756896972656,341.9898986816406,281417
2023-06-30 18:30:00,341.989990234375,342.4700012207031,341.70001220703125,342.17999267578125,358264
2023-06-30 19:30:00,342.1499938964844,342.5,340.9100036621094,340.9200134277344,686996
2023-07-03 13:30:00,340.75,340.82000732421875,338.4100036621094,339.7149963378906,542555
2023-07-03 14:30:00,339.7149963378906,340.739990234375,339.3500061035156,340.6400146484375,273104
2023-07-03 15:30:00,340.6600036621094,341.0,340.30999755859375,340.8299865722656,167531
2023-07-05 13:30:00,340.04998779296875,340.92999267578125,338.70001220703125,340.3999938964844,561408
2023-07-05 14:30:00,340.54998779296875,340.8299865722656,339.760009765625,340.375,285509
2023-07-05 15:30:00,340.3900146484375,341.0,340.1400146484375,340.510009765625,209474
2023-07-05 16:30:00,340.510009765625,341.25,340.1700134277344,341.2200012207031,191645
2023-07-05 17:30:00,341.19000244140625,341.5799865722656,340.8500061035156,340.989990234375,242427
2023-07-05 18:30:00,341.0199890136719,341.6346130371094,340.8999938964844,341.54998779296875,229387
2023-07-05 19:30:00,341.57000732421875,341.8900146484375,341.30999755859375,341.5,355222
2023-07-06 13:30:00,339.75,340.8399963378906,339.4200134277344,340.0421142578125,532975
2023-07-06 14:30:00,340.0,340.07000732421875,338.9100036621094,339.6099853515625,287573
2023-07-06 15:30:00,339.6199951171875,340.4726867675781,339.6199951171875,340.4700012207031,207845
2023-07-06 16:30:00,340.489990234375,340.5400085449219,339.9100036621094,340.5,163466
2023-07-06 17:30:00,340.54998779296875,340.7799987792969,340.29998779296875,340.6400146484375,157632
2023-07-06 18:30:00,340.6400146484375,341.3800048828125,340.6099853515625,341.11700439453125,181948
2023-07-06 19:30:00,341.0799865722656,341.79998779296875,340.989990234375,341.45001220703125,352499
2023-07-07 13:30:00,340.5199890136719,341.73748779296875,340.385009765625,341.05999755859375,360149
2023-07-07 14:30:00,340.9549865722656,341.5199890136719,340.70001220703125,341.010009765625,196878
2023-07-07 15:30:00,341.04998779296875,342.29998779296875,340.9599914550781,342.2650146484375,216637
2023-07-07 16:30:00,342.29998779296875,344.07000732421875,342.2699890136719,343.44000244140625,227688
2023-07-07 17:30:00,343.3800048828125,343.3800048828125,342.42999267578125,342.5899963378906,188443
2023-07-07 18:30:00,342.5799865722656,342.5799865722656,341.9110107421875,341.9800109863281,206221
2023-07-07 19:30:00,341.9849853515625,342.1199951171875,340.5799865722656,340.9100036621094,611974
2023-07-10 13:30:00,340.4800109863281,343.4800109863281,340.4800109863281,342.4100036621094,476323
2023-07-10 14:30:00,342.510009765625,342.5299987792969,341.2372131347656,341.67999267578125,283332
2023-07-10 15:30:00,341.67498779296875,341.7799987792969,340.94000244140625,341.239990234375,240319
2023-07-10 16:30:00,341.29998779296875,341.489990234375,340.9209899902344,341.0400085449219,228334
2023-07-10 17:30:00,341.1400146484375,341.19000244140625,340.1199951171875,340.3291931152344,233907
2023-07-10 18:30:00,340.32000732421875,340.54998779296875,339.864990234375,340.4150085449219,357376
2023-07-10 19:30:00,340.3699951171875,341.239990234375,340.1954040527344,341.2300109863281,464472
2023-07-11 13:30:00,341.2300109863281,342.8599853515625,341.1300048828125,342.1000061035156,495572
2023-07-11 14:30:00,342.04998779296875,342.04998779296875,341.17999267578125,341.5,309721
2023-07-11 15:30:00,341.45001220703125,341.8999938964844,340.92498779296875,341.44000244140625,196966
2023-07-11 16:30:00,341.3500061035156,341.6400146484375,341.1340026855469,341.6400146484375,161484
2023-07-11 17:30:00,341.7300109863281,341.9100036621094,341.29998779296875,341.7550048828125,185646
2023-07-11 18:30:00,341.79998779296875,342.94000244140625,341.5,342.80499267578125,249927
2023-07-11 19:30:00,342.7300109863281,343.8399963378906,342.54998779296875,343.3599853515625,509823
2023-07-12 13:30:00,345.2900085449219,345.739990234375,344.30999755859375,345.5799865722656,484606
2023-07-12 14:30:00,345.6000061035156,346.44000244140625,345.45001220703125,345.6000061035156,251125
2023-07-12 15:30:00,345.5899963378906,345.8800048828125,344.6700134277344,344.9200134277344,232392
2023-07-12 16:30:00,344.95001220703125,345.67999267578125,344.6499938964844,345.3800048828125,158764
2023-07-12 17:30:00,345.3800048828125,345.9599914550781,345.1913146972656,345.8999938964844,172130
2023-07-12 18:30:00,345.8800048828125,346.0,344.44000244140625,344.7650146484375,307475
2023-07-12 19:30:00,344.739990234375,345.5299987792969,344.7300109863281,345.3599853515625,475339
2023-07-13 13:30:00,345.6000061035156,346.0199890136719,344.3699951171875,345.6300048828125,473030
2023-07-13 14:30:00,345.739990234375,346.2049865722656,345.2200012207031,345.2200012207031,218876
2023-07-13 15:30:00,345.2099914550781,345.25,344.4100036621094,344.44000244140625,239235
2023-07-13 16:30:00,344.45001220703125,344.8699951171875,344.1499938964844,344.4100036621094,219763
2023-07-13 17:30:00,344.3900146484375,344.4800109863281,343.7200012207031,343.7950134277344,200210
2023-07-13 18:30:00,343.7799987792969,344.29998779296875,343.7149963378906,343.739990234375,231450
2023-07-13 19:30:00,343.7349853515625,344.3399963378906,343.45001220703125,343.45001220703125,454363
2023-07-14 13:30:00,344.989990234375,345.0,343.0299987792969,343.0799865722656,423867
2023-07-14 14:30:00,343.0799865722656,343.4700012207031,342.4700012207031,342.7200012207031,281880
2023-07-14 15:30:00,342.81500244140625,342.9100036621094,341.489990234375,341.510009765625,208381
2023-07-14 16:30:00,341.5799865722656,341.760009765625,341.0450134277344,341.75,214068
2023-07-14 17:30:00,341.7349853515625,342.42999267578125,341.69000244140625,342.0199890136719,155701
2023-07-14 18:30:00,342.05999755859375,342.2200012207031,341.3909912109375,341.7900085449219,209703
2023-07-14 19:30:00,341.80999755859375,341.86590576171875,340.510009765625,341.1600036621094,508768
2023-07-17 13:30:00,341.0899963378906,343.6400146484375,341.0899963378906,342.5,383031
2023-07-17 14:30:00,342.5815124511719,344.5799865722656,342.4100036621094,344.2690124511719,266669
2023-07-17 15:30:00,344.2300109863281,344.92999267578125,344.19000244140625,344.8800048828125,179546
2023-07-17 16:30:00,344.80499267578125,345.1000061035156,344.6000061035156,345.04998779296875,165165
2023-07-17 17:30:00,345.0450134277344,345.6600036621094,344.8301086425781,345.5799865722656,160816
2023-07-17 18:30:00,345.6300048828125,345.7200012207031,344.9200134277344,345.010009765625,278111
2023-07-17 19:30:00,345.010009765625,345.0799865722656,344.1499938964844,344.25,404924
2023-07-18 13:30:00,344.04998779296875,346.19000244140625,343.5400085449219,346.04998779296875,383924
2023-07-18 14:30:00,346.05999755859375,347.25,346.010009765625,346.7300109863281,220361
2023-07-18 15:30:00,346.6600036621094,346.6600036621094,344.7701110839844,345.30499267578125,216475
2023-07-18 16:30:00,345.2854919433594,345.2854919433594,344.28009033203125,344.4570007324219,137536
2023-07-18 17:30:00,344.4707946777344,344.95001220703125,344.239990234375,344.9200134277344,127117
2023-07-18 18:30:00,344.9200134277344,345.14990234375,344.20001220703125,345.0299987792969,197872
2023-07-18 19:30:00,345.0,345.6400146484375,344.7200012207031,345.6000061035156,451544
2023-07-19 13:30:00,344.2099914550781,345.3800048828125,343.54998779296875,344.0,597048
2023-07-19 14:30:00,344.0299072265625,344.1400146484375,342.07879638671875,342.2699890136719,373581
2023-07-19 15:30:00,342.29998779296875,342.9100036621094,341.989990234375,342.8500061035156,342076
2023-07-19 16:30:00,342.8299865722656,343.510009765625,342.3500061035156,343.3599853515625,237698
2023-07-19 17:30:00,343.3349914550781,343.9599914550781,342.8800048828125,343.2200012207031,243234
2023-07-19 18:30:00,343.2149963378906,343.95001220703125,343.19000244140625,343.3999938964844,208837
2023-07-19 19:30:00,343.3699951171875,343.3699951171875,342.2900085449219,342.29998779296875,500410
2023-07-20 13:30:00,343.0899963378906,344.3500061035156,342.8500061035156,343.5249938964844,559010
2023-07-20 14:30:00,343.5450134277344,345.05999755859375,343.4599914550781,344.4700012207031,341076
2023-07-20 15:30:00,344.4200134277344,345.44000244140625,343.8800048828125,345.07000732421875,299690
2023-07-20 16:30:00,345.1050109863281,345.1499938964844,344.1099853515625,344.989990234375,393052
2023-07-20 17:30:00,344.9849853515625,345.7550048828125,344.82000732421875,345.4200134277344,249088
2023-07-20 18:30:00,345.3800048828125,346.5899963378906,345.3800048828125,346.3641052246094,347607
2023-07-20 19:30:00,346.3800048828125,346.7900085449219,345.8299865722656,346.5799865722656,486392
2023-07-21 13:30:00,346.7550048828125,347.3599853515625,345.1000061035156,346.7200012207031,612741
2023-07-21 14:30:00,346.6499938964844,347.6000061035156,346.5899963378906,347.3500061035156,358854
2023-07-21 15:30:00,347.4200134277344,347.6199951171875,346.80999755859375,346.8299865722656,286423
2023-07-21 16:30:00,346.79998779296875,347.1000061035156,346.45001220703125,346.9100036621094,287312
2023-07-21 17:30:00,346.9100036621094,347.1400146484375,346.17999267578125,346.3450012207031,265052
2023-07-21 18:30:00,346.3450012207031,346.96990966796875,346.1000061035156,346.69000244140625,314096
2023-07-21 19:30:00,346.7200012207031,346.79998779296875,345.6099853515625,345.7200012207031,489221
2023-07-24 13:30:00,346.7699890136719,349.16119384765625,346.2799987792969,348.8299865722656,494438
2023-07-24 14:30:00,348.92498779296875,349.70001220703125,348.6099853515625,349.3999938964844,255350
2023-07-24 15:30:00,349.4599914550781,351.1300048828125,349.3900146484375,351.1300048828125,456277
2023-07-24 16:30:00,351.0799865722656,351.19000244140625,350.30010986328125,350.7799987792969,179576
2023-07-24 17:30:00,350.82000732421875,350.9100036621094,349.80999755859375,349.93499755859375,176611
2023-07-24 18:30:00,349.93499755859375,350.2900085449219,349.4700012207031,349.5863037109375,258687
2023-07-24 19:30:00,349.5899963378906,350.3599853515625,349.45001220703125,349.69000244140625,408240
2023-07-25 13:30:00,349.32000732421875,349.6600036621094,346.3999938964844,347.8999938964844,589462
2023-07-25 14:30:00,347.8900146484375,348.1308898925781,346.04998779296875,346.1000061035156,369309
2023-07-25 15:30:00,346.1400146484375,347.2900085449219,345.5400085449219,346.9949951171875,419590
2023-07-25 16:30:00,346.9993896484375,348.8999938964844,346.9700012207031,348.7799987792969,269344
2023-07-25 17:30:00,348.7799987792969,348.92999267578125,347.7200012207031,348.1199951171875,170057
2023-07-25 18:30:00,348.18499755859375,348.3999938964844,347.79998779296875,347.79998779296875,193587
2023-07-25 19:30:00,347.79998779296875,348.1000061035156,347.4100036621094,347.6199951171875,470390
2023-07-26 13:30:00,347.55999755859375,349.2799987792969,347.5199890136719,348.8900146484375,327690
2023-07-26 14:30:00,348.94500732421875,350.04998779296875,348.6499938964844,349.9949951171875,270194
2023-07-26 15:30:00,349.9949951171875,350.3399963378906,349.6600036621094,350.1000061035156,179722
2023-07-26 16:30:00,350.0400085449219,350.1099853515625,349.6000061035156,349.6300048828125,136502
2023-07-26 17:30:00,349.6000061035156,349.8811950683594,349.29998779296875,349.7799987792969,176236
2023-07-26 18:30:00,349.7799987792969,351.0899963378906,349.3399963378906,349.5199890136719,312091
2023-07-26 19:30:00,349.510009765625,349.9599914550781,348.739990234375,349.80999755859375,454976
2023-07-27 13:30:00,350.69000244140625,351.2099914550781,348.6000061035156,350.32501220703125,456974
2023-07-27 14:30:00,350.32501220703125,351.0799865722656,349.3949890136719,350.0400085449219,286593
2023-07-27 15:30:00,350.1000061035156,350.7799987792969,349.95001220703125,350.51129150390625,175192
2023-07-27 16:30:00,350.5400085449219,351.2699890136719,349.91180419921875,349.94000244140625,203723
2023-07-27 17:30:00,349.94000244140625,350.3500061035156,349.2950134277344,349.70001220703125,220708
2023-07-27 18:30:00,349.6600036621094,350.4599914550781,349.2699890136719,349.5979919433594,224238
2023-07-27 19:30:00,349.5799865722656,349.94000244140625,349.07000732421875,349.3299865722656,437374
2023-07-28 13:30:00,349.92999267578125,351.0,349.5101013183594,350.6499938964844,347183
2023-07-28 14:30:00,350.760009765625,350.9200134277344,349.7699890136719,349.8963928222656,172085
2023-07-28 15:30:00,349.8500061035156,350.1300048828125,349.25,350.0,223767
2023-07-28 16:30:00,349.9599914550781,350.0299987792969,349.05999755859375,349.1000061035156,182646
2023-07-28 17:30:00,349.04998779296875,349.2702941894531,348.32000732421875,349.2699890136719,165438
2023-07-28 18:30:00,349.2550048828125,349.5599060058594,348.7900085449219,349.404296875,199378
2023-07-28 19:30:00,349.32000732421875,350.2699890136719,348.82000732421875,349.7900085449219,510526
2023-07-31 13:30:00,350.7300109863281,351.5799865722656,350.2099914550781,351.55499267578125,343394
2023-07-31 14:30:00,351.5899963378906,352.29998779296875,351.2500915527344,351.760009765625,265647
2023-07-31 15:30:00,351.760009765625,351.78900146484375,350.7300109863281,350.9349060058594,162448
2023-07-31 16:30:00,350.9200134277344,351.1000061035156,350.4750061035156,350.7049865722656,147950
2023-07-31 17:30:00,350.6700134277344,350.92138671875,350.3699951171875,350.760009765625,139788
2023-07-31 18:30:00,350.82000732421875,350.9700012207031,350.4200134277344,350.6075134277344,188633
2023-07-31 19:30:00,350.6600036621094,352.1400146484375,350.3139953613281,351.9800109863281,644965
2023-08-01 13:30:00,352.0299987792969,353.4200134277344,351.5,352.2398986816406,502387
2023-08-01 14:30:00,352.135009765625,352.3399963378906,351.25,351.7398986816406,238040
2023-08-01 15:30:00,351.739990234375,351.8299865722656,351.25,351.55999755859375,180626
2023-08-01 16:30:00,351.55999755859375,352.04998779296875,351.42999267578125,351.6000061035156,156910
2023-08-01 17:30:00,351.6000061035156,352.04998779296875,351.3999938964844,351.7900085449219,171882
2023-08-01 18:30:00,351.875,352.4599914550781,351.70001220703125,352.3599853515625,161621
2023-08-01 19:30:00,352.3900146484375,352.4700012207031,351.7099914550781,352.2699890136719,287594
2023-08-02 13:30:00,351.45001220703125,352.17999267578125,350.9200134277344,351.3699951171875,395438
2023-08-02 14:30:00,351.3999938964844,351.662109375,349.69000244140625,350.95001220703125,350536
2023-08-02 15:30:00,350.95001220703125,352.8890075683594,350.83349609375,352.82501220703125,271141
2023-08-02 16:30:00,352.7300109863281,352.8680114746094,351.42999267578125,351.55999755859375,270561
2023-08-02 17:30:00,351.5299987792969,351.80999755859375,350.69000244140625,351.1400146484375,198794
2023-08-02 18:30:00,351.17999267578125,351.2799987792969,350.5,350.5,203198
2023-08-02 19:30:00,350.55999755859375,352.0943908691406,350.32000732421875,351.20001220703125,630079
2023-08-03 13:30:00,350.2900085449219,352.1000061035156,349.4150085449219,351.5899963378906,377985
2023-08-03 14:30:00,351.4919128417969,352.44000244140625,351.0199890136719,352.3299865722656,226068
2023-08-03 15:30:00,352.32000732421875,353.1000061035156,352.32000732421875,352.79998779296875,184679
2023-08-03 16:30:00,352.8299865722656,354.1300048828125,352.7745056152344,353.92999267578125,273821
2023-08-03 17:30:00,353.94000244140625,354.3299865722656,353.3299865722656,354.05499267578125,273737
2023-08-03 18:30:00,353.9700012207031,354.3599853515625,353.3999938964844,354.1300048828125,248613
2023-08-03 19:30:00,354.1099853515625,354.4700012207031,353.6000061035156,353.7699890136719,542837
2023-08-04 13:30:00,353.989990234375,354.67999267578125,352.5,353.84991455078125,396224
2023-08-04 14:30:00,353.8500061035156,354.17999267578125,352.2799987792969,352.95001220703125,208762
2023-08-04 15:30:00,352.8500061035156,353.8800048828125,352.8450012207031,353.8800048828125,173996
2023-08-04 16:30:00,353.9700012207031,355.1099853515625,353.79998779296875,354.0791015625,266823
2023-08-04 17:30:00,354.0101013183594,354.3599853515625,350.6600036621094,351.0014953613281,272005
2023-08-04 18:30:00,350.8399963378906,350.9735107421875,349.68548583984375,350.17999267578125,387672
2023-08-04 19:30:00,350.20001220703125,350.42999267578125,349.3900146484375,350.2799987792969,558616
2023-08-07 13:30:00,355.7300109863281,360.3550109863281,355.1499938964844,360.0299987792969,1217595
2023-08-07 14:30:00,360.1099853515625,361.9700012207031,359.2900085449219,361.0899963378906,752978
2023-08-07 15:30:00,361.0899963378906,363.3599853515625,361.010009765625,363.3599853515625,451207
2023-08-07 16:30:00,363.3299865722656,364.6300048828125,363.0,363.0249938964844,503686
2023-08-07 17:30:00,363.0350036621094,364.0400085449219,362.7200012207031,363.17999267578125,435693
2023-08-07 18:30:00,363.2200012207031,363.70001220703125,362.5799865722656,362.760009765625,369307
2023-08-07 19:30:00,362.7900085449219,362.95001220703125,361.8900146484375,362.5199890136719,835499
2023-08-08 13:30:00,359.4200134277344,362.8500061035156,358.8500061035156,362.5400085449219,797349
2023-08-08 14:30:00,362.3900146484375,362.72650146484375,361.510009765625,362.6300048828125,556685
2023-08-08 15:30:00,362.57000732421875,363.4862976074219,362.3500061035156,363.20001220703125,287874
2023-08-08 16:30:00,363.20001220703125,363.30999755859375,361.760009765625,362.6820983886719,267788
2023-08-08 17:30:00,362.635009765625,363.739990234375,362.4700012207031,363.07000732421875,223703
2023-08-08 18:30:00,363.11700439453125,364.25,362.7349853515625,363.5400085449219,373542
2023-08-08 19:30:00,363.6050109863281,364.239990234375,363.2699890136719,363.79998779296875,462347
2023-08-09 13:30:00,364.20001220703125,364.42999267578125,362.17010498046875,363.2850036621094,461904
2023-08-09 14:30:00,363.2900085449219,363.7799987792969,360.60650634765625,360.65008544921875,684296
2023-08-09 15:30:00,360.67999267578125,360.9800109863281,356.6400146484375,356.7300109863281,681284
2023-08-09 16:30:00,356.7919921875,358.0,356.32000732421875,357.6199951171875,439392
2023-08-09 17:30:00,357.6199951171875,359.5899963378906,357.2799987792969,359.4100036621094,585620
2023-08-09 18:30:00,359.44000244140625,359.8699951171875,359.2200012207031,359.6400146484375,263600
2023-08-09 19:30:00,359.6700134277344,359.7449951171875,357.6700134277344,358.1099853515625,539267
2023-08-10 13:30:00,359.3599853515625,362.2900085449219,359.1300048828125,362.2156066894531,425363
2023-08-10 14:30:00,362.2699890136719,362.3500061035156,360.43499755859375,361.94000244140625,286301
2023-08-10 15:30:00,361.8900146484375,362.2799987792969,358.7699890136719,359.0400085449219,298593
2023-08-10 16:30:00,358.9599914550781,359.8399963378906,358.20001220703125,358.4761962890625,198282
2023-08-10 17:30:00,358.3599853515625,359.3599853515625,357.94000244140625,358.6700134277344,219811
2023-08-10 18:30:00,358.614990234375,359.489990234375,358.1700134277344,358.2672119140625,215326
2023-08-10 19:30:00,358.2200012207031,358.2300109863281,355.9200134277344,357.1000061035156,569020
2023-08-11 13:30:00,356.260009765625,356.6961975097656,353.20001220703125,356.31500244140625,491651
2023-08-11 14:30:00,356.3699951171875,357.32000732421875,356.07000732421875,357.31988525390625,224528
2023-08-11 15:30:00,357.19000244140625,358.760009765625,357.1200866699219,357.7900085449219,250097
2023-08-11 16:30:00,357.92999267578125,358.760009765625,357.80999755859375,358.5350036621094,195968
2023-08-11 17:30:00,358.5899963378906,358.9800109863281,357.840087890625,358.9599914550781,218682
2023-08-11 18:30:00,358.95001220703125,359.2511901855469,358.0450134277344,358.3399963378906,214532
2023-08-11 19:30:00,358.3241882324219,358.45001220703125,357.6400146484375,358.3800048828125,360427
2023-08-14 13:30:00,358.25,358.5199890136719,356.80999755859375,357.7001037597656,352876
2023-08-14 14:30:00,357.5849914550781,358.21990966796875,357.260009765625,358.20001220703125,227427
2023-08-14 15:30:00,358.2099914550781,358.94000244140625,358.05999755859375,358.32000732421875,188370
2023-08-14 16:30:00,358.3034973144531,358.95001220703125,358.2200012207031,358.5544128417969,136620
2023-08-14 17:30:00,358.57501220703125,358.68499755859375,357.6700134277344,357.9150085449219,126532
2023-08-14 18:30:00,357.8800048828125,358.07000732421875,357.3699951171875,357.7699890136719,196530
2023-08-14 19:30:00,357.7200012207031,358.5899963378906,357.3299865722656,358.5799865722656,334886
2023-08-15 13:30:00,357.0,357.9200134277344,355.7349853515625,356.54010009765625,386865
2023-08-15 14:30:00,356.5400085449219,356.67999267578125,355.7300109863281,356.2799987792969,232150
2023-08-15 15:30:00,356.3399963378906,356.7200012207031,354.7799987792969,354.885009765625,245830
2023-08-15 16:30:00,354.9599914550781,355.260009765625,354.5199890136719,354.94000244140625,174527
2023-08-15 17:30:00,355.0,355.2699890136719,354.3399963378906,354.95001220703125,210532
2023-08-15 18:30:00,354.95001220703125,355.2850036621094,353.8999938964844,353.9700012207031,550193
2023-08-15 19:30:00,353.9700012207031,354.8500061035156,353.6700134277344,354.57000732421875,426681
2023-08-16 13:30:00,354.6000061035156,358.7203063964844,354.5899963378906,357.8999938964844,473657
2023-08-16 14:30:00,357.7099914550781,358.489990234375,356.9100036621094,357.1600036621094,245836
2023-08-16 15:30:00,357.1600036621094,357.3699951171875,355.8500061035156,356.1600036621094,169911
2023-08-16 16:30:00,356.0899963378906,356.32000732421875,354.75,354.81500244140625,142871
2023-08-16 17:30:00,354.82830810546875,355.8800048828125,354.5899963378906,355.739990234375,174441
2023-08-16 18:30:00,355.79998779296875,356.20001220703125,353.3800048828125,353.75,291047
2023-08-16 19:30:00,353.7149963378906,354.67999267578125,353.4849853515625,354.0899963378906,327304
2023-08-17 13:30:00,354.010009765625,356.29998779296875,353.1099853515625,356.1000061035156,441174
2023-08-17 14:30:00,355.9599914550781,356.29998779296875,355.4967041015625,355.75,277472
2023-08-17 15:30:00,355.7247009277344,355.7900085449219,353.6499938964844,354.8900146484375,224535
2023-08-17 16:30:00,354.9612121582031,354.9612121582031,353.75,354.2200012207031,220593
2023-08-17 17:30:00,354.2200012207031,354.44000244140625,353.8500061035156,354.44000244140625,153674
2023-08-17 18:30:00,354.3699951171875,354.68499755859375,351.8800048828125,352.5799865722656,343614
2023-08-17 19:30:00,352.7300109863281,353.80499267578125,352.1499938964844,353.17999267578125,535395
2023-08-18 13:30:00,351.4700012207031,353.6400146484375,351.25,351.4154968261719,743708
2023-08-18 14:30:00,351.489990234375,354.29998779296875,351.3399963378906,353.322998046875,345048
2023-08-18 15:30:00,353.30999755859375,353.5,352.44000244140625,352.625,218253
2023-08-18 16:30:00,352.6099853515625,353.1199951171875,352.0,352.3949890136719,129142
2023-08-18 17:30:00,352.42999267578125,353.1400146484375,352.1700134277344,352.7349853515625,139325
2023-08-18 18:30:00,352.6499938964844,352.79998779296875,351.55999755859375,352.1400146484375,180577
2023-08-18 19:30:00,352.0799865722656,353.3800048828125,351.94110107421875,352.8299865722656,389321
2023-08-21 13:30:00,354.0899963378906,354.17999267578125,351.33319091796875,351.6470947265625,404133
2023-08-21 14:30:00,351.6099853515625,352.3362121582031,351.3753967285156,351.489990234375,172483
2023-08-21 15:30:00,351.5400085449219,351.8800048828125,349.6099853515625,350.5400085449219,332313
2023-08-21 16:30:00,350.4761047363281,351.2149963378906,350.30999755859375,351.0003967285156,166746
2023-08-21 17:30:00,351.1199951171875,351.7699890136719,350.8699951171875,351.32159423828125,146018
2023-08-21 18:30:00,351.4700012207031,353.1199951171875,351.4700012207031,352.8800048828125,201143
2023-08-21 19:30:00,352.94500732421875,353.343994140625,351.95001220703125,352.17999267578125,321410
2023-08-22 13:30:00,353.010009765625,353.4999084472656,352.25,352.55999755859375,273585
2023-08-22 14:30:00,352.54998779296875,352.54998779296875,350.2099914550781,350.9971008300781,274849
2023-08-22 15:30:00,351.1400146484375,351.25,350.1499938964844,350.6449890136719,203588
2023-08-22 16:30:00,350.7900085449219,351.135009765625,349.66009521484375,350.0899963378906,163170
2023-08-22 17:30:00,350.0199890136719,350.7300109863281,349.7900085449219,350.7200012207031,144903
2023-08-22 18:30:00,350.760009765625,351.30999755859375,350.1600036621094,350.6499938964844,168242
2023-08-22 19:30:00,350.7099914550781,350.8699035644531,350.0199890136719,350.5400085449219,309115
2023-08-23 13:30:00,351.6300048828125,353.0249938964844,351.5400085449219,352.1300048828125,332351
2023-08-23 14:30:00,352.25,353.25,351.9200134277344,352.80999755859375,156158
2023-08-23 15:30:00,352.8900146484375,353.22808837890625,352.30999755859375,353.1050109863281,169795
2023-08-23 16:30:00,353.07000732421875,354.0199890136719,352.590087890625,353.7434997558594,221280
2023-08-23 17:30:00,353.7699890136719,354.2799987792969,353.17999267578125,353.3900146484375,182015
2023-08-23 18:30:00,353.3500061035156,353.8299865722656,352.8800048828125,353.8299865722656,208093
2023-08-23 19:30:00,353.7699890136719,354.32000732421875,353.6499938964844,354.30999755859375,326470
2023-08-24 13:30:00,354.3500061035156,357.22760009765625,354.29998779296875,356.5400085449219,365264
2023-08-24 14:30:00,356.5,356.5,354.79998779296875,355.489990234375,277572
2023-08-24 15:30:00,355.4100036621094,355.94000244140625,354.8788146972656,355.5299987792969,172027
2023-08-24 16:30:00,355.5299987792969,355.8299865722656,355.0899963378906,355.239990234375,150381
2023-08-24 17:30:00,355.17999267578125,355.7200012207031,355.0600891113281,355.3193054199219,149259
2023-08-24 18:30:00,355.2850036621094,355.8699951171875,354.8900146484375,355.5299987792969,231381
2023-08-24 19:30:00,355.6000061035156,355.6600036621094,354.1300048828125,354.1400146484375,478721
2023-08-25 13:30:00,354.989990234375,356.260009765625,353.2099914550781,353.5357971191406,314944
2023-08-25 14:30:00,353.5,355.8349914550781,352.9200134277344,355.8349914550781,227013
2023-08-25 15:30:00,355.7900085449219,356.5299987792969,355.0,356.31500244140625,199136
2023-08-25 16:30:00,356.4200134277344,356.6199035644531,355.29998779296875,355.5249938964844,124126
2023-08-25 17:30:00,355.54998779296875,356.5799865722656,355.05999755859375,356.5574951171875,154013
2023-08-25 18:30:00,356.5400085449219,357.3500061035156,356.3500061035156,356.6499938964844,191573
2023-08-25 19:30:00,356.6300048828125,356.8299865722656,355.489990234375,355.9599914550781,376025
2023-08-28 13:30:00,357.8900146484375,358.4100036621094,357.0199890136719,357.3500061035156,246424
2023-08-28 14:30:00,357.3900146484375,357.44000244140625,355.3299865722656,355.543701171875,200055
2023-08-28 15:30:00,355.4700012207031,356.05999755859375,354.95001220703125,355.7099914550781,149356
2023-08-28 16:30:00,355.57000732421875,356.82000732421875,355.42999267578125,356.25,118937
2023-08-28 17:30:00,356.3599853515625,356.54998779296875,354.8900146484375,354.95001220703125,179400
2023-08-28 18:30:00,355.0,355.42999267578125,354.5299987792969,355.32000732421875,230775
2023-08-28 19:30:00,355.20001220703125,356.4200134277344,355.1099853515625,355.5299987792969,299023
2023-08-29 13:30:00,355.0400085449219,356.75,354.010009765625,356.0799865722656,302601
2023-08-29 14:30:00,356.1600036621094,356.698486328125,354.75,356.45001220703125,256111
2023-08-29 15:30:00,356.3900146484375,357.80999755859375,356.3550109863281,357.739990234375,136765
2023-08-29 16:30:00,357.7127990722656,357.7900085449219,356.92999267578125,357.6000061035156,133010
2023-08-29 17:30:00,357.6000061035156,357.989990234375,357.0199890136719,357.3299865722656,147296
2023-08-29 18:30:00,357.32000732421875,358.2900085449219,357.2900085449219,358.19000244140625,253565
2023-08-29 19:30:00,358.2099914550781,358.5899963378906,357.9599914550781,358.3599853515625,216078
2023-08-30 13:30:00,358.6300048828125,362.67999267578125,358.6000061035156,360.75,625702
2023-08-30 14:30:00,360.7099914550781,361.5899963378906,360.44000244140625,361.5400085449219,269111
2023-08-30 15:30:00,361.5320129394531,362.31500244140625,361.3599853515625,362.2900085449219,281722
2023-08-30 16:30:00,362.30999755859375,362.6400146484375,361.0299987792969,361.04998779296875,267242
2023-08-30 17:30:00,361.06500244140625,361.1300048828125,360.0799865722656,360.4679870605469,299402
2023-08-30 18:30:00,360.55999755859375,361.6300048828125,360.0,360.92999267578125,272997
2023-08-30 19:30:00,360.92010498046875,361.29998779296875,360.7699890136719,361.1099853515625,370280
2023-08-31 13:30:00,362.17999267578125,362.4700012207031,360.3599853515625,360.5400085449219,426316
2023-08-31 14:30:00,360.489990234375,360.94000244140625,359.8800048828125,360.5350036621094,281645
2023-08-31 15:30:00,360.5050048828125,361.30999755859375,360.29998779296875,360.54998779296875,211981
2023-08-31 16:30:00,360.5,360.7950134277344,359.6000061035156,360.6600036621094,155128
2023-08-31 17:30:00,360.6199951171875,360.8799133300781,360.327392578125,360.4599914550781,160324
2023-08-31 18:30:00,360.510009765625,360.510009765625,359.32000732421875,359.54998779296875,194322
2023-08-31 19:30:00,359.54998779296875,360.3699951171875,359.25,359.92999267578125,395418
2023-09-01 13:30:00,361.9999084472656,363.3900146484375,360.6000061035156,363.07000732421875,571279
2023-09-01 14:30:00,363.0400085449219,363.1300048828125,361.3815002441406,361.8046875,298826
2023-09-01 15:30:00,361.80999755859375,362.2424011230469,361.2099914550781,362.2424011230469,177801
2023-09-01 16:30:00,362.2049865722656,362.8800048828125,361.6600036621094,361.739990234375,187306
2023-09-01 17:30:00,361.64959716796875,362.32000732421875,361.6099853515625,361.989990234375,143788
2023-09-01 18:30:00,361.95849609375,362.5199890136719,361.6499938964844,362.5199890136719,189011
2023-09-01 19:30:00,362.5299987792969,362.7900085449219,362.1300048828125,362.4100036621094,361323
2023-09-05 13:30:00,363.8800048828125,366.4700012207031,361.5,362.48028564453125,878940
2023-09-05 14:30:00,362.5199890136719,362.5249938964844,360.9800109863281,361.510009765625,278032
2023-09-05 15:30:00,361.5,362.25,361.25,361.260009765625,182766
2023-09-05 16:30:00,361.25,361.4200134277344,360.1199951171875,360.1499938964844,169102
2023-09-05 17:30:00,360.1000061035156,361.25,360.0,361.1099853515625,224840
2023-09-05 18:30:00,361.1499938964844,361.2650146484375,360.4678955078125,360.6600036621094,236106
2023-09-05 19:30:00,360.70001220703125,361.45001220703125,360.25,360.4100036621094,403078
2023-09-06 13:30:00,360.0199890136719,361.8900146484375,359.2569885253906,360.9800109863281,377118
2023-09-06 14:30:00,361.010009765625,361.1600036621094,359.8800048828125,360.19500732421875,245056
2023-09-06 15:30:00,360.05999755859375,360.87060546875,359.55999755859375,360.4649963378906,196521
2023-09-06 16:30:00,360.4100036621094,360.76959228515625,359.69000244140625,360.4200134277344,176629
2023-09-06 17:30:00,360.5,361.8666076660156,360.45001220703125,361.5400085449219,202973
2023-09-06 18:30:00,361.5150146484375,362.5,361.23858642578125,362.3999938964844,266379
2023-09-06 19:30:00,362.3999938964844,362.79998779296875,361.6199951171875,361.7099914550781,430367
2023-09-07 13:30:00,360.9599914550781,363.2099914550781,360.8699951171875,361.2900085449219,505543
2023-09-07 14:30:00,361.2784118652344,362.6300048828125,361.114990234375,362.3999938964844,325304
2023-09-07 15:30:00,362.5199890136719,363.17999267578125,362.1400146484375,363.0199890136719,318845
2023-09-07 16:30:00,363.0199890136719,363.29998779296875,362.2900085449219,362.9200134277344,273365
2023-09-07 17:30:00,362.9100036621094,363.17999267578125,362.2149963378906,362.2149963378906,281157
2023-09-07 18:30:00,362.1600036621094,362.260009765625,361.6000061035156,361.82000732421875,295853
2023-09-07 19:30:00,361.760009765625,362.2200012207031,361.44000244140625,361.8800048828125,521858
2023-09-08 13:30:00,362.5199890136719,364.260009765625,361.7699890136719,364.1449890136719,427584
2023-09-08 14:30:00,364.1700134277344,364.8299865722656,363.3500061035156,363.3800964355469,340387
2023-09-08 15:30:00,363.3699951171875,364.1099853515625,362.82000732421875,363.8399963378906,183307
2023-09-08 16:30:00,363.75,364.1365051269531,363.30999755859375,363.614990234375,134579
2023-09-08 17:30:00,363.6099853515625,363.79998779296875,363.0299987792969,363.25,214024
2023-09-08 18:30:00,363.3399963378906,363.5,362.3699951171875,362.4800109863281,170057
2023-09-08 19:30:00,362.44000244140625,363.2325134277344,362.2699890136719,363.1499938964844,383703
2023-09-11 13:30:00,364.8699951171875,366.5299072265625,364.6000061035156,366.0799865722656,469187
2023-09-11 14:30:00,366.0,366.1499938964844,364.79998779296875,365.20001220703125,239979
2023-09-11 15:30:00,365.25,366.4100036621094,364.79998779296875,366.2200012207031,247886
2023-09-11 16:30:00,366.1499938964844,366.6099853515625,366.07000732421875,366.2799987792969,153342
2023-09-11 17:30:00,366.2300109863281,366.57000732421875,365.19000244140625,365.3999938964844,310009
2023-09-11 18:30:00,365.4800109863281,365.4800109863281,364.5299987792969,364.760009765625,268732
2023-09-11 19:30:00,364.70001220703125,365.6199951171875,364.510009765625,365.6000061035156,344029
2023-09-12 13:30:00,365.6499938964844,367.2799987792969,365.4700012207031,366.80999755859375,450321
2023-09-12 14:30:00,366.760009765625,369.14898681640625,366.69000244140625,368.8550109863281,307064
2023-09-12 15:30:00,368.9100036621094,369.69000244140625,368.78509521484375,369.55499267578125,287426
2023-09-12 16:30:00,369.4700012207031,370.42999267578125,369.3500061035156,370.19000244140625,262183
2023-09-12 17:30:00,370.1650085449219,370.3934020996094,368.8299865722656,368.94500732421875,275470
2023-09-12 18:30:00,368.9100036621094,369.0,367.2799987792969,367.4599914550781,337861
2023-09-12 19:30:00,367.489990234375,368.2250061035156,367.4700012207031,367.8699951171875,357878
2023-09-13 13:30:00,369.3299865722656,370.8399963378906,368.55010986328125,368.6340026855469,627719
2023-09-13 14:30:00,368.6404113769531,370.0299987792969,368.6404113769531,369.0950012207031,329120
2023-09-13 15:30:00,369.1300048828125,369.2699890136719,367.5899963378906,368.1000061035156,335553
2023-09-13 16:30:00,368.2200012207031,368.5199890136719,368.010009765625,368.0799865722656,192654
2023-09-13 17:30:00,368.0639953613281,368.2200012207031,367.0,367.05999755859375,319545
2023-09-13 18:30:00,367.05999755859375,367.510009765625,365.9700012207031,366.7300109863281,345278
2023-09-13 19:30:00,366.7300109863281,368.2099914550781,366.7300109863281,367.8500061035156,474726
2023-09-14 13:30:00,370.1000061035156,370.1300048828125,368.8699951171875,369.6600036621094,479001
2023-09-14 14:30:00,369.7200012207031,369.82000732421875,368.260009765625,368.5150146484375,557441
2023-09-14 15:30:00,368.5150146484375,369.9200134277344,368.3800048828125,369.82000732421875,287052
2023-09-14 16:30:00,369.8500061035156,370.2200012207031,369.45001220703125,369.510009765625,225450
2023-09-14 17:30:00,369.5400085449219,369.7320861816406,369.1199951171875,369.3599853515625,213738
2023-09-14 18:30:00,369.3500061035156,369.82000732421875,369.07000732421875,369.30999755859375,280378
2023-09-14 19:30:00,369.2749938964844,369.7699890136719,368.8800048828125,369.5,493817
2023-09-15 13:30:00,368.5199890136719,370.1199951171875,367.67999267578125,369.8399963378906,1811877
2023-09-15 14:30:00,369.8299865722656,370.20001220703125,368.45001220703125,369.70001220703125,322397
2023-09-15 15:30:00,369.6400146484375,369.8999938964844,369.0350036621094,369.54681396484375,241981
2023-09-15 16:30:00,369.5350036621094,369.7900085449219,368.3299865722656,368.5400085449219,261278
2023-09-15 17:30:00,368.510009765625,369.67999267578125,368.25,368.7699890136719,296090
2023-09-15 18:30:00,368.7799987792969,369.7699890136719,368.7099914550781,368.8349914550781,376674
2023-09-15 19:30:00,368.8450012207031,369.05999755859375,367.5199890136719,367.8599853515625,766840
2023-09-18 13:30:00,369.3299865722656,370.22900390625,367.7850036621094,370.1099853515625,590894
2023-09-18 14:30:00,370.1300048828125,370.5400085449219,369.5299987792969,370.1499938964844,408219
2023-09-18 15:30:00,370.18499755859375,371.2200012207031,370.1000061035156,371.07501220703125,256309
2023-09-18 16:30:00,371.1299133300781,371.2300109863281,370.5350036621094,370.7619934082031,173947
2023-09-18 17:30:00,370.739990234375,371.3299865722656,370.7099914550781,371.17999267578125,199598
2023-09-18 18:30:00,371.1700134277344,371.29998779296875,370.2099914550781,370.3399963378906,243171
2023-09-18 19:30:00,370.3399963378906,370.70001220703125,369.7200012207031,370.4800109863281,574885
2023-09-19 13:30:00,371.6400146484375,373.3399963378906,370.70001220703125,371.4800109863281,567002
2023-09-19 14:30:00,371.489990234375,371.510009765625,370.2099914550781,370.552490234375,239934
2023-09-19 15:30:00,370.489990234375,370.8039855957031,369.2799987792969,369.2799987792969,209250
2023-09-19 16:30:00,369.2799987792969,369.3900146484375,368.4599914550781,369.1000061035156,230969
2023-09-19 17:30:00,369.1000061035156,369.9999084472656,369.1000061035156,369.7099914550781,196770
2023-09-19 18:30:00,369.6600036621094,370.7799987792969,369.6600036621094,370.4599914550781,215072
2023-09-19 19:30:00,370.45001220703125,370.92999267578125,370.1600036621094,370.489990234375,360961
2023-09-20 13:30:00,371.3299865722656,371.34271240234375,370.510009765625,370.9800109863281,283431
2023-09-20 14:30:00,370.989013671875,371.3399963378906,370.7300109863281,371.0199890136719,212971
2023-09-20 15:30:00,371.010009765625,371.1300048828125,370.0950012207031,370.30999755859375,215070
2023-09-20 16:30:00,370.3900146484375,370.75,369.8399963378906,369.8399963378906,163377
2023-09-20 17:30:00,369.82000732421875,370.0740051269531,368.3599853515625,369.19000244140625,226930
2023-09-20 18:30:00,369.20001220703125,369.7449951171875,367.70001220703125,368.239990234375,229409
2023-09-20 19:30:00,368.260009765625,368.260009765625,366.7300109863281,366.80999755859375,434132
2023-09-21 13:30:00,366.55999755859375,367.20001220703125,363.8800048828125,365.4700012207031,689988
2023-09-21 14:30:00,365.3900146484375,365.489990234375,363.40008544921875,363.6300048828125,328653
2023-09-21 15:30:00,363.6650085449219,364.3124084472656,363.3299865722656,363.9599914550781,249585
2023-09-21 16:30:00,363.93780517578125,364.58990478515625,363.67999267578125,364.5299987792969,166898
2023-09-21 17:30:00,364.5199890136719,364.6199951171875,363.80999755859375,363.8800048828125,188732
2023-09-21 18:30:00,363.8550109863281,363.989990234375,363.20001220703125,363.25,275032
2023-09-21 19:30:00,363.2250061035156,363.6549987792969,362.94000244140625,363.2799987792969,507412
2023-09-22 13:30:00,362.7799987792969,363.4200134277344,360.8800048828125,362.70001220703125,530097
2023-09-22 14:30:00,362.67498779296875,362.94549560546875,361.57000732421875,362.8999938964844,253937
2023-09-22 15:30:00,362.9049987792969,363.0050048828125,361.5,361.6099853515625,223196
2023-09-22 16:30:00,361.6700134277344,362.4200134277344,361.2300109863281,361.30609130859375,242254
2023-09-22 17:30:00,361.2699890136719,361.4700012207031,360.4435119628906,360.70001220703125,250681
2023-09-22 18:30:00,360.67999267578125,361.95001220703125,360.3399963378906,361.7799987792969,566085
2023-09-22 19:30:00,361.80999755859375,361.9800109863281,359.760009765625,360.1499938964844,607959
2023-09-25 13:30:00,359.010009765625,360.0799865722656,357.2699890136719,358.81500244140625,545062
2023-09-25 14:30:00,358.7850036621094,360.1199951171875,358.3999938964844,359.75,297906
2023-09-25 15:30:00,359.7275085449219,360.5899963378906,359.3800048828125,360.54998779296875,185520
2023-09-25 16:30:00,360.510009765625,360.7449951171875,359.8500061035156,360.0,163130
2023-09-25 17:30:00,360.07000732421875,360.7200012207031,359.68499755859375,360.2699890136719,146888
2023-09-25 18:30:00,360.25,361.1499938964844,359.82000732421875,360.6000061035156,221318
2023-09-25 19:30:00,360.5799865722656,361.8900146484375,360.44000244140625,361.7099914550781,385037
2023-09-26 13:30:00,359.79998779296875,360.7900085449219,358.9100036621094,359.92999267578125,404774
2023-09-26 14:30:00,359.8399963378906,360.2099914550781,358.8699951171875,358.92999267578125,310345
2023-09-26 15:30:00,358.92999267578125,359.47821044921875,358.3399963378906,359.1300048828125,279528
2023-09-26 16:30:00,359.114990234375,359.8500061035156,359.0299987792969,359.5133972167969,165131
2023-09-26 17:30:00,359.4700012207031,359.6400146484375,358.4100036621094,358.67498779296875,221999
2023-09-26 18:30:00,358.69000244140625,359.1499938964844,357.95001220703125,359.05999755859375,357472
2023-09-26 19:30:00,359.135009765625,360.1000061035156,358.9200134277344,359.44000244140625,519470
2023-09-27 13:30:00,360.010009765625,360.5199890136719,357.6499938964844,359.0400085449219,420151
2023-09-27 14:30:00,358.8500061035156,358.9700012207031,356.5299987792969,357.5849914550781,538953
2023-09-27 15:30:00,357.56500244140625,358.0,355.5299987792969,356.1199951171875,410211
2023-09-27 16:30:00,356.1000061035156,356.760009765625,354.57611083984375,354.777099609375,350187
2023-09-27 17:30:00,354.67498779296875,355.9700012207031,354.2699890136719,355.9700012207031,340984
2023-09-27 18:30:00,355.93499755859375,357.94000244140625,355.93499755859375,357.5899963378906,357441
2023-09-27 19:30:00,357.55780029296875,357.8900146484375,356.4700012207031,357.8299865722656,436656
2023-09-28 13:30:00,357.79998779296875,359.010009765625,357.0299987792969,358.739990234375,440375
2023-09-28 14:30:00,358.6400146484375,359.3900146484375,358.1099853515625,358.9599914550781,288744
2023-09-28 15:30:00,358.9186096191406,359.4700012207031,358.2799987792969,358.8999938964844,257948
2023-09-28 16:30:00,359.0400085449219,359.1098937988281,357.69000244140625,357.69000244140625,213885
2023-09-28 17:30:00,357.6499938964844,357.7799987792969,357.0375061035156,357.5474853515625,241712
2023-09-28 18:30:00,357.5,358.4800109863281,356.7099914550781,358.3599853515625,359353
2023-09-28 19:30:00,358.3399963378906,358.3800048828125,356.6700134277344,357.1099853515625,332690
2023-09-29 13:30:00,357.29998779296875,357.5,353.94000244140625,354.010009765625,695860
2023-09-29 14:30:00,354.0799865722656,354.44000244140625,353.04998779296875,353.6700134277344,442329
2023-09-29 15:30:00,353.625,353.989990234375,352.489990234375,352.7900085449219,302503
2023-09-29 16:30:00,352.8699951171875,352.9700012207031,350.6700134277344,351.1700134277344,366935
2023-09-29 17:30:00,351.1099853515625,351.30999755859375,348.8999938964844,348.9700012207031,564398
2023-09-29 18:30:00,348.9849853515625,350.45001220703125,348.54998779296875,350.0050048828125,463044
2023-09-29 19:30:00,349.95001220703125,351.07000732421875,349.239990234375,350.260009765625,789607
2023-10-02 13:30:00,349.6400146484375,350.0,347.1000061035156,348.010009765625,611736
2023-10-02 14:30:00,348.1400146484375,348.6099853515625,347.05999755859375,347.82000732421875,414959
2023-10-02 15:30:00,347.8900146484375,348.0799865722656,345.4100036621094,346.5150146484375,408706
2023-10-02 16:30:00,346.5150146484375,346.75,345.4700012207031,346.7099914550781,270038
2023-10-02 17:30:00,346.7200012207031,347.82000732421875,346.3800048828125,346.4700012207031,245544
2023-10-02 18:30:00,346.5150146484375,347.4599914550781,346.44000244140625,347.1986999511719,308312
2023-10-02 19:30:00,347.1600036621094,348.0799865722656,347.07000732421875,348.010009765625,467183
2023-10-03 13:30:00,347.3900146484375,348.2441101074219,345.04998779296875,345.05010986328125,451411
2023-10-03 14:30:00,345.04998779296875,345.205810546875,343.1199951171875,343.2349853515625,459928
2023-10-03 15:30:00,343.32989501953125,343.6698913574219,342.3500061035156,343.6600036621094,317459
2023-10-03 16:30:00,343.75,344.1199951171875,343.0397033691406,343.70001220703125,168918
2023-10-03 17:30:00,343.5899963378906,343.8399963378906,342.1300048828125,342.4700012207031,221638
2023-10-03 18:30:00,342.4750061035156,343.3645935058594,342.45001220703125,342.9049987792969,324255
2023-10-03 19:30:00,342.9599914550781,343.6700134277344,342.3299865722656,343.0400085449219,595902
2023-10-04 13:30:00,342.9200134277344,342.9200134277344,339.7300109863281,339.7650146484375,616137
2023-10-04 14:30:00,339.7149963378906,341.659912109375,339.510009765625,341.5950012207031,416931
2023-10-04 15:30:00,341.5849914550781,343.0,340.9200134277344,343.0,255391
2023-10-04 16:30:00,342.94000244140625,343.29998779296875,341.5,341.5400085449219,209696
2023-10-04 17:30:00,341.5400085449219,341.9525146484375,340.8599853515625,341.3800048828125,214372
2023-10-04 18:30:00,341.5299987792969,343.4649963378906,341.0899963378906,343.2699890136719,261236
2023-10-04 19:30:00,343.2699890136719,344.010009765625,342.7799987792969,343.2900085449219,542709
2023-10-05 13:30:00,343.70001220703125,345.94000244140625,343.0199890136719,345.57000732421875,409933
2023-10-05 14:30:00,345.4700012207031,345.70001220703125,342.56689453125,342.79998779296875,343948
2023-10-05 15:30:00,342.739990234375,343.6300048828125,342.3699951171875,343.5400085449219,209055
2023-10-05 16:30:00,343.6000061035156,343.8399963378906,342.4649963378906,343.260009765625,208832
2023-10-05 17:30:00,343.3599853515625,344.635009765625,343.0899963378906,344.1600036621094,236519
2023-10-05 18:30:00,344.2300109863281,345.0050048828125,344.2300109863281,345.00079345703125,310103
2023-10-05 19:30:00,345.0400085449219,345.2900085449219,344.75,345.05999755859375,418073
2023-10-06 13:30:00,344.1000061035156,344.4599914550781,341.8599853515625,343.20001220703125,380115
2023-10-06 14:30:00,343.29998779296875,345.79998779296875,343.2099914550781,345.7799987792969,299516
2023-10-06 15:30:00,345.79998779296875,348.1400146484375,345.69000244140625,346.989990234375,296176
2023-10-06 16:30:00,347.010009765625,348.2200012207031,346.6400146484375,348.0299987792969,206215
2023-10-06 17:30:00,348.07000732421875,348.6499938964844,347.2099914550781,347.8299865722656,260966
2023-10-06 18:30:00,347.8900146484375,348.760009765625,347.23870849609375,347.7814025878906,277462
2023-10-06 19:30:00,347.8500061035156,347.9200134277344,346.1199951171875,346.3299865722656,499846
2023-10-09 13:30:00,344.239990234375,345.8999938964844,343.7099914550781,344.1300048828125,431520
2023-10-09 14:30:00,344.1499938964844,344.489990234375,343.20001220703125,344.1199951171875,227979
2023-10-09 15:30:00,344.1099853515625,344.260009765625,343.0574951171875,343.1600036621094,208509
2023-10-09 16:30:00,343.0899963378906,343.6549987792969,342.8299865722656,343.31109619140625,250406
2023-10-09 17:30:00,343.3500061035156,345.6099853515625,343.3500061035156,345.19000244140625,244052
2023-10-09 18:30:00,345.2449951171875,345.8399963378906,344.8599853515625,345.29998779296875,210249
2023-10-09 19:30:00,345.260009765625,345.489990234375,344.7102966308594,345.4599914550781,398752
2023-10-10 13:30:00,347.0,348.260009765625,345.5,347.989990234375,430196
2023-10-10 14:30:00,348.010009765625,349.0899963378906,346.5299987792969,348.489990234375,410746
2023-10-10 15:30:00,348.3800048828125,349.510009765625,348.3699951171875,349.2699890136719,225326
2023-10-10 16:30:00,349.28851318359375,349.3800048828125,347.9200134277344,348.1099853515625,194143
2023-10-10 17:30:00,348.2699890136719,348.7799987792969,347.81500244140625,348.2699890136719,248293
2023-10-10 18:30:00,348.25,348.9049987792969,347.9049987792969,348.2799987792969,255633
2023-10-10 19:30:00,348.25,348.6600036621094,348.0400085449219,348.57000732421875,403168
2023-10-11 13:30:00,349.3800048828125,349.6000061035156,347.8299865722656,348.9949951171875,375429
2023-10-11 14:30:00,349.0,349.3900146484375,347.5799865722656,347.65008544921875,200802
2023-10-11 15:30:00,347.739990234375,347.8699951171875,344.9200134277344,345.260009765625,321932
2023-10-11 16:30:00,345.2699890136719,346.4599914550781,345.19000244140625,345.6449890136719,245793
2023-10-11 17:30:00,345.57000732421875,347.6199951171875,345.25,347.30999755859375,273134
2023-10-11 18:30:00,347.3299865722656,348.0299987792969,347.29998779296875,347.8299865722656,247837
2023-10-11 19:30:00,347.82501220703125,348.8999938964844,347.67999267578125,348.489990234375,334894
2023-10-12 13:30:00,348.2099914550781,348.6600036621094,345.9200134277344,347.2200012207031,319537
2023-10-12 14:30:00,347.1400146484375,347.5450134277344,346.1300048828125,346.2099914550781,274957
2023-10-12 15:30:00,346.1300048828125,346.7300109863281,345.5199890136719,346.3399963378906,355907
2023-10-12 16:30:00,346.3399963378906,346.6098937988281,344.2799987792969,344.3299865722656,194450
2023-10-12 17:30:00,344.2300109863281,344.32000732421875,343.0199890136719,344.20001220703125,244521
2023-10-12 18:30:00,344.2149963378906,345.5,343.95001220703125,345.3900146484375,246603
2023-10-12 19:30:00,345.3999938964844,346.4800109863281,345.260009765625,345.6400146484375,360524
2023-10-13 13:30:00,346.0,348.44000244140625,345.260009765625,346.5534973144531,428776
2023-10-13 14:30:00,346.5400085449219,347.260009765625,344.8822937011719,345.44000244140625,243950
2023-10-13 15:30:00,345.4150085449219,346.57000732421875,344.6600036621094,346.5299987792969,167322
2023-10-13 16:30:00,346.4949951171875,346.8999938964844,344.1300048828125,344.1300048828125,165540
2023-10-13 17:30:00,344.1300048828125,345.7149963378906,343.8800048828125,345.3699951171875,199651
2023-10-13 18:30:00,345.4100036621094,345.7965087890625,344.7099914550781,344.9649963378906,236764
2023-10-13 19:30:00,345.0199890136719,345.3800048828125,344.05999755859375,344.989990234375,595574
2023-10-16 13:30:00,348.0,348.864990234375,346.8075866699219,348.7200012207031,420621
2023-10-16 14:30:00,348.7200012207031,349.8900146484375,348.2799987792969,348.54998779296875,319116
2023-10-16 15:30:00,348.5799865722656,348.5799865722656,347.260009765625,347.6199951171875,243508
2023-10-16 16:30:00,347.6499938964844,348.010009765625,346.07000732421875,347.0013122558594,215258
2023-10-16 17:30:00,347.0799865722656,347.5,346.5,347.0,432915
2023-10-16 18:30:00,346.9700012207031,347.7699890136719,346.5199890136719,347.0,364582
2023-10-16 19:30:00,347.0299987792969,347.135986328125,345.8299865722656,346.2099914550781,539787
2023-10-17 13:30:00,346.17999267578125,346.5299987792969,344.75,345.7699890136719,413191
2023-10-17 14:30:00,345.79998779296875,346.79998779296875,345.260009765625,346.6400146484375,193367
2023-10-17 15:30:00,346.69000244140625,348.4090881347656,346.5400085449219,348.2749938964844,251750
2023-10-17 16:30:00,348.3599853515625,348.36749267578125,346.55999755859375,346.6499938964844,184562
2023-10-17 17:30:00,346.6000061035156,346.6000061035156,344.8999938964844,345.07000732421875,206084
2023-10-17 18:30:00,345.07000732421875,345.3599853515625,344.2300109863281,345.0,291431
2023-10-17 19:30:00,345.0,345.44000244140625,344.1499938964844,345.4200134277344,526809
2023-10-18 13:30:00,344.7200012207031,344.8299865722656,342.05499267578125,342.5899963378906,523246
2023-10-18 14:30:00,342.5899963378906,342.9731140136719,341.8599853515625,341.9800109863281,265844
2023-10-18 15:30:00,341.8699951171875,342.2300109863281,340.7950134277344,341.00799560546875,254202
2023-10-18 16:30:00,341.010009765625,342.5,340.3699951171875,341.57501220703125,198506
2023-10-18 17:30:00,341.5,342.2799987792969,340.760009765625,341.2300109863281,198013
2023-10-18 18:30:00,341.0799865722656,341.5694885253906,340.3299865722656,340.6050109863281,254585
2023-10-18 19:30:00,340.6499938964844,341.0350036621094,339.9599914550781,340.8900146484375,657037
2023-10-19 13:30:00,340.30999755859375,341.25,338.8900146484375,339.2900085449219,430501
2023-10-19 14:30:00,339.302490234375,340.7749938964844,338.7900085449219,339.9849853515625,269171
2023-10-19 15:30:00,340.07000732421875,341.8699951171875,339.19000244140625,340.4480895996094,285073
2023-10-19 16:30:00,340.5400085449219,342.69000244140625,338.9800109863281,342.1400146484375,173526
2023-10-19 17:30:00,342.0299987792969,342.04998779296875,340.30999755859375,340.42999267578125,208690
2023-10-19 18:30:00,340.3900146484375,340.3900146484375,338.614990234375,338.9049987792969,282477
2023-10-19 19:30:00,338.989990234375,339.70001220703125,338.45001220703125,338.6600036621094,454135
2023-10-20 13:30:00,338.1499938964844,340.0,334.3500061035156,334.989990234375,968589
2023-10-20 14:30:00,334.9100036621094,336.6600036621094,334.8699951171875,335.8299865722656,304677
2023-10-20 15:30:00,335.7004089355469,337.27630615234375,335.5000915527344,336.7699890136719,218449
2023-10-20 16:30:00,336.7550048828125,337.5799865722656,336.44000244140625,337.25,196403
2023-10-20 17:30:00,337.3299865722656,337.4800109863281,336.260009765625,336.3500061035156,199979
2023-10-20 18:30:00,336.2699890136719,337.1211853027344,336.0400085449219,336.8500061035156,192658
2023-10-20 19:30:00,336.8949890136719,336.9700012207031,335.5400085449219,335.8399963378906,465157
2023-10-23 13:30:00,334.07000732421875,337.0050048828125,333.489990234375,336.2850036621094,486016
2023-10-23 14:30:00,336.3999938964844,337.8399963378906,335.6199951171875,337.1199951171875,294134
2023-10-23 15:30:00,337.1499938964844,338.7900085449219,337.0799865722656,337.75,253079
2023-10-23 16:30:00,337.739990234375,338.8800048828125,337.1600036621094,337.3399963378906,201499
2023-10-23 17:30:00,337.19500732421875,337.9700012207031,336.7200012207031,337.07000732421875,233710
2023-10-23 18:30:00,337.1700134277344,338.1000061035156,336.3901062011719,336.55999755859375,251269
2023-10-23 19:30:00,336.4599914550781,337.1907958984375,336.2099914550781,336.6700134277344,494160
2023-10-24 13:30:00,338.17999267578125,339.3299865722656,337.7699890136719,339.0700988769531,338075
2023-10-24 14:30:00,339.1600036621094,339.8500061035156,338.5,338.5,263854
2023-10-24 15:30:00,338.4949951171875,339.04998779296875,337.94000244140625,338.1000061035156,157386
2023-10-24 16:30:00,338.04998779296875,338.70001220703125,337.81689453125,338.510009765625,155606
2023-10-24 17:30:00,338.67999267578125,338.9700012207031,338.17010498046875,338.67498779296875,173420
2023-10-24 18:30:00,338.7799987792969,339.5343933105469,338.7799987792969,339.05999755859375,229122
2023-10-24 19:30:00,339.1000061035156,339.2099914550781,338.4649963378906,338.6300048828125,386911
2023-10-25 13:30:00,338.5899963378906,339.4599914550781,337.5101013183594,337.9700012207031,445342
2023-10-25 14:30:00,337.739990234375,339.6199951171875,337.6700134277344,339.510009765625,266708
2023-10-25 15:30:00,339.510009765625,339.599609375,337.6400146484375,337.6400146484375,215016
2023-10-25 16:30:00,337.6700134277344,338.0299987792969,336.54998779296875,337.0274963378906,197301
2023-10-25 17:30:00,336.94000244140625,337.6600036621094,336.57000732421875,337.239990234375,156406
2023-10-25 18:30:00,337.2200012207031,337.5,336.6199951171875,337.1499938964844,270398
2023-10-25 19:30:00,337.18499755859375,337.3399963378906,336.6099853515625,336.8299865722656,325253
2023-10-26 13:30:00,337.07000732421875,338.31500244140625,335.92498779296875,337.42498779296875,392625
2023-10-26 14:30:00,337.45001220703125,338.0799865722656,336.69000244140625,337.0199890136719,219704
2023-10-26 15:30:00,336.9372863769531,337.8399963378906,336.8500061035156,337.32501220703125,186544
2023-10-26 16:30:00,337.2550048828125,337.67999267578125,336.510009765625,336.9700012207031,220513
2023-10-26 17:30:00,336.9256896972656,337.69000244140625,336.32000732421875,336.9599914550781,205039
2023-10-26 18:30:00,336.9100036621094,338.1600036621094,336.79998779296875,336.79998779296875,271733
2023-10-26 19:30:00,336.8216857910156,336.8629150390625,335.4599914550781,336.1099853515625,498355
2023-10-27 13:30:00,336.1199951171875,336.19000244140625,333.25,333.7799987792969,465305
2023-10-27 14:30:00,333.6099853515625,334.79998779296875,332.79998779296875,333.7900085449219,315473
2023-10-27 15:30:00,333.7900085449219,333.9472961425781,332.7349853515625,333.34271240234375,226039
2023-10-27 16:30:00,333.3599853515625,333.70001220703125,331.8313903808594,331.95001220703125,235651
2023-10-27 17:30:00,331.92138671875,331.95001220703125,330.6000061035156,330.7799987792969,271939
2023-10-27 18:30:00,330.760009765625,332.25,330.5799865722656,331.6991882324219,402130
2023-10-27 19:30:00,331.6600036621094,332.1000061035156,330.6000061035156,331.82000732421875,785698
2023-10-30 13:30:00,332.9599914550781,334.8500061035156,332.17498779296875,334.135009765625,534345
2023-10-30 14:30:00,333.94000244140625,335.3800048828125,333.54998779296875,334.55499267578125,201104
2023-10-30 15:30:00,334.56500244140625,335.8800048828125,334.510009765625,335.3299865722656,222070
2023-10-30 16:30:00,335.45001220703125,337.510009765625,335.19000244140625,337.1899108886719,194169
2023-10-30 17:30:00,337.2300109863281,337.6946105957031,336.8699951171875,337.3450012207031,205843
2023-10-30 18:30:00,337.30999755859375,338.3599853515625,337.0899963378906,338.0899963378906,271299
2023-10-30 19:30:00,338.0950012207031,338.1700134277344,337.3999938964844,337.4100036621094,419432
2023-10-31 13:30:00,337.95001220703125,338.8900146484375,337.5,337.8699951171875,372633
2023-10-31 14:30:00,337.92999267578125,339.1400146484375,337.6499938964844,338.6000061035156,223831
2023-10-31 15:30:00,338.4901123046875,339.1567077636719,338.20001220703125,338.6400146484375,168541
2023-10-31 16:30:00,338.739990234375,340.57000732421875,338.6099853515625,340.45001220703125,198248
2023-10-31 17:30:00,340.4800109863281,341.239990234375,340.1000061035156,340.2749938964844,259135
2023-10-31 18:30:00,340.33990478515625,341.4330139160156,340.20001220703125,341.364990234375,261368
2023-10-31 19:30:00,341.3898010253906,341.489990234375,340.29998779296875,341.2300109863281,550247
2023-11-01 13:30:00,341.2099914550781,344.7799987792969,340.5799865722656,344.25750732421875,346907
2023-11-01 14:30:00,344.260009765625,345.010009765625,343.4129943847656,343.67999267578125,236049
2023-11-01 15:30:00,343.5899963378906,344.5599060058594,342.4200134277344,342.5199890136719,205281
2023-11-01 16:30:00,342.4200134277344,343.010009765625,341.989990234375,342.5799865722656,151515
2023-11-01 17:30:00,342.5,343.9200134277344,342.0700988769531,343.5450134277344,175890
2023-11-01 18:30:00,343.7099914550781,345.3299865722656,342.82000732421875,344.70001220703125,312760
2023-11-01 19:30:00,344.57000732421875,344.8500061035156,343.6099853515625,343.7699890136719,446024
2023-11-02 13:30:00,346.3900146484375,348.05999755859375,344.5,347.7250061035156,543500
2023-11-02 14:30:00,347.7950134277344,348.7699890136719,346.8299865722656,347.6449890136719,298753
2023-11-02 15:30:00,347.75,348.33990478515625,347.3500061035156,347.8023986816406,236972
2023-11-02 16:30:00,347.80999755859375,348.7099914550781,347.69000244140625,348.6000061035156,244942
2023-11-02 17:30:00,348.67999267578125,349.1300048828125,348.34759521484375,348.5849914550781,235380
2023-11-02 18:30:00,348.6300048828125,349.1000061035156,348.3599853515625,348.67498779296875,283438
2023-11-02 19:30:00,348.67498779296875,349.385009765625,348.4800109863281,349.05999755859375,541715
2023-11-03 13:30:00,350.1700134277344,351.94000244140625,349.7900085449219,351.6099853515625,597505
2023-11-03 14:30:00,351.6099853515625,352.67999267578125,351.19830322265625,352.2900085449219,435956
2023-11-03 15:30:00,352.32000732421875,353.3999938964844,352.1099853515625,353.239990234375,290435
2023-11-03 16:30:00,353.260009765625,354.25,353.15008544921875,353.375,373656
2023-11-03 17:30:00,353.489990234375,354.1700134277344,353.2699890136719,353.8699951171875,296425
2023-11-03 18:30:00,353.8299865722656,354.3500061035156,353.1099853515625,353.3999938964844,820113
2023-11-03 19:30:00,353.3699951171875,353.3699951171875,351.54998779296875,351.8900146484375,718882
2023-11-06 14:30:00,354.0299987792969,354.0299987792969,344.2300109863281,346.489990234375,1598673
2023-11-06 15:30:00,346.5199890136719,347.0799865722656,345.3399963378906,346.0400085449219,592497
2023-11-06 16:30:00,346.1199951171875,346.4200134277344,344.6300048828125,345.0199890136719,457722
2023-11-06 17:30:00,345.1000061035156,346.29998779296875,344.3399963378906,346.29998779296875,305007
2023-11-06 18:30:00,346.2200012207031,346.510009765625,344.5,344.8699951171875,337397
2023-11-06 19:30:00,344.7250061035156,345.2161865234375,344.05999755859375,344.7099914550781,459561
2023-11-06 20:30:00,344.75,346.94000244140625,344.7300109863281,346.8299865722656,725250
2023-11-07 14:30:00,346.80999755859375,346.95001220703125,344.2950134277344,345.07501220703125,580007
2023-11-07 15:30:00,345.05999755859375,346.25,344.88079833984375,344.989990234375,311615
2023-11-07 16:30:00,344.9700012207031,345.6265869140625,344.92498779296875,345.3409118652344,224566
2023-11-07 17:30:00,345.2799987792969,345.75,344.9530944824219,345.42999267578125,245239
2023-11-07 18:30:00,345.3500061035156,345.510009765625,345.05010986328125,345.2900085449219,272633
2023-11-07 19:30:00,345.3699951171875,345.8099060058594,345.0,345.69500732421875,273644
2023-11-07 20:30:00,345.739990234375,346.3299865722656,345.4100036621094,346.2099914550781,514782
2023-11-08 14:30:00,346.8500061035156,348.0,346.3699951171875,346.5400085449219,385632
2023-11-08 15:30:00,346.4599914550781,347.5801086425781,346.3299865722656,346.7300109863281,185345
2023-11-08 16:30:00,346.7049865722656,346.7900085449219,344.6871032714844,345.3240051269531,196517
2023-11-08 17:30:00,345.260009765625,345.760009765625,344.8999938964844,345.1199951171875,191166
2023-11-08 18:30:00,345.1700134277344,345.75,345.1700134277344,345.6499938964844,201556
2023-11-08 19:30:00,345.7200012207031,346.1199951171875,345.4566955566406,346.00799560546875,237667
2023-11-08 20:30:00,345.9700012207031,346.5299987792969,345.7049865722656,346.5,442594
2023-11-09 14:30:00,347.6400146484375,349.3580017089844,346.881591796875,347.510009765625,468635
2023-11-09 15:30:00,347.3999938964844,348.95001220703125,347.2099914550781,348.7200012207031,184816
2023-11-09 16:30:00,348.69000244140625,349.5,348.69000244140625,349.3500061035156,199837
2023-11-09 17:30:00,349.4147033691406,350.1099853515625,348.3900146484375,348.7099914550781,213259
2023-11-09 18:30:00,348.54998779296875,348.6300048828125,347.4700012207031,348.0899963378906,186070
2023-11-09 19:30:00,348.2799987792969,348.57000732421875,347.4599914550781,348.1000061035156,295336
2023-11-09 20:30:00,348.20001220703125,348.2699890136719,347.385009765625,348.2099914550781,586462
2023-11-10 14:30:00,349.9800109863281,351.20001220703125,348.7799987792969,349.92010498046875,439378
2023-11-10 15:30:00,349.91009521484375,350.739990234375,349.2349853515625,350.6050109863281,192991
2023-11-10 16:30:00,350.69000244140625,350.79998779296875,349.8299865722656,349.8999938964844,184668
2023-11-10 17:30:00,349.9599914550781,350.7200012207031,348.6000061035156,349.3800048828125,436326
2023-11-10 18:30:00,349.489990234375,350.5398864746094,349.44000244140625,350.1799011230469,290860
2023-11-10 19:30:00,350.17999267578125,350.55999755859375,349.8800048828125,350.5400085449219,297216
2023-11-10 20:30:00,350.55999755859375,350.8299865722656,350.2799987792969,350.57000732421875,668170
2023-11-13 14:30:00,350.0899963378906,350.55999755859375,348.82000732421875,349.125,343295
2023-11-13 15:30:00,349.0849914550781,349.9049987792969,348.80999755859375,349.9049987792969,210530
2023-11-13 16:30:00,349.8800048828125,350.6474914550781,349.3699951171875,350.25799560546875,194280
2023-11-13 17:30:00,350.2699890136719,350.3399963378906,349.2598876953125,349.2699890136719,231394
2023-11-13 18:30:00,349.25,349.7475891113281,348.8399963378906,349.5799865722656,161687
2023-11-13 19:30:00,349.5799865722656,350.0719909667969,349.4100036621094,349.981201171875,195614
2023-11-13 20:30:00,350.0,350.2099914550781,349.6499938964844,349.760009765625,314949
2023-11-14 14:30:00,352.5199890136719,353.7349853515625,351.25,353.7200012207031,599586
2023-11-14 15:30:00,353.6700134277344,354.67999267578125,353.5199890136719,354.533203125,356811
2023-11-14 16:30:00,354.6499938964844,354.8299865722656,353.6499938964844,354.0,342049
2023-11-14 17:30:00,354.04998779296875,354.95001220703125,353.9200134277344,354.3399963378906,266228
2023-11-14 18:30:00,354.44000244140625,354.8699035644531,353.989990234375,354.81500244140625,217979
2023-11-14 19:30:00,354.8699951171875,355.95001220703125,354.8500061035156,355.3299865722656,315977
2023-11-14 20:30:00,355.2900085449219,355.489990234375,353.44500732421875,354.239990234375,487272
2023-11-15 14:30:00,355.0199890136719,356.25,354.4822082519531,355.9700012207031,547242
2023-11-15 15:30:00,355.9700012207031,356.75,355.69000244140625,356.3399963378906,302061
2023-11-15 16:30:00,356.3500061035156,357.30999755859375,355.95001220703125,356.9580078125,284899
2023-11-15 17:30:00,356.99609375,357.1400146484375,356.489990234375,356.6900939941406,222242
2023-11-15 18:30:00,356.7699890136719,357.2799987792969,356.44000244140625,356.82000732421875,240172
2023-11-15 19:30:00,356.79998779296875,357.25,356.5400085449219,357.04998779296875,272887
2023-11-15 20:30:00,357.04998779296875,357.1000061035156,355.61248779296875,356.8299865722656,725104
2023-11-16 14:30:00,357.7900085449219,359.3999938964844,357.2300109863281,358.8500061035156,450134
2023-11-16 15:30:00,358.9150085449219,359.0299987792969,357.70001220703125,358.34320068359375,369731
2023-11-16 16:30:00,358.364990234375,359.54998779296875,358.2699890136719,359.3900146484375,263969
2023-11-16 17:30:00,359.3500061035156,359.79998779296875,358.9599914550781,359.70001220703125,205446
2023-11-16 18:30:00,359.6700134277344,359.94989013671875,358.6600036621094,358.9100036621094,194674
2023-11-16 19:30:00,358.8699951171875,359.739990234375,358.8699951171875,359.6099853515625,240152
2023-11-16 20:30:00,359.6300048828125,360.0,359.3900146484375,359.8999938964844,486918
2023-11-17 14:30:00,360.4700012207031,360.55999755859375,359.260009765625,359.80999755859375,738791
2023-11-17 15:30:00,359.760009765625,360.3500061035156,359.3301086425781,359.9800109863281,208825
2023-11-17 16:30:00,359.92999267578125,360.3900146484375,359.510009765625,359.57000732421875,207482
2023-11-17 17:30:00,359.55999755859375,359.6099853515625,358.3550109863281,358.42498779296875,248120
2023-11-17 18:30:00,358.44000244140625,358.80999755859375,358.0799865722656,358.32000732421875,232305
2023-11-17 19:30:00,358.2850036621094,359.2300109863281,358.07000732421875,359.1650085449219,332645
2023-11-17 20:30:00,359.2200012207031,359.2699890136719,358.4750061035156,358.760009765625,464561
2023-11-20 14:30:00,359.3500061035156,361.1400146484375,358.17999267578125,360.9949951171875,465183
2023-11-20 15:30:00,360.92999267578125,361.55999755859375,360.3999938964844,361.55999755859375,527405
2023-11-20 16:30:00,361.6199951171875,361.79998779296875,361.07000732421875,361.79998779296875,180372
2023-11-20 17:30:00,361.7799987792969,362.1838073730469,361.19500732421875,361.7550048828125,177493
2023-11-20 18:30:00,361.7850036621094,361.95001220703125,361.5899963378906,361.8963928222656,285550
2023-11-20 19:30:00,361.91400146484375,362.5,361.8450012207031,362.4549865722656,232884
2023-11-20 20:30:00,362.3900146484375,362.6099853515625,361.0299987792969,361.4800109863281,539622
2023-11-21 14:30:00,360.5799865722656,362.25,360.4700012207031,362.07000732421875,343613
2023-11-21 15:30:00,362.04998779296875,362.489990234375,361.6000061035156,361.9825134277344,194437
2023-11-21 16:30:00,361.931396484375,362.55999755859375,361.7099914550781,362.32000732421875,153320
2023-11-21 17:30:00,362.3599853515625,362.5784912109375,362.1000061035156,362.19000244140625,160012
2023-11-21 18:30:00,362.1700134277344,363.0299987792969,362.1700134277344,362.7200012207031,229641
2023-11-21 19:30:00,362.7300109863281,362.7300109863281,360.25,361.6000061035156,579272
2023-11-21 20:30:00,361.635986328125,361.8900146484375,360.9100036621094,361.1000061035156,510429
2023-11-22 14:30:00,361.760009765625,361.989990234375,360.04998779296875,361.7900085449219,368422
2023-11-22 15:30:00,361.7699890136719,362.3066101074219,361.5,362.1000061035156,203381
2023-11-22 16:30:00,362.17498779296875,362.3800048828125,361.4800109863281,361.6449890136719,145614
2023-11-22 17:30:00,361.5899963378906,361.6671142578125,360.95001220703125,361.3194885253906,147086
2023-11-22 18:30:00,361.3399963378906,361.9700012207031,361.0,361.9100036621094,164042
2023-11-22 19:30:00,361.95001220703125,362.3399963378906,361.32000732421875,362.3399963378906,218754
2023-11-22 20:30:00,362.32000732421875,362.4599914550781,361.8299865722656,361.8999938964844,303872
2023-11-24 14:30:00,362.510009765625,363.19189453125,361.7200012207031,362.94500732421875,382011
2023-11-24 15:30:00,362.9700012207031,363.1549987792969,361.80999755859375,361.92498779296875,168790
2023-11-24 16:30:00,361.9200134277344,362.0400085449219,361.239990234375,361.55499267578125,187809
2023-11-27 14:30:00,362.25,362.3900146484375,360.5899963378906,360.7900085449219,429330
2023-11-27 15:30:00,360.79998779296875,361.1000061035156,360.1499938964844,360.6650085449219,285614
2023-11-27 16:30:00,360.6650085449219,360.75,359.5799865722656,359.79998779296875,269213
2023-11-27 17:30:00,359.79998779296875,360.4599914550781,359.70001220703125,360.3800048828125,166941
2023-11-27 18:30:00,360.3900146484375,360.8699035644531,360.1400146484375,360.69000244140625,181529
2023-11-27 19:30:00,360.6700134277344,361.260009765625,360.1449890136719,361.25,176423
2023-11-27 20:30:00,361.239990234375,361.7099914550781,360.8900146484375,361.3800048828125,424512
2023-11-28 14:30:00,361.54998779296875,361.92999267578125,360.3830871582031,360.6000061035156,283872
2023-11-28 15:30:00,360.5400085449219,361.69000244140625,360.4800109863281,361.55999755859375,202019
2023-11-28 16:30:00,361.55999755859375,362.1199951171875,361.0393981933594,361.1199951171875,189737
2023-11-28 17:30:00,361.1099853515625,361.1099853515625,360.04998779296875,361.1000061035156,162356
2023-11-28 18:30:00,361.1199951171875,361.489990234375,360.4949951171875,360.8349914550781,168700
2023-11-28 19:30:00,360.7799987792969,361.1734924316406,360.4100036621094,360.6000061035156,235102
2023-11-28 20:30:00,360.6400146484375,361.19000244140625,359.2099914550781,360.04998779296875,897490
2023-11-29 14:30:00,360.95001220703125,361.5199890136719,359.6300048828125,360.2699890136719,577139
2023-11-29 15:30:00,360.2200012207031,361.0899963378906,359.7799987792969,359.8800048828125,335621
2023-11-29 16:30:00,359.8900146484375,360.20001220703125,359.4599914550781,359.989990234375,249084
2023-11-29 17:30:00,360.0450134277344,361.07000732421875,359.989990234375,360.82000732421875,238524
2023-11-29 18:30:00,360.82000732421875,360.82000732421875,359.7300109863281,359.7799987792969,241059
2023-11-29 19:30:00,359.75,359.79998779296875,358.7099914550781,358.7099914550781,327358
2023-11-29 20:30:00,358.7200012207031,358.8900146484375,358.30010986328125,358.87969970703125,504606
2023-11-30 14:30:00,359.45001220703125,360.29998779296875,358.4200134277344,359.1300048828125,461740
2023-11-30 15:30:00,359.19000244140625,360.1400146484375,359.14300537109375,359.94110107421875,356694
2023-11-30 16:30:00,360.0299987792969,360.1885986328125,359.2900085449219,359.489990234375,219830
2023-11-30 17:30:00,359.4599914550781,360.04998779296875,359.32330322265625,359.64990234375,201166
2023-11-30 18:30:00,359.6400146484375,360.0799865722656,359.25,359.8999938964844,208304
2023-11-30 19:30:00,359.8999938964844,360.1099853515625,359.3399963378906,359.3800048828125,327492
2023-11-30 20:30:00,359.3800048828125,360.42999267578125,359.2099914550781,359.9100036621094,1024958
2023-12-01 14:30:00,359.94000244140625,360.239990234375,356.82000732421875,356.82000732421875,691942
2023-12-01 15:30:00,356.8399963378906,356.8699951171875,355.3699951171875,356.70001220703125,541440
2023-12-01 16:30:00,356.635009765625,356.6400146484375,355.29998779296875,355.8599853515625,635146
2023-12-01 17:30:00,355.8999938964844,356.92498779296875,355.4700012207031,355.7200012207031,431406
2023-12-01 18:30:00,355.7200012207031,356.489990234375,355.4700012207031,356.29998779296875,572100
2023-12-01 19:30:00,356.3500061035156,357.07879638671875,356.1000061035156,357.0,459817
2023-12-01 20:30:00,357.02899169921875,357.5299987792969,356.614990234375,357.0400085449219,596528
2023-12-04 14:30:00,357.0400085449219,357.8299865722656,353.8900146484375,354.3900146484375,747618
2023-12-04 15:30:00,354.2799987792969,355.010009765625,353.7900085449219,354.2149963378906,325452
2023-12-04 16:30:00,354.1499938964844,354.7799987792969,353.79998779296875,354.7349853515625,233511
2023-12-04 17:30:00,354.7300109863281,355.2250061035156,354.5,354.7900085449219,154460
2023-12-04 18:30:00,354.7550048828125,356.1499938964844,354.7550048828125,355.9200134277344,218612
2023-12-04 19:30:00,355.9100036621094,356.760009765625,355.739990234375,356.55999755859375,307945
2023-12-04 20:30:00,356.6199951171875,357.1341857910156,356.2749938964844,356.6600036621094,395089
2023-12-05 14:30:00,355.2300109863281,355.2300109863281,352.2900085449219,353.2200012207031,575626
2023-12-05 15:30:00,353.2099914550781,354.5,352.45001220703125,354.4100036621094,290080
2023-12-05 16:30:00,354.44500732421875,355.6600036621094,354.29998779296875,355.6199951171875,247409
2023-12-05 17:30:00,355.5950012207031,356.3599853515625,355.4700012207031,356.1184997558594,242407
2023-12-05 18:30:00,356.125,356.6000061035156,355.5199890136719,355.70001220703125,195173
2023-12-05 19:30:00,355.7300109863281,355.9100036621094,355.3009948730469,355.3699951171875,202895
2023-12-05 20:30:00,355.3931884765625,355.75,354.3800048828125,355.19000244140625,544143
2023-12-06 14:30:00,356.1499938964844,357.45001220703125,355.04010009765625,355.625,402619
2023-12-06 15:30:00,355.6099853515625,355.70001220703125,353.489990234375,353.8699951171875,346725
2023-12-06 16:30:00,353.80999755859375,354.07000732421875,352.7301025390625,352.8800048828125,278508
2023-12-06 17:30:00,352.9049987792969,353.2699890136719,352.2149963378906,353.17999267578125,259107
2023-12-06 18:30:00,353.1700134277344,353.2200012207031,352.4100036621094,352.54998779296875,248686
2023-12-06 19:30:00,352.55999755859375,352.9700012207031,352.2449951171875,352.7200012207031,294329
2023-12-06 20:30:00,352.70001220703125,352.8599853515625,351.8900146484375,352.4800109863281,476964
2023-12-07 14:30:00,352.0,352.70001220703125,350.8500061035156,351.6300048828125,417321
2023-12-07 15:30:00,351.6400146484375,352.760009765625,351.6400146484375,352.20001220703125,259850
2023-12-07 16:30:00,352.1499938964844,352.25,350.92999267578125,351.1400146484375,372723
2023-12-07 17:30:00,351.1449890136719,352.0,351.0899963378906,351.7699890136719,190696
2023-12-07 18:30:00,351.75,352.3299865722656,351.6499938964844,352.29998779296875,196458
2023-12-07 19:30:00,352.3299865722656,353.0199890136719,352.04010009765625,352.8500061035156,201707
2023-12-07 20:30:00,352.8399963378906,352.9800109863281,352.2099914550781,352.5400085449219,420196
2023-12-08 14:30:00,353.0,353.3689880371094,351.04998779296875,352.04998779296875,542801
2023-12-08 15:30:00,352.1499938964844,352.364990234375,351.0700988769531,351.2950134277344,267049
2023-12-08 16:30:00,351.3399963378906,352.17999267578125,351.0199890136719,352.1199951171875,223230
2023-12-08 17:30:00,352.1600036621094,352.3500061035156,351.75,352.07000732421875,137991
2023-12-08 18:30:00,352.0899963378906,352.6700134277344,351.8121032714844,352.57000732421875,216606
2023-12-08 19:30:00,352.5799865722656,353.25,352.510009765625,353.1099853515625,242461
2023-12-08 20:30:00,353.1050109863281,353.6700134277344,352.80999755859375,353.0799865722656,390649
2023-12-11 14:30:00,355.0,356.5400085449219,354.2099914550781,356.3900146484375,532739
2023-12-11 15:30:00,356.4599914550781,357.489990234375,356.2900085449219,356.8522033691406,349440
2023-12-11 16:30:00,356.82000732421875,356.8800048828125,356.29998779296875,356.6108093261719,253499
2023-12-11 17:30:00,356.6542053222656,357.260009765625,356.5400085449219,357.1099853515625,190793
2023-12-11 18:30:00,357.1199951171875,357.29998779296875,356.70001220703125,357.2699890136719,183282
2023-12-11 19:30:00,357.2749938964844,357.3999938964844,356.6000061035156,356.6499938964844,248173
2023-12-11 20:30:00,356.6499938964844,357.1099853515625,356.239990234375,357.0,507068
2023-12-12 14:30:00,357.8999938964844,359.3550109863281,356.760009765625,359.1199951171875,628120
2023-12-12 15:30:00,359.05999755859375,359.6400146484375,358.7373962402344,358.9100036621094,229575
2023-12-12 16:30:00,358.92999267578125,360.3299865722656,358.8999938964844,359.989990234375,222570
2023-12-12 17:30:00,359.95001220703125,360.2900085449219,359.4800109863281,359.9200134277344,156466
2023-12-12 18:30:00,359.9100036621094,360.0799865722656,359.4100036621094,360.010009765625,210050
2023-12-12 19:30:00,360.0249938964844,360.2799987792969,359.8999938964844,360.260009765625,304529
2023-12-12 20:30:00,360.2900085449219,360.4049987792969,359.82000732421875,360.1199951171875,479253
2023-12-13 14:30:00,360.19000244140625,362.0,359.0433044433594,360.989990234375,400968
2023-12-13 15:30:00,361.04998779296875,361.30999755859375,360.3699951171875,360.9949951171875,223495
2023-12-13 16:30:00,361.0400085449219,361.6099853515625,360.6700134277344,360.69000244140625,239696
2023-12-13 17:30:00,360.6650085449219,361.1050109863281,359.94000244140625,360.0199890136719,166696
2023-12-13 18:30:00,359.95001220703125,361.7699890136719,359.67999267578125,361.18499755859375,211658
2023-12-13 19:30:00,361.239990234375,362.1499938964844,360.44000244140625,360.8800048828125,437566
2023-12-13 20:30:00,360.80999755859375,362.0899963378906,360.3299865722656,362.0799865722656,584801
2023-12-14 14:30:00,362.8599853515625,362.8599853515625,358.25,358.56500244140625,1024046
2023-12-14 15:30:00,358.5400085449219,360.2325134277344,358.4800109863281,359.1499938964844,723346
2023-12-14 16:30:00,359.1499938964844,359.7950134277344,358.54998779296875,359.2699890136719,285675
2023-12-14 17:30:00,359.32000732421875,359.57000732421875,358.1300964355469,358.2799987792969,318039
2023-12-14 18:30:00,358.3500061035156,358.57000732421875,357.75,358.20001220703125,412745
2023-12-14 19:30:00,358.1300048828125,358.5199890136719,357.6400146484375,357.739990234375,552385
2023-12-14 20:30:00,357.760009765625,358.30999755859375,356.3800048828125,358.2300109863281,1020490
2023-12-15 14:30:00,355.3999938964844,358.0,354.20001220703125,355.8450012207031,2156800
2023-12-15 15:30:00,355.8999938964844,356.45001220703125,354.8389892578125,355.55499267578125,443083
2023-12-15 16:30:00,355.5,356.45001220703125,355.1300048828125,356.1300048828125,334653
2023-12-15 17:30:00,356.1000061035156,356.1199951171875,355.26239013671875,355.44000244140625,222161
2023-12-15 18:30:00,355.4200134277344,355.80731201171875,354.75,354.75,261169
2023-12-15 19:30:00,354.79998779296875,355.8500061035156,354.7699890136719,355.8299865722656,346026
2023-12-15 20:30:00,355.82000732421875,356.3500061035156,354.44000244140625,356.1199951171875,754709
2023-12-18 14:30:00,357.4200134277344,360.1499938964844,357.0,359.9549865722656,762864
2023-12-18 15:30:00,359.8900146484375,360.8299865722656,359.739990234375,360.6600036621094,389696
2023-12-18 16:30:00,360.6600036621094,361.1400146484375,360.20001220703125,360.57501220703125,296441
2023-12-18 17:30:00,360.58489990234375,360.6300048828125,359.3399963378906,359.7449951171875,245360
2023-12-18 18:30:00,359.739990234375,360.989990234375,359.68499755859375,360.8299865722656,552314
2023-12-18 19:30:00,360.70001220703125,360.76800537109375,359.8493957519531,360.2699890136719,329792
2023-12-18 20:30:00,360.260009765625,360.2900085449219,359.4800109863281,359.6199951171875,568419
2023-12-19 14:30:00,360.1499938964844,361.57000732421875,359.0899963378906,360.6499938964844,619289
2023-12-19 15:30:00,360.7099914550781,362.489990234375,360.6600036621094,362.2799987792969,310711
2023-12-19 16:30:00,362.2900085449219,362.54998779296875,361.3699951171875,361.5299987792969,199783
2023-12-19 17:30:00,361.4800109863281,362.0296936035156,361.3599853515625,361.8299865722656,182360
2023-12-19 18:30:00,361.82501220703125,362.04998779296875,361.3699951171875,361.6907958984375,232998
2023-12-19 19:30:00,361.70001220703125,361.7099914550781,360.57000732421875,360.8599853515625,237796
2023-12-19 20:30:00,360.8915100097656,361.94000244140625,360.6600036621094,361.8500061035156,506586
2023-12-20 14:30:00,361.5199890136719,361.6600036621094,358.67999267578125,359.1199951171875,508404
2023-12-20 15:30:00,359.1000061035156,361.0,358.9700012207031,359.9549865722656,377747
2023-12-20 16:30:00,359.9375915527344,360.2699890136719,359.3999938964844,360.010009765625,301303
2023-12-20 17:30:00,359.9949951171875,360.05999755859375,359.54010009765625,359.79998779296875,267123
2023-12-20 18:30:00,359.8299865722656,360.1449890136719,359.1300048828125,359.2251892089844,227681
2023-12-20 19:30:00,359.20001220703125,359.3699951171875,356.4800109863281,356.80999755859375,540562
2023-12-20 20:30:00,356.8500061035156,357.2130126953125,355.1199951171875,355.2699890136719,611907
2023-12-21 14:30:00,356.0,357.20001220703125,355.45001220703125,356.3599853515625,471240
2023-12-21 15:30:00,356.489990234375,356.7200012207031,355.8999938964844,356.5350036621094,224625
2023-12-21 16:30:00,356.5350036621094,356.55999755859375,354.20001220703125,354.42999267578125,311068
2023-12-21 17:30:00,354.45001220703125,354.79998779296875,353.6300048828125,354.2499084472656,312396
2023-12-21 18:30:00,354.16778564453125,354.9200134277344,353.83099365234375,354.864990234375,273199
2023-12-21 19:30:00,354.864990234375,355.8999938964844,354.3901062011719,355.8999938964844,215198
2023-12-21 20:30:00,355.92999267578125,356.5299987792969,355.5799865722656,356.2099914550781,420079
2023-12-22 14:30:00,356.5,358.260009765625,356.5,357.5400085449219,375299
2023-12-22 15:30:00,357.4750061035156,357.7099914550781,356.3053894042969,356.3053894042969,315748
2023-12-22 16:30:00,356.3550109863281,356.614990234375,355.95001220703125,356.364990234375,269584
2023-12-22 17:30:00,356.3299865722656,356.8505859375,356.20001220703125,356.8111877441406,159847
2023-12-22 18:30:00,356.82000732421875,357.0249938964844,355.4150085449219,355.4830017089844,186662
2023-12-22 19:30:00,355.5267028808594,356.7900085449219,355.40631103515625,356.510009765625,198159
2023-12-22 20:30:00,356.5050048828125,356.57000732421875,355.7900085449219,356.5400085449219,322528
2023-12-26 14:30:00,356.8999938964844,357.5400085449219,356.0799865722656,356.4549865722656,261659
2023-12-26 15:30:00,356.54998779296875,357.04998779296875,356.30999755859375,356.42999267578125,135948
2023-12-26 16:30:00,356.4200134277344,356.8299865722656,356.2701110839844,356.7099914550781,150980
2023-12-26 17:30:00,356.75,356.8880920410156,356.5,356.7850036621094,127159
2023-12-26 18:30:00,356.8399963378906,357.20001220703125,356.6409912109375,357.1000061035156,141938
2023-12-26 19:30:00,357.1000061035156,357.7699890136719,356.8595886230469,357.2099914550781,194857
2023-12-26 20:30:00,357.19500732421875,357.3800048828125,356.5899963378906,356.8399963378906,315370
2023-12-27 14:30:00,355.92999267578125,356.9200134277344,355.6391906738281,356.7467041015625,384503
2023-12-27 15:30:00,356.739990234375,356.8699951171875,355.8999938964844,356.0400085449219,226565
2023-12-27 16:30:00,356.0799865722656,356.32000732421875,355.8800964355469,356.19000244140625,159696
2023-12-27 17:30:00,356.1700134277344,356.510009765625,355.57000732421875,356.3688049316406,208233
2023-12-27 18:30:00,356.32000732421875,356.5899963378906,355.5,356.19000244140625,191288
2023-12-27 19:30:00,356.1400146484375,356.3900146484375,355.7900085449219,356.15899658203125,175768
2023-12-27 20:30:00,356.1499938964844,357.0799865722656,355.8800048828125,357.010009765625,324592
2023-12-28 14:30:00,357.4800109863281,358.1099853515625,356.7250061035156,357.5,323663
2023-12-28 15:30:00,357.4100036621094,357.95001220703125,357.2950134277344,357.5799865722656,369701
2023-12-28 16:30:00,357.55999755859375,357.82000732421875,357.20001220703125,357.739990234375,212469
2023-12-28 17:30:00,357.7250061035156,358.4200134277344,357.6499938964844,358.0,158891
2023-12-28 18:30:00,357.9800109863281,358.6600036621094,357.7200012207031,358.4800109863281,170144
2023-12-28 19:30:00,358.44000244140625,358.67999267578125,358.19000244140625,358.32000732421875,211923
2023-12-28 20:30:00,358.25,358.6499938964844,357.20001220703125,357.5899963378906,606930
2023-12-29 14:30:00,357.55999755859375,357.8399963378906,356.82000732421875,357.80999755859375,298703
2023-12-29 15:30:00,357.8599853515625,357.8599853515625,356.7300109863281,356.7300109863281,237290
2023-12-29 16:30:00,356.70001220703125,356.989990234375,355.510009765625,355.6700134277344,212870
2023-12-29 17:30:00,355.7139892578125,356.0599060058594,355.30999755859375,355.489990234375,261654
2023-12-29 18:30:00,355.4635009765625,356.0799865722656,355.42999267578125,355.82000732421875,299533
2023-12-29 19:30:00,355.8399963378906,357.159912109375,355.7771911621094,357.0950012207031,273227
2023-12-29 20:30:00,357.1000061035156,357.3399963378906,356.5799865722656,356.92999267578125,642974
2024-01-02 14:30:00,356.1099853515625,357.8900146484375,355.989990234375,357.6600036621094,583725
2024-01-02 15:30:00,357.69000244140625,358.7300109863281,357.4800109863281,358.04998779296875,307356
2024-01-02 16:30:00,358.0400085449219,359.9700012207031,357.9800109863281,359.79998779296875,329782
2024-01-02 17:30:00,359.7915954589844,361.70001220703125,359.69000244140625,361.4200134277344,398492
2024-01-02 18:30:00,361.42999267578125,361.80999755859375,361.2250061035156,361.4649963378906,313899
2024-01-02 19:30:00,361.44000244140625,362.3299865722656,361.18719482421875,362.1340026855469,414429
2024-01-02 20:30:00,362.1400146484375,362.57000732421875,361.510009765625,362.5299987792969,895033
2024-01-03 14:30:00,361.7510070800781,365.70001220703125,361.0710144042969,365.3500061035156,806492
2024-01-03 15:30:00,365.30999755859375,366.5899963378906,365.1400146484375,366.4800109863281,481506
2024-01-03 16:30:00,366.4849853515625,367.4150085449219,365.7300109863281,366.0899963378906,387299
2024-01-03 17:30:00,366.1199951171875,367.1003112792969,366.1199951171875,366.9849853515625,244056
2024-01-03 18:30:00,367.010009765625,367.1700134277344,366.4150085449219,366.94000244140625,271247
2024-01-03 19:30:00,366.9800109863281,367.57000732421875,366.44000244140625,367.4599914550781,405222
2024-01-03 20:30:00,367.4267883300781,367.8500061035156,366.260009765625,366.6499938964844,624699
2024-01-04 14:30:00,367.4100036621094,369.3699951171875,367.0400085449219,368.710205078125,603506
2024-01-04 15:30:00,368.69500732421875,368.69500732421875,367.54998779296875,367.54998779296875,290683
2024-01-04 16:30:00,367.6499938964844,367.79998779296875,367.0050048828125,367.3699951171875,220036
2024-01-04 17:30:00,367.385009765625,367.55999755859375,366.9378967285156,367.2099914550781,191591
2024-01-04 18:30:00,367.2200012207031,367.29998779296875,365.6199951171875,365.6700134277344,253921
2024-01-04 19:30:00,365.67999267578125,365.885009765625,363.7900085449219,363.9700012207031,397631
2024-01-04 20:30:00,363.92999267578125,364.3900146484375,363.4100036621094,363.95001220703125,705221
2024-01-05 14:30:00,364.8299865722656,366.3008117675781,364.19000244140625,364.8500061035156,482609
2024-01-05 15:30:00,364.9800109863281,365.4800109863281,364.30999755859375,364.7900085449219,230785
2024-01-05 16:30:00,364.7699890136719,365.54998779296875,364.7200012207031,364.9700012207031,207074
2024-01-05 17:30:00,364.9800109863281,365.1654052734375,364.33489990234375,364.92999267578125,206429
2024-01-05 18:30:00,364.94000244140625,365.8800048828125,364.8999938964844,365.5199890136719,206972
2024-01-05 19:30:00,365.5498962402344,365.6449890136719,364.34490966796875,364.55999755859375,248251
2024-01-05 20:30:00,364.489990234375,365.8900146484375,364.2300109863281,365.55999755859375,446870
2024-01-08 14:30:00,366.010009765625,367.2992858886719,364.90008544921875,365.55499267578125,425112
2024-01-08 15:30:00,365.6400146484375,365.78399658203125,365.0010070800781,365.1199951171875,208449
2024-01-08 16:30:00,365.0799865722656,365.1400146484375,364.29998779296875,364.3900146484375,225957
2024-01-08 17:30:00,364.3299865722656,365.010009765625,364.20001220703125,364.66400146484375,193610
2024-01-08 18:30:00,364.6300048828125,365.989990234375,364.52679443359375,365.8800048828125,223130
2024-01-08 19:30:00,365.9599914550781,367.4100036621094,365.9549865722656,367.1369934082031,281882
2024-01-08 20:30:00,367.1300048828125,368.29998779296875,367.1300048828125,368.1499938964844,519534
2024-01-09 14:30:00,368.0,368.0,364.7699890136719,365.54998779296875,417948
2024-01-09 15:30:00,365.489990234375,365.864990234375,365.2799987792969,365.6199951171875,217933
2024-01-09 16:30:00,365.5799865722656,366.1300048828125,365.3999938964844,365.9800109863281,179916
2024-01-09 17:30:00,366.0150146484375,366.2099914550781,365.3999938964844,365.43499755859375,290077
2024-01-09 18:30:00,365.4100036621094,366.44000244140625,365.1199951171875,366.1000061035156,164346
2024-01-09 19:30:00,366.2200012207031,367.0809020996094,365.6199951171875,366.6875,232416
2024-01-09 20:30:00,366.68499755859375,367.7699890136719,366.5669860839844,366.8299865722656,650573
2024-01-10 14:30:00,366.260009765625,368.8299865722656,366.260009765625,367.42999267578125,373058
2024-01-10 15:30:00,367.42999267578125,367.8949890136719,366.80999755859375,366.8550109863281,188041
2024-01-10 16:30:00,366.83740234375,366.94000244140625,366.2300109863281,366.6199951171875,150018
2024-01-10 17:30:00,366.6549987792969,366.6549987792969,365.75,366.216796875,175079
2024-01-10 18:30:00,366.17999267578125,367.71990966796875,366.1549987792969,367.6499938964844,180416
2024-01-10 19:30:00,367.67999267578125,367.8599853515625,366.69000244140625,367.1050109863281,265239
2024-01-10 20:30:00,367.04998779296875,368.1600036621094,366.760009765625,367.7099914550781,407757
2024-01-11 14:30:00,367.80999755859375,367.8900146484375,364.45001220703125,364.7749938964844,519529
2024-01-11 15:30:00,364.739990234375,364.9750061035156,362.29998779296875,362.8699951171875,420166
2024-01-11 16:30:00,362.8500061035156,363.2200012207031,362.1300048828125,362.6099853515625,292959
2024-01-11 17:30:00,362.6600036621094,363.1700134277344,362.45819091796875,362.635009765625,238519
2024-01-11 18:30:00,362.635009765625,363.7703857421875,362.5,363.7099914550781,202965
2024-01-11 19:30:00,363.7449951171875,364.4800109863281,363.44970703125,363.9100036621094,238865
2024-01-11 20:30:00,363.8900146484375,364.10699462890625,363.19000244140625,363.3500061035156,518017
2024-01-12 14:30:00,366.510009765625,366.8500061035156,363.5,364.4136962890625,427291
2024-01-12 15:30:00,364.5199890136719,364.5199890136719,363.1200866699219,363.45001220703125,201881
2024-01-12 16:30:00,363.45001220703125,363.8800048828125,362.56719970703125,363.1000061035156,243195
2024-01-12 17:30:00,363.2200012207031,363.75,363.1099853515625,363.5,131043
2024-01-12 18:30:00,363.510009765625,364.25,363.510009765625,364.0199890136719,200547
2024-01-12 19:30:00,363.9949951171875,364.1499938964844,363.3599853515625,363.4700012207031,180346
2024-01-12 20:30:00,363.46630859375,363.80999755859375,363.20001220703125,363.4700012207031,285203
2024-01-16 14:30:00,362.94000244140625,363.6000061035156,361.1099853515625,361.68499755859375,576440
2024-01-16 15:30:00,361.68499755859375,362.20001220703125,361.1000061035156,361.80999755859375,272418
2024-01-16 16:30:00,361.80999755859375,362.1700134277344,361.30999755859375,361.5903015136719,161572
2024-01-16 17:30:00,361.5343017578125,362.05999755859375,361.0799865722656,362.0199890136719,154080
2024-01-16 18:30:00,362.0400085449219,362.2554931640625,360.7900085449219,360.864990234375,171871
2024-01-16 19:30:00,360.7900085449219,361.12579345703125,360.29998779296875,360.3800048828125,259785
2024-01-16 20:30:00,360.3550109863281,361.30999755859375,359.8900146484375,361.0899963378906,472796
2024-01-17 14:30:00,360.25,362.5299987792969,359.010009765625,361.59051513671875,516861
2024-01-17 15:30:00,361.5799865722656,362.29998779296875,361.2784118652344,361.864990234375,394704
2024-01-17 16:30:00,361.80999755859375,361.9200134277344,360.3699951171875,360.4649963378906,194602
2024-01-17 17:30:00,360.4750061035156,360.5899963378906,359.4649963378906,359.6700134277344,191200
2024-01-17 18:30:00,359.60101318359375,359.7900085449219,359.05499267578125,359.1300048828125,184903
2024-01-17 19:30:00,359.1549987792969,359.19000244140625,357.9800109863281,358.2699890136719,243182
2024-01-17 20:30:00,358.2699890136719,359.489990234375,358.2099914550781,359.3399963378906,344571
2024-01-18 14:30:00,359.25,360.0,358.29998779296875,359.614990234375,426933
2024-01-18 15:30:00,359.5899963378906,359.7998962402344,358.3800048828125,358.5799865722656,297157
2024-01-18 16:30:00,358.5899963378906,359.5249938964844,358.29998779296875,359.2200012207031,226454
2024-01-18 17:30:00,359.2200012207031,360.67999267578125,359.0400085449219,360.614990234375,247072
2024-01-18 18:30:00,360.6300048828125,361.5400085449219,360.54998779296875,361.3500061035156,213127
2024-01-18 19:30:00,361.4100036621094,362.0199890136719,360.8500061035156,361.8800048828125,310021
2024-01-18 20:30:00,361.8900146484375,362.6400146484375,361.7300109863281,362.2799987792969,433874
2024-01-19 14:30:00,362.25,363.3450012207031,361.0199890136719,363.1600036621094,879467
2024-01-19 15:30:00,363.1449890136719,364.6099853515625,363.0400085449219,364.20001220703125,310066
2024-01-19 16:30:00,364.1050109863281,365.1600036621094,363.6499938964844,365.0990905761719,264966
2024-01-19 17:30:00,365.1600036621094,366.760009765625,365.1600036621094,366.66650390625,301980
2024-01-19 18:30:00,366.70001220703125,368.2699890136719,366.4049072265625,367.7699890136719,418865
2024-01-19 19:30:00,367.75,367.7699890136719,366.8500061035156,366.885009765625,340416
2024-01-19 20:30:00,366.84429931640625,367.3840026855469,366.32000732421875,367.1000061035156,583984
2024-01-22 14:30:00,368.04998779296875,369.1499938964844,367.5,369.010009765625,582084
2024-01-22 15:30:00,369.1099853515625,369.2699890136719,368.29998779296875,368.54541015625,294736
2024-01-22 16:30:00,368.5400085449219,368.5799865722656,367.7699890136719,367.9599914550781,156114
2024-01-22 17:30:00,367.9599914550781,368.21148681640625,367.6700134277344,367.7965087890625,169519
2024-01-22 18:30:00,367.739990234375,368.1499938964844,366.7669982910156,367.1199951171875,337195
2024-01-22 19:30:00,367.0987854003906,367.775390625,366.5299987792969,367.5906982421875,280446
2024-01-22 20:30:00,367.54998779296875,368.0899963378906,367.3601989746094,368.07000732421875,320301
2024-01-23 14:30:00,368.1600036621094,369.4200134277344,367.7049865722656,369.1199951171875,341105
2024-01-23 15:30:00,369.114990234375,371.1400146484375,368.8349914550781,371.1400146484375,309549
2024-01-23 16:30:00,371.1600036621094,371.6099853515625,370.7099914550781,370.80999755859375,224650
2024-01-23 17:30:00,370.7851867675781,371.2300109863281,370.75,370.9849853515625,169069
2024-01-23 18:30:00,370.989990234375,371.5400085449219,370.94000244140625,371.45001220703125,172206
2024-01-23 19:30:00,371.4800109863281,372.29998779296875,371.4800109863281,372.17999267578125,358532
2024-01-23 20:30:00,372.17498779296875,372.4200134277344,371.8800048828125,372.1199951171875,422282
2024-01-24 14:30:00,372.5299987792969,376.7698974609375,372.0299987792969,376.67999267578125,766704
2024-01-24 15:30:00,376.5799865722656,377.5849914550781,375.8399963378906,377.277587890625,354863
2024-01-24 16:30:00,377.3299865722656,377.6499938964844,376.6499938964844,377.6499938964844,385722
2024-01-24 17:30:00,377.6449890136719,377.7900085449219,377.0,377.7464904785156,283232
2024-01-24 18:30:00,377.75,377.75,377.0199890136719,377.25,288403
2024-01-24 19:30:00,377.260009765625,377.5400085449219,376.1199951171875,376.57000732421875,365679
2024-01-24 20:30:00,376.6050109863281,377.0199890136719,376.42999267578125,376.6099853515625,632056
2024-01-25 14:30:00,379.239990234375,380.1300048828125,378.0899963378906,379.510009765625,680788
2024-01-25 15:30:00,379.57000732421875,379.57000732421875,378.25,378.5929870605469,377890
2024-01-25 16:30:00,378.62579345703125,378.8999938964844,377.8900146484375,378.510009765625,285295
2024-01-25 17:30:00,378.5,380.1099853515625,378.5,379.739990234375,477254
2024-01-25 18:30:00,379.7200012207031,379.8800048828125,378.9114074707031,379.7300109863281,417732
2024-01-25 19:30:00,379.739990234375,380.07000732421875,379.3699951171875,379.8810119628906,334196
2024-01-25 20:30:00,379.8900146484375,380.989990234375,379.75,380.8500061035156,645918
2024-01-26 14:30:00,381.04998779296875,384.1499938964844,380.0,383.25,722100
2024-01-26 15:30:00,383.2550048828125,384.5,383.10009765625,383.9200134277344,351147
2024-01-26 16:30:00,383.95001220703125,384.05999755859375,383.07000732421875,383.2699890136719,316773
2024-01-26 17:30:00,383.25,383.9013977050781,382.55999755859375,383.760009765625,275576
2024-01-26 18:30:00,383.7699890136719,384.6300048828125,383.4285888671875,384.6300048828125,222528
2024-01-26 19:30:00,384.6400146484375,385.6499938964844,384.5570983886719,385.1400146484375,354325
2024-01-26 20:30:00,385.1600036621094,385.7300109863281,384.95001220703125,385.42999267578125,589199
2024-01-29 14:30:00,384.510009765625,384.9599914550781,382.2200012207031,382.2900085449219,718926
2024-01-29 15:30:00,382.45001220703125,382.55999755859375,380.4700012207031,380.7799987792969,440458
2024-01-29 16:30:00,380.8399963378906,381.3099060058594,380.0400085449219,380.114990234375,388217
2024-01-29 17:30:00,380.1094970703125,380.260009765625,379.1700134277344,380.010009765625,245619
2024-01-29 18:30:00,380.010009765625,380.75,379.9150085449219,380.6300048828125,178097
2024-01-29 19:30:00,380.70001220703125,383.1686096191406,380.5199890136719,382.55499267578125,311526
2024-01-29 20:30:00,382.5910949707031,383.3599853515625,382.3599853515625,383.2200012207031,470153
2024-01-30 14:30:00,383.239990234375,385.239990234375,380.0799865722656,385.0400085449219,517411
2024-01-30 15:30:00,385.0,385.83990478515625,384.7799987792969,385.739990234375,240787
2024-01-30 16:30:00,385.8299865722656,386.6910095214844,385.8299865722656,386.61590576171875,319724
2024-01-30 17:30:00,386.55999755859375,387.0,386.45001220703125,386.7066955566406,265571
2024-01-30 18:30:00,386.7699890136719,387.6007995605469,386.70001220703125,387.5199890136719,232406
2024-01-30 19:30:00,387.54998779296875,387.6400146484375,386.9046936035156,387.2149963378906,240660
2024-01-30 20:30:00,387.2099914550781,387.4200134277344,386.489990234375,387.17999267578125,445802
2024-01-31 14:30:00,386.5299987792969,387.9200134277344,385.2699890136719,385.9200134277344,571488
2024-01-31 15:30:00,385.82000732421875,386.2300109863281,385.19000244140625,385.7699890136719,295635
2024-01-31 16:30:00,385.7699890136719,386.5849914550781,384.64520263671875,386.56500244140625,231600
2024-01-31 17:30:00,386.5199890136719,386.69000244140625,385.6400146484375,386.0199890136719,198213
2024-01-31 18:30:00,386.0400085449219,386.44500732421875,385.0,385.92999267578125,224275
2024-01-31 19:30:00,385.92999267578125,386.29998779296875,384.13970947265625,384.81500244140625,426484
2024-01-31 20:30:00,384.81500244140625,384.9700012207031,383.54998779296875,383.55999755859375,639378
2024-02-01 14:30:00,384.0,384.2200927734375,382.239990234375,382.5563049316406,464551
2024-02-01 15:30:00,382.5299987792969,383.3599853515625,381.7799987792969,382.2799987792969,374688
2024-02-01 16:30:00,382.2950134277344,383.3800048828125,381.4750061035156,383.14208984375,389284
2024-02-01 17:30:00,383.1300964355469,384.70001220703125,382.989990234375,384.2900085449219,216813
2024-02-01 18:30:00,384.25,384.8800048828125,384.04998779296875,384.6700134277344,176918
2024-02-01 19:30:00,384.75,386.2185974121094,384.55499267578125,385.8940124511719,239010
2024-02-01 20:30:00,385.8949890136719,386.54998779296875,385.2200012207031,386.42999267578125,409099
2024-02-02 14:30:00,386.67999267578125,389.2900085449219,386.44000244140625,388.8699951171875,596612
2024-02-02 15:30:00,389.0199890136719,390.2799987792969,388.4200134277344,390.06500244140625,338789
2024-02-02 16:30:00,390.010009765625,391.2200012207031,390.0,390.48260498046875,298505
2024-02-02 17:30:00,390.44000244140625,391.17999267578125,389.0799865722656,390.19000244140625,281753
2024-02-02 18:30:00,390.3399963378906,391.6099853515625,390.1300048828125,391.489990234375,222828
2024-02-02 19:30:00,391.5,392.07000732421875,391.43499755859375,392.07000732421875,299379
2024-02-02 20:30:00,392.0400085449219,392.0498962402344,390.510009765625,390.6600036621094,508492
2024-02-05 14:30:00,389.95001220703125,393.3411865234375,389.2850036621094,390.2650146484375,685373
2024-02-05 15:30:00,390.2799987792969,391.0950012207031,389.80999755859375,390.7900085449219,369316
2024-02-05 16:30:00,390.80999755859375,391.1099853515625,389.8399963378906,390.31500244140625,237094
2024-02-05 17:30:00,390.4336853027344,391.5199890136719,390.1199951171875,390.95001220703125,165693
2024-02-05 18:30:00,390.8999938964844,391.5570068359375,390.8699951171875,391.3900146484375,179453
2024-02-05 19:30:00,391.45001220703125,391.9399108886719,391.17999267578125,391.7300109863281,218846
2024-02-05 20:30:00,391.7300109863281,392.2200012207031,390.55999755859375,390.55999755859375,347260
2024-02-06 14:30:00,390.2900085449219,392.5,390.0,392.2099914550781,519410
2024-02-06 15:30:00,392.1600036621094,392.82989501953125,391.8500061035156,392.3644104003906,293833
2024-02-06 16:30:00,392.2099914550781,392.8699951171875,392.0199890136719,392.80499267578125,187405
2024-02-06 17:30:00,392.8599853515625,393.7300109863281,392.6700134277344,393.260009765625,273831
2024-02-06 18:30:00,393.3699951171875,393.92999267578125,392.54998779296875,392.6499938964844,241115
2024-02-06 19:30:00,392.6650085449219,393.6099853515625,392.3500061035156,393.5,189693
2024-02-06 20:30:00,393.49200439453125,393.8800048828125,393.2950134277344,393.739990234375,306337
2024-02-07 14:30:00,394.6000061035156,397.67999267578125,394.3599853515625,397.510009765625,728667
2024-02-07 15:30:00,397.510009765625,397.95001220703125,396.3218994140625,397.6300048828125,307044
2024-02-07 16:30:00,397.6600036621094,398.3999938964844,397.6600036621094,398.2200012207031,236494
2024-02-07 17:30:00,398.19500732421875,399.1499938964844,398.0799865722656,398.6159973144531,223293
2024-02-07 18:30:00,398.6600036621094,398.8699951171875,397.17999267578125,397.3800048828125,280332
2024-02-07 19:30:00,397.44000244140625,397.7210998535156,396.70001220703125,396.8399963378906,477265
2024-02-07 20:30:00,396.7950134277344,397.760009765625,396.3999938964844,397.739990234375,397976
2024-02-08 14:30:00,397.2200012207031,398.6499938964844,396.356689453125,396.7850036621094,463888
2024-02-08 15:30:00,396.7950134277344,396.8699951171875,394.8500061035156,395.385009765625,314717
2024-02-08 16:30:00,395.4975891113281,396.5199890136719,395.4975891113281,396.3900146484375,315571
2024-02-08 17:30:00,396.3699951171875,396.6600036621094,396.0799865722656,396.1600036621094,646361
2024-02-08 18:30:00,396.19000244140625,397.5400085449219,396.0199890136719,397.2699890136719,197172
2024-02-08 19:30:00,397.2300109863281,397.760009765625,397.0400085449219,397.7398986816406,232529
2024-02-08 20:30:00,397.760009765625,398.0799865722656,396.79998779296875,397.510009765625,386368
2024-02-09 14:30:00,397.30999755859375,398.06298828125,396.510009765625,396.9700012207031,379231
2024-02-09 15:30:00,397.0,397.07000732421875,395.9200134277344,396.6600036621094,235049
2024-02-09 16:30:00,396.6600036621094,397.0899963378906,395.82000732421875,397.07501220703125,271939
2024-02-09 17:30:00,397.0755920410156,397.29998779296875,396.7900085449219,397.0199890136719,176658
2024-02-09 18:30:00,397.1099853515625,397.9700012207031,397.06500244140625,397.7919921875,246126
2024-02-09 19:30:00,397.7900085449219,398.20001220703125,397.7200012207031,397.94000244140625,244477
2024-02-09 20:30:00,397.93499755859375,398.32000732421875,397.3349914550781,398.260009765625,360657
2024-02-12 14:30:00,398.6499938964844,399.07000732421875,396.19000244140625,397.4049987792969,423170
2024-02-12 15:30:00,397.4800109863281,398.79998779296875,397.05999755859375,398.68218994140625,316183
2024-02-12 16:30:00,398.7799987792969,399.06500244140625,398.43011474609375,398.82989501953125,213222
2024-02-12 17:30:00,398.7908020019531,399.07000732421875,398.4150085449219,398.7950134277344,157680
2024-02-12 18:30:00,398.7900085449219,399.4800109863281,397.4100036621094,397.510009765625,248618
2024-02-12 19:30:00,397.5299987792969,397.760009765625,397.0,397.3299865722656,178752
2024-02-12 20:30:00,397.3299865722656,398.0199890136719,397.1549987792969,397.9800109863281,378867
2024-02-13 14:30:00,398.4800109863281,399.7049865722656,394.20001220703125,394.29998779296875,858849
2024-02-13 15:30:00,394.2200012207031,395.04998779296875,393.1300048828125,394.81500244140625,448440
2024-02-13 16:30:00,394.8900146484375,395.3999938964844,394.40008544921875,394.7200012207031,165019
2024-02-13 17:30:00,394.7149963378906,395.0450134277344,393.7300109863281,393.8699951171875,186502
2024-02-13 18:30:00,393.8699951171875,393.8699951171875,392.4590148925781,392.7770080566406,308686
2024-02-13 19:30:00,392.7309875488281,393.3900146484375,392.1000061035156,392.9100036621094,269389
2024-02-13 20:30:00,392.8900146484375,394.9599914550781,392.6619873046875,394.8399963378906,421671
2024-02-14 14:30:00,395.1499938964844,396.97509765625,393.5476989746094,396.4700012207031,491928
2024-02-14 15:30:00,396.55999755859375,397.4599914550781,395.8599853515625,396.2080078125,259380
2024-02-14 16:30:00,396.25,396.2795104980469,394.7099914550781,395.56500244140625,245684
2024-02-14 17:30:00,395.57861328125,396.5899963378906,395.4599914550781,396.489990234375,141524
2024-02-14 18:30:00,396.5150146484375,397.2300109863281,396.0700988769531,397.1199951171875,196008
2024-02-14 19:30:00,397.125,398.30999755859375,397.07000732421875,398.2200012207031,267984
2024-02-14 20:30:00,398.1700134277344,398.8599853515625,397.7250061035156,398.5,429081
2024-02-15 14:30:00,399.1400146484375,401.94000244140625,398.29998779296875,400.3699951171875,672845
2024-02-15 15:30:00,400.3450012207031,401.8699951171875,399.6600036621094,401.29998779296875,285811
2024-02-15 16:30:00,401.260009765625,402.4800109863281,401.1000061035156,402.17999267578125,242841
2024-02-15 17:30:00,402.2300109863281,402.94000244140625,401.489990234375,402.55999755859375,332539
2024-02-15 18:30:00,402.6600036621094,403.7499084472656,402.3800048828125,403.6449890136719,240517
2024-02-15 19:30:00,403.6300048828125,404.2698974609375,403.4200134277344,403.60919189453125,259222
2024-02-15 20:30:00,403.5899963378906,403.82000732421875,402.57000732421875,403.489990234375,474475
2024-02-16 14:30:00,404.44000244140625,404.489990234375,402.5899963378906,404.32000732421875,698818
2024-02-16 15:30:00,404.2950134277344,404.58599853515625,403.6000061035156,403.739990234375,361945
2024-02-16 16:30:00,403.7705078125,405.30499267578125,403.55999755859375,404.8550109863281,293836
2024-02-16 17:30:00,404.8299865722656,406.2850036621094,404.4800109863281,406.1499938964844,406335
2024-02-16 18:30:00,406.1799011230469,406.739990234375,405.6400146484375,405.8399963378906,374747
2024-02-16 19:30:00,405.8500061035156,406.2200012207031,404.7699890136719,405.5450134277344,291518
2024-02-16 20:30:00,405.6099853515625,406.2300109863281,405.07000732421875,405.92999267578125,483641
2024-02-20 14:30:00,406.67999267578125,410.2099914550781,406.05999755859375,409.760009765625,792481
2024-02-20 15:30:00,409.7286071777344,411.1099853515625,409.1700134277344,410.0082092285156,441891
2024-02-20 16:30:00,410.0899963378906,410.1300048828125,408.5400085449219,408.8500061035156,317360
2024-02-20 17:30:00,408.82000732421875,409.260009765625,407.6050109863281,407.9200134277344,310289
2024-02-20 18:30:00,407.7250061035156,408.2099914550781,407.32000732421875,408.1400146484375,197100
2024-02-20 19:30:00,408.0899963378906,408.8299865722656,407.8800048828125,408.3699951171875,221145
2024-02-20 20:30:00,408.3800048828125,408.3999938964844,406.3299865722656,407.1709899902344,550412
2024-02-21 14:30:00,408.260009765625,409.42999267578125,406.70001220703125,408.5849914550781,512124
2024-02-21 15:30:00,408.5950012207031,408.92999267578125,407.6700134277344,408.26458740234375,372746
2024-02-21 16:30:00,408.30999755859375,408.5400085449219,407.5400085449219,407.7987976074219,182732
2024-02-21 17:30:00,407.8500061035156,407.8500061035156,406.7449951171875,407.5299987792969,179116
2024-02-21 18:30:00,407.4200134277344,408.1199951171875,407.3399963378906,407.70001220703125,180513
2024-02-21 19:30:00,407.75,407.760009765625,406.70001220703125,407.2699890136719,257445
2024-02-21 20:30:00,407.30999755859375,409.4800109863281,407.2799987792969,409.30999755859375,458003
2024-02-22 14:30:00,411.29998779296875,413.5799865722656,411.0,412.9590148925781,786163
2024-02-22 15:30:00,412.8900146484375,413.0498962402344,411.7300109863281,412.1199951171875,342049
2024-02-22 16:30:00,412.1099853515625,414.29998779296875,412.04998779296875,414.1080017089844,358814
2024-02-22 17:30:00,414.1899108886719,415.2099914550781,414.04998779296875,415.18499755859375,287808
2024-02-22 18:30:00,415.19000244140625,416.06988525390625,414.8299865722656,416.06988525390625,376022
2024-02-22 19:30:00,416.07000732421875,416.260009765625,414.7799987792969,415.025390625,422800
2024-02-22 20:30:00,414.9800109863281,416.1549987792969,414.64459228515625,415.05999755859375,536095
2024-02-23 14:30:00,417.67999267578125,420.55999755859375,417.1000061035156,420.3900146484375,813253
2024-02-23 15:30:00,420.3580017089844,420.3580017089844,417.15771484375,418.1246032714844,652767
2024-02-23 16:30:00,418.0899963378906,418.2099914550781,417.5199890136719,418.1099853515625,291299
2024-02-23 17:30:00,418.1400146484375,418.25,417.2300109863281,417.4700012207031,235413
2024-02-23 18:30:00,417.42999267578125,417.8599853515625,416.5199890136719,416.6995849609375,265202
2024-02-23 19:30:00,416.6449890136719,417.82000732421875,416.5646057128906,417.5799865722656,299474
2024-02-23 20:30:00,417.6000061035156,417.9100036621094,417.0199890136719,417.1499938964844,576537
2024-02-26 14:30:00,422.0,430.0,415.25,415.37249755859375,2562270
2024-02-26 15:30:00,415.364990234375,415.7300109863281,410.8999938964844,412.5799865722656,1254534
2024-02-26 16:30:00,412.6000061035156,413.69000244140625,410.6000061035156,413.6700134277344,557538
2024-02-26 17:30:00,413.6300048828125,414.75,411.20001220703125,411.2749938964844,551057
2024-02-26 18:30:00,411.260009765625,411.2850036621094,410.1300048828125,410.7799987792969,487656
2024-02-26 19:30:00,410.8482971191406,410.989990234375,408.8468017578125,409.4700012207031,521643
2024-02-26 20:30:00,409.4902038574219,410.1499938964844,408.95001220703125,409.05999755859375,637828
2024-02-27 14:30:00,409.2099914550781,409.9624938964844,402.5400085449219,403.8800048828125,1300301
2024-02-27 15:30:00,403.7699890136719,403.7699890136719,401.839599609375,403.30499267578125,573119
2024-02-27 16:30:00,403.3299865722656,403.57989501953125,401.7099914550781,402.3299865722656,424514
2024-02-27 17:30:00,402.44000244140625,405.4800109863281,402.44000244140625,405.3900146484375,450898
2024-02-27 18:30:00,405.5,407.5,405.2799987792969,407.4100036621094,346631
2024-02-27 19:30:00,407.4700012207031,408.67999267578125,407.2974853515625,407.614990234375,384388
2024-02-27 20:30:00,407.55999755859375,409.3500061035156,407.4849853515625,408.94000244140625,532767
2024-02-28 14:30:00,408.5,413.5050048828125,407.71258544921875,413.19000244140625,705821
2024-02-28 15:30:00,413.0400085449219,414.6650085449219,412.79998779296875,413.5,562706
2024-02-28 16:30:00,413.5299987792969,413.95001220703125,412.54998779296875,412.7875061035156,290046
2024-02-28 17:30:00,412.67999267578125,414.0,412.6199951171875,413.8349914550781,351609
2024-02-28 18:30:00,413.8999938964844,414.0,411.3800048828125,412.5574951171875,408065
2024-02-28 19:30:00,412.6000061035156,412.6000061035156,411.45001220703125,412.05999755859375,326142
2024-02-28 20:30:00,412.0,412.2699890136719,411.5950012207031,412.2300109863281,596518
2024-02-29 14:30:00,413.1000061035156,413.7900085449219,409.6050109863281,409.7799987792969,602082
2024-02-29 15:30:00,409.7699890136719,410.5799865722656,408.7200012207031,410.5299987792969,359044
2024-02-29 16:30:00,410.4700012207031,410.4700012207031,409.0,409.260009765625,245483
2024-02-29 17:30:00,409.3450012207031,409.659912109375,408.91009521484375,409.1000061035156,197384
2024-02-29 18:30:00,409.0799865722656,409.71990966796875,408.5199890136719,409.1199951171875,232639
2024-02-29 19:30:00,409.1099853515625,409.6300048828125,408.3800048828125,409.6000061035156,393384
2024-02-29 20:30:00,409.6050109863281,410.6400146484375,408.7200012207031,408.7799987792969,705584
2024-03-01 14:30:00,409.4800109863281,410.3900146484375,406.2300109863281,407.9549865722656,613296
2024-03-01 15:30:00,407.8208923339844,408.25,406.6000061035156,406.6099853515625,439678
2024-03-01 16:30:00,406.57000732421875,407.1400146484375,405.45001220703125,406.0,314355
2024-03-01 17:30:00,406.05999755859375,407.44000244140625,405.9700012207031,406.70001220703125,259384
2024-03-01 18:30:00,406.614990234375,407.0,406.25,406.80999755859375,244185
2024-03-01 19:30:00,406.80999755859375,407.1000061035156,406.1199951171875,406.6400146484375,317328
2024-03-01 20:30:00,406.6400146484375,407.3500061035156,406.55999755859375,407.1199951171875,436541
2024-03-04 14:30:00,405.0,405.95001220703125,403.5,405.0010070800781,831916
2024-03-04 15:30:00,405.0155029296875,405.3900146484375,402.0299987792969,402.45001220703125,523595
2024-03-04 16:30:00,402.4100036621094,403.260009765625,402.1499938964844,403.17999267578125,387038
2024-03-04 17:30:00,403.1448974609375,403.57000732421875,402.6700134277344,402.80999755859375,255930
2024-03-04 18:30:00,402.7900085449219,402.9100036621094,401.42999267578125,402.30999755859375,410064
2024-03-04 19:30:00,402.2959899902344,405.0799865722656,402.2900085449219,405.0199890136719,419691
2024-03-04 20:30:00,405.1099853515625,405.1600036621094,403.1600036621094,403.44000244140625,522614
2024-03-05 14:30:00,402.54998779296875,403.3279113769531,401.0450134277344,401.7200012207031,725533
2024-03-05 15:30:00,401.7349853515625,402.8940124511719,401.1700134277344,401.67498779296875,389829
2024-03-05 16:30:00,401.70001220703125,402.0414123535156,399.3699951171875,400.0899963378906,621468
2024-03-05 17:30:00,400.0299987792969,400.0299987792969,399.07000732421875,399.75,398126
2024-03-05 18:30:00,399.7099914550781,400.6000061035156,399.510009765625,400.43499755859375,363867
2024-03-05 19:30:00,400.3900146484375,400.4100036621094,398.7799987792969,399.0799865722656,430748
2024-03-05 20:30:00,399.1099853515625,401.0299987792969,398.8800048828125,400.6700134277344,601830
2024-03-06 14:30:00,402.17999267578125,406.2298889160156,401.69500732421875,405.4599914550781,774665
2024-03-06 15:30:00,405.6700134277344,407.44000244140625,405.1700134277344,407.44000244140625,362115
2024-03-06 16:30:00,407.385009765625,407.385009765625,405.6300964355469,406.3699951171875,245799
2024-03-06 17:30:00,406.3599853515625,407.1499938964844,405.95001220703125,406.7200012207031,358661
2024-03-06 18:30:00,406.6650085449219,406.6700134277344,403.7699890136719,404.6549987792969,258084
2024-03-06 19:30:00,404.6600036621094,404.79998779296875,403.6488037109375,404.260009765625,250137
2024-03-06 20:30:00,404.20001220703125,405.1000061035156,403.5,404.04998779296875,741904
2024-03-07 14:30:00,406.1099853515625,406.3999938964844,401.8299865722656,402.98260498046875,677164
2024-03-07 15:30:00,402.6983947753906,403.2850036621094,401.8046875,402.75,379882
2024-03-07 16:30:00,402.7200012207031,402.7200012207031,400.5978088378906,400.635009765625,451160
2024-03-07 17:30:00,400.54998779296875,400.67498779296875,399.56988525390625,400.510009765625,362111
2024-03-07 18:30:00,400.6099853515625,401.2300109863281,399.9800109863281,400.3245849609375,325063
2024-03-07 19:30:00,400.364990234375,401.8999938964844,400.1199951171875,401.5024108886719,334350
2024-03-07 20:30:00,401.3999938964844,402.9100036621094,401.3800048828125,402.489990234375,507923
2024-03-08 14:30:00,401.0799865722656,403.1781005859375,400.1099853515625,400.3999938964844,596127
2024-03-08 15:30:00,400.3699951171875,402.9599914550781,400.010009765625,402.8800048828125,390716
2024-03-08 16:30:00,402.6199951171875,402.9800109863281,401.43011474609375,402.6000061035156,292698
2024-03-08 17:30:00,402.69000244140625,403.20001220703125,401.69000244140625,402.4200134277344,205747
2024-03-08 18:30:00,402.3269958496094,403.3489074707031,401.625,403.20001220703125,188028
2024-03-08 19:30:00,403.30999755859375,403.3599853515625,401.17498779296875,401.19000244140625,266325
2024-03-08 20:30:00,401.20001220703125,403.260009765625,401.0799865722656,403.17999267578125,652212
2024-03-11 13:30:00,403.29998779296875,405.010009765625,402.7406005859375,404.42999267578125,450719
2024-03-11 14:30:00,404.385009765625,404.67999267578125,403.6158142089844,403.7799987792969,270212
2024-03-11 15:30:00,403.7900085449219,404.2900085449219,403.5899963378906,403.7850036621094,184931
2024-03-11 16:30:00,403.81500244140625,404.4504089355469,403.3699951171875,403.8299865722656,206252
2024-03-11 17:30:00,403.875,404.239990234375,403.2099914550781,403.69000244140625,184951
2024-03-11 18:30:00,403.6449890136719,404.760009765625,403.6199951171875,404.0,190284
2024-03-11 19:30:00,403.9762878417969,404.9599914550781,403.79998779296875,404.82000732421875,441186
2024-03-12 13:30:00,406.7799987792969,407.20001220703125,404.3500061035156,405.6736145019531,411778
2024-03-12 14:30:00,405.5299987792969,406.1700134277344,404.45001220703125,404.510009765625,272196
2024-03-12 15:30:00,404.57000732421875,406.1400146484375,404.45318603515625,405.4700012207031,198187
2024-03-12 16:30:00,405.4700012207031,405.49090576171875,404.1000061035156,404.8599853515625,203061
2024-03-12 17:30:00,404.8999938964844,406.0199890136719,404.7900085449219,405.8999938964844,192417
2024-03-12 18:30:00,405.9800109863281,406.489990234375,405.0400085449219,406.177490234375,227767
2024-03-12 19:30:00,406.1929931640625,406.1982116699219,404.8399963378906,404.8699951171875,312486
2024-03-13 13:30:00,405.29998779296875,406.38580322265625,404.1499938964844,405.489990234375,434916
2024-03-13 14:30:00,405.489990234375,406.20001220703125,404.8399963378906,405.92999267578125,273985
2024-03-13 15:30:00,405.8599853515625,406.79998779296875,405.5899963378906,405.63800048828125,230203
2024-03-13 16:30:00,405.5450134277344,406.54998779296875,405.5318908691406,406.25,163559
2024-03-13 17:30:00,406.20599365234375,406.42999267578125,405.80999755859375,406.0,144966
2024-03-13 18:30:00,406.1199951171875,406.7300109863281,405.57000732421875,405.9800109863281,236340
2024-03-13 19:30:00,406.1700134277344,409.0,406.1700134277344,408.25,752309
2024-03-14 13:30:00,409.0799865722656,409.0799865722656,404.4100036621094,404.44000244140625,498935
2024-03-14 14:30:00,404.447998046875,404.8999938964844,403.3399963378906,403.9200134277344,298646
2024-03-14 15:30:00,403.99688720703125,407.04998779296875,403.70001220703125,406.80010986328125,251596
2024-03-14 16:30:00,406.9049987792969,406.9049987792969,404.8700866699219,404.8700866699219,238544
2024-03-14 17:30:00,404.8699951171875,405.9100036621094,404.3500061035156,405.80499267578125,232156
2024-03-14 18:30:00,405.8160095214844,406.75,404.95001220703125,405.2952880859375,275977
2024-03-14 19:30:00,405.3800048828125,407.0400085449219,405.04998779296875,406.7799987792969,533416
2024-03-15 13:30:00,404.2699890136719,407.0,402.5,404.4800109863281,1823350
2024-03-15 14:30:00,404.3699951171875,405.94000244140625,404.1300048828125,405.3999938964844,604514
2024-03-15 15:30:00,405.32000732421875,406.0950012207031,405.0299987792969,405.2900085449219,299330
2024-03-15 16:30:00,405.2900085449219,406.3900146484375,404.7300109863281,406.2250061035156,209395
2024-03-15 17:30:00,406.29998779296875,406.7799987792969,405.32000732421875,406.2900085449219,267124
2024-03-15 18:30:00,406.2799987792969,407.0299987792969,406.04998779296875,406.69500732421875,255336
2024-03-15 19:30:00,406.75,408.4599914550781,406.6000061035156,408.04998779296875,806850
2024-03-18 13:30:00,408.70001220703125,409.1400146484375,406.0,407.6199951171875,665670
2024-03-18 14:30:00,407.6400146484375,408.29998779296875,407.1000061035156,408.0400085449219,324359
2024-03-18 15:30:00,407.9700012207031,408.9208068847656,407.5899963378906,408.8500061035156,243693
2024-03-18 16:30:00,408.8111877441406,410.59991455078125,408.739990234375,409.1300048828125,288855
2024-03-18 17:30:00,409.1700134277344,409.1700134277344,408.2699890136719,408.4700012207031,226558
2024-03-18 18:30:00,408.4599914550781,408.6600036621094,407.55499267578125,408.2449951171875,665725
2024-03-18 19:30:00,408.25,408.5799865722656,407.69000244140625,408.4100036621094,399346
2024-03-19 13:30:00,409.0799865722656,411.3782043457031,408.0899963378906,411.2900085449219,524953
2024-03-19 14:30:00,411.3900146484375,412.1300048828125,409.7449951171875,411.3900146484375,368562
2024-03-19 15:30:00,411.3901062011719,411.94000244140625,410.9100036621094,411.0950012207031,193651
2024-03-19 16:30:00,411.07049560546875,411.9100036621094,410.9599914550781,411.6050109863281,201511
2024-03-19 17:30:00,411.6698913574219,411.67999267578125,410.0400085449219,410.3599853515625,169891
2024-03-19 18:30:00,410.2945861816406,411.4700012207031,410.17999267578125,411.010009765625,213831
2024-03-19 19:30:00,410.94000244140625,412.19000244140625,410.8414001464844,411.6000061035156,388750
2024-03-20 13:30:00,412.0199890136719,414.0799865722656,411.54998779296875,413.7200012207031,388901
2024-03-20 14:30:00,413.7250061035156,414.82000732421875,413.5299987792969,414.1236877441406,294391
2024-03-20 15:30:00,414.1099853515625,414.1300048828125,413.0899963378906,413.1600036621094,180836
2024-03-20 16:30:00,413.260009765625,413.26300048828125,412.25,412.4599914550781,178562
2024-03-20 17:30:00,412.4100036621094,413.69000244140625,412.260009765625,413.489990234375,240458
2024-03-20 18:30:00,413.5400085449219,415.69000244140625,412.9840087890625,415.05499267578125,375689
2024-03-20 19:30:00,414.989990234375,416.30999755859375,414.4657897949219,416.07000732421875,473463
2024-03-21 13:30:00,416.70001220703125,417.6536865234375,415.55999755859375,417.25,508941
2024-03-21 14:30:00,417.3999938964844,417.82501220703125,416.55999755859375,416.57501220703125,328964
2024-03-21 15:30:00,416.6199951171875,416.8599853515625,415.3999938964844,415.5450134277344,280698
2024-03-21 16:30:00,415.49591064453125,415.59991455078125,414.5799865722656,415.0400085449219,274238
2024-03-21 17:30:00,415.05999755859375,415.82000732421875,414.8299865722656,415.3299865722656,236455
2024-03-21 18:30:00,415.3900146484375,415.739990234375,414.4400939941406,414.5799865722656,321287
2024-03-21 19:30:00,414.56500244140625,414.9599914550781,413.510009765625,413.55999755859375,543036
2024-03-22 13:30:00,413.0,413.8999938964844,411.80499267578125,413.489990234375,405559
2024-03-22 14:30:00,413.489990234375,414.3500061035156,412.79998779296875,413.6600036621094,264351
2024-03-22 15:30:00,413.57000732421875,413.69000244140625,412.20001220703125,412.44500732421875,165502
2024-03-22 16:30:00,412.4649963378906,413.4800109863281,412.4599914550781,413.2900085449219,191867
2024-03-22 17:30:00,413.3028869628906,414.1000061035156,412.8999938964844,414.0249938964844,184555
2024-03-22 18:30:00,414.0397033691406,414.0397033691406,412.1499938964844,412.9200134277344,348898
2024-03-22 19:30:00,412.9700012207031,413.0799865722656,411.3999938964844,411.5299987792969,465488
2024-03-25 13:30:00,410.6700134277344,411.06500244140625,408.9244079589844,409.3999938964844,482704
2024-03-25 14:30:00,409.43499755859375,410.2300109863281,409.1600036621094,410.052490234375,242095
2024-03-25 15:30:00,410.0,410.6000061035156,409.7799987792969,409.81500244140625,183304
2024-03-25 16:30:00,409.75,410.1000061035156,409.489990234375,409.7449951171875,121439
2024-03-25 17:30:00,409.7853088378906,409.94000244140625,409.3500061035156,409.7550048828125,152097
2024-03-25 18:30:00,409.75,410.0,409.2099914550781,409.5450134277344,215741
2024-03-25 19:30:00,409.54998779296875,410.2699890136719,409.3599853515625,410.1099853515625,425819
2024-03-26 13:30:00,410.0,412.5899963378906,408.60009765625,412.5000915527344,347984
2024-03-26 14:30:00,412.54998779296875,412.6199951171875,411.6600036621094,411.92999267578125,248563
2024-03-26 15:30:00,411.9800109863281,412.1499938964844,411.3550109863281,412.05999755859375,154933
2024-03-26 16:30:00,412.07000732421875,412.6600036621094,411.6300048828125,412.0799865722656,159408
2024-03-26 17:30:00,412.07000732421875,412.3599853515625,411.6600036621094,411.8500061035156,139989
2024-03-26 18:30:00,411.8500061035156,412.56610107421875,411.6700134277344,412.1000061035156,201220
2024-03-26 19:30:00,412.1000061035156,412.4399108886719,411.1499938964844,411.8900146484375,701942
2024-03-27 13:30:00,413.6499938964844,416.6600036621094,413.3999938964844,414.989990234375,542702
2024-03-27 14:30:00,414.97918701171875,415.3699951171875,413.8999938964844,414.8399963378906,234392
2024-03-27 15:30:00,414.8299865722656,414.9049987792969,413.7099914550781,414.1499938964844,192852
2024-03-27 16:30:00,414.20001220703125,414.79998779296875,414.05999755859375,414.7699890136719,141344
2024-03-27 17:30:00,414.70001220703125,414.8800048828125,414.04010009765625,414.739990234375,161701
2024-03-27 18:30:00,414.7099914550781,415.135009765625,413.94000244140625,414.9800109863281,262148
2024-03-27 19:30:00,415.0849914550781,417.2099914550781,415.0101013183594,417.1700134277344,647884
2024-03-28 13:30:00,417.79998779296875,418.20001220703125,415.8500061035156,416.8550109863281,486228
2024-03-28 14:30:00,416.8999938964844,417.5,416.1112060546875,417.07501220703125,381198
2024-03-28 15:30:00,417.0,417.760009765625,416.7449951171875,417.70001220703125,204867
2024-03-28 16:30:00,417.6700134277344,418.14990234375,417.5899963378906,418.1000061035156,225812
2024-03-28 17:30:00,418.1300048828125,418.70001220703125,417.5,418.4200134277344,346261
2024-03-28 18:30:00,418.44000244140625,421.1000061035156,418.2900085449219,421.0450134277344,471543
2024-03-28 19:30:00,421.07000732421875,421.44000244140625,420.1199951171875,420.4100036621094,769426
2024-04-01 13:30:00,421.489990234375,421.6600036621094,417.80999755859375,421.0050048828125,540763
2024-04-01 14:30:00,420.9200134277344,420.9200134277344,419.1700134277344,419.3699951171875,233455
2024-04-01 15:30:00,419.29998779296875,419.3500061035156,417.9700012207031,418.4800109863281,245532
2024-04-01 16:30:00,418.489990234375,419.42999267578125,418.4599914550781,418.8299865722656,171952
2024-04-01 17:30:00,418.82000732421875,419.5,418.6199951171875,419.5,158278
2024-04-01 18:30:00,419.5299987792969,421.0199890136719,419.5299987792969,420.1000061035156,317789
2024-04-01 19:30:00,420.1400146484375,420.760009765625,420.0400085449219,420.17999267578125,428147
2024-04-02 13:30:00,419.75,421.010009765625,418.79998779296875,419.2974853515625,512897
2024-04-02 14:30:00,419.3299865722656,419.9200134277344,418.2900085449219,418.3599853515625,231551
2024-04-02 15:30:00,418.42498779296875,419.3699951171875,418.1600036621094,419.2300109863281,174057
2024-04-02 16:30:00,419.2554931640625,419.739990234375,418.5,418.94000244140625,154057
2024-04-02 17:30:00,418.8800048828125,419.6098937988281,418.6400146484375,419.42999267578125,157001
2024-04-02 18:30:00,419.45001220703125,419.6000061035156,418.8999938964844,419.3699951171875,198975
2024-04-02 19:30:00,419.30999755859375,419.3190002441406,418.0849914550781,419.0899963378906,475142
2024-04-03 13:30:00,419.0,421.5799865722656,418.5199890136719,420.0,481198
2024-04-03 14:30:00,420.06500244140625,420.45001220703125,419.0,419.6650085449219,218997
2024-04-03 15:30:00,419.6449890136719,421.909912109375,419.5400085449219,421.5849914550781,236472
2024-04-03 16:30:00,421.5899963378906,421.5899963378906,420.260009765625,421.033203125,166166
2024-04-03 17:30:00,421.1199951171875,421.3900146484375,420.3949890136719,420.5899963378906,201714
2024-04-03 18:30:00,420.610107421875,420.7300109863281,418.9599914550781,419.6300048828125,215649
2024-04-03 19:30:00,419.57501220703125,420.80999755859375,419.5199890136719,420.44000244140625,466963
2024-04-04 13:30:00,423.8399963378906,424.07000732421875,421.2900085449219,423.94830322265625,427448
2024-04-04 14:30:00,423.8999938964844,424.5199890136719,423.04998779296875,424.1346130371094,356526
2024-04-04 15:30:00,424.1199951171875,424.1199951171875,422.0899963378906,422.1449890136719,285853
2024-04-04 16:30:00,422.1166076660156,422.3399963378906,421.29998779296875,421.69000244140625,274628
2024-04-04 17:30:00,421.7200012207031,421.8299865722656,417.0299987792969,417.0899963378906,350862
2024-04-04 18:30:00,417.0,417.80999755859375,415.7900085449219,416.2250061035156,554209
2024-04-04 19:30:00,416.2749938964844,416.5899963378906,414.54998779296875,415.4800109863281,558781
2024-04-05 13:30:00,416.55999755859375,417.989990234375,415.4100036621094,415.7550048828125,467582
2024-04-05 14:30:00,415.70001220703125,417.8900146484375,415.6099853515625,417.6600036621094,252940
2024-04-05 15:30:00,417.6499938964844,418.6986083984375,417.1700134277344,418.44000244140625,238527
2024-04-05 16:30:00,418.4750061035156,418.7900085449219,417.2900085449219,417.5899963378906,174863
2024-04-05 17:30:00,417.5849914550781,418.4804992675781,416.94000244140625,417.8399963378906,240421
2024-04-05 18:30:00,417.989990234375,418.2398986816406,417.3399963378906,417.79998779296875,251775
2024-04-05 19:30:00,417.7799987792969,419.2699890136719,417.6099853515625,418.45001220703125,438187
2024-04-08 13:30:00,418.32000732421875,418.38330078125,416.7550048828125,417.93670654296875,425798
2024-04-08 14:30:00,417.82000732421875,418.57000732421875,417.0950012207031,417.30999755859375,230741
2024-04-08 15:30:00,417.35400390625,417.6300048828125,416.8999938964844,417.58648681640625,216753
2024-04-08 16:30:00,417.5299987792969,418.0,417.3577880859375,417.8800048828125,149273
2024-04-08 17:30:00,417.81500244140625,417.8500061035156,417.1199951171875,417.45001220703125,126825
2024-04-08 18:30:00,417.43499755859375,417.489990234375,416.75,417.1449890136719,173185
2024-04-08 19:30:00,417.0899963378906,417.2799987792969,415.625,416.260009765625,439395
2024-04-09 13:30:00,416.5799865722656,417.32000732421875,415.29998779296875,415.5299987792969,300574
2024-04-09 14:30:00,415.3750915527344,415.4100036621094,412.1199951171875,413.5,332234
2024-04-09 15:30:00,413.5,414.3599853515625,413.29998779296875,414.02178955078125,172274
2024-04-09 16:30:00,414.1099853515625,414.5,413.17999267578125,413.6400146484375,142088
2024-04-09 17:30:00,413.6449890136719,414.0199890136719,413.07000732421875,413.2550048828125,165253
2024-04-09 18:30:00,413.3030090332031,414.6199951171875,412.7950134277344,414.56549072265625,247083
2024-04-09 19:30:00,414.55999755859375,415.0,413.42999267578125,414.8399963378906,436419
2024-04-10 13:30:00,412.739990234375,413.55999755859375,408.29998779296875,410.6700134277344,677367
2024-04-10 14:30:00,410.6549987792969,411.76519775390625,409.6499938964844,410.0299987792969,284797
2024-04-10 15:30:00,410.1099853515625,410.20001220703125,409.06500244140625,409.2463073730469,204505
2024-04-10 16:30:00,409.2502136230469,409.8500061035156,407.6199951171875,409.0,296951
2024-04-10 17:30:00,408.9800109863281,409.8900146484375,407.5299987792969,409.2300109863281,278843
2024-04-10 18:30:00,409.1600036621094,410.3999938964844,408.3999938964844,410.0,262329
2024-04-10 19:30:00,409.9800109863281,410.05999755859375,408.79998779296875,408.90130615234375,474682
2024-04-11 13:30:00,408.3999938964844,408.7300109863281,404.0531005859375,404.7569885253906,604042
2024-04-11 14:30:00,404.7699890136719,406.5299987792969,404.7099914550781,406.4110107421875,242685
2024-04-11 15:30:00,406.30499267578125,408.4800109863281,406.2099914550781,407.6700134277344,217051
2024-04-11 16:30:00,407.7300109863281,409.6300048828125,407.3500061035156,409.1600036621094,240467
2024-04-11 17:30:00,409.2300109863281,410.9779052734375,408.95001220703125,410.5899963378906,242388
2024-04-11 18:30:00,410.55499267578125,411.14990234375,409.8299865722656,409.8299865722656,216836
2024-04-11 19:30:00,409.875,409.95098876953125,407.29998779296875,407.55999755859375,409168
2024-04-12 13:30:00,405.0,407.2099914550781,404.4599914550781,404.9599914550781,520864
2024-04-12 14:30:00,404.82501220703125,404.9800109863281,403.3599853515625,404.4049987792969,441389
2024-04-12 15:30:00,404.43170166015625,405.1099853515625,403.20001220703125,403.7900085449219,278196
2024-04-12 16:30:00,403.6499938964844,403.8550109863281,402.0150146484375,402.1300048828125,294998
2024-04-12 17:30:00,402.0299987792969,403.8500061035156,401.44000244140625,403.14459228515625,353529
2024-04-12 18:30:00,403.1300048828125,403.239990234375,401.4601135253906,402.05999755859375,300811
2024-04-12 19:30:00,402.0249938964844,403.4200134277344,401.6600036621094,403.17999267578125,485002
2024-04-15 13:30:00,406.989990234375,409.0553894042969,405.3337097167969,405.95001220703125,560016
2024-04-15 14:30:00,405.9100036621094,406.29998779296875,404.07000732421875,404.8136901855469,247016
2024-04-15 15:30:00,404.8299865722656,405.8399963378906,404.1715087890625,404.23760986328125,203301
2024-04-15 16:30:00,404.2749938964844,404.4700012207031,402.1099853515625,402.1099853515625,206458
2024-04-15 17:30:00,402.0799865722656,402.82000732421875,401.20001220703125,401.67999267578125,338199
2024-04-15 18:30:00,401.5799865722656,402.8299865722656,400.5299987792969,400.92999267578125,287656
2024-04-15 19:30:00,400.95001220703125,401.79998779296875,399.8599853515625,400.25,554473
2024-04-16 13:30:00,400.9700012207031,401.25,397.2300109863281,398.989990234375,702690
2024-04-16 14:30:00,399.010009765625,399.6700134277344,397.8299865722656,398.2951965332031,340581
2024-04-16 15:30:00,398.3299865722656,400.3900146484375,397.7900085449219,400.1400146484375,211487
2024-04-16 16:30:00,400.25,400.8900146484375,399.6600036621094,399.8699951171875,228830
2024-04-16 17:30:00,399.8999938964844,400.6300048828125,397.8399963378906,398.20001220703125,265356
2024-04-16 18:30:00,398.2799987792969,400.0849914550781,398.1700134277344,399.3599853515625,492238
2024-04-16 19:30:00,399.3299865722656,399.3299865722656,396.5,396.8299865722656,616626
2024-04-17 13:30:00,398.94000244140625,399.2799987792969,396.7900085449219,398.0450134277344,458727
2024-04-17 14:30:00,398.0494079589844,398.3900146484375,397.0,397.0,219084
2024-04-17 15:30:00,396.9849853515625,397.3623962402344,395.6610107421875,396.32000732421875,223223
2024-04-17 16:30:00,396.25,397.4700012207031,396.0299987792969,397.4700012207031,233181
2024-04-17 17:30:00,397.4200134277344,397.6300048828125,396.7900085449219,397.4200134277344,191073
2024-04-17 18:30:00,397.44000244140625,399.1899108886719,397.04998779296875,397.7300109863281,285328
2024-04-17 19:30:00,397.7799987792969,398.3399963378906,397.17999267578125,397.6300048828125,320901
2024-04-18 13:30:00,399.70001220703125,401.3299865722656,399.1099853515625,401.04998779296875,408523
2024-04-18 14:30:00,401.1944885253906,402.989990234375,400.5899963378906,402.3349914550781,287437
2024-04-18 15:30:00,402.3349914550781,402.70458984375,401.30999755859375,401.4200134277344,215673
2024-04-18 16:30:00,401.3949890136719,401.4898986816406,399.5899963378906,400.42498779296875,202058
2024-04-18 17:30:00,400.32000732421875,400.42999267578125,399.2001037597656,399.71099853515625,168098
2024-04-18 18:30:00,399.8299865722656,400.4599914550781,399.1000061035156,400.06500244140625,219184
2024-04-18 19:30:00,400.1400146484375,400.7200012207031,399.3399963378906,399.739990234375,413585
2024-04-19 13:30:00,401.0400085449219,404.2904052734375,400.1700134277344,403.364990234375,819029
2024-04-19 14:30:00,403.55499267578125,403.9175109863281,402.6182861328125,403.3500061035156,249824
2024-04-19 15:30:00,403.389892578125,403.7300109863281,401.87750244140625,402.44000244140625,253018
2024-04-19 16:30:00,402.4800109863281,403.8900146484375,402.09698486328125,403.3699951171875,275258
2024-04-19 17:30:00,403.5,404.739990234375,403.44140625,403.82000732421875,233850
2024-04-19 18:30:00,403.80999755859375,405.07000732421875,403.5799865722656,404.8800048828125,417794
2024-04-19 19:30:00,404.7300109863281,405.57000732421875,404.30999755859375,405.239990234375,646393
2024-04-22 13:30:00,406.8399963378906,408.6099853515625,406.510009765625,407.83990478515625,553215
2024-04-22 14:30:00,407.8500061035156,408.1499938964844,406.25,406.44000244140625,263407
2024-04-22 15:30:00,406.4599914550781,407.32000732421875,406.30279541015625,407.2799987792969,148290
2024-04-22 16:30:00,407.2799987792969,409.2900085449219,407.2349853515625,409.2699890136719,203180
2024-04-22 17:30:00,409.30999755859375,411.3500061035156,409.17999267578125,411.2250061035156,376222
2024-04-22 18:30:00,411.260009765625,411.2749938964844,408.7077941894531,409.0,254805
2024-04-22 19:30:00,408.8800048828125,409.010009765625,407.8800048828125,408.7900085449219,375442
2024-04-23 13:30:00,410.25,410.25,405.6400146484375,409.0799865722656,474750
2024-04-23 14:30:00,409.05999755859375,410.7200012207031,408.7200012207031,408.7200012207031,337335
2024-04-23 15:30:00,408.7200012207031,408.7200012207031,407.54998779296875,408.114990234375,215527
2024-04-23 16:30:00,408.150390625,408.489990234375,407.6000061035156,408.17999267578125,145586
2024-04-23 17:30:00,408.2349853515625,408.3500061035156,407.3500061035156,407.54998779296875,158874
2024-04-23 18:30:00,407.67999267578125,408.1300048828125,407.1400146484375,407.4599914550781,208478
2024-04-23 19:30:00,407.3800048828125,408.8999938964844,407.34100341796875,408.5199890136719,315928
2024-04-24 13:30:00,407.1000061035156,407.6199951171875,405.7799987792969,405.885009765625,467363
2024-04-24 14:30:00,405.9100036621094,405.9200134277344,404.07000732421875,404.68499755859375,310808
2024-04-24 15:30:00,404.67498779296875,405.2091979980469,404.0,404.30999755859375,212751
2024-04-24 16:30:00,404.19000244140625,405.2200012207031,403.8800048828125,405.151611328125,160229
2024-04-24 17:30:00,405.2200012207031,406.6700134277344,405.2099914550781,405.9700012207031,156056
2024-04-24 18:30:00,405.8699951171875,405.8699951171875,404.82000732421875,405.6199951171875,243113
2024-04-24 19:30:00,405.6099853515625,406.75,405.25,405.95001220703125,347447
2024-04-25 13:30:00,404.8500061035156,405.8699951171875,400.3500061035156,402.3299865722656,671011
2024-04-25 14:30:00,402.2699890136719,403.89959716796875,401.67999267578125,403.5249938964844,265991
2024-04-25 15:30:00,403.6000061035156,404.7300109863281,403.4869079589844,404.67999267578125,189188
2024-04-25 16:30:00,404.67999267578125,404.95001220703125,403.5400085449219,404.04998779296875,130058
2024-04-25 17:30:00,404.1499938964844,405.77301025390625,403.9800109863281,404.7900085449219,172554
2024-04-25 18:30:00,404.510009765625,406.1400146484375,404.19000244140625,406.1099853515625,241309
2024-04-25 19:30:00,406.07000732421875,406.0799865722656,404.57000732421875,405.05999755859375,343839
2024-04-26 13:30:00,403.9200134277344,404.75,402.70001220703125,403.0400085449219,413314
2024-04-26 14:30:00,403.05999755859375,403.8599853515625,401.4100036621094,401.8550109863281,395488
2024-04-26 15:30:00,401.96661376953125,402.7200012207031,401.5,402.7200012207031,398186
2024-04-26 16:30:00,402.739990234375,403.0799865722656,402.1300048828125,402.8599853515625,198296
2024-04-26 17:30:00,402.82000732421875,403.6600036621094,402.79998779296875,403.07000732421875,227839
2024-04-26 18:30:00,403.0299987792969,403.70001220703125,402.739990234375,402.8699951171875,253058
2024-04-26 19:30:00,402.8599853515625,402.8599853515625,401.6600036621094,401.67999267578125,529394
2024-04-29 13:30:00,402.6600036621094,404.8699951171875,402.17291259765625,403.1700134277344,393132
2024-04-29 14:30:00,403.19000244140625,403.4294128417969,402.0,402.9200134277344,324563
2024-04-29 15:30:00,402.8599853515625,403.0,401.6000061035156,402.8699951171875,229403
2024-04-29 16:30:00,402.8349914550781,403.0799865722656,401.72210693359375,401.8500061035156,150427
2024-04-29 17:30:00,401.8299865722656,402.0299987792969,401.4800109863281,401.6783142089844,160066
2024-04-29 18:30:00,401.6499938964844,401.7650146484375,400.0799865722656,400.55999755859375,279924
2024-04-29 19:30:00,400.6099853515625,400.989990234375,400.1499938964844,400.8699951171875,342656
2024-04-30 13:30:00,400.5799865722656,400.6000061035156,399.20001220703125,399.5199890136719,385728
2024-04-30 14:30:00,399.4800109863281,399.9898986816406,398.0899963378906,398.4700012207031,268634
2024-04-30 15:30:00,398.6481018066406,399.0635070800781,397.92999267578125,398.74749755859375,231965
2024-04-30 16:30:00,398.8299865722656,398.8299865722656,397.8900146484375,398.2900085449219,182164
2024-04-30 17:30:00,398.3699951171875,399.260009765625,398.07000732421875,398.2300109863281,174872
2024-04-30 18:30:00,398.2449951171875,398.5199890136719,397.57000732421875,397.9153137207031,158934
2024-04-30 19:30:00,397.8800048828125,398.1449890136719,396.3699951171875,396.7200012207031,494911
2024-05-01 13:30:00,396.6099853515625,400.489990234375,396.3500061035156,400.0299987792969,356758
2024-05-01 14:30:00,400.0350036621094,401.0,399.8800048828125,400.6499938964844,217377
2024-05-01 15:30:00,400.68499755859375,400.989990234375,399.79998779296875,400.42999267578125,200012
2024-05-01 16:30:00,400.4200134277344,400.6000061035156,399.739990234375,400.0498962402344,154821
2024-05-01 17:30:00,400.04998779296875,400.6499938964844,398.70001220703125,400.6499938964844,215513
2024-05-01 18:30:00,400.65521240234375,402.32000732421875,399.635009765625,401.5400085449219,369228
2024-05-01 19:30:00,401.55499267578125,401.55999755859375,398.2699890136719,398.57000732421875,475539
2024-05-02 13:30:00,401.0,401.29998779296875,397.8800048828125,399.0299987792969,431029
2024-05-02 14:30:00,398.9200134277344,399.7099914550781,397.8800048828125,398.6791076660156,228188
2024-05-02 15:30:00,398.71051025390625,399.3598937988281,398.2099914550781,398.9150085449219,177949
2024-05-02 16:30:00,398.8399963378906,400.7124938964844,398.3599853515625,400.6549987792969,189140
2024-05-02 17:30:00,400.69000244140625,400.8800048828125,399.9599914550781,400.3550109863281,150487
2024-05-02 18:30:00,400.3999938964844,401.55999755859375,400.3901062011719,400.9148864746094,217802
2024-05-02 19:30:00,400.8399963378906,401.0400085449219,399.4200134277344,400.7799987792969,365781
2024-05-03 13:30:00,404.5,404.5,400.35321044921875,401.3800048828125,749443
2024-05-03 14:30:00,401.3500061035156,401.4100036621094,399.2099914550781,400.2900085449219,444358
2024-05-03 15:30:00,400.3299865722656,402.43499755859375,400.2900085449219,402.43499755859375,312836
2024-05-03 16:30:00,402.3999938964844,402.94000244140625,402.1807861328125,402.8599853515625,239233
2024-05-03 17:30:00,402.8949890136719,403.81988525390625,402.67999267578125,402.95001220703125,335603
2024-05-03 18:30:00,402.9800109863281,403.0400085449219,401.44000244140625,401.8500061035156,380952
2024-05-03 19:30:00,401.7699890136719,402.17999267578125,399.9700012207031,400.760009765625,844819
2024-05-06 13:30:00,403.9599914550781,404.3800048828125,399.260009765625,400.49749755859375,1037963
2024-05-06 14:30:00,400.42999267578125,403.08990478515625,400.3299865722656,401.7900085449219,433008
2024-05-06 15:30:00,401.7799987792969,402.95001220703125,401.2900085449219,402.45001220703125,255983
2024-05-06 16:30:00,402.4649963378906,403.7300109863281,402.4649963378906,403.3299865722656,308401
2024-05-06 17:30:00,403.2699890136719,403.92999267578125,402.2799987792969,403.8399963378906,322350
2024-05-06 18:30:00,403.8999938964844,403.9700012207031,402.3599853515625,402.69000244140625,297881
2024-05-06 19:30:00,402.6499938964844,405.1499938964844,402.6499938964844,405.010009765625,470273
2024-05-07 13:30:00,406.92999267578125,407.260009765625,404.07000732421875,405.635009765625,595232
2024-05-07 14:30:00,405.6400146484375,406.69989013671875,405.2300109863281,405.7900085449219,430989
2024-05-07 15:30:00,405.69000244140625,405.8489074707031,404.3699951171875,404.76800537109375,263414
2024-05-07 16:30:00,404.75,405.08880615234375,403.6105041503906,405.010009765625,208904
2024-05-07 17:30:00,405.0050048828125,405.9800109863281,404.94000244140625,405.1300048828125,214551
2024-05-07 18:30:00,405.1700134277344,405.4700012207031,404.739990234375,405.364990234375,210359
2024-05-07 19:30:00,405.3450012207031,406.1700134277344,405.010009765625,406.010009765625,427642
2024-05-08 13:30:00,406.4700012207031,407.2149963378906,403.75,404.3500061035156,498324
2024-05-08 14:30:00,404.2355041503906,405.9800109863281,403.8999938964844,405.7149963378906,249611
2024-05-08 15:30:00,405.65411376953125,406.5,405.65411376953125,405.889892578125,192051
2024-05-08 16:30:00,405.7699890136719,406.2099914550781,405.4054870605469,405.7900085449219,131744
2024-05-08 17:30:00,405.760009765625,406.44000244140625,405.6600036621094,406.0823974609375,152152
2024-05-08 18:30:00,406.0400085449219,406.54998779296875,405.8599853515625,406.2349853515625,221771
2024-05-08 19:30:00,406.29998779296875,407.22900390625,406.2080078125,406.3900146484375,409698
2024-05-09 13:30:00,406.25,407.79998779296875,405.4599914550781,407.55999755859375,309271
2024-05-09 14:30:00,407.55999755859375,408.5400085449219,406.95001220703125,407.294189453125,225214
2024-05-09 15:30:00,407.2943115234375,407.4190979003906,406.6600036621094,407.07000732421875,146878
2024-05-09 16:30:00,407.1099853515625,407.7699890136719,406.9700012207031,407.7699890136719,143238
2024-05-09 17:30:00,407.7799987792969,407.7900085449219,406.6600036621094,406.92498779296875,171038
2024-05-09 18:30:00,407.0,407.86248779296875,406.81060791015625,407.7799072265625,246286
2024-05-09 19:30:00,407.6549987792969,408.8699951171875,407.489990234375,408.82000732421875,388597
2024-05-10 13:30:00,409.8500061035156,411.8699951171875,409.20001220703125,411.6449890136719,470664
2024-05-10 14:30:00,411.635009765625,412.135009765625,410.3699951171875,410.98590087890625,329477
2024-05-10 15:30:00,411.0,411.80999755859375,410.5400085449219,411.7200012207031,201510
2024-05-10 16:30:00,411.7300109863281,411.8800048828125,410.92999267578125,410.9649963378906,132470
2024-05-10 17:30:00,410.9150085449219,411.79998779296875,410.8900146484375,411.4599914550781,150761
2024-05-10 18:30:00,411.4898986816406,412.2312927246094,411.04998779296875,411.9700012207031,265440
2024-05-10 19:30:00,412.010009765625,412.3800048828125,411.6300048828125,412.0400085449219,419596
2024-05-13 13:30:00,414.05999755859375,414.2995910644531,411.8800048828125,411.96990966796875,452235
2024-05-13 14:30:00,411.8500061035156,412.239990234375,411.010009765625,411.6099853515625,258622
2024-05-13 15:30:00,411.55999755859375,411.8586120605469,410.8999938964844,411.57000732421875,179401
2024-05-13 16:30:00,411.5849914550781,411.5849914550781,410.5,410.79998779296875,148547
2024-05-13 17:30:00,410.81500244140625,411.0400085449219,410.19000244140625,410.9200134277344,162582
2024-05-13 18:30:00,410.95880126953125,411.32989501953125,410.7170104980469,410.7799987792969,172772
2024-05-13 19:30:00,410.7900085449219,411.3800048828125,410.55999755859375,411.2200012207031,323930
2024-05-14 13:30:00,410.45001220703125,411.5592041015625,409.5299987792969,410.739990234375,400076
2024-05-14 14:30:00,410.760009765625,410.760009765625,408.1700134277344,408.2799987792969,340770
2024-05-14 15:30:00,408.3699951171875,409.0899963378906,408.2099914550781,408.8599853515625,197170
2024-05-14 16:30:00,408.82000732421875,408.989990234375,408.2300109863281,408.5299987792969,158087
2024-05-14 17:30:00,408.54998779296875,409.2300109863281,408.2699890136719,409.1600036621094,182887
2024-05-14 18:30:00,409.1700134277344,410.18499755859375,409.0799865722656,410.07000732421875,258575
2024-05-14 19:30:00,409.9100036621094,410.5899963378906,409.55499267578125,410.2300109863281,424888
2024-05-15 13:30:00,410.510009765625,413.07000732421875,410.42999267578125,411.7749938964844,500976
2024-05-15 14:30:00,411.8399963378906,412.04998779296875,410.1000061035156,411.55499267578125,256882
2024-05-15 15:30:00,411.5899963378906,411.75,410.7200012207031,411.2228088378906,201984
2024-05-15 16:30:00,411.1853942871094,412.70001220703125,411.1853942871094,412.4150085449219,196486
2024-05-15 17:30:00,412.3999938964844,412.4599914550781,411.610107421875,412.18499755859375,186178
2024-05-15 18:30:00,412.2099914550781,412.3500061035156,411.6300048828125,412.0849914550781,191266
2024-05-15 19:30:00,412.0199890136719,413.3999938964844,411.8900146484375,412.8399963378906,485914
2024-05-16 13:30:00,413.79998779296875,416.3399963378906,413.5,415.3854064941406,547684
2024-05-16 14:30:00,415.3725891113281,415.989990234375,414.68719482421875,415.760009765625,281860
2024-05-16 15:30:00,415.8299865722656,416.07989501953125,414.82000732421875,414.94000244140625,231429
2024-05-16 16:30:00,414.8999938964844,415.739990234375,414.75,414.989990234375,275803
2024-05-16 17:30:00,415.0617980957031,415.1600036621094,414.20001220703125,414.70001220703125,161309
2024-05-16 18:30:00,414.6600036621094,415.9200134277344,414.6600036621094,415.260009765625,245141
2024-05-16 19:30:00,415.25,415.27801513671875,412.9100036621094,413.2099914550781,664891
2024-05-17 13:30:00,413.9800109863281,415.3999938964844,413.70001220703125,415.3949890136719,485355
2024-05-17 14:30:00,415.4148864746094,415.489990234375,414.55999755859375,414.75,205616
2024-05-17 15:30:00,414.7699890136719,415.1199951171875,414.70001220703125,414.875,121518
2024-05-17 16:30:00,414.8599853515625,415.6700134277344,414.760498046875,415.510009765625,196480
2024-05-17 17:30:00,415.5199890136719,416.3299865722656,415.510009765625,416.0849914550781,242615
2024-05-17 18:30:00,416.1400146484375,416.4599914550781,415.9100036621094,416.3999938964844,192860
2024-05-17 19:30:00,416.375,417.2900085449219,416.1700134277344,417.0299987792969,431894
2024-05-20 13:30:00,416.2900085449219,416.45001220703125,413.7900085449219,415.8399963378906,535472
2024-05-20 14:30:00,415.9036865234375,416.1899108886719,415.1803894042969,415.68951416015625,314503
2024-05-20 15:30:00,415.7300109863281,416.0,414.739990234375,414.8699951171875,157265
2024-05-20 16:30:00,414.8550109863281,414.9599914550781,414.1499938964844,414.30999755859375,202156
2024-05-20 17:30:00,414.25,414.4200134277344,412.8999938964844,413.4599914550781,207630
2024-05-20 18:30:00,413.3999938964844,413.6700134277344,412.9700012207031,413.17999267578125,196268
2024-05-20 19:30:00,413.1700134277344,413.7189025878906,412.614990234375,413.07000732421875,441577
2024-05-21 13:30:00,413.5899963378906,415.6099853515625,412.55999755859375,414.8699951171875,429087
2024-05-21 14:30:00,414.8900146484375,415.70001220703125,414.6700134277344,415.29998779296875,184505
2024-05-21 15:30:00,415.2950134277344,415.2950134277344,413.6499938964844,414.46051025390625,232584
2024-05-21 16:30:00,414.489990234375,414.7699890136719,414.0199890136719,414.2850036621094,162390
2024-05-21 17:30:00,414.32000732421875,414.94989013671875,414.17498779296875,414.739990234375,155008
2024-05-21 18:30:00,414.8699951171875,415.1700134277344,414.1000061035156,414.69000244140625,233910
2024-05-21 19:30:00,414.67999267578125,415.2699890136719,414.1549987792969,414.5899963378906,428560
2024-05-22 13:30:00,414.95001220703125,417.260009765625,414.20001220703125,415.93231201171875,542367
2024-05-22 14:30:00,415.9100036621094,415.94500732421875,413.82000732421875,413.8800048828125,209767
2024-05-22 15:30:00,413.82000732421875,414.4200134277344,413.6400146484375,414.3599853515625,169566
2024-05-22 16:30:00,414.3999938964844,415.60321044921875,414.3999938964844,415.42999267578125,125722
2024-05-22 17:30:00,415.55999755859375,415.6236877441406,413.3900146484375,413.3900146484375,164332
2024-05-22 18:30:00,413.32000732421875,413.875,413.20001220703125,413.3800048828125,171133
2024-05-22 19:30:00,413.44000244140625,414.1600036621094,412.9599914550781,413.9700012207031,315991
2024-05-23 13:30:00,413.25,413.25,408.2900085449219,409.3999938964844,657876
2024-05-23 14:30:00,409.44000244140625,409.8900146484375,408.89739990234375,409.5,228181
2024-05-23 15:30:00,409.5513000488281,410.3999938964844,409.2799987792969,409.30499267578125,232384
2024-05-23 16:30:00,409.3561096191406,409.7699890136719,407.6499938964844,408.0400085449219,229730
2024-05-23 17:30:00,408.1000061035156,408.1000061035156,404.8699951171875,405.17999267578125,426271
2024-05-23 18:30:00,405.0799865722656,407.1199951171875,405.0199890136719,406.7650146484375,305242
2024-05-23 19:30:00,406.7449951171875,407.010009765625,405.32000732421875,406.05999755859375,457020
2024-05-24 13:30:00,406.8999938964844,407.9100036621094,406.2200012207031,407.04010009765625,387814
2024-05-24 14:30:00,407.0400085449219,407.95989990234375,406.1400146484375,407.239990234375,216775
2024-05-24 15:30:00,407.20001220703125,407.6600036621094,406.25,407.3999938964844,188465
2024-05-24 16:30:00,407.44000244140625,407.44000244140625,406.7900085449219,407.19500732421875,115648
2024-05-24 17:30:00,407.1842041015625,407.25,406.79998779296875,406.95001220703125,115913
2024-05-24 18:30:00,406.95001220703125,407.20001220703125,406.35101318359375,406.6099853515625,174989
2024-05-24 19:30:00,406.6000061035156,407.4800109863281,405.5,407.4100036621094,383642
2024-05-28 13:30:00,408.239990234375,408.239990234375,404.07000732421875,404.260009765625,549562
2024-05-28 14:30:00,404.260009765625,404.55999755859375,403.4599914550781,404.1000061035156,330824
2024-05-28 15:30:00,404.1000061035156,404.19000244140625,403.4800109863281,403.635009765625,249159
2024-05-28 16:30:00,403.6899108886719,403.70989990234375,402.55999755859375,402.69610595703125,251981
2024-05-28 17:30:00,402.6199951171875,403.05999755859375,402.2294006347656,402.56988525390625,224487
2024-05-28 18:30:00,402.5150146484375,402.7690124511719,401.8699951171875,402.54998779296875,298043
2024-05-28 19:30:00,402.5256042480469,404.1499938964844,402.5249938964844,404.1499938964844,438143
2024-05-29 13:30:00,403.0,403.84991455078125,401.6400146484375,401.79998779296875,521431
2024-05-29 14:30:00,401.8399963378906,402.614990234375,401.5799865722656,402.3450012207031,266563
2024-05-29 15:30:00,402.3500061035156,404.54998779296875,402.2900085449219,404.4200134277344,266252
2024-05-29 16:30:00,404.5498962402344,405.2200012207031,404.04010009765625,405.1600036621094,262560
2024-05-29 17:30:00,405.11480712890625,405.8699951171875,404.7215881347656,405.489990234375,212954
2024-05-29 18:30:00,405.5,405.5249938964844,404.2699890136719,405.260009765625,256472
2024-05-29 19:30:00,405.24029541015625,405.30999755859375,403.44000244140625,404.17999267578125,405022
2024-05-30 13:30:00,403.7699890136719,405.2049865722656,402.7701110839844,403.7507019042969,507182
2024-05-30 14:30:00,403.7777099609375,407.0498962402344,403.7300109863281,406.5899963378906,255857
2024-05-30 15:30:00,406.5400085449219,407.7398986816406,406.5400085449219,407.0899963378906,273152
2024-05-30 16:30:00,407.04998779296875,407.8081970214844,407.010009765625,407.739990234375,200423
2024-05-30 17:30:00,407.6300048828125,408.69000244140625,407.6300048828125,408.54998779296875,244616
2024-05-30 18:30:00,408.4800109863281,409.0400085449219,408.239990234375,408.5899963378906,221514
2024-05-30 19:30:00,408.6499938964844,408.82000732421875,407.3900146484375,408.57000732421875,392383
2024-05-31 13:30:00,408.0899963378906,409.30999755859375,406.8800048828125,408.239990234375,387822
2024-05-31 14:30:00,407.9700012207031,410.44989013671875,407.95001220703125,410.239990234375,318938
2024-05-31 15:30:00,410.2349853515625,410.46990966796875,409.17999267578125,409.8500061035156,225779
2024-05-31 16:30:00,409.8399963378906,410.1099853515625,408.82000732421875,408.94000244140625,326646
2024-05-31 17:30:00,409.0286865234375,410.760009765625,408.3599853515625,410.55999755859375,207763
2024-05-31 18:30:00,410.5799865722656,411.2778015136719,410.260009765625,410.8299865722656,417689
2024-05-31 19:30:00,410.80999755859375,415.3999938964844,410.4599914550781,414.79998779296875,1002837
2024-06-03 13:30:00,414.8900146484375,414.8900146484375,409.5199890136719,410.872314453125,840936
2024-06-03 14:30:00,410.70001220703125,410.8999938964844,408.7799987792969,409.375,417482
2024-06-03 15:30:00,409.3699951171875,416.7200012207031,408.7900085449219,412.385009765625,1633303
2024-06-03 16:30:00,412.29998779296875,413.260009765625,410.4800109863281,411.69000244140625,299140
2024-06-03 17:30:00,411.7300109863281,413.122802734375,411.6600036621094,412.489990234375,232124
2024-06-03 18:30:00,412.4549865722656,413.6199951171875,411.3399963378906,413.2650146484375,359832
2024-06-03 19:30:00,413.2699890136719,414.9800109863281,411.7401123046875,414.9700012207031,462952
2024-06-04 13:30:00,414.8500061035156,415.8900146484375,411.42999267578125,411.739990234375,739097
2024-06-04 14:30:00,411.9200134277344,411.92999267578125,407.4800109863281,407.6199951171875,590337
2024-06-04 15:30:00,407.55499267578125,407.94000244140625,406.4400939941406,407.6700134277344,397577
2024-06-04 16:30:00,407.6700134277344,407.739990234375,406.5899963378906,407.7300109863281,312081
2024-06-04 17:30:00,407.8399963378906,410.1600036621094,407.05999755859375,409.2850036621094,391197
2024-06-04 18:30:00,409.2300109863281,409.29998779296875,407.5899963378906,408.41290283203125,308206
2024-06-04 19:30:00,408.3900146484375,409.69000244140625,408.2349853515625,409.42999267578125,421394
2024-06-05 13:30:00,410.1000061035156,410.2749938964844,405.7699890136719,406.44000244140625,505717
2024-06-05 14:30:00,406.50689697265625,407.9200134277344,406.42999267578125,407.7699890136719,349009
2024-06-05 15:30:00,407.8900146484375,408.1899108886719,407.0296936035156,407.8038024902344,222323
2024-06-05 16:30:00,407.79998779296875,408.1700134277344,407.4599914550781,407.760009765625,200957
2024-06-05 17:30:00,407.8299865722656,408.4200134277344,407.4419860839844,408.23779296875,210803
2024-06-05 18:30:00,408.1300048828125,409.4599914550781,408.1099853515625,408.82000732421875,311580
2024-06-05 19:30:00,408.6700134277344,409.95001220703125,408.6700134277344,409.8500061035156,331160
2024-06-06 13:30:00,410.4200134277344,410.95989990234375,408.8299865722656,410.0880126953125,389351
2024-06-06 14:30:00,410.0006103515625,410.010009765625,407.5780029296875,409.2200012207031,297547
2024-06-06 15:30:00,409.20001220703125,409.5599060058594,407.4599914550781,407.63360595703125,248429
2024-06-06 16:30:00,407.5400085449219,409.8699951171875,407.3800048828125,409.70001220703125,305846
2024-06-06 17:30:00,409.6017150878906,410.739990234375,409.0743103027344,409.55499267578125,347312
2024-06-06 18:30:00,409.45001220703125,411.19000244140625,409.3900146484375,411.1099853515625,297330
2024-06-06 19:30:00,411.1400146484375,411.239990234375,410.5899963378906,411.239990234375,321739
2024-06-07 13:30:00,411.2799987792969,414.5,409.8450927734375,414.260009765625,491300
2024-06-07 14:30:00,414.260009765625,415.5400085449219,413.5899963378906,413.9200134277344,419468
2024-06-07 15:30:00,414.0,415.239990234375,413.5899963378906,415.04998779296875,253239
2024-06-07 16:30:00,415.2099914550781,415.8800048828125,414.3349914550781,415.4100036621094,273560
2024-06-07 17:30:00,415.29998779296875,415.8399963378906,414.8800048828125,415.4800109863281,207641
2024-06-07 18:30:00,415.4750061035156,415.54998779296875,414.04998779296875,414.17999267578125,239217
2024-06-07 19:30:00,414.1099853515625,414.6700134277344,413.5,413.7799987792969,392319
2024-06-10 13:30:00,413.3399963378906,413.94000244140625,410.4200134277344,412.68499755859375,388655
2024-06-10 14:30:00,412.5199890136719,412.70001220703125,409.9700012207031,410.489990234375,258354
2024-06-10 15:30:00,410.5,410.6600036621094,409.8800048828125,410.19000244140625,226566
2024-06-10 16:30:00,410.2090148925781,410.5299987792969,409.4100036621094,409.65008544921875,189539
2024-06-10 17:30:00,409.7139892578125,410.7799987792969,409.6700134277344,410.17999267578125,235664
2024-06-10 18:30:00,410.1099853515625,410.4205017089844,409.510009765625,409.7300109863281,247785
2024-06-10 19:30:00,409.760009765625,411.17999267578125,409.2699890136719,411.07000732421875,535338
2024-06-11 13:30:00,408.8800048828125,408.9100036621094,406.1700134277344,406.6600036621094,530915
2024-06-11 14:30:00,406.4100036621094,407.760009765625,406.1099853515625,407.0,411652
2024-06-11 15:30:00,407.17999267578125,408.5,406.7699890136719,406.8599853515625,316091
2024-06-11 16:30:00,406.9364013671875,407.2384033203125,406.3299865722656,406.56201171875,211332
2024-06-11 17:30:00,406.55999755859375,408.2900085449219,406.5199890136719,408.260009765625,239926
2024-06-11 18:30:00,408.2799987792969,408.6499938964844,407.8999938964844,408.2650146484375,222867
2024-06-11 19:30:00,408.2650146484375,408.6000061035156,407.55499267578125,408.5,368718
2024-06-12 13:30:00,411.0899963378906,411.4336853027344,407.1600036621094,411.07501220703125,804969
2024-06-12 14:30:00,411.0,411.8909912109375,408.9020080566406,409.6499938964844,364323
2024-06-12 15:30:00,409.6549987792969,409.989990234375,408.8900146484375,409.82000732421875,224884
2024-06-12 16:30:00,409.90948486328125,409.9800109863281,408.8299865722656,409.0,181540
2024-06-12 17:30:00,409.0,409.25,407.25,408.1499938964844,334600
2024-06-12 18:30:00,408.1499938964844,409.4599914550781,407.54998779296875,408.1700134277344,419170
2024-06-12 19:30:00,408.20001220703125,409.8251953125,408.0,408.7099914550781,468162
2024-06-13 13:30:00,407.6300048828125,408.0,404.6499938964844,405.1619873046875,1310830
2024-06-13 14:30:00,405.0299987792969,405.3299865722656,403.57110595703125,404.92999267578125,352066
2024-06-13 15:30:00,404.82830810546875,405.239990234375,404.1499938964844,404.1600036621094,229063
2024-06-13 16:30:00,404.1600036621094,404.69989013671875,404.0899963378906,404.4700012207031,307679
2024-06-13 17:30:00,404.3905944824219,404.6400146484375,403.8599853515625,404.6000061035156,268076
2024-06-13 18:30:00,404.6400146484375,405.6400146484375,404.4100036621094,404.9211120605469,296145
2024-06-13 19:30:00,404.7900085449219,406.3599853515625,404.4800109863281,405.7099914550781,434353
2024-06-14 13:30:00,404.8999938964844,405.67999267578125,403.6700134277344,403.9364929199219,446217
2024-06-14 14:30:00,403.9649963378906,406.30999755859375,403.3299865722656,405.8399963378906,308436
2024-06-14 15:30:00,406.1199951171875,406.3399963378906,404.67999267578125,404.69000244140625,155806
2024-06-14 16:30:00,404.7300109863281,406.010009765625,404.67999267578125,405.0,189281
2024-06-14 17:30:00,405.0,405.260009765625,404.1700134277344,405.0,196155
2024-06-14 18:30:00,405.08990478515625,406.0199890136719,404.95001220703125,405.58099365234375,269532
2024-06-14 19:30:00,405.63299560546875,405.8599853515625,404.7850036621094,405.5799865722656,358571
2024-06-17 13:30:00,405.17999267578125,405.5400085449219,403.55010986328125,405.07861328125,507129
2024-06-17 14:30:00,405.04998779296875,405.75,404.44000244140625,405.2200012207031,298027
2024-06-17 15:30:00,405.239990234375,406.34991455078125,404.9100036621094,406.2921142578125,242847
2024-06-17 16:30:00,406.3500061035156,406.5,405.6700134277344,406.04998779296875,198501
2024-06-17 17:30:00,406.0,407.0,405.6083068847656,406.93499755859375,499542
2024-06-17 18:30:00,406.9999084472656,407.5799865722656,406.5950012207031,407.5799865722656,343686
2024-06-17 19:30:00,407.5199890136719,407.81500244140625,406.8699951171875,407.44000244140625,374400
2024-06-18 13:30:00,406.7449951171875,408.5,405.2799987792969,405.9800109863281,499547
2024-06-18 14:30:00,405.92498779296875,407.57000732421875,405.6600036621094,407.04998779296875,344205
2024-06-18 15:30:00,407.10870361328125,407.8399963378906,406.9200134277344,407.0994873046875,260767
2024-06-18 16:30:00,407.0899963378906,407.79998779296875,406.8500061035156,407.1184997558594,284165
2024-06-18 17:30:00,407.0299987792969,407.6499938964844,406.3500061035156,406.4150085449219,242266
2024-06-18 18:30:00,406.3599853515625,406.8900146484375,406.1050109863281,406.6099853515625,358194
2024-06-18 19:30:00,406.6700134277344,408.0,406.4200134277344,407.9800109863281,421018
2024-06-20 13:30:00,407.25,408.389892578125,404.1000061035156,405.5950012207031,1039035
2024-06-20 14:30:00,405.5799865722656,405.5899963378906,404.04998779296875,404.80938720703125,526568
2024-06-20 15:30:00,404.87200927734375,407.1700134277344,404.69000244140625,406.7528991699219,315483
2024-06-20 16:30:00,406.7799987792969,407.7206115722656,406.5799865722656,407.7206115722656,305394
2024-06-20 17:30:00,407.64959716796875,409.8800048828125,407.5400085449219,409.6199951171875,419053
2024-06-20 18:30:00,409.5899963378906,411.0,408.92999267578125,409.70001220703125,498063
2024-06-20 19:30:00,409.6300048828125,409.8800048828125,408.3599853515625,409.3399963378906,551283
2024-06-21 13:30:00,409.82000732421875,410.3800048828125,407.67999267578125,410.1162109375,2244011
2024-06-21 14:30:00,410.25,410.25,408.57330322265625,408.8999938964844,426877
2024-06-21 15:30:00,408.8999938964844,409.0899963378906,407.75,408.760009765625,421889
2024-06-21 16:30:00,408.6700134277344,409.4150085449219,408.2900085449219,409.30499267578125,201243
2024-06-21 17:30:00,409.239990234375,410.46728515625,409.1400146484375,409.989990234375,299695
2024-06-21 18:30:00,409.9849853515625,409.9849853515625,408.45001220703125,408.510009765625,363060
2024-06-21 19:30:00,408.510009765625,410.20001220703125,408.2099914550781,409.6600036621094,704764
2024-06-24 13:30:00,410.70001220703125,414.44000244140625,410.17999267578125,414.30999755859375,707030
2024-06-24 14:30:00,414.3500061035156,416.7900085449219,414.29998779296875,416.6199951171875,645414
2024-06-24 15:30:00,416.6199951171875,417.0,415.6400146484375,415.7049865722656,440168
2024-06-24 16:30:00,415.7099914550781,415.8900146484375,414.80999755859375,415.2799987792969,337013
2024-06-24 17:30:00,415.2749938964844,415.44000244140625,414.44000244140625,415.260009765625,290831
2024-06-24 18:30:00,415.30499267578125,415.510009765625,413.2799987792969,414.07501220703125,363987
2024-06-24 19:30:00,414.07000732421875,414.8999938964844,413.6099853515625,413.95001220703125,635042
2024-06-25 13:30:00,414.0,414.25,411.5400085449219,411.8800048828125,441475
2024-06-25 14:30:00,412.0,412.79998779296875,410.32000732421875,410.32000732421875,328114
2024-06-25 15:30:00,410.3299865722656,410.95001220703125,410.0899963378906,410.375,220531
2024-06-25 16:30:00,410.3800048828125,411.07000732421875,409.6199951171875,410.68499755859375,274574
2024-06-25 17:30:00,410.82000732421875,410.94989013671875,410.0799865722656,410.8876953125,160680
2024-06-25 18:30:00,410.80999755859375,411.53448486328125,410.5199890136719,411.18890380859375,220169
2024-06-25 19:30:00,411.2300109863281,411.6199951171875,410.4100036621094,411.0400085449219,467436
2024-06-26 13:30:00,410.0199890136719,410.1400146484375,407.3699951171875,407.9200134277344,615995
2024-06-26 14:30:00,407.95001220703125,408.8999938964844,407.25,408.5050048828125,303250
2024-06-26 15:30:00,408.6000061035156,409.7699890136719,408.4549865722656,409.260009765625,182581
2024-06-26 16:30:00,409.1600036621094,409.6805114746094,408.8900146484375,409.2099914550781,178413
2024-06-26 17:30:00,409.20001220703125,409.5899963378906,408.6549987792969,409.4700012207031,176855
2024-06-26 18:30:00,409.50390625,409.7200012207031,409.05999755859375,409.3299865722656,274772
2024-06-26 19:30:00,409.3981018066406,410.67999267578125,408.9200134277344,410.4599914550781,466250
2024-06-27 13:30:00,410.260009765625,410.260009765625,408.17999267578125,409.2449951171875,386607
2024-06-27 14:30:00,409.29998779296875,409.9100036621094,408.6000061035156,409.0616149902344,299053
2024-06-27 15:30:00,409.0,409.2200012207031,408.1000061035156,408.364990234375,263482
2024-06-27 16:30:00,408.3949890136719,408.82550048828125,407.70001220703125,408.5799865722656,258238
2024-06-27 17:30:00,408.56500244140625,408.56500244140625,406.7699890136719,406.8999938964844,312996
2024-06-27 18:30:00,406.80999755859375,407.3349914550781,406.3399963378906,407.3349914550781,494359
2024-06-27 19:30:00,407.3399963378906,408.3599853515625,407.260009765625,408.2300109863281,494089
2024-06-28 13:30:00,408.25,410.04998779296875,406.7099914550781,409.4200134277344,454348
2024-06-28 14:30:00,409.44000244140625,409.80999755859375,407.2500915527344,407.44000244140625,398224
2024-06-28 15:30:00,407.4599914550781,408.20001220703125,407.20001220703125,408.0632019042969,251911
2024-06-28 16:30:00,408.010009765625,409.1199951171875,408.0,408.4700012207031,239720
2024-06-28 17:30:00,408.29998779296875,408.6499938964844,407.260009765625,407.29998779296875,258468
2024-06-28 18:30:00,407.2699890136719,407.3799133300781,406.3999938964844,407.2799987792969,371260
2024-06-28 19:30:00,407.20001220703125,407.3500061035156,405.7900085449219,406.80999755859375,907738
2024-07-01 13:30:00,408.0899963378906,409.6700134277344,405.3500061035156,405.510009765625,588759
2024-07-01 14:30:00,405.6000061035156,405.7349853515625,403.8399963378906,404.4200134277344,538890
2024-07-01 15:30:00,404.3550109863281,405.45001220703125,403.82000732421875,405.4200134277344,297821
2024-07-01 16:30:00,405.3900146484375,405.739990234375,404.92999267578125,405.45001220703125,202557
2024-07-01 17:30:00,405.44000244140625,405.9800109863281,404.95001220703125,404.9750061035156,194243
2024-07-01 18:30:00,404.8999938964844,405.1499938964844,404.44000244140625,404.57000732421875,241762
2024-07-01 19:30:00,404.5199890136719,405.3299865722656,404.5199890136719,405.2300109863281,379214
2024-07-02 13:30:00,404.0199890136719,406.0,403.9200134277344,405.8999938964844,358352
2024-07-02 14:30:00,405.8699951171875,405.9599914550781,404.9599914550781,405.3999938964844,271458
2024-07-02 15:30:00,405.3999938964844,406.07000732421875,405.1300048828125,405.7900085449219,228184
2024-07-02 16:30:00,405.82000732421875,405.8699951171875,405.17999267578125,405.273193359375,171671
2024-07-02 17:30:00,405.2349853515625,406.3299865722656,405.2001037597656,406.25,173814
2024-07-02 18:30:00,406.2099914550781,406.4599914550781,405.7300109863281,406.1600036621094,187036
2024-07-02 19:30:00,406.1600036621094,407.3900146484375,406.1142883300781,407.2300109863281,428107
2024-07-03 13:30:00,407.1600036621094,407.1600036621094,405.17498779296875,405.6099853515625,392788
2024-07-03 14:30:00,405.54998779296875,405.8800048828125,404.7200012207031,404.79998779296875,393076
2024-07-03 15:30:00,404.7699890136719,405.5450134277344,404.2200012207031,404.9800109863281,444813
2024-07-05 13:30:00,406.239990234375,406.82000732421875,405.0299987792969,406.3800048828125,639103
2024-07-05 14:30:00,406.2900085449219,408.489990234375,406.1000061035156,408.2850036621094,321895
2024-07-05 15:30:00,408.1499938964844,408.7200012207031,407.9200134277344,408.510009765625,287975
2024-07-05 16:30:00,408.5299987792969,410.05999755859375,408.4599914550781,409.2900085449219,307228
2024-07-05 17:30:00,409.3500061035156,410.19000244140625,409.30999755859375,410.1400146484375,244391
2024-07-05 18:30:00,410.11700439453125,411.32989501953125,410.110107421875,410.78009033203125,351828
2024-07-05 19:30:00,410.8399963378906,411.1600036621094,409.875,411.1600036621094,648529
2024-07-08 13:30:00,411.2699890136719,413.7854919433594,411.17999267578125,412.5799865722656,521996
2024-07-08 14:30:00,412.42999267578125,412.5,410.8599853515625,411.04998779296875,349131
2024-07-08 15:30:00,411.0,411.0400085449219,409.57000732421875,410.0799865722656,249588
2024-07-08 16:30:00,410.0450134277344,410.2900085449219,408.0,408.3900146484375,384313
2024-07-08 17:30:00,408.489990234375,409.69000244140625,408.3900146484375,409.489990234375,365045
2024-07-08 18:30:00,409.3999938964844,409.489990234375,408.3299865722656,408.95001220703125,332179
2024-07-08 19:30:00,408.88140869140625,409.1000061035156,408.4200134277344,409.07000732421875,429864
2024-07-09 13:30:00,409.4200134277344,410.4100036621094,408.6400146484375,409.2449951171875,495436
2024-07-09 14:30:00,409.3599853515625,411.0,409.3599853515625,410.9599914550781,243739
2024-07-09 15:30:00,410.96881103515625,412.260009765625,410.2200012207031,412.0899963378906,286032
2024-07-09 16:30:00,411.9601135253906,413.7099914550781,411.9599914550781,413.1499938964844,311495
2024-07-09 17:30:00,413.135009765625,413.135009765625,412.1300048828125,412.4700012207031,252587
2024-07-09 18:30:00,412.55999755859375,412.739990234375,411.010009765625,411.739990234375,248832
2024-07-09 19:30:00,411.7300109863281,411.7300109863281,410.3200988769531,410.69000244140625,413538
2024-07-10 13:30:00,410.80999755859375,412.05999755859375,409.3999938964844,412.0199890136719,522102
2024-07-10 14:30:00,411.8900146484375,413.1700134277344,411.7300109863281,412.5,338058
2024-07-10 15:30:00,412.5,412.8999938964844,411.489990234375,412.0450134277344,637586
2024-07-10 16:30:00,411.94000244140625,412.2749938964844,411.3599853515625,411.9800109863281,178975
2024-07-10 17:30:00,411.95001220703125,412.489990234375,411.6000061035156,412.0,212245
2024-07-10 18:30:00,412.05999755859375,412.9100036621094,411.8699951171875,412.7200012207031,283921
2024-07-10 19:30:00,412.7149963378906,413.9599914550781,412.55999755859375,413.6199951171875,453641
2024-07-11 13:30:00,413.989990234375,415.8799133300781,412.0,415.2300109863281,521888
2024-07-11 14:30:00,415.2300109863281,415.6673889160156,414.3699951171875,415.3500061035156,315525
2024-07-11 15:30:00,415.2799987792969,416.0,414.70001220703125,414.7099914550781,297325
2024-07-11 16:30:00,414.71051025390625,415.6499938964844,414.4960021972656,415.6000061035156,332286
2024-07-11 17:30:00,415.4949951171875,417.4100036621094,415.2900085449219,416.7900085449219,348549
2024-07-11 18:30:00,416.7680969238281,417.42999267578125,416.0799865722656,416.9800109863281,340598
2024-07-11 19:30:00,416.9700012207031,419.20001220703125,416.79998779296875,418.54998779296875,724135
2024-07-12 13:30:00,420.2300109863281,424.8599853515625,419.70001220703125,424.68499755859375,875711
2024-07-12 14:30:00,424.6499938964844,424.8500061035156,422.8999938964844,423.67999267578125,485373
2024-07-12 15:30:00,423.760009765625,424.25,422.7799987792969,424.1969909667969,336390
2024-07-12 16:30:00,424.2508850097656,427.3370056152344,423.70001220703125,427.1499938964844,472914
2024-07-12 17:30:00,427.1499938964844,427.45001220703125,426.2799987792969,426.89471435546875,458625
2024-07-12 18:30:00,426.760009765625,427.2200012207031,426.1199951171875,426.8699951171875,365939
2024-07-12 19:30:00,426.8599853515625,426.9822082519531,423.9800109863281,424.4700012207031,728830
2024-07-15 13:30:00,425.5899963378906,428.6299133300781,425.4100036621094,428.25,740279
2024-07-15 14:30:00,428.1000061035156,431.25,427.9200134277344,431.1499938964844,481968
2024-07-15 15:30:00,431.20660400390625,433.57000732421875,431.0,431.5950012207031,588025
2024-07-15 16:30:00,431.6499938964844,432.5,431.0,432.2900085449219,423508
2024-07-15 17:30:00,432.25,433.30499267578125,431.7300109863281,432.84698486328125,426880
2024-07-15 18:30:00,432.885009765625,433.92999267578125,432.75,433.7073974609375,440446
2024-07-15 19:30:00,433.69000244140625,434.7099914550781,432.7699890136719,434.5799865722656,866848
2024-07-16 13:30:00,437.3999938964844,439.0516052246094,434.760009765625,436.95001220703125,939172
2024-07-16 14:30:00,436.82000732421875,438.4399108886719,435.8240051269531,437.1700134277344,516438
2024-07-16 15:30:00,437.17999267578125,437.409912109375,434.0201110839844,437.05450439453125,506242
2024-07-16 16:30:00,437.05499267578125,437.9100036621094,436.0400085449219,436.1199951171875,344391
2024-07-16 17:30:00,436.1199951171875,437.1099853515625,435.6401062011719,436.5788879394531,345838
2024-07-16 18:30:00,436.418701171875,438.0400085449219,436.2900085449219,437.7622985839844,356213
2024-07-16 19:30:00,437.6400146484375,439.04998779296875,437.3299865722656,438.8900146484375,580005
2024-07-17 13:30:00,437.8500061035156,441.897705078125,437.8399963378906,441.4153137207031,927736
2024-07-17 14:30:00,441.4773864746094,443.54998779296875,440.5400085449219,443.1499938964844,609223
2024-07-17 15:30:00,443.1499938964844,444.3900146484375,442.5,443.95001220703125,605632
2024-07-17 16:30:00,443.9200134277344,445.3299865722656,443.30999755859375,443.510009765625,545436
2024-07-17 17:30:00,443.489990234375,445.3399963378906,442.8900146484375,445.20001220703125,368145
2024-07-17 18:30:00,445.1700134277344,446.1499938964844,444.25,446.0,445840
2024-07-17 19:30:00,446.05999755859375,446.1300048828125,443.8800048828125,445.67999267578125,695747
2024-07-18 13:30:00,445.6199951171875,448.9198913574219,443.4081115722656,448.875,827516
2024-07-18 14:30:00,448.9100036621094,449.25,447.5710144042969,447.989990234375,620308
2024-07-18 15:30:00,448.0899963378906,448.30999755859375,445.3800048828125,445.3800048828125,532032
2024-07-18 16:30:00,445.489990234375,446.1700134277344,445.0899963378906,446.1400146484375,290134
2024-07-18 17:30:00,446.07000732421875,446.3699951171875,442.760009765625,443.0,522422
2024-07-18 18:30:00,442.9200134277344,443.3399963378906,439.57000732421875,440.4200134277344,533898
2024-07-18 19:30:00,440.3599853515625,442.4800109863281,440.2699890136719,441.6199951171875,480005
2024-07-19 13:30:00,442.6700134277344,442.79998779296875,438.1300048828125,438.2799987792969,895464
2024-07-19 14:30:00,438.1199951171875,438.2250061035156,435.2799987792969,436.1099853515625,480316
2024-07-19 15:30:00,436.1199951171875,437.6191101074219,434.5,436.2200012207031,317048
2024-07-19 16:30:00,436.2099914550781,436.4599914550781,433.3500061035156,433.92010498046875,313723
2024-07-19 17:30:00,434.010009765625,435.95001220703125,433.9100036621094,434.7799987792969,285928
2024-07-19 18:30:00,434.67999267578125,435.8800048828125,434.5199890136719,435.44500732421875,316152
2024-07-19 19:30:00,435.44500732421875,435.659912109375,433.739990234375,434.7699890136719,560775
2024-07-22 13:30:00,435.04998779296875,438.1099853515625,432.1199951171875,434.94000244140625,610042
2024-07-22 14:30:00,434.8500061035156,436.4800109863281,434.7099914550781,435.0682067871094,244417
2024-07-22 15:30:00,434.8599853515625,435.07000732421875,433.4700012207031,433.7300109863281,171747
2024-07-22 16:30:00,433.4601135253906,436.1000061035156,433.4601135253906,435.6000061035156,265542
2024-07-22 17:30:00,435.5893859863281,435.8399963378906,434.6600036621094,435.5199890136719,154406
2024-07-22 18:30:00,435.5050048828125,436.6400146484375,435.5050048828125,435.99139404296875,197629
2024-07-22 19:30:00,435.9750061035156,436.3900146484375,435.260009765625,436.1099853515625,349366
2024-07-23 13:30:00,437.3399963378906,437.9200134277344,434.69000244140625,435.05999755859375,327178
2024-07-23 14:30:00,434.9100036621094,436.23370361328125,434.1700134277344,434.80499267578125,221838
2024-07-23 15:30:00,434.80499267578125,435.9100036621094,434.61151123046875,435.4100036621094,214958
2024-07-23 16:30:00,435.44000244140625,435.4800109863281,434.82000732421875,434.860107421875,124290
2024-07-23 17:30:00,434.9200134277344,435.69000244140625,434.57000732421875,435.2231140136719,138560
2024-07-23 18:30:00,435.2699890136719,435.59991455078125,434.92498779296875,435.4700012207031,167761
2024-07-23 19:30:00,435.3999938964844,435.3999938964844,433.4700012207031,433.9800109863281,316049
2024-07-24 13:30:00,433.989990234375,435.4100036621094,430.7300109863281,431.57000732421875,420211
2024-07-24 14:30:00,431.6199951171875,433.3399963378906,430.7799987792969,432.7349853515625,295598
2024-07-24 15:30:00,432.739990234375,433.9898986816406,431.6000061035156,433.8999938964844,236994
2024-07-24 16:30:00,433.7749938964844,434.2799987792969,433.0201110839844,433.1781005859375,119029
2024-07-24 17:30:00,433.010009765625,433.8399963378906,432.7300109863281,433.3800048828125,158536
2024-07-24 18:30:00,433.45001220703125,433.7799987792969,432.6200866699219,433.1112060546875,294935
2024-07-24 19:30:00,433.19000244140625,433.4599914550781,431.9200134277344,432.9599914550781,620075
2024-07-25 13:30:00,431.6000061035156,437.989990234375,431.6000061035156,436.05999755859375,819041
2024-07-25 14:30:00,436.0,437.0199890136719,433.7300109863281,435.30999755859375,328212
2024-07-25 15:30:00,435.4100036621094,439.0,435.0199890136719,438.8399963378906,283935
2024-07-25 16:30:00,438.8349914550781,439.625,437.92999267578125,438.17999267578125,312974
2024-07-25 17:30:00,438.18499755859375,438.2699890136719,435.7300109863281,435.8900146484375,198022
2024-07-25 18:30:00,436.07000732421875,436.33990478515625,434.260009765625,436.0799865722656,285731
2024-07-25 19:30:00,436.1499938964844,436.25,433.0899963378906,433.5899963378906,370299
2024-07-26 13:30:00,435.6600036621094,438.2300109863281,434.1000061035156,437.6099853515625,578285
2024-07-26 14:30:00,437.44000244140625,439.0,436.44219970703125,437.6400146484375,290175
2024-07-26 15:30:00,437.67999267578125,438.67999267578125,436.8800048828125,437.760009765625,182549
2024-07-26 16:30:00,437.82501220703125,438.75,437.2500915527344,438.75,190994
2024-07-26 17:30:00,438.6300048828125,438.8089904785156,436.8399963378906,437.4100036621094,183184
2024-07-26 18:30:00,437.3399963378906,438.8799133300781,436.7449951171875,438.42999267578125,230765
2024-07-26 19:30:00,438.42999267578125,438.42999267578125,436.6099853515625,437.9800109863281,368888
2024-07-29 13:30:00,438.010009765625,438.5050048828125,435.489990234375,436.9100036621094,618891
2024-07-29 14:30:00,436.760009765625,437.17999267578125,435.489990234375,436.7200012207031,326246
2024-07-29 15:30:00,436.8999938964844,439.3999938964844,436.239990234375,437.70001220703125,357596
2024-07-29 16:30:00,437.7799987792969,439.44000244140625,437.70001220703125,438.57000732421875,239656
2024-07-29 17:30:00,438.45001220703125,438.9690856933594,438.0199890136719,438.5203857421875,143727
2024-07-29 18:30:00,438.510009765625,439.3772888183594,438.35009765625,438.6499938964844,175025
2024-07-29 19:30:00,438.6300048828125,439.1600036621094,438.0,438.4599914550781,307701
2024-07-30 13:30:00,439.510009765625,442.8999938964844,439.1400146484375,442.45001220703125,536464
2024-07-30 14:30:00,442.4200134277344,443.8905029296875,441.2401123046875,443.44989013671875,435785
2024-07-30 15:30:00,443.2300109863281,443.5400085449219,439.7799987792969,440.9200134277344,414479
2024-07-30 16:30:00,440.9200134277344,442.79998779296875,440.69000244140625,441.1300048828125,301659
2024-07-30 17:30:00,441.1400146484375,442.1600036621094,440.54998779296875,441.0849914550781,318836
2024-07-30 18:30:00,441.04998779296875,441.29998779296875,439.760009765625,440.70001220703125,312600
2024-07-30 19:30:00,440.5199890136719,442.2900085449219,440.0199890136719,441.3999938964844,437125
2024-07-31 13:30:00,439.8500061035156,440.8500061035156,437.739990234375,440.32000732421875,640339
2024-07-31 14:30:00,440.32501220703125,440.55999755859375,438.4200134277344,439.1449890136719,330142
2024-07-31 15:30:00,439.1199951171875,439.489990234375,437.9100036621094,438.6000061035156,239516
2024-07-31 16:30:00,438.55999755859375,439.739990234375,438.20001220703125,438.6000061035156,217170
2024-07-31 17:30:00,438.5199890136719,440.20001220703125,438.239990234375,439.17999267578125,218125
2024-07-31 18:30:00,439.1499938964844,440.60321044921875,437.8500061035156,438.1400146484375,343208
2024-07-31 19:30:00,438.04998779296875,440.0,437.739990234375,438.5,481904
2024-08-01 13:30:00,439.6700134277344,440.6099853515625,435.55999755859375,436.6000061035156,494868
2024-08-01 14:30:00,436.7099914550781,436.94000244140625,433.76300048828125,433.92999267578125,387472
2024-08-01 15:30:00,433.92999267578125,436.3800048828125,433.760009765625,435.2749938964844,249262
2024-08-01 16:30:00,435.1700134277344,435.2049865722656,433.0,433.32000732421875,269261
2024-08-01 17:30:00,433.1300048828125,433.69000244140625,432.0199890136719,432.32000732421875,280782
2024-08-01 18:30:00,432.4100036621094,432.95001220703125,431.1199951171875,431.1300048828125,449770
2024-08-01 19:30:00,431.1400146484375,432.8900146484375,430.95001220703125,431.8599853515625,662864
2024-08-02 13:30:00,429.7699890136719,436.25,427.0199890136719,427.5899963378906,847680
2024-08-02 14:30:00,427.6199951171875,427.67999267578125,423.4901123046875,425.94000244140625,713716
2024-08-02 15:30:00,425.94000244140625,428.79998779296875,425.82000732421875,428.25,395683
2024-08-02 16:30:00,428.2749938964844,428.69549560546875,426.6499938964844,426.6499938964844,288968
2024-08-02 17:30:00,426.7598876953125,427.7699890136719,425.8999938964844,427.6700134277344,261626
2024-08-02 18:30:00,427.69500732421875,429.5299987792969,426.6600036621094,429.239990234375,277774
2024-08-02 19:30:00,429.2799987792969,429.5,427.1300048828125,428.5199890136719,644875
2024-08-05 13:30:00,413.42999267578125,417.7200012207031,406.1099853515625,411.2699890136719,2505874
2024-08-05 14:30:00,411.6499938964844,414.7998962402344,410.8599853515625,414.42999267578125,757693
2024-08-05 15:30:00,414.55999755859375,417.67999267578125,413.8705139160156,416.6700134277344,609399
2024-08-05 16:30:00,416.5450134277344,417.1700134277344,414.1199951171875,415.9574890136719,413016
2024-08-05 17:30:00,415.95001220703125,417.82000732421875,414.4100036621094,417.5950012207031,423635
2024-08-05 18:30:00,417.5950012207031,417.62548828125,412.9700012207031,413.0249938964844,521107
2024-08-05 19:30:00,413.2099914550781,414.95001220703125,412.55010986328125,413.94000244140625,995040
2024-08-06 13:30:00,416.4100036621094,423.80999755859375,415.1000061035156,422.0299987792969,1053674
2024-08-06 14:30:00,422.19000244140625,423.4949951171875,419.8500061035156,419.9100036621094,555597
2024-08-06 15:30:00,419.6700134277344,426.04998779296875,419.5199890136719,424.55999755859375,539154
2024-08-06 16:30:00,424.5,426.6400146484375,424.3800048828125,426.30999755859375,326905
2024-08-06 17:30:00,426.2699890136719,426.5199890136719,424.3500061035156,426.3399963378906,335618
2024-08-06 18:30:00,426.20001220703125,427.4599914550781,424.6000061035156,425.54998779296875,470104
2024-08-06 19:30:00,425.5199890136719,425.6000061035156,421.5,421.8399963378906,773185
2024-08-07 13:30:00,426.07000732421875,432.5,425.6000061035156,429.364990234375,829815
2024-08-07 14:30:00,429.5299987792969,433.1700134277344,429.17999267578125,431.4750061035156,537835
2024-08-07 15:30:00,431.6199951171875,432.6099853515625,429.8299865722656,430.3500061035156,377941
2024-08-07 16:30:00,430.3599853515625,430.7799987792969,427.7900085449219,429.57000732421875,383766
2024-08-07 17:30:00,429.56500244140625,430.1600036621094,427.1199951171875,428.260009765625,518714
2024-08-07 18:30:00,428.1199951171875,428.69000244140625,426.8900146484375,427.80499267578125,491312
2024-08-07 19:30:00,427.79998779296875,428.92999267578125,426.29998779296875,427.20001220703125,717333
2024-08-08 13:30:00,429.239990234375,431.3999938964844,427.6000061035156,430.4200134277344,579648
2024-08-08 14:30:00,430.2200012207031,432.2598876953125,429.20001220703125,430.8999938964844,419747
2024-08-08 15:30:00,430.9049987792969,431.19989013671875,429.6600036621094,429.8901062011719,252193
2024-08-08 16:30:00,430.07000732421875,431.44000244140625,429.1600036621094,431.44000244140625,256979
2024-08-08 17:30:00,431.4949951171875,431.69000244140625,430.510009765625,430.9100036621094,221324
2024-08-08 18:30:00,431.0799865722656,431.5899963378906,430.17999267578125,430.6400146484375,256385
2024-08-08 19:30:00,430.5199890136719,431.9800109863281,429.4100036621094,431.45001220703125,554157
2024-08-09 13:30:00,431.9200134277344,433.14990234375,430.2099914550781,432.82501220703125,389695
2024-08-09 14:30:00,432.8299865722656,433.19000244140625,431.5,431.75,203164
2024-08-09 15:30:00,431.6099853515625,432.5386047363281,431.30999755859375,432.1600036621094,202718
2024-08-09 16:30:00,432.1600036621094,434.70001220703125,432.1600036621094,434.70001220703125,179856
2024-08-09 17:30:00,434.6960144042969,434.75,432.1300048828125,432.5,238571
2024-08-09 18:30:00,432.55499267578125,433.8699951171875,432.2699890136719,433.21099853515625,213876
2024-08-09 19:30:00,433.20001220703125,433.659912109375,430.7699890136719,431.8399963378906,643615
2024-08-12 13:30:00,434.1600036621094,434.1600036621094,429.010009765625,430.25,457749
2024-08-12 14:30:00,430.3800048828125,431.7698974609375,429.4200134277344,430.0899963378906,233027
2024-08-12 15:30:00,430.0,431.760009765625,429.79010009765625,430.385009765625,185159
2024-08-12 16:30:00,430.3999938964844,431.17999267578125,429.739990234375,430.6499938964844,144869
2024-08-12 17:30:00,430.94000244140625,430.94000244140625,429.0899963378906,429.4100036621094,150754
2024-08-12 18:30:00,429.6000061035156,430.0299987792969,429.19000244140625,429.8699951171875,187717
2024-08-12 19:30:00,429.8999938964844,430.739990234375,429.2200012207031,430.67999267578125,360895
2024-08-13 13:30:00,431.8299865722656,432.5,425.8999938964844,428.6575927734375,966948
2024-08-13 14:30:00,428.70001220703125,430.260009765625,428.32501220703125,429.80999755859375,326723
2024-08-13 15:30:00,429.9100036621094,430.5199890136719,429.3299865722656,429.7349853515625,213098
2024-08-13 16:30:00,429.7349853515625,430.5799865722656,429.4010009765625,430.1400146484375,183356
2024-08-13 17:30:00,430.1099853515625,431.0,429.79998779296875,431.0,217050
2024-08-13 18:30:00,430.9200134277344,431.9294128417969,430.7300109863281,430.83160400390625,219110
2024-08-13 19:30:00,430.82000732421875,432.80999755859375,430.4497985839844,432.489990234375,464889
2024-08-14 13:30:00,433.0,437.1499938964844,431.7099914550781,436.3299865722656,557720
2024-08-14 14:30:00,436.1700134277344,436.989990234375,435.1499938964844,436.8648986816406,201823
2024-08-14 15:30:00,436.9100036621094,437.2300109863281,435.7200012207031,436.440185546875,282665
2024-08-14 16:30:00,436.4800109863281,437.76910400390625,436.3999938964844,437.6600036621094,153901
2024-08-14 17:30:00,437.7178955078125,438.38751220703125,437.42999267578125,437.6559143066406,237877
2024-08-14 18:30:00,437.5899963378906,438.9800109863281,437.510009765625,437.70001220703125,298643
2024-08-14 19:30:00,437.6499938964844,438.8999938964844,437.4801025390625,438.4309997558594,479943
2024-08-15 13:30:00,441.79998779296875,442.5,438.7200012207031,440.6700134277344,595454
2024-08-15 14:30:00,440.885009765625,441.67999267578125,440.0,441.20001220703125,253973
2024-08-15 15:30:00,441.2900085449219,442.1300048828125,441.1600036621094,441.9599914550781,236706
2024-08-15 16:30:00,442.0,442.4999084472656,441.25,442.3500061035156,205837
2024-08-15 17:30:00,442.3580017089844,442.5899963378906,440.7200012207031,441.6600036621094,321245
2024-08-15 18:30:00,441.5799865722656,442.2699890136719,441.0299987792969,441.7200012207031,300215
2024-08-15 19:30:00,441.7200012207031,441.8599853515625,439.54998779296875,440.79998779296875,489551
2024-08-16 13:30:00,441.54998779296875,443.010009765625,440.75,441.5899963378906,706803
2024-08-16 14:30:00,441.3299865722656,442.8800048828125,441.00408935546875,442.8399963378906,363853
2024-08-16 15:30:00,442.8999938964844,444.19989013671875,442.4700012207031,443.4200134277344,239343
2024-08-16 16:30:00,443.4750061035156,444.8900146484375,443.3909912109375,444.385009765625,202764
2024-08-16 17:30:00,444.385009765625,445.2040100097656,444.20001220703125,444.4549865722656,249916
2024-08-16 18:30:00,444.42498779296875,444.9200134277344,444.0101013183594,444.1000061035156,237588
2024-08-16 19:30:00,444.07000732421875,444.9100036621094,443.7200012207031,444.7200012207031,400540
2024-08-19 13:30:00,446.010009765625,448.8800048828125,445.7300109863281,448.7049865722656,546789
2024-08-19 14:30:00,448.5299987792969,450.45001220703125,448.3764953613281,449.1099853515625,653546
2024-08-19 15:30:00,449.1300048828125,449.989990234375,448.75,449.7799987792969,285339
2024-08-19 16:30:00,449.6499938964844,450.3598937988281,449.3299865722656,449.7900085449219,212132
2024-08-19 17:30:00,449.8236999511719,449.8236999511719,448.260009765625,448.57000732421875,182746
2024-08-19 18:30:00,448.6600036621094,449.4100036621094,448.45819091796875,448.94720458984375,215094
2024-08-19 19:30:00,448.70001220703125,448.989990234375,448.1000061035156,448.8999938964844,365191
2024-08-20 13:30:00,449.29998779296875,450.1300048828125,447.05999755859375,449.8800048828125,486134
2024-08-20 14:30:00,449.92449951171875,450.5,447.75,447.79998779296875,350822
2024-08-20 15:30:00,447.7300109863281,447.77520751953125,446.3800048828125,447.3500061035156,312320
2024-08-20 16:30:00,447.239990234375,448.3450012207031,447.0799865722656,447.6700134277344,121184
2024-08-20 17:30:00,447.55499267578125,448.6600036621094,446.95001220703125,448.4599914550781,169598
2024-08-20 18:30:00,448.42999267578125,448.55999755859375,447.5799865722656,447.5899963378906,192765
2024-08-20 19:30:00,447.6600036621094,448.3999938964844,446.385009765625,448.239990234375,432083
2024-08-21 13:30:00,449.8399963378906,451.2799987792969,446.79998779296875,447.8999938964844,428681
2024-08-21 14:30:00,447.8399963378906,448.0776062011719,445.6000061035156,445.8699951171875,300958
2024-08-21 15:30:00,445.8699951171875,446.1000061035156,443.8399963378906,445.20001220703125,359437
2024-08-21 16:30:00,445.20001220703125,446.1153869628906,444.95001220703125,445.75,151248
2024-08-21 17:30:00,445.760009765625,446.3299865722656,445.4649963378906,446.32501220703125,204937
2024-08-21 18:30:00,446.30999755859375,446.5,445.1400146484375,445.385009765625,332682
2024-08-21 19:30:00,445.3550109863281,446.79998779296875,445.19000244140625,446.29998779296875,327757
2024-08-22 13:30:00,446.29998779296875,449.44000244140625,444.6499938964844,448.375,431319
2024-08-22 14:30:00,448.2099914550781,449.57000732421875,447.3599853515625,447.7099914550781,268764
2024-08-22 15:30:00,447.760009765625,449.6000061035156,447.7049865722656,448.9150085449219,463981
2024-08-22 16:30:00,448.94500732421875,449.3599853515625,446.6499938964844,446.6499938964844,324481
2024-08-22 17:30:00,446.55999755859375,448.1000061035156,446.2250061035156,447.5249938964844,206367
2024-08-22 18:30:00,447.5,447.95001220703125,447.0,447.59161376953125,240718
2024-08-22 19:30:00,447.7200012207031,449.45001220703125,447.3500061035156,449.3999938964844,441669
2024-08-23 13:30:00,450.0,452.5199890136719,448.80999755859375,450.6000061035156,677609
2024-08-23 14:30:00,450.5419921875,452.1499938964844,449.67999267578125,452.0,283228
2024-08-23 15:30:00,452.1300048828125,452.3599853515625,450.07000732421875,450.2449951171875,234912
2024-08-23 16:30:00,450.2049865722656,451.9200134277344,449.7799987792969,451.6300048828125,166374
2024-08-23 17:30:00,451.510009765625,451.6202087402344,450.239990234375,451.31500244140625,213607
2024-08-23 18:30:00,451.40899658203125,453.19000244140625,451.1400146484375,452.9364929199219,213243
2024-08-23 19:30:00,452.94500732421875,453.7200012207031,452.1000061035156,453.1600036621094,396691
2024-08-26 13:30:00,455.30499267578125,458.04998779296875,453.8399963378906,457.8599853515625,619619
2024-08-26 14:30:00,457.7981872558594,459.2698974609375,455.20001220703125,455.79998779296875,438013
2024-08-26 15:30:00,455.79998779296875,456.8999938964844,455.25,456.81500244140625,222845
2024-08-26 16:30:00,456.7936096191406,456.989990234375,456.1000061035156,456.1300048828125,162076
2024-08-26 17:30:00,456.17999267578125,456.29998779296875,454.19000244140625,455.4700012207031,191409
2024-08-26 18:30:00,455.4679870605469,455.4679870605469,453.6000061035156,454.0257873535156,217497
2024-08-26 19:30:00,454.0,454.8299865722656,453.3399963378906,454.7699890136719,439956
2024-08-27 13:30:00,455.94000244140625,459.7200012207031,454.6199951171875,459.20001220703125,821102
2024-08-27 14:30:00,459.20001220703125,459.9645080566406,458.8800048828125,459.6650085449219,310908
2024-08-27 15:30:00,459.44000244140625,462.1000061035156,458.8599853515625,461.4999084472656,349747
2024-08-27 16:30:00,461.3599853515625,461.95001220703125,460.5199890136719,461.60009765625,232118
2024-08-27 17:30:00,461.8500061035156,461.94989013671875,460.67999267578125,461.489990234375,249357
2024-08-27 18:30:00,461.5350036621094,461.6000061035156,460.5600891113281,460.6300048828125,230141
2024-08-27 19:30:00,460.6099853515625,461.25,459.8500061035156,460.67999267578125,694204
2024-08-28 13:30:00,461.1700134277344,466.5799865722656,460.7799987792969,464.75,866448
2024-08-28 14:30:00,464.75,466.6000061035156,464.510009765625,466.5,492638
2024-08-28 15:30:00,466.42498779296875,466.42498779296875,463.7178039550781,464.1000061035156,364006
2024-08-28 16:30:00,464.1000061035156,464.32989501953125,461.5899963378906,461.9115905761719,323592
2024-08-28 17:30:00,462.0,464.2799987792969,461.8599853515625,462.25518798828125,387181
2024-08-28 18:30:00,462.2300109863281,464.5,462.1499938964844,463.8599853515625,329663
2024-08-28 19:30:00,463.8934020996094,465.42999267578125,463.510986328125,464.6000061035156,554796
2024-08-29 13:30:00,467.1099853515625,467.7799987792969,463.0,467.7699890136719,791252
2024-08-29 14:30:00,467.9200134277344,468.1199951171875,465.8500061035156,467.07000732421875,470900
2024-08-29 15:30:00,467.1700134277344,468.3800048828125,466.5,468.17999267578125,373736
2024-08-29 16:30:00,468.1199951171875,468.74810791015625,467.67999267578125,468.07000732421875,328991
2024-08-29 17:30:00,468.1000061035156,469.8500061035156,467.70001220703125,469.3599853515625,397225
2024-08-29 18:30:00,469.20001220703125,469.3900146484375,466.8807067871094,469.1545104980469,433398
2024-08-29 19:30:00,469.30999755859375,469.5899963378906,467.60009765625,468.489990234375,478052
2024-08-30 13:30:00,470.5199890136719,472.67999267578125,470.0,472.3099060058594,932762
2024-08-30 14:30:00,472.2099914550781,472.9999084472656,471.4670104980469,471.55499267578125,748637
2024-08-30 15:30:00,471.55499267578125,472.5400085449219,470.3599853515625,471.0199890136719,397855
2024-08-30 16:30:00,471.0000915527344,472.010009765625,470.260009765625,471.05999755859375,293856
2024-08-30 17:30:00,471.05999755859375,471.6700134277344,470.5,470.57000732421875,314058
2024-08-30 18:30:00,470.55499267578125,472.69000244140625,470.55499267578125,472.57501220703125,443257
2024-08-30 19:30:00,472.57501220703125,476.95001220703125,472.3599853515625,475.739990234375,1337618
2024-09-03 13:30:00,475.0,482.32000732421875,474.66009521484375,477.625,1846038
2024-09-03 14:30:00,477.625,482.28948974609375,477.03009033203125,482.1700134277344,783968
2024-09-03 15:30:00,482.04998779296875,482.8900146484375,480.3699951171875,481.0,672063
2024-09-03 16:30:00,481.0299987792969,481.6300048828125,479.1401062011719,479.5,435465
2024-09-03 17:30:00,479.510009765625,479.510009765625,474.8699951171875,475.2149963378906,953197
2024-09-03 18:30:00,475.2099914550781,477.0,474.0199890136719,475.55999755859375,577914
2024-09-03 19:30:00,475.70001220703125,477.30999755859375,473.7200012207031,477.2699890136719,885687
2024-09-04 13:30:00,478.67999267578125,484.82000732421875,478.67999267578125,480.4750061035156,1312791
2024-09-04 14:30:00,480.75,481.2481994628906,477.8450012207031,478.3949890136719,575811
2024-09-04 15:30:00,478.29998779296875,478.4599914550781,475.3316955566406,475.68499755859375,475802
2024-09-04 16:30:00,475.6000061035156,477.4100036621094,474.2200012207031,474.4599914550781,479087
2024-09-04 17:30:00,474.4599914550781,478.1199951171875,474.3100891113281,477.8999938964844,407727
2024-09-04 18:30:00,477.7950134277344,478.625,476.8900146484375,478.1549987792969,466657
2024-09-04 19:30:00,478.1549987792969,479.0400085449219,477.55999755859375,478.32000732421875,740592
2024-09-05 13:30:00,479.42999267578125,479.42999267578125,471.3599853515625,473.25,1139338
2024-09-05 14:30:00,473.29998779296875,473.4750061035156,467.989990234375,468.6700134277344,655409
2024-09-05 15:30:00,468.55999755859375,469.3599853515625,466.2300109863281,466.44500732421875,530853
2024-09-05 16:30:00,466.25,466.6499938964844,464.2099914550781,465.1549987792969,623459
2024-09-05 17:30:00,465.20001220703125,467.19000244140625,464.75,465.5799865722656,618765
2024-09-05 18:30:00,465.57000732421875,466.0498962402344,462.8800048828125,463.5899963378906,631580
2024-09-05 19:30:00,463.5899963378906,465.7900085449219,463.5775146484375,464.9100036621094,876931
2024-09-06 13:30:00,464.19000244140625,468.1700134277344,463.5799865722656,463.85321044921875,691236
2024-09-06 14:30:00,464.3399963378906,466.7799987792969,462.75,463.80999755859375,421747
2024-09-06 15:30:00,463.8900146484375,464.989990234375,461.45001220703125,461.8699951171875,299573
2024-09-06 16:30:00,461.7200012207031,462.7300109863281,461.5,461.6099853515625,285868
2024-09-06 17:30:00,461.5199890136719,462.2699890136719,460.7699890136719,461.489990234375,341975
2024-09-06 18:30:00,461.29998779296875,461.79998779296875,460.2799987792969,460.70001220703125,406811
2024-09-06 19:30:00,460.6300048828125,460.7300109863281,458.54998779296875,459.6400146484375,820687
2024-09-09 13:30:00,464.7900085449219,465.9800109863281,462.42999267578125,464.3900146484375,949735
2024-09-09 14:30:00,464.3599853515625,465.8800048828125,463.3504943847656,464.1099853515625,517097
2024-09-09 15:30:00,464.010498046875,465.8999938964844,464.010498046875,464.92999267578125,327805
2024-09-09 16:30:00,464.9800109863281,465.32000732421875,463.53009033203125,464.0,275280
2024-09-09 17:30:00,463.9790954589844,464.19989013671875,462.0,462.2099914550781,330884
2024-09-09 18:30:00,462.3800048828125,462.6000061035156,459.81500244140625,460.4599914550781,359948
2024-09-09 19:30:00,460.5140075683594,461.2218017578125,459.260009765625,459.6199951171875,678113
2024-09-10 13:30:00,460.8599853515625,464.32000732421875,459.0,460.1449890136719,752509
2024-09-10 14:30:00,460.2900085449219,460.9200134277344,457.9491882324219,459.20001220703125,384694
2024-09-10 15:30:00,459.0199890136719,459.3517150878906,456.2099914550781,458.19000244140625,368648
2024-09-10 16:30:00,458.19000244140625,458.4150085449219,457.3070983886719,457.7200012207031,233273
2024-09-10 17:30:00,457.7200012207031,459.8598937988281,457.7200012207031,459.6600036621094,250861
2024-09-10 18:30:00,459.5799865722656,461.14019775390625,459.5600891113281,460.19000244140625,300233
2024-09-10 19:30:00,460.1000061035156,460.2900085449219,458.4100036621094,458.8800048828125,524743
2024-09-11 13:30:00,456.0,456.375,445.25,446.54998779296875,1156786
2024-09-11 14:30:00,446.260009765625,447.6549987792969,445.7300109863281,447.07000732421875,656579
2024-09-11 15:30:00,446.9700012207031,449.2095031738281,446.6199951171875,448.1050109863281,684147
2024-09-11 16:30:00,448.1050109863281,451.95001220703125,447.739990234375,450.95001220703125,485832
2024-09-11 17:30:00,451.023193359375,451.9100036621094,449.7838134765625,449.7838134765625,366575
2024-09-11 18:30:00,449.9825134277344,452.94000244140625,449.3800048828125,452.66290283203125,422541
2024-09-11 19:30:00,452.6499938964844,453.8800048828125,451.739990234375,452.6499938964844,624169
2024-09-12 13:30:00,454.5,454.7799987792969,449.510009765625,451.81500244140625,564978
2024-09-12 14:30:00,451.7099914550781,452.95989990234375,451.010009765625,451.0199890136719,313803
2024-09-12 15:30:00,451.19000244140625,451.57000732421875,449.5199890136719,449.5199890136719,320377
2024-09-12 16:30:00,449.5,451.0299072265625,449.3900146484375,450.739990234375,311629
2024-09-12 17:30:00,450.7049865722656,452.3800048828125,449.8179016113281,450.7650146484375,367337
2024-09-12 18:30:00,450.7200012207031,452.2200012207031,449.2699890136719,451.875,397735
2024-09-12 19:30:00,451.875,452.4399108886719,450.0708923339844,450.8699951171875,575925
2024-09-13 13:30:00,450.5,452.4284973144531,449.4100036621094,450.5,668847
2024-09-13 14:30:00,450.3900146484375,451.2349853515625,449.2550048828125,451.0299987792969,409586
2024-09-13 15:30:00,451.07000732421875,451.8699951171875,448.7099914550781,448.989990234375,431556
2024-09-13 16:30:00,448.9599914550781,449.4224853515625,448.3699951171875,449.07000732421875,324809
2024-09-13 17:30:00,449.20001220703125,449.3900146484375,447.2099914550781,447.8299865722656,502975
2024-09-13 18:30:00,447.82000732421875,448.8800048828125,447.53009033203125,448.07000732421875,378736
2024-09-13 19:30:00,447.97589111328125,448.3800048828125,447.2799987792969,447.70001220703125,541132
2024-09-16 13:30:00,448.79998779296875,452.70001220703125,448.79998779296875,450.9599914550781,669464
2024-09-16 14:30:00,450.9440002441406,451.29998779296875,448.3399963378906,448.7131042480469,345708
2024-09-16 15:30:00,448.78460693359375,449.82000732421875,448.5799865722656,449.1000061035156,256767
2024-09-16 16:30:00,449.1000061035156,449.57989501953125,448.70001220703125,449.0950012207031,249239
2024-09-16 17:30:00,449.07501220703125,450.0899963378906,448.92999267578125,449.9599914550781,225492
2024-09-16 18:30:00,449.9599914550781,451.07000732421875,449.6200866699219,451.0000915527344,249658
2024-09-16 19:30:00,451.0150146484375,452.04998779296875,450.92498779296875,451.92999267578125,518894
2024-09-17 13:30:00,453.5,461.1000061035156,453.2900085449219,458.8450012207031,885184
2024-09-17 14:30:00,459.05499267578125,459.8800048828125,457.3999938964844,458.70001220703125,425890
2024-09-17 15:30:00,458.6600036621094,459.4200134277344,457.20001220703125,457.82000732421875,491687
2024-09-17 16:30:00,457.6499938964844,457.8699951171875,454.6099853515625,455.30999755859375,276198
2024-09-17 17:30:00,455.3299865722656,456.8999938964844,454.7543029785156,455.9200134277344,183082
2024-09-17 18:30:00,455.55999755859375,456.1400146484375,454.80999755859375,455.364990234375,252186
2024-09-17 19:30:00,455.2900085449219,457.010009765625,455.1000061035156,456.95001220703125,381879
2024-09-18 13:30:00,458.0799865722656,458.2749938964844,454.8800964355469,457.2200012207031,501478
2024-09-18 14:30:00,456.79998779296875,457.2159118652344,455.7699890136719,456.5899963378906,306766
2024-09-18 15:30:00,456.6199951171875,457.7157897949219,456.32000732421875,457.2500915527344,176167
2024-09-18 16:30:00,457.31500244140625,457.6499938964844,456.3699951171875,457.4049987792969,154925
2024-09-18 17:30:00,457.3599853515625,459.8399963378906,455.2200012207031,456.5,390917
2024-09-18 18:30:00,456.5350036621094,459.29998779296875,455.5199890136719,458.0610046386719,397961
2024-09-18 19:30:00,458.2300109863281,458.4800109863281,456.0799865722656,456.7099914550781,463784
2024-09-19 13:30:00,462.0,462.19000244140625,457.25,460.1000061035156,758206
2024-09-19 14:30:00,460.0,460.8800048828125,457.30999755859375,457.7900085449219,399240
2024-09-19 15:30:00,457.81500244140625,460.3500061035156,457.57000732421875,459.00830078125,355936
2024-09-19 16:30:00,459.05999755859375,459.6499938964844,458.2601013183594,459.4150085449219,235120
2024-09-19 17:30:00,459.4150085449219,460.6199951171875,459.1400146484375,460.1700134277344,323742
2024-09-19 18:30:00,460.1600036621094,461.30999755859375,460.15008544921875,460.2200012207031,321717
2024-09-19 19:30:00,460.1700134277344,460.2699890136719,458.5299987792969,459.7099914550781,547313
2024-09-20 13:30:00,457.42999267578125,457.95001220703125,455.1199951171875,456.5950012207031,1706727
2024-09-20 14:30:00,456.3800048828125,457.79998779296875,455.92999267578125,457.06829833984375,245747
2024-09-20 15:30:00,456.989990234375,457.4200134277344,455.5,456.5199890136719,617099
2024-09-20 16:30:00,456.6099853515625,457.7300109863281,456.3699951171875,457.2200012207031,286833
2024-09-20 17:30:00,457.3299865722656,457.5899963378906,455.0849914550781,455.0849914550781,244922
2024-09-20 18:30:00,455.0,455.8699951171875,454.04998779296875,454.92999267578125,457863
2024-09-20 19:30:00,455.0899963378906,456.7099914550781,454.7799987792969,455.6600036621094,755374
2024-09-23 13:30:00,457.30999755859375,459.6545104980469,455.75,456.1499938964844,681678
2024-09-23 14:30:00,456.1499938964844,457.07000732421875,455.17999267578125,456.4599914550781,308038
2024-09-23 15:30:00,456.4800109863281,456.8799133300781,455.6300048828125,455.6300048828125,211056
2024-09-23 16:30:00,455.7300109863281,456.1099853515625,454.75,454.92498779296875,203711
2024-09-23 17:30:00,455.0299987792969,455.1000061035156,453.75,454.4200134277344,280501
2024-09-23 18:30:00,454.3399963378906,454.510009765625,453.4200134277344,453.8800048828125,274522
2024-09-23 19:30:00,453.80999755859375,455.6549987792969,453.80999755859375,454.9800109863281,724796
2024-09-24 13:30:00,454.3299865722656,455.1050109863281,451.7699890136719,454.8500061035156,583625
2024-09-24 14:30:00,454.7900085449219,455.59991455078125,454.1600036621094,454.8349914550781,251088
2024-09-24 15:30:00,454.7300109863281,454.989990234375,452.4100036621094,453.2694091796875,234112
2024-09-24 16:30:00,453.05010986328125,454.69000244140625,452.9599914550781,454.1000061035156,189757
2024-09-24 17:30:00,454.20001220703125,454.2499084472656,453.0799865722656,453.1449890136719,198182
2024-09-24 18:30:00,453.1000061035156,453.989990234375,452.5,453.7099914550781,207275
2024-09-24 19:30:00,453.67999267578125,455.0299987792969,453.0,454.70001220703125,490392
2024-09-25 13:30:00,454.8999938964844,455.5,451.3999938964844,451.989990234375,466463
2024-09-25 14:30:00,451.7301025390625,452.69000244140625,451.2099914550781,452.5199890136719,330355
2024-09-25 15:30:00,452.4100036621094,453.6899108886719,452.0,453.0199890136719,288112
2024-09-25 16:30:00,452.9800109863281,453.70001220703125,452.260009765625,452.510009765625,304017
2024-09-25 17:30:00,452.5120849609375,453.0299987792969,452.0799865722656,452.70001220703125,139265
2024-09-25 18:30:00,452.7200012207031,452.7200012207031,451.68011474609375,451.95001220703125,216624
2024-09-25 19:30:00,451.92999267578125,452.760009765625,451.8900146484375,452.55999755859375,331440
2024-09-26 13:30:00,452.8999938964844,453.6611022949219,451.3399963378906,453.4700012207031,520172
2024-09-26 14:30:00,453.7200012207031,456.2799987792969,453.3999938964844,455.3800048828125,474825
2024-09-26 15:30:00,455.3800048828125,457.0,454.54998779296875,454.6199951171875,387062
2024-09-26 16:30:00,454.7300109863281,455.9700012207031,454.3999938964844,455.44000244140625,172362
2024-09-26 17:30:00,455.70001220703125,455.95989990234375,454.9200134277344,454.9200134277344,188674
2024-09-26 18:30:00,454.9200134277344,454.9599914550781,453.8900146484375,454.3900146484375,241836
2024-09-26 19:30:00,454.4599914550781,455.1499938964844,453.87298583984375,454.29998779296875,451764
2024-09-27 13:30:00,456.0400085449219,458.19000244140625,455.0400085449219,457.4541015625,516727
2024-09-27 14:30:00,458.010009765625,458.0299987792969,456.0950012207031,457.80499267578125,235728
2024-09-27 15:30:00,457.6499938964844,457.8900146484375,456.6600036621094,456.9849853515625,230197
2024-09-27 16:30:00,456.9849853515625,457.2799987792969,455.8299865722656,456.8900146484375,174400
2024-09-27 17:30:00,456.80999755859375,457.30999755859375,456.3399963378906,457.30999755859375,168242
2024-09-27 18:30:00,457.4399108886719,458.20001220703125,456.55999755859375,457.489990234375,241059
2024-09-27 19:30:00,457.489990234375,457.739990234375,456.6400146484375,457.1600036621094,403965
2024-09-30 13:30:00,458.3999938964844,458.3999938964844,454.5506896972656,457.3399963378906,528751
2024-09-30 14:30:00,457.1300964355469,458.3099060058594,457.1000061035156,457.30499267578125,234671
2024-09-30 15:30:00,457.32000732421875,457.44000244140625,456.3599853515625,456.75970458984375,210535
2024-09-30 16:30:00,456.5400085449219,456.7799987792969,456.0101013183594,456.2200012207031,134789
2024-09-30 17:30:00,456.2900085449219,457.3800048828125,455.8800048828125,457.0,196727
2024-09-30 18:30:00,456.8999938964844,457.8800048828125,456.69000244140625,457.7200012207031,200958
2024-09-30 19:30:00,457.69000244140625,460.6300048828125,457.69000244140625,460.260009765625,661363
2024-10-01 13:30:00,459.1099853515625,459.75,454.82000732421875,455.7300109863281,608726
2024-10-01 14:30:00,455.8699951171875,457.3800048828125,454.8999938964844,457.3245849609375,332566
2024-10-01 15:30:00,457.3999938964844,459.4999084472656,457.2900085449219,459.260009765625,212010
2024-10-01 16:30:00,459.44989013671875,459.44989013671875,457.78009033203125,458.0400085449219,230078
2024-10-01 17:30:00,458.0249938964844,459.6109924316406,457.83050537109375,459.32000732421875,224100
2024-10-01 18:30:00,459.4100036621094,459.7900085449219,458.5299987792969,459.3219909667969,236964
2024-10-01 19:30:00,459.1400146484375,459.27099609375,456.70001220703125,457.19000244140625,443119
2024-10-02 13:30:00,456.6199951171875,458.70001220703125,454.3299865722656,455.5950012207031,589256
2024-10-02 14:30:00,455.5400085449219,457.1600036621094,455.1000061035156,456.0874938964844,213667
2024-10-02 15:30:00,456.1199951171875,456.5299987792969,455.1400146484375,455.30999755859375,165795
2024-10-02 16:30:00,455.29998779296875,455.7398986816406,454.2799987792969,454.29998779296875,188393
2024-10-02 17:30:00,454.364990234375,455.3399963378906,454.19000244140625,454.70001220703125,188150
2024-10-02 18:30:00,454.7486877441406,455.94000244140625,454.55499267578125,455.5,204106
2024-10-02 19:30:00,455.3900146484375,456.7300109863281,455.07000732421875,456.67999267578125,425134
2024-10-03 13:30:00,455.4700012207031,455.9700012207031,451.45001220703125,453.25,620782
2024-10-03 14:30:00,452.8599853515625,454.0400085449219,451.04010009765625,451.2650146484375,297568
2024-10-03 15:30:00,451.3999938964844,454.0899963378906,451.3299865722656,453.52508544921875,170204
2024-10-03 16:30:00,453.552490234375,453.57501220703125,450.9200134277344,451.6449890136719,181756
2024-10-03 17:30:00,451.5,452.2381896972656,451.1400146484375,451.54998779296875,151961
2024-10-03 18:30:00,451.5799865722656,452.5400085449219,451.32000732421875,452.3699951171875,210574
2024-10-03 19:30:00,452.375,453.4100036621094,452.1600036621094,452.9599914550781,333926
2024-10-04 13:30:00,455.010009765625,458.0799865722656,453.80999755859375,456.4649963378906,567994
2024-10-04 14:30:00,456.29998779296875,457.4800109863281,455.20001220703125,456.470703125,241586
2024-10-04 15:30:00,456.6700134277344,458.5400085449219,456.44000244140625,458.0950012207031,256401
2024-10-04 16:30:00,458.0799865722656,459.9100036621094,457.7200927734375,459.70001220703125,211980
2024-10-04 17:30:00,459.6199951171875,459.760009765625,458.3599853515625,459.29998779296875,193924
2024-10-04 18:30:00,459.1549987792969,460.6700134277344,459.0,460.3550109863281,266151
2024-10-04 19:30:00,460.32000732421875,462.17999267578125,460.1700134277344,461.70001220703125,562130
2024-10-07 13:30:00,462.3399963378906,462.3399963378906,456.2301025390625,456.3900146484375,621643
2024-10-07 14:30:00,456.239990234375,457.20001220703125,455.260009765625,455.4100036621094,366777
2024-10-07 15:30:00,455.3900146484375,456.2900085449219,454.8252868652344,455.94000244140625,263349
2024-10-07 16:30:00,456.0,456.0860900878906,454.8900146484375,455.41009521484375,178669
2024-10-07 17:30:00,455.4200134277344,455.7200012207031,454.1000061035156,454.2200012207031,216038
2024-10-07 18:30:00,454.1600036621094,454.44000244140625,452.41009521484375,453.6650085449219,348771
2024-10-07 19:30:00,453.70001220703125,454.2099914550781,452.79998779296875,453.6400146484375,386818
2024-10-08 13:30:00,455.9599914550781,457.55999755859375,454.5799865722656,455.1899108886719,400434
2024-10-08 14:30:00,454.94000244140625,455.9599914550781,454.1000061035156,454.8399963378906,224986
2024-10-08 15:30:00,454.8599853515625,455.32000732421875,454.2012939453125,454.44000244140625,152452
2024-10-08 16:30:00,454.5400085449219,454.57000732421875,453.3800048828125,453.664794921875,158896
2024-10-08 17:30:00,453.44000244140625,453.659912109375,452.8500061035156,453.3599853515625,158292
2024-10-08 18:30:00,453.25250244140625,454.6000061035156,453.1199951171875,453.9530029296875,231170
2024-10-08 19:30:00,453.9700012207031,454.989990234375,453.5,453.8699951171875,359350
2024-10-09 13:30:00,452.75,455.7900085449219,452.3550109863281,454.6099853515625,409165
2024-10-09 14:30:00,454.5799865722656,456.30999755859375,454.25,456.30999755859375,206697
2024-10-09 15:30:00,456.5093078613281,457.875,456.1210021972656,456.260009765625,194788
2024-10-09 16:30:00,456.44000244140625,456.92999267578125,455.3500061035156,456.2799987792969,162022
2024-10-09 17:30:00,456.389892578125,456.70001220703125,455.1000061035156,455.2550048828125,147713
2024-10-09 18:30:00,455.1000061035156,456.3699951171875,455.0299987792969,456.206787109375,182950
2024-10-09 19:30:00,456.2200012207031,456.8900146484375,455.7300109863281,455.7300109863281,329490
2024-10-10 13:30:00,457.5,457.5050048828125,453.75,454.010009765625,408135
2024-10-10 14:30:00,454.135009765625,455.4664001464844,453.5907897949219,454.1700134277344,204385
2024-10-10 15:30:00,454.2349853515625,454.67999267578125,453.20001220703125,454.67999267578125,204960
2024-10-10 16:30:00,454.5979919433594,454.7663879394531,452.760009765625,453.17999267578125,182927
2024-10-10 17:30:00,453.1700134277344,454.1600036621094,452.72491455078125,453.5780029296875,216828
2024-10-10 18:30:00,453.5299987792969,453.70001220703125,453.0299987792969,453.3450012207031,205066
2024-10-10 19:30:00,453.45001220703125,455.1000061035156,453.3500061035156,454.82000732421875,293237
2024-10-11 13:30:00,455.8999938964844,463.3299865722656,455.8999938964844,463.0350036621094,820743
2024-10-11 14:30:00,463.0299987792969,463.45001220703125,461.2799987792969,461.9100036621094,425119
2024-10-11 15:30:00,461.9700012207031,462.0185852050781,459.55010986328125,460.739990234375,323442
2024-10-11 16:30:00,460.7471008300781,461.20001220703125,460.1499938964844,460.5,201760
2024-10-11 17:30:00,460.6300048828125,461.3599853515625,460.3500061035156,460.7090148925781,215269
2024-10-11 18:30:00,460.6600036621094,460.83990478515625,459.6000061035156,460.0400085449219,385947
2024-10-11 19:30:00,459.9800109863281,461.0,459.80999755859375,460.20001220703125,352948
2024-10-14 13:30:00,461.9200134277344,461.9200134277344,458.1000061035156,459.6600036621094,594406
2024-10-14 14:30:00,459.9200134277344,462.0,459.6000061035156,461.7900085449219,343735
2024-10-14 15:30:00,461.739990234375,462.0,461.3299865722656,461.44000244140625,200477
2024-10-14 16:30:00,461.3599853515625,461.6600036621094,460.5450134277344,460.9100036621094,201094
2024-10-14 17:30:00,460.7900085449219,460.8699951171875,459.7821044921875,460.3399963378906,249390
2024-10-14 18:30:00,460.29998779296875,461.239990234375,460.0,460.7820129394531,227924
2024-10-14 19:30:00,460.760009765625,461.55999755859375,459.8800048828125,460.239990234375,539483
2024-10-15 13:30:00,460.989990234375,463.739990234375,460.510009765625,463.1499938964844,925666
2024-10-15 14:30:00,463.010009765625,466.6600036621094,463.010009765625,464.2099914550781,573374
2024-10-15 15:30:00,464.31658935546875,466.3299865722656,463.3399963378906,465.6650085449219,344759
2024-10-15 16:30:00,465.6400146484375,465.82000732421875,464.6401062011719,465.0,280962
2024-10-15 17:30:00,465.0,465.2200012207031,463.7099914550781,463.7900085449219,175162
2024-10-15 18:30:00,463.7900085449219,463.9700012207031,462.3299865722656,462.4200134277344,299112
2024-10-15 19:30:00,462.3299865722656,463.1499938964844,461.7900085449219,462.6700134277344,538790
2024-10-16 13:30:00,463.25,466.0,462.20001220703125,464.6000061035156,610880
2024-10-16 14:30:00,464.5899963378906,465.67999267578125,463.6199951171875,464.8399963378906,312508
2024-10-16 15:30:00,464.9100036621094,466.0,464.6600036621094,465.59991455078125,268009
2024-10-16 16:30:00,465.45001220703125,465.6099853515625,464.29010009765625,464.7900085449219,182194
2024-10-16 17:30:00,464.82000732421875,465.8800048828125,464.1700134277344,465.44000244140625,196695
2024-10-16 18:30:00,465.5299987792969,465.659912109375,464.7200012207031,465.2300109863281,223432
2024-10-16 19:30:00,465.0799865722656,466.0,464.8399963378906,465.6199951171875,417964
2024-10-17 13:30:00,466.1000061035156,467.83929443359375,464.2699890136719,466.0899963378906,574170
2024-10-17 14:30:00,466.0400085449219,466.9689025878906,465.2825012207031,466.57000732421875,233287
2024-10-17 15:30:00,466.739990234375,466.92999267578125,465.8999938964844,466.44000244140625,177700
2024-10-17 16:30:00,466.3900146484375,467.0,465.70001220703125,465.8758850097656,194984
2024-10-17 17:30:00,465.75,466.0,464.8999938964844,465.3276062011719,196198
2024-10-17 18:30:00,465.2149963378906,465.5,464.6754150390625,465.20001220703125,202185
2024-10-17 19:30:00,465.19500732421875,466.1000061035156,464.94000244140625,465.7200012207031,340930
2024-10-18 13:30:00,467.0,467.0,463.25,463.489990234375,892079
2024-10-18 14:30:00,463.4599914550781,464.3299865722656,463.2900085449219,463.976806640625,265631
2024-10-18 15:30:00,464.07000732421875,465.1299133300781,463.75,464.70001220703125,153216
2024-10-18 16:30:00,464.6000061035156,464.8599853515625,463.9100036621094,464.3500061035156,129376
2024-10-18 17:30:00,464.3500061035156,465.29998779296875,463.95001220703125,465.18829345703125,168287
2024-10-18 18:30:00,465.17999267578125,465.31988525390625,464.1900939941406,464.3799133300781,176760
2024-10-18 19:30:00,464.2926940917969,465.5249938964844,464.2099914550781,464.8699951171875,329457
2024-10-21 13:30:00,464.5299987792969,465.7898864746094,463.7099914550781,464.5899963378906,473573
2024-10-21 14:30:00,464.6199951171875,465.4200134277344,462.3301086425781,462.44000244140625,300031
2024-10-21 15:30:00,462.5,462.8699951171875,461.67999267578125,462.4599914550781,283519
2024-10-21 16:30:00,462.42999267578125,463.8900146484375,462.19000244140625,463.6000061035156,263908
2024-10-21 17:30:00,463.6000061035156,463.8999938964844,462.8399963378906,463.29998779296875,159528
2024-10-21 18:30:00,463.2139892578125,464.19500732421875,462.92999267578125,463.8999938964844,214367
2024-10-21 19:30:00,463.79998779296875,464.5,463.11138916015625,464.3500061035156,412480
2024-10-22 13:30:00,464.1099853515625,465.1452941894531,457.6000061035156,458.8699951171875,727382
2024-10-22 14:30:00,458.8699951171875,461.3999938964844,458.5,460.6099853515625,303362
2024-10-22 15:30:00,460.70001220703125,461.30999755859375,459.6200866699219,460.57000732421875,337296
2024-10-22 16:30:00,460.6300048828125,461.29998779296875,460.3399963378906,460.8399963378906,132773
2024-10-22 17:30:00,460.8380126953125,461.7799987792969,460.7300109863281,461.1199951171875,169861
2024-10-22 18:30:00,461.1570129394531,462.07501220703125,461.0,461.6400146484375,257879
2024-10-22 19:30:00,461.8299865722656,462.5199890136719,461.2900085449219,461.45001220703125,358346
2024-10-23 13:30:00,460.1499938964844,461.760009765625,458.7449951171875,460.04998779296875,454138
2024-10-23 14:30:00,459.95001220703125,460.6199951171875,459.1499938964844,460.6199951171875,325103
2024-10-23 15:30:00,460.7300109863281,462.6199951171875,460.3399963378906,461.70001220703125,283668
2024-10-23 16:30:00,461.7799987792969,462.5,461.67999267578125,461.79998779296875,163471
2024-10-23 17:30:00,461.7539978027344,462.4200134277344,460.4599914550781,460.9390869140625,386603
2024-10-23 18:30:00,460.9200134277344,463.260009765625,460.7699890136719,462.1400146484375,270188
2024-10-23 19:30:00,462.3999938964844,462.6499938964844,460.3299865722656,460.6400146484375,753379
2024-10-24 13:30:00,460.8999938964844,461.04998779296875,457.010009765625,458.1803894042969,520447
2024-10-24 14:30:00,458.1601867675781,458.3500061035156,456.260009765625,456.3500061035156,365845
2024-10-24 15:30:00,456.3450012207031,456.3854064941406,453.9599914550781,454.8900146484375,1002882
2024-10-24 16:30:00,454.8399963378906,457.36151123046875,454.80999755859375,457.36151123046875,314738
2024-10-24 17:30:00,457.2850036621094,457.7200012207031,456.8699951171875,456.989990234375,187309
2024-10-24 18:30:00,457.0199890136719,457.79998779296875,456.2200012207031,457.6449890136719,242866
2024-10-24 19:30:00,457.54998779296875,458.3699951171875,457.489990234375,457.69000244140625,370258
2024-10-25 13:30:00,458.6000061035156,459.45001220703125,455.20001220703125,456.1099853515625,543337
2024-10-25 14:30:00,456.07501220703125,457.3800048828125,454.8800048828125,455.44989013671875,322270
2024-10-25 15:30:00,455.239990234375,455.44989013671875,454.1400146484375,455.1400146484375,256992
2024-10-25 16:30:00,455.114990234375,455.7298889160156,453.5,454.5101013183594,246471
2024-10-25 17:30:00,454.5,454.5799865722656,453.0299987792969,454.33990478515625,274886
2024-10-25 18:30:00,454.15301513671875,455.05999755859375,454.0,454.57000732421875,243921
2024-10-25 19:30:00,454.57000732421875,454.57000732421875,453.42999267578125,454.0199890136719,428005
2024-10-28 13:30:00,455.5899963378906,457.1274108886719,455.0,456.55999755859375,473907
2024-10-28 14:30:00,456.5799865722656,457.3500061035156,455.3399963378906,457.0,257995
2024-10-28 15:30:00,456.9150085449219,458.1000061035156,456.16009521484375,458.0799865722656,298032
2024-10-28 16:30:00,458.010009765625,458.260009765625,457.19000244140625,458.1700134277344,220652
2024-10-28 17:30:00,458.1700134277344,458.80999755859375,457.70001220703125,458.5249938964844,190116
2024-10-28 18:30:00,458.5172119140625,458.9800109863281,458.19000244140625,458.7900085449219,228109
2024-10-28 19:30:00,458.7900085449219,459.239990234375,458.2300109863281,458.7200012207031,402842
2024-10-29 13:30:00,458.6000061035156,458.9200134277344,455.5299987792969,455.7099914550781,456397
2024-10-29 14:30:00,455.7950134277344,455.9898986816406,454.864990234375,455.0899963378906,304322
2024-10-29 15:30:00,455.2300109863281,455.69891357421875,454.885009765625,455.3800048828125,214248
2024-10-29 16:30:00,455.3500061035156,456.3299865722656,454.9200134277344,455.3949890136719,227028
2024-10-29 17:30:00,455.4599914550781,456.0,455.0,455.364990234375,222909
2024-10-29 18:30:00,455.4200134277344,456.1300048828125,455.1400146484375,455.6600036621094,333455
2024-10-29 19:30:00,455.69000244140625,455.69000244140625,454.3900146484375,454.8999938964844,467717
2024-10-30 13:30:00,454.6700134277344,457.4898986816406,453.82000732421875,456.2799987792969,403081
2024-10-30 14:30:00,456.239990234375,456.9986877441406,455.7799987792969,456.6000061035156,267885
2024-10-30 15:30:00,456.6499938964844,457.6698913574219,456.510009765625,456.6400146484375,199372
2024-10-30 16:30:00,456.6400146484375,456.8699951171875,455.80999755859375,456.1300048828125,159692
2024-10-30 17:30:00,456.1549987792969,456.2755126953125,455.2149963378906,455.375,193966
2024-10-30 18:30:00,455.30999755859375,455.6300048828125,455.0299987792969,455.364990234375,189667
2024-10-30 19:30:00,455.30999755859375,455.8900146484375,454.82000732421875,455.5899963378906,487458
2024-10-31 13:30:00,455.19000244140625,456.8399963378906,453.5,454.4200134277344,518478
2024-10-31 14:30:00,454.5199890136719,455.4700012207031,453.6000061035156,454.0799865722656,321631
2024-10-31 15:30:00,454.0799865722656,454.9599914550781,453.5299987792969,454.94500732421875,267521
2024-10-31 16:30:00,454.8399963378906,455.0,453.760009765625,453.9700012207031,189760
2024-10-31 17:30:00,453.9700012207031,454.2300109863281,452.92999267578125,454.0950012207031,233424
2024-10-31 18:30:00,454.1499938964844,454.2200012207031,453.1499938964844,453.30999755859375,267027
2024-10-31 19:30:00,453.30999755859375,453.3900146484375,450.57000732421875,450.7900085449219,566029
2024-11-01 13:30:00,451.489990234375,454.87200927734375,450.70001220703125,454.8500061035156,503324
2024-11-01 14:30:00,454.9599914550781,455.1199951171875,453.70001220703125,454.75,301748
2024-11-01 15:30:00,454.75,454.760009765625,453.25,453.2699890136719,264524
2024-11-01 16:30:00,453.4100036621094,454.6000061035156,452.95001220703125,453.9800109863281,201789
2024-11-01 17:30:00,453.95220947265625,453.9591979980469,452.3699951171875,453.20001220703125,191765
2024-11-01 18:30:00,453.343994140625,454.2099914550781,453.0799865722656,453.5,248788
2024-11-01 19:30:00,453.5,453.5,451.92999267578125,452.25,468354
2024-11-04 14:30:00,450.3699951171875,450.70001220703125,438.2200012207031,441.864990234375,1673456
2024-11-04 15:30:00,441.864990234375,442.760009765625,440.3599853515625,441.739990234375,680400
2024-11-04 16:30:00,441.7449951171875,441.96990966796875,437.8999938964844,440.239990234375,706133
2024-11-04 17:30:00,440.2200012207031,441.42999267578125,439.44000244140625,441.1499938964844,372978
2024-11-04 18:30:00,441.1400146484375,442.4798889160156,440.6000061035156,441.4798889160156,423161
2024-11-04 19:30:00,441.4049987792969,442.3800048828125,441.026611328125,441.6600036621094,336689
2024-11-04 20:30:00,441.7149963378906,442.54998779296875,440.91009521484375,442.4800109863281,580758
2024-11-05 14:30:00,442.2900085449219,444.6000061035156,441.1000061035156,442.6242980957031,631538
2024-11-05 15:30:00,442.69500732421875,444.29998779296875,442.0502014160156,443.510009765625,376918
2024-11-05 16:30:00,443.625,444.260009765625,443.1700134277344,443.1700134277344,224212
2024-11-05 17:30:00,443.2300109863281,443.9700012207031,442.5,442.760009765625,299667
2024-11-05 18:30:00,442.70001220703125,444.0799865722656,442.260009765625,443.1199951171875,253444
2024-11-05 19:30:00,443.1700134277344,443.69000244140625,442.29998779296875,442.4696044921875,300558
2024-11-05 20:30:00,442.42999267578125,445.2300109863281,442.2936096191406,445.2200012207031,475441
2024-11-06 14:30:00,461.0,464.3800048828125,459.4801025390625,463.3999938964844,1915032
2024-11-06 15:30:00,463.04998779296875,465.1499938964844,461.5400085449219,464.55999755859375,746600
2024-11-06 16:30:00,464.7699890136719,467.2200012207031,464.7699890136719,466.8999938964844,559948
2024-11-06 17:30:00,466.8999938964844,467.6499938964844,465.9100036621094,467.1099853515625,493140
2024-11-06 18:30:00,467.17999267578125,468.4200134277344,466.6499938964844,467.57000732421875,482895
2024-11-06 19:30:00,467.5199890136719,468.7200012207031,465.7200012207031,467.6400146484375,498226
2024-11-06 20:30:00,467.5400085449219,469.260009765625,467.1000061035156,468.7799987792969,807400
2024-11-07 14:30:00,468.2699890136719,468.4599914550781,460.32000732421875,462.91448974609375,1064136
2024-11-07 15:30:00,462.8699951171875,463.75,461.5899963378906,463.0,431611
2024-11-07 16:30:00,463.0299987792969,463.2200012207031,461.8399963378906,462.260009765625,366484
2024-11-07 17:30:00,462.32501220703125,462.3800048828125,460.79998779296875,461.92999267578125,307455
2024-11-07 18:30:00,462.010009765625,462.7099914550781,461.4100036621094,461.5199890136719,267454
2024-11-07 19:30:00,461.5986022949219,462.5299987792969,460.1300964355469,461.885009765625,454376
2024-11-07 20:30:00,461.885009765625,462.010009765625,460.1000061035156,460.1300048828125,490019
2024-11-08 14:30:00,461.9800109863281,462.9399108886719,459.6000061035156,461.7799987792969,582076
2024-11-08 15:30:00,462.0899963378906,463.92999267578125,461.8699951171875,462.42608642578125,370567
2024-11-08 16:30:00,462.340087890625,462.7300109863281,461.3599853515625,462.20001220703125,244413
2024-11-08 17:30:00,462.2699890136719,463.760009765625,462.2699890136719,463.45001220703125,218887
2024-11-08 18:30:00,463.5050048828125,465.79888916015625,463.41009521484375,465.3500061035156,291259
2024-11-08 19:30:00,465.2850036621094,466.3500061035156,464.0101013183594,464.44000244140625,308294
2024-11-08 20:30:00,464.5498962402344,464.54998779296875,463.04998779296875,463.70001220703125,575205
2024-11-11 14:30:00,466.010009765625,469.3800048828125,464.0,468.1199951171875,801196
2024-11-11 15:30:00,468.1199951171875,469.1099853515625,467.6600036621094,468.5199890136719,321811
2024-11-11 16:30:00,468.2301025390625,470.510009765625,467.7300109863281,470.2699890136719,416879
2024-11-11 17:30:00,470.2099914550781,470.45001220703125,468.5,468.625,277858
2024-11-11 18:30:00,468.7099914550781,468.760009765625,467.5697937011719,468.4100036621094,590493
2024-11-11 19:30:00,468.3999938964844,468.8699951171875,467.6099853515625,467.6951904296875,228651
2024-11-11 20:30:00,467.6400146484375,467.7699890136719,466.7200927734375,467.4700012207031,437431
2024-11-12 14:30:00,467.69000244140625,468.2699890136719,465.3700866699219,466.8599853515625,554847
2024-11-12 15:30:00,466.79998779296875,467.7799987792969,466.30999755859375,467.7699890136719,255388
2024-11-12 16:30:00,467.31500244140625,467.4599914550781,465.7500915527344,466.55828857421875,235447
2024-11-12 17:30:00,466.3700866699219,467.6600036621094,466.0000915527344,466.5400085449219,196587
2024-11-12 18:30:00,466.54998779296875,468.3699951171875,466.54998779296875,467.94000244140625,206599
2024-11-12 19:30:00,467.8735046386719,468.4200134277344,467.0899963378906,467.22900390625,279445
2024-11-12 20:30:00,467.17999267578125,467.2200012207031,466.1199951171875,466.3399963378906,439498
2024-11-13 14:30:00,466.4100036621094,466.885009765625,464.0,465.8800048828125,558046
2024-11-13 15:30:00,465.7699890136719,467.2799987792969,465.45001220703125,466.55999755859375,341229
2024-11-13 16:30:00,466.6781921386719,467.6400146484375,465.80999755859375,466.1000061035156,270286
2024-11-13 17:30:00,466.0400085449219,467.2200012207031,465.7817077636719,465.9700012207031,155427
2024-11-13 18:30:00,466.0799865722656,467.5,465.8200988769531,467.2099914550781,157016
2024-11-13 19:30:00,467.135009765625,468.0202941894531,466.7200927734375,467.75,223792
2024-11-13 20:30:00,467.6000061035156,468.3999938964844,467.360107421875,468.17999267578125,365490
2024-11-14 14:30:00,468.80999755859375,469.16461181640625,466.0,467.8599853515625,548733
2024-11-14 15:30:00,467.96881103515625,468.30499267578125,466.67999267578125,468.1099853515625,264179
2024-11-14 16:30:00,467.9700012207031,468.7300109863281,467.0867919921875,467.2900085449219,195252
2024-11-14 17:30:00,467.25,468.4700012207031,466.75,467.7900085449219,200799
2024-11-14 18:30:00,467.70001220703125,468.54998779296875,467.01348876953125,468.4540100097656,155266
2024-11-14 19:30:00,468.6499938964844,469.4493103027344,467.54998779296875,468.9200134277344,259581
2024-11-14 20:30:00,468.9200134277344,469.0199890136719,467.25,467.7200012207031,620805
2024-11-15 14:30:00,466.739990234375,472.2550964355469,465.19000244140625,469.5799865722656,1170819
2024-11-15 15:30:00,469.3399963378906,470.760009765625,468.30999755859375,469.2088928222656,736926
2024-11-15 16:30:00,468.92999267578125,470.3599853515625,467.8399963378906,469.6388854980469,329990
2024-11-15 17:30:00,469.56500244140625,471.6099853515625,468.9966125488281,470.20001220703125,301640
2024-11-15 18:30:00,470.04290771484375,470.04290771484375,468.1000061035156,469.19000244140625,1155736
2024-11-15 19:30:00,469.20001220703125,471.19000244140625,469.07000732421875,470.0299987792969,343405
2024-11-15 20:30:00,470.1000061035156,471.4100036621094,469.8057861328125,470.2300109863281,567102
2024-11-18 14:30:00,470.9800109863281,472.1600036621094,468.3599853515625,469.3699951171875,599840
2024-11-18 15:30:00,469.3949890136719,471.6300048828125,469.260009765625,471.39990234375,305386
2024-11-18 16:30:00,471.2349853515625,472.0,470.739990234375,471.3399963378906,357830
2024-11-18 17:30:00,471.4150085449219,472.6712951660156,471.1700134277344,472.1099853515625,182595
2024-11-18 18:30:00,472.1650085449219,472.4798889160156,471.5000915527344,472.30499267578125,205445
2024-11-18 19:30:00,472.30499267578125,472.4283142089844,471.7532043457031,472.2250061035156,213510
2024-11-18 20:30:00,472.19000244140625,472.3500061035156,471.25,472.2099914550781,383586
2024-11-19 14:30:00,470.7699890136719,470.7699890136719,465.010009765625,466.5899963378906,989855
2024-11-19 15:30:00,466.5,468.760009765625,466.4800109863281,468.5799865722656,333209
2024-11-19 16:30:00,468.5799865722656,468.99688720703125,468.0675048828125,468.739990234375,204090
2024-11-19 17:30:00,468.6300048828125,469.4761962890625,468.6300048828125,468.93499755859375,152607
2024-11-19 18:30:00,468.989990234375,469.95001220703125,468.5799865722656,468.739990234375,162325
2024-11-19 19:30:00,468.7950134277344,468.8699035644531,467.67999267578125,468.6000061035156,242629
2024-11-19 20:30:00,468.510009765625,469.25,468.19000244140625,468.80999755859375,319989
2024-11-20 14:30:00,470.0,470.6148986816406,468.0799865722656,469.18499755859375,459219
2024-11-20 15:30:00,469.239990234375,469.5299987792969,466.7099914550781,466.7538146972656,268065
2024-11-20 16:30:00,466.79998779296875,467.8099060058594,466.1099853515625,466.42999267578125,305317
2024-11-20 17:30:00,466.3699951171875,468.45001220703125,466.3699951171875,468.30999755859375,152803
2024-11-20 18:30:00,468.3800048828125,468.3800048828125,467.29998779296875,468.1499938964844,123392
2024-11-20 19:30:00,468.1400146484375,469.4700012207031,468.010009765625,469.4700012207031,199395
2024-11-20 20:30:00,469.5199890136719,470.45989990234375,468.4200134277344,469.2099914550781,530758
2024-11-21 14:30:00,469.44500732421875,470.0799865722656,467.0,469.739990234375,626046
2024-11-21 15:30:00,469.6409912109375,473.4100036621094,469.010009765625,472.875,609544
2024-11-21 16:30:00,472.94000244140625,474.5,472.05999755859375,473.0899963378906,336504
2024-11-21 17:30:00,473.3138122558594,474.6600036621094,472.739990234375,474.239990234375,251154
2024-11-21 18:30:00,474.29998779296875,474.5398864746094,472.82000732421875,474.3399963378906,283735
2024-11-21 19:30:00,474.3900146484375,474.5299987792969,473.1000061035156,473.25,246138
2024-11-21 20:30:00,473.2149963378906,473.2300109863281,471.4700012207031,472.0299987792969,512825
2024-11-22 14:30:00,472.2699890136719,476.45001220703125,471.6099853515625,475.20001220703125,603022
2024-11-22 15:30:00,475.3800048828125,477.3949890136719,474.8800048828125,477.31500244140625,282542
2024-11-22 16:30:00,477.2699890136719,477.4399108886719,476.4700012207031,476.7900085449219,227502
2024-11-22 17:30:00,476.84271240234375,476.8699951171875,476.01629638671875,476.5,142911
2024-11-22 18:30:00,476.6199035644531,476.7903137207031,475.0799865722656,475.9800109863281,185998
2024-11-22 19:30:00,476.0199890136719,476.239990234375,474.7099914550781,474.7699890136719,176820
2024-11-22 20:30:00,474.989990234375,477.1199951171875,474.8550109863281,476.30999755859375,515361
2024-11-25 14:30:00,479.1300048828125,482.4200134277344,479.0,482.3900146484375,832289
2024-11-25 15:30:00,482.2900085449219,482.5,479.5000915527344,479.7598876953125,370719
2024-11-25 16:30:00,479.7298889160156,480.1070861816406,478.3299865722656,479.5899963378906,289878
2024-11-25 17:30:00,479.43011474609375,480.04559326171875,478.6700134277344,480.0249938964844,198471
2024-11-25 18:30:00,479.94000244140625,480.54998779296875,479.0400085449219,479.1499938964844,222926
2024-11-25 19:30:00,479.1499938964844,479.1600036621094,478.2099914550781,478.5039978027344,338884
2024-11-25 20:30:00,478.29998779296875,478.4700012207031,476.7900085449219,477.44000244140625,775267
2024-11-26 14:30:00,478.20001220703125,478.3999938964844,472.8500061035156,474.6199951171875,752559
2024-11-26 15:30:00,474.4800109863281,476.4800109863281,473.4100036621094,476.2799987792969,381944
2024-11-26 16:30:00,476.239990234375,477.44989013671875,475.7900085449219,476.70721435546875,234314
2024-11-26 17:30:00,476.7149963378906,477.1600036621094,476.5400085449219,476.760009765625,160503
2024-11-26 18:30:00,476.625,477.6600036621094,476.25,477.5,253238
2024-11-26 19:30:00,477.3699951171875,478.25,477.29998779296875,477.68499755859375,200396
2024-11-26 20:30:00,477.7099914550781,479.3999938964844,477.7099914550781,478.4100036621094,373946
2024-11-27 14:30:00,481.0,491.6700134277344,480.8699951171875,489.6400146484375,1488028
2024-11-27 15:30:00,489.7124938964844,490.8999938964844,486.92999267578125,487.0400085449219,736210
2024-11-27 16:30:00,487.239990234375,488.4100036621094,486.239990234375,486.9549865722656,374396
2024-11-27 17:30:00,486.7799987792969,487.0899963378906,485.1400146484375,486.3699951171875,373645
2024-11-27 18:30:00,486.239990234375,486.4599914550781,484.70001220703125,485.260009765625,218280
2024-11-27 19:30:00,485.3500061035156,485.79998779296875,482.3599853515625,483.20001220703125,454749
2024-11-27 20:30:00,483.1600036621094,484.1199951171875,482.6199951171875,483.0899963378906,486957
2024-11-29 14:30:00,485.3699951171875,486.010009765625,482.04998779296875,483.7250061035156,677184
2024-11-29 15:30:00,483.7300109863281,484.6199951171875,482.8999938964844,484.3811950683594,280295
2024-11-29 16:30:00,484.5,485.0400085449219,483.5,484.837890625,403083
2024-12-02 14:30:00,484.79998779296875,485.0899963378906,478.1300048828125,478.82000732421875,839878
2024-12-02 15:30:00,478.8799133300781,479.2099914550781,476.69000244140625,476.69000244140625,461779
2024-12-02 16:30:00,476.75,478.010009765625,474.75,477.1200866699219,601942
2024-12-02 17:30:00,477.2850036621094,478.8800048828125,477.25,478.6199951171875,278868
2024-12-02 18:30:00,478.6199951171875,478.8349914550781,477.3299865722656,477.79998779296875,261504
2024-12-02 19:30:00,477.8500061035156,478.79998779296875,477.8213195800781,478.6199951171875,284749
2024-12-02 20:30:00,478.6650085449219,478.710693359375,476.9949951171875,477.239990234375,582951
2024-12-03 14:30:00,478.1600036621094,478.29998779296875,471.4744873046875,473.30499267578125,649630
2024-12-03 15:30:00,473.2213134765625,474.0885009765625,472.340087890625,472.6300048828125,310363
2024-12-03 16:30:00,472.45001220703125,473.0199890136719,471.2300109863281,472.9690856933594,532036
2024-12-03 17:30:00,473.0400085449219,473.0799865722656,471.29998779296875,472.1700134277344,230186
2024-12-03 18:30:00,472.25909423828125,472.25909423828125,468.80499267578125,470.58990478515625,587361
2024-12-03 19:30:00,470.42010498046875,471.4849853515625,470.42010498046875,471.239990234375,373840
2024-12-03 20:30:00,471.17999267578125,471.6400146484375,470.04998779296875,470.19000244140625,533150
2024-12-04 14:30:00,469.5,471.3399963378906,466.5,467.260009765625,745854
2024-12-04 15:30:00,467.42999267578125,468.389892578125,467.1499938964844,468.1400146484375,293669
2024-12-04 16:30:00,468.2983093261719,468.7099914550781,467.1400146484375,467.40740966796875,248780
2024-12-04 17:30:00,467.4360046386719,468.3699035644531,467.2149963378906,467.4200134277344,195742
2024-12-04 18:30:00,467.4198913574219,467.8999938964844,466.5216064453125,467.2361145019531,262478
2024-12-04 19:30:00,467.1700134277344,468.9200134277344,467.0199890136719,468.19000244140625,309834
2024-12-04 20:30:00,468.1496887207031,469.5400085449219,468.010009765625,468.25,362689
2024-12-05 14:30:00,468.7799987792969,472.739990234375,468.7200012207031,470.69500732421875,673471
2024-12-05 15:30:00,470.69500732421875,471.55999755859375,469.9513854980469,470.4607849121094,260302
2024-12-05 16:30:00,470.4700012207031,470.8349914550781,469.1000061035156,469.8550109863281,218770
2024-12-05 17:30:00,469.75,471.1799011230469,469.6400146484375,471.0799865722656,185668
2024-12-05 18:30:00,471.0199890136719,471.8900146484375,470.04998779296875,470.1400146484375,187832
2024-12-05 19:30:00,470.0299987792969,471.04998779296875,469.92999267578125,470.6700134277344,423520
2024-12-05 20:30:00,470.6700134277344,471.9599914550781,470.1199951171875,470.6700134277344,466182
2024-12-06 14:30:00,470.5799865722656,472.0799865722656,467.82000732421875,469.32501220703125,1150309
2024-12-06 15:30:00,469.2109069824219,470.8900146484375,469.10009765625,469.5,261753
2024-12-06 16:30:00,469.4837951660156,471.1000061035156,469.20001220703125,469.6600036621094,248303
2024-12-06 17:30:00,469.5199890136719,470.80999755859375,469.28009033203125,470.25,163196
2024-12-06 18:30:00,470.05999755859375,470.4349060058594,469.5,469.9049987792969,140749
2024-12-06 19:30:00,469.88800048828125,470.42999267578125,469.6000061035156,469.79998779296875,201473
2024-12-06 20:30:00,469.7650146484375,470.70001220703125,469.6300048828125,470.2900085449219,342766
2024-12-09 14:30:00,470.6000061035156,471.70001220703125,465.2699890136719,466.8561096191406,868104
2024-12-09 15:30:00,466.8299865722656,467.80999755859375,465.510009765625,466.1600036621094,367122
2024-12-09 16:30:00,466.2449951171875,466.95989990234375,465.3500061035156,465.6499938964844,268456
2024-12-09 17:30:00,465.6449890136719,466.0,464.75,464.80999755859375,265907
2024-12-09 18:30:00,464.80999755859375,465.9100036621094,464.80999755859375,465.7799987792969,228283
2024-12-09 19:30:00,465.7799987792969,466.3500061035156,464.6000061035156,464.79998779296875,296489
2024-12-09 20:30:00,464.8999938964844,465.05999755859375,463.4200134277344,463.9599914550781,522700
2024-12-10 14:30:00,464.4200134277344,464.4200134277344,459.5,461.35009765625,734913
2024-12-10 15:30:00,461.35009765625,464.8900146484375,461.35009765625,464.7449951171875,326922
2024-12-10 16:30:00,464.7449951171875,464.989990234375,462.0799865722656,462.9200134277344,234868
2024-12-10 17:30:00,462.92999267578125,462.92999267578125,461.6200866699219,462.3019104003906,194013
2024-12-10 18:30:00,462.20001220703125,463.05999755859375,461.8999938964844,462.8960876464844,177155
2024-12-10 19:30:00,462.864990234375,464.4599914550781,462.75,463.55999755859375,311937
2024-12-10 20:30:00,463.54998779296875,463.8699951171875,462.2900085449219,462.9100036621094,457428
2024-12-11 14:30:00,463.3299865722656,465.4800109863281,459.79998779296875,460.7900085449219,660364
2024-12-11 15:30:00,460.6099853515625,462.239990234375,459.9200134277344,460.95001220703125,352875
2024-12-11 16:30:00,460.93499755859375,461.1700134277344,459.44000244140625,459.5472106933594,446132
2024-12-11 17:30:00,459.44000244140625,460.3900146484375,458.7699890136719,459.79998779296875,331747
2024-12-11 18:30:00,459.7900085449219,460.30999755859375,459.2987060546875,460.1499938964844,189152
2024-12-11 19:30:00,460.1000061035156,461.0,460.0469970703125,460.5,226791
2024-12-11 20:30:00,460.510009765625,462.1400146484375,460.260009765625,461.6400146484375,533338
2024-12-12 14:30:00,462.1600036621094,463.57000732421875,460.70001220703125,461.55499267578125,455747
2024-12-12 15:30:00,461.44000244140625,461.989990234375,460.2200012207031,460.67999267578125,279831
2024-12-12 16:30:00,460.6600036621094,461.0799865722656,458.6499938964844,458.6600036621094,315681
2024-12-12 17:30:00,458.6499938964844,459.7305908203125,458.0799865722656,459.1300048828125,203035
2024-12-12 18:30:00,459.2099914550781,459.44000244140625,458.44000244140625,458.44000244140625,172607
2024-12-12 19:30:00,458.44000244140625,459.989990234375,458.2200012207031,459.989990234375,199389
2024-12-12 20:30:00,459.9200134277344,460.0799865722656,458.3800048828125,458.67999267578125,408299
2024-12-13 14:30:00,460.510009765625,460.510009765625,457.010009765625,458.2001037597656,627529
2024-12-13 15:30:00,458.43499755859375,460.2200012207031,457.7099914550781,459.5350036621094,290375
2024-12-13 16:30:00,459.7200012207031,459.9855041503906,459.2699890136719,459.6300048828125,284139
2024-12-13 17:30:00,459.6076965332031,459.70001220703125,458.7799987792969,459.4183044433594,198043
2024-12-13 18:30:00,459.42498779296875,459.7900085449219,458.8699951171875,459.02301025390625,223103
2024-12-13 19:30:00,458.8999938964844,459.260009765625,458.3999938964844,458.5899963378906,205590
2024-12-13 20:30:00,458.67694091796875,458.8699951171875,457.2900085449219,457.8699951171875,518228
2024-12-16 14:30:00,459.1700134277344,460.4244079589844,457.1000061035156,458.3399963378906,621651
2024-12-16 15:30:00,458.20001220703125,459.6499938964844,458.0,458.1650085449219,316312
2024-12-16 16:30:00,458.20001220703125,458.7200012207031,457.5342102050781,458.1192932128906,223679
2024-12-16 17:30:00,458.1160888671875,458.69000244140625,458.10009765625,458.3599853515625,196324
2024-12-16 18:30:00,458.3599853515625,458.71990966796875,457.110107421875,457.1499938964844,249689
2024-12-16 19:30:00,457.19000244140625,457.3800048828125,456.18011474609375,456.9599914550781,321311
2024-12-16 20:30:00,456.94000244140625,457.2388916015625,454.5799865722656,455.3299865722656,894008
2024-12-17 14:30:00,454.69500732421875,455.20001220703125,452.05999755859375,454.2699890136719,813401
2024-12-17 15:30:00,454.2650146484375,456.1099853515625,453.552001953125,454.5,390094
2024-12-17 16:30:00,454.5,455.9621887207031,454.18011474609375,454.4649963378906,261827
2024-12-17 17:30:00,454.4649963378906,455.5841979980469,454.4200134277344,455.1299133300781,209853
2024-12-17 18:30:00,455.0,455.3999938964844,454.4849853515625,454.6449890136719,203719
2024-12-17 19:30:00,454.7499084472656,454.7499084472656,453.989990234375,454.2099914550781,247694
2024-12-17 20:30:00,454.1278991699219,456.6199951171875,454.1099853515625,455.6700134277344,411090
2024-12-18 14:30:00,457.05999755859375,457.05999755859375,454.0574951171875,455.9200134277344,484720
2024-12-18 15:30:00,455.80999755859375,457.6400146484375,455.760009765625,457.6400146484375,232992
2024-12-18 16:30:00,457.54998779296875,458.7300109863281,456.9574890136719,457.9501037597656,211628
2024-12-18 17:30:00,457.9661865234375,458.4200134277344,457.3699951171875,457.94000244140625,201141
2024-12-18 18:30:00,457.80010986328125,458.6000061035156,453.7699890136719,453.7900085449219,388577
2024-12-18 19:30:00,453.760009765625,454.25,451.6300048828125,452.20001220703125,502661
2024-12-18 20:30:00,452.2099914550781,452.2799987792969,446.0899963378906,446.5,1056703
2024-12-19 14:30:00,451.7300109863281,453.23480224609375,449.04998779296875,450.8599853515625,784359
2024-12-19 15:30:00,450.739990234375,452.8399963378906,450.739990234375,452.51361083984375,343169
2024-12-19 16:30:00,452.4700012207031,453.1499938964844,451.6559143066406,451.989990234375,230897
2024-12-19 17:30:00,452.20001220703125,453.6700134277344,451.20001220703125,452.81500244140625,305809
2024-12-19 18:30:00,452.8752136230469,453.79998779296875,451.81500244140625,452.42999267578125,216065
2024-12-19 19:30:00,452.1968994140625,452.260009765625,450.55999755859375,450.9601135253906,244374
2024-12-19 20:30:00,451.125,451.9200134277344,448.8900146484375,449.3900146484375,542925
2024-12-20 14:30:00,449.1099853515625,451.04998779296875,447.19000244140625,450.67999267578125,2182571
2024-12-20 15:30:00,450.75,454.9599914550781,450.5,454.94000244140625,457004
2024-12-20 16:30:00,454.9205017089844,458.6499938964844,454.8800048828125,458.224609375,453391
2024-12-20 17:30:00,458.0,458.1000061035156,454.6404113769531,454.7300109863281,318418
2024-12-20 18:30:00,454.6495056152344,455.760009765625,454.54998779296875,455.5299987792969,207696
2024-12-20 19:30:00,455.4100036621094,456.0150146484375,454.57000732421875,455.1000061035156,318262
2024-12-20 20:30:00,455.2799987792969,456.20001220703125,452.92999267578125,453.8599853515625,816033
2024-12-23 14:30:00,453.19000244140625,453.489990234375,450.6300048828125,451.5,700674
2024-12-23 15:30:00,451.5400085449219,451.8258972167969,449.82000732421875,451.0,270028
2024-12-23 16:30:00,451.1499938964844,452.7900085449219,450.7300109863281,452.05999755859375,235514
2024-12-23 17:30:00,452.0849914550781,453.20001220703125,451.5,453.0299987792969,223673
2024-12-23 18:30:00,453.0343017578125,453.1099853515625,452.1700134277344,452.32989501953125,174693
2024-12-23 19:30:00,452.32000732421875,452.80999755859375,451.7250061035156,452.6192932128906,249148
2024-12-23 20:30:00,452.43780517578125,454.54998779296875,452.32000732421875,454.2699890136719,392594
2024-12-24 14:30:00,455.4100036621094,456.7099914550781,454.07000732421875,456.3136901855469,400327
2024-12-24 15:30:00,456.3399963378906,457.7300109863281,456.110107421875,457.010009765625,232936
2024-12-24 16:30:00,457.0799865722656,458.5,456.9949951171875,458.20001220703125,262039
2024-12-26 14:30:00,457.2650146484375,458.989990234375,455.7950134277344,457.56439208984375,314425
2024-12-26 15:30:00,457.70001220703125,458.6000061035156,457.0299987792969,458.2799987792969,150679
2024-12-26 16:30:00,458.3999938964844,459.4800109863281,458.2200012207031,459.18121337890625,140731
2024-12-26 17:30:00,459.07000732421875,459.3587951660156,458.3800048828125,458.8450012207031,154249
2024-12-26 18:30:00,458.7601013183594,458.95001220703125,458.1099853515625,458.2900085449219,152753
2024-12-26 19:30:00,458.3299865722656,459.32000732421875,458.2099914550781,458.8999938964844,144524
2024-12-26 20:30:00,459.02020263671875,459.29998779296875,458.54998779296875,459.04998779296875,290584
2024-12-27 14:30:00,457.29998779296875,461.1300048828125,456.5,457.56500244140625,475201
2024-12-27 15:30:00,457.489990234375,458.8399963378906,456.2900085449219,457.5793151855469,246310
2024-12-27 16:30:00,457.4700012207031,457.8500061035156,454.80999755859375,455.1549987792969,224082
2024-12-27 17:30:00,455.1300048828125,455.739990234375,454.4800109863281,455.4281005859375,261563
2024-12-27 18:30:00,455.29998779296875,457.1700134277344,455.2099914550781,456.80999755859375,215651
2024-12-27 19:30:00,456.8900146484375,457.50408935546875,455.8674011230469,456.3743896484375,217277
2024-12-27 20:30:00,456.07000732421875,458.1199951171875,455.3399963378906,456.8999938964844,495717
2024-12-30 14:30:00,454.2449951171875,454.2449951171875,449.176513671875,450.0181884765625,602593
2024-12-30 15:30:00,450.0899963378906,452.7200012207031,449.8800048828125,452.5199890136719,261308
2024-12-30 16:30:00,452.5,453.95001220703125,452.30010986328125,453.7799987792969,250556
2024-12-30 17:30:00,453.7300109863281,454.5398864746094,452.5,454.07000732421875,335722
2024-12-30 18:30:00,454.0,454.69000244140625,453.0299987792969,453.9198913574219,146188
2024-12-30 19:30:00,453.80999755859375,454.5400085449219,453.5,453.5899963378906,182757
2024-12-30 20:30:00,453.57000732421875,454.1379089355469,452.0799865722656,452.1700134277344,310658
2024-12-31 14:30:00,452.2049865722656,454.3299865722656,452.2049865722656,452.8717041015625,342108
2024-12-31 15:30:00,452.90899658203125,453.1781921386719,452.0,452.19500732421875,161907
2024-12-31 16:30:00,452.4147033691406,452.4147033691406,451.1099853515625,451.55999755859375,180643
2024-12-31 17:30:00,451.6766052246094,452.9800109863281,451.2799987792969,451.69000244140625,179715
2024-12-31 18:30:00,451.69000244140625,453.0,451.4100036621094,451.8500061035156,136848
2024-12-31 19:30:00,451.7799987792969,453.0400085449219,451.61309814453125,453.0400085449219,191641
2024-12-31 20:30:00,453.0799865722656,453.95001220703125,452.2900085449219,453.4800109863281,495006
2025-01-02 14:30:00,455.9599914550781,456.889892578125,454.34600830078125,455.0,574539
2025-01-02 15:30:00,454.7900085449219,455.489990234375,453.8599853515625,454.6549987792969,375726
2025-01-02 16:30:00,454.4700012207031,455.8900146484375,453.3800048828125,453.5194091796875,278259
2025-01-02 17:30:00,453.5199890136719,453.69000244140625,450.6099853515625,451.0150146484375,280375
2025-01-02 18:30:00,450.8900146484375,451.8500061035156,450.0299987792969,451.8500061035156,301622
2025-01-02 19:30:00,451.7749938964844,452.3468933105469,450.5,452.0400085449219,260558
2025-01-02 20:30:00,452.1199951171875,452.7300109863281,450.3999938964844,451.1748962402344,483442
2025-01-03 14:30:00,452.5299987792969,453.8800048828125,450.1199951171875,451.25,661818
2025-01-03 15:30:00,451.364990234375,453.0,451.0,452.8399963378906,303566
2025-01-03 16:30:00,452.75,453.9787902832031,452.75,453.3299865722656,211582
2025-01-03 17:30:00,453.3299865722656,453.760009765625,452.7349853515625,453.760009765625,178874
2025-01-03 18:30:00,453.79998779296875,454.310791015625,453.42999267578125,454.310791015625,178977
2025-01-03 19:30:00,454.32000732421875,454.52691650390625,453.4873046875,454.2950134277344,173153
2025-01-03 20:30:00,454.2200012207031,454.2900085449219,453.42999267578125,453.6700134277344,351292
2025-01-06 14:30:00,453.8500061035156,456.0,452.510009765625,454.94110107421875,777458
2025-01-06 15:30:00,454.94000244140625,455.75,453.5,455.5,379563
2025-01-06 16:30:00,455.5787048339844,456.2398986816406,453.8999938964844,454.1449890136719,264909
2025-01-06 17:30:00,454.0,454.0992126464844,452.7200012207031,453.0,294925
2025-01-06 18:30:00,453.06500244140625,453.20489501953125,452.0400085449219,452.3399963378906,264527
2025-01-06 19:30:00,452.32000732421875,452.94500732421875,450.9649963378906,451.2900085449219,385462
2025-01-06 20:30:00,451.3299865722656,451.7799072265625,450.57000732421875,451.6000061035156,464450
2025-01-07 14:30:00,452.79998779296875,454.6300048828125,451.1000061035156,454.55999755859375,604000
2025-01-07 15:30:00,454.6499938964844,456.5150146484375,453.84259033203125,455.7974853515625,464806
2025-01-07 16:30:00,455.989990234375,456.3800048828125,454.3788146972656,454.614990234375,283609
2025-01-07 17:30:00,454.69000244140625,455.2349853515625,452.6700134277344,454.364990234375,302930
2025-01-07 18:30:00,454.4234924316406,454.7250061035156,453.3699951171875,453.7799987792969,231188
2025-01-07 19:30:00,453.7099914550781,453.8757019042969,452.32000732421875,452.45001220703125,318772
2025-01-07 20:30:00,452.4599914550781,453.0,451.79998779296875,452.8900146484375,449758
2025-01-08 14:30:00,453.6300048828125,454.0,450.04998779296875,450.1000061035156,665664
2025-01-08 15:30:00,450.1400146484375,451.8800048828125,449.80999755859375,450.8949890136719,453684
2025-01-08 16:30:00,450.8949890136719,451.739990234375,450.17999267578125,450.2049865722656,283353
2025-01-08 17:30:00,450.2049865722656,451.2900085449219,449.6300048828125,451.0299987792969,203008
2025-01-08 18:30:00,451.0150146484375,452.0,449.8995056152344,451.67999267578125,249737
2025-01-08 19:30:00,451.4599914550781,451.8900146484375,450.78948974609375,451.7300109863281,271085
2025-01-08 20:30:00,451.7799987792969,452.0,450.5,451.79998779296875,535860
2025-01-10 14:30:00,452.6600036621094,453.0,444.0400085449219,445.1650085449219,1093863
2025-01-10 15:30:00,445.06500244140625,445.5299987792969,441.7099914550781,442.3599853515625,642405
2025-01-10 16:30:00,442.2799987792969,442.54998779296875,440.1000061035156,441.68011474609375,636886
2025-01-10 17:30:00,441.739990234375,444.25,441.739990234375,443.8699951171875,379174
2025-01-10 18:30:00,443.9798889160156,444.8800048828125,442.8299865722656,443.7698974609375,317390
2025-01-10 19:30:00,443.6499938964844,444.1400146484375,442.6600036621094,443.1000061035156,369715
2025-01-10 20:30:00,442.9800109863281,443.75,442.0,442.5799865722656,714021
2025-01-13 14:30:00,442.0400085449219,444.5199890136719,441.1499938964844,443.57501220703125,705045
2025-01-13 15:30:00,443.5793151855469,445.0,443.04541015625,443.7550048828125,334205
2025-01-13 16:30:00,443.5299987792969,444.760009765625,442.19000244140625,442.7799987792969,353590
2025-01-13 17:30:00,442.6700134277344,443.9540100097656,442.6400146484375,443.6499938964844,171005
2025-01-13 18:30:00,443.7300109863281,444.3193054199219,443.1600036621094,444.1036071777344,190032
2025-01-13 19:30:00,444.3299865722656,444.8999938964844,443.89019775390625,444.7900085449219,259621
2025-01-13 20:30:00,444.8500061035156,445.0,443.8500061035156,444.04998779296875,354176
2025-01-14 14:30:00,445.5,446.9599914550781,443.9700012207031,445.6400146484375,771161
2025-01-14 15:30:00,445.6499938964844,446.75,444.5299987792969,445.239990234375,420155
2025-01-14 16:30:00,445.3800048828125,445.5498962402344,443.9200134277344,445.1300048828125,220567
2025-01-14 17:30:00,445.1700134277344,446.79998779296875,444.67999267578125,446.7243957519531,196001
2025-01-14 18:30:00,446.6499938964844,448.7699890136719,446.5299987792969,448.4549865722656,271932
2025-01-14 19:30:00,448.4800109863281,449.20001220703125,447.42999267578125,448.5400085449219,455838
2025-01-14 20:30:00,448.42498779296875,450.29998779296875,447.9800109863281,450.0299987792969,446269
2025-01-15 14:30:00,455.54998779296875,456.9599914550781,453.2699890136719,456.7200012207031,764458
2025-01-15 15:30:00,456.7864990234375,458.0299987792969,455.6199951171875,457.364990234375,433563
2025-01-15 16:30:00,457.25,457.739990234375,456.52569580078125,457.29998779296875,380025
2025-01-15 17:30:00,457.3799133300781,457.9198913574219,456.3399963378906,456.6700134277344,234349
2025-01-15 18:30:00,456.6700134277344,457.9898986816406,456.6199951171875,457.82000732421875,245174
2025-01-15 19:30:00,457.92999267578125,458.57000732421875,457.69000244140625,457.7878112792969,338291
2025-01-15 20:30:00,457.7699890136719,459.0899963378906,457.7300109863281,458.30999755859375,843666
2025-01-16 14:30:00,458.92999267578125,461.6000061035156,458.8999938964844,459.0849914550781,586161
2025-01-16 15:30:00,459.05999755859375,459.71990966796875,458.30010986328125,459.0400085449219,255304
2025-01-16 16:30:00,459.0696716308594,460.1199951171875,458.9800109863281,459.29998779296875,209496
2025-01-16 17:30:00,459.239990234375,460.92999267578125,459.1517028808594,459.7200012207031,363035
2025-01-16 18:30:00,459.6499938964844,460.11248779296875,459.1116027832031,459.6600036621094,190937
2025-01-16 19:30:00,459.70989990234375,460.5,459.19000244140625,460.5,231262
2025-01-16 20:30:00,460.5299987792969,462.9599914550781,460.4100036621094,462.7300109863281,702592
2025-01-17 14:30:00,464.7099914550781,467.639892578125,462.4547119140625,467.5299987792969,1996418
2025-01-17 15:30:00,467.5299987792969,468.760009765625,467.4529113769531,468.3830261230469,578144
2025-01-17 16:30:00,468.364990234375,469.69000244140625,468.30999755859375,469.2799987792969,376165
2025-01-17 17:30:00,469.25,470.17999267578125,468.5799865722656,468.7300109863281,296024
2025-01-17 18:30:00,468.69610595703125,469.19000244140625,467.9200134277344,469.010009765625,363064
2025-01-17 19:30:00,468.8609924316406,469.6300048828125,468.3999938964844,469.4106140136719,461681
2025-01-17 20:30:00,469.3500061035156,469.6000061035156,467.95001220703125,468.1400146484375,510607
2025-01-21 14:30:00,471.0,473.1700134277344,468.7300109863281,470.9393005371094,757963
2025-01-21 15:30:00,470.8299865722656,472.197509765625,470.4992980957031,471.7900085449219,319471
2025-01-21 16:30:00,471.8293151855469,471.8293151855469,469.32501220703125,469.6499938964844,253099
2025-01-21 17:30:00,469.5400085449219,470.1050109863281,468.43951416015625,468.644287109375,228428
2025-01-21 18:30:00,468.5799865722656,468.7799987792969,467.7200012207031,468.0,285000
2025-01-21 19:30:00,468.0899963378906,469.0,467.7550048828125,468.3900146484375,343550
2025-01-21 20:30:00,468.3999938964844,469.0880126953125,468.0799865722656,468.57000732421875,538290
2025-01-22 14:30:00,468.5899963378906,468.8900146484375,457.07000732421875,459.5,1404798
2025-01-22 15:30:00,459.5400085449219,459.5987854003906,456.1199951171875,456.9501037597656,712320
2025-01-22 16:30:00,457.239990234375,457.8699035644531,455.2799987792969,457.30859375,719725
2025-01-22 17:30:00,457.239990234375,462.1499938964844,457.2200012207031,462.0,541276
2025-01-22 18:30:00,462.0799865722656,462.42999267578125,459.9700012207031,460.8999938964844,401808
2025-01-22 19:30:00,460.8800048828125,462.29998779296875,460.79998779296875,461.43499755859375,332404
2025-01-22 20:30:00,461.4765930175781,461.5090026855469,460.1400146484375,460.4100036621094,561953
2025-01-23 14:30:00,461.67999267578125,464.760009765625,461.2200012207031,461.2200012207031,591250
2025-01-23 15:30:00,461.4299011230469,462.45001220703125,460.55999755859375,461.4200134277344,467579
2025-01-23 16:30:00,461.4100036621094,461.4100036621094,459.7286071777344,459.9800109863281,297206
2025-01-23 17:30:00,459.9800109863281,460.0815124511719,459.3999938964844,459.5899963378906,260285
2025-01-23 18:30:00,459.6099853515625,460.0799865722656,459.1199951171875,459.80999755859375,218037
2025-01-23 19:30:00,459.66009521484375,460.1600036621094,459.6300048828125,459.8599853515625,353656
2025-01-23 20:30:00,459.8599853515625,460.55999755859375,458.0,459.989990234375,795323
2025-01-24 14:30:00,459.20001220703125,461.6499938964844,457.0799865722656,461.2193908691406,561921
2025-01-24 15:30:00,461.3599853515625,462.1499938964844,460.764404296875,461.54998779296875,270889
2025-01-24 16:30:00,461.5299987792969,463.159912109375,461.5,462.7300109863281,225204
2025-01-24 17:30:00,462.7900085449219,463.80999755859375,462.1099853515625,462.54998779296875,313720
2025-01-24 18:30:00,462.4599914550781,463.75,462.3902893066406,462.9049987792969,256805
2025-01-24 19:30:00,463.0,463.32000732421875,462.44000244140625,462.6300048828125,260900
2025-01-24 20:30:00,462.6300048828125,463.20001220703125,461.69000244140625,463.1700134277344,429517
2025-01-27 14:30:00,464.29998779296875,470.07501220703125,464.29998779296875,467.1000061035156,1028983
2025-01-27 15:30:00,467.0199890136719,470.1000061035156,466.4126892089844,469.6000061035156,396142
2025-01-27 16:30:00,469.9399108886719,470.5299072265625,468.95220947265625,470.19500732421875,389019
2025-01-27 17:30:00,470.0799865722656,471.18780517578125,469.0003967285156,469.9599914550781,321777
2025-01-27 18:30:00,470.2336120605469,472.2200012207031,469.2514953613281,472.0,321997
2025-01-27 19:30:00,471.95001220703125,473.58990478515625,471.4599914550781,472.9599914550781,454633
2025-01-27 20:30:00,473.0350036621094,474.92999267578125,471.9100036621094,474.7900085449219,587097
2025-01-28 14:30:00,473.92999267578125,473.92999267578125,469.29998779296875,470.42999267578125,696311
2025-01-28 15:30:00,470.3500061035156,473.2900085449219,469.91009521484375,470.8500061035156,330588
2025-01-28 16:30:00,470.8699951171875,471.2200012207031,469.510009765625,470.9800109863281,300978
2025-01-28 17:30:00,471.0,471.9800109863281,470.79998779296875,471.2550048828125,197502
2025-01-28 18:30:00,471.239990234375,471.80999755859375,470.44000244140625,470.5299987792969,178204
2025-01-28 19:30:00,470.5343933105469,471.05999755859375,470.0799865722656,470.4100036621094,255816
2025-01-28 20:30:00,470.3345947265625,471.38079833984375,469.7099914550781,469.9800109863281,458453
2025-01-29 14:30:00,469.8800048828125,471.9100036621094,468.0,471.55999755859375,547526
2025-01-29 15:30:00,471.7200012207031,472.5899963378906,470.6700134277344,471.29998779296875,293318
2025-01-29 16:30:00,471.4757995605469,473.9200134277344,471.32000732421875,472.82000732421875,260255
2025-01-29 17:30:00,472.7900085449219,473.0,471.1600036621094,472.6199951171875,152430
2025-01-29 18:30:00,472.55999755859375,472.55999755859375,469.1499938964844,469.20001220703125,310262
2025-01-29 19:30:00,469.39849853515625,470.9700012207031,468.8800048828125,470.5400085449219,254099
2025-01-29 20:30:00,470.5400085449219,470.69000244140625,469.0199890136719,469.0799865722656,288011
2025-01-30 14:30:00,472.20001220703125,472.6799011230469,469.1499938964844,470.0603942871094,491101
2025-01-30 15:30:00,470.04998779296875,471.20001220703125,469.7799987792969,470.8900146484375,200286
2025-01-30 16:30:00,471.6000061035156,473.5986633300781,471.1700134277344,472.1400146484375,262916
2025-01-30 17:30:00,472.1099853515625,473.7044982910156,471.70001220703125,473.7044982910156,162325
2025-01-30 18:30:00,473.81500244140625,474.0643005371094,473.5400085449219,473.7699890136719,200322
2025-01-30 19:30:00,473.82000732421875,473.82000732421875,472.95111083984375,473.1099853515625,179303
2025-01-30 20:30:00,473.10931396484375,473.1400146484375,469.40008544921875,472.44000244140625,371021
2025-01-31 14:30:00,471.8399963378906,472.54998779296875,469.7900085449219,470.6499938964844,448406
2025-01-31 15:30:00,470.9299011230469,471.25579833984375,469.8500061035156,470.68499755859375,225647
2025-01-31 16:30:00,470.7799987792969,471.44989013671875,470.1900939941406,471.07000732421875,184116
2025-01-31 17:30:00,471.0,471.1908874511719,469.1000061035156,469.48388671875,168398
2025-01-31 18:30:00,469.2099914550781,469.71990966796875,467.0101013183594,468.2699890136719,254377
2025-01-31 19:30:00,468.1650085449219,469.4100036621094,467.75360107421875,469.06988525390625,244147
2025-01-31 20:30:00,468.9200134277344,469.2099914550781,468.0,468.3999938964844,384481
2025-02-03 14:30:00,461.29998779296875,463.45001220703125,454.6000061035156,460.0,1291475
2025-02-03 15:30:00,459.9100036621094,464.79998779296875,459.4285888671875,463.8599853515625,484603
2025-02-03 16:30:00,463.75,465.5199890136719,462.8800048828125,463.6600036621094,298023
2025-02-03 17:30:00,463.6099853515625,464.92999267578125,462.57000732421875,464.67999267578125,204083
2025-02-03 18:30:00,464.6499938964844,465.0950012207031,463.82000732421875,464.4200134277344,190404
2025-02-03 19:30:00,464.2225036621094,465.3800048828125,464.2225036621094,464.4986877441406,180879
2025-02-03 20:30:00,464.5199890136719,466.739990234375,464.260009765625,464.82000732421875,414836
2025-02-04 14:30:00,464.94000244140625,466.45989990234375,462.70001220703125,465.4750061035156,533176
2025-02-04 15:30:00,465.3900146484375,467.3240051269531,464.82000732421875,467.1449890136719,221073
2025-02-04 16:30:00,467.2799072265625,467.32000732421875,464.8999938964844,465.0199890136719,217904
2025-02-04 17:30:00,465.0249938964844,465.8500061035156,464.69000244140625,465.2749938964844,135344
2025-02-04 18:30:00,465.1600036621094,466.92999267578125,464.3900146484375,466.79998779296875,202455
2025-02-04 19:30:00,466.70001220703125,467.8598937988281,466.5450134277344,467.1809997558594,273761
2025-02-04 20:30:00,467.1050109863281,467.9100036621094,466.8299865722656,467.43499755859375,378582
2025-02-05 14:30:00,469.80999755859375,472.6400146484375,468.8900146484375,471.8900146484375,672552
2025-02-05 15:30:00,471.8500061035156,472.0899963378906,470.03009033203125,470.864990234375,335921
2025-02-05 16:30:00,470.8699951171875,471.3900146484375,469.66009521484375,470.1004943847656,248808
2025-02-05 17:30:00,470.1498107910156,472.3699035644531,470.1498107910156,472.1099853515625,199861
2025-02-05 18:30:00,472.1099853515625,473.07000732421875,472.010009765625,472.7799987792969,338345
2025-02-05 19:30:00,472.70001220703125,474.1600036621094,472.6000061035156,473.7135925292969,329414
2025-02-05 20:30:00,473.739990234375,474.239990234375,473.2349853515625,473.79998779296875,454539
2025-02-06 14:30:00,475.4599914550781,477.1235046386719,473.2799987792969,475.0,550896
2025-02-06 15:30:00,474.8699951171875,476.84991455078125,474.1449890136719,476.1300048828125,318209
2025-02-06 16:30:00,476.1300048828125,477.989990234375,475.6300048828125,477.8599853515625,219833
2025-02-06 17:30:00,477.7349853515625,478.0,470.1000061035156,476.55999755859375,251547
2025-02-06 18:30:00,476.5,476.6199951171875,475.59368896484375,476.05999755859375,160150
2025-02-06 19:30:00,475.9700012207031,476.599609375,474.6300048828125,476.468994140625,218398
2025-02-06 20:30:00,476.3699951171875,477.2799987792969,475.5299987792969,476.94000244140625,439655
2025-02-07 14:30:00,477.4100036621094,478.25,474.8800048828125,476.3800048828125,533165
2025-02-07 15:30:00,476.30999755859375,476.7900085449219,473.75,475.2300109863281,302283
2025-02-07 16:30:00,475.5899963378906,476.0799865722656,474.54998779296875,475.25,247162
2025-02-07 17:30:00,475.20001220703125,475.70001220703125,474.5799865722656,475.3299865722656,132787
2025-02-07 18:30:00,475.3399963378906,475.7699890136719,473.30999755859375,473.6099853515625,232647
2025-02-07 19:30:00,473.5356140136719,474.3500061035156,472.79998779296875,473.0675964355469,248270
2025-02-07 20:30:00,473.1600036621094,473.6000061035156,472.3399963378906,472.7300109863281,396195
2025-02-10 14:30:00,473.9599914550781,474.20001220703125,470.1199951171875,471.7569885253906,430887
2025-02-10 15:30:00,471.5950012207031,471.9845886230469,470.1600036621094,470.9674072265625,214518
2025-02-10 16:30:00,471.05999755859375,471.7799072265625,470.1400146484375,470.8500061035156,172965
2025-02-10 17:30:00,470.9200134277344,471.989990234375,470.7900085449219,471.38250732421875,109897
2025-02-10 18:30:00,471.2699890136719,471.7174987792969,470.7601013183594,470.8999938964844,133001
2025-02-10 19:30:00,470.8200988769531,471.0299987792969,470.0199890136719,470.1700134277344,193849
2025-02-10 20:30:00,470.17999267578125,470.57000732421875,469.3700866699219,470.2099914550781,393319
2025-02-11 14:30:00,470.04998779296875,470.04998779296875,466.7149963378906,468.010009765625,484023
2025-02-11 15:30:00,468.2699890136719,471.20001220703125,467.989990234375,470.4462890625,222540
2025-02-11 16:30:00,470.56500244140625,472.20001220703125,470.3066101074219,471.7850036621094,187929
2025-02-11 17:30:00,471.7850036621094,471.80999755859375,470.7900085449219,470.9800109863281,161461
2025-02-11 18:30:00,470.9800109863281,471.43499755859375,470.55999755859375,471.1900939941406,146524
2025-02-11 19:30:00,471.2449951171875,472.489990234375,471.2449951171875,472.251708984375,185074
2025-02-11 20:30:00,472.2250061035156,473.04998779296875,471.7900085449219,472.7300109863281,404560
2025-02-12 14:30:00,470.44000244140625,470.864990234375,468.14849853515625,468.489990234375,514802
2025-02-12 15:30:00,468.5,470.73638916015625,468.0899963378906,468.2749938964844,287445
2025-02-12 16:30:00,468.5,471.5199890136719,468.1099853515625,471.31500244140625,198384
2025-02-12 17:30:00,471.1700134277344,471.8299865722656,470.6099853515625,470.8599853515625,135182
2025-02-12 18:30:00,470.91650390625,471.6099853515625,470.70001220703125,471.3919982910156,127131
2025-02-12 19:30:00,471.3900146484375,472.1499938964844,470.8999938964844,470.9049987792969,176838
2025-02-12 20:30:00,471.0118103027344,472.0,470.6099853515625,471.739990234375,261606
2025-02-13 14:30:00,471.54998779296875,474.6000061035156,471.20001220703125,474.32000732421875,447313
2025-02-13 15:30:00,474.3500061035156,475.8900146484375,473.8573913574219,475.79681396484375,290591
2025-02-13 16:30:00,475.8800048828125,476.07000732421875,474.8973083496094,475.9075012207031,208605
2025-02-13 17:30:00,476.0400085449219,476.7699890136719,475.614990234375,476.489013671875,227098
2025-02-13 18:30:00,476.56500244140625,477.89990234375,475.625,477.74700927734375,289318
2025-02-13 19:30:00,477.7900085449219,480.4200134277344,477.7900085449219,480.0899963378906,465564
2025-02-13 20:30:00,480.0,481.19000244140625,479.6600036621094,480.5799865722656,468648
2025-02-14 14:30:00,481.4700012207031,484.54998779296875,481.25,482.7900085449219,558478
2025-02-14 15:30:00,482.8399963378906,483.84991455078125,482.2401123046875,482.77490234375,448983
2025-02-14 16:30:00,482.6400146484375,483.1700134277344,482.114990234375,482.5199890136719,146482
2025-02-14 17:30:00,482.5400085449219,482.8125915527344,481.7099914550781,482.3900146484375,164896
2025-02-14 18:30:00,482.48480224609375,482.9898986816406,481.82000732421875,481.82000732421875,124201
2025-02-14 19:30:00,481.80999755859375,481.8598937988281,479.5299987792969,479.6600036621094,210481
2025-02-14 20:30:00,479.6700134277344,480.3999938964844,479.45001220703125,479.5899963378906,372537
2025-02-18 14:30:00,480.3999938964844,482.7099914550781,477.6300048828125,482.4700012207031,633317
2025-02-18 15:30:00,482.4562072753906,484.05999755859375,481.2200927734375,481.375,263778
2025-02-18 16:30:00,481.4991149902344,482.6600036621094,481.2401123046875,482.0249938964844,192762
2025-02-18 17:30:00,481.989990234375,482.3599853515625,481.5799865722656,482.17498779296875,165363
2025-02-18 18:30:00,482.260009765625,483.1400146484375,481.2124938964844,481.37750244140625,255406
2025-02-18 19:30:00,481.4100036621094,481.54998779296875,480.6400146484375,481.45001220703125,237522
2025-02-18 20:30:00,481.3699951171875,482.8900146484375,480.6499938964844,482.80999755859375,508019
2025-02-19 14:30:00,482.3699951171875,483.70001220703125,480.67999267578125,483.3900146484375,434925
2025-02-19 15:30:00,483.2200012207031,484.1400146484375,482.94000244140625,484.1072998046875,246317
2025-02-19 16:30:00,484.1199951171875,484.7200012207031,482.54998779296875,482.6200866699219,245535
2025-02-19 17:30:00,482.54998779296875,482.7598876953125,481.635986328125,482.31500244140625,166629
2025-02-19 18:30:00,482.4599914550781,483.9100036621094,482.0899963378906,483.5799865722656,128028
2025-02-19 19:30:00,483.5799865722656,484.44989013671875,483.05999755859375,484.44989013671875,173979
2025-02-19 20:30:00,484.44000244140625,484.6000061035156,483.3699951171875,483.8900146484375,294905
2025-02-20 14:30:00,484.125,484.20001220703125,481.1099853515625,481.2699890136719,495760
2025-02-20 15:30:00,481.2900085449219,481.5986022949219,478.2900085449219,479.18499755859375,345469
2025-02-20 16:30:00,479.0400085449219,480.0,478.1400146484375,479.4849853515625,209100
2025-02-20 17:30:00,479.4849853515625,479.95001220703125,478.29998779296875,479.1600036621094,272706
2025-02-20 18:30:00,479.1499938964844,481.1199951171875,479.05999755859375,480.7690124511719,136114
2025-02-20 19:30:00,480.8500061035156,482.46990966796875,480.6700134277344,482.07000732421875,207503
2025-02-20 20:30:00,482.1000061035156,482.4800109863281,481.05999755859375,481.8500061035156,399469
2025-02-21 14:30:00,480.95001220703125,482.20001220703125,479.8900146484375,480.9100036621094,646577
2025-02-21 15:30:00,481.0120849609375,482.3299865722656,480.1199951171875,482.2099914550781,286875
2025-02-21 16:30:00,482.1199951171875,483.6400146484375,481.8800048828125,483.1099853515625,313723
2025-02-21 17:30:00,483.0,483.2799987792969,479.6000061035156,479.7489929199219,291938
2025-02-21 18:30:00,479.3500061035156,481.20001220703125,478.8800048828125,479.69000244140625,307007
2025-02-21 19:30:00,479.739990234375,480.8500061035156,479.1402893066406,480.6549987792969,442829
2025-02-21 20:30:00,480.77899169921875,481.125,477.739990234375,478.82000732421875,679038
2025-02-24 14:30:00,483.5,498.8599853515625,483.239990234375,497.7099914550781,2252031
2025-02-24 15:30:00,497.7099914550781,499.8800048828125,495.6499938964844,496.760009765625,1047525
2025-02-24 16:30:00,496.760009765625,498.72210693359375,496.6000061035156,497.010009765625,1022714
2025-02-24 17:30:00,497.010009765625,501.75,496.6499938964844,501.2650146484375,768357
2025-02-24 18:30:00,501.3034973144531,503.95989990234375,500.0101013183594,502.5,760837
2025-02-24 19:30:00,502.5299987792969,503.94000244140625,501.04998779296875,501.125,586319
2025-02-24 20:30:00,501.125,502.3999938964844,498.0899963378906,498.70001220703125,891687
2025-02-25 14:30:00,503.1499938964844,507.0,499.6199951171875,500.239990234375,1590791
2025-02-25 15:30:00,500.2099914550781,502.4831848144531,491.8999938964844,493.8800048828125,990326
2025-02-25 16:30:00,493.6099853515625,497.6400146484375,492.010009765625,497.6400146484375,442041
2025-02-25 17:30:00,497.6700134277344,499.92999267578125,497.2900085449219,497.7950134277344,377114
2025-02-25 18:30:00,497.79998779296875,501.57000732421875,497.7950134277344,499.7099914550781,472936
2025-02-25 19:30:00,499.7650146484375,502.5,499.7449951171875,501.3900146484375,562820
2025-02-25 20:30:00,501.4200134277344,501.48529052734375,499.0899963378906,499.760009765625,676473
2025-02-26 14:30:00,499.114990234375,499.8999938964844,494.2200012207031,498.6400146484375,921303
2025-02-26 15:30:00,498.6300048828125,499.5,496.6300048828125,496.6400146484375,381198
2025-02-26 16:30:00,496.6300048828125,496.9999084472656,495.0400085449219,496.33428955078125,306368
2025-02-26 17:30:00,496.31500244140625,496.81988525390625,493.2550048828125,493.2550048828125,321977
2025-02-26 18:30:00,493.30718994140625,494.5718078613281,493.04998779296875,494.4049987792969,275767
2025-02-26 19:30:00,494.4049987792969,495.2748107910156,493.5899963378906,494.0299987792969,319072
2025-02-26 20:30:00,493.9800109863281,495.2721862792969,493.44000244140625,494.1400146484375,447590
2025-02-27 14:30:00,496.45001220703125,504.95001220703125,495.6099853515625,504.3559875488281,915153
2025-02-27 15:30:00,504.0299987792969,504.3799133300781,501.1039123535156,502.20001220703125,478420
2025-02-27 16:30:00,502.1099853515625,502.69000244140625,499.0,501.6099853515625,314321
2025-02-27 17:30:00,501.7760009765625,503.9100036621094,500.0,503.7349853515625,350138
2025-02-27 18:30:00,503.6000061035156,504.8999938964844,503.1099853515625,504.5950012207031,466265
2025-02-27 19:30:00,504.82000732421875,504.82000732421875,501.3299865722656,501.92999267578125,512740
2025-02-27 20:30:00,502.21990966796875,503.7099914550781,501.82000732421875,502.4150085449219,706671
2025-02-28 14:30:00,507.4599914550781,511.489990234375,506.25,508.3476867675781,1361484
2025-02-28 15:30:00,508.2149963378906,509.29998779296875,506.0899963378906,506.1300048828125,525419
2025-02-28 16:30:00,506.1300048828125,508.1199951171875,505.8999938964844,506.20721435546875,333573
2025-02-28 17:30:00,506.239990234375,506.29998779296875,504.33331298828125,505.7200012207031,372311
2025-02-28 18:30:00,505.67498779296875,507.6700134277344,504.8299865722656,507.3699951171875,337997
2025-02-28 19:30:00,507.3800048828125,511.3999938964844,507.0932922363281,511.3399963378906,551564
2025-02-28 20:30:00,511.3399963378906,515.3699951171875,510.6099853515625,513.8400268554688,1022610
2025-03-03 14:30:00,517.1099853515625,518.77001953125,514.5999755859375,515.7086791992188,1175715
2025-03-03 15:30:00,515.5250244140625,516.75,510.0,510.9800109863281,601526
2025-03-03 16:30:00,510.9800109863281,512.739990234375,509.57000732421875,511.7749938964844,468103
2025-03-03 17:30:00,511.7950134277344,511.84259033203125,509.5,509.68499755859375,322811
2025-03-03 18:30:00,509.5400085449219,511.19989013671875,508.610107421875,509.0249938964844,449718
2025-03-03 19:30:00,509.1499938964844,510.70001220703125,506.4800109863281,506.6700134277344,648716
2025-03-03 20:30:00,506.7149963378906,510.489990234375,506.5,510.4200134277344,618998
2025-03-04 14:30:00,507.2699890136719,508.7300109863281,495.86151123046875,498.6600036621094,1771003
2025-03-04 15:30:00,498.65130615234375,499.6000061035156,496.0199890136719,497.5400085449219,691463
2025-03-04 16:30:00,497.6600036621094,499.25,496.6600036621094,497.8399963378906,543617
2025-03-04 17:30:00,497.8399963378906,498.8463134765625,495.7099914550781,497.3500061035156,456412
2025-03-04 18:30:00,497.17498779296875,500.7099914550781,496.75,498.69500732421875,455427
2025-03-04 19:30:00,498.69500732421875,502.1050109863281,497.8399963378906,500.5799865722656,421894
2025-03-04 20:30:00,500.82000732421875,500.82000732421875,493.6091003417969,495.7099914550781,791715
2025-03-05 14:30:00,496.0,499.1700134277344,493.4378967285156,494.19000244140625,830329
2025-03-05 15:30:00,494.010009765625,495.7373046875,492.32000732421875,493.0,385619
2025-03-05 16:30:00,492.9100036621094,497.0,492.7300109863281,496.8399963378906,282928
2025-03-05 17:30:00,497.0,497.71990966796875,495.3399963378906,495.8299865722656,311893
2025-03-05 18:30:00,496.0198974609375,500.0899963378906,494.7900085449219,498.7300109863281,362103
2025-03-05 19:30:00,498.697998046875,500.92999267578125,498.4252014160156,500.67498779296875,420894
2025-03-05 20:30:00,500.54998779296875,500.5849914550781,497.0,498.1400146484375,559460
2025-03-06 14:30:00,496.8349914550781,497.2900085449219,491.63140869140625,497.04998779296875,781701
2025-03-06 15:30:00,497.05999755859375,499.1000061035156,496.0,497.7149963378906,435346
2025-03-06 16:30:00,497.6700134277344,498.6700134277344,493.8900146484375,494.3999938964844,490289
2025-03-06 17:30:00,494.2139892578125,496.7099914550781,492.9200134277344,494.9599914550781,292748
2025-03-06 18:30:00,494.94000244140625,495.9515075683594,493.8800048828125,495.17999267578125,239566
2025-03-06 19:30:00,495.07000732421875,498.2598876953125,494.5400085449219,498.1000061035156,409044
2025-03-06 20:30:00,498.0450134277344,498.989990234375,496.989990234375,497.95001220703125,572062
2025-03-07 14:30:00,496.2900085449219,498.1400146484375,494.0801086425781,496.1000061035156,658728
2025-03-07 15:30:00,495.92999267578125,496.25,490.2101135253906,490.45001220703125,548198
2025-03-07 16:30:00,490.5,492.4999084472656,490.1099853515625,491.7850036621094,449807
2025-03-07 17:30:00,491.7699890136719,495.7799072265625,491.29998779296875,494.8900146484375,324611
2025-03-07 18:30:00,494.8900146484375,498.2699890136719,494.2279968261719,497.4049987792969,345303
2025-03-07 19:30:00,497.30999755859375,497.6700134277344,495.54998779296875,496.2091979980469,297988
2025-03-07 20:30:00,496.29998779296875,497.1000061035156,493.927001953125,495.489990234375,435600
2025-03-10 13:30:00,490.0,494.7799072265625,490.0,493.6300048828125,822097
2025-03-10 14:30:00,493.70001220703125,500.4490051269531,493.3644104003906,497.260009765625,659593
2025-03-10 15:30:00,497.2699890136719,498.489990234375,495.54998779296875,497.9599914550781,524481
2025-03-10 16:30:00,497.7799987792969,498.82501220703125,496.79998779296875,497.3399963378906,658823
2025-03-10 17:30:00,497.32000732421875,497.7099914550781,495.20001220703125,495.6700134277344,563533
2025-03-10 18:30:00,495.6400146484375,496.1600036621094,492.07501220703125,495.04998779296875,624312
2025-03-10 19:30:00,495.04998779296875,498.19000244140625,495.04998779296875,497.4200134277344,741664
2025-03-11 13:30:00,496.0,497.0,492.2250061035156,493.50250244140625,957338
2025-03-11 14:30:00,494.010009765625,495.67999267578125,491.54998779296875,494.69000244140625,533225
2025-03-11 15:30:00,494.70001220703125,496.94000244140625,492.55999755859375,493.25,450814
2025-03-11 16:30:00,493.3900146484375,494.05999755859375,491.3100891113281,492.70001220703125,376324
2025-03-11 17:30:00,492.6000061035156,496.75,492.5,496.0,389651
2025-03-11 18:30:00,495.8999938964844,499.1499938964844,494.8599853515625,496.2200012207031,557081
2025-03-11 19:30:00,496.3800048828125,497.94000244140625,495.7900085449219,496.05999755859375,777452
2025-03-12 13:30:00,497.6000061035156,498.32330322265625,488.75,493.3999938964844,912254
2025-03-12 14:30:00,493.5,495.9700012207031,492.2077941894531,495.9700012207031,435860
2025-03-12 15:30:00,495.9200134277344,497.8900146484375,495.6650085449219,496.2550048828125,393389
2025-03-12 16:30:00,496.2550048828125,497.8900146484375,494.7699890136719,497.41339111328125,232022
2025-03-12 17:30:00,497.5299987792969,497.8900146484375,494.79998779296875,496.1400146484375,237470
2025-03-12 18:30:00,496.4700012207031,497.9800109863281,495.7550964355469,496.1004943847656,329415
2025-03-12 19:30:00,496.3999938964844,497.139892578125,495.0534973144531,495.7300109863281,375458
2025-03-13 13:30:00,496.4599914550781,507.39801025390625,494.75,504.19000244140625,1167950
2025-03-13 14:30:00,504.19500732421875,506.1700134277344,502.5,502.7991027832031,591273
2025-03-13 15:30:00,502.8599853515625,505.510009765625,502.1000061035156,504.1099853515625,619080
2025-03-13 16:30:00,504.0,505.1099853515625,502.78729248046875,503.81500244140625,401172
2025-03-13 17:30:00,503.6300048828125,504.7300109863281,502.2099914550781,503.8500061035156,479725
2025-03-13 18:30:00,503.8999938964844,504.5199890136719,502.75,503.260009765625,468925
2025-03-13 19:30:00,503.1499938964844,504.739990234375,502.3275146484375,504.54998779296875,681338
2025-03-14 13:30:00,506.95001220703125,510.64990234375,502.9200134277344,508.6650085449219,1029092
2025-03-14 14:30:00,508.92999267578125,514.3200073242188,508.3399963378906,512.5700073242188,825160
2025-03-14 15:30:00,512.7999877929688,515.6699829101562,511.510009765625,512.9099731445312,647947
2025-03-14 16:30:00,512.9013061523438,515.260009765625,512.4099731445312,513.8400268554688,406209
2025-03-14 17:30:00,513.9949951171875,514.2899780273438,512.2473754882812,512.989990234375,355494
2025-03-14 18:30:00,512.989990234375,515.1500244140625,512.989990234375,514.260009765625,539535
2025-03-14 19:30:00,514.1400146484375,515.8400268554688,512.9500732421875,514.489990234375,871448
2025-03-17 13:30:00,514.6199951171875,521.7000122070312,513.5,519.4149780273438,1102912
2025-03-17 14:30:00,519.1799926757812,520.1500244140625,516.75,518.0,652205
2025-03-17 15:30:00,517.8883056640625,520.3099975585938,516.7999877929688,519.401123046875,502610
2025-03-17 16:30:00,519.4000244140625,520.968505859375,518.8350219726562,520.467529296875,359182
2025-03-17 17:30:00,520.3900146484375,522.3300170898438,520.1099853515625,520.1799926757812,415039
2025-03-17 18:30:00,520.3093872070312,523.969970703125,520.1699829101562,523.8200073242188,469075
2025-03-17 19:30:00,523.8800048828125,524.7100219726562,522.6099853515625,523.030029296875,732305
2025-03-18 13:30:00,525.4500122070312,528.3800048828125,523.1201171875,524.1799926757812,1223536
2025-03-18 14:30:00,524.5,526.8529052734375,522.3099975585938,523.0900268554688,582720
2025-03-18 15:30:00,522.9299926757812,524.6799926757812,521.4199829101562,523.9199829101562,418916
2025-03-18 16:30:00,523.9600219726562,524.0599975585938,521.5100708007812,522.8599853515625,360412
2025-03-18 17:30:00,522.8925170898438,523.9982299804688,522.0800170898438,522.155029296875,400394
2025-03-18 18:30:00,522.280029296875,523.5999755859375,522.1799926757812,523.2550048828125,316060
2025-03-18 19:30:00,523.3800048828125,523.469970703125,521.4500122070312,523.3800048828125,431359
2025-03-19 13:30:00,525.6900024414062,526.0999755859375,520.655029296875,523.9550170898438,760043
2025-03-19 14:30:00,523.7435913085938,524.5150146484375,522.510009765625,522.780029296875,407983
2025-03-19 15:30:00,522.8699951171875,524.6500244140625,522.6599731445312,523.5,347134
2025-03-19 16:30:00,523.5,524.1500244140625,521.739990234375,521.9500122070312,231384
2025-03-19 17:30:00,521.8699951171875,523.8099975585938,521.5,523.139892578125,250439
2025-03-19 18:30:00,522.9500122070312,526.0800170898438,522.8200073242188,525.239990234375,492513
2025-03-19 19:30:00,525.0457763671875,526.7100219726562,525.0,525.530029296875,525941
2025-03-20 13:30:00,524.0,529.093505859375,522.6699829101562,529.0700073242188,659851
2025-03-20 14:30:00,529.010009765625,530.5399780273438,528.5966186523438,529.0,580772
2025-03-20 15:30:00,529.0,530.0,528.25,528.7949829101562,377534
2025-03-20 16:30:00,528.9199829101562,529.219970703125,527.2855834960938,527.5150146484375,342473
2025-03-20 17:30:00,527.6099853515625,529.0900268554688,527.22998046875,527.8499755859375,301104
2025-03-20 18:30:00,527.8400268554688,529.4099731445312,527.2473754882812,528.0700073242188,323308
2025-03-20 19:30:00,528.2050170898438,529.5968017578125,527.969970703125,528.6400146484375,517260
2025-03-21 13:30:00,528.3099975585938,528.9600219726562,523.2100219726562,523.6799926757812,2474250
2025-03-21 14:30:00,523.77001953125,523.969970703125,521.610107421875,522.3447875976562,517878
2025-03-21 15:30:00,522.2999877929688,524.6799926757812,521.73291015625,524.0900268554688,539340
2025-03-21 16:30:00,524.02001953125,525.3400268554688,522.6199951171875,523.7138061523438,319243
2025-03-21 17:30:00,523.7000122070312,524.8200073242188,522.989990234375,522.989990234375,297602
2025-03-21 18:30:00,523.0900268554688,524.3800048828125,522.3699951171875,522.7000122070312,340458
2025-03-21 19:30:00,522.719970703125,523.1699829101562,520.72998046875,521.5700073242188,925901
2025-03-24 13:30:00,523.0999755859375,526.3499755859375,521.47998046875,525.2899780273438,940426
2025-03-24 14:30:00,525.5458984375,526.5599975585938,524.52001953125,525.6807250976562,374220
2025-03-24 15:30:00,525.47509765625,527.2999877929688,524.6400146484375,526.02001953125,329743
2025-03-24 16:30:00,526.093017578125,526.530029296875,522.5,523.5399780273438,458123
2025-03-24 17:30:00,523.5800170898438,524.455078125,522.5599975585938,523.1599731445312,349029
2025-03-24 18:30:00,523.1199951171875,525.280029296875,522.5499877929688,524.8200073242188,391347
2025-03-24 19:30:00,524.9755859375,526.8599853515625,524.35009765625,525.7100219726562,546906
2025-03-25 13:30:00,527.1849975585938,533.2899780273438,525.88037109375,531.469970703125,955612
2025-03-25 14:30:00,531.780029296875,532.3900146484375,527.2899780273438,527.9852905273438,495926
2025-03-25 15:30:00,527.75,528.4500122070312,526.9000244140625,527.2349853515625,256039
2025-03-25 16:30:00,527.3200073242188,528.260009765625,526.9099731445312,528.2000122070312,218124
2025-03-25 17:30:00,528.1900024414062,528.280029296875,526.3800048828125,527.0850219726562,204890
2025-03-25 18:30:00,527.2899780273438,528.0444946289062,526.6099853515625,527.8150024414062,457583
2025-03-25 19:30:00,527.8599853515625,529.5999755859375,526.71337890625,528.9600219726562,456631
2025-03-26 13:30:00,531.0,537.6300048828125,530.97998046875,533.7000122070312,1270180
2025-03-26 14:30:00,533.614990234375,534.280029296875,531.2000122070312,531.25,743212
2025-03-26 15:30:00,531.280029296875,533.173095703125,531.2000122070312,532.780029296875,627322
2025-03-26 16:30:00,532.8699951171875,533.010009765625,531.0,531.2750244140625,321394
2025-03-26 17:30:00,531.2550048828125,533.0499877929688,531.0,532.2098999023438,354092
2025-03-26 18:30:00,531.8984985351562,532.9299926757812,531.1199951171875,532.1649780273438,327743
2025-03-26 19:30:00,532.1649780273438,533.9199829101562,532.0700073242188,532.9500122070312,457199
2025-03-27 13:30:00,533.25,535.3400268554688,529.3536987304688,534.6204223632812,1028232
2025-03-27 14:30:00,534.5399780273438,537.22998046875,534.030029296875,535.9000244140625,712763
2025-03-27 15:30:00,535.8499755859375,537.3800048828125,534.6099853515625,536.5399780273438,699511
2025-03-27 16:30:00,536.6599731445312,537.1199951171875,533.3499755859375,534.6348876953125,447553
2025-03-27 17:30:00,534.6900024414062,535.0,532.8099975585938,534.2584228515625,422855
2025-03-27 18:30:00,533.989990234375,535.4500122070312,533.030029296875,535.3837890625,387190
2025-03-27 19:30:00,535.2999877929688,535.5900268554688,534.0,534.4099731445312,529256
2025-03-28 13:30:00,535.3499755859375,536.0,528.1563720703125,528.2899780273438,978439
2025-03-28 14:30:00,528.2999877929688,529.0499877929688,524.8699951171875,528.010009765625,783905
2025-03-28 15:30:00,527.97998046875,528.7999877929688,526.489990234375,526.5700073242188,328274
2025-03-28 16:30:00,526.614990234375,527.7969970703125,524.7116088867188,524.8820190429688,368896
2025-03-28 17:30:00,524.8200073242188,526.5599975585938,524.75,525.4299926757812,346134
2025-03-28 18:30:00,525.3400268554688,526.489990234375,524.6790771484375,525.6799926757812,400859
2025-03-28 19:30:00,525.6900024414062,527.25,524.7100219726562,526.1699829101562,1053827
2025-03-31 13:30:00,521.4000244140625,527.22998046875,519.0,527.22998046875,1296864
2025-03-31 14:30:00,526.760009765625,529.8099975585938,526.3599853515625,529.219970703125,589571
2025-03-31 15:30:00,529.2949829101562,530.8099975585938,528.36572265625,530.8099975585938,497710
2025-03-31 16:30:00,530.655029296875,531.618896484375,529.259521484375,530.5980224609375,383077
2025-03-31 17:30:00,530.5164794921875,533.4500122070312,529.7745971679688,532.77001953125,370783
2025-03-31 18:30:00,532.9400024414062,534.5999755859375,531.27001953125,533.155029296875,519145
2025-03-31 19:30:00,533.14501953125,536.52001953125,532.0399780273438,533.2899780273438,939100
2025-04-01 13:30:00,531.8800048828125,536.4099731445312,527.5001220703125,529.9099731445312,884204
2025-04-01 14:30:00,529.9450073242188,534.4536743164062,529.8233032226562,533.0599975585938,498881
2025-04-01 15:30:00,533.02001953125,535.3485107421875,532.0800170898438,533.5150146484375,443152
2025-04-01 16:30:00,533.27001953125,533.4000244140625,530.8350219726562,531.1456909179688,304929
2025-04-01 17:30:00,531.010009765625,531.8400268554688,530.4199829101562,530.7999877929688,297784
2025-04-01 18:30:00,530.9000244140625,531.9400024414062,530.1300048828125,531.6500244140625,321035
2025-04-01 19:30:00,531.530029296875,533.4099731445312,531.4000244140625,533.0,442674
2025-04-02 13:30:00,532.1300048828125,534.8599853515625,530.8200073242188,534.7899780273438,675491
2025-04-02 14:30:00,534.80126953125,535.6099853515625,533.81201171875,534.2050170898438,405267
2025-04-02 15:30:00,534.2921752929688,535.2000122070312,532.02001953125,534.2604370117188,387128
2025-04-02 16:30:00,534.0673828125,536.25,533.7000122070312,535.1699829101562,380558
2025-04-02 17:30:00,535.1900024414062,535.3399047851562,533.5206298828125,533.72998046875,254254
2025-04-02 18:30:00,533.5700073242188,535.7155151367188,533.52001953125,535.2000122070312,330754
2025-04-02 19:30:00,535.0599975585938,539.0,534.969970703125,537.5399780273438,694214
2025-04-03 13:30:00,527.6199951171875,535.261474609375,525.1400146484375,531.0,1477258
2025-04-03 14:30:00,530.8400268554688,535.7999267578125,530.655517578125,534.193603515625,753803
2025-04-03 15:30:00,533.780029296875,538.7899780273438,532.7899780273438,538.489990234375,574870
2025-04-03 16:30:00,538.77001953125,538.7999877929688,535.2760009765625,535.6199951171875,556413
2025-04-03 17:30:00,535.4349975585938,537.2899780273438,534.760009765625,534.8599853515625,499118
2025-04-03 18:30:00,534.8900146484375,536.1900024414062,532.2999877929688,533.4550170898438,614310
2025-04-03 19:30:00,533.260009765625,533.3599853515625,529.7000122070312,530.3900146484375,850379
2025-04-04 13:30:00,519.0,521.0,508.7900085449219,509.0899963378906,2810971
2025-04-04 14:30:00,508.8900146484375,513.3560180664062,504.2200012207031,504.75,1755991
2025-04-04 15:30:00,504.91400146484375,505.82501220703125,499.3699951171875,501.1199951171875,1495969
2025-04-04 16:30:00,501.0899963378906,503.389892578125,494.4200134277344,498.5745849609375,1372553
2025-04-04 17:30:00,498.260009765625,502.260009765625,496.1300048828125,496.56500244140625,914807
2025-04-04 18:30:00,496.56500244140625,499.3634948730469,492.9800109863281,497.2825012207031,1167403
2025-04-04 19:30:00,497.2650146484375,500.8900146484375,492.9800109863281,493.6099853515625,1462775
2025-04-07 13:30:00,467.4150085449219,505.8450927734375,462.1000061035156,481.9100036621094,4873812
2025-04-07 14:30:00,482.010009765625,492.260009765625,477.6700134277344,479.1700134277344,1638585
2025-04-07 15:30:00,480.0400085449219,489.427490234375,478.79998779296875,484.07000732421875,864773
2025-04-07 16:30:00,483.4599914550781,489.6549987792969,481.42498779296875,489.5350036621094,761450
2025-04-07 17:30:00,489.1300048828125,495.7099914550781,486.2101135253906,491.3900146484375,890959
2025-04-07 18:30:00,491.239990234375,493.0,486.3299865722656,486.3999938964844,885277
2025-04-07 19:30:00,486.7349853515625,493.0,486.7349853515625,490.54998779296875,1085380
2025-04-08 13:30:00,509.0249938964844,516.0,501.5,514.89990234375,2539955
2025-04-08 14:30:00,514.5349731445312,515.238525390625,504.0,504.7200012207031,1245294
2025-04-08 15:30:00,504.6199951171875,508.8830871582031,504.3999938964844,507.00518798828125,699112
2025-04-08 16:30:00,507.3999938964844,507.989990234375,496.0,496.6600036621094,890218
2025-04-08 17:30:00,496.6600036621094,502.1499938964844,495.40008544921875,496.30999755859375,573043
2025-04-08 18:30:00,496.6000061035156,501.07000732421875,491.54998779296875,493.85931396484375,819152
2025-04-08 19:30:00,493.8800048828125,494.14990234375,484.19000244140625,492.8399963378906,1198001
2025-04-09 13:30:00,490.0,498.1799011230469,486.0,490.53131103515625,1402603
2025-04-09 14:30:00,490.1499938964844,493.4002990722656,485.8599853515625,492.4200134277344,728337
2025-04-09 15:30:00,492.239990234375,494.5,488.3699951171875,493.32000732421875,659577
2025-04-09 16:30:00,493.1300048828125,517.9099731445312,489.0,510.2900085449219,1333230
2025-04-09 17:30:00,510.010009765625,520.5,507.5304870605469,515.8699951171875,1882441
2025-04-09 18:30:00,516.2105102539062,519.530029296875,510.9800109863281,518.2999877929688,1162231
2025-04-09 19:30:00,518.75,523.9299926757812,517.7999877929688,520.77001953125,1243898
2025-04-10 13:30:00,518.2999877929688,521.4099731445312,513.4061279296875,516.1500244140625,1774797
2025-04-10 14:30:00,516.4299926757812,518.5499877929688,511.8399963378906,512.382080078125,682074
2025-04-10 15:30:00,512.0850219726562,512.1699829101562,498.6087951660156,500.17999267578125,817852
2025-04-10 16:30:00,500.6300048828125,512.52001953125,500.2359924316406,508.625,720846
2025-04-10 17:30:00,508.625,518.0225219726562,507.33929443359375,517.0599975585938,762884
2025-04-10 18:30:00,517.3049926757812,519.0449829101562,512.4299926757812,512.8200073242188,783881
2025-04-10 19:30:00,512.3200073242188,516.47998046875,507.4100036621094,515.4600219726562,791338
2025-04-11 13:30:00,515.0,520.3134765625,510.7699890136719,513.4949951171875,1130743
2025-04-11 14:30:00,513.6300048828125,519.5,512.5,513.77001953125,618051
2025-04-11 15:30:00,514.010009765625,520.0700073242188,513.5,518.155029296875,451708
2025-04-11 16:30:00,518.1638793945312,523.510009765625,518.1638793945312,520.9500122070312,639369
2025-04-11 17:30:00,520.9500122070312,526.25,520.2899780273438,523.0,626861
2025-04-11 18:30:00,522.8900146484375,524.9500122070312,521.9600219726562,523.9771118164062,655200
2025-04-11 19:30:00,524.010009765625,526.5800170898438,523.1400146484375,523.6199951171875,1000487
2025-04-14 13:30:00,531.0,536.52001953125,527.780029296875,532.530029296875,1597729
2025-04-14 14:30:00,532.75,535.2000122070312,529.4910278320312,529.4910278320312,627256
2025-04-14 15:30:00,529.75,531.5,526.97998046875,528.1749877929688,523814
2025-04-14 16:30:00,528.1300048828125,530.6699829101562,527.5,529.5700073242188,364881
2025-04-14 17:30:00,529.3499755859375,532.47998046875,528.4500122070312,532.02001953125,381923
2025-04-14 18:30:00,532.010009765625,533.010009765625,531.0599975585938,532.8499755859375,451990
2025-04-14 19:30:00,532.7650146484375,533.0700073242188,529.0399780273438,529.5399780273438,537492
2025-04-15 13:30:00,532.6199951171875,535.9199829101562,531.030029296875,534.0075073242188,755508
2025-04-15 14:30:00,533.510009765625,535.756103515625,532.9099731445312,533.4500122070312,369175
2025-04-15 15:30:00,533.7100219726562,534.6605224609375,531.37109375,531.85498046875,308220
2025-04-15 16:30:00,531.9299926757812,532.3381958007812,530.010009765625,530.280029296875,330998
2025-04-15 17:30:00,530.3099975585938,531.8400268554688,529.8499755859375,530.8499755859375,351387
2025-04-15 18:30:00,530.89501953125,531.75,530.0700073242188,530.75,311960
2025-04-15 19:30:00,530.4149780273438,530.5800170898438,527.3599853515625,528.3599853515625,989656
2025-04-16 13:30:00,529.2999877929688,530.1300048828125,522.0999755859375,525.27001953125,1063522
2025-04-16 14:30:00,525.3599853515625,526.0700073242188,523.2899780273438,525.97998046875,384043
2025-04-16 15:30:00,525.9149780273438,525.9299926757812,522.4099731445312,522.97998046875,361531
2025-04-16 16:30:00,523.02001953125,523.0800170898438,520.39501953125,521.0499877929688,680454
2025-04-16 17:30:00,520.9625244140625,520.9625244140625,515.0499877929688,517.1950073242188,740796
2025-04-16 18:30:00,517.0800170898438,517.4000244140625,512.8900146484375,513.8200073242188,668107
2025-04-16 19:30:00,514.030029296875,517.1199951171875,513.47998046875,516.4099731445312,664581
2025-04-17 13:30:00,518.89501953125,521.5599975585938,516.5,516.5700073242188,886104
2025-04-17 14:30:00,516.6649780273438,521.5560302734375,514.5701293945312,520.5250244140625,435496
2025-04-17 15:30:00,520.6519775390625,522.5571899414062,520.0999755859375,522.0,438240
2025-04-17 16:30:00,522.0599975585938,523.1746826171875,520.4412841796875,521.219970703125,329753
2025-04-17 17:30:00,521.3049926757812,523.8800048828125,521.0599975585938,521.77001953125,334062
2025-04-17 18:30:00,521.7100219726562,522.8198852539062,520.3300170898438,521.2692260742188,414674
2025-04-17 19:30:00,521.114990234375,521.8695068359375,517.52001953125,517.7999877929688,554494
2025-04-21 13:30:00,517.530029296875,518.6699829101562,510.54998779296875,510.7449951171875,637664
2025-04-21 14:30:00,510.5799865722656,511.20001220703125,506.54998779296875,506.8999938964844,596303
2025-04-21 15:30:00,506.94000244140625,507.052490234375,503.3500061035156,503.8349914550781,444441
2025-04-21 16:30:00,503.79998779296875,505.4762878417969,500.9732971191406,501.4599914550781,515110
2025-04-21 17:30:00,501.4750061035156,502.2998962402344,498.0799865722656,500.70001220703125,582567
2025-04-21 18:30:00,500.5252990722656,502.3999938964844,500.2799987792969,501.364990234375,496554
2025-04-21 19:30:00,501.364990234375,507.29998779296875,501.2900085449219,506.9200134277344,758258
2025-04-22 13:30:00,514.22998046875,516.1569213867188,511.6499938964844,515.7000122070312,969125
2025-04-22 14:30:00,515.6500244140625,517.3099975585938,514.6900024414062,516.614990234375,460208
2025-04-22 15:30:00,516.614990234375,521.5,516.5,518.9500122070312,461897
2025-04-22 16:30:00,518.9500122070312,519.6408081054688,514.9199829101562,515.125,387712
2025-04-22 17:30:00,515.1199951171875,518.7199096679688,514.25,517.969970703125,358070
2025-04-22 18:30:00,517.9650268554688,520.77001953125,517.7540283203125,519.916015625,380509
2025-04-22 19:30:00,519.8099975585938,522.219970703125,519.4199829101562,520.9000244140625,599313
2025-04-23 13:30:00,527.5,532.2000122070312,525.1099853515625,531.5001220703125,1159460
2025-04-23 14:30:00,531.8049926757812,532.27001953125,525.5900268554688,526.5999755859375,476963
2025-04-23 15:30:00,526.8800048828125,528.1199951171875,523.885009765625,525.5599975585938,349999
2025-04-23 16:30:00,525.8400268554688,528.3626098632812,525.3099975585938,526.9400024414062,295031
2025-04-23 17:30:00,526.9299926757812,528.0,525.4500122070312,525.5399780273438,239870
2025-04-23 18:30:00,525.719970703125,526.5800170898438,524.4600830078125,525.0750122070312,589750
2025-04-23 19:30:00,525.1799926757812,528.0,524.6799926757812,526.6699829101562,492644
2025-04-24 13:30:00,526.8099975585938,529.9099731445312,523.1599731445312,529.72998046875,634534
2025-04-24 14:30:00,529.614990234375,531.22998046875,529.0800170898438,529.3099975585938,401771
2025-04-24 15:30:00,529.4299926757812,530.5700073242188,528.1099853515625,529.8099975585938,268077
2025-04-24 16:30:00,530.2000122070312,531.1224975585938,529.530029296875,529.8599853515625,219805
2025-04-24 17:30:00,530.030029296875,531.3800048828125,528.0700073242188,530.5,279502
2025-04-24 18:30:00,530.5999755859375,532.4400024414062,530.1710815429688,532.007080078125,308726
2025-04-24 19:30:00,531.9971923828125,533.1300048828125,531.3300170898438,531.9299926757812,474605
2025-04-25 13:30:00,531.75,532.4398803710938,526.7899780273438,528.530029296875,577692
2025-04-25 14:30:00,528.5,530.530029296875,527.6900024414062,528.9249877929688,242232
2025-04-25 15:30:00,528.926513671875,529.6898803710938,527.6923217773438,529.5999755859375,203693
2025-04-25 16:30:00,529.5281982421875,530.4500122070312,528.3300170898438,530.368896484375,222089
2025-04-25 17:30:00,530.4413452148438,530.760009765625,527.0601196289062,529.8300170898438,315728
2025-04-25 18:30:00,529.6199951171875,530.6599731445312,529.22998046875,529.530029296875,225228
2025-04-25 19:30:00,529.5449829101562,531.4099731445312,529.0700073242188,530.9099731445312,347848
2025-04-28 13:30:00,533.6300048828125,536.8200073242188,532.8499755859375,535.7249755859375,958363
2025-04-28 14:30:00,535.8900146484375,535.9000244140625,532.25,532.4149780273438,442295
2025-04-28 15:30:00,532.4149780273438,532.4299926757812,527.5,528.5800170898438,456391
2025-04-28 16:30:00,528.8699951171875,529.3499755859375,526.8265991210938,527.4633178710938,307196
2025-04-28 17:30:00,527.25,529.1099853515625,526.5800170898438,528.7100219726562,336553
2025-04-28 18:30:00,528.8099975585938,529.6900024414062,527.7064208984375,529.6900024414062,331678
2025-04-28 19:30:00,529.7100219726562,531.97998046875,528.8900146484375,530.72998046875,443507
2025-04-29 13:30:00,531.0,532.4000244140625,528.2899780273438,528.614990234375,564964
2025-04-29 14:30:00,528.6201782226562,532.3751831054688,528.6201782226562,532.094970703125,272081
2025-04-29 15:30:00,531.8499755859375,533.3099975585938,530.6600952148438,533.2424926757812,247389
2025-04-29 16:30:00,533.1649780273438,533.39990234375,531.0499877929688,532.9099731445312,196155
2025-04-29 17:30:00,533.030029296875,535.3400268554688,532.9099731445312,534.1799926757812,418117
2025-04-29 18:30:00,534.3300170898438,534.4299926757812,533.1199951171875,533.7058715820312,321145
2025-04-29 19:30:00,533.75,535.2999877929688,533.6099853515625,534.3800048828125,511930
2025-04-30 13:30:00,531.510009765625,533.2000122070312,524.003173828125,527.4711303710938,936113
2025-04-30 14:30:00,527.5599975585938,531.4500122070312,527.4849853515625,530.3889770507812,410905
2025-04-30 15:30:00,530.5,532.1199951171875,530.3519897460938,531.0599975585938,253200
2025-04-30 16:30:00,530.8900146484375,532.3900146484375,530.2000122070312,532.2949829101562,238088
2025-04-30 17:30:00,532.3099975585938,534.0,530.0999755859375,530.5700073242188,358431
2025-04-30 18:30:00,530.2645874023438,531.2000122070312,529.3699951171875,530.1199951171875,303484
2025-04-30 19:30:00,530.1704711914062,535.719970703125,529.56298828125,532.97998046875,952964
2025-05-01 13:30:00,531.0,531.4356079101562,528.2999877929688,530.6500244140625,848773
2025-05-01 14:30:00,530.719970703125,531.1099853515625,528.75,530.3300170898438,578944
2025-05-01 15:30:00,530.4249877929688,531.8499755859375,529.0885009765625,529.8099975585938,440658
2025-05-01 16:30:00,529.760009765625,531.0599975585938,528.6400146484375,530.3150024414062,325591
2025-05-01 17:30:00,530.3150024414062,531.4099731445312,528.969970703125,530.3800048828125,377039
2025-05-01 18:30:00,530.4000244140625,532.3900146484375,530.344970703125,532.3900146484375,364663
2025-05-01 19:30:00,532.3499755859375,533.2650146484375,529.5449829101562,530.1400146484375,715911
2025-05-02 13:30:00,536.75,539.7399291992188,535.2581176757812,538.7498779296875,1054045
2025-05-02 14:30:00,538.6400146484375,539.22998046875,537.1699829101562,537.25,515361
2025-05-02 15:30:00,537.4500122070312,539.5,537.1953735351562,538.9000244140625,454377
2025-05-02 16:30:00,538.8900146484375,539.12158203125,537.72998046875,538.010009765625,353368
2025-05-02 17:30:00,538.0499877929688,539.030029296875,537.7100219726562,538.780029296875,348478
2025-05-02 18:30:00,538.8099975585938,541.2000122070312,538.756103515625,540.9119873046875,526171
2025-05-02 19:30:00,540.9199829101562,542.0700073242188,539.4299926757812,539.5599975585938,780946
2025-05-05 13:30:00,520.0800170898438,521.1799926757812,502.80010986328125,509.09991455078125,6877975
2025-05-05 14:30:00,508.9700012207031,516.3900146484375,507.9599914550781,516.3900146484375,2763037
2025-05-05 15:30:00,516.3900146484375,520.260009765625,515.5399780273438,516.97998046875,1619903
2025-05-05 16:30:00,516.8499755859375,518.219970703125,514.6799926757812,517.1099853515625,1061592
2025-05-05 17:30:00,517.135009765625,519.2000122070312,515.9199829101562,516.3900146484375,891435
2025-05-05 18:30:00,516.4849853515625,516.6300048828125,511.3327941894531,511.5199890136719,1046624
2025-05-05 19:30:00,511.3500061035156,513.0499877929688,510.4200134277344,512.75,1255026
2025-05-06 13:30:00,509.57000732421875,514.239990234375,507.989990234375,510.6499938964844,1900032
2025-05-06 14:30:00,510.6499938964844,514.8599853515625,510.6300048828125,513.6099853515625,656078
2025-05-06 15:30:00,513.7349853515625,514.7322998046875,512.1099853515625,512.3109741210938,456047
2025-05-06 16:30:00,512.4149780273438,515.4666137695312,511.54998779296875,514.3300170898438,505928
2025-05-06 17:30:00,514.3599853515625,514.5999755859375,512.2999877929688,514.3699951171875,333950
2025-05-06 18:30:00,514.2329711914062,515.75,513.6699829101562,514.4500122070312,485491
2025-05-06 19:30:00,514.3499755859375,514.9299926757812,512.0,512.219970703125,558267
2025-05-07 13:30:00,515.0150146484375,518.1799926757812,513.0,517.6599731445312,930188
2025-05-07 14:30:00,517.6599731445312,520.25,515.5,516.4099731445312,1032113
2025-05-07 15:30:00,516.219970703125,518.4799194335938,515.7999877929688,516.5,812653
2025-05-07 16:30:00,516.4600219726562,519.7999877929688,516.239990234375,519.25,374014
2025-05-07 17:30:00,519.3499755859375,519.5399780273438,516.1799926757812,518.0,410363
2025-05-07 18:30:00,518.0399780273438,520.02001953125,516.219970703125,516.5025024414062,457612
2025-05-07 19:30:00,516.6099853515625,519.1500244140625,516.0999755859375,518.030029296875,595164
2025-05-08 13:30:00,520.97998046875,521.2590942382812,517.3200073242188,518.22998046875,843817
2025-05-08 14:30:00,518.3800048828125,519.5798950195312,516.8800048828125,518.9400024414062,475199
2025-05-08 15:30:00,519.030029296875,521.0900268554688,518.3200073242188,519.4400024414062,582296
2025-05-08 16:30:00,519.5488891601562,520.0960083007812,517.8201293945312,518.1849975585938,337308
2025-05-08 17:30:00,518.0999755859375,518.3300170898438,515.5,516.1599731445312,441466
2025-05-08 18:30:00,516.3099975585938,516.8298950195312,515.5,516.0850219726562,419313
2025-05-08 19:30:00,516.1199951171875,516.1300048828125,513.0401000976562,513.6199951171875,800578
2025-05-09 13:30:00,514.25,514.719970703125,510.2532958984375,511.8999938964844,892107
2025-05-09 14:30:00,511.97760009765625,513.3699951171875,510.67999267578125,513.0800170898438,459630
2025-05-09 15:30:00,513.1500244140625,515.9099731445312,512.7501220703125,513.5549926757812,390444
2025-05-09 16:30:00,513.5050048828125,514.7100219726562,512.9600219726562,514.4299926757812,254874
2025-05-09 17:30:00,514.2600708007812,515.5,514.25,514.6199951171875,235437
2025-05-09 18:30:00,514.5800170898438,515.0999755859375,513.469970703125,513.5999755859375,477190
2025-05-09 19:30:00,513.5349731445312,514.1099853515625,512.8499755859375,513.8099975585938,331530
2025-05-12 13:30:00,520.2999877929688,520.2999877929688,512.0599975585938,512.2493896484375,1703698
2025-05-12 14:30:00,512.1951904296875,513.760009765625,511.2699890136719,512.0399780273438,782484
2025-05-12 15:30:00,512.1163940429688,512.375,510.5400085449219,510.7200012207031,518009
2025-05-12 16:30:00,510.67999267578125,512.3800048828125,510.25,511.4700012207031,607393
2025-05-12 17:30:00,511.51409912109375,511.8599853515625,510.5799865722656,511.0199890136719,459365
2025-05-12 18:30:00,511.0199890136719,512.47998046875,510.7300109863281,512.219970703125,724491
2025-05-12 19:30:00,512.25,514.780029296875,511.9700012207031,514.2999877929688,785858
2025-05-13 13:30:00,515.6400146484375,515.75,512.1099853515625,513.5,1044298
2025-05-13 14:30:00,513.655029296875,514.7999877929688,512.5999755859375,514.3699951171875,577401
2025-05-13 15:30:00,514.260009765625,515.0,513.2999877929688,513.4500122070312,423570
2025-05-13 16:30:00,513.510009765625,514.6838989257812,513.2999877929688,514.3499755859375,298419
2025-05-13 17:30:00,514.3499755859375,514.9000244140625,513.75,513.905029296875,394174
2025-05-13 18:30:00,513.905029296875,514.3800048828125,513.4099731445312,513.9450073242188,397221
2025-05-13 19:30:00,513.9450073242188,514.3400268554688,511.79998779296875,511.89691162109375,584061
2025-05-14 13:30:00,511.8500061035156,511.8500061035156,504.1099853515625,506.7195129394531,1606186
2025-05-14 14:30:00,506.8299865722656,508.1700134277344,505.4700927734375,507.3999938964844,612603
2025-05-14 15:30:00,507.3299865722656,508.1000061035156,505.5,505.67498779296875,408090
2025-05-14 16:30:00,505.6697998046875,505.6697998046875,503.43011474609375,503.99700927734375,590873
2025-05-14 17:30:00,503.77301025390625,505.1000061035156,503.3999938964844,504.0931091308594,465309
2025-05-14 18:30:00,504.0849914550781,504.9114074707031,503.1700134277344,503.80999755859375,499278
2025-05-14 19:30:00,503.6700134277344,504.30999755859375,502.79998779296875,503.3299865722656,918192
2025-05-15 13:30:00,502.375,508.82000732421875,501.6199951171875,506.79998779296875,1168257
2025-05-15 14:30:00,506.9599914550781,507.9100036621094,506.5400085449219,507.10009765625,541732
2025-05-15 15:30:00,507.239990234375,508.2300109863281,506.526611328125,506.6700134277344,427868
2025-05-15 16:30:00,506.70001220703125,506.7200012207031,505.75,506.125,273237
2025-05-15 17:30:00,506.125,506.92999267578125,505.6000061035156,506.92999267578125,301501
2025-05-15 18:30:00,506.8959045410156,509.3900146484375,506.8599853515625,509.20001220703125,491744
2025-05-15 19:30:00,509.20001220703125,509.7799987792969,506.2900085449219,507.3299865722656,732803
2025-05-16 13:30:00,509.6300048828125,510.5909118652344,506.79998779296875,510.20001220703125,1065043
2025-05-16 14:30:00,510.0101013183594,513.8300170898438,509.94000244140625,513.5546875,585552
2025-05-16 15:30:00,513.6475219726562,514.1400146484375,511.7300109863281,512.6900024414062,419201
2025-05-16 16:30:00,512.7326049804688,513.6950073242188,512.1400146484375,513.6950073242188,316361
2025-05-16 17:30:00,513.7100219726562,513.780029296875,512.7249755859375,513.3699951171875,322329
2025-05-16 18:30:00,513.3200073242188,513.9500122070312,513.0800170898438,513.5170288085938,397677
2025-05-16 19:30:00,513.447509765625,514.3300170898438,512.969970703125,514.1900024414062,737355
2025-05-19 13:30:00,513.614990234375,513.7899780273438,510.1000061035156,510.82000732421875,719025
2025-05-19 14:30:00,510.7300109863281,511.1499938964844,510.1000061035156,510.6499938964844,344840
2025-05-19 15:30:00,510.7200012207031,512.9299926757812,510.67999267578125,512.6699829101562,371626
2025-05-19 16:30:00,512.6699829101562,513.47998046875,512.52001953125,513.1749877929688,214068
2025-05-19 17:30:00,513.3121948242188,513.510009765625,512.010009765625,512.4290161132812,210013
2025-05-19 18:30:00,512.3599853515625,513.22998046875,512.0900268554688,512.2550048828125,279762
2025-05-19 19:30:00,512.2550048828125,512.739990234375,511.8900146484375,512.260009765625,527925
2025-05-20 13:30:00,511.1099853515625,512.0750122070312,510.0400085449219,511.0150146484375,657334
2025-05-20 14:30:00,511.1000061035156,511.1099853515625,509.3999938964844,509.6700134277344,344011
2025-05-20 15:30:00,509.6499938964844,509.9299011230469,508.0199890136719,508.3236999511719,273398
2025-05-20 16:30:00,508.30999755859375,509.12811279296875,508.04998779296875,508.75,280348
2025-05-20 17:30:00,508.7362976074219,508.7900085449219,507.1400146484375,507.25,334104
2025-05-20 18:30:00,507.260009765625,507.6400146484375,506.5513916015625,507.2543029785156,460817
2025-05-20 19:30:00,507.3599853515625,509.139892578125,507.2300109863281,508.6629943847656,501645
2025-05-21 13:30:00,507.4100036621094,509.9999084472656,506.7156982421875,509.0,640706
2025-05-21 14:30:00,509.0,509.1199951171875,507.1400146484375,507.7974853515625,337764
2025-05-21 15:30:00,507.864990234375,508.2578125,506.8900146484375,507.3299865722656,285226
2025-05-21 16:30:00,507.2799987792969,508.5563049316406,505.69000244140625,505.7850036621094,318190
2025-05-21 17:30:00,505.6499938964844,507.75,505.3999938964844,507.30999755859375,355239
2025-05-21 18:30:00,507.29998779296875,507.9200134277344,506.7107849121094,507.1679992675781,377019
2025-05-21 19:30:00,507.3500061035156,508.1300048828125,506.75,506.760009765625,541105
2025-05-22 13:30:00,505.1000061035156,507.3999938964844,503.6387939453125,503.7449951171875,624779
2025-05-22 14:30:00,503.7449951171875,505.8900146484375,502.6400146484375,504.82830810546875,428096
2025-05-22 15:30:00,504.739990234375,506.82501220703125,504.5,505.2799987792969,251405
2025-05-22 16:30:00,505.30499267578125,506.5588073730469,504.090087890625,506.30499267578125,378875
2025-05-22 17:30:00,506.2300109863281,506.70001220703125,505.7099914550781,506.2749938964844,244643
2025-05-22 18:30:00,506.17999267578125,506.489990234375,504.7699890136719,506.2049865722656,257136
2025-05-22 19:30:00,506.2049865722656,506.4200134277344,503.1099853515625,503.739990234375,451876
2025-05-23 13:30:00,501.0050048828125,502.3320007324219,500.25,501.1199951171875,774386
2025-05-23 14:30:00,501.1449890136719,503.2850036621094,500.9200134277344,503.2300109863281,356467
2025-05-23 15:30:00,503.32000732421875,504.0,502.05999755859375,503.1600036621094,232952
2025-05-23 16:30:00,503.1650085449219,503.82000732421875,502.3699951171875,503.82000732421875,240657
2025-05-23 17:30:00,503.75,505.5,503.4100036621094,504.92498779296875,296459
2025-05-23 18:30:00,504.92498779296875,505.42999267578125,503.5610046386719,503.6700134277344,233795
2025-05-23 19:30:00,503.69000244140625,504.8900146484375,502.79010009765625,503.6700134277344,383128
2025-05-27 13:30:00,506.42498779296875,507.6600036621094,505.010009765625,507.3699951171875,807235
2025-05-27 14:30:00,507.3699951171875,508.25,506.6499938964844,507.7049865722656,393136
2025-05-27 15:30:00,507.79998779296875,508.6600036621094,507.6000061035156,507.989990234375,278525
2025-05-27 16:30:00,508.0199890136719,509.0815124511719,507.7300109863281,508.54998779296875,271202
2025-05-27 17:30:00,508.42999267578125,509.75,508.29998779296875,509.3494873046875,260349
2025-05-27 18:30:00,509.42999267578125,509.67999267578125,508.3999938964844,508.45001220703125,924584
2025-05-27 19:30:00,508.3900146484375,509.1499938964844,507.81500244140625,509.1400146484375,458951
2025-05-28 13:30:00,508.3900146484375,509.1000061035156,506.6000061035156,507.1499938964844,545000
2025-05-28 14:30:00,507.0979919433594,507.3211975097656,504.8699951171875,505.0299987792969,325407
2025-05-28 15:30:00,505.0299987792969,505.2200012207031,504.20001220703125,504.75,249704
2025-05-28 16:30:00,504.739990234375,505.32000732421875,504.3699951171875,504.79998779296875,255125
2025-05-28 17:30:00,504.82501220703125,505.16949462890625,504.32000732421875,504.7200012207031,251627
2025-05-28 18:30:00,504.7200012207031,505.05450439453125,503.3323974609375,504.20001220703125,338510
2025-05-28 19:30:00,504.2049865722656,504.468994140625,502.8299865722656,502.989990234375,501624
2025-05-29 13:30:00,504.0,504.0,501.3299865722656,503.4049987792969,844028
2025-05-29 14:30:00,503.3999938964844,503.6799011230469,501.6600036621094,502.92999267578125,394117
2025-05-29 15:30:00,502.94000244140625,503.04998779296875,501.20001220703125,502.2699890136719,331655
2025-05-29 16:30:00,502.2286071777344,504.3999938964844,502.0400085449219,504.1600036621094,252456
2025-05-29 17:30:00,504.1000061035156,504.8848876953125,503.77740478515625,504.54998779296875,238541
2025-05-29 18:30:00,504.75,505.8699951171875,504.5152893066406,505.32000732421875,323850
2025-05-29 19:30:00,505.32501220703125,506.54998779296875,505.0,506.17999267578125,459576
2025-05-30 13:30:00,505.18499755859375,505.7200012207031,503.6499938964844,503.94000244140625,426685
2025-05-30 14:30:00,503.8550109863281,504.17999267578125,502.42999267578125,503.0,349516
2025-05-30 15:30:00,502.8599853515625,503.0899963378906,500.4100036621094,500.75,429950
2025-05-30 16:30:00,500.7799987792969,501.8800048828125,500.18499755859375,500.3900146484375,444910
2025-05-30 17:30:00,500.4700012207031,503.4100036621094,500.32000732421875,503.2149963378906,414018
2025-05-30 18:30:00,503.29998779296875,505.1499938964844,502.70001220703125,504.989990234375,464824
2025-05-30 19:30:00,504.8699951171875,505.2200012207031,503.0899963378906,503.6700134277344,924283
2025-06-02 13:30:00,501.70001220703125,503.2300109863281,499.4700012207031,501.0,1126282
2025-06-02 14:30:00,500.8987121582031,501.6499938964844,499.5,499.8900146484375,551846
2025-06-02 15:30:00,499.8243103027344,500.8299865722656,499.760009765625,500.08990478515625,431723
2025-06-02 16:30:00,500.0899963378906,500.80999755859375,500.0199890136719,500.29998779296875,287245
2025-06-02 17:30:00,500.3299865722656,501.9599914550781,499.9599914550781,501.5299987792969,366822
2025-06-02 18:30:00,501.6600036621094,503.1065979003906,501.5101013183594,502.85101318359375,322799
2025-06-02 19:30:00,502.8599853515625,503.2099914550781,502.3999938964844,503.0799865722656,422465
2025-06-03 13:30:00,501.0,502.7898864746094,493.510009765625,496.42498779296875,1705244
2025-06-03 14:30:00,496.489990234375,497.5,495.05010986328125,496.5,732000
2025-06-03 15:30:00,496.54998779296875,498.45001220703125,496.4209899902344,497.8399963378906,454429
2025-06-03 16:30:00,497.8299865722656,497.9068908691406,496.1471862792969,497.726806640625,455616
2025-06-03 17:30:00,497.7149963378906,499.3161926269531,497.260009765625,498.70989990234375,554421
2025-06-03 18:30:00,498.67999267578125,498.8799133300781,497.5350036621094,497.9200134277344,465209
2025-06-03 19:30:00,497.9800109863281,498.6099853515625,497.3800048828125,497.9599914550781,607998
2025-06-04 13:30:00,496.94000244140625,496.989990234375,492.489990234375,494.6499938964844,1402776
2025-06-04 14:30:00,494.70001220703125,496.114013671875,493.8800048828125,494.2300109863281,545177
2025-06-04 15:30:00,494.1400146484375,494.4999084472656,492.30010986328125,492.5050048828125,546601
2025-06-04 16:30:00,492.5,493.760009765625,492.3699951171875,492.9049987792969,401951
2025-06-04 17:30:00,492.9049987792969,493.3999938964844,492.0801086425781,492.17999267578125,383864
2025-06-04 18:30:00,492.2300109863281,492.3800048828125,491.2900085449219,492.1861877441406,558934
2025-06-04 19:30:00,492.17999267578125,492.44000244140625,490.8800048828125,490.8800048828125,637566
2025-06-05 13:30:00,490.75,491.0,486.2900085449219,486.760009765625,1420156
2025-06-05 14:30:00,486.8699951171875,487.95001220703125,485.6000061035156,487.95001220703125,889482
2025-06-05 15:30:00,487.989990234375,489.3399963378906,487.9700012207031,488.5849914550781,512302
2025-06-05 16:30:00,488.501708984375,489.20001220703125,487.79998779296875,488.89898681640625,377844
2025-06-05 17:30:00,488.97821044921875,489.83990478515625,487.8999938964844,488.8999938964844,357681
2025-06-05 18:30:00,489.0299987792969,489.9800109863281,487.6499938964844,488.3428039550781,418409
2025-06-05 19:30:00,488.4200134277344,489.55999755859375,487.8399963378906,488.7300109863281,523107
2025-06-06 13:30:00,491.6300048828125,496.0978088378906,491.6300048828125,495.0899963378906,905185
2025-06-06 14:30:00,495.1400146484375,495.82000732421875,493.4200134277344,493.61590576171875,563457
2025-06-06 15:30:00,493.6499938964844,493.8800048828125,492.79998779296875,493.2300109863281,265051
2025-06-06 16:30:00,493.2149963378906,493.45001220703125,491.8500061035156,492.32000732421875,228217
2025-06-06 17:30:00,492.4599914550781,493.8299865722656,492.3999938964844,493.45001220703125,231942
2025-06-06 18:30:00,493.5199890136719,494.2699890136719,493.0199890136719,493.31500244140625,358307
2025-06-06 19:30:00,493.3039855957031,494.3800048828125,492.989990234375,493.70001220703125,541049
2025-06-09 13:30:00,493.70001220703125,494.4800109863281,488.8800048828125,491.0078125,936457
2025-06-09 14:30:00,491.1499938964844,492.5692138671875,489.6600036621094,491.8900146484375,477556
2025-06-09 15:30:00,492.0,493.4833984375,491.5299987792969,493.2349853515625,309383
2025-06-09 16:30:00,493.17999267578125,494.1099853515625,492.510009765625,494.04559326171875,265032
2025-06-09 17:30:00,494.0199890136719,494.1000061035156,493.28179931640625,493.7449951171875,244511
2025-06-09 18:30:00,493.739990234375,493.9419860839844,492.9100036621094,493.2218017578125,327659
2025-06-09 19:30:00,493.32000732421875,494.5299987792969,492.8500061035156,492.9100036621094,543043
2025-06-10 13:30:00,492.6549987792969,492.8999938964844,489.5,490.5610046386719,728014
2025-06-10 14:30:00,490.6400146484375,492.87298583984375,490.0299987792969,491.5199890136719,381143
2025-06-10 15:30:00,491.6000061035156,492.7799987792969,490.1401062011719,490.5899963378906,440337
2025-06-10 16:30:00,490.6000061035156,491.989990234375,490.54998779296875,491.3500061035156,289938
2025-06-10 17:30:00,491.510009765625,491.9100036621094,489.6600036621094,489.75,339448
2025-06-10 18:30:00,489.75,491.1400146484375,489.6499938964844,490.44000244140625,317601
2025-06-10 19:30:00,490.4150085449219,491.6700134277344,490.0299987792969,491.25,517399
2025-06-11 13:30:00,491.04998779296875,491.3240051269531,488.2900085449219,491.2099914550781,841317
2025-06-11 14:30:00,491.1000061035156,491.4800109863281,490.2300109863281,491.3598937988281,392728
2025-06-11 15:30:00,491.260009765625,491.260009765625,489.5,490.264404296875,288653
2025-06-11 16:30:00,490.5,492.25,490.1499938964844,491.989990234375,266984
2025-06-11 17:30:00,491.9549865722656,492.1549987792969,487.3999938964844,488.0950012207031,515008
2025-06-11 18:30:00,488.0849914550781,488.57000732421875,487.2300109863281,487.5022888183594,590488
2025-06-11 19:30:00,487.4949951171875,488.80999755859375,486.6700134277344,488.260009765625,612764
2025-06-12 13:30:00,486.2349853515625,487.25,483.7799987792969,487.25,1062417
2025-06-12 14:30:00,487.0199890136719,488.54998779296875,486.489990234375,487.2650146484375,429108
2025-06-12 15:30:00,487.20001220703125,487.6470031738281,486.3399963378906,487.04998779296875,287220
2025-06-12 16:30:00,486.9800109863281,488.239990234375,486.6300048828125,487.658203125,214400
2025-06-12 17:30:00,487.75,488.7237854003906,487.69000244140625,488.55999755859375,196062
2025-06-12 18:30:00,488.5799865722656,489.5,488.3299865722656,489.25,258915
2025-06-12 19:30:00,489.25,490.44000244140625,489.0799865722656,490.32000732421875,353490
2025-06-13 13:30:00,486.2699890136719,489.1199951171875,485.8500061035156,488.6300048828125,651232
2025-06-13 14:30:00,488.7049865722656,490.4999084472656,487.2200012207031,490.4393005371094,413107
2025-06-13 15:30:00,490.42498779296875,491.08428955078125,489.20001220703125,489.32000732421875,286184
2025-06-13 16:30:00,489.31500244140625,489.8099060058594,488.0899963378906,488.3669128417969,271269
2025-06-13 17:30:00,488.2900085449219,489.0299987792969,486.8299865722656,487.0,278015
2025-06-13 18:30:00,486.9549865722656,488.0,486.1549987792969,487.57501220703125,403568
2025-06-13 19:30:00,487.5400085449219,487.91839599609375,485.8900146484375,487.3599853515625,819620
2025-06-16 13:30:00,489.7300109863281,491.75,488.5404052734375,490.9549865722656,684615
2025-06-16 14:30:00,490.9649963378906,491.35211181640625,489.94000244140625,490.8500061035156,418255
2025-06-16 15:30:00,490.875,491.8500061035156,490.55999755859375,490.7037048339844,371988
2025-06-16 16:30:00,490.7550048828125,490.9541931152344,489.0600891113281,489.8800048828125,239635
2025-06-16 17:30:00,489.95001220703125,490.206298828125,489.0299987792969,489.8349914550781,313009
2025-06-16 18:30:00,489.8349914550781,490.6300048828125,489.0,489.3450012207031,378787
2025-06-16 19:30:00,489.2900085449219,490.6099853515625,489.0400085449219,490.25,405531
2025-06-17 13:30:00,489.1099853515625,489.3999938964844,487.1499938964844,487.6300048828125,581960
2025-06-17 14:30:00,487.4715881347656,487.6300048828125,485.80621337890625,485.80621337890625,398535
2025-06-17 15:30:00,485.8299865722656,486.3580017089844,485.2309875488281,485.69000244140625,382007
2025-06-17 16:30:00,485.6700134277344,486.08740234375,483.8999938964844,484.0,463022
2025-06-17 17:30:00,483.989990234375,485.6600036621094,483.5199890136719,483.8299865722656,352846
2025-06-17 18:30:00,483.8299865722656,484.7770080566406,483.25,484.3299865722656,390083
2025-06-17 19:30:00,484.32000732421875,484.4700012207031,483.34039306640625,483.5199890136719,574631
2025-06-18 13:30:00,484.1000061035156,485.889892578125,482.75,485.18499755859375,793473
2025-06-18 14:30:00,485.1700134277344,485.47900390625,483.3299865722656,483.9700012207031,534835
2025-06-18 15:30:00,484.0,484.1300048828125,482.8599853515625,483.32000732421875,315238
2025-06-18 16:30:00,483.489990234375,485.2099914550781,483.010009765625,485.0090026855469,355656
2025-06-18 17:30:00,485.125,486.3500061035156,484.3949890136719,485.70001220703125,324403
2025-06-18 18:30:00,485.70001220703125,486.70001220703125,484.9100036621094,485.3699951171875,365996
2025-06-18 19:30:00,485.2850036621094,486.45001220703125,484.67999267578125,485.0899963378906,524246
2025-06-20 13:30:00,484.95001220703125,486.67999267578125,483.43011474609375,484.6875,2307637
2025-06-20 14:30:00,484.6549987792969,485.75,483.7401123046875,485.0899963378906,437745
2025-06-20 15:30:00,485.17498779296875,485.6099853515625,483.8901062011719,484.69000244140625,514273
2025-06-20 16:30:00,484.67999267578125,485.7974853515625,484.5,485.4800109863281,220735
2025-06-20 17:30:00,485.239990234375,485.55999755859375,484.4914855957031,485.0,263512
2025-06-20 18:30:00,485.04998779296875,485.5,484.75,484.9700012207031,285539
2025-06-20 19:30:00,484.9549865722656,485.7799987792969,484.45001220703125,484.739990234375,577055
2025-06-23 13:30:00,485.4200134277344,488.5,485.1600036621094,487.1842956542969,852929
2025-06-23 14:30:00,487.05499267578125,487.3699951171875,484.4700012207031,484.4700012207031,348395
2025-06-23 15:30:00,484.30999755859375,484.5,482.54998779296875,483.010009765625,328595
2025-06-23 16:30:00,482.94000244140625,484.1000061035156,481.7200927734375,483.92999267578125,414144
2025-06-23 17:30:00,484.0199890136719,485.8800048828125,483.93011474609375,485.5,329146
2025-06-23 18:30:00,485.4525146484375,486.2300109863281,484.41009521484375,485.9858093261719,404128
2025-06-23 19:30:00,485.989990234375,487.8900146484375,485.9800109863281,487.6300048828125,454467
2025-06-24 13:30:00,489.42999267578125,492.6094970703125,488.8900146484375,490.625,830761
2025-06-24 14:30:00,490.7441101074219,492.7200012207031,490.614990234375,491.9231872558594,415422
2025-06-24 15:30:00,491.9150085449219,496.1805114746094,491.9150085449219,495.68499755859375,551093
2025-06-24 16:30:00,495.6400146484375,496.8800048828125,495.44000244140625,495.57000732421875,417625
2025-06-24 17:30:00,495.6099853515625,497.0,495.30999755859375,496.3999938964844,365839
2025-06-24 18:30:00,496.5,497.2799987792969,496.3100891113281,496.9949951171875,374054
2025-06-24 19:30:00,497.0400085449219,497.7391052246094,493.3399963378906,493.5400085449219,917898
2025-06-25 13:30:00,494.5,496.0,489.610107421875,489.7301025390625,782424
2025-06-25 14:30:00,489.7301940917969,490.57281494140625,488.010009765625,488.485595703125,439632
2025-06-25 15:30:00,488.3399963378906,488.9700012207031,487.8599853515625,488.2200012207031,391494
2025-06-25 16:30:00,488.23309326171875,488.2868957519531,486.75,487.1099853515625,306249
2025-06-25 17:30:00,487.085693359375,487.5199890136719,486.6700134277344,487.4100036621094,321223
2025-06-25 18:30:00,487.4100036621094,488.20001220703125,486.80999755859375,487.6400146484375,440094
2025-06-25 19:30:00,487.5400085449219,487.5400085449219,486.1400146484375,486.239990234375,821609
2025-06-26 13:30:00,486.5400085449219,487.9764099121094,485.29998779296875,485.6199951171875,711841
2025-06-26 14:30:00,485.6199951171875,487.6000061035156,485.5101013183594,487.5,460795
2025-06-26 15:30:00,487.5,487.867431640625,486.29998779296875,486.67999267578125,286337
2025-06-26 16:30:00,486.73309326171875,486.9100036621094,484.610107421875,485.3599853515625,341402
2025-06-26 17:30:00,485.31500244140625,485.6499938964844,484.82000732421875,485.385009765625,350462
2025-06-26 18:30:00,485.3500061035156,485.67999267578125,484.82000732421875,484.82769775390625,400562
2025-06-26 19:30:00,484.79998779296875,486.1000061035156,484.25,485.30999755859375,685029
2025-06-27 13:30:00,485.7699890136719,487.7099914550781,485.0,487.664794921875,664112
2025-06-27 14:30:00,487.5899963378906,489.139892578125,487.340087890625,488.239990234375,434570
2025-06-27 15:30:00,488.2699890136719,489.67999267578125,487.3699951171875,489.3900146484375,475217
2025-06-27 16:30:00,489.3900146484375,489.6099853515625,486.81060791015625,486.8800048828125,324724
2025-06-27 17:30:00,486.9200134277344,487.44989013671875,485.7099914550781,485.80999755859375,314550
2025-06-27 18:30:00,485.7799987792969,485.9700012207031,484.44000244140625,484.8699951171875,407758
2025-06-27 19:30:00,484.8550109863281,485.989990234375,484.3999938964844,485.44000244140625,749086
2025-06-30 13:30:00,485.8999938964844,487.6499938964844,484.79998779296875,487.2565002441406,840088
2025-06-30 14:30:00,487.239990234375,487.239990234375,484.54998779296875,484.94000244140625,479545
2025-06-30 15:30:00,485.0849914550781,485.8299865722656,484.4800109863281,484.5299987792969,334634
2025-06-30 16:30:00,484.5299987792969,484.95001220703125,483.989990234375,484.8550109863281,411677
2025-06-30 17:30:00,484.80999755859375,484.80999755859375,483.44000244140625,484.67498779296875,487869
2025-06-30 18:30:00,484.67999267578125,485.3900146484375,484.2900085449219,484.8900146484375,695874
2025-06-30 19:30:00,484.8500061035156,486.05999755859375,484.54998779296875,485.239990234375,955591
2025-07-01 13:30:00,485.7799987792969,486.8999938964844,483.79998779296875,485.4200134277344,693703
2025-07-01 14:30:00,485.5249938964844,489.968994140625,485.3699951171875,488.8699951171875,882078
2025-07-01 15:30:00,488.8999938964844,489.260009765625,486.8500061035156,487.8699951171875,473479
2025-07-01 16:30:00,487.9049987792969,487.994384765625,486.0899963378906,487.4549865722656,319983
2025-07-01 17:30:00,487.44000244140625,488.3399963378906,486.7699890136719,487.760986328125,345175
2025-07-01 18:30:00,487.6700134277344,489.70001220703125,487.6600036621094,489.6650085449219,536557
2025-07-01 19:30:00,489.698486328125,491.0899963378906,489.42498779296875,489.7799987792969,779740
2025-07-02 13:30:00,489.42999267578125,489.92999267578125,482.1600036621094,484.114990234375,1230837
2025-07-02 14:30:00,484.17449951171875,484.29998779296875,479.3999938964844,480.3399963378906,1273211
2025-07-02 15:30:00,480.42999267578125,481.2242126464844,478.6199951171875,479.3598937988281,830495
2025-07-02 16:30:00,479.226806640625,481.27978515625,479.226806640625,480.87451171875,581919
2025-07-02 17:30:00,480.885009765625,481.760009765625,479.79998779296875,480.1600036621094,506627
2025-07-02 18:30:00,480.19000244140625,480.7200012207031,479.5,479.6499938964844,497490
2025-07-02 19:30:00,479.6650085449219,480.4599914550781,479.1600036621094,480.3900146484375,850623
2025-07-03 13:30:00,480.8900146484375,486.14990234375,480.3599853515625,485.3450012207031,1212869
2025-07-03 14:30:00,485.3550109863281,486.54901123046875,484.04998779296875,484.7300109863281,671868
2025-07-03 15:30:00,484.9075927734375,485.20001220703125,484.20001220703125,484.55999755859375,474661
2025-07-07 13:30:00,484.4200134277344,486.0799865722656,480.8900146484375,481.8599853515625,906535
2025-07-07 14:30:00,481.7699890136719,481.8598937988281,479.57000732421875,480.04998779296875,505805
2025-07-07 15:30:00,479.9599914550781,480.1300048828125,478.7799987792969,479.0660095214844,432379
2025-07-07 16:30:00,479.05999755859375,479.79998779296875,477.8699951171875,479.20001220703125,384608
2025-07-07 17:30:00,479.3131103515625,479.739990234375,477.32000732421875,477.5299987792969,373336
2025-07-07 18:30:00,477.6300048828125,478.4159851074219,477.1099853515625,477.3999938964844,427658
2025-07-07 19:30:00,477.3699951171875,478.19000244140625,476.79998779296875,478.0,793384
2025-07-08 13:30:00,477.3500061035156,477.45001220703125,473.5799865722656,476.3450012207031,1030731
2025-07-08 14:30:00,476.3905944824219,478.30999755859375,476.32000732421875,478.2699890136719,462915
2025-07-08 15:30:00,478.2349853515625,479.9200134277344,477.6000061035156,478.8299865722656,409179
2025-07-08 16:30:00,478.818115234375,480.0,478.10009765625,479.1400146484375,316791
2025-07-08 17:30:00,479.2349853515625,479.3110046386719,477.4100036621094,477.8900146484375,234146
2025-07-08 18:30:00,477.8500061035156,478.57000732421875,477.3599853515625,478.2650146484375,270894
2025-07-08 19:30:00,478.260009765625,478.260009765625,477.2699890136719,477.5299987792969,446692
2025-07-09 13:30:00,477.0,478.4800109863281,476.3699951171875,477.8999938964844,679117
2025-07-09 14:30:00,477.79278564453125,478.6499938964844,476.9700012207031,477.1199951171875,358868
2025-07-09 15:30:00,477.2149963378906,477.489990234375,475.8299865722656,476.1300048828125,294847
2025-07-09 16:30:00,476.0,477.44000244140625,475.9849853515625,477.3799133300781,249195
2025-07-09 17:30:00,477.3699951171875,478.7499084472656,476.8821105957031,477.46759033203125,271858
2025-07-09 18:30:00,477.4100036621094,478.30999755859375,477.30010986328125,478.2366943359375,254985
2025-07-09 19:30:00,478.25,479.4902038574219,478.0950012207031,479.20001220703125,495245
2025-07-10 13:30:00,477.8699951171875,478.3500061035156,475.8800048828125,477.80999755859375,710309
2025-07-10 14:30:00,477.9150085449219,478.5498962402344,477.1000061035156,477.1400146484375,369204
2025-07-10 15:30:00,477.17498779296875,477.4700012207031,476.42999267578125,476.5199890136719,407573
2025-07-10 16:30:00,476.4800109863281,476.7049865722656,475.5201110839844,476.1199951171875,436374
2025-07-10 17:30:00,476.114990234375,476.70001220703125,475.70001220703125,476.510009765625,331808
2025-07-10 18:30:00,476.4700012207031,477.125,475.5,476.8599853515625,402213
2025-07-10 19:30:00,476.8900146484375,478.19500732421875,476.7300109863281,477.9100036621094,928618
2025-07-11 13:30:00,476.25,476.8500061035156,471.3970947265625,471.960693359375,1135398
2025-07-11 14:30:00,472.1051025390625,474.6400146484375,472.04998779296875,473.80999755859375,446354
2025-07-11 15:30:00,473.8999938964844,474.95001220703125,473.6200866699219,474.80999755859375,327341
2025-07-11 16:30:00,474.82000732421875,475.60888671875,474.5014953613281,475.20001220703125,254709
2025-07-11 17:30:00,475.260009765625,475.96990966796875,475.1199951171875,475.8900146484375,305593
2025-07-11 18:30:00,475.8999938964844,476.56988525390625,475.6600036621094,476.3299865722656,312396
2025-07-11 19:30:00,476.2799987792969,476.5,475.1300048828125,475.55999755859375,525124
2025-07-14 13:30:00,474.32000732421875,477.260009765625,473.4599914550781,476.42999267578125,809499
2025-07-14 14:30:00,476.3599853515625,477.00250244140625,475.1600036621094,476.9549865722656,640738
2025-07-14 15:30:00,476.9549865722656,478.1300048828125,476.5600891113281,477.11761474609375,550884
2025-07-14 16:30:00,477.1199951171875,477.3500061035156,476.32000732421875,476.67401123046875,296414
2025-07-14 17:30:00,476.6700134277344,477.69000244140625,476.3999938964844,476.68499755859375,308120
2025-07-14 18:30:00,476.68499755859375,477.76409912109375,476.68499755859375,476.95001220703125,353479
2025-07-14 19:30:00,476.9800109863281,477.6300048828125,476.2200012207031,476.4100036621094,500303
2025-07-15 13:30:00,475.29998779296875,475.7200012207031,471.70001220703125,472.22149658203125,957228
2025-07-15 14:30:00,472.3684997558594,473.1700134277344,471.181884765625,472.5400085449219,550150
2025-07-15 15:30:00,472.6199951171875,472.8299865722656,471.489990234375,471.989990234375,335403
2025-07-15 16:30:00,471.9862060546875,472.1099853515625,471.17999267578125,471.8599853515625,304009
2025-07-15 17:30:00,471.8100891113281,471.9324035644531,470.85009765625,470.93121337890625,319659
2025-07-15 18:30:00,471.04998779296875,471.8900146484375,470.0299987792969,471.6499938964844,465804
2025-07-15 19:30:00,471.6300048828125,471.67999267578125,470.0,470.0299987792969,596092
2025-07-16 13:30:00,471.20001220703125,472.9186096191406,470.25,471.6549987792969,813992
2025-07-16 14:30:00,471.6000061035156,472.5400085449219,469.8399963378906,470.6700134277344,490311
2025-07-16 15:30:00,470.5899963378906,470.885009765625,468.8800048828125,470.2936096191406,394420
2025-07-16 16:30:00,470.2799987792969,471.19500732421875,469.510009765625,471.010009765625,290636
2025-07-16 17:30:00,470.9700012207031,471.17999267578125,470.1000061035156,470.3550109863281,235425
2025-07-16 18:30:00,470.32000732421875,472.7300109863281,470.32000732421875,471.9949951171875,358302
2025-07-16 19:30:00,472.0299987792969,472.04449462890625,470.9525146484375,471.3500061035156,364048
2025-07-17 13:30:00,470.06500244140625,472.4200134277344,469.989990234375,470.4750061035156,670711
2025-07-17 14:30:00,470.5199890136719,470.8599853515625,467.6499938964844,469.3500061035156,690382
2025-07-17 15:30:00,469.3999938964844,470.3949890136719,469.1600036621094,469.1600036621094,389738
2025-07-17 16:30:00,469.1700134277344,470.45001220703125,469.14300537109375,470.2699890136719,264008
2025-07-17 17:30:00,470.2699890136719,472.8500061035156,470.1099853515625,472.7589111328125,377093
2025-07-17 18:30:00,472.7200012207031,473.5799865722656,472.4100036621094,472.73699951171875,373930
2025-07-17 19:30:00,472.8800048828125,474.14990234375,472.45001220703125,473.5400085449219,566798
2025-07-18 13:30:00,474.0,478.6404113769531,473.510009765625,478.4599914550781,1283997
2025-07-18 14:30:00,478.55999755859375,478.57000732421875,475.2200927734375,475.7300109863281,423747
2025-07-18 15:30:00,475.79998779296875,476.29998779296875,474.70001220703125,474.7799987792969,347464
2025-07-18 16:30:00,474.7850036621094,475.19000244140625,473.5,473.5880126953125,347934
2025-07-18 17:30:00,473.70001220703125,474.95001220703125,473.6409912109375,474.364990234375,272797
2025-07-18 18:30:00,474.3299865722656,474.70001220703125,473.92999267578125,474.30999755859375,272682
2025-07-18 19:30:00,474.35101318359375,474.57000732421875,473.79998779296875,473.8299865722656,389978
2025-07-21 13:30:00,473.010009765625,476.9800109863281,472.0,474.9100036621094,731701
2025-07-21 14:30:00,474.9800109863281,475.739990234375,473.8399963378906,475.6000061035156,374242
2025-07-21 15:30:00,475.6400146484375,477.8599853515625,475.5299987792969,477.75,468077
2025-07-21 16:30:00,477.69000244140625,478.3500061035156,477.1099853515625,477.55999755859375,367358
2025-07-21 17:30:00,477.6549987792969,477.8699951171875,476.8699951171875,477.20001220703125,231111
2025-07-21 18:30:00,477.19989013671875,477.2200012207031,475.1099853515625,475.2099914550781,405198
2025-07-21 19:30:00,475.2799987792969,475.3500061035156,474.17999267578125,474.6549987792969,416806
2025-07-22 13:30:00,475.5,483.1400146484375,475.0,481.510009765625,1116268
2025-07-22 14:30:00,481.510009765625,481.510009765625,479.2018127441406,479.6300048828125,443147
2025-07-22 15:30:00,479.5450134277344,479.6000061035156,477.760009765625,479.0199890136719,375154
2025-07-22 16:30:00,479.0199890136719,479.2099914550781,478.1300048828125,478.72369384765625,248441
2025-07-22 17:30:00,478.8299865722656,479.0,477.739013671875,478.8699951171875,322533
2025-07-22 18:30:00,478.8550109863281,478.9964904785156,477.82000732421875,477.9747009277344,501366
2025-07-22 19:30:00,477.94500732421875,478.92999267578125,477.55999755859375,477.6099853515625,768562
2025-07-23 13:30:00,480.25,483.3299865722656,479.20001220703125,482.7099914550781,888433
2025-07-23 14:30:00,482.6199035644531,483.0,481.0199890136719,482.31939697265625,479603
2025-07-23 15:30:00,482.29998779296875,483.92999267578125,481.5299987792969,483.7749938964844,403442
2025-07-23 16:30:00,483.75,484.2312927246094,483.18011474609375,484.1449890136719,427952
2025-07-23 17:30:00,484.1449890136719,484.45001220703125,483.01141357421875,483.60321044921875,510003
2025-07-23 18:30:00,483.6878967285156,483.83990478515625,482.6300048828125,482.68499755859375,373515
2025-07-23 19:30:00,482.70001220703125,483.17999267578125,482.2799987792969,483.17999267578125,686107
2025-07-24 13:30:00,482.6700134277344,484.67999267578125,480.989990234375,484.20001220703125,759218
2025-07-24 14:30:00,484.20001220703125,485.57501220703125,483.75,485.25,523353
2025-07-24 15:30:00,485.30999755859375,486.1700134277344,484.510009765625,484.80499267578125,367198
2025-07-24 16:30:00,484.7099914550781,485.4299011230469,484.0,484.3799133300781,294141
2025-07-24 17:30:00,484.3900146484375,484.3900146484375,481.8699951171875,482.2099914550781,460613
2025-07-24 18:30:00,482.2099914550781,483.6099853515625,482.0799865722656,482.69000244140625,550681
2025-07-24 19:30:00,482.6600036621094,482.8900146484375,480.8299865722656,481.9200134277344,1043028
2025-07-25 13:30:00,481.6700134277344,483.6700134277344,479.66009521484375,480.8705139160156,715757
2025-07-25 14:30:00,480.864990234375,482.95001220703125,480.760009765625,481.8599853515625,419661
2025-07-25 15:30:00,481.8800048828125,481.9898986816406,480.814697265625,481.4549865722656,281194
2025-07-25 16:30:00,481.4599914550781,483.67999267578125,481.2799987792969,483.2900085449219,449295
2025-07-25 17:30:00,483.2976989746094,484.639892578125,483.2550048828125,483.2900085449219,467172
2025-07-25 18:30:00,483.3500061035156,483.9700012207031,483.05999755859375,483.94940185546875,779467
2025-07-25 19:30:00,483.9800109863281,484.92999267578125,483.7099914550781,484.3599853515625,571866
2025-07-28 13:30:00,484.3500061035156,486.89630126953125,483.0386047363281,486.6455993652344,916387
2025-07-28 14:30:00,486.7799987792969,486.8800048828125,483.5,483.864990234375,400230
2025-07-28 15:30:00,483.997314453125,484.6499938964844,483.2699890136719,484.19000244140625,223831
2025-07-28 16:30:00,484.2200012207031,484.2200012207031,482.4800109863281,482.79998779296875,276358
2025-07-28 17:30:00,482.8299865722656,482.8299865722656,481.2099914550781,481.8399963378906,302313
2025-07-28 18:30:00,481.79998779296875,482.0364074707031,481.25,481.42999267578125,280562
2025-07-28 19:30:00,481.35198974609375,482.1400146484375,481.10009765625,481.5400085449219,476953
2025-07-29 13:30:00,482.57000732421875,485.0000915527344,481.92999267578125,483.92999267578125,642076
2025-07-29 14:30:00,483.75,483.8450012207031,481.05010986328125,483.0799865722656,495394
2025-07-29 15:30:00,483.1199951171875,483.260009765625,481.30999755859375,481.8900146484375,281807
2025-07-29 16:30:00,481.8900146484375,482.0740051269531,479.8900146484375,480.0799865722656,281426
2025-07-29 17:30:00,480.0299987792969,480.1600036621094,478.5,478.89080810546875,323234
2025-07-29 18:30:00,478.927001953125,478.927001953125,477.5,478.1000061035156,451940
2025-07-29 19:30:00,478.1000061035156,478.1799011230469,476.2799987792969,476.5,948931
2025-07-30 13:30:00,475.1300048828125,477.6000061035156,473.8800048828125,477.3363952636719,725331
2025-07-30 14:30:00,477.3999938964844,477.92999267578125,476.0899963378906,476.6199951171875,302080
2025-07-30 15:30:00,476.760009765625,476.82000732421875,476.0,476.5199890136719,208394
2025-07-30 16:30:00,476.44000244140625,477.3599853515625,476.3299865722656,476.80999755859375,257003
2025-07-30 17:30:00,476.809814453125,478.239990234375,476.510009765625,478.239990234375,391322
2025-07-30 18:30:00,478.2149963378906,479.4100036621094,475.20001220703125,475.26190185546875,480200
2025-07-30 19:30:00,475.4100036621094,476.4599914550781,474.44000244140625,476.04998779296875,577966
2025-07-31 13:30:00,472.6099853515625,477.70001220703125,472.30999755859375,475.510009765625,960389
2025-07-31 14:30:00,475.6199951171875,476.4718933105469,474.30999755859375,474.6600036621094,499865
2025-07-31 15:30:00,474.6600036621094,476.510009765625,474.57000732421875,476.4649963378906,335609
2025-07-31 16:30:00,476.5299987792969,477.3900146484375,475.2466125488281,475.3949890136719,381864
2025-07-31 17:30:00,475.4200134277344,476.125,474.79998779296875,476.125,306681
2025-07-31 18:30:00,476.2253112792969,476.9100036621094,473.1700134277344,473.3900146484375,599119
2025-07-31 19:30:00,473.3900146484375,474.17999267578125,472.05999755859375,472.4700012207031,1361501
2025-08-01 13:30:00,473.4700012207031,474.1000061035156,470.6199951171875,471.8399963378906,1202952
2025-08-01 14:30:00,471.8699951171875,474.8800048828125,470.9599914550781,472.8673095703125,653681
2025-08-01 15:30:00,472.8699035644531,475.91650390625,472.760009765625,475.6400146484375,561943
2025-08-01 16:30:00,475.6000061035156,475.9599914550781,473.42999267578125,473.79998779296875,497619
2025-08-01 17:30:00,473.70001220703125,474.2799987792969,472.3999938964844,473.2099914550781,377107
2025-08-01 18:30:00,473.2799987792969,473.6000061035156,472.260009765625,473.2699890136719,420970
2025-08-01 19:30:00,473.25,473.8699951171875,472.14910888671875,472.5899963378906,785155
2025-08-04 13:30:00,468.04998779296875,468.8699951171875,456.79998779296875,459.6050109863281,3320008
2025-08-04 14:30:00,459.59161376953125,462.1499938964844,457.3599853515625,460.20001220703125,1435438
2025-08-04 15:30:00,460.2300109863281,461.4659118652344,457.6400146484375,457.6882019042969,968136
2025-08-04 16:30:00,457.65899658203125,459.6180114746094,457.29998779296875,457.9750061035156,724175
2025-08-04 17:30:00,458.07000732421875,458.5849914550781,455.75,456.1499938964844,1014647
2025-08-04 18:30:00,456.1099853515625,457.4599914550781,455.18499755859375,457.3699951171875,844505
2025-08-04 19:30:00,457.408203125,459.7699890136719,457.2701110839844,459.2699890136719,1174308
2025-08-05 13:30:00,460.6000061035156,464.20001220703125,460.3800048828125,463.4808044433594,1324041
2025-08-05 14:30:00,463.44000244140625,465.44000244140625,462.6900939941406,465.135986328125,668309
2025-08-05 15:30:00,465.0849914550781,465.92999267578125,463.79998779296875,465.7257080078125,549850
2025-08-05 16:30:00,465.7799987792969,467.4200134277344,465.7699890136719,467.3399963378906,614239
2025-08-05 17:30:00,467.3399963378906,467.5762023925781,465.55010986328125,466.0450134277344,455992
2025-08-05 18:30:00,466.0400085449219,466.7889099121094,465.67999267578125,466.1300048828125,599886
2025-08-05 19:30:00,466.1000061035156,466.260009765625,463.8699951171875,464.32000732421875,818235
2025-08-06 13:30:00,465.0,467.8999938964844,463.0,465.3999938964844,879719
2025-08-06 14:30:00,465.2200012207031,467.3664855957031,465.08221435546875,467.1000061035156,471331
2025-08-06 15:30:00,467.1000061035156,467.9859924316406,466.1531066894531,467.6300048828125,400013
2025-08-06 16:30:00,467.6050109863281,468.57501220703125,466.6700134277344,467.70001220703125,419306
2025-08-06 17:30:00,467.75,469.1700134277344,467.6000061035156,468.9700012207031,410282
2025-08-06 18:30:00,468.9859924316406,469.54998779296875,468.20001220703125,468.3399963378906,474279
2025-08-06 19:30:00,468.44000244140625,469.4200134277344,468.3299255371094,468.9100036621094,561831
2025-08-07 13:30:00,469.20001220703125,472.70001220703125,466.0000915527344,466.5191955566406,957096
2025-08-07 14:30:00,466.6400146484375,466.69000244140625,462.3800048828125,463.1068115234375,714080
2025-08-07 15:30:00,463.06500244140625,463.8900146484375,461.6600036621094,462.6000061035156,574207
2025-08-07 16:30:00,462.6000061035156,463.8299865722656,462.2099914550781,462.9700012207031,324015
2025-08-07 17:30:00,463.0849914550781,464.4036865234375,463.0849914550781,464.1099853515625,268392
2025-08-07 18:30:00,464.0799865722656,464.44000244140625,462.04998779296875,462.7449951171875,480851
2025-08-07 19:30:00,462.7449951171875,463.3099060058594,461.3699951171875,462.1600036621094,1226507
2025-08-08 13:30:00,462.94000244140625,465.6499938964844,462.5899963378906,464.57000732421875,624669
2025-08-08 14:30:00,464.55999755859375,465.29998779296875,463.3900146484375,463.3999938964844,355303
2025-08-08 15:30:00,463.4700012207031,464.9176025390625,462.54998779296875,464.5400085449219,420059
2025-08-08 16:30:00,464.5199890136719,465.4150085449219,463.8800048828125,465.1925964355469,254873
2025-08-08 17:30:00,465.135009765625,465.8299865722656,464.5101013183594,465.0,253073
2025-08-08 18:30:00,465.0799865722656,465.42138671875,464.3299865722656,465.19000244140625,239964
2025-08-08 19:30:00,465.17999267578125,465.5400085449219,464.29998779296875,465.3999938964844,366779
2025-08-11 13:30:00,466.4599914550781,468.4939880371094,464.1073913574219,464.3500061035156,661445
2025-08-11 14:30:00,464.4049072265625,465.29998779296875,463.75,464.04998779296875,367816
2025-08-11 15:30:00,464.07000732421875,465.70001220703125,463.5039978027344,465.4234924316406,348010
2025-08-11 16:30:00,465.45001220703125,465.69000244140625,463.7200012207031,463.89068603515625,280503
2025-08-11 17:30:00,463.94500732421875,464.9800109863281,463.8901062011719,464.40008544921875,248312
2025-08-11 18:30:00,464.5899963378906,464.8800048828125,463.75,464.83349609375,277851
2025-08-11 19:30:00,464.80499267578125,465.3599853515625,464.2799987792969,465.1400146484375,552051
2025-08-12 13:30:00,465.5299987792969,470.510009765625,465.5,469.9479064941406,749359
2025-08-12 14:30:00,470.05499267578125,472.1000061035156,469.03350830078125,472.0400085449219,640827
2025-08-12 15:30:00,472.1000061035156,472.47259521484375,471.0,471.17999267578125,313503
2025-08-12 16:30:00,471.010009765625,471.4599914550781,469.90008544921875,470.9750061035156,252106
2025-08-12 17:30:00,470.8999938964844,471.31988525390625,470.54998779296875,470.57000732421875,212259
2025-08-12 18:30:00,470.6275939941406,471.3900146484375,470.16229248046875,470.9100036621094,281392
2025-08-12 19:30:00,470.8999938964844,471.2099914550781,470.05999755859375,470.4200134277344,498075
2025-08-13 13:30:00,471.70001220703125,479.6000061035156,471.5,476.57000732421875,1147458
2025-08-13 14:30:00,476.7300109863281,478.95001220703125,476.0172119140625,477.68011474609375,582009
2025-08-13 15:30:00,477.7699890136719,478.75,477.1199951171875,477.61529541015625,422460
2025-08-13 16:30:00,477.552490234375,478.6499938964844,477.1029968261719,477.3500061035156,298893
2025-08-13 17:30:00,477.3837890625,477.79998779296875,476.6600036621094,477.19000244140625,298903
2025-08-13 18:30:00,477.20001220703125,478.1499938964844,477.09039306640625,477.302001953125,391853
2025-08-13 19:30:00,477.2001037597656,478.1700134277344,476.8800048828125,477.30999755859375,649770
2025-08-14 13:30:00,478.3450012207031,478.5,474.4200134277344,474.95001220703125,686418
2025-08-14 14:30:00,475.0,477.8434143066406,474.5,475.8299865722656,505824
2025-08-14 15:30:00,475.8949890136719,477.5899963378906,475.7080993652344,477.3175048828125,618498
2025-08-14 16:30:00,477.2799987792969,477.3299865722656,476.260009765625,477.2200012207031,263837
2025-08-14 17:30:00,477.2200012207031,477.44000244140625,476.6011962890625,476.9846496582031,400767
2025-08-14 18:30:00,476.9200134277344,478.92999267578125,476.3345031738281,478.7749938964844,330502
2025-08-14 19:30:00,478.7099914550781,479.20001220703125,478.0,479.1600036621094,525921
2025-08-15 13:30:00,482.3500061035156,482.4800109863281,477.55999755859375,478.739990234375,1385262
2025-08-15 14:30:00,478.54998779296875,478.95001220703125,476.82000732421875,477.5249938964844,487771
2025-08-15 15:30:00,477.45001220703125,478.44000244140625,476.8034973144531,477.4049987792969,684333
2025-08-15 16:30:00,477.54998779296875,477.80999755859375,476.29998779296875,476.6700134277344,329751
2025-08-15 17:30:00,476.70361328125,477.7300109863281,476.2900085449219,477.7300109863281,485745
2025-08-15 18:30:00,477.739990234375,478.010009765625,476.67999267578125,477.3699951171875,382873
2025-08-15 19:30:00,477.3500061035156,477.7900085449219,476.8599853515625,477.4100036621094,595865
2025-08-18 13:30:00,477.9700012207031,479.0,474.75,475.0,671515
2025-08-18 14:30:00,475.010009765625,477.34991455078125,474.6600036621094,477.1400146484375,295165
2025-08-18 15:30:00,477.19500732421875,477.9800109863281,476.94500732421875,477.55999755859375,213905
2025-08-18 16:30:00,477.6099853515625,478.29888916015625,476.87109375,478.1600036621094,217342
2025-08-18 17:30:00,478.2099914550781,478.6300048828125,477.0,477.44500732421875,195875
2025-08-18 18:30:00,477.38800048828125,478.3299865722656,477.38800048828125,477.7799987792969,223234
2025-08-18 19:30:00,477.7300109863281,478.82000732421875,477.6614990234375,478.6400146484375,417101
2025-08-19 13:30:00,479.7699890136719,485.3500061035156,479.7699890136719,485.3500061035156,922440
2025-08-19 14:30:00,485.3699951171875,485.89990234375,483.1000061035156,483.4700012207031,485002
2025-08-19 15:30:00,483.4700012207031,483.9974060058594,481.7601013183594,482.6449890136719,399402
2025-08-19 16:30:00,482.7799987792969,484.6000061035156,482.4801025390625,484.3550109863281,291334
2025-08-19 17:30:00,484.3800048828125,484.8598937988281,483.6700134277344,484.19000244140625,322551
2025-08-19 18:30:00,484.2049865722656,485.44000244140625,484.110107421875,485.30999755859375,451141
2025-08-19 19:30:00,485.3349914550781,485.7550048828125,484.1499938964844,485.4700012207031,722542
2025-08-20 13:30:00,487.0,492.2178039550781,485.8290100097656,489.69500732421875,1297168
2025-08-20 14:30:00,489.5899963378906,491.784912109375,489.2200012207031,490.2900085449219,669462
2025-08-20 15:30:00,490.2699890136719,490.4100036621094,488.4200134277344,489.45001220703125,486532
2025-08-20 16:30:00,489.3949890136719,490.239990234375,488.8900146484375,489.510009765625,343050
2025-08-20 17:30:00,489.54998779296875,489.8900146484375,488.5,488.7900085449219,286224
2025-08-20 18:30:00,488.8999938964844,489.67999267578125,488.6099853515625,489.25,388783
2025-08-20 19:30:00,489.31500244140625,490.04998779296875,488.5,488.69000244140625,554241
2025-08-21 13:30:00,487.239990234375,487.239990234375,483.67999267578125,486.260009765625,695420
2025-08-21 14:30:00,486.5,488.20001220703125,486.3500061035156,488.05999755859375,374764
2025-08-21 15:30:00,488.0539855957031,488.25,487.260009765625,487.4400939941406,364654
2025-08-21 16:30:00,487.5400085449219,488.0,486.70001220703125,487.1099853515625,213625
2025-08-21 17:30:00,486.9100036621094,488.55999755859375,486.9100036621094,488.04998779296875,216697
2025-08-21 18:30:00,488.0,489.04901123046875,487.8900146484375,488.1499938964844,313114
2025-08-21 19:30:00,488.1600036621094,488.7300109863281,487.75,488.6700134277344,429887
2025-08-22 13:30:00,491.5,493.1400146484375,489.25,490.3299865722656,896769
2025-08-22 14:30:00,490.3999938964844,490.8399963378906,486.57000732421875,487.54998779296875,733436
2025-08-22 15:30:00,487.5299987792969,490.0299987792969,487.2200012207031,489.510009765625,390460
2025-08-22 16:30:00,489.4700012207031,490.2300109863281,488.91009521484375,488.95001220703125,245547
2025-08-22 17:30:00,489.0050048828125,489.1153869628906,487.3999938964844,487.614990234375,324400
2025-08-22 18:30:00,487.6499938964844,488.4800109863281,487.5,487.59381103515625,364164
2025-08-22 19:30:00,487.6081848144531,489.2300109863281,487.5799865722656,488.8450012207031,507136
2025-08-25 13:30:00,489.010009765625,489.0199890136719,482.70001220703125,483.2099914550781,836423
2025-08-25 14:30:00,483.2149963378906,483.6300048828125,482.1199951171875,482.1499938964844,546205
2025-08-25 15:30:00,482.17999267578125,483.6400146484375,481.8299865722656,483.2799987792969,375383
2025-08-25 16:30:00,483.260009765625,484.6299133300781,483.2099914550781,484.3599853515625,295910
2025-08-25 17:30:00,484.3999938964844,485.0,484.0801086425781,484.82000732421875,255469
2025-08-25 18:30:00,484.723388671875,484.92999267578125,484.2799987792969,484.6050109863281,318536
2025-08-25 19:30:00,484.6400146484375,486.3599853515625,484.6351013183594,486.0,559108
2025-08-26 13:30:00,485.0199890136719,486.889892578125,484.5267028808594,485.8500061035156,512613
2025-08-26 14:30:00,485.9269104003906,487.2699890136719,485.6099853515625,487.2149963378906,311709
2025-08-26 15:30:00,487.3059997558594,487.8370056152344,486.7099914550781,487.6000061035156,226150
2025-08-26 16:30:00,487.5799865722656,488.8399963378906,487.2200927734375,488.8399963378906,261481
2025-08-26 17:30:00,488.8800048828125,489.32000732421875,487.3900146484375,487.45001220703125,283931
2025-08-26 18:30:00,487.45001220703125,489.57000732421875,487.28961181640625,489.3599853515625,499623
2025-08-26 19:30:00,489.42999267578125,492.7900085449219,489.1099853515625,492.0199890136719,1376058
2025-08-27 13:30:00,491.0799865722656,495.45001220703125,490.6000061035156,495.30999755859375,708988
2025-08-27 14:30:00,495.2799987792969,495.3247985839844,493.0838928222656,494.56500244140625,386321
2025-08-27 15:30:00,494.56500244140625,495.44000244140625,493.51220703125,495.2049865722656,416906
2025-08-27 16:30:00,495.20001220703125,496.2598876953125,494.5400085449219,495.9849853515625,351045
2025-08-27 17:30:00,496.04998779296875,496.4100036621094,495.340087890625,496.2749938964844,293936
2025-08-27 18:30:00,496.2749938964844,497.2099914550781,496.0987854003906,496.51409912109375,415152
2025-08-27 19:30:00,496.5050048828125,496.7799987792969,495.6099853515625,495.6499938964844,526066
2025-08-28 13:30:00,498.0299987792969,499.57000732421875,496.07000732421875,498.6449890136719,873282
2025-08-28 14:30:00,498.6449890136719,498.8699951171875,497.57501220703125,497.75,433678
2025-08-28 15:30:00,497.82000732421875,499.3599853515625,497.6499938964844,499.20001220703125,324582
2025-08-28 16:30:00,499.1317138671875,499.9100036621094,498.6199951171875,499.7099914550781,310306
2025-08-28 17:30:00,499.7200012207031,500.04998779296875,499.04998779296875,499.2250061035156,403814
2025-08-28 18:30:00,499.2250061035156,499.5,498.6412048339844,499.1499938964844,315104
2025-08-28 19:30:00,499.1499938964844,500.1400146484375,498.5899963378906,499.9100036621094,682139
2025-08-29 13:30:00,500.8500061035156,504.3999938964844,500.8500061035156,503.8299865722656,982321
2025-08-29 14:30:00,503.8135070800781,506.32000732421875,503.8135070800781,505.3299865722656,691589
2025-08-29 15:30:00,505.3800048828125,506.7200012207031,505.1090087890625,505.6763000488281,424294
2025-08-29 16:30:00,505.6589050292969,506.20001220703125,504.7926940917969,505.4100036621094,325548
2025-08-29 17:30:00,505.4100036621094,505.4100036621094,504.0953063964844,504.214111328125,229541
2025-08-29 18:30:00,504.29998779296875,504.5950012207031,502.7699890136719,503.05499267578125,313480
2025-08-29 19:30:00,503.1000061035156,503.29998779296875,501.44000244140625,503.0299987792969,718259
2025-09-02 13:30:00,504.239990234375,505.8999938964844,497.6199951171875,502.02789306640625,1086499
2025-09-02 14:30:00,502.0799865722656,502.7820129394531,500.20001220703125,500.80499267578125,381993
2025-09-02 15:30:00,500.79998779296875,500.9049987792969,499.40008544921875,499.57000732421875,413252
2025-09-02 16:30:00,499.54998779296875,500.1600036621094,499.1050109863281,499.77899169921875,242155
2025-09-02 17:30:00,499.7799987792969,500.5,499.25,499.30999755859375,246925
2025-09-02 18:30:00,499.3999938964844,499.5199890136719,498.2301025390625,499.35430908203125,369405
2025-09-02 19:30:00,499.3999938964844,501.0799865722656,499.1499938964844,500.95001220703125,799300
2025-09-03 13:30:00,499.54998779296875,501.510009765625,496.5899963378906,497.62298583984375,710266
2025-09-03 14:30:00,497.69000244140625,500.2300109863281,497.45001220703125,499.11773681640625,400880
2025-09-03 15:30:00,499.1000061035156,499.510009765625,498.43011474609375,498.864990234375,191281
2025-09-03 16:30:00,498.92999267578125,500.3987121582031,498.79998779296875,500.3450012207031,167928
2025-09-03 17:30:00,500.39990234375,501.1889953613281,500.010009765625,500.82501220703125,226357
2025-09-03 18:30:00,500.6549987792969,501.1899108886719,499.8301086425781,500.3800048828125,191988
2025-09-03 19:30:00,500.3949890136719,502.1099853515625,500.3500061035156,501.42999267578125,493357
2025-09-04 13:30:00,502.8999938964844,504.9800109863281,501.260009765625,503.6300048828125,647697
2025-09-04 14:30:00,503.54998779296875,506.2200012207031,502.20001220703125,505.3800048828125,391665
2025-09-04 15:30:00,505.2200012207031,506.0,505.0,505.52301025390625,249730
2025-09-04 16:30:00,505.6000061035156,506.69989013671875,504.7699890136719,506.2300109863281,262035
2025-09-04 17:30:00,506.1499938964844,506.7099914550781,505.56463623046875,506.5400085449219,212909
2025-09-04 18:30:00,506.5400085449219,507.3800048828125,506.2705078125,507.0747985839844,274377
2025-09-04 19:30:00,507.07000732421875,507.1600036621094,506.3699951171875,506.7300109863281,439523
2025-09-05 13:30:00,506.0,507.6610107421875,502.0000915527344,502.2749938964844,658257
2025-09-05 14:30:00,502.2749938964844,502.30810546875,497.75,499.04998779296875,552759
2025-09-05 15:30:00,499.1300048828125,499.54998779296875,498.30999755859375,498.6499938964844,360902
2025-09-05 16:30:00,498.577392578125,499.7099914550781,498.45001220703125,498.95001220703125,214325
2025-09-05 17:30:00,499.05999755859375,499.1400146484375,498.0000915527344,499.010009765625,240007
2025-09-05 18:30:00,498.95001220703125,500.79998779296875,498.93499755859375,500.4599914550781,333831
2025-09-05 19:30:00,500.44500732421875,500.6000061035156,499.5199890136719,499.82000732421875,426366
2025-09-08 13:30:00,499.0,499.6499938964844,494.8599853515625,496.4700012207031,891202
2025-09-08 14:30:00,496.57000732421875,498.07501220703125,496.4700012207031,497.8399963378906,474536
2025-09-08 15:30:00,497.8450012207031,497.95001220703125,496.4100036621094,496.7200012207031,311936
2025-09-08 16:30:00,496.6400146484375,497.42999267578125,496.239990234375,496.67999267578125,263748
2025-09-08 17:30:00,496.7585144042969,496.7699890136719,494.3023986816406,494.8999938964844,394954
2025-09-08 18:30:00,494.92999267578125,495.364990234375,493.8299865722656,493.95001220703125,517626
2025-09-08 19:30:00,494.0,495.1199951171875,493.4599914550781,493.82000732421875,1185385
2025-09-09 13:30:00,492.45001220703125,496.8500061035156,492.010009765625,494.7200012207031,677369
2025-09-09 14:30:00,494.6388854980469,495.1400146484375,493.0799865722656,494.94500732421875,457186
2025-09-09 15:30:00,494.9200134277344,495.177490234375,491.7200927734375,492.25,405110
2025-09-09 16:30:00,492.29998779296875,493.04998779296875,491.82000732421875,492.9200134277344,276402
2025-09-09 17:30:00,492.9800109863281,493.69439697265625,492.8599853515625,493.5610046386719,186848
2025-09-09 18:30:00,493.56500244140625,493.6300048828125,492.6700134277344,493.0299987792969,238329
2025-09-09 19:30:00,493.0299987792969,493.5849914550781,492.6499938964844,492.79998779296875,466901
2025-09-10 13:30:00,490.0,490.9800109863281,486.5799865722656,487.4100036621094,1112732
2025-09-10 14:30:00,487.3999938964844,489.0,486.2701110839844,487.93499755859375,567537
2025-09-10 15:30:00,488.0,489.7850036621094,487.9599914550781,488.2149963378906,386958
2025-09-10 16:30:00,488.1317138671875,489.19000244140625,487.57879638671875,489.0899963378906,247946
2025-09-10 17:30:00,489.0899963378906,490.67340087890625,488.952392578125,490.07000732421875,310238
2025-09-10 18:30:00,489.989990234375,490.2200012207031,488.20001220703125,489.3599853515625,632975
2025-09-10 19:30:00,489.3900146484375,491.70001220703125,488.0400085449219,490.0299987792969,1150665
2025-09-11 13:30:00,489.3299865722656,495.2200012207031,489.0299987792969,495.05999755859375,680766
2025-09-11 14:30:00,495.05999755859375,495.5,493.8699951171875,495.2799987792969,394191
2025-09-11 15:30:00,495.3999938964844,496.0899963378906,494.8700866699219,495.3500061035156,318441
2025-09-11 16:30:00,495.2349853515625,496.25,495.0899963378906,495.3949890136719,299260
2025-09-11 17:30:00,495.510009765625,496.67999267578125,495.3700866699219,496.0799865722656,307516
2025-09-11 18:30:00,496.1000061035156,496.510009765625,495.5201110839844,496.1300048828125,299639
2025-09-11 19:30:00,496.125,497.239990234375,496.0,496.82000732421875,656666
2025-09-12 13:30:00,495.7449951171875,497.6256103515625,493.6268005371094,494.9800109863281,594734
2025-09-12 14:30:00,494.9849853515625,495.4898986816406,494.05999755859375,494.6600036621094,285544
2025-09-12 15:30:00,494.7300109863281,495.159912109375,493.95001220703125,494.0799865722656,212667
2025-09-12 16:30:00,494.1199951171875,495.2699890136719,494.1000061035156,494.8800048828125,183896
2025-09-12 17:30:00,494.92950439453125,495.65521240234375,494.7699890136719,495.4100036621094,213605
2025-09-12 18:30:00,495.5,495.6099853515625,493.75,494.6000061035156,248580
2025-09-12 19:30:00,494.6700134277344,494.7799987792969,493.3399963378906,493.7300109863281,436351
2025-09-15 13:30:00,493.6000061035156,495.2699890136719,490.54998779296875,492.0950012207031,690829
2025-09-15 14:30:00,491.8599853515625,492.9599914550781,490.0299987792969,490.0799865722656,465534
2025-09-15 15:30:00,490.22149658203125,490.9198913574219,489.5,490.6099853515625,403708
2025-09-15 16:30:00,490.6600036621094,490.8299865722656,489.7799987792969,490.125,222413
2025-09-15 17:30:00,490.05010986328125,491.7699890136719,490.0,490.6199951171875,300889
2025-09-15 18:30:00,490.5299987792969,491.3840026855469,490.17999267578125,491.1499938964844,280351
2025-09-15 19:30:00,491.2012023925781,491.7200012207031,490.5400085449219,491.6199951171875,557947
2025-09-16 13:30:00,491.2699890136719,491.7698974609375,488.1400146484375,488.69500732421875,756864
2025-09-16 14:30:00,488.7049865722656,489.260009765625,487.3500061035156,487.75,399990
2025-09-16 15:30:00,487.6600036621094,488.6600036621094,487.20001220703125,488.0400085449219,284141
2025-09-16 16:30:00,487.8135070800781,489.8299865722656,487.70001220703125,489.635009765625,288601
2025-09-16 17:30:00,489.635009765625,490.6000061035156,489.3900146484375,490.29998779296875,304818
2025-09-16 18:30:00,490.2650146484375,491.9200134277344,490.21728515625,490.95001220703125,424774
2025-09-16 19:30:00,490.9800109863281,491.6199951171875,490.32000732421875,490.989990234375,498778
2025-09-17 13:30:00,490.93499755859375,494.2898864746094,490.30010986328125,493.739990234375,620313
2025-09-17 14:30:00,493.8299865722656,494.54998779296875,492.885009765625,493.3299865722656,339178
2025-09-17 15:30:00,493.3963623046875,495.9100036621094,493.3901062011719,494.2449951171875,356319
2025-09-17 16:30:00,494.2842102050781,494.9798889160156,493.75,493.8299865722656,275841
2025-09-17 17:30:00,493.8450012207031,495.989990234375,493.010009765625,495.4375915527344,393367
2025-09-17 18:30:00,495.4700012207031,495.8699951171875,491.9700012207031,492.5199890136719,493406
2025-09-17 19:30:00,492.4200134277344,493.8399963378906,491.2799987792969,492.489990234375,871020
2025-09-18 13:30:00,489.6400146484375,494.8800048828125,488.0,494.2699890136719,736114
2025-09-18 14:30:00,494.2699890136719,494.3299865722656,491.2900085449219,491.7250061035156,329539
2025-09-18 15:30:00,491.7300109863281,492.409912109375,491.0799865722656,491.739990234375,263929
2025-09-18 16:30:00,491.7449951171875,492.25,490.0,490.230712890625,271073
2025-09-18 17:30:00,490.1449890136719,490.8529968261719,489.1000061035156,490.1440124511719,354398
2025-09-18 18:30:00,490.1300048828125,490.79998779296875,489.5000915527344,490.4800109863281,326554
2025-09-18 19:30:00,490.4049987792969,490.9599914550781,489.6000061035156,490.3999938964844,492594
2025-09-19 13:30:00,491.8699951171875,492.07000732421875,488.8800048828125,489.7250061035156,1598666
2025-09-19 14:30:00,489.7782897949219,490.6803894042969,489.51300048828125,490.21759033203125,344634
2025-09-19 15:30:00,490.2099914550781,491.8800048828125,489.5199890136719,491.7200012207031,274989
2025-09-19 16:30:00,491.7300109863281,491.8330078125,490.90570068359375,491.56500244140625,197450
2025-09-19 17:30:00,491.5899963378906,492.5260009765625,491.0249938964844,491.8800048828125,280251
2025-09-19 18:30:00,491.8800048828125,493.8999938964844,491.4169921875,493.7799987792969,351282
2025-09-19 19:30:00,493.7850036621094,494.5,492.3500061035156,492.95001220703125,623630
2025-09-22 13:30:00,490.57000732421875,494.0,489.2300109863281,493.3900146484375,652046
2025-09-22 14:30:00,493.32000732421875,494.7099914550781,493.1700134277344,493.1842041015625,298704
2025-09-22 15:30:00,493.1000061035156,494.19000244140625,492.2099914550781,493.0,302749
2025-09-22 16:30:00,493.010009765625,493.5,491.6000061035156,493.3362121582031,256944
2025-09-22 17:30:00,493.3500061035156,494.0299987792969,493.1300048828125,493.489990234375,208885
2025-09-22 18:30:00,493.5458984375,493.8999938964844,492.79998779296875,493.82000732421875,241479
2025-09-22 19:30:00,493.760009765625,494.6600036621094,493.54998779296875,493.7099914550781,473322
2025-09-23 13:30:00,494.2200012207031,499.2799987792969,493.5223083496094,496.8080139160156,709323
2025-09-23 14:30:00,496.8949890136719,498.75,496.4137878417969,497.17999267578125,370745
2025-09-23 15:30:00,497.17999267578125,497.510009765625,495.3999938964844,495.6719970703125,266899
2025-09-23 16:30:00,495.6700134277344,496.7799987792969,495.05999755859375,495.1191101074219,202374
2025-09-23 17:30:00,495.1099853515625,496.83599853515625,494.4949951171875,495.1785888671875,352378
2025-09-23 18:30:00,495.125,495.3900146484375,493.7099914550781,494.0899963378906,343984
2025-09-23 19:30:00,494.12799072265625,494.9200134277344,493.7200012207031,494.1099853515625,509000
2025-09-24 13:30:00,493.25,495.7698974609375,493.1099853515625,494.510009765625,475816
2025-09-24 14:30:00,494.8399963378906,495.7698974609375,493.7349853515625,495.1400146484375,214465
2025-09-24 15:30:00,495.1400146484375,495.6700134277344,494.3999938964844,495.0799865722656,214117
2025-09-24 16:30:00,495.0329895019531,496.0,495.0101013183594,495.55999755859375,144358
2025-09-24 17:30:00,495.614990234375,496.1050109863281,494.8699951171875,495.8099060058594,207636
2025-09-24 18:30:00,495.6650085449219,495.7200012207031,494.3949890136719,495.1700134277344,241296
2025-09-24 19:30:00,495.05999755859375,497.1600036621094,495.0083923339844,497.00628662109375,482257
2025-09-25 13:30:00,496.1499938964844,499.0,495.9700012207031,497.8900146484375,817353
2025-09-25 14:30:00,497.8900146484375,498.1300048828125,495.3999938964844,496.0400085449219,362375
2025-09-25 15:30:00,496.125,496.6377868652344,494.7300109863281,495.0,324582
2025-09-25 16:30:00,495.05999755859375,496.70001220703125,495.0187072753906,495.7850036621094,224891
2025-09-25 17:30:00,495.69000244140625,496.9880065917969,495.010009765625,496.0050048828125,254017
2025-09-25 18:30:00,496.0050048828125,496.8599853515625,495.8900146484375,496.4200134277344,215481
2025-09-25 19:30:00,496.44000244140625,496.8500061035156,495.0,495.0400085449219,765279
2025-09-26 13:30:00,497.9849853515625,501.3500061035156,497.1600036621094,498.6145935058594,832896
2025-09-26 14:30:00,498.4649963378906,498.7477111816406,497.4400939941406,498.739990234375,351830
2025-09-26 15:30:00,498.6000061035156,499.7200012207031,497.69000244140625,499.385009765625,342282
2025-09-26 16:30:00,499.42498779296875,501.17999267578125,499.42498779296875,500.8500061035156,316753
2025-09-26 17:30:00,500.9176025390625,502.1000061035156,500.6300048828125,501.25,290487
2025-09-26 18:30:00,501.2099914550781,501.639892578125,499.95001220703125,500.0,265261
2025-09-26 19:30:00,499.8299865722656,500.6099853515625,499.6099853515625,500.0299987792969,502426
2025-09-29 13:30:00,500.0,500.25,495.0199890136719,497.1600036621094,805103
2025-09-29 14:30:00,497.0733947753906,498.2654113769531,496.3999938964844,497.92999267578125,287362
2025-09-29 15:30:00,497.8299865722656,498.8399963378906,497.5,498.4100036621094,247065
2025-09-29 16:30:00,498.5,498.9078063964844,497.6000061035156,497.6199951171875,595636
2025-09-29 17:30:00,497.7099914550781,499.1000061035156,497.2550048828125,498.82830810546875,253284
2025-09-29 18:30:00,498.7650146484375,498.8500061035156,497.39239501953125,497.885009765625,293873
2025-09-29 19:30:00,497.9599914550781,499.3599853515625,497.95001220703125,499.3599853515625,444032
2025-09-30 13:30:00,497.6400146484375,500.7699890136719,497.0,500.44000244140625,596620
2025-09-30 14:30:00,500.489990234375,500.79998779296875,499.20001220703125,500.6050109863281,324131
2025-09-30 15:30:00,500.6099853515625,502.0650939941406,500.4700927734375,501.66009521484375,337589
2025-09-30 16:30:00,501.75,502.389892578125,500.6000061035156,500.7101135253906,211042
2025-09-30 17:30:00,500.8500061035156,502.8671875,500.79998779296875,502.0899963378906,278966
2025-09-30 18:30:00,502.0199890136719,502.8599853515625,501.79998779296875,502.3999938964844,300293
2025-09-30 19:30:00,502.3999938964844,503.7799987792969,502.0700988769531,502.6300048828125,549831
2025-10-01 13:30:00,502.5,502.5,497.2958984375,497.3999938964844,720633
2025-10-01 14:30:00,497.2699890136719,497.8999938964844,496.2525939941406,496.82000732421875,544731
2025-10-01 15:30:00,496.9200134277344,497.59991455078125,496.2601013183594,496.55999755859375,335714
2025-10-01 16:30:00,496.5350036621094,497.2300109863281,495.8999938964844,497.20001220703125,394637
2025-10-01 17:30:00,497.25,498.7398986816406,496.9879150390625,498.364990234375,250302
2025-10-01 18:30:00,498.3695983886719,499.19500732421875,498.29998779296875,499.19500732421875,330748
2025-10-01 19:30:00,499.1600036621094,499.82000732421875,498.1400146484375,498.1600036621094,620593
2025-10-02 13:30:00,496.9599914550781,499.6099853515625,496.1400146484375,496.79998779296875,640532
2025-10-02 14:30:00,496.79998779296875,498.30999755859375,496.3999938964844,497.19189453125,353531
2025-10-02 15:30:00,497.314697265625,497.4200134277344,496.0000915527344,496.3450012207031,310092
2025-10-02 16:30:00,496.1199951171875,496.2149963378906,493.2200012207031,493.7799987792969,468579
2025-10-02 17:30:00,493.7485046386719,496.32000732421875,493.30999755859375,495.7409973144531,267903
2025-10-02 18:30:00,495.8999938964844,497.14990234375,495.6700134277344,496.8599853515625,349061
2025-10-02 19:30:00,496.8800048828125,497.1199951171875,495.95001220703125,495.95001220703125,526071
2025-10-03 13:30:00,495.8999938964844,499.9049987792969,495.05010986328125,499.55999755859375,596492
2025-10-03 14:30:00,499.6000061035156,500.6650085449219,498.70001220703125,499.2699890136719,491639
2025-10-03 15:30:00,499.3900146484375,501.2200012207031,498.8800964355469,500.8399963378906,300591
2025-10-03 16:30:00,500.739990234375,501.92999267578125,500.7253112792969,501.1200866699219,296700
2025-10-03 17:30:00,501.239990234375,502.1400146484375,501.1000061035156,502.010009765625,315270
2025-10-03 18:30:00,502.0799865722656,502.5498962402344,500.17999267578125,500.41668701171875,448505
2025-10-03 19:30:00,500.3599853515625,501.6700134277344,498.42999267578125,498.7799987792969,984233
2025-10-06 13:30:00,499.5,502.8299865722656,498.0201110839844,502.6199951171875,795116
2025-10-06 14:30:00,502.57000732421875,504.9700012207031,502.3500061035156,504.1199951171875,602428
2025-10-06 15:30:00,504.1449890136719,504.5199890136719,502.489990234375,503.260009765625,365641
2025-10-06 16:30:00,503.2301940917969,503.635009765625,502.0000915527344,502.5,243822
2025-10-06 17:30:00,502.3877868652344,502.739990234375,501.1600036621094,501.5249938964844,251338
2025-10-06 18:30:00,501.5050964355469,501.5050964355469,499.6000061035156,500.1600036621094,347150
2025-10-06 19:30:00,500.1300048828125,500.7300109863281,499.9200134277344,500.1199951171875,345802
2025-10-07 13:30:00,500.1600036621094,502.659912109375,498.6099853515625,501.8710021972656,705535
2025-10-07 14:30:00,501.625,504.4599914550781,500.9599914550781,502.6449890136719,373222
2025-10-07 15:30:00,502.6449890136719,502.7898864746094,499.9100036621094,500.92999267578125,335016
2025-10-07 16:30:00,500.94000244140625,502.4898986816406,500.5600891113281,501.2850036621094,261041
2025-10-07 17:30:00,501.2690124511719,502.0,500.8500061035156,501.79998779296875,223656
2025-10-07 18:30:00,501.8550109863281,502.19000244140625,500.9700012207031,501.1300048828125,248667
2025-10-07 19:30:00,501.07000732421875,502.46990966796875,501.0249938964844,502.34991455078125,303889
2025-10-08 13:30:00,502.7099914550781,503.5,498.55999755859375,502.42999267578125,614030
2025-10-08 14:30:00,502.42999267578125,503.409912109375,502.090087890625,503.1199951171875,235399
2025-10-08 15:30:00,503.1300048828125,503.2200012207031,501.4100036621094,501.4796142578125,222979
2025-10-08 16:30:00,501.6348876953125,501.70001220703125,500.625,501.07000732421875,169548
2025-10-08 17:30:00,501.0,501.19329833984375,500.0400085449219,501.1099853515625,242561
2025-10-08 18:30:00,501.04998779296875,501.2898864746094,500.20001220703125,500.8500061035156,206412
2025-10-08 19:30:00,500.94000244140625,501.3800048828125,499.8999938964844,500.0199890136719,399017
2025-10-09 13:30:00,499.9800109863281,501.22100830078125,498.090087890625,498.6477966308594,571317
2025-10-09 14:30:00,498.6315002441406,499.0350036621094,497.04998779296875,497.7655029296875,398851
2025-10-09 15:30:00,497.6300048828125,498.125,495.67999267578125,496.4599914550781,285240
2025-10-09 16:30:00,496.4132995605469,496.8999938964844,495.25,495.9490966796875,197656
2025-10-09 17:30:00,496.0400085449219,496.4070129394531,494.510009765625,495.989990234375,302346
2025-10-09 18:30:00,495.989990234375,496.1199951171875,495.20001220703125,495.8999938964844,321729
2025-10-09 19:30:00,495.8999938964844,496.8800048828125,495.7200012207031,496.7300109863281,456977
2025-10-10 13:30:00,497.25,497.989990234375,493.9812927246094,494.5799865722656,625213
2025-10-10 14:30:00,494.67999267578125,495.1899108886719,491.6700134277344,492.6463928222656,751425
2025-10-10 15:30:00,492.4700012207031,493.0,489.66009521484375,491.42999267578125,606443
2025-10-10 16:30:00,491.43011474609375,492.659912109375,491.3554992675781,492.04998779296875,274334
2025-10-10 17:30:00,492.0,492.67999267578125,491.54998779296875,491.635009765625,244970
2025-10-10 18:30:00,491.6099853515625,491.7200012207031,489.5299987792969,489.9649963378906,434762
2025-10-10 19:30:00,490.0799865722656,491.5,489.1700134277344,489.3299865722656,693912
2025-10-13 13:30:00,488.1499938964844,490.96990966796875,488.1499938964844,488.5899963378906,723808
2025-10-13 14:30:00,488.6199951171875,491.6099853515625,487.82000732421875,491.5,398179
2025-10-13 15:30:00,491.5400085449219,493.25,491.20001220703125,492.80999755859375,301488
2025-10-13 16:30:00,492.80499267578125,493.79998779296875,492.1700134277344,492.34991455078125,287785
2025-10-13 17:30:00,492.3500061035156,493.0400085449219,491.49169921875,492.614990234375,175165
2025-10-13 18:30:00,492.614990234375,492.97900390625,490.4100036621094,492.05950927734375,259012
2025-10-13 19:30:00,492.010009765625,492.8699951171875,491.7900085449219,491.8299865722656,446777
2025-10-14 13:30:00,490.0,494.1199951171875,489.9501037597656,493.1099853515625,546606
2025-10-14 14:30:00,492.9549255371094,494.19000244140625,492.51348876953125,493.25,241863
2025-10-14 15:30:00,493.2925109863281,495.1000061035156,493.2377014160156,494.5199890136719,191436
2025-10-14 16:30:00,494.6199951171875,496.25,494.20001220703125,496.0050964355469,250506
2025-10-14 17:30:00,495.99200439453125,497.05999755859375,495.68280029296875,496.0,306191
2025-10-14 18:30:00,496.1000061035156,496.4999084472656,495.3999938964844,496.0299987792969,277950
2025-10-14 19:30:00,495.989990234375,496.2900085449219,494.04998779296875,495.989990234375,461438
2025-10-15 13:30:00,493.8999938964844,496.37548828125,492.20001220703125,496.30499267578125,696291
2025-10-15 14:30:00,496.39990234375,496.72918701171875,494.5101013183594,494.67999267578125,304940
2025-10-15 15:30:00,494.7650146484375,495.25,493.7799987792969,494.1199951171875,220587
2025-10-15 16:30:00,494.0,494.29998779296875,490.3500061035156,491.20001220703125,228608
2025-10-15 17:30:00,491.31988525390625,493.6499938964844,491.0899963378906,493.4800109863281,303882
2025-10-15 18:30:00,493.6000061035156,494.75,493.04010009765625,494.4599914550781,317466
2025-10-15 19:30:00,494.4200134277344,496.67999267578125,494.1000061035156,496.44000244140625,535560
2025-10-16 13:30:00,495.5950012207031,495.9999084472656,489.8800048828125,490.8399963378906,803680
2025-10-16 14:30:00,490.70001220703125,492.0,490.2200927734375,490.239990234375,371100
2025-10-16 15:30:00,490.25,491.5899963378906,489.7101135253906,490.010009765625,375437
2025-10-16 16:30:00,490.0199890136719,490.0299987792969,488.2699890136719,489.57501220703125,407041
2025-10-16 17:30:00,489.6653137207031,489.8330078125,485.79998779296875,487.0299987792969,410469
2025-10-16 18:30:00,487.0172119140625,488.7499084472656,486.1300048828125,488.07000732421875,409527
2025-10-16 19:30:00,488.0299987792969,489.3599853515625,487.44000244140625,488.739990234375,650186
2025-10-17 13:30:00,490.0,492.7300109863281,489.25,491.2770080566406,928413
2025-10-17 14:30:00,491.2699890136719,491.8800048828125,490.0,491.5,315459
2025-10-17 15:30:00,491.6000061035156,492.7900085449219,491.1018981933594,492.6449890136719,489939
2025-10-17 16:30:00,492.6700134277344,492.9200134277344,491.72808837890625,491.92498779296875,198016
2025-10-17 17:30:00,492.010009765625,493.4100036621094,491.68011474609375,493.25,289323
2025-10-17 18:30:00,493.1650085449219,493.45001220703125,492.44000244140625,492.7850036621094,315049
2025-10-17 19:30:00,492.7850036621094,493.32000732421875,492.03009033203125,492.4800109863281,429402
2025-10-20 13:30:00,492.3599853515625,493.85101318359375,490.67999267578125,491.3916015625,552162
2025-10-20 14:30:00,491.4049987792969,493.1499938964844,491.1000061035156,491.5614929199219,318002
2025-10-20 15:30:00,491.6300048828125,491.739990234375,490.3200988769531,491.6499938964844,255971
2025-10-20 16:30:00,491.6499938964844,492.8699951171875,491.1400146484375,492.2300109863281,227942
2025-10-20 17:30:00,492.25,493.3599853515625,492.2001037597656,492.8139953613281,271438
2025-10-20 18:30:00,492.82000732421875,493.8500061035156,492.4700012207031,493.55999755859375,295938
2025-10-20 19:30:00,493.54998779296875,494.4150085449219,493.2799987792969,494.0199890136719,374315
2025-10-21 13:30:00,493.70001220703125,495.20001220703125,493.25,495.0,478082
2025-10-21 14:30:00,495.05999755859375,495.70001220703125,494.135009765625,494.625,260108
2025-10-21 15:30:00,494.625,495.0799865722656,493.54998779296875,494.5000915527344,208730
2025-10-21 16:30:00,494.42498779296875,494.6099853515625,493.7250061035156,494.17999267578125,180644
2025-10-21 17:30:00,494.07000732421875,494.5299072265625,493.7799987792969,493.8500061035156,185629
2025-10-21 18:30:00,493.8900146484375,494.20001220703125,492.60009765625,493.1300048828125,224123
2025-10-21 19:30:00,492.989990234375,493.17999267578125,491.25,491.3299865722656,400969
2025-10-22 13:30:00,491.7300109863281,492.9800109863281,490.739990234375,491.8900146484375,398785
2025-10-22 14:30:00,492.010009765625,492.489990234375,491.2300109863281,492.19000244140625,233889
2025-10-22 15:30:00,492.1499938964844,492.8445129394531,489.57000732421875,489.8500061035156,279163
2025-10-22 16:30:00,489.8500061035156,490.64990234375,488.1900939941406,489.45001220703125,264183
2025-10-22 17:30:00,489.3800048828125,490.5,488.9100036621094,490.0799865722656,223845
2025-10-22 18:30:00,489.9872131347656,490.85540771484375,489.69000244140625,490.739990234375,265435
2025-10-22 19:30:00,490.7850036621094,492.0299987792969,490.7412109375,491.82000732421875,336432
2025-10-23 13:30:00,492.19000244140625,492.45001220703125,488.1131896972656,488.70001220703125,618564
2025-10-23 14:30:00,488.6300048828125,489.70001220703125,488.5,489.2300109863281,280641
2025-10-23 15:30:00,489.29998779296875,490.39990234375,488.7850036621094,490.3164978027344,233992
2025-10-23 16:30:00,490.42999267578125,491.75189208984375,490.010009765625,490.57000732421875,255013
2025-10-23 17:30:00,490.6087951660156,491.3299865722656,490.5158996582031,490.7300109863281,207607
2025-10-23 18:30:00,490.6499938964844,491.0,490.3399963378906,490.69000244140625,265695
2025-10-23 19:30:00,490.7767028808594,490.9200134277344,490.09368896484375,490.20001220703125,405128
2025-10-24 13:30:00,490.9100036621094,491.5299987792969,489.85919189453125,490.18121337890625,515599
2025-10-24 14:30:00,490.1227111816406,491.0050048828125,489.3999938964844,490.19000244140625,359658
2025-10-24 15:30:00,490.3599853515625,491.43548583984375,490.2200012207031,490.8900146484375,198328
2025-10-24 16:30:00,490.8800048828125,491.6527099609375,490.5199890136719,491.5400085449219,217389
2025-10-24 17:30:00,491.510009765625,492.9800109863281,491.510009765625,492.3999938964844,545418
2025-10-24 18:30:00,492.56988525390625,492.8450012207031,491.6300048828125,491.8299865722656,277877
2025-10-24 19:30:00,491.82000732421875,492.5400085449219,491.6499938964844,492.1300048828125,437587
2025-10-27 13:30:00,491.9200134277344,492.29998779296875,487.29010009765625,488.8699951171875,1226002
2025-10-27 14:30:00,488.8699951171875,489.4100036621094,486.5400085449219,487.5166931152344,745577
2025-10-27 15:30:00,487.5350036621094,488.0,486.42999267578125,486.42999267578125,500320
2025-10-27 16:30:00,486.489990234375,486.87530517578125,485.2088928222656,485.3299865722656,567156
2025-10-27 17:30:00,485.45989990234375,485.4931945800781,484.54998779296875,484.7323913574219,557219
2025-10-27 18:30:00,484.82000732421875,487.7099914550781,484.7309875488281,487.31500244140625,921377
2025-10-27 19:30:00,487.31500244140625,488.739990234375,487.1401062011719,488.0400085449219,670268
2025-10-28 13:30:00,484.9599914550781,485.0,481.8999938964844,483.510009765625,958917
2025-10-28 14:30:00,483.40008544921875,484.57000732421875,482.75,483.1650085449219,578266
2025-10-28 15:30:00,483.1600036621094,483.6322021484375,482.1400146484375,483.4700012207031,471298
2025-10-28 16:30:00,483.3900146484375,484.8500061035156,482.8900146484375,484.1199951171875,395444
2025-10-28 17:30:00,484.1734924316406,485.6700134277344,483.4031066894531,484.2864990234375,433654
2025-10-28 18:30:00,484.37200927734375,484.37200927734375,482.2875061035156,482.5950012207031,436510
2025-10-28 19:30:00,482.55999755859375,482.5950012207031,481.1099853515625,481.45001220703125,815544
2025-10-29 13:30:00,477.32000732421875,478.79998779296875,474.29998779296875,475.8399963378906,1570994
2025-10-29 14:30:00,475.8800048828125,477.51708984375,475.3599853515625,475.7900085449219,646986
2025-10-29 15:30:00,475.8349914550781,476.55499267578125,475.2099914550781,476.39080810546875,509854
2025-10-29 16:30:00,476.31500244140625,477.1650085449219,476.0,476.75,472743
2025-10-29 17:30:00,476.69000244140625,476.71820068359375,475.5,476.1512145996094,348004
2025-10-29 18:30:00,476.1700134277344,476.20001220703125,474.0,474.66290283203125,680844
2025-10-29 19:30:00,474.6700134277344,475.8599853515625,473.7200012207031,475.8399963378906,745637
2025-10-30 13:30:00,474.8399963378906,480.20001220703125,474.8399963378906,478.3999938964844,1156242
2025-10-30 14:30:00,478.5299987792969,480.82330322265625,478.1900939941406,480.04998779296875,572522
2025-10-30 15:30:00,480.0,480.7900085449219,479.3500061035156,480.3800048828125,383681
2025-10-30 16:30:00,480.4700012207031,480.6842956542969,479.5,480.1050109863281,245749
2025-10-30 17:30:00,480.1050109863281,480.7698974609375,479.6099853515625,480.4700012207031,305295
2025-10-30 18:30:00,480.45001220703125,480.9088134765625,479.864990234375,480.4784851074219,384319
2025-10-30 19:30:00,480.64990234375,480.8299865722656,478.42999267578125,478.6199951171875,703128
2025-10-31 13:30:00,476.79998779296875,478.4100036621094,475.30999755859375,477.385009765625,711917
2025-10-31 14:30:00,477.29998779296875,478.4599914550781,476.6199951171875,477.79998779296875,506022
2025-10-31 15:30:00,477.8450012207031,478.7099914550781,476.5,478.4100036621094,481316
2025-10-31 16:30:00,478.4200134277344,478.5338134765625,475.6000061035156,476.0400085449219,391802
2025-10-31 17:30:00,476.07000732421875,477.32000732421875,475.30999755859375,476.3500061035156,628752
2025-10-31 18:30:00,476.3999938964844,478.17999267578125,476.1600036621094,477.80010986328125,738661
2025-10-31 19:30:00,477.864990234375,478.6700134277344,477.6499938964844,477.7200012207031,1078054
2025-11-03 14:30:00,479.510009765625,479.989990234375,473.1499938964844,477.0799865722656,1612194
2025-11-03 15:30:00,477.1400146484375,478.8783874511719,474.82000732421875,475.010009765625,713751
2025-11-03 16:30:00,475.0199890136719,477.0,474.70001220703125,476.6050109863281,388114
2025-11-03 17:30:00,476.69000244140625,477.7699890136719,476.6300048828125,477.1099853515625,345844
2025-11-03 18:30:00,477.1650085449219,478.0299987792969,476.20001220703125,477.1000061035156,416320
2025-11-03 19:30:00,477.1377868652344,477.44000244140625,475.510498046875,477.04998779296875,528362
2025-11-03 20:30:00,477.07501220703125,477.4100036621094,475.0899963378906,475.7300109863281,872600
2025-11-04 14:30:00,475.5,482.29998779296875,475.5,481.04998779296875,1231202
2025-11-04 15:30:00,481.0,483.6081848144531,479.7200927734375,483.0881042480469,1139057
2025-11-04 16:30:00,483.1700134277344,483.6000061035156,481.2001037597656,482.4674987792969,547626
2025-11-04 17:30:00,482.639892578125,487.2699890136719,481.92010498046875,486.7008972167969,818402
2025-11-04 18:30:00,486.6520080566406,487.5799865722656,485.510009765625,487.05499267578125,743813
2025-11-04 19:30:00,487.05499267578125,488.7900085449219,486.6697082519531,487.7059020996094,834066
2025-11-04 20:30:00,487.6600036621094,488.42999267578125,487.1300048828125,487.6700134277344,974936
2025-11-05 14:30:00,487.3349914550781,493.3599853515625,487.3349914550781,493.0299987792969,1274444
2025-11-05 15:30:00,492.9949951171875,493.8900146484375,491.6700134277344,492.822509765625,628414
2025-11-05 16:30:00,492.7300109863281,493.4200134277344,490.340087890625,491.75,455012
2025-11-05 17:30:00,491.7799987792969,492.1700134277344,490.716796875,490.8800048828125,341044
2025-11-05 18:30:00,490.82000732421875,491.1400146484375,489.989990234375,490.4549865722656,344116
2025-11-05 19:30:00,490.4100036621094,491.0498962402344,488.75,489.17498779296875,695602
2025-11-05 20:30:00,489.1499938964844,490.8599853515625,488.8399963378906,489.114990234375,1242591
2025-11-06 14:30:00,490.0,492.9800109863281,486.75,488.9200134277344,894193
2025-11-06 15:30:00,488.80999755859375,491.5199890136719,488.79998779296875,491.0,469607
2025-11-06 16:30:00,490.9750061035156,492.8999938964844,490.3999938964844,492.3500061035156,465780
2025-11-06 17:30:00,492.4100036621094,492.9800109863281,490.9800109863281,492.239990234375,357525
2025-11-06 18:30:00,492.239990234375,493.04559326171875,491.30999755859375,491.4331970214844,355328
2025-11-06 19:30:00,491.3699951171875,492.6099853515625,491.2099914550781,492.0899963378906,350419
2025-11-06 20:30:00,492.07000732421875,494.0299987792969,491.8186950683594,493.1449890136719,755086
2025-11-07 14:30:00,494.92999267578125,498.739990234375,493.3500061035156,497.67498779296875,1167357
2025-11-07 15:30:00,497.75,500.1600036621094,496.42999267578125,498.760009765625,921307
2025-11-07 16:30:00,498.9100036621094,499.79998779296875,497.30010986328125,498.0799865722656,671725
2025-11-07 17:30:00,498.0,498.9599914550781,497.1099853515625,497.7699890136719,611121
2025-11-07 18:30:00,497.6000061035156,498.14990234375,496.20001220703125,497.3403015136719,420832
2025-11-07 19:30:00,497.4599914550781,498.6600036621094,497.2799987792969,497.8500061035156,399427
2025-11-07 20:30:00,497.8999938964844,499.6600036621094,497.5299987792969,499.1499938964844,586790
2025-11-10 14:30:00,497.0799865722656,497.8699951171875,495.1300048828125,497.7550048828125,898566
2025-11-10 15:30:00,497.7550048828125,500.1199951171875,497.42010498046875,499.67999267578125,476820
2025-11-10 16:30:00,499.7294006347656,501.2799987792969,496.7799987792969,497.05999755859375,498786
2025-11-10 17:30:00,496.9800109863281,500.07000732421875,496.5400085449219,499.0849914550781,451866
2025-11-10 18:30:00,499.0849914550781,499.4999084472656,498.11419677734375,498.3599853515625,320821
2025-11-10 19:30:00,498.5,498.6899108886719,496.94000244140625,498.17999267578125,470431
2025-11-10 20:30:00,498.1650085449219,498.2300109863281,496.6700134277344,497.0199890136719,775672
2025-11-11 14:30:00,498.5899963378906,499.69000244140625,494.20001220703125,496.989990234375,642884
2025-11-11 15:30:00,496.9414978027344,497.7900085449219,496.5000915527344,497.0,417202
2025-11-11 16:30:00,496.9612121582031,497.5,496.6300048828125,497.44000244140625,223037
2025-11-11 17:30:00,497.4200134277344,497.44000244140625,496.5000915527344,497.29998779296875,199252
2025-11-11 18:30:00,497.2099914550781,497.3999938964844,496.0685119628906,497.239990234375,222552
2025-11-11 19:30:00,497.260986328125,497.7349853515625,497.110107421875,497.2820129394531,205651
2025-11-11 20:30:00,497.2850036621094,497.6099853515625,496.8500061035156,497.3399963378906,386748
2025-11-12 14:30:00,497.1600036621094,502.7149963378906,496.9879150390625,500.54998779296875,1145066
2025-11-12 15:30:00,500.510009765625,502.7699890136719,499.17999267578125,499.79998779296875,655710
2025-11-12 16:30:00,499.7550048828125,501.8800048828125,499.4100036621094,501.6600036621094,423068
2025-11-12 17:30:00,501.6600036621094,503.0,501.54998779296875,502.6600036621094,350670
2025-11-12 18:30:00,502.7200012207031,503.75,502.7200012207031,503.6199951171875,377367
2025-11-12 19:30:00,503.6400146484375,504.45001220703125,502.3699951171875,502.875,478573
2025-11-12 20:30:00,502.8800048828125,503.6000061035156,502.2699890136719,502.80999755859375,1000658
2025-11-13 14:30:00,504.82000732421875,509.5899963378906,504.82000732421875,508.3999938964844,1325060
2025-11-13 15:30:00,508.5050048828125,509.1299133300781,506.5,507.7489929199219,742155
2025-11-13 16:30:00,507.70001220703125,509.3299865722656,507.260009765625,509.04998779296875,515694
2025-11-13 17:30:00,509.1099853515625,511.94000244140625,509.04998779296875,511.8299865722656,684360
2025-11-13 18:30:00,511.8299865722656,514.2598876953125,511.6300048828125,512.8323974609375,812062
2025-11-13 19:30:00,512.9299926757812,513.0800170898438,511.29998779296875,511.7650146484375,688784
2025-11-13 20:30:00,511.75,513.3699951171875,511.1000061035156,513.1900024414062,1069560
2025-11-14 14:30:00,514.7000122070312,516.5499877929688,507.2001037597656,508.6300048828125,1393306
2025-11-14 15:30:00,508.5849914550781,509.7699890136719,506.3500061035156,509.7200012207031,554019
2025-11-14 16:30:00,509.6400146484375,511.0299987792969,509.2200927734375,510.0221862792969,371070
2025-11-14 17:30:00,510.07000732421875,511.625,509.55999755859375,511.5533142089844,435628
2025-11-14 18:30:00,511.4800109863281,513.2000122070312,511.0101013183594,512.52001953125,364485
2025-11-14 19:30:00,512.6099853515625,513.0,510.8999938964844,510.99249267578125,398964
2025-11-14 20:30:00,510.968505859375,510.968505859375,508.1300048828125,509.0,708787
2025-11-17 14:30:00,510.7300109863281,511.25,507.1600036621094,510.54998779296875,970515
2025-11-17 15:30:00,510.4800109863281,511.260009765625,508.0199890136719,509.0199890136719,571234
2025-11-17 16:30:00,509.0199890136719,509.3500061035156,506.79998779296875,508.3699951171875,371061
2025-11-17 17:30:00,508.3699951171875,508.5799865722656,506.25,507.2099914550781,311033
2025-11-17 18:30:00,507.04998779296875,508.0299987792969,506.4700012207031,506.760009765625,355274
2025-11-17 19:30:00,506.760009765625,506.92999267578125,503.79998779296875,505.260009765625,513416
2025-11-17 20:30:00,505.2200012207031,505.2200012207031,502.8399963378906,503.3599853515625,705670
2025-11-18 14:30:00,503.3900146484375,505.0,501.2777099609375,501.364990234375,1022300
2025-11-18 15:30:00,501.489990234375,503.5150146484375,500.6000061035156,503.510009765625,475155
2025-11-18 16:30:00,503.44500732421875,503.54998779296875,501.7001037597656,502.6600036621094,366423
2025-11-18 17:30:00,502.6099853515625,505.6099853515625,502.4599914550781,505.1499938964844,330271
2025-11-18 18:30:00,505.1499938964844,506.1000061035156,504.6199951171875,505.0643005371094,271320
2025-11-18 19:30:00,505.1000061035156,506.6400146484375,504.510009765625,505.5199890136719,502587
2025-11-18 20:30:00,505.45001220703125,506.20001220703125,504.0,504.3900146484375,872124
2025-11-19 14:30:00,503.68499755859375,504.25,495.54998779296875,497.57000732421875,1014630
2025-11-19 15:30:00,497.4750061035156,499.1499938964844,496.9700012207031,499.0,539798
2025-11-19 16:30:00,498.9599914550781,499.8299865722656,498.2701110839844,499.3299865722656,326467
2025-11-19 17:30:00,499.260009765625,502.20001220703125,499.1000061035156,501.92999267578125,308791
2025-11-19 18:30:00,501.9100036621094,502.5799865722656,498.8699951171875,499.07000732421875,246119
2025-11-19 19:30:00,499.089599609375,501.1199951171875,498.5799865722656,500.75,348709
2025-11-19 20:30:00,500.7300109863281,502.44000244140625,500.489990234375,501.29998779296875,533988
2025-11-20 14:30:00,501.1099853515625,505.5,501.1099853515625,503.17498779296875,674228
2025-11-20 15:30:00,503.2300109863281,506.1499938964844,502.7900085449219,505.9599914550781,448743
2025-11-20 16:30:00,505.9549865722656,506.0199890136719,502.04998779296875,504.489990234375,617869
2025-11-20 17:30:00,504.45001220703125,504.54998779296875,502.2699890136719,502.6549987792969,408114
2025-11-20 18:30:00,502.5899963378906,504.8319091796875,501.739990234375,504.4200134277344,362898
2025-11-20 19:30:00,504.4200134277344,506.45001220703125,503.5799865722656,505.8800048828125,460301
2025-11-20 20:30:00,505.8999938964844,506.25,500.8399963378906,502.0400085449219,1135208
2025-11-21 14:30:00,503.2749938964844,507.8420104980469,502.8500061035156,505.43499755859375,1347900
2025-11-21 15:30:00,505.6549987792969,506.20001220703125,502.489990234375,504.92999267578125,773297
2025-11-21 16:30:00,505.0,507.1899108886719,504.16009521484375,506.14801025390625,620038
2025-11-21 17:30:00,506.2499084472656,506.7799987792969,504.8800048828125,505.6099853515625,456637
2025-11-21 18:30:00,505.67999267578125,506.6000061035156,504.5249938964844,504.7049865722656,366610
2025-11-21 19:30:00,504.6700134277344,505.7900085449219,503.3999938964844,503.42999267578125,377050
2025-11-21 20:30:00,503.4700012207031,504.760009765625,503.2699890136719,504.0799865722656,768184
2025-11-24 14:30:00,501.8949890136719,504.6400146484375,497.1651916503906,499.6409912109375,914524
2025-11-24 15:30:00,499.5,500.17999267578125,498.2701110839844,499.2699890136719,463050
2025-11-24 16:30:00,499.3299865722656,500.20001220703125,498.94000244140625,499.9100036621094,327687
2025-11-24 17:30:00,499.9200134277344,500.739990234375,499.6199951171875,500.3299865722656,386240
2025-11-24 18:30:00,500.32501220703125,502.07000732421875,499.9100036621094,500.8349914550781,286976
2025-11-24 19:30:00,500.8349914550781,502.6700134277344,499.7900085449219,502.125,448288
2025-11-24 20:30:00,502.125,509.20001220703125,502.04998779296875,507.7550048828125,2101083
2025-11-25 14:30:00,508.92999267578125,512.35498046875,507.05859375,507.42999267578125,988057
2025-11-25 15:30:00,507.29998779296875,509.0299987792969,506.94000244140625,506.998291015625,374243
2025-11-25 16:30:00,507.010009765625,509.75,506.95001220703125,509.1199951171875,314643
2025-11-25 17:30:00,509.20001220703125,509.510009765625,506.8599853515625,507.5880126953125,359520
2025-11-25 18:30:00,507.5899963378906,508.3800048828125,507.239990234375,508.16900634765625,365653
2025-11-25 19:30:00,508.1950988769531,509.389892578125,508.1000061035156,509.1365051269531,273404
2025-11-25 20:30:00,509.1424865722656,509.5299987792969,508.5299987792969,508.5299987792969,420640
2025-11-26 14:30:00,509.25,510.760009765625,507.6499938964844,510.340087890625,577112
2025-11-26 15:30:00,510.489990234375,511.4200134277344,510.2099914550781,511.07000732421875,339810
2025-11-26 16:30:00,511.010009765625,512.6199951171875,510.9601135253906,512.0399780273438,450752
2025-11-26 17:30:00,512.0399780273438,512.7000122070312,510.7799987792969,511.3988952636719,351241
2025-11-26 18:30:00,511.4100036621094,512.0,510.5400085449219,511.6600036621094,256723
2025-11-26 19:30:00,511.6499938964844,511.8299865722656,511.02960205078125,511.6600036621094,259748
2025-11-26 20:30:00,511.6600036621094,512.3499755859375,511.1400146484375,511.19000244140625,457295
2025-11-28 14:30:00,511.8900146484375,515.4000244140625,511.55999755859375,514.530029296875,557277
2025-11-28 15:30:00,514.655517578125,515.8499755859375,514.5,515.5399780273438,283138
2025-11-28 16:30:00,515.5700073242188,516.8499755859375,514.8499755859375,515.094970703125,462050
2025-12-01 14:30:00,513.64501953125,514.489990234375,511.94000244140625,512.0549926757812,538107
2025-12-01 15:30:00,512.0,513.3709716796875,511.8299865722656,512.260009765625,380313
2025-12-01 16:30:00,512.2650146484375,512.3200073242188,510.7200012207031,511.7900085449219,328151
2025-12-01 17:30:00,511.7900085449219,512.6400146484375,511.2300109863281,512.39501953125,231807
2025-12-01 18:30:00,512.4500122070312,512.8499755859375,510.42999267578125,510.5,504814
2025-12-01 19:30:00,510.44000244140625,510.7900085449219,509.8800048828125,510.1463928222656,309876
2025-12-01 20:30:00,510.17999267578125,510.260009765625,508.17999267578125,508.7200012207031,668826
2025-12-02 14:30:00,507.5899963378906,507.5899963378906,503.1050109863281,504.3949890136719,731772
2025-12-02 15:30:00,504.489990234375,507.4989013671875,504.3299865722656,507.0899963378906,419705
2025-12-02 16:30:00,506.8597106933594,507.2398986816406,506.09100341796875,506.9172058105469,189253
2025-12-02 17:30:00,506.82000732421875,507.20001220703125,505.3900146484375,505.805908203125,229915
2025-12-02 18:30:00,505.739990234375,506.5,505.6300048828125,506.0895080566406,196372
2025-12-02 19:30:00,506.2099914550781,507.3299865722656,506.07000732421875,507.20001220703125,297807
2025-12-02 20:30:00,507.2049865722656,508.1099853515625,506.6300048828125,506.6600036621094,453039
2025-12-03 14:30:00,507.5199890136719,509.59991455078125,506.6700134277344,507.17999267578125,417725
2025-12-03 15:30:00,507.239990234375,507.510009765625,506.44000244140625,506.6700134277344,291401
2025-12-03 16:30:00,506.6700134277344,506.8500061035156,505.6400146484375,506.2900085449219,237976
2025-12-03 17:30:00,506.2900085449219,507.3299865722656,506.2900085449219,506.92498779296875,176926
2025-12-03 18:30:00,506.9800109863281,507.6000061035156,506.6300048828125,507.281005859375,182464
2025-12-03 19:30:00,507.2349853515625,507.6000061035156,505.347900390625,505.7349853515625,291131
2025-12-03 20:30:00,505.7349853515625,505.8799133300781,504.0799865722656,504.4599914550781,872762
2025-12-04 14:30:00,504.3800048828125,506.49578857421875,503.9599914550781,504.1300048828125,584391
2025-12-04 15:30:00,504.1625061035156,504.2099914550781,500.8999938964844,501.30499267578125,552873
2025-12-04 16:30:00,501.3612060546875,503.3756103515625,500.95550537109375,503.31500244140625,415062
2025-12-04 17:30:00,503.3420104980469,503.42999267578125,502.1199951171875,503.2099914550781,219598
2025-12-04 18:30:00,503.1499938964844,503.44000244140625,501.3550109863281,501.3699951171875,187956
2025-12-04 19:30:00,501.375,502.4049987792969,500.70001220703125,502.0450134277344,274054
2025-12-04 20:30:00,502.0450134277344,503.5,501.8500061035156,503.29998779296875,605169
2025-12-05 14:30:00,503.8599853515625,503.92999267578125,500.5400085449219,501.8349914550781,490984
2025-12-05 15:30:00,501.9200134277344,504.04998779296875,501.5101013183594,503.17498779296875,388352
2025-12-05 16:30:00,503.17999267578125,503.9599914550781,502.32000732421875,503.5799865722656,272078
2025-12-05 17:30:00,503.5799865722656,505.239990234375,502.9800109863281,505.05499267578125,226111
2025-12-05 18:30:00,505.05499267578125,505.760009765625,504.7300109863281,504.8299865722656,296988
2025-12-05 19:30:00,504.8900146484375,505.010009765625,504.3999938964844,504.60009765625,194926
2025-12-05 20:30:00,504.635009765625,504.7690124511719,503.2200012207031,504.32000732421875,510012
2025-12-08 14:30:00,502.1000061035156,502.9700012207031,496.7699890136719,496.8200988769531,1291192
2025-12-08 15:30:00,496.82000732421875,496.92999267578125,492.0,493.2049865722656,1274726
2025-12-08 16:30:00,493.20001220703125,493.9544982910156,490.6199951171875,492.93499755859375,842591
2025-12-08 17:30:00,492.9750061035156,496.2149963378906,492.5400085449219,495.9493103027344,491748
2025-12-08 18:30:00,495.9150085449219,496.739990234375,495.3599853515625,495.8399963378906,438316
2025-12-08 19:30:00,495.8399963378906,497.8500061035156,495.7699890136719,496.8999938964844,548909
2025-12-08 20:30:00,496.8599853515625,497.44000244140625,495.9100036621094,497.3500061035156,774787
2025-12-09 14:30:00,497.625,499.2149963378906,495.67999267578125,495.8974914550781,785200
2025-12-09 15:30:00,495.8699951171875,495.9200134277344,492.2170104980469,492.5000915527344,561220
2025-12-09 16:30:00,492.55499267578125,494.5400085449219,492.4200134277344,493.34979248046875,389901
2025-12-09 17:30:00,493.3550109863281,493.5400085449219,492.1000061035156,492.2250061035156,312694
2025-12-09 18:30:00,492.20001220703125,492.489990234375,491.5,491.7099914550781,381485
2025-12-09 19:30:00,491.67999267578125,492.0248107910156,490.9100036621094,491.489013671875,474425
2025-12-09 20:30:00,491.4800109863281,492.1000061035156,490.8299865722656,491.510009765625,791705
2025-12-10 14:30:00,490.8599853515625,495.5498962402344,488.9200134277344,495.0899963378906,923436
2025-12-10 15:30:00,495.05999755859375,495.8800048828125,493.5201110839844,493.760009765625,362917
2025-12-10 16:30:00,493.75,494.19000244140625,493.05999755859375,493.5849914550781,255107
2025-12-10 17:30:00,493.5849914550781,493.7099914550781,492.7699890136719,493.1199951171875,263753
2025-12-10 18:30:00,493.1099853515625,493.5799865722656,491.5,492.2099914550781,319892
2025-12-10 19:30:00,492.2099914550781,493.04998779296875,490.29998779296875,490.92999267578125,668305
2025-12-10 20:30:00,490.92999267578125,492.239990234375,490.19000244140625,490.3800048828125,775652
2025-12-11 14:30:00,491.8299865722656,495.5150146484375,491.8299865722656,493.70001220703125,820602
2025-12-11 15:30:00,493.6300048828125,495.2200012207031,493.4800109863281,494.2550048828125,479297
2025-12-11 16:30:00,494.30999755859375,496.5,494.30999755859375,496.1000061035156,450378
2025-12-11 17:30:00,496.2099914550781,498.1449890136719,495.7699890136719,497.1000061035156,475935
2025-12-11 18:30:00,497.1366882324219,497.330810546875,494.8999938964844,495.1050109863281,298285
2025-12-11 19:30:00,495.0799865722656,495.4800109863281,494.4200134277344,494.4800109863281,393134
2025-12-11 20:30:00,494.4849853515625,495.8599853515625,494.3399963378906,495.82000732421875,576041
2025-12-12 14:30:00,496.7099914550781,497.989990234375,494.6600036621094,495.1199951171875,695078
2025-12-12 15:30:00,495.0799865722656,497.1099853515625,494.5,495.7461853027344,448310
2025-12-12 16:30:00,495.69500732421875,496.6449890136719,494.7200012207031,496.2300109863281,375508
2025-12-12 17:30:00,496.2300109863281,496.8800048828125,495.3800048828125,496.7099914550781,303830
2025-12-12 18:30:00,496.7200012207031,497.7300109863281,496.2900085449219,497.4800109863281,294772
2025-12-12 19:30:00,497.5,498.6499938964844,497.1499938964844,498.5799865722656,305934
2025-12-12 20:30:00,498.55999755859375,500.0,497.7200012207031,499.6099853515625,662321
2025-12-15 14:30:00,500.4200134277344,506.3500061035156,500.2749938964844,505.91778564453125,1110919
2025-12-15 15:30:00,506.010009765625,506.2898864746094,502.20001220703125,502.42498779296875,361982
2025-12-15 16:30:00,502.4447021484375,502.5849914550781,501.4200134277344,501.7550048828125,233149
2025-12-15 17:30:00,501.739990234375,502.54998779296875,501.1297912597656,502.19000244140625,199043
2025-12-15 18:30:00,502.0299987792969,503.668212890625,502.0,503.24359130859375,234926
2025-12-15 19:30:00,503.2900085449219,505.0400085449219,503.21099853515625,505.0350036621094,375182
2025-12-15 20:30:00,505.1000061035156,506.6099853515625,505.0899963378906,506.31500244140625,601558
2025-12-16 14:30:00,507.04998779296875,508.1000061035156,501.4649963378906,503.04998779296875,749900
2025-12-16 15:30:00,502.94000244140625,503.2200012207031,500.82501220703125,501.1000061035156,582273
2025-12-16 16:30:00,501.0616149902344,502.3500061035156,500.15008544921875,501.5600891113281,315138
2025-12-16 17:30:00,501.7300109863281,502.0,500.1099853515625,500.30999755859375,269120
2025-12-16 18:30:00,500.27685546875,501.3562927246094,499.4549865722656,500.1650085449219,340858
2025-12-16 19:30:00,500.1650085449219,502.32000732421875,500.03009033203125,502.1368103027344,287085
2025-12-16 20:30:00,502.1099853515625,502.7560119628906,499.7049865722656,499.7200012207031,627121
2025-12-17 14:30:00,499.8999938964844,501.67498779296875,499.5,501.3233947753906,605140
2025-12-17 15:30:00,501.2799987792969,503.239990234375,500.5799865722656,502.81500244140625,434413
2025-12-17 16:30:00,502.80999755859375,503.45001220703125,502.3218994140625,502.77020263671875,296822
2025-12-17 17:30:00,502.80999755859375,504.07000732421875,502.43011474609375,503.2799987792969,267322
2025-12-17 18:30:00,503.2049865722656,504.8999938964844,502.8299865722656,504.2695007324219,308528
2025-12-17 19:30:00,504.2650146484375,504.9700012207031,503.8550109863281,504.0899963378906,273729
2025-12-17 20:30:00,504.05999755859375,505.19000244140625,503.6099853515625,504.30999755859375,546021
2025-12-18 14:30:00,502.3299865722656,504.70001220703125,501.6099853515625,503.5299987792969,756030
2025-12-18 15:30:00,503.57000732421875,505.42999267578125,503.1300048828125,504.9100036621094,381703
2025-12-18 16:30:00,504.9800109863281,505.3900146484375,501.69000244140625,501.75,280992
2025-12-18 17:30:00,501.69000244140625,503.92999267578125,501.010009765625,503.92999267578125,314138
2025-12-18 18:30:00,503.9201965332031,504.3599853515625,502.3299865722656,502.7651062011719,233208
2025-12-18 19:30:00,502.80999755859375,503.7699890136719,502.5,503.3999938964844,238616
2025-12-18 20:30:00,503.3999938964844,504.2200012207031,503.2300109863281,503.3900146484375,407092
2025-12-19 14:30:00,503.04998779296875,503.82000732421875,501.1300048828125,502.239990234375,2048104
2025-12-19 15:30:00,502.20001220703125,502.3999938964844,501.0,502.30999755859375,475319
2025-12-19 16:30:00,502.32000732421875,502.55999755859375,501.1300048828125,501.2300109863281,315961
2025-12-19 17:30:00,501.2300109863281,501.3399963378906,499.65008544921875,499.989990234375,357028
2025-12-19 18:30:00,500.0199890136719,500.5198974609375,499.1000061035156,499.2300109863281,335782
2025-12-19 19:30:00,499.2349853515625,500.1099853515625,499.1000061035156,499.25,511568
2025-12-19 20:30:00,499.2349853515625,499.8299865722656,495.0,495.6700134277344,1262453
2025-12-22 14:30:00,496.3399963378906,498.6600036621094,495.54998779296875,498.3900146484375,1005654
2025-12-22 15:30:00,498.3999938964844,499.5,497.6300048828125,498.989990234375,366790
2025-12-22 16:30:00,498.989990234375,499.94000244140625,498.3901062011719,498.906005859375,263370
2025-12-22 17:30:00,498.8999938964844,500.1098937988281,498.8301086425781,499.6099853515625,286301
2025-12-22 18:30:00,499.69000244140625,499.9599914550781,498.5899963378906,499.05999755859375,225810
2025-12-22 19:30:00,499.1199951171875,500.0899963378906,498.7699890136719,500.0400085449219,222562
2025-12-22 20:30:00,500.0199890136719,500.30999755859375,499.1199951171875,499.760009765625,469571
2025-12-23 14:30:00,500.4800109863281,502.3299865722656,498.5,500.760009765625,724280
2025-12-23 15:30:00,500.760009765625,500.9700012207031,498.90008544921875,499.5849914550781,646403
2025-12-23 16:30:00,499.5849914550781,499.94000244140625,498.1549987792969,499.0400085449219,282607
2025-12-23 17:30:00,499.1099853515625,499.4905090332031,498.5,499.3949890136719,291874
2025-12-23 18:30:00,499.3760070800781,500.3599853515625,499.1449890136719,500.2799987792969,284896
2025-12-23 19:30:00,500.29998779296875,501.3900146484375,500.15008544921875,500.3999938964844,305838
2025-12-23 20:30:00,500.4700012207031,501.0,500.1199951171875,500.4100036621094,366847
2025-12-24 14:30:00,500.2900085449219,500.8900146484375,499.29998779296875,500.37939453125,375825
2025-12-24 15:30:00,500.32000732421875,500.8500061035156,499.25,500.70001220703125,593966
2025-12-24 16:30:00,500.6099853515625,501.1400146484375,499.9700012207031,501.0950012207031,219242
2025-12-26 14:30:00,500.45001220703125,501.55999755859375,500.07000732421875,500.3299865722656,349727
2025-12-26 15:30:00,500.4200134277344,500.6099853515625,498.94000244140625,499.1099853515625,258684
2025-12-26 16:30:00,499.1099853515625,499.19000244140625,498.1000061035156,498.8299865722656,251029
2025-12-26 17:30:00,498.9100036621094,498.9599914550781,496.8699951171875,497.0400085449219,264430
2025-12-26 18:30:00,497.0455017089844,498.1199951171875,496.8299865722656,497.6700134277344,225111
2025-12-26 19:30:00,497.6199951171875,498.5299987792969,497.4150085449219,498.3500061035156,220310
2025-12-26 20:30:00,498.260009765625,498.8599853515625,498.19000244140625,498.32000732421875,300094
2025-12-29 14:30:00,499.20001220703125,501.0899963378906,497.2099914550781,500.44000244140625,600932
2025-12-29 15:30:00,500.45001220703125,501.5,499.5299987792969,500.5249938964844,401260
2025-12-29 16:30:00,500.5450134277344,500.6400146484375,499.239990234375,499.3800048828125,288764
2025-12-29 17:30:00,499.4100036621094,500.1400146484375,498.68499755859375,500.1199951171875,218100
2025-12-29 18:30:00,500.1700134277344,500.659912109375,499.79998779296875,500.6300048828125,223837
2025-12-29 19:30:00,500.635009765625,501.3999938964844,500.5799865722656,501.0,246914
2025-12-29 20:30:00,500.9800109863281,501.30999755859375,500.6000061035156,501.010009765625,366033
2025-12-30 14:30:00,500.9800109863281,503.9700012207031,500.3299865722656,503.05999755859375,473572
2025-12-30 15:30:00,503.0299987792969,503.6499938964844,502.510009765625,503.61199951171875,264771
2025-12-30 16:30:00,503.6400146484375,503.8999938964844,502.8999938964844,503.8349914550781,206714
2025-12-30 17:30:00,503.8599853515625,505.1099853515625,503.8599853515625,504.4599914550781,361318
2025-12-30 18:30:00,504.5,504.67999267578125,504.0,504.3800048828125,208700
2025-12-30 19:30:00,504.3800048828125,505.0,504.04998779296875,504.30999755859375,279510
2025-12-30 20:30:00,504.2950134277344,504.79998779296875,503.5199890136719,503.82000732421875,523374
2025-12-31 14:30:00,503.9200134277344,505.8800048828125,502.8599853515625,505.1300048828125,429666
2025-12-31 15:30:00,505.19989013671875,505.49530029296875,504.1099853515625,505.30499267578125,243043
2025-12-31 16:30:00,505.2699890136719,505.6499938964844,505.0199890136719,505.2850036621094,187686
2025-12-31 17:30:00,505.2300109863281,505.3595886230469,504.8200988769531,505.0899963378906,167013
2025-12-31 18:30:00,505.0,505.8900146484375,504.9700012207031,505.4750061035156,203506
2025-12-31 19:30:00,505.4100036621094,505.75,503.8500061035156,504.0,234110
2025-12-31 20:30:00,504.0450134277344,504.44000244140625,502.4840087890625,502.75,451554
2026-01-02 14:30:00,500.9599914550781,501.20001220703125,495.7900085449219,500.67999267578125,1182381
2026-01-02 15:30:00,500.6700134277344,501.8800048828125,498.3900146484375,498.5249938964844,592302
2026-01-02 16:30:00,498.5299987792969,498.760009765625,492.9100036621094,496.5799865722656,1004111
2026-01-02 17:30:00,496.57501220703125,496.8299865722656,493.6449890136719,494.29998779296875,451244
2026-01-02 18:30:00,494.260009765625,495.4200134277344,493.9200134277344,494.6050109863281,480942
2026-01-02 19:30:00,494.6050109863281,496.2300109863281,494.3711853027344,495.1099853515625,510788
2026-01-02 20:30:00,495.07000732421875,496.8999938964844,494.92999267578125,496.8599853515625,666855
2026-01-05 14:30:00,494.94000244140625,503.4259033203125,494.5010986328125,501.1199951171875,1096872
2026-01-05 15:30:00,501.010009765625,503.1099853515625,500.25,501.3900146484375,889795
2026-01-05 16:30:00,501.46990966796875,502.70001220703125,500.7900085449219,501.5299987792969,369466
2026-01-05 17:30:00,501.57000732421875,501.8999938964844,500.30999755859375,500.82000732421875,293938
2026-01-05 18:30:00,500.82501220703125,501.30999755859375,500.25799560546875,501.2550048828125,304090
2026-01-05 19:30:00,501.2550048828125,501.4800109863281,499.3100891113281,499.5199890136719,308889
2026-01-05 20:30:00,499.4870910644531,499.67999267578125,497.70001220703125,498.6000061035156,482042
2026-01-06 14:30:00,496.29998779296875,498.70001220703125,496.07000732421875,498.4599914550781,671014
2026-01-06 15:30:00,498.57000732421875,499.79998779296875,497.49920654296875,499.5450134277344,544026
2026-01-06 16:30:00,498.5697937011719,499.29998779296875,497.6300048828125,499.0,368028
2026-01-06 17:30:00,498.94940185546875,499.5899963378906,498.110107421875,499.1199951171875,259014
2026-01-06 18:30:00,498.7701110839844,500.3999938964844,498.7701110839844,500.2900085449219,232908
2026-01-06 19:30:00,500.0000915527344,500.5799865722656,499.8399963378906,500.04998779296875,330373
2026-01-06 20:30:00,500.1300048828125,500.57000732421875,499.010009765625,499.1300048828125,474458
2026-01-07 14:30:00,497.8800048828125,499.1499938964844,494.4700012207031,494.6400146484375,831563
2026-01-07 15:30:00,494.7099914550781,495.42999267578125,493.8373107910156,494.5199890136719,556634
2026-01-07 16:30:00,494.5199890136719,495.2699890136719,493.8399963378906,494.9700012207031,525365
2026-01-07 17:30:00,495.0199890136719,495.17999267578125,493.1000061035156,493.1300048828125,351608
2026-01-07 18:30:00,493.1600036621094,494.34991455078125,493.0899963378906,494.0199890136719,391019
2026-01-07 19:30:00,494.04998779296875,495.42498779296875,493.9100036621094,495.25,352818
2026-01-07 20:30:00,495.2099914550781,496.6199951171875,494.8301086425781,496.1099853515625,548375
2026-01-08 14:30:00,494.9649963378906,501.2149963378906,494.1099853515625,499.3550109863281,851182
2026-01-08 15:30:00,499.3550109863281,503.6700134277344,499.0,503.20001220703125,784018
2026-01-08 16:30:00,503.2099914550781,504.0799865722656,501.9100036621094,503.20001220703125,620473
2026-01-08 17:30:00,503.25,503.6549987792969,501.8999938964844,502.0199890136719,255703
2026-01-08 18:30:00,502.0199890136719,502.0899963378906,501.0299987792969,501.51800537109375,352817
2026-01-08 19:30:00,501.54998779296875,501.8999938964844,500.4800109863281,500.8599853515625,341724
2026-01-08 20:30:00,500.8999938964844,501.19580078125,499.5400085449219,499.7200012207031,517268
2026-01-09 14:30:00,499.1099853515625,500.2799987792969,496.8699951171875,498.010009765625,655383
2026-01-09 15:30:00,498.0,498.1700134277344,496.67999267578125,496.760009765625,420705
2026-01-09 16:30:00,496.66009521484375,498.5199890136719,496.4100036621094,498.2799987792969,399339
2026-01-09 17:30:00,498.2799987792969,498.57989501953125,496.75,497.1300048828125,304279
2026-01-09 18:30:00,497.1300048828125,498.8999938964844,497.1099853515625,498.8999938964844,355362
2026-01-09 19:30:00,498.9100036621094,499.6000061035156,498.55499267578125,499.5400085449219,283970
2026-01-09 20:30:00,499.5400085449219,500.0799865722656,499.1400146484375,499.17999267578125,422033
2026-01-12 14:30:00,497.2900085449219,499.45001220703125,495.1000061035156,498.739990234375,706996
2026-01-12 15:30:00,498.75,499.29998779296875,497.6400146484375,497.7349853515625,378214
2026-01-12 16:30:00,497.7300109863281,499.8900146484375,497.7300109863281,498.3299865722656,328260
2026-01-12 17:30:00,498.2825012207031,498.5,497.80999755859375,498.0450134277344,195966
2026-01-12 18:30:00,498.0199890136719,498.6300048828125,497.6199951171875,497.75,270921
2026-01-12 19:30:00,497.7821044921875,499.0,497.760009765625,498.3598937988281,429056
2026-01-12 20:30:00,498.32000732421875,500.0199890136719,498.2200927734375,498.7300109863281,637088
2026-01-13 14:30:00,497.6199951171875,498.0,494.1499938964844,495.7449951171875,924935
2026-01-13 15:30:00,495.6700134277344,496.1000061035156,493.75,494.010009765625,457561
2026-01-13 16:30:00,494.010009765625,494.7300109863281,493.3399963378906,494.70001220703125,547726
2026-01-13 17:30:00,494.6700134277344,496.1899108886719,494.1400146484375,496.1499938964844,302112
2026-01-13 18:30:00,496.1199951171875,496.7099914550781,495.31500244140625,495.5400085449219,303182
2026-01-13 19:30:00,495.5400085449219,495.7099914550781,494.2799987792969,494.2799987792969,348882
2026-01-13 20:30:00,494.2799987792969,495.4599914550781,493.7001037597656,495.17999267578125,549391
2026-01-14 14:30:00,494.1700134277344,497.6199951171875,494.1700134277344,494.8399963378906,728320
2026-01-14 15:30:00,494.8599853515625,495.04998779296875,494.05010986328125,494.29998779296875,417063
2026-01-14 16:30:00,494.29998779296875,494.3699951171875,493.1300048828125,493.1300048828125,352268
2026-01-14 17:30:00,493.1300048828125,493.4198913574219,492.0,492.5899963378906,364013
2026-01-14 18:30:00,492.6300048828125,494.010009765625,492.6099853515625,494.010009765625,306587
2026-01-14 19:30:00,494.010009765625,495.0899963378906,493.8005065917969,494.0799865722656,390685
2026-01-14 20:30:00,494.1000061035156,495.3900146484375,493.510009765625,494.8599853515625,1099953
2026-01-15 14:30:00,492.95001220703125,495.6300048828125,492.0,493.79998779296875,623388
2026-01-15 15:30:00,493.8500061035156,493.989990234375,491.9501037597656,492.19500732421875,372352
2026-01-15 16:30:00,492.1700134277344,492.389892578125,491.54998779296875,491.5799865722656,342892
2026-01-15 17:30:00,491.5799865722656,492.20001220703125,490.76190185546875,490.82501220703125,339707
2026-01-15 18:30:00,490.82000732421875,492.3599853515625,490.75,492.1099853515625,361661
2026-01-15 19:30:00,492.1099853515625,492.30999755859375,491.0899963378906,492.30999755859375,295053
2026-01-15 20:30:00,492.32000732421875,493.07000732421875,492.1600036621094,492.6300048828125,472753
2026-01-16 14:30:00,491.6700134277344,493.3599853515625,490.8999938964844,492.9549865722656,1378409
2026-01-16 15:30:00,492.9549865722656,494.4989929199219,492.1199951171875,494.3800048828125,442215
2026-01-16 16:30:00,494.4320983886719,494.92999267578125,493.8800048828125,494.8500061035156,260697
2026-01-16 17:30:00,494.8999938964844,495.1000061035156,494.0000915527344,494.4150085449219,340530
2026-01-16 18:30:00,494.45001220703125,494.5,493.5199890136719,494.42999267578125,308679
2026-01-16 19:30:00,494.3699951171875,495.1589050292969,492.7900085449219,493.0350036621094,365329
2026-01-16 20:30:00,493.04998779296875,494.260009765625,492.7300109863281,493.32000732421875,474741
2026-01-20 14:30:00,490.79998779296875,490.9700012207031,485.7401123046875,488.0849914550781,1237710
2026-01-20 15:30:00,488.05999755859375,488.82000732421875,486.57000732421875,487.1199951171875,529763
2026-01-20 16:30:00,487.0899963378906,487.8699951171875,485.5400085449219,485.75,427245
2026-01-20 17:30:00,485.70001220703125,485.94000244140625,484.19000244140625,484.3999938964844,519013
2026-01-20 18:30:00,484.3699951171875,484.489990234375,482.7200012207031,483.31500244140625,472270
2026-01-20 19:30:00,483.30999755859375,485.3399963378906,483.1401062011719,485.2300109863281,549850
2026-01-20 20:30:00,485.2099914550781,486.3399963378906,484.68328857421875,485.4599914550781,765931
2026-01-21 14:30:00,484.0,488.0,483.510009765625,485.5473937988281,973600
2026-01-21 15:30:00,485.54998779296875,486.04998779296875,481.8999938964844,482.7247009277344,670426
2026-01-21 16:30:00,482.67999267578125,484.3699951171875,482.5400085449219,483.6099853515625,449311
2026-01-21 17:30:00,483.57000732421875,484.0199890136719,481.989990234375,482.0799865722656,394491
2026-01-21 18:30:00,482.07000732421875,484.7200012207031,481.57000732421875,484.1499938964844,484316
2026-01-21 19:30:00,484.1000061035156,485.57000732421875,483.835205078125,485.3399963378906,642702
2026-01-21 20:30:00,485.2900085449219,485.8800048828125,483.4800109863281,483.8299865722656,872984
2026-01-22 14:30:00,483.260009765625,485.8800048828125,481.7200012207031,482.6000061035156,939214
2026-01-22 15:30:00,482.6099853515625,483.1700134277344,481.92999267578125,482.6199951171875,504422
2026-01-22 16:30:00,482.6300048828125,483.510009765625,482.1499938964844,483.05499267578125,338147
2026-01-22 17:30:00,483.05499267578125,485.06500244140625,482.8500061035156,483.8450012207031,372123
2026-01-22 18:30:00,483.8399963378906,484.94000244140625,483.8299865722656,484.1499938964844,302912
2026-01-22 19:30:00,484.1369934082031,484.55999755859375,483.4150085449219,484.3555908203125,410144
2026-01-22 20:30:00,484.2900085449219,484.7900085449219,483.5849914550781,484.5299987792969,434641
2026-01-23 14:30:00,482.260009765625,483.4200134277344,479.2699890136719,479.3500061035156,1030871
2026-01-23 15:30:00,479.30999755859375,480.8800048828125,478.44000244140625,480.79998779296875,649608
2026-01-23 16:30:00,480.8500061035156,481.6400146484375,480.1549987792969,480.8900146484375,389450
2026-01-23 17:30:00,480.8900146484375,481.2900085449219,479.05999755859375,479.7300109863281,428300
2026-01-23 18:30:00,479.70001220703125,481.57000732421875,479.70001220703125,481.125,363265
2026-01-23 19:30:00,481.1099853515625,481.58990478515625,480.610107421875,480.6199951171875,344039
2026-01-23 20:30:00,480.6099853515625,480.75,479.0,479.1700134277344,906170
2026-01-26 14:30:00,478.4700012207031,482.1400146484375,477.0758972167969,481.82501220703125,903081
2026-01-26 15:30:00,481.7900085449219,481.95709228515625,479.7699890136719,479.94500732421875,436546
2026-01-26 16:30:00,479.94500732421875,482.0,479.54998779296875,481.2900085449219,526647
2026-01-26 17:30:00,481.2250061035156,483.0660095214844,480.69000244140625,482.9801940917969,447091
2026-01-26 18:30:00,482.9700012207031,484.289306640625,482.7300109863281,484.20001220703125,409078
2026-01-26 19:30:00,484.2149963378906,484.8948059082031,483.67999267578125,484.3800048828125,432693
2026-01-26 20:30:00,484.3999938964844,484.6099853515625,483.6000061035156,483.69000244140625,639861
2026-01-27 14:30:00,482.6000061035156,483.5,477.0799865722656,477.6300964355469,1013099
2026-01-27 15:30:00,477.635009765625,478.0199890136719,476.70001220703125,477.1784973144531,627520
2026-01-27 16:30:00,477.19000244140625,477.19000244140625,475.8399963378906,475.86041259765625,669135
2026-01-27 17:30:00,475.8699951171875,476.55029296875,475.0199890136719,476.4700012207031,612214
2026-01-27 18:30:00,476.54998779296875,476.6300048828125,475.17999267578125,475.5,554163
2026-01-27 19:30:00,475.510009765625,476.1099853515625,475.2799987792969,475.30999755859375,676954
2026-01-27 20:30:00,475.30999755859375,475.6199951171875,474.70001220703125,474.760009765625,960177
2026-01-28 14:30:00,473.010009765625,474.69000244140625,471.9100036621094,474.07501220703125,1065777
2026-01-28 15:30:00,474.0697937011719,475.9800109863281,473.9800109863281,475.54541015625,485722
2026-01-28 16:30:00,475.4849853515625,476.8800048828125,475.2749938964844,476.4175109863281,340475
2026-01-28 17:30:00,476.42498779296875,476.54638671875,475.2300109863281,475.80999755859375,310893
2026-01-28 18:30:00,475.8500061035156,476.1921081542969,473.65008544921875,474.0050964355469,360870
2026-01-28 19:30:00,473.8599853515625,475.4849853515625,472.6700134277344,472.75,496747
2026-01-28 20:30:00,472.70001220703125,474.114990234375,471.9100036621094,473.5747985839844,678075
2026-01-29 14:30:00,473.7300109863281,477.32000732421875,473.0799865722656,475.5,947071
2026-01-29 15:30:00,475.3999938964844,476.281005859375,474.06500244140625,474.5849914550781,586064
2026-01-29 16:30:00,474.5849914550781,476.4800109863281,474.17010498046875,475.8699951171875,387505
2026-01-29 17:30:00,475.82000732421875,476.156005859375,473.7300109863281,474.55999755859375,294284
2026-01-29 18:30:00,474.5450134277344,474.84600830078125,473.6600036621094,474.0400085449219,323339
2026-01-29 19:30:00,474.0946960449219,475.760009765625,473.79998779296875,475.70989990234375,371937
2026-01-29 20:30:00,475.5899963378906,476.6600036621094,474.8299865722656,476.19000244140625,771140
2026-01-30 14:30:00,476.29998779296875,479.0,476.1300048828125,478.5050048828125,682118
2026-01-30 15:30:00,478.6099853515625,479.20989990234375,477.1400146484375,477.2349853515625,367600
2026-01-30 16:30:00,477.1581115722656,479.1679992675781,477.1000061035156,478.7900085449219,370678
2026-01-30 17:30:00,478.9200134277344,480.4200134277344,478.30999755859375,479.45001220703125,422333
2026-01-30 18:30:00,479.4599914550781,480.17999267578125,478.6499938964844,479.6499938964844,353128
2026-01-30 19:30:00,479.635009765625,480.8500061035156,479.5950012207031,480.7576904296875,442970
2026-01-30 20:30:00,480.69000244140625,481.5,480.2200012207031,480.875,950820
2026-02-02 14:30:00,481.2950134277344,485.25,478.54998779296875,481.6549987792969,842963
2026-02-02 15:30:00,481.54998779296875,484.3299865722656,481.3550109863281,483.6499938964844,367729
2026-02-02 16:30:00,483.6600036621094,485.3900146484375,483.4599914550781,485.05999755859375,354385
2026-02-02 17:30:00,485.05999755859375,485.4100036621094,484.30999755859375,484.4599914550781,270720
2026-02-02 18:30:00,484.5199890136719,486.2749938964844,484.2099914550781,486.1499938964844,411013
2026-02-02 19:30:00,486.2900085449219,487.8699951171875,486.04998779296875,487.0299987792969,654691
2026-02-02 20:30:00,487.04998779296875,488.07000732421875,486.80999755859375,487.3900146484375,759432
2026-02-03 14:30:00,483.95001220703125,489.95001220703125,482.2001037597656,488.4200134277344,1060545
2026-02-03 15:30:00,488.4150085449219,490.45001220703125,487.3100891113281,490.0472106933594,686323
2026-02-03 16:30:00,490.1499938964844,493.7799987792969,490.07501220703125,493.1499938964844,826898
2026-02-03 17:30:00,493.07000732421875,494.9700012207031,492.7699890136719,494.0199890136719,816843
2026-02-03 18:30:00,494.0150146484375,495.2900085449219,493.5830078125,494.79998779296875,556402
2026-02-03 19:30:00,494.9200134277344,496.0400085449219,494.5014953613281,495.4700012207031,857513
2026-02-03 20:30:00,495.4700012207031,495.8999938964844,493.260009765625,493.6499938964844,718985
2026-02-04 14:30:00,495.79998779296875,503.4599914550781,495.6700134277344,503.3550109863281,1882265
2026-02-04 15:30:00,503.30999755859375,507.7497863769531,502.7950134277344,507.19000244140625,1300605
2026-02-04 16:30:00,507.19000244140625,512.1300048828125,507.19000244140625,508.0299987792969,2094638
2026-02-04 17:30:00,507.8500061035156,509.19000244140625,506.8297119140625,508.625,707160
2026-02-04 18:30:00,508.625,510.79998779296875,506.6099853515625,506.75,583245
2026-02-04 19:30:00,506.75,507.39849853515625,504.4424133300781,504.57000732421875,829009
2026-02-04 20:30:00,504.54998779296875,506.4599914550781,502.5249938964844,503.9800109863281,1313143
2026-02-05 14:30:00,505.9100036621094,506.6286926269531,497.6099853515625,502.49420166015625,1305387
2026-02-05 15:30:00,502.54998779296875,503.6000061035156,499.95001220703125,501.70001220703125,519640
2026-02-05 16:30:00,501.7099914550781,502.9930114746094,500.30999755859375,502.6300048828125,393663
2026-02-05 17:30:00,502.61138916015625,504.489990234375,502.57000732421875,504.010009765625,370091
2026-02-05 18:30:00,504.0098876953125,505.8699951171875,503.3500061035156,505.2466125488281,434461
2026-02-05 19:30:00,505.2349853515625,505.5899963378906,503.45001220703125,505.3999938964844,584915
2026-02-05 20:30:00,505.3500061035156,505.80999755859375,503.5,503.80999755859375,563364
2026-02-06 14:30:00,504.17999267578125,509.6600036621094,504.1199951171875,506.6099853515625,867012
2026-02-06 15:30:00,506.6099853515625,509.32000732421875,505.1351013183594,505.1351013183594,465611
2026-02-06 16:30:00,505.17999267578125,506.1510925292969,504.1199951171875,504.6400146484375,359274
2026-02-06 17:30:00,504.69500732421875,505.760009765625,502.8900146484375,505.2349853515625,467668
2026-02-06 18:30:00,505.1549987792969,506.1600036621094,505.0201110839844,506.03070068359375,341735
2026-02-06 19:30:00,506.06500244140625,506.8399963378906,505.1200866699219,506.3450012207031,391842
2026-02-06 20:30:00,506.4100036621094,508.5,506.32501220703125,507.760009765625,747835
2026-02-09 14:30:00,507.32000732421875,507.6099853515625,500.2699890136719,503.8429870605469,874828
2026-02-09 15:30:00,504.0199890136719,504.6946105957031,501.2950134277344,501.739990234375,419690
2026-02-09 16:30:00,501.739990234375,502.239990234375,500.8599853515625,501.7300109863281,374307
2026-02-09 17:30:00,501.7300109863281,501.7300109863281,499.7799987792969,500.239990234375,472658
2026-02-09 18:30:00,500.2900085449219,500.6700134277344,499.1400146484375,499.70001220703125,356104
2026-02-09 19:30:00,499.7300109863281,499.7799987792969,497.54998779296875,497.75,533238
2026-02-09 20:30:00,497.7099914550781,498.8299865722656,497.29010009765625,498.0899963378906,623869
2026-02-10 14:30:00,497.8999938964844,501.32989501953125,497.29998779296875,500.30999755859375,1160267
2026-02-10 15:30:00,500.29998779296875,500.659912109375,497.3299865722656,498.7749938964844,433455
2026-02-10 16:30:00,498.7749938964844,499.7300109863281,498.29998779296875,498.8399963378906,307722
2026-02-10 17:30:00,498.8299865722656,499.6000061035156,498.4100036621094,499.2699890136719,233432
2026-02-10 18:30:00,499.2699890136719,500.5400085449219,498.760009765625,500.5400085449219,250251
2026-02-10 19:30:00,500.5350036621094,500.9200134277344,500.1499938964844,500.8599853515625,446063
2026-02-10 20:30:00,500.8699951171875,500.9299011230469,499.79998779296875,500.239990234375,409659
2026-02-11 14:30:00,499.3500061035156,503.3099060058594,498.8800048828125,500.2225036621094,648495
2026-02-11 15:30:00,500.2099914550781,500.76361083984375,497.28009033203125,499.81500244140625,401167
2026-02-11 16:30:00,499.82000732421875,502.4599914550781,499.68499755859375,500.44000244140625,313925
2026-02-11 17:30:00,500.32000732421875,501.29998779296875,500.010009765625,500.70001220703125,205591
2026-02-11 18:30:00,500.6600036621094,501.80999755859375,499.8399963378906,501.2650146484375,261246
2026-02-11 19:30:00,501.29998779296875,501.9200134277344,500.75,501.0635986328125,372880
2026-02-11 20:30:00,501.0,501.2298889160156,499.92999267578125,500.0,552121
2026-02-12 14:30:00,501.2049865722656,506.1400146484375,501.2049865722656,504.42498779296875,745602
2026-02-12 15:30:00,504.4800109863281,507.7099914550781,504.04998779296875,506.0,708192
2026-02-12 16:30:00,506.05499267578125,507.5799865722656,502.2799987792969,502.4700012207031,535875
2026-02-12 17:30:00,502.42999267578125,504.0,502.0,503.1700134277344,351145
2026-02-12 18:30:00,503.2200012207031,504.5,502.7699890136719,503.7349853515625,290966
2026-02-12 19:30:00,503.8800048828125,505.04998779296875,503.2500915527344,503.5050048828125,331699
2026-02-12 20:30:00,503.61871337890625,503.61871337890625,499.8800048828125,500.0,582875
2026-02-13 14:30:00,500.1499938964844,502.3800048828125,495.5,496.3900146484375,716048
2026-02-13 15:30:00,496.10009765625,500.8699951171875,496.10009765625,500.82000732421875,350937
2026-02-13 16:30:00,500.8699951171875,501.75,500.5801086425781,500.75,324776
2026-02-13 17:30:00,500.79998779296875,501.8999938964844,500.29998779296875,501.6050109863281,280887
2026-02-13 18:30:00,501.5851135253906,501.739990234375,500.739990234375,501.55999755859375,234980
2026-02-13 19:30:00,501.6499938964844,501.8756103515625,498.54998779296875,498.6199951171875,401267
2026-02-13 20:30:00,498.6199951171875,499.2749938964844,497.04998779296875,497.55999755859375,926203
2026-02-17 14:30:00,500.0150146484375,506.0899963378906,499.2099914550781,501.92181396484375,1051691
2026-02-17 15:30:00,501.82501220703125,504.4150085449219,500.40008544921875,502.82000732421875,510437
2026-02-17 16:30:00,502.8999938964844,504.2099914550781,502.4200134277344,504.2099914550781,315853
2026-02-17 17:30:00,504.1203918457031,504.8299865722656,502.4601135253906,503.760009765625,283053
2026-02-17 18:30:00,503.7200012207031,505.2499084472656,503.66009521484375,504.222412109375,332722
2026-02-17 19:30:00,504.2799987792969,504.59991455078125,502.7099914550781,503.5199890136719,290285
2026-02-17 20:30:00,503.489990234375,503.7099914550781,502.5299987792969,503.5299987792969,566268
2026-02-18 14:30:00,504.739990234375,505.2699890136719,499.6000061035156,501.3900146484375,534675
2026-02-18 15:30:00,501.3999938964844,502.46600341796875,499.8699951171875,500.05999755859375,324437
2026-02-18 16:30:00,500.0199890136719,500.20001220703125,498.45001220703125,499.20001220703125,307074
2026-02-18 17:30:00,499.1600036621094,499.19000244140625,497.8699951171875,498.0249938964844,283534
2026-02-18 18:30:00,498.0476989746094,499.05499267578125,497.67999267578125,498.9100036621094,262418
2026-02-18 19:30:00,498.92999267578125,499.5,498.25,498.9200134277344,310744
2026-02-18 20:30:00,499.0400085449219,499.75,498.635009765625,499.2099914550781,606199
2026-02-19 14:30:00,497.8699951171875,500.5,497.0,499.28399658203125,474372
2026-02-19 15:30:00,499.05010986328125,500.29998779296875,497.6099853515625,497.68499755859375,222674
2026-02-19 16:30:00,497.69000244140625,499.1000061035156,497.3399963378906,497.7799987792969,266599
2026-02-19 17:30:00,497.8450012207031,497.9049987792969,496.0899963378906,496.4200134277344,252175
2026-02-19 18:30:00,496.42999267578125,497.1050109863281,496.1499938964844,496.9599914550781,214768
2026-02-19 19:30:00,497.010009765625,497.010009765625,495.67999267578125,496.55010986328125,223076
2026-02-19 20:30:00,496.6449890136719,497.20001220703125,496.1200866699219,496.9849853515625,384595
2026-02-20 14:30:00,496.6499938964844,496.95001220703125,491.80499267578125,494.3999938964844,1667147
2026-02-20 15:30:00,494.44000244140625,494.739990234375,492.4100036621094,493.5700988769531,384648
2026-02-20 16:30:00,493.6700134277344,495.75,493.54998779296875,495.0,320017
2026-02-20 17:30:00,494.9700012207031,495.67999267578125,494.0199890136719,495.4599914550781,221603
2026-02-20 18:30:00,495.4700012207031,496.6099853515625,495.2441101074219,496.4809875488281,222259
2026-02-20 19:30:00,496.55499267578125,498.2799987792969,496.4501037597656,497.3599853515625,486422
2026-02-20 20:30:00,497.3399963378906,498.3299865722656,497.0400085449219,498.3299865722656,393712
2026-02-23 14:30:00,496.5,503.54998779296875,496.5,497.17999267578125,759456
2026-02-23 15:30:00,497.0150146484375,497.19000244140625,494.9100036621094,495.2200012207031,553214
2026-02-23 16:30:00,495.2149963378906,495.54998779296875,494.4599914550781,494.6300048828125,220214
2026-02-23 17:30:00,494.5299987792969,496.5799865722656,494.5,496.5450134277344,224178
2026-02-23 18:30:00,496.6199951171875,496.79998779296875,495.3500061035156,495.6600036621094,207389
2026-02-23 19:30:00,495.6499938964844,496.4624938964844,495.1900939941406,495.4599914550781,222515
2026-02-23 20:30:00,495.42999267578125,495.9198913574219,493.760009765625,494.1499938964844,488905
2026-02-24 14:30:00,493.489990234375,494.8900146484375,488.260009765625,489.760009765625,726088
2026-02-24 15:30:00,489.6890869140625,492.3099060058594,489.4200134277344,492.0799865722656,371008
2026-02-24 16:30:00,492.06500244140625,493.20001220703125,491.3299865722656,492.97918701171875,224548
2026-02-24 17:30:00,493.010009765625,493.4200134277344,492.260009765625,493.04998779296875,189457
2026-02-24 18:30:00,493.0899963378906,494.3949890136719,493.0,494.125,207859
2026-02-24 19:30:00,494.07000732421875,494.75,493.6700134277344,494.40008544921875,231243
2026-02-24 20:30:00,494.40301513671875,495.2200012207031,494.090087890625,494.5,437766
2026-02-25 14:30:00,495.6199951171875,497.2298889160156,490.8999938964844,492.17999267578125,565303
2026-02-25 15:30:00,492.1199951171875,493.4200134277344,491.3699951171875,492.8200988769531,326372
2026-02-25 16:30:00,492.8949890136719,494.1400146484375,492.4599914550781,494.1300048828125,260906
2026-02-25 17:30:00,494.1600036621094,494.4200134277344,492.6300048828125,492.864990234375,240372
2026-02-25 18:30:00,492.864990234375,493.07501220703125,492.3699951171875,492.739013671875,183282
2026-02-25 19:30:00,492.7674865722656,493.8999938964844,492.30999755859375,492.4200134277344,293432
2026-02-25 20:30:00,492.4700012207031,494.69000244140625,492.25,494.0199890136719,571743
2026-02-26 14:30:00,494.6499938964844,500.29998779296875,494.45001220703125,499.3299865722656,824238
2026-02-26 15:30:00,499.29998779296875,501.19989013671875,497.739990234375,499.2601013183594,499287
2026-02-26 16:30:00,499.30999755859375,500.0,498.44000244140625,499.6000061035156,290280
2026-02-26 17:30:00,499.70001220703125,500.5,498.7699890136719,499.55999755859375,238154
2026-02-26 18:30:00,499.54998779296875,502.3699951171875,499.4599914550781,502.2200012207031,370893
2026-02-26 19:30:00,502.1600036621094,503.7200012207031,502.010009765625,503.4800109863281,472226
2026-02-26 20:30:00,503.4800109863281,503.7200012207031,501.6499938964844,502.6000061035156,727563
2026-02-27 14:30:00,502.94000244140625,504.9800109863281,501.1600036621094,502.2049865722656,794673
2026-02-27 15:30:00,502.2099914550781,504.510009765625,501.9601135253906,504.1099853515625,350128
2026-02-27 16:30:00,504.0,504.8999938964844,503.6499938964844,504.0199890136719,352415
2026-02-27 17:30:00,503.95001220703125,504.3299865722656,502.5299987792969,503.44000244140625,414083
2026-02-27 18:30:00,503.44500732421875,503.9700012207031,502.5799865722656,503.30499267578125,399469
2026-02-27 19:30:00,503.30499267578125,504.67999267578125,502.5799865722656,504.6300048828125,425658
2026-02-27 20:30:00,504.6499938964844,506.5199890136719,504.0,505.2099914550781,989835
2026-03-02 14:30:00,495.2250061035156,495.75,481.70001220703125,482.9949951171875,2298742
2026-03-02 15:30:00,482.9700012207031,484.44000244140625,480.3299865722656,482.82000732421875,1348289
2026-03-02 16:30:00,482.8800048828125,483.2699890136719,478.54998779296875,480.6499938964844,1424484
2026-03-02 17:30:00,480.57000732421875,481.45001220703125,478.989990234375,479.5400085449219,879129
2026-03-02 18:30:00,479.6400146484375,482.17999267578125,477.9100036621094,482.1000061035156,1012253
2026-03-02 19:30:00,482.0899963378906,484.0400085449219,481.19000244140625,481.79998779296875,975192
2026-03-02 20:30:00,481.8599853515625,482.7550048828125,479.95001220703125,480.1099853515625,1403967
2026-03-03 14:30:00,477.07501220703125,477.9399108886719,472.5199890136719,476.8699951171875,1748065
2026-03-03 15:30:00,477.0,479.7598876953125,476.8800048828125,479.6499938964844,734780
2026-03-03 16:30:00,479.55999755859375,480.5400085449219,478.29010009765625,479.92999267578125,502846
2026-03-03 17:30:00,479.8999938964844,482.7300109863281,479.42999267578125,482.2300109863281,453068
2026-03-03 18:30:00,482.2300109863281,483.4798889160156,480.9309997558594,482.42999267578125,482169
2026-03-03 19:30:00,482.510009765625,483.30999755859375,481.5199890136719,481.7799987792969,483483
2026-03-03 20:30:00,481.79998779296875,482.0299987792969,481.07000732421875,481.30999755859375,319267
2026-03-04 14:30:00,481.0,485.92999267578125,479.8800048828125,484.1199951171875,889987
2026-03-04 15:30:00,484.0199890136719,487.739990234375,483.3399963378906,487.589111328125,452645
2026-03-04 16:30:00,487.5249938964844,487.7799987792969,485.2200927734375,485.2300109863281,332968
2026-03-04 17:30:00,485.2349853515625,487.510009765625,484.9700012207031,487.2950134277344,392566
2026-03-04 18:30:00,487.3500061035156,488.4779052734375,486.5,488.0299987792969,318061
2026-03-04 19:30:00,488.1199951171875,488.9700012207031,487.8114013671875,487.94500732421875,288287
2026-03-04 20:30:00,487.9800109863281,489.17999267578125,487.0299987792969,487.5400085449219,636106
2026-03-05 14:30:00,493.75,498.4800109863281,492.510009765625,495.0050048828125,1659505
2026-03-05 15:30:00,494.9150085449219,496.7898864746094,494.1600036621094,496.6000061035156,675713
2026-03-05 16:30:00,496.4200134277344,498.1600036621094,495.6499938964844,496.9825134277344,592011
2026-03-05 17:30:00,496.9049987792969,499.69000244140625,496.7699890136719,498.54998779296875,795599
2026-03-05 18:30:00,498.5199890136719,499.1600036621094,497.1199951171875,497.7200012207031,626191
2026-03-05 19:30:00,497.55999755859375,500.8599853515625,496.7900085449219,500.3699951171875,834015
2026-03-05 20:30:00,500.30999755859375,500.7398986816406,498.3699951171875,500.3900146484375,1281030
2026-03-06 14:30:00,499.2449951171875,500.70098876953125,492.6499938964844,494.9901123046875,1025973
2026-03-06 15:30:00,495.1199951171875,495.58990478515625,491.8800048828125,492.5799865722656,586059
2026-03-06 16:30:00,492.54998779296875,494.875,492.0,494.80999755859375,479858
2026-03-06 17:30:00,494.8349914550781,496.0,492.44000244140625,495.3999938964844,377357
2026-03-06 18:30:00,495.5,498.1000061035156,495.0000915527344,497.95098876953125,519547
2026-03-06 19:30:00,497.8500061035156,499.2900085449219,497.35009765625,499.17999267578125,412106
2026-03-06 20:30:00,499.1400146484375,499.4100036621094,497.3800048828125,498.75,852495
2026-03-09 13:30:00,494.8999938964844,496.19000244140625,490.2099914550781,490.44000244140625,1039523
2026-03-09 14:30:00,490.45001220703125,493.3900146484375,490.3280029296875,492.5400085449219,657586
2026-03-09 15:30:00,492.42999267578125,493.80999755859375,491.5,493.42498779296875,486245
2026-03-09 16:30:00,493.3500061035156,493.8799133300781,492.10009765625,492.4200134277344,329185
2026-03-09 17:30:00,492.3999938964844,493.4100036621094,491.8699951171875,493.17999267578125,490610
2026-03-09 18:30:00,493.20001220703125,496.6600036621094,493.125,496.5,477737
2026-03-09 19:30:00,496.6400146484375,498.82000732421875,495.4200134277344,497.2699890136719,1069247
2026-03-10 13:30:00,495.1300048828125,496.5664978027344,492.30999755859375,495.0050964355469,662608
2026-03-10 14:30:00,495.1300048828125,496.8800048828125,494.90008544921875,495.6575012207031,282906
2026-03-10 15:30:00,495.7898864746094,496.8999938964844,495.1600036621094,496.3800048828125,279274
2026-03-10 16:30:00,496.2569885253906,498.6700134277344,496.20001220703125,498.4150085449219,295116
2026-03-10 17:30:00,498.4150085449219,498.4200134277344,494.91571044921875,496.2900085449219,366622
2026-03-10 18:30:00,496.2900085449219,496.510009765625,494.04998779296875,494.239990234375,273234
2026-03-10 19:30:00,494.30810546875,494.7298889160156,493.29998779296875,494.0899963378906,525913
2026-03-11 13:30:00,493.0899963378906,493.79998779296875,490.3299865722656,490.44000244140625,636924
2026-03-11 14:30:00,490.3450012207031,492.9198913574219,490.25,492.5150146484375,444267
2026-03-11 15:30:00,492.6700134277344,493.05499267578125,489.2500915527344,490.57000732421875,397475
2026-03-11 16:30:00,490.5,491.3299865722656,490.20001220703125,490.79638671875,187564
2026-03-11 17:30:00,490.80499267578125,491.4100036621094,489.7099914550781,491.2799987792969,228964
2026-03-11 18:30:00,491.3800048828125,491.5899963378906,490.4100036621094,491.4150085449219,261964
2026-03-11 19:30:00,491.4599914550781,493.45001220703125,491.3617858886719,493.4100036621094,492454
2026-03-12 13:30:00,492.3500061035156,492.5,489.0216064453125,490.0,733621
2026-03-12 14:30:00,490.0,492.489990234375,489.5101013183594,490.25,416763
2026-03-12 15:30:00,490.2900085449219,493.3999938964844,489.875,491.2049865722656,446383
2026-03-12 16:30:00,491.1733093261719,492.7200012207031,490.18499755859375,491.32000732421875,399869
2026-03-12 17:30:00,491.3500061035156,492.5299987792969,491.30999755859375,492.4599914550781,318912
2026-03-12 18:30:00,492.42498779296875,493.1300048828125,491.239990234375,492.7200012207031,393902
2026-03-12 19:30:00,492.760009765625,493.30999755859375,491.260009765625,491.7300109863281,476986
2026-03-13 13:30:00,493.32000732421875,494.45001220703125,490.5101013183594,492.0950012207031,537302
2026-03-13 14:30:00,492.1000061035156,493.3800048828125,491.9100036621094,492.7149963378906,316028
2026-03-13 15:30:00,492.7699890136719,493.7900085449219,491.68011474609375,492.2650146484375,260903
2026-03-13 16:30:00,492.2650146484375,492.69000244140625,491.010009765625,491.2799987792969,211001
2026-03-13 17:30:00,491.2149963378906,491.2149963378906,490.0199890136719,490.864990234375,253699
2026-03-13 18:30:00,490.864990234375,492.3999938964844,490.3500061035156,490.42999267578125,260753
2026-03-13 19:30:00,490.43499755859375,491.3500061035156,489.7699890136719,490.0899963378906,392892
2026-03-16 13:30:00,492.7699890136719,496.6300048828125,491.2601013183594,495.8450012207031,654671
2026-03-16 14:30:00,495.8500061035156,495.8699951171875,492.3507995605469,493.32000732421875,271989
2026-03-16 15:30:00,493.3399963378906,493.67999267578125,491.3699951171875,491.760009765625,266652
2026-03-16 16:30:00,491.760009765625,492.1199951171875,491.0799865722656,492.03118896484375,271760
2026-03-16 17:30:00,491.9949951171875,493.0799865722656,491.6199951171875,492.25,249020
2026-03-16 18:30:00,492.17999267578125,493.0799865722656,491.8500061035156,493.0199890136719,249665
2026-03-16 19:30:00,492.9800109863281,493.29998779296875,491.70001220703125,492.2699890136719,344687
2026-03-17 13:30:00,494.8399963378906,496.9599914550781,492.29998779296875,492.760009765625,510094
2026-03-17 14:30:00,493.010009765625,493.4200134277344,491.9549865722656,492.3299865722656,366955
2026-03-17 15:30:00,492.3299865722656,493.0,491.7250061035156,492.2699890136719,252992
2026-03-17 16:30:00,492.1600036621094,493.54998779296875,491.9200134277344,493.4800109863281,199452
2026-03-17 17:30:00,493.42999267578125,493.739990234375,491.6200866699219,491.82989501953125,317250
2026-03-17 18:30:00,491.7550048828125,493.0799865722656,491.4100036621094,492.7799987792969,341803
2026-03-17 19:30:00,492.610107421875,493.9200134277344,491.8599853515625,492.6499938964844,406286
2026-03-18 13:30:00,491.1400146484375,491.3800048828125,488.29998779296875,488.6700134277344,453273
2026-03-18 14:30:00,488.6600036621094,489.14990234375,486.7099914550781,486.95001220703125,347905
2026-03-18 15:30:00,486.8699951171875,487.5,485.8999938964844,486.1600036621094,382249
2026-03-18 16:30:00,486.1000061035156,486.7298889160156,485.3699951171875,485.3699951171875,259424
2026-03-18 17:30:00,485.4100036621094,485.95989990234375,485.0,485.3699951171875,292136
2026-03-18 18:30:00,485.3500061035156,485.6700134277344,483.79998779296875,485.2598876953125,455876
2026-03-18 19:30:00,485.2099914550781,485.2200012207031,483.8999938964844,484.5799865722656,620993
2026-03-19 13:30:00,483.8999938964844,484.25,480.3299865722656,480.3299865722656,595421
2026-03-19 14:30:00,480.3299865722656,481.739990234375,479.8999938964844,480.82501220703125,516530
2026-03-19 15:30:00,480.79998779296875,481.7099914550781,479.9599914550781,481.5050048828125,350834
2026-03-19 16:30:00,481.5299987792969,481.9800109863281,480.04998779296875,480.6659851074219,298379
2026-03-19 17:30:00,480.6050109863281,480.69500732421875,479.25,479.25,320065
2026-03-19 18:30:00,479.29998779296875,481.9299011230469,478.80999755859375,481.75,497354
2026-03-19 19:30:00,481.7300109863281,482.5299987792969,480.9800109863281,481.4599914550781,485390
2026-03-20 13:30:00,481.6300048828125,484.0,480.8699951171875,481.5150146484375,1817369
2026-03-20 14:30:00,481.51251220703125,482.1600036621094,480.0,480.2594909667969,399688
2026-03-20 15:30:00,480.05999755859375,482.0899963378906,480.04998779296875,481.635009765625,281453
2026-03-20 16:30:00,481.5400085449219,483.3699951171875,481.29998779296875,483.3299865722656,308538
2026-03-20 17:30:00,483.3999938964844,485.1199951171875,483.1449890136719,483.69891357421875,491295
2026-03-20 18:30:00,483.739990234375,484.0199890136719,482.0899963378906,483.42999267578125,778556
2026-03-20 19:30:00,483.4599914550781,483.6000061035156,479.6600036621094,481.1300048828125,868312
2026-03-23 13:30:00,483.5,485.9800109863281,479.80999755859375,481.30999755859375,928185
2026-03-23 14:30:00,481.3999938964844,483.6000061035156,480.79998779296875,480.9100036621094,693348
2026-03-23 15:30:00,481.0,482.0199890136719,479.1400146484375,479.1650085449219,467275
2026-03-23 16:30:00,479.20001220703125,480.55999755859375,479.0,480.489990234375,354966
2026-03-23 17:30:00,480.5249938964844,481.5,480.1099853515625,480.68499755859375,306975
2026-03-23 18:30:00,480.7699890136719,482.239990234375,480.7300109863281,481.3500061035156,299009
2026-03-23 19:30:00,481.3500061035156,482.7300109863281,480.0,480.0799865722656,640257
2026-03-24 13:30:00,478.0,482.9700012207031,477.5495910644531,482.510009765625,459044
2026-03-24 14:30:00,482.6050109863281,483.5,481.3467102050781,482.8500061035156,293949
2026-03-24 15:30:00,482.8580017089844,483.46990966796875,480.3999938964844,482.3399963378906,321697
2026-03-24 16:30:00,482.2950134277344,482.69000244140625,480.9200134277344,481.6549987792969,221734
2026-03-24 17:30:00,481.6549987792969,481.989990234375,480.5,481.5,270487
2026-03-24 18:30:00,481.5,481.7398986816406,479.70001220703125,480.1400146484375,425950
2026-03-24 19:30:00,480.1499938964844,480.45989990234375,478.1600036621094,479.3500061035156,434479
2026-03-25 13:30:00,482.6300048828125,483.2300109863281,477.07000732421875,477.9049987792969,694503
2026-03-25 14:30:00,477.8999938964844,479.10809326171875,477.0799865722656,477.8599853515625,510778
2026-03-25 15:30:00,477.94000244140625,478.17999267578125,476.9306945800781,477.7749938964844,352854
2026-03-25 16:30:00,477.7449951171875,478.2099914550781,477.19000244140625,478.19000244140625,249909
2026-03-25 17:30:00,478.1400146484375,478.67999267578125,476.8800048828125,478.17999267578125,258786
2026-03-25 18:30:00,478.239990234375,478.9598083496094,477.95001220703125,478.7699890136719,269913
2026-03-25 19:30:00,478.8376159667969,478.92999267578125,475.7300109863281,476.4200134277344,890485
2026-03-26 13:30:00,476.43499755859375,478.3800048828125,475.0799865722656,477.0769958496094,533839
2026-03-26 14:30:00,477.1499938964844,478.0050048828125,476.0,476.04998779296875,338317
2026-03-26 15:30:00,475.9599914550781,476.3890075683594,474.6178894042969,474.9198913574219,392528
2026-03-26 16:30:00,474.7900085449219,476.1000061035156,474.5,475.2099914550781,273868
2026-03-26 17:30:00,475.2200012207031,475.81561279296875,474.54998779296875,475.5899963378906,237762
2026-03-26 18:30:00,475.6600036621094,477.0398864746094,475.1199951171875,475.18218994140625,310864
2026-03-26 19:30:00,475.17999267578125,476.5950012207031,475.0,475.2900085449219,492438
2026-03-27 13:30:00,474.19000244140625,474.70001220703125,470.32000732421875,473.6700134277344,665226
2026-03-27 14:30:00,473.5400085449219,474.79998779296875,473.2699890136719,473.7749938964844,288556
2026-03-27 15:30:00,473.8800048828125,474.260009765625,472.67010498046875,473.29998779296875,336044
2026-03-27 16:30:00,473.32000732421875,473.32000732421875,471.1099853515625,471.6990051269531,716410
2026-03-27 17:30:00,471.6700134277344,473.010009765625,471.0,471.260009765625,368309
2026-03-27 18:30:00,471.19500732421875,472.25,469.32000732421875,469.62298583984375,705130
2026-03-27 19:30:00,469.5450134277344,469.7699890136719,467.2099914550781,468.17999267578125,810780
2026-03-30 13:30:00,470.67999267578125,475.5799865722656,470.6499938964844,474.989990234375,713358
2026-03-30 14:30:00,475.30999755859375,477.69000244140625,475.04998779296875,476.75,410618
2026-03-30 15:30:00,476.7499084472656,477.43450927734375,475.8599853515625,476.92498779296875,330916
2026-03-30 16:30:00,476.989990234375,477.3699035644531,476.1099853515625,476.6600036621094,252727
2026-03-30 17:30:00,476.64239501953125,477.20001220703125,475.6900939941406,475.7099914550781,317360
2026-03-30 18:30:00,475.7099914550781,475.889892578125,473.7300109863281,474.135009765625,334629
2026-03-30 19:30:00,474.18499755859375,475.7898864746094,474.110107421875,474.9100036621094,653715
2026-03-31 13:30:00,477.7799987792969,478.7799987792969,475.9200134277344,477.44000244140625,643818
2026-03-31 14:30:00,477.3500061035156,477.5899963378906,474.7699890136719,475.6700134277344,404241
2026-03-31 15:30:00,475.7850036621094,477.3800048828125,475.5150146484375,477.125,439029
2026-03-31 16:30:00,477.0400085449219,479.79998779296875,476.9100036621094,477.5400085449219,415948
2026-03-31 17:30:00,477.62109375,478.17999267578125,476.8800048828125,477.53009033203125,276302
2026-03-31 18:30:00,477.5299987792969,478.69000244140625,476.8550109863281,478.5199890136719,351754
2026-03-31 19:30:00,478.5400085449219,479.80999755859375,478.5101013183594,479.2300109863281,571771
2026-04-01 13:30:00,478.9800109863281,481.0992126464844,477.2500915527344,479.80999755859375,620813
2026-04-01 14:30:00,479.80999755859375,481.0,479.42999267578125,480.17999267578125,368226
2026-04-01 15:30:00,480.20001220703125,480.3999938964844,478.6099853515625,478.7423095703125,239022
2026-04-01 16:30:00,478.739990234375,480.7099914550781,478.6300048828125,480.6300048828125,211577
2026-04-01 17:30:00,480.6700134277344,481.0,479.05999755859375,479.29998779296875,281123
2026-04-01 18:30:00,479.3800048828125,479.8599853515625,479.0,479.68499755859375,280295
2026-04-01 19:30:00,479.760009765625,480.3299865722656,478.1000061035156,478.54998779296875,498941
2026-04-02 13:30:00,477.82000732421875,479.7699890136719,475.67999267578125,478.2449951171875,616713
2026-04-02 14:30:00,478.29998779296875,479.739990234375,477.6700134277344,478.6600036621094,336747
2026-04-02 15:30:00,478.75,478.7699890136719,476.6300964355469,477.0799865722656,283355
2026-04-02 16:30:00,477.010009765625,478.6429138183594,477.0,478.30999755859375,196741
2026-04-02 17:30:00,478.4200134277344,478.7398986816406,476.8599853515625,477.5899963378906,243427
2026-04-02 18:30:00,477.5849914550781,477.8900146484375,476.7200012207031,477.0400085449219,280243
2026-04-02 19:30:00,476.9800109863281,478.0,476.8500061035156,477.4100036621094,345856
2026-04-06 13:30:00,475.6600036621094,479.1600036621094,475.3500061035156,479.125,385957
2026-04-06 14:30:00,479.1700134277344,479.5,478.25,478.45989990234375,187352
2026-04-06 15:30:00,478.3200988769531,478.7998962402344,477.8399963378906,478.30999755859375,193656
2026-04-06 16:30:00,478.3599853515625,478.7200012207031,477.20001220703125,477.2799987792969,173932
2026-04-06 17:30:00,477.2950134277344,477.3500061035156,476.0,476.75,479964
2026-04-06 18:30:00,476.7300109863281,476.989990234375,476.1400146484375,476.9549865722656,253995
2026-04-06 19:30:00,476.94000244140625,477.7300109863281,476.5400085449219,476.8500061035156,732271
2026-04-07 13:30:00,475.7099914550781,479.4599914550781,474.32000732421875,479.14990234375,592915
2026-04-07 14:30:00,479.0,479.75,477.2200012207031,477.7699890136719,309294
2026-04-07 15:30:00,477.70001220703125,478.57000732421875,476.9200134277344,478.0,232082
2026-04-07 16:30:00,477.9100036621094,477.9100036621094,476.8778076171875,476.9303894042969,158279
2026-04-07 17:30:00,476.9599914550781,478.1499938964844,476.8500061035156,477.7200012207031,183342
2026-04-07 18:30:00,477.6148986816406,478.489990234375,476.62249755859375,478.3699951171875,230011
2026-04-07 19:30:00,478.30999755859375,479.510009765625,477.7799987792969,478.1199951171875,395770
2026-04-08 13:30:00,483.75,483.75,479.5,480.45001220703125,853256
2026-04-08 14:30:00,480.4599914550781,482.739990234375,479.79998779296875,481.2298889160156,396669
2026-04-08 15:30:00,481.135009765625,482.1000061035156,479.6650085449219,479.8299865722656,371177
2026-04-08 16:30:00,479.75,480.0220031738281,477.68011474609375,478.8999938964844,412738
2026-04-08 17:30:00,478.9200134277344,480.3500061035156,478.3380126953125,479.3150939941406,366583
2026-04-08 18:30:00,479.260009765625,479.5849914550781,478.4100036621094,478.9800109863281,374743
2026-04-08 19:30:00,478.95001220703125,480.4599914550781,478.8599853515625,479.760009765625,630371
2026-04-09 13:30:00,478.2099914550781,484.5,477.29010009765625,484.04998779296875,650553
2026-04-09 14:30:00,484.05999755859375,484.54998779296875,482.54998779296875,484.32000732421875,335664
2026-04-09 15:30:00,484.260009765625,487.381591796875,484.260009765625,487.0,452818
2026-04-09 16:30:00,486.9800109863281,487.67999267578125,486.5899963378906,487.6099853515625,324764
2026-04-09 17:30:00,487.5899963378906,487.95001220703125,486.94000244140625,486.9700012207031,284986
2026-04-09 18:30:00,487.0010070800781,487.06298828125,485.92999267578125,485.94500732421875,287803
2026-04-09 19:30:00,485.9700012207031,486.5199890136719,485.1700134277344,485.17999267578125,446085
2026-04-10 13:30:00,484.0199890136719,484.8599853515625,481.3699951171875,483.4100036621094,664765
2026-04-10 14:30:00,483.385009765625,483.4200134277344,480.6400146484375,481.0150146484375,519761
2026-04-10 15:30:00,481.00799560546875,481.989990234375,480.8800048828125,481.26300048828125,250875
2026-04-10 16:30:00,481.25,481.9599914550781,480.75,480.8500061035156,206591
2026-04-10 17:30:00,480.82000732421875,481.0,480.17999267578125,480.5899963378906,241441
2026-04-10 18:30:00,480.5899963378906,480.6300048828125,479.29998779296875,479.3900146484375,328611
2026-04-10 19:30:00,479.3599853515625,480.0199890136719,478.9200134277344,479.94000244140625,516853
2026-04-13 13:30:00,478.8999938964844,480.260009765625,477.3999938964844,480.260009765625,506058
2026-04-13 14:30:00,480.2101135253906,481.1050109863281,478.760009765625,479.010009765625,237590
2026-04-13 15:30:00,479.0299987792969,479.4198913574219,478.5199890136719,479.2900085449219,240918
2026-04-13 16:30:00,479.32501220703125,480.4599914550781,479.1400146484375,479.5299987792969,279956
2026-04-13 17:30:00,479.5299987792969,479.625,478.6700134277344,479.1400146484375,260158
2026-04-13 18:30:00,479.1000061035156,480.4700012207031,478.9949951171875,480.3900146484375,298062
2026-04-13 19:30:00,480.4200134277344,480.92498779296875,479.80999755859375,480.20001220703125,639074
2026-04-14 13:30:00,479.80999755859375,480.489990234375,476.80999755859375,479.2799987792969,760331
2026-04-14 14:30:00,479.32501220703125,479.35980224609375,477.5,478.29998779296875,435511
2026-04-14 15:30:00,478.2799987792969,478.54998779296875,476.5899963378906,476.75,481463
2026-04-14 16:30:00,476.7799987792969,477.1000061035156,476.0,476.94000244140625,435538
2026-04-14 17:30:00,476.9100036621094,477.70001220703125,476.510009765625,477.2850036621094,355993
2026-04-14 18:30:00,477.2998962402344,477.8800048828125,476.989990234375,477.739990234375,433265
2026-04-14 19:30:00,477.80999755859375,478.3900146484375,477.239990234375,477.5899963378906,594138
2026-04-15 13:30:00,478.0,478.7699890136719,474.3599853515625,475.2449951171875,986012
2026-04-15 14:30:00,475.25,475.75,473.82000732421875,475.026611328125,584091
2026-04-15 15:30:00,474.9700012207031,475.3500061035156,474.5199890136719,475.23748779296875,324482
2026-04-15 16:30:00,475.25,477.5,475.2001037597656,477.05999755859375,474702
2026-04-15 17:30:00,477.06500244140625,477.7049865722656,476.3699951171875,476.4750061035156,420039
2026-04-15 18:30:00,476.45001220703125,476.5899963378906,475.260009765625,475.82000732421875,792434
2026-04-15 19:30:00,475.7799987792969,475.7799987792969,473.739990234375,474.0799865722656,1516112
2026-04-16 13:30:00,474.0150146484375,476.2598876953125,473.1050109863281,473.4949951171875,856480
2026-04-16 14:30:00,473.5050048828125,473.80999755859375,464.010009765625,473.510009765625,663629
2026-04-16 15:30:00,473.5,473.6700134277344,472.1099853515625,472.4649963378906,433638
2026-04-16 16:30:00,472.4599914550781,472.9295959472656,471.8399963378906,472.135986328125,396631
2026-04-16 17:30:00,472.1199951171875,473.70001220703125,472.1000061035156,473.57501220703125,401023
2026-04-16 18:30:00,473.57000732421875,475.239990234375,473.43499755859375,474.9049987792969,379969
2026-04-16 19:30:00,474.92999267578125,475.8500061035156,474.8999938964844,474.9700012207031,442210
2026-04-17 13:30:00,475.489990234375,478.6099853515625,475.1199951171875,477.2099914550781,1367422
2026-04-17 14:30:00,477.20001220703125,478.5299987792969,477.0,477.79998779296875,732500
2026-04-17 15:30:00,477.79998779296875,479.2099914550781,477.4599914550781,478.3399963378906,454363
2026-04-17 16:30:00,478.2099914550781,479.69000244140625,477.5108947753906,477.6499938964844,475675
2026-04-17 17:30:00,477.635009765625,477.760009765625,476.1099853515625,476.6261901855469,404937
2026-04-17 18:30:00,476.6050109863281,476.7099914550781,475.7149963378906,475.8800048828125,475779
2026-04-17 19:30:00,475.93499755859375,476.2200012207031,474.1499938964844,474.4200134277344,955760
2026-04-20 13:30:00,474.3800048828125,476.0400085449219,473.95001220703125,474.875,872996
2026-04-20 14:30:00,474.8900146484375,475.1000061035156,472.8999938964844,473.55999755859375,699765
2026-04-20 15:30:00,473.635009765625,473.7398986816406,472.2200012207031,472.75,483924
2026-04-20 16:30:00,472.7550048828125,473.75,472.69000244140625,473.44000244140625,398998
2026-04-20 17:30:00,473.4375,473.6400146484375,472.25,472.93499755859375,437728
2026-04-20 18:30:00,472.94000244140625,472.989990234375,471.82000732421875,472.14990234375,527606
2026-04-20 19:30:00,472.1199951171875,472.2300109863281,471.3700866699219,472.1300048828125,768160
2026-04-21 13:30:00,472.5400085449219,474.19000244140625,472.1000061035156,472.75,1029613
2026-04-21 14:30:00,472.7550048828125,473.0400085449219,470.54998779296875,470.9501037597656,700691
2026-04-21 15:30:00,470.95001220703125,471.95001220703125,470.17999267578125,470.64990234375,386181
2026-04-21 16:30:00,470.625,470.739990234375,469.05999755859375,469.67498779296875,559070
2026-04-21 17:30:00,469.68499755859375,469.9100036621094,468.30999755859375,468.3399963378906,520967
2026-04-21 18:30:00,468.32000732421875,469.739990234375,468.05999755859375,469.739990234375,490888
2026-04-21 19:30:00,469.7200012207031,470.1000061035156,468.3699951171875,468.4700012207031,774695
2026-04-22 13:30:00,468.8599853515625,470.989990234375,468.55999755859375,469.8999938964844,744752
2026-04-22 14:30:00,469.8699951171875,469.94000244140625,467.260009765625,467.4700012207031,602186
2026-04-22 15:30:00,467.5249938964844,467.70001220703125,465.8500061035156,466.34698486328125,681165
2026-04-22 16:30:00,466.32501220703125,467.9800109863281,466.32501220703125,467.3700866699219,432713
2026-04-22 17:30:00,467.45001220703125,468.17999267578125,466.260009765625,466.3550109863281,385174
2026-04-22 18:30:00,466.3550109863281,466.4700012207031,464.6199951171875,465.54998779296875,784928
2026-04-22 19:30:00,465.6400146484375,466.3399963378906,465.2300109863281,465.42498779296875,1044465
2026-04-23 13:30:00,466.7200012207031,471.8800048828125,466.7200012207031,470.739990234375,938803
2026-04-23 14:30:00,470.7650146484375,470.79998779296875,468.4549865722656,469.1000061035156,434249
2026-04-23 15:30:00,469.1099853515625,469.739990234375,468.4800109863281,468.7749938964844,337958
2026-04-23 16:30:00,468.760009765625,469.9700012207031,468.6099853515625,469.0299987792969,257569
2026-04-23 17:30:00,468.95001220703125,472.42999267578125,468.7699890136719,472.3399963378906,508175
2026-04-23 18:30:00,472.32000732421875,473.0,471.92498779296875,472.43499755859375,460306
2026-04-23 19:30:00,472.4200134277344,472.989990234375,470.4700012207031,470.7699890136719,737272
2026-04-24 13:30:00,468.79998779296875,469.92999267578125,466.5799865722656,469.7699890136719,648850
2026-04-24 14:30:00,469.7099914550781,470.2799987792969,468.5,468.8800048828125,321501
2026-04-24 15:30:00,468.8699951171875,469.57000732421875,468.25,468.7300109863281,308992
2026-04-24 16:30:00,468.7349853515625,468.8800048828125,468.010009765625,468.72601318359375,294721
2026-04-24 17:30:00,468.6700134277344,469.70001220703125,468.55999755859375,469.2449951171875,747674
2026-04-24 18:30:00,469.2449951171875,469.989990234375,469.1000061035156,469.4800109863281,325968
2026-04-24 19:30:00,469.4700012207031,470.0,469.1499938964844,469.30999755859375,477955
2026-04-27 13:30:00,469.79998779296875,475.20001220703125,469.3500061035156,474.2300109863281,973205
2026-04-27 14:30:00,474.32000732421875,475.5,474.1300964355469,474.91009521484375,550007
2026-04-27 15:30:00,474.95001220703125,475.5,474.5,475.32000732421875,389575
2026-04-27 16:30:00,475.25,475.3392028808594,473.79998779296875,473.99420166015625,379204
2026-04-27 17:30:00,474.0,474.1499938964844,472.67999267578125,472.8500061035156,384293
2026-04-27 18:30:00,472.9599914550781,473.739990234375,472.5199890136719,473.29998779296875,610242
2026-04-27 19:30:00,473.2799987792969,473.5436096191406,472.44000244140625,472.94000244140625,524536
2026-04-28 13:30:00,476.7900085449219,478.5,475.6650085449219,476.8623962402344,815437
2026-04-28 14:30:00,476.9031066894531,479.7699890136719,476.8299865722656,478.2096862792969,577854
2026-04-28 15:30:00,478.1400146484375,479.17999267578125,478.0799865722656,478.864990234375,361070
2026-04-28 16:30:00,478.864990234375,479.0899963378906,477.4800109863281,477.5350036621094,262217
2026-04-28 17:30:00,477.5350036621094,477.8800048828125,475.8127136230469,476.54998779296875,302450
2026-04-28 18:30:00,476.42999267578125,477.19000244140625,476.19500732421875,476.95001220703125,358622
2026-04-28 19:30:00,476.95001220703125,478.92999267578125,476.739990234375,478.19000244140625,663580
2026-04-29 13:30:00,476.45001220703125,477.9700012207031,475.8999938964844,476.32000732421875,445748
2026-04-29 14:30:00,476.32000732421875,477.3299865722656,475.739990234375,476.4049987792969,366604
2026-04-29 15:30:00,476.375,476.55999755859375,475.3500061035156,476.42498779296875,309103
2026-04-29 16:30:00,476.5249938964844,476.95001220703125,475.25,475.25,256178
2026-04-29 17:30:00,475.260009765625,476.0799865722656,475.1499938964844,475.4200134277344,263505
2026-04-29 18:30:00,475.44500732421875,475.79998779296875,474.510009765625,475.55999755859375,389473
2026-04-29 19:30:00,475.5150146484375,476.4100036621094,475.2699890136719,475.4649963378906,494038
2026-04-30 13:30:00,473.4599914550781,477.30999755859375,470.8900146484375,476.6099853515625,835161
2026-04-30 14:30:00,476.7300109863281,477.54998779296875,474.610107421875,475.32501220703125,386242
2026-04-30 15:30:00,475.3450012207031,475.6099853515625,474.4200134277344,474.6400146484375,354353
2026-04-30 16:30:00,474.6700134277344,474.8999938964844,474.010009765625,474.32501220703125,371665
2026-04-30 17:30:00,474.31500244140625,474.739990234375,473.8500061035156,474.2799987792969,399050
2026-04-30 18:30:00,474.2799987792969,474.69000244140625,473.82000732421875,474.19000244140625,497340
2026-04-30 19:30:00,474.19000244140625,475.8699951171875,473.8900146484375,473.9599914550781,830670
2026-05-01 13:30:00,475.07501220703125,478.25,474.20001220703125,478.0299987792969,829803
2026-05-01 14:30:00,478.0350036621094,479.1000061035156,475.8800048828125,476.80999755859375,529175
2026-05-01 15:30:00,476.8299865722656,477.5,475.29998779296875,475.30999755859375,458135
2026-05-01 16:30:00,475.29998779296875,475.4389953613281,473.989990234375,474.95001220703125,639765
2026-05-01 17:30:00,474.9898986816406,475.7099914550781,474.2500915527344,474.5,409121
2026-05-01 18:30:00,474.5400085449219,475.57000732421875,474.3999938964844,475.2650146484375,399222
2026-05-01 19:30:00,475.2699890136719,475.5,473.0,473.05999755859375,709340
2026-05-04 13:30:00,473.0299987792969,479.8699951171875,470.54998779296875,478.8299865722656,1439246
2026-05-04 14:30:00,479.0299987792969,479.3450012207031,476.1133117675781,476.54998779296875,625190
2026-05-04 15:30:00,476.4800109863281,478.6099853515625,474.7699890136719,475.4150085449219,531663
2026-05-04 16:30:00,475.30999755859375,476.1499938964844,465.7900085449219,468.2149963378906,1466074
2026-05-04 17:30:00,468.239990234375,468.9800109863281,466.7699890136719,467.3900146484375,641286
2026-05-04 18:30:00,467.4100036621094,469.5,466.8800048828125,467.54901123046875,553895
2026-05-04 19:30:00,467.5400085449219,469.0199890136719,467.3599853515625,468.44000244140625,742283
2026-05-05 13:30:00,468.5299987792969,469.6619873046875,466.1700134277344,467.79998779296875,887854
2026-05-05 14:30:00,467.7699890136719,467.7699890136719,465.8999938964844,466.4895935058594,682366
2026-05-05 15:30:00,466.4800109863281,466.5400085449219,465.010009765625,465.17498779296875,578391
2026-05-05 16:30:00,465.1781005859375,465.75,464.3399963378906,464.4949951171875,751691
2026-05-05 17:30:00,464.45001220703125,465.6600036621094,464.45001220703125,465.2900085449219,438057
2026-05-05 18:30:00,465.28009033203125,467.5,464.79998779296875,466.8900146484375,563698
2026-05-05 19:30:00,466.9100036621094,467.0199890136719,465.30999755859375,465.4700012207031,592863
2026-05-06 13:30:00,466.010009765625,470.6300048828125,465.6400146484375,470.1400146484375,1359411
2026-05-06 14:30:00,470.2200012207031,470.3999938964844,469.01239013671875,469.7149963378906,598775
2026-05-06 15:30:00,469.7998962402344,469.9700012207031,468.760009765625,468.760009765625,500781
2026-05-06 16:30:00,468.7699890136719,469.4100036621094,467.6099853515625,467.7950134277344,373024
2026-05-06 17:30:00,467.7900085449219,469.57501220703125,467.2699890136719,469.4800109863281,369616
2026-05-06 18:30:00,469.44000244140625,469.7200012207031,468.2799987792969,468.59991455078125,650240
2026-05-06 19:30:00,468.5,470.30499267578125,468.42999267578125,469.8900146484375,677226
2026-05-07 13:30:00,469.2550048828125,474.4599914550781,468.9700012207031,471.010009765625,1032335
2026-05-07 14:30:00,470.9766845703125,475.760009765625,470.92999267578125,475.17999267578125,673052
2026-05-07 15:30:00,475.19000244140625,477.0498962402344,474.92999267578125,476.635009765625,706665
2026-05-07 16:30:00,476.6351013183594,477.19000244140625,474.2300109863281,474.2799987792969,535584
2026-05-07 17:30:00,474.2900085449219,475.0400085449219,472.80999755859375,474.9800109863281,427918
2026-05-07 18:30:00,474.9100036621094,475.32000732421875,473.6499938964844,475.1400146484375,434741
2026-05-07 19:30:00,475.04998779296875,475.739990234375,474.30999755859375,475.1000061035156,664200
2026-05-08 13:30:00,474.8500061035156,478.8800048828125,474.4800109863281,478.8500061035156,846444
2026-05-08 14:30:00,478.739990234375,478.8800048828125,476.04180908203125,476.5150146484375,428656
2026-05-08 15:30:00,476.5199890136719,477.8384094238281,476.3699951171875,476.489990234375,392759
2026-05-08 16:30:00,476.4800109863281,477.9700012207031,476.4100036621094,477.2799987792969,361134
2026-05-08 17:30:00,477.2799987792969,478.3399963378906,477.0409851074219,477.55499267578125,310665
2026-05-08 18:30:00,477.5299987792969,478.17999267578125,476.3999938964844,476.75,466332
2026-05-08 19:30:00,476.7799987792969,477.1499938964844,475.17999267578125,475.69000244140625,797518
2026-05-11 13:30:00,476.3999938964844,480.3999938964844,475.8999938964844,480.3999938964844,998135
2026-05-11 14:30:00,480.32000732421875,480.3800048828125,478.29998779296875,479.2349853515625,455498
2026-05-11 15:30:00,479.2799987792969,479.42498779296875,476.55999755859375,477.7650146484375,500651
2026-05-11 16:30:00,477.7650146484375,478.82000732421875,477.29998779296875,478.3900146484375,352665
2026-05-11 17:30:00,478.4200134277344,479.4100036621094,477.5799865722656,478.9700012207031,334788
2026-05-11 18:30:00,479.04998779296875,479.3999938964844,477.5199890136719,478.427001953125,407232
2026-05-11 19:30:00,478.3819885253906,479.6099853515625,478.0700988769531,479.5899963378906,522141
2026-05-12 13:30:00,481.67999267578125,482.8299865722656,478.90008544921875,482.7799987792969,972056
2026-05-12 14:30:00,482.7300109863281,485.7699890136719,482.0,485.4599914550781,726432
2026-05-12 15:30:00,485.45001220703125,487.44000244140625,484.32000732421875,487.2236022949219,524713
2026-05-12 16:30:00,487.04998779296875,489.4187927246094,486.91009521484375,488.1099853515625,790048
2026-05-12 17:30:00,488.1099853515625,488.1099853515625,485.8500061035156,486.3800048828125,433228
2026-05-12 18:30:00,486.3885803222656,486.67999267578125,485.6199951171875,486.0899963378906,440518
2026-05-12 19:30:00,486.0350036621094,486.32000732421875,484.9100036621094,485.2300109863281,727498
2026-05-13 13:30:00,482.4700012207031,487.139892578125,480.806396484375,484.4800109863281,809929
2026-05-13 14:30:00,484.30999755859375,484.70001220703125,481.69000244140625,482.06500244140625,430711
2026-05-13 15:30:00,482.1300048828125,484.8599853515625,482.010009765625,484.32501220703125,345815
2026-05-13 16:30:00,484.260009765625,484.489990234375,483.32000732421875,484.0050048828125,288347
2026-05-13 17:30:00,484.0050048828125,485.07000732421875,483.69000244140625,483.8599853515625,265748
2026-05-13 18:30:00,483.8599853515625,485.989990234375,483.7449951171875,485.1449890136719,358624
2026-05-13 19:30:00,485.1400146484375,486.7099914550781,484.989990234375,485.3800048828125,420907
2026-05-14 13:30:00,487.1000061035156,487.1000061035156,482.1499938964844,483.3399963378906,620095
2026-05-14 14:30:00,483.2799987792969,483.70001220703125,481.6000061035156,482.70001220703125,405827
2026-05-14 15:30:00,482.87249755859375,483.2601013183594,481.79998779296875,481.8900146484375,260182
2026-05-14 16:30:00,481.8999938964844,483.75,481.5000915527344,483.17999267578125,268840
2026-05-14 17:30:00,483.17999267578125,484.6263122558594,482.9800109863281,483.9049987792969,226782
2026-05-14 18:30:00,483.9049987792969,484.82000732421875,483.5299987792969,484.2398986816406,318546
2026-05-14 19:30:00,484.1650085449219,484.6300048828125,483.60009765625,484.2699890136719,409740
2026-05-15 13:30:00,486.70001220703125,488.29998779296875,484.1000061035156,486.6400146484375,1317211
2026-05-15 14:30:00,486.5899963378906,486.7499084472656,484.1099853515625,484.36968994140625,489802
2026-05-15 15:30:00,484.29998779296875,484.8550109863281,483.4800109863281,484.5,297321
2026-05-15 16:30:00,484.4949951171875,484.50750732421875,483.0199890136719,483.2099914550781,488542
2026-05-15 17:30:00,483.20001220703125,483.30999755859375,482.1000061035156,482.375,290407
2026-05-15 18:30:00,482.4100036621094,482.9700012207031,481.760009765625,482.760009765625,295872
2026-05-15 19:30:00,482.7349853515625,483.20001220703125,482.3299865722656,482.7799987792969,472827
2026-05-18 13:30:00,481.1300048828125,484.66229248046875,481.0,484.4100036621094,964916
2026-05-18 14:30:00,484.3800048828125,485.0372009277344,482.760009765625,483.3219909667969,512965
2026-05-18 15:30:00,483.2799987792969,485.0299072265625,482.7900085449219,484.8699951171875,295257
2026-05-18 16:30:00,484.8699951171875,486.20001220703125,484.1600036621094,485.8699951171875,313839
2026-05-18 17:30:00,485.95001220703125,486.20001220703125,485.1600036621094,486.07000732421875,284814
2026-05-18 18:30:00,486.0899963378906,488.6199951171875,485.7401123046875,488.239990234375,431827
2026-05-18 19:30:00,488.2250061035156,489.3599853515625,486.6000061035156,488.29998779296875,983146
2026-05-19 13:30:00,487.0,487.75,484.75,487.2799987792969,868419
2026-05-19 14:30:00,487.2099914550781,488.1300048828125,486.1400146484375,486.67498779296875,510021
2026-05-19 15:30:00,486.67498779296875,487.4800109863281,486.07501220703125,486.2349853515625,293182
2026-05-19 16:30:00,486.2449951171875,487.05999755859375,484.9649963378906,485.2099914550781,646048
2026-05-19 17:30:00,485.3399963378906,486.5199890136719,484.510009765625,485.07000732421875,534470
2026-05-19 18:30:00,485.0299987792969,486.1400146484375,483.1199951171875,483.2950134277344,641926
2026-05-19 19:30:00,483.260009765625,483.32501220703125,480.1099853515625,480.6000061035156,948444
2026-05-20 13:30:00,480.79998779296875,482.7200012207031,478.19000244140625,478.6300048828125,859629
2026-05-20 14:30:00,478.510009765625,480.89990234375,477.6199951171875,479.7300109863281,515647
2026-05-20 15:30:00,479.7250061035156,480.8399963378906,479.1000061035156,480.0069885253906,474886
2026-05-20 16:30:00,479.80999755859375,480.05999755859375,479.1000061035156,479.9800109863281,287097
2026-05-20 17:30:00,479.9599914550781,480.2200012207031,479.239990234375,479.8299865722656,259467
2026-05-20 18:30:00,479.82000732421875,481.5899963378906,479.32000732421875,481.11669921875,393622
2026-05-20 19:30:00,481.1050109863281,481.30999755859375,480.2099914550781,480.8800048828125,507924
