Datetime,open,high,low,close,volume
2023-06-23 13:30:00,213.9199981689453,216.0,213.10000610351562,215.39999389648438,427512
2023-06-23 14:30:00,215.47999572753906,216.0399932861328,214.77000427246094,215.77000427246094,344018
2023-06-23 15:30:00,215.75999450683594,215.7899932861328,215.16000366210938,215.52499389648438,218698
2023-06-23 16:30:00,215.5500030517578,216.39999389648438,215.24000549316406,215.52000427246094,239802
2023-06-23 17:30:00,215.6199951171875,216.10000610351562,214.8350067138672,214.88999938964844,231289
2023-06-23 18:30:00,214.88999938964844,214.92999267578125,214.08999633789062,214.72999572753906,286299
2023-06-23 19:30:00,214.75999450683594,215.57000732421875,214.6645965576172,215.2100067138672,527194
2023-06-26 13:30:00,215.9600067138672,218.7100067138672,215.55999755859375,216.77000427246094,396837
2023-06-26 14:30:00,216.76499938964844,217.00999450683594,216.0050048828125,216.64999389648438,271474
2023-06-26 15:30:00,216.65499877929688,218.00999450683594,216.65499877929688,217.97999572753906,196352
2023-06-26 16:30:00,217.92999267578125,218.55999755859375,217.61000061035156,218.47000122070312,209123
2023-06-26 17:30:00,218.47000122070312,218.53500366210938,217.0800018310547,217.8000030517578,202519
2023-06-26 18:30:00,217.77000427246094,218.9499969482422,217.77000427246094,218.72999572753906,223427
2023-06-26 19:30:00,218.7449951171875,219.02999877929688,217.9199981689453,217.97000122070312,401107
2023-06-27 13:30:00,218.99000549316406,223.2100067138672,218.99000549316406,223.13999938964844,645757
2023-06-27 14:30:00,223.13999938964844,223.92999267578125,222.25,223.4600067138672,516984
2023-06-27 15:30:00,223.47500610351562,223.63999938964844,223.1199951171875,223.3800048828125,527107
2023-06-27 16:30:00,223.39999389648438,223.7825927734375,223.24000549316406,223.6999969482422,328933
2023-06-27 17:30:00,223.7100067138672,223.77740478515625,223.39999389648438,223.60000610351562,381386
2023-06-27 18:30:00,223.5800018310547,223.91000366210938,223.42039489746094,223.8300018310547,505651
2023-06-27 19:30:00,223.8249969482422,223.99000549316406,223.50999450683594,223.52499389648438,677865
2023-06-28 13:30:00,222.25,224.14999389648438,222.22999572753906,222.90499877929688,661474
2023-06-28 14:30:00,222.97500610351562,223.3699951171875,221.72000122070312,222.30999755859375,365231
2023-06-28 15:30:00,222.32000732421875,222.9199981689453,222.25,222.7100067138672,276089
2023-06-28 16:30:00,222.66000366210938,222.77999877929688,221.5500030517578,222.72000122070312,318908
2023-06-28 17:30:00,222.77999877929688,222.89500427246094,222.27000427246094,222.72000122070312,463694
2023-06-28 18:30:00,222.72999572753906,222.95880126953125,222.2100067138672,222.470703125,345377
2023-06-28 19:30:00,222.47000122070312,222.8000030517578,222.24000549316406,222.5800018310547,472812
2023-06-29 13:30:00,223.22999572753906,223.80999755859375,221.82000732421875,223.36000061035156,484438
2023-06-29 14:30:00,223.36000061035156,223.58999633789062,222.4499969482422,222.83999633789062,295825
2023-06-29 15:30:00,222.82000732421875,223.0749969482422,222.3800048828125,222.99000549316406,307541
2023-06-29 16:30:00,223.00999450683594,223.13999938964844,222.52499389648438,222.88999938964844,361069
2023-06-29 17:30:00,222.8699951171875,223.1199951171875,222.3000030517578,222.8800048828125,258038
2023-06-29 18:30:00,222.91000366210938,223.09500122070312,222.66000366210938,222.97000122070312,556317
2023-06-29 19:30:00,222.97000122070312,223.00999450683594,222.3300018310547,222.85000610351562,485921
2023-06-30 13:30:00,224.10000610351562,225.5,223.5800018310547,225.2100067138672,483234
2023-06-30 14:30:00,225.25999450683594,225.32000732421875,223.61000061035156,224.2899932861328,433327
2023-06-30 15:30:00,224.3699951171875,225.08999633789062,224.0500030517578,225.0399932861328,329848
2023-06-30 16:30:00,225.02000427246094,225.36000061035156,224.89999389648438,225.14500427246094,351355
2023-06-30 17:30:00,225.16000366210938,225.91000366210938,225.0800018310547,225.7449951171875,353241
2023-06-30 18:30:00,225.77000427246094,226.47999572753906,225.6475067138672,226.35000610351562,418452
2023-06-30 19:30:00,226.36000061035156,226.49000549316406,225.6300048828125,225.6300048828125,565988
2023-07-03 13:30:00,224.6199951171875,225.72999572753906,223.49029541015625,225.30499267578125,360301
2023-07-03 14:30:00,225.30499267578125,226.0500030517578,224.85000610351562,225.27000427246094,278609
2023-07-03 15:30:00,225.22000122070312,225.54559326171875,225.1199951171875,225.14999389648438,277758
2023-07-05 13:30:00,224.41000366210938,226.9499969482422,224.16000366210938,225.3249969482422,547637
2023-07-05 14:30:00,225.30999755859375,225.67950439453125,224.6501007080078,224.83999633789062,411539
2023-07-05 15:30:00,224.8699951171875,225.1199951171875,224.1199951171875,224.5500030517578,313817
2023-07-05 16:30:00,224.60000610351562,225.33999633789062,224.50999450683594,225.07000732421875,305524
2023-07-05 17:30:00,225.0800018310547,225.22000122070312,224.49000549316406,224.7899932861328,217756
2023-07-05 18:30:00,224.85000610351562,225.77000427246094,224.8300018310547,225.74000549316406,199625
2023-07-05 19:30:00,225.75,225.75,225.4199981689453,225.49000549316406,388522
2023-07-06 13:30:00,222.8000030517578,223.55499267578125,221.5749969482422,221.72999572753906,369809
2023-07-06 14:30:00,221.76499938964844,222.34800720214844,221.6699981689453,221.72999572753906,291122
2023-07-06 15:30:00,221.72500610351562,222.72000122070312,221.61000061035156,222.6020965576172,256886
2023-07-06 16:30:00,222.56500244140625,222.77999877929688,222.44000244140625,222.5,228096
2023-07-06 17:30:00,222.5,222.7899932861328,222.1300048828125,222.1300048828125,281070
2023-07-06 18:30:00,222.11000061035156,222.80499267578125,221.92999267578125,222.1699981689453,407660
2023-07-06 19:30:00,222.1199951171875,222.16000366210938,221.27999877929688,221.40499877929688,451616
2023-07-07 13:30:00,221.0500030517578,222.63999938964844,220.72999572753906,221.8300018310547,275160
2023-07-07 14:30:00,221.7100067138672,223.41000366210938,221.63999938964844,223.1999969482422,243819
2023-07-07 15:30:00,223.2100067138672,223.44000244140625,222.69000244140625,223.33999633789062,160756
2023-07-07 16:30:00,223.32000732421875,223.89999389648438,223.27999877929688,223.52000427246094,172959
2023-07-07 17:30:00,223.4600067138672,223.5,222.69549560546875,222.97000122070312,172394
2023-07-07 18:30:00,222.9499969482422,223.00999450683594,222.00999450683594,222.22000122070312,255705
2023-07-07 19:30:00,222.17999267578125,222.28500366210938,221.6300048828125,221.97000122070312,468203
2023-07-10 13:30:00,223.14999389648438,227.64630126953125,222.8800048828125,227.17999267578125,421214
2023-07-10 14:30:00,227.10450744628906,227.4600067138672,225.89999389648438,226.47999572753906,273978
2023-07-10 15:30:00,226.4199981689453,226.94000244140625,226.05999755859375,226.77000427246094,188834
2023-07-10 16:30:00,226.77000427246094,227.67999267578125,226.52000427246094,227.67999267578125,185052
2023-07-10 17:30:00,227.6999969482422,228.2899932861328,227.5050048828125,228.25039672851562,231800
2023-07-10 18:30:00,228.27000427246094,228.67999267578125,227.8300018310547,228.6300048828125,258140
2023-07-10 19:30:00,228.58009338378906,229.16000366210938,228.3800048828125,229.1300048828125,506775
2023-07-11 13:30:00,231.27000427246094,231.27000427246094,229.19000244140625,230.50999450683594,453565
2023-07-11 14:30:00,230.5449981689453,231.1199951171875,229.42999267578125,229.44000244140625,251373
2023-07-11 15:30:00,229.33999633789062,229.9499969482422,228.85499572753906,229.4600067138672,249761
2023-07-11 16:30:00,229.4199981689453,229.8000030517578,229.35000610351562,229.8000030517578,134839
2023-07-11 17:30:00,229.80999755859375,229.82000732421875,229.02999877929688,229.52000427246094,153536
2023-07-11 18:30:00,229.52999877929688,229.92999267578125,229.42999267578125,229.82000732421875,226107
2023-07-11 19:30:00,229.80999755859375,230.22000122070312,229.36000061035156,229.42999267578125,424237
2023-07-12 13:30:00,231.75,234.19000244140625,231.10000610351562,233.80999755859375,393813
2023-07-12 14:30:00,233.75,234.86000061035156,233.67999267578125,234.3699951171875,277741
2023-07-12 15:30:00,234.3300018310547,235.07000732421875,233.3800048828125,233.5,238189
2023-07-12 16:30:00,233.47000122070312,234.19500732421875,233.33999633789062,233.99000549316406,178177
2023-07-12 17:30:00,233.97000122070312,234.17999267578125,233.65159606933594,233.9199981689453,144206
2023-07-12 18:30:00,233.8699951171875,234.14999389648438,232.05999755859375,232.40499877929688,184024
2023-07-12 19:30:00,232.42999267578125,233.08999633789062,231.8300018310547,232.17999267578125,413105
2023-07-13 13:30:00,232.57000732421875,233.25999450683594,229.8800048828125,230.16000366210938,258606
2023-07-13 14:30:00,230.1300048828125,230.88999938964844,228.84010314941406,228.94000244140625,283061
2023-07-13 15:30:00,228.97000122070312,229.5,228.75250244140625,229.08999633789062,146644
2023-07-13 16:30:00,229.0800018310547,229.36000061035156,228.44000244140625,228.9149932861328,207944
2023-07-13 17:30:00,228.91000366210938,229.2899932861328,228.74130249023438,228.74130249023438,116214
2023-07-13 18:30:00,228.77220153808594,229.30999755859375,228.64999389648438,229.25,180324
2023-07-13 19:30:00,229.22999572753906,229.75,229.19000244140625,229.52000427246094,371546
2023-07-14 13:30:00,229.9499969482422,230.86000061035156,229.16000366210938,229.80999755859375,179302
2023-07-14 14:30:00,229.80999755859375,230.33999633789062,229.3800048828125,229.77999877929688,117926
2023-07-14 15:30:00,229.8800048828125,230.1699981689453,229.17129516601562,229.60000610351562,111735
2023-07-14 16:30:00,229.60000610351562,230.02000427246094,229.41000366210938,229.59500122070312,128907
2023-07-14 17:30:00,229.60499572753906,230.0399932861328,229.1215057373047,229.1215057373047,144410
2023-07-14 18:30:00,229.11000061035156,229.4199981689453,228.61500549316406,228.82000732421875,243929
2023-07-14 19:30:00,228.8350067138672,229.13999938964844,228.48500061035156,228.91000366210938,340974
2023-07-17 13:30:00,228.7100067138672,229.72999572753906,227.25,229.71499633789062,293140
2023-07-17 14:30:00,229.7100067138672,229.7100067138672,228.41000366210938,229.51499938964844,170518
2023-07-17 15:30:00,229.49000549316406,229.77000427246094,229.16000366210938,229.6199951171875,140927
2023-07-17 16:30:00,229.6699981689453,230.10000610351562,229.11129760742188,229.19000244140625,149836
2023-07-17 17:30:00,229.24000549316406,229.49000549316406,228.85000610351562,229.125,180163
2023-07-17 18:30:00,229.1199951171875,229.22999572753906,228.5500030517578,228.91000366210938,231015
2023-07-17 19:30:00,228.89999389648438,228.89999389648438,227.83999633789062,227.9499969482422,411456
2023-07-18 13:30:00,227.75,229.2100067138672,226.5500030517578,229.0800018310547,204515
2023-07-18 14:30:00,229.1199951171875,231.1199951171875,228.85000610351562,230.69000244140625,284730
2023-07-18 15:30:00,230.67999267578125,230.67999267578125,228.2899932861328,228.36500549316406,177494
2023-07-18 16:30:00,228.27999877929688,229.22999572753906,228.02999877929688,229.16000366210938,138561
2023-07-18 17:30:00,229.1699981689453,229.78179931640625,228.97000122070312,229.78179931640625,145559
2023-07-18 18:30:00,229.8000030517578,230.36000061035156,229.55999755859375,229.94000244140625,209200
2023-07-18 19:30:00,229.9199981689453,230.05499267578125,229.57000732421875,229.9199981689453,388601
2023-07-19 13:30:00,229.60000610351562,231.8800048828125,229.47999572753906,231.69000244140625,314475
2023-07-19 14:30:00,231.77999877929688,232.22999572753906,230.44500732421875,230.7050018310547,197356
2023-07-19 15:30:00,230.75,230.83999633789062,229.88999938964844,230.60000610351562,140109
2023-07-19 16:30:00,230.58999633789062,231.00999450683594,229.97000122070312,230.85000610351562,115172
2023-07-19 17:30:00,230.85000610351562,230.9199981689453,229.9499969482422,230.34500122070312,146067
2023-07-19 18:30:00,230.35000610351562,231.10000610351562,230.3000030517578,230.9600067138672,156150
2023-07-19 19:30:00,230.9499969482422,231.30999755859375,230.75,230.85000610351562,332746
2023-07-20 13:30:00,231.3800048828125,231.3800048828125,228.4199981689453,229.63999938964844,284654
2023-07-20 14:30:00,229.66000366210938,230.10000610351562,228.66000366210938,229.6300048828125,184218
2023-07-20 15:30:00,229.6199951171875,230.3300018310547,229.52999877929688,230.17320251464844,228490
2023-07-20 16:30:00,230.1699981689453,230.72999572753906,229.72000122070312,230.66000366210938,130908
2023-07-20 17:30:00,230.66000366210938,230.77000427246094,230.24000549316406,230.30999755859375,167734
2023-07-20 18:30:00,230.3800048828125,230.9499969482422,230.21499633789062,230.39999389648438,218740
2023-07-20 19:30:00,230.33999633789062,231.0800018310547,230.27499389648438,230.99000549316406,369229
2023-07-21 13:30:00,232.4499969482422,234.0,231.72000122070312,233.66000366210938,397184
2023-07-21 14:30:00,233.59500122070312,234.75,233.41000366210938,234.1649932861328,1205769
2023-07-21 15:30:00,234.19000244140625,234.47999572753906,233.4600067138672,234.01010131835938,225373
2023-07-21 16:30:00,234.03500366210938,234.27000427246094,233.25,234.24000549316406,145854
2023-07-21 17:30:00,234.24000549316406,234.3300018310547,233.92999267578125,234.18499755859375,180027
2023-07-21 18:30:00,234.24000549316406,235.0,234.1199951171875,234.82000732421875,285356
2023-07-21 19:30:00,234.84500122070312,235.02000427246094,233.64999389648438,233.77999877929688,418285
2023-07-24 13:30:00,234.1999969482422,235.80999755859375,233.8300018310547,234.1199951171875,333729
2023-07-24 14:30:00,234.0780029296875,234.3800048828125,233.5800018310547,234.06500244140625,199862
2023-07-24 15:30:00,234.07000732421875,235.1199951171875,234.0399932861328,234.4499969482422,287083
2023-07-24 16:30:00,234.4499969482422,235.1300048828125,234.18499755859375,235.02999877929688,148142
2023-07-24 17:30:00,235.02999877929688,235.2698974609375,234.59500122070312,234.9499969482422,179317
2023-07-24 18:30:00,234.9499969482422,234.9499969482422,234.17999267578125,234.22999572753906,190344
2023-07-24 19:30:00,234.24000549316406,234.33999633789062,233.60000610351562,234.02000427246094,345087
2023-07-25 13:30:00,232.3800048828125,233.39500427246094,231.19000244140625,232.8800048828125,252276
2023-07-25 14:30:00,232.8699951171875,233.2899932861328,232.52999877929688,233.25,167573
2023-07-25 15:30:00,233.30999755859375,233.82000732421875,233.02999877929688,233.6699981689453,188398
2023-07-25 16:30:00,233.6699981689453,233.80999755859375,233.33999633789062,233.6999969482422,108839
2023-07-25 17:30:00,233.8000030517578,234.0800018310547,233.5050048828125,234.05999755859375,156334
2023-07-25 18:30:00,234.10000610351562,234.30999755859375,233.75999450683594,234.10000610351562,124842
2023-07-25 19:30:00,234.0850067138672,234.38499450683594,233.86000061035156,233.89999389648438,270801
2023-07-26 13:30:00,233.6999969482422,235.16000366210938,233.34500122070312,234.42999267578125,239972
2023-07-26 14:30:00,234.4600067138672,234.8800048828125,233.92999267578125,234.24000549316406,163727
2023-07-26 15:30:00,234.25,234.63999938964844,233.93499755859375,234.57000732421875,121342
2023-07-26 16:30:00,234.5399932861328,234.55999755859375,233.7100067138672,233.8249969482422,139038
2023-07-26 17:30:00,233.8175048828125,233.86000061035156,233.0800018310547,233.33999633789062,174813
2023-07-26 18:30:00,233.3000030517578,234.8000030517578,232.8300018310547,233.50999450683594,278918
2023-07-26 19:30:00,233.42999267578125,234.0800018310547,233.11500549316406,234.0800018310547,256943
2023-07-27 13:30:00,236.0800018310547,237.2050018310547,235.6300048828125,235.84500122070312,360075
2023-07-27 14:30:00,235.9199981689453,236.4250030517578,235.27999877929688,236.0399932861328,200424
2023-07-27 15:30:00,236.07000732421875,236.7100067138672,235.72000122070312,236.69740295410156,148550
2023-07-27 16:30:00,236.74000549316406,237.07000732421875,235.53500366210938,235.55999755859375,178286
2023-07-27 17:30:00,235.52000427246094,235.83999633789062,234.77000427246094,234.8000030517578,200128
2023-07-27 18:30:00,234.8000030517578,235.3000030517578,234.39999389648438,234.75010681152344,276973
2023-07-27 19:30:00,234.8300018310547,235.07000732421875,234.4600067138672,234.91000366210938,285262
2023-07-28 13:30:00,236.9600067138672,237.1999969482422,234.9600067138672,235.22000122070312,204243
2023-07-28 14:30:00,235.23500061035156,236.30999755859375,235.18499755859375,236.0800018310547,206228
2023-07-28 15:30:00,236.07000732421875,236.3079071044922,235.61000061035156,235.7899932861328,133478
2023-07-28 16:30:00,235.83999633789062,235.97999572753906,235.02499389648438,235.18060302734375,153800
2023-07-28 17:30:00,235.11000061035156,235.34710693359375,234.4499969482422,235.2449951171875,196142
2023-07-28 18:30:00,235.2899932861328,235.47999572753906,234.66000366210938,235.27999877929688,228509
2023-07-28 19:30:00,235.25999450683594,235.5500030517578,234.99000549316406,235.0500030517578,391258
2023-07-31 13:30:00,235.0800018310547,235.94000244140625,234.47999572753906,235.2899932861328,226616
2023-07-31 14:30:00,235.33999633789062,235.41000366210938,233.8800048828125,234.3800048828125,244435
2023-07-31 15:30:00,234.3699951171875,234.3800048828125,233.21009826660156,234.2100067138672,198039
2023-07-31 16:30:00,234.13999938964844,234.27999877929688,233.55999755859375,233.75999450683594,120922
2023-07-31 17:30:00,233.8300018310547,234.22000122070312,233.5,233.8300018310547,134908
2023-07-31 18:30:00,233.83999633789062,233.99000549316406,233.2100067138672,233.33999633789062,204732
2023-07-31 19:30:00,233.35000610351562,234.32000732421875,232.72999572753906,234.3000030517578,464669
2023-08-01 13:30:00,232.94000244140625,234.97000122070312,232.94000244140625,234.1699981689453,277623
2023-08-01 14:30:00,234.0399932861328,234.22000122070312,233.22000122070312,233.77000427246094,218129
2023-08-01 15:30:00,233.7725067138672,233.97000122070312,233.10000610351562,233.18499755859375,140075
2023-08-01 16:30:00,233.18499755859375,233.40049743652344,232.74000549316406,233.03500366210938,120208
2023-08-01 17:30:00,233.05599975585938,233.27999877929688,232.77000427246094,233.0,142114
2023-08-01 18:30:00,233.02999877929688,233.29660034179688,232.69000244140625,232.77000427246094,189647
2023-08-01 19:30:00,232.75,232.94000244140625,232.11000061035156,232.25,420191
2023-08-02 13:30:00,229.75999450683594,231.9499969482422,229.39999389648438,230.25999450683594,477838
2023-08-02 14:30:00,230.2899932861328,230.47000122070312,229.63999938964844,230.1199951171875,239937
2023-08-02 15:30:00,230.08999633789062,230.90499877929688,229.6699981689453,230.5500030517578,201228
2023-08-02 16:30:00,230.5399932861328,231.22999572753906,230.381103515625,230.9550018310547,147129
2023-08-02 17:30:00,231.0,231.1649932861328,230.0500030517578,230.14999389648438,144657
2023-08-02 18:30:00,230.1649932861328,230.35000610351562,229.39999389648438,229.41000366210938,246577
2023-08-02 19:30:00,229.40499877929688,229.7899932861328,229.27999877929688,229.36000061035156,451751
2023-08-03 13:30:00,228.8699951171875,229.1999969482422,227.0050048828125,227.99000549316406,505592
2023-08-03 14:30:00,227.8699951171875,228.52999877929688,227.24000549316406,228.30999755859375,195581
2023-08-03 15:30:00,228.27499389648438,228.5,227.52999877929688,227.81500244140625,223261
2023-08-03 16:30:00,227.85000610351562,229.1699981689453,227.72000122070312,228.9600067138672,193792
2023-08-03 17:30:00,228.97000122070312,229.05999755859375,228.05999755859375,228.47999572753906,166059
2023-08-03 18:30:00,228.4600067138672,228.5500030517578,226.5500030517578,226.9149932861328,349523
2023-08-03 19:30:00,226.83999633789062,227.41000366210938,226.60000610351562,226.6199951171875,480618
2023-08-04 13:30:00,224.0500030517578,225.75999450683594,222.4199981689453,225.28500366210938,456519
2023-08-04 14:30:00,225.32000732421875,225.55999755859375,224.35000610351562,224.625,271917
2023-08-04 15:30:00,224.60000610351562,225.91000366210938,224.3699951171875,225.8800048828125,205527
2023-08-04 16:30:00,225.91000366210938,226.2100067138672,225.61500549316406,225.7949981689453,176265
2023-08-04 17:30:00,225.75999450683594,225.7949981689453,223.42999267578125,223.5800018310547,207920
2023-08-04 18:30:00,223.55999755859375,223.6699981689453,222.9600067138672,223.4600067138672,314767
2023-08-04 19:30:00,223.47999572753906,223.64999389648438,222.8300018310547,223.22999572753906,466473
2023-08-07 13:30:00,224.1999969482422,225.0399932861328,223.67999267578125,224.5500030517578,250908
2023-08-07 14:30:00,224.60000610351562,224.72999572753906,222.89010620117188,222.9600067138672,213542
2023-08-07 15:30:00,222.97500610351562,223.33380126953125,222.72000122070312,223.1199951171875,129391
2023-08-07 16:30:00,223.13999938964844,223.41000366210938,222.61000061035156,222.61000061035156,149239
2023-08-07 17:30:00,222.61000061035156,223.33999633789062,222.61000061035156,223.0399932861328,116191
2023-08-07 18:30:00,223.0800018310547,223.49000549316406,222.97000122070312,222.97000122070312,168112
2023-08-07 19:30:00,222.97000122070312,223.3800048828125,222.69000244140625,223.33999633789062,393974
2023-08-08 13:30:00,220.0,221.14999389648438,217.61000061035156,217.9199981689453,358710
2023-08-08 14:30:00,217.8699951171875,218.29989624023438,217.4199981689453,217.6999969482422,250614
2023-08-08 15:30:00,217.64999389648438,219.55999755859375,217.61000061035156,219.46499633789062,203397
2023-08-08 16:30:00,219.49000549316406,220.94000244140625,219.22999572753906,220.82000732421875,287705
2023-08-08 17:30:00,220.75999450683594,220.8699951171875,220.24000549316406,220.74000549316406,142516
2023-08-08 18:30:00,220.72999572753906,221.38999938964844,220.66000366210938,221.14999389648438,183297
2023-08-08 19:30:00,221.11000061035156,221.22999572753906,220.60000610351562,220.89999389648438,360068
2023-08-09 13:30:00,220.5800018310547,221.16000366210938,219.7449951171875,220.35499572753906,232575
2023-08-09 14:30:00,220.35000610351562,220.81500244140625,219.6699981689453,220.1999969482422,266878
2023-08-09 15:30:00,220.1999969482422,220.1999969482422,218.5,218.8800048828125,206156
2023-08-09 16:30:00,218.8800048828125,219.97999572753906,218.8800048828125,219.82000732421875,103318
2023-08-09 17:30:00,219.86000061035156,220.25,219.36000061035156,220.16000366210938,145914
2023-08-09 18:30:00,220.16000366210938,220.47999572753906,219.89999389648438,220.02999877929688,167672
2023-08-09 19:30:00,220.02999877929688,220.30999755859375,219.3699951171875,219.7100067138672,497911
2023-08-10 13:30:00,221.47000122070312,223.25,220.8000030517578,222.63999938964844,270124
2023-08-10 14:30:00,222.59500122070312,222.8800048828125,221.39999389648438,221.75,178795
2023-08-10 15:30:00,221.72000122070312,221.89999389648438,219.6699981689453,219.9600067138672,184081
2023-08-10 16:30:00,219.97000122070312,220.3699951171875,219.6300048828125,219.66000366210938,96426
2023-08-10 17:30:00,219.63999938964844,220.80499267578125,219.2100067138672,220.6199951171875,258391
2023-08-10 18:30:00,220.60000610351562,221.17999267578125,220.27000427246094,220.57000732421875,191097
2023-08-10 19:30:00,220.5800018310547,221.02000427246094,220.32000732421875,220.8699951171875,366839
2023-08-11 13:30:00,221.02000427246094,223.97999572753906,220.5800018310547,223.89999389648438,357806
2023-08-11 14:30:00,223.9499969482422,225.10000610351562,223.2100067138672,223.71499633789062,348697
2023-08-11 15:30:00,223.71499633789062,224.63999938964844,223.5836944580078,224.58250427246094,197014
2023-08-11 16:30:00,224.58250427246094,225.1999969482422,224.35000610351562,224.35000610351562,307523
2023-08-11 17:30:00,224.39999389648438,224.47000122070312,223.67999267578125,224.38499450683594,189494
2023-08-11 18:30:00,224.4199981689453,224.86000061035156,224.10000610351562,224.16000366210938,211085
2023-08-11 19:30:00,224.1300048828125,224.27999877929688,223.5500030517578,223.7899932861328,411877
2023-08-14 13:30:00,225.0,226.47000122070312,224.08999633789062,224.41000366210938,546123
2023-08-14 14:30:00,224.36000061035156,225.0749969482422,223.64999389648438,224.9600067138672,400934
2023-08-14 15:30:00,224.99000549316406,225.9550018310547,224.86500549316406,225.28500366210938,310610
2023-08-14 16:30:00,225.31500244140625,225.84500122070312,225.14999389648438,225.36000061035156,149188
2023-08-14 17:30:00,225.3800048828125,225.9499969482422,225.14999389648438,225.36000061035156,202386
2023-08-14 18:30:00,225.38499450683594,225.77999877929688,225.11500549316406,225.46499633789062,276666
2023-08-14 19:30:00,225.4600067138672,226.1699981689453,225.3699951171875,225.94000244140625,473007
2023-08-15 13:30:00,223.52999877929688,226.75999450683594,223.47999572753906,225.00999450683594,513979
2023-08-15 14:30:00,225.0,225.59500122070312,223.3000030517578,224.1699981689453,203873
2023-08-15 15:30:00,224.08999633789062,224.1999969482422,223.25999450683594,223.94000244140625,166993
2023-08-15 16:30:00,223.9250030517578,224.86000061035156,223.7187042236328,224.86000061035156,125349
2023-08-15 17:30:00,224.84500122070312,224.84500122070312,224.24000549316406,224.6199951171875,100261
2023-08-15 18:30:00,224.64999389648438,224.77999877929688,223.72000122070312,223.8249969482422,195368
2023-08-15 19:30:00,223.7899932861328,224.32000732421875,223.4600067138672,223.83999633789062,424635
2023-08-16 13:30:00,224.7899932861328,226.86000061035156,224.21409606933594,224.33999633789062,188111
2023-08-16 14:30:00,224.36500549316406,224.80499267578125,223.80999755859375,224.3699951171875,134354
2023-08-16 15:30:00,224.22999572753906,224.52999877929688,223.75,223.75,175358
2023-08-16 16:30:00,223.78500366210938,224.41000366210938,223.35000610351562,223.56500244140625,112479
2023-08-16 17:30:00,223.5449981689453,224.3300018310547,223.42999267578125,224.19859313964844,120123
2023-08-16 18:30:00,224.25,224.5500030517578,222.375,222.47500610351562,173687
2023-08-16 19:30:00,222.44000244140625,222.69000244140625,222.11000061035156,222.14999389648438,247121
2023-08-17 13:30:00,223.22999572753906,223.8699951171875,222.1300048828125,222.5800018310547,159643
2023-08-17 14:30:00,222.52000427246094,222.52000427246094,220.47999572753906,221.64999389648438,294757
2023-08-17 15:30:00,221.5749969482422,222.1199951171875,221.375,221.93499755859375,138967
2023-08-17 16:30:00,221.9499969482422,222.10499572753906,220.5301055908203,220.74000549316406,99047
2023-08-17 17:30:00,220.74000549316406,220.91000366210938,219.69000244140625,220.11000061035156,134985
2023-08-17 18:30:00,220.14999389648438,220.16000366210938,218.1300048828125,218.50999450683594,176783
2023-08-17 19:30:00,218.5500030517578,218.59500122070312,217.72000122070312,218.08999633789062,462426
2023-08-18 13:30:00,217.4600067138672,219.4499969482422,216.58999633789062,217.9600067138672,398843
2023-08-18 14:30:00,217.88999938964844,219.05999755859375,217.75999450683594,218.53500366210938,186560
2023-08-18 15:30:00,218.5449981689453,219.00999450683594,218.22000122070312,218.81500244140625,197441
2023-08-18 16:30:00,218.76499938964844,219.5,218.55999755859375,218.94000244140625,225270
2023-08-18 17:30:00,218.9499969482422,219.4499969482422,218.80499267578125,219.25,192495
2023-08-18 18:30:00,219.27499389648438,219.5,218.85000610351562,219.32000732421875,270972
2023-08-18 19:30:00,219.32000732421875,219.9499969482422,219.02000427246094,219.47000122070312,359546
2023-08-21 13:30:00,218.6199951171875,220.6199951171875,217.4600067138672,217.4600067138672,499126
2023-08-21 14:30:00,217.3800048828125,217.7899932861328,216.77999877929688,216.92999267578125,239176
2023-08-21 15:30:00,216.97000122070312,217.1999969482422,216.25,216.92999267578125,204008
2023-08-21 16:30:00,216.94000244140625,217.71420288085938,216.8800048828125,217.50999450683594,185310
2023-08-21 17:30:00,217.52000427246094,217.74000549316406,217.22999572753906,217.55999755859375,274709
2023-08-21 18:30:00,217.5413055419922,218.4499969482422,217.38999938964844,218.3300018310547,329405
2023-08-21 19:30:00,218.3350067138672,218.63999938964844,217.47999572753906,217.66000366210938,630846
2023-08-22 13:30:00,222.1999969482422,227.28500366210938,221.22999572753906,224.44500732421875,1159367
2023-08-22 14:30:00,224.43499755859375,226.7299041748047,224.4149932861328,226.0500030517578,481453
2023-08-22 15:30:00,226.02999877929688,226.63999938964844,224.6699981689453,225.00999450683594,351534
2023-08-22 16:30:00,225.0500030517578,226.25,224.82000732421875,225.5399932861328,324250
2023-08-22 17:30:00,225.55999755859375,226.27999877929688,225.24009704589844,226.05499267578125,237947
2023-08-22 18:30:00,226.05499267578125,226.3300018310547,225.33999633789062,225.80499267578125,404048
2023-08-22 19:30:00,225.80999755859375,225.86000061035156,225.0500030517578,225.72999572753906,677223
2023-08-23 13:30:00,225.9600067138672,227.5,224.83999633789062,225.7100067138672,358178
2023-08-23 14:30:00,225.8300018310547,226.3699951171875,225.1300048828125,225.6199951171875,256020
2023-08-23 15:30:00,225.60499572753906,226.02000427246094,225.4499969482422,225.625,191064
2023-08-23 16:30:00,225.69000244140625,227.32000732421875,225.52999877929688,226.77999877929688,201712
2023-08-23 17:30:00,226.80999755859375,226.99000549316406,225.89999389648438,226.25999450683594,183567
2023-08-23 18:30:00,226.27000427246094,227.14999389648438,225.8300018310547,227.02999877929688,250092
2023-08-23 19:30:00,227.0749969482422,227.24000549316406,226.5500030517578,227.22000122070312,511982
2023-08-24 13:30:00,226.7899932861328,228.94000244140625,226.5399932861328,227.55999755859375,320828
2023-08-24 14:30:00,227.52000427246094,227.52000427246094,225.55999755859375,225.9949951171875,201883
2023-08-24 15:30:00,225.9199981689453,226.2100067138672,225.27000427246094,225.4149932861328,141027
2023-08-24 16:30:00,225.36000061035156,226.2100067138672,225.36000061035156,225.6300048828125,123977
2023-08-24 17:30:00,225.66000366210938,225.75999450683594,224.72000122070312,224.8000030517578,200942
2023-08-24 18:30:00,224.82000732421875,224.9499969482422,224.19000244140625,224.30999755859375,208862
2023-08-24 19:30:00,224.3300018310547,224.47999572753906,222.9600067138672,222.9600067138672,421242
2023-08-25 13:30:00,223.80999755859375,226.16000366210938,223.61000061035156,223.97500610351562,262287
2023-08-25 14:30:00,223.83999633789062,224.08999633789062,222.1199951171875,223.02000427246094,218575
2023-08-25 15:30:00,222.9600067138672,223.6300048828125,222.1699981689453,222.77000427246094,139581
2023-08-25 16:30:00,222.75999450683594,223.10000610351562,222.0800018310547,222.2100067138672,118412
2023-08-25 17:30:00,222.2100067138672,223.181396484375,221.7449951171875,223.181396484375,148004
2023-08-25 18:30:00,223.24000549316406,223.5800018310547,223.00999450683594,223.17750549316406,149776
2023-08-25 19:30:00,223.19000244140625,223.3300018310547,222.6649932861328,223.05999755859375,341949
2023-08-28 13:30:00,223.99000549316406,225.5800018310547,223.5,225.0,248846
2023-08-28 14:30:00,225.05999755859375,225.4199981689453,224.2899932861328,224.71719360351562,210548
2023-08-28 15:30:00,224.77000427246094,224.9199981689453,224.11000061035156,224.125,85822
2023-08-28 16:30:00,224.14999389648438,224.3800048828125,223.5399932861328,223.75999450683594,131214
2023-08-28 17:30:00,223.77000427246094,224.0749969482422,221.39999389648438,222.0399932861328,197394
2023-08-28 18:30:00,222.0,222.4600067138672,221.72000122070312,222.40499877929688,165799
2023-08-28 19:30:00,222.3800048828125,223.22500610351562,222.1999969482422,222.6999969482422,285519
2023-08-29 13:30:00,222.74000549316406,225.5,222.6699981689453,225.4550018310547,292406
2023-08-29 14:30:00,225.4550018310547,225.82000732421875,225.19000244140625,225.76499938964844,235263
2023-08-29 15:30:00,225.7899932861328,226.69000244140625,225.6300048828125,226.63499450683594,129683
2023-08-29 16:30:00,226.625,226.625,225.6300048828125,226.02000427246094,99826
2023-08-29 17:30:00,226.0500030517578,226.4199981689453,225.77000427246094,226.16000366210938,169776
2023-08-29 18:30:00,226.1649932861328,226.47000122070312,225.8800048828125,226.27029418945312,183333
2023-08-29 19:30:00,226.27000427246094,226.6300048828125,226.1999969482422,226.4499969482422,369284
2023-08-30 13:30:00,227.5,228.5,227.17999267578125,227.9199981689453,350687
2023-08-30 14:30:00,227.9199981689453,228.8249969482422,227.7100067138672,228.7100067138672,236001
2023-08-30 15:30:00,228.72000122070312,229.82000732421875,228.5749969482422,229.61000061035156,271057
2023-08-30 16:30:00,229.66000366210938,230.30499267578125,229.55999755859375,230.11000061035156,242070
2023-08-30 17:30:00,230.0800018310547,230.33999633789062,229.4600067138672,230.27000427246094,255695
2023-08-30 18:30:00,230.27499389648438,230.85000610351562,230.1199951171875,230.78500366210938,290487
2023-08-30 19:30:00,230.78500366210938,230.78500366210938,230.22999572753906,230.33999633789062,488742
2023-08-31 13:30:00,230.85000610351562,231.3800048828125,230.3300018310547,231.13999938964844,315151
2023-08-31 14:30:00,231.1699981689453,231.52000427246094,230.8699951171875,231.3300018310547,256216
2023-08-31 15:30:00,231.28500366210938,231.38999938964844,230.8634033203125,231.25,227921
2023-08-31 16:30:00,231.22000122070312,231.8300018310547,230.89999389648438,231.6199951171875,167990
2023-08-31 17:30:00,231.66000366210938,231.72999572753906,230.97999572753906,231.00750732421875,219364
2023-08-31 18:30:00,231.02999877929688,231.11000061035156,230.5500030517578,230.97999572753906,336806
2023-08-31 19:30:00,230.96099853515625,231.06500244140625,230.42999267578125,230.44000244140625,629090
2023-09-01 13:30:00,232.3000030517578,233.57000732421875,232.14999389648438,233.47999572753906,323277
2023-09-01 14:30:00,233.44000244140625,233.97000122070312,233.27000427246094,233.52499389648438,294972
2023-09-01 15:30:00,233.55999755859375,233.58999633789062,232.44000244140625,232.71499633789062,265488
2023-09-01 16:30:00,232.6999969482422,232.99000549316406,232.01499938964844,232.38499450683594,190890
2023-09-01 17:30:00,232.35000610351562,232.72000122070312,232.3000030517578,232.57000732421875,219040
2023-09-01 18:30:00,232.53500366210938,232.77000427246094,231.97500610351562,232.73500061035156,281493
2023-09-01 19:30:00,232.74000549316406,232.82000732421875,232.1699981689453,232.52999877929688,499626
2023-09-05 13:30:00,233.5399932861328,233.63999938964844,230.07000732421875,230.60000610351562,618941
2023-09-05 14:30:00,230.5749969482422,231.2100067138672,229.94000244140625,231.1300048828125,307168
2023-09-05 15:30:00,231.1300048828125,231.33999633789062,230.67999267578125,230.92999267578125,174690
2023-09-05 16:30:00,230.8699951171875,231.25999450683594,230.5399932861328,230.5399932861328,139470
2023-09-05 17:30:00,230.50999450683594,231.6999969482422,230.4499969482422,231.57000732421875,223544
2023-09-05 18:30:00,231.57000732421875,231.77499389648438,231.02000427246094,231.27499389648438,258472
2023-09-05 19:30:00,231.27499389648438,231.44000244140625,230.30999755859375,230.42999267578125,402816
2023-09-06 13:30:00,230.24000549316406,231.19000244140625,229.55999755859375,229.99000549316406,262640
2023-09-06 14:30:00,229.9199981689453,230.30999755859375,228.77999877929688,229.14999389648438,238310
2023-09-06 15:30:00,229.08999633789062,229.5399932861328,228.80999755859375,229.17999267578125,168180
2023-09-06 16:30:00,229.1300048828125,229.40499877929688,228.86000061035156,229.24000549316406,123403
2023-09-06 17:30:00,229.27999877929688,229.87989807128906,229.03500366210938,229.82000732421875,135629
2023-09-06 18:30:00,229.85000610351562,229.9199981689453,229.2050018310547,229.6999969482422,232833
2023-09-06 19:30:00,229.64100646972656,229.88999938964844,229.25999450683594,229.6199951171875,380874
2023-09-07 13:30:00,230.14999389648438,232.05999755859375,230.14999389648438,231.22999572753906,473405
2023-09-07 14:30:00,231.22500610351562,232.91000366210938,230.5399932861328,232.83999633789062,315548
2023-09-07 15:30:00,232.80999755859375,233.6300048828125,232.5742950439453,233.4600067138672,228542
2023-09-07 16:30:00,233.4600067138672,233.9199981689453,233.0800018310547,233.83999633789062,178964
2023-09-07 17:30:00,233.86500549316406,234.3699951171875,233.7100067138672,233.85000610351562,181783
2023-09-07 18:30:00,233.8336944580078,233.94000244140625,233.0500030517578,233.47000122070312,262189
2023-09-07 19:30:00,233.55999755859375,234.0,233.38999938964844,233.61000061035156,392170
2023-09-08 13:30:00,232.72999572753906,233.0,230.71499633789062,232.32000732421875,280640
2023-09-08 14:30:00,232.36000061035156,233.25,232.13999938964844,232.94000244140625,182435
2023-09-08 15:30:00,232.97000122070312,233.17999267578125,232.67999267578125,232.74000549316406,119683
2023-09-08 16:30:00,232.67999267578125,232.91000366210938,232.3300018310547,232.5399932861328,185842
2023-09-08 17:30:00,232.5399932861328,232.58999633789062,231.30999755859375,231.64500427246094,176509
2023-09-08 18:30:00,231.63999938964844,231.72500610351562,230.67999267578125,231.0050048828125,310034
2023-09-08 19:30:00,230.97000122070312,231.4199981689453,230.94000244140625,231.2899932861328,442121
2023-09-11 13:30:00,232.69000244140625,233.6199951171875,231.72000122070312,233.38999938964844,277182
2023-09-11 14:30:00,233.27999877929688,233.3000030517578,232.3000030517578,232.3800048828125,163914
2023-09-11 15:30:00,232.3249969482422,232.6699981689453,231.9499969482422,232.40499877929688,149817
2023-09-11 16:30:00,232.40499877929688,232.95989990234375,232.3350067138672,232.72999572753906,117695
2023-09-11 17:30:00,232.72000122070312,232.91000366210938,232.1199951171875,232.15499877929688,143916
2023-09-11 18:30:00,232.1649932861328,232.2100067138672,231.625,231.89999389648438,192982
2023-09-11 19:30:00,231.86500549316406,232.0800018310547,231.3800048828125,231.9199981689453,270357
2023-09-12 13:30:00,231.77499389648438,233.85000610351562,230.86000061035156,233.34010314941406,334627
2023-09-12 14:30:00,233.33999633789062,233.42999267578125,232.00999450683594,232.15499877929688,283203
2023-09-12 15:30:00,232.1699981689453,232.69000244140625,232.00999450683594,232.4149932861328,192149
2023-09-12 16:30:00,232.4199981689453,232.8300018310547,232.02699279785156,232.47000122070312,109611
2023-09-12 17:30:00,232.50999450683594,232.63999938964844,231.0050048828125,231.0500030517578,124290
2023-09-12 18:30:00,231.02000427246094,231.17999267578125,230.3800048828125,230.49000549316406,155421
2023-09-12 19:30:00,230.52999877929688,231.05999755859375,230.4199981689453,230.42999267578125,321107
2023-09-13 13:30:00,229.50999450683594,230.94000244140625,229.22000122070312,229.6239013671875,234016
2023-09-13 14:30:00,229.64999389648438,230.43499755859375,228.8699951171875,228.94500732421875,269934
2023-09-13 15:30:00,228.97999572753906,229.2100067138672,228.13999938964844,228.6999969482422,397902
2023-09-13 16:30:00,228.77000427246094,229.57440185546875,228.50999450683594,229.41000366210938,162431
2023-09-13 17:30:00,229.3800048828125,229.6699981689453,228.85000610351562,229.32000732421875,203703
2023-09-13 18:30:00,229.30999755859375,229.42359924316406,228.25,228.53500366210938,203509
2023-09-13 19:30:00,228.52499389648438,229.0850067138672,228.5,228.82000732421875,424527
2023-09-14 13:30:00,230.10000610351562,230.7100067138672,228.5,228.8000030517578,261344
2023-09-14 14:30:00,228.78500366210938,230.19500732421875,228.60000610351562,229.9499969482422,329226
2023-09-14 15:30:00,229.9499969482422,230.59500122070312,229.52000427246094,230.5399932861328,235590
2023-09-14 16:30:00,230.5800018310547,230.78500366210938,230.39999389648438,230.69000244140625,175066
2023-09-14 17:30:00,230.7899932861328,230.83999633789062,230.28500366210938,230.76499938964844,148081
2023-09-14 18:30:00,230.74000549316406,231.2346954345703,230.51499938964844,230.5399932861328,197632
2023-09-14 19:30:00,230.52999877929688,231.0,230.50999450683594,230.8800048828125,352521
2023-09-15 13:30:00,228.36000061035156,228.36000061035156,222.69000244140625,224.2899932861328,1604621
2023-09-15 14:30:00,224.2899932861328,224.39999389648438,223.14500427246094,223.75,538870
2023-09-15 15:30:00,223.77000427246094,224.06500244140625,221.38999938964844,221.67999267578125,495515
2023-09-15 16:30:00,221.64999389648438,221.74000549316406,221.16079711914062,221.3000030517578,351300
2023-09-15 17:30:00,221.27000427246094,221.9199981689453,220.49000549316406,220.61000061035156,411327
2023-09-15 18:30:00,220.61000061035156,220.72000122070312,219.61000061035156,220.25,528707
2023-09-15 19:30:00,220.25,220.50999450683594,219.63999938964844,220.0399932861328,925000
2023-09-18 13:30:00,220.08999633789062,221.8000030517578,218.9600067138672,219.3000030517578,367992
2023-09-18 14:30:00,219.22999572753906,219.48500061035156,218.1699981689453,219.1300048828125,347861
2023-09-18 15:30:00,219.13999938964844,219.9199981689453,219.05499267578125,219.7949981689453,236287
2023-09-18 16:30:00,219.8000030517578,220.2550048828125,219.57000732421875,220.14999389648438,161598
2023-09-18 17:30:00,220.17999267578125,220.17999267578125,218.38499450683594,218.4375,295280
2023-09-18 18:30:00,218.39999389648438,218.4600067138672,217.25999450683594,217.4477996826172,347216
2023-09-18 19:30:00,217.44000244140625,217.8000030517578,217.2100067138672,217.72000122070312,654473
2023-09-19 13:30:00,216.42999267578125,216.88999938964844,214.21009826660156,215.69000244140625,681674
2023-09-19 14:30:00,215.69000244140625,215.9199981689453,215.00999450683594,215.60000610351562,338066
2023-09-19 15:30:00,215.61000061035156,215.91000366210938,215.4199981689453,215.76499938964844,285711
2023-09-19 16:30:00,215.6676025390625,216.15499877929688,215.56849670410156,216.1199951171875,190936
2023-09-19 17:30:00,216.1300048828125,216.8300018310547,216.1300048828125,216.7050018310547,192677
2023-09-19 18:30:00,216.67999267578125,217.6649932861328,216.67999267578125,217.1300048828125,262383
2023-09-19 19:30:00,217.13999938964844,217.9875030517578,217.0800018310547,217.6199951171875,481294
2023-09-20 13:30:00,218.3300018310547,219.24000549316406,216.61500549316406,217.8249969482422,283710
2023-09-20 14:30:00,217.82000732421875,218.07000732421875,217.47000122070312,217.89999389648438,152922
2023-09-20 15:30:00,217.86000061035156,218.85000610351562,217.82000732421875,218.02999877929688,330033
2023-09-20 16:30:00,218.0800018310547,218.11000061035156,216.9199981689453,217.19000244140625,184943
2023-09-20 17:30:00,217.1300048828125,217.1300048828125,215.69000244140625,216.35000610351562,249543
2023-09-20 18:30:00,216.33999633789062,217.19000244140625,215.17999267578125,215.75,297142
2023-09-20 19:30:00,215.80999755859375,215.8300018310547,214.3800048828125,214.89999389648438,533948
2023-09-21 13:30:00,213.00999450683594,213.67970275878906,211.1199951171875,211.83999633789062,487309
2023-09-21 14:30:00,211.75,211.87989807128906,210.8300018310547,211.40499877929688,344092
2023-09-21 15:30:00,211.4199981689453,211.8300018310547,211.27000427246094,211.5500030517578,193462
2023-09-21 16:30:00,211.58999633789062,211.96499633789062,211.1699981689453,211.92999267578125,209066
2023-09-21 17:30:00,211.97000122070312,212.0500030517578,211.47999572753906,211.5,201325
2023-09-21 18:30:00,211.49000549316406,211.60000610351562,210.41000366210938,210.47500610351562,282367
2023-09-21 19:30:00,210.44000244140625,210.67999267578125,210.17999267578125,210.5800018310547,673482
2023-09-22 13:30:00,209.5399932861328,210.97999572753906,209.22999572753906,209.61000061035156,285915
2023-09-22 14:30:00,209.6300048828125,210.8800048828125,209.6300048828125,210.875,372116
2023-09-22 15:30:00,210.86500549316406,211.00999450683594,210.32000732421875,210.94000244140625,299038
2023-09-22 16:30:00,210.94000244140625,211.16000366210938,210.24000549316406,210.33999633789062,198624
2023-09-22 17:30:00,210.30850219726562,210.4949951171875,209.8000030517578,210.0,291953
2023-09-22 18:30:00,209.99000549316406,211.22999572753906,209.5500030517578,211.05999755859375,277426
2023-09-22 19:30:00,211.0800018310547,211.1300048828125,210.1199951171875,210.47000122070312,709212
2023-09-25 13:30:00,210.3699951171875,211.25999450683594,210.00999450683594,210.9600067138672,493079
2023-09-25 14:30:00,210.94000244140625,212.0,210.89999389648438,211.67999267578125,520396
2023-09-25 15:30:00,211.6699981689453,212.80999755859375,211.55999755859375,212.75,551541
2023-09-25 16:30:00,212.7100067138672,212.77999877929688,211.94000244140625,212.30999755859375,324371
2023-09-25 17:30:00,212.30999755859375,212.4499969482422,211.69000244140625,211.92999267578125,440067
2023-09-25 18:30:00,211.92999267578125,212.47999572753906,211.72000122070312,212.3000030517578,347136
2023-09-25 19:30:00,212.2899932861328,212.86000061035156,211.89999389648438,212.5500030517578,778022
2023-09-26 13:30:00,210.89999389648438,211.7100067138672,209.1999969482422,209.8300018310547,301392
2023-09-26 14:30:00,209.88999938964844,210.22999572753906,209.3300018310547,209.75999450683594,272030
2023-09-26 15:30:00,209.74000549316406,210.6300048828125,209.56500244140625,210.11500549316406,289799
2023-09-26 16:30:00,210.0800018310547,210.0800018310547,209.5500030517578,209.66000366210938,185852
2023-09-26 17:30:00,209.61000061035156,209.72000122070312,208.16000366210938,208.3699951171875,370752
2023-09-26 18:30:00,208.33999633789062,209.05999755859375,208.25,208.625,375122
2023-09-26 19:30:00,208.64999389648438,208.8000030517578,208.25999450683594,208.60000610351562,544785
2023-09-27 13:30:00,209.0800018310547,210.25,208.2899932861328,210.00999450683594,355876
2023-09-27 14:30:00,209.9550018310547,210.25999450683594,208.1699981689453,209.22999572753906,301073
2023-09-27 15:30:00,209.19500732421875,209.44000244140625,207.27000427246094,207.58999633789062,285984
2023-09-27 16:30:00,207.5500030517578,207.77999877929688,206.58999633789062,206.68499755859375,271931
2023-09-27 17:30:00,206.63999938964844,206.88999938964844,206.27000427246094,206.8249969482422,241610
2023-09-27 18:30:00,206.8249969482422,207.88999938964844,206.8249969482422,207.42999267578125,255556
2023-09-27 19:30:00,207.39999389648438,207.40499877929688,206.60000610351562,207.02999877929688,539811
2023-09-28 13:30:00,206.8300018310547,207.8699951171875,206.3000030517578,207.57000732421875,393565
2023-09-28 14:30:00,207.57000732421875,209.88999938964844,207.2100067138672,209.80999755859375,396610
2023-09-28 15:30:00,209.85499572753906,210.38999938964844,209.4199981689453,209.94000244140625,193055
2023-09-28 16:30:00,209.96499633789062,209.96499633789062,208.7899932861328,208.84500122070312,163668
2023-09-28 17:30:00,208.85000610351562,209.21389770507812,208.2100067138672,209.13999938964844,228964
2023-09-28 18:30:00,209.16000366210938,209.1649932861328,208.52999877929688,208.9199981689453,279343
2023-09-28 19:30:00,208.91000366210938,209.0,207.71499633789062,207.8300018310547,368863
2023-09-29 13:30:00,208.7899932861328,210.0800018310547,208.0399932861328,209.7899932861328,317278
2023-09-29 14:30:00,209.83999633789062,210.3800048828125,209.4600067138672,209.5399932861328,238443
2023-09-29 15:30:00,209.5,209.7100067138672,208.5,208.6699981689453,201976
2023-09-29 16:30:00,208.72999572753906,208.8300018310547,207.3997039794922,207.95199584960938,150651
2023-09-29 17:30:00,207.9499969482422,208.27000427246094,207.3000030517578,207.50999450683594,202171
2023-09-29 18:30:00,207.5399932861328,208.6999969482422,207.47000122070312,208.19000244140625,198066
2023-09-29 19:30:00,208.17999267578125,208.64999389648438,207.4199981689453,207.91000366210938,388489
2023-10-02 13:30:00,207.3800048828125,208.47999572753906,206.27999877929688,207.30999755859375,320061
2023-10-02 14:30:00,207.25,208.02000427246094,207.02999877929688,207.66000366210938,242978
2023-10-02 15:30:00,207.74000549316406,207.8699951171875,205.86000061035156,205.94500732421875,285186
2023-10-02 16:30:00,205.94000244140625,206.0399932861328,204.88499450683594,205.87159729003906,237645
2023-10-02 17:30:00,205.8800048828125,206.24070739746094,205.1300048828125,205.1300048828125,204761
2023-10-02 18:30:00,205.1699981689453,205.60000610351562,204.85000610351562,205.46620178222656,232317
2023-10-02 19:30:00,205.44000244140625,205.9199981689453,205.25,205.72000122070312,327744
2023-10-03 13:30:00,204.88999938964844,205.00999450683594,199.25999450683594,199.4600067138672,571385
2023-10-03 14:30:00,199.4499969482422,200.35000610351562,199.24000549316406,199.6199951171875,393439
2023-10-03 15:30:00,199.59500122070312,200.47000122070312,199.0399932861328,200.41000366210938,324990
2023-10-03 16:30:00,200.39999389648438,200.57000732421875,199.61000061035156,199.6999969482422,208980
2023-10-03 17:30:00,199.6840057373047,199.9499969482422,198.72999572753906,198.85000610351562,365959
2023-10-03 18:30:00,198.85000610351562,199.66000366210938,198.7100067138672,199.1999969482422,391536
2023-10-03 19:30:00,199.22999572753906,200.4324951171875,199.02999877929688,200.32000732421875,630083
2023-10-04 13:30:00,200.3300018310547,201.14500427246094,198.47000122070312,198.6199951171875,403788
2023-10-04 14:30:00,198.61000061035156,199.50889587402344,198.47999572753906,199.3000030517578,304341
2023-10-04 15:30:00,199.26499938964844,200.33999633789062,198.63499450683594,200.3000030517578,300281
2023-10-04 16:30:00,200.33999633789062,200.47000122070312,199.52999877929688,199.5800018310547,212921
2023-10-04 17:30:00,199.5500030517578,199.67999267578125,199.09500122070312,199.25999450683594,177237
2023-10-04 18:30:00,199.3300018310547,200.07000732421875,199.2100067138672,199.6300048828125,263125
2023-10-04 19:30:00,199.67999267578125,199.85499572753906,199.1699981689453,199.58999633789062,454687
2023-10-05 13:30:00,198.85000610351562,199.32989501953125,198.22999572753906,198.78500366210938,252975
2023-10-05 14:30:00,198.72000122070312,198.75999450683594,197.52999877929688,197.78500366210938,208295
2023-10-05 15:30:00,197.78500366210938,199.47999572753906,197.77999877929688,199.3300018310547,222300
2023-10-05 16:30:00,199.39999389648438,199.4199981689453,198.6199951171875,199.06500244140625,167996
2023-10-05 17:30:00,199.0399932861328,199.64999389648438,198.7550048828125,199.10499572753906,241828
2023-10-05 18:30:00,199.1699981689453,199.97999572753906,199.1199951171875,199.8300018310547,337611
2023-10-05 19:30:00,199.80999755859375,200.0500030517578,199.5,199.75999450683594,431174
2023-10-06 13:30:00,198.00999450683594,199.3350067138672,197.55999755859375,198.4199981689453,435267
2023-10-06 14:30:00,198.4199981689453,200.03500366210938,198.4199981689453,200.03500366210938,206019
2023-10-06 15:30:00,200.0399932861328,202.0399932861328,200.0200958251953,201.02000427246094,170458
2023-10-06 16:30:00,201.0500030517578,201.05999755859375,200.1300048828125,200.91000366210938,144274
2023-10-06 17:30:00,200.91000366210938,201.39990234375,200.5500030517578,201.33999633789062,150677
2023-10-06 18:30:00,201.3249969482422,201.6199951171875,200.41000366210938,200.66000366210938,270534
2023-10-06 19:30:00,200.64999389648438,200.74000549316406,199.2899932861328,199.52999877929688,537032
2023-10-09 13:30:00,197.6199951171875,198.55999755859375,196.4600067138672,197.39999389648438,333677
2023-10-09 14:30:00,197.3699951171875,197.77999877929688,196.5301055908203,197.33999633789062,204900
2023-10-09 15:30:00,197.42999267578125,198.7899932861328,197.42010498046875,198.4600067138672,125975
2023-10-09 16:30:00,198.49000549316406,198.94000244140625,198.32000732421875,198.90499877929688,111988
2023-10-09 17:30:00,199.07000732421875,200.5,199.0399932861328,200.38999938964844,152220
2023-10-09 18:30:00,200.3699951171875,200.97000122070312,199.99000549316406,200.67799377441406,255742
2023-10-09 19:30:00,200.64999389648438,200.8513946533203,200.39500427246094,200.75,252727
2023-10-10 13:30:00,201.25999450683594,202.6699981689453,200.27000427246094,202.52000427246094,352958
2023-10-10 14:30:00,202.5128936767578,203.38999938964844,201.97000122070312,203.08999633789062,239957
2023-10-10 15:30:00,203.1300048828125,203.80999755859375,202.83999633789062,203.61000061035156,140867
2023-10-10 16:30:00,203.6199951171875,203.80999755859375,202.6199951171875,203.0980987548828,183727
2023-10-10 17:30:00,203.0800018310547,203.6999969482422,202.8249969482422,203.23500061035156,208429
2023-10-10 18:30:00,203.25,203.5500030517578,202.58999633789062,202.66000366210938,237996
2023-10-10 19:30:00,202.63999938964844,202.7899932861328,202.2449951171875,202.72999572753906,407136
2023-10-11 13:30:00,203.7899932861328,204.1300048828125,200.94000244140625,201.47999572753906,306112
2023-10-11 14:30:00,201.5500030517578,202.10000610351562,200.96499633789062,200.97000122070312,266890
2023-10-11 15:30:00,201.0,202.03500366210938,201.0,201.5800018310547,331573
2023-10-11 16:30:00,201.57000732421875,202.5800018310547,201.52999877929688,202.1737060546875,212734
2023-10-11 17:30:00,202.1300048828125,202.69000244140625,201.77000427246094,202.47000122070312,175619
2023-10-11 18:30:00,202.5399932861328,202.89999389648438,202.44000244140625,202.77999877929688,172070
2023-10-11 19:30:00,202.76499938964844,203.4600067138672,202.55499267578125,203.36000061035156,375061
2023-10-12 13:30:00,202.64999389648438,203.5,199.02000427246094,199.10000610351562,268258
2023-10-12 14:30:00,199.0500030517578,199.1199951171875,198.10000610351562,198.74000549316406,242526
2023-10-12 15:30:00,198.7100067138672,200.35000610351562,198.6699981689453,200.3350067138672,201772
2023-10-12 16:30:00,200.3249969482422,200.50999450683594,198.10000610351562,198.19000244140625,242172
2023-10-12 17:30:00,198.05999755859375,198.32400512695312,196.76559448242188,197.3350067138672,282999
2023-10-12 18:30:00,197.27999877929688,197.5500030517578,196.82000732421875,196.875,324747
2023-10-12 19:30:00,196.875,197.52000427246094,196.84500122070312,196.9199981689453,513139
2023-10-13 13:30:00,197.02000427246094,197.9499969482422,196.5,197.0800018310547,278945
2023-10-13 14:30:00,197.00999450683594,197.47000122070312,195.6300048828125,196.10980224609375,230348
2023-10-13 15:30:00,196.0850067138672,196.41000366210938,195.27000427246094,196.40499877929688,175167
2023-10-13 16:30:00,196.39999389648438,196.6199951171875,195.14500427246094,195.32000732421875,203967
2023-10-13 17:30:00,195.32000732421875,196.32000732421875,195.14999389648438,196.0,219987
2023-10-13 18:30:00,196.02000427246094,196.25999450683594,195.07000732421875,195.16000366210938,224054
2023-10-13 19:30:00,195.16000366210938,195.8000030517578,194.77000427246094,195.75,433209
2023-10-16 13:30:00,197.39999389648438,198.3000030517578,196.22999572753906,198.3000030517578,353376
2023-10-16 14:30:00,198.25999450683594,198.91000366210938,197.8699951171875,197.88999938964844,237634
2023-10-16 15:30:00,197.86000061035156,197.99000549316406,197.08999633789062,197.66000366210938,209457
2023-10-16 16:30:00,197.64999389648438,198.47000122070312,197.36000061035156,197.97500610351562,156842
2023-10-16 17:30:00,198.05999755859375,198.6199951171875,197.9199981689453,197.9550018310547,137764
2023-10-16 18:30:00,197.9199981689453,198.60000610351562,197.58999633789062,198.58999633789062,212125
2023-10-16 19:30:00,198.61000061035156,198.66000366210938,197.99000549316406,198.19000244140625,444818
2023-10-17 13:30:00,197.47999572753906,198.4199981689453,196.97000122070312,198.00999450683594,271728
2023-10-17 14:30:00,198.01499938964844,198.01499938964844,197.13499450683594,197.67999267578125,177397
2023-10-17 15:30:00,197.6999969482422,198.78500366210938,197.63499450683594,198.78500366210938,149539
2023-10-17 16:30:00,198.82000732421875,198.8699951171875,197.61000061035156,198.19000244140625,107132
2023-10-17 17:30:00,198.0399932861328,198.07000732421875,197.06500244140625,197.1300048828125,114225
2023-10-17 18:30:00,197.14500427246094,197.9600067138672,197.00999450683594,197.9600067138672,220469
2023-10-17 19:30:00,197.92999267578125,198.14999389648438,197.6199951171875,198.13999938964844,307857
2023-10-18 13:30:00,196.3699951171875,196.3699951171875,193.83999633789062,194.72000122070312,412312
2023-10-18 14:30:00,194.7100067138672,195.18499755859375,193.89500427246094,194.85000610351562,464058
2023-10-18 15:30:00,194.83999633789062,195.02999877929688,194.0800018310547,194.33999633789062,222603
2023-10-18 16:30:00,194.30999755859375,195.52000427246094,194.10000610351562,194.9600067138672,171014
2023-10-18 17:30:00,194.97250366210938,195.0500030517578,194.22000122070312,194.7050018310547,195511
2023-10-18 18:30:00,194.67999267578125,194.7899932861328,193.9199981689453,194.1699981689453,271067
2023-10-18 19:30:00,194.17999267578125,194.22999572753906,193.38999938964844,193.50999450683594,552019
2023-10-19 13:30:00,193.5500030517578,193.58999633789062,191.0,191.0,363538
2023-10-19 14:30:00,191.0625,192.3699951171875,190.5500030517578,192.16000366210938,356207
2023-10-19 15:30:00,192.15499877929688,193.64999389648438,191.63999938964844,191.94000244140625,345703
2023-10-19 16:30:00,192.01499938964844,193.39500427246094,190.82000732421875,192.63499450683594,216266
2023-10-19 17:30:00,192.73500061035156,192.73500061035156,190.88999938964844,191.03500366210938,381547
2023-10-19 18:30:00,190.97999572753906,190.97999572753906,190.0500030517578,190.3000030517578,353079
2023-10-19 19:30:00,190.3000030517578,190.77000427246094,189.82000732421875,190.3800048828125,576936
2023-10-20 13:30:00,190.19000244140625,190.70460510253906,188.7100067138672,189.02999877929688,454854
2023-10-20 14:30:00,188.9499969482422,190.75999450683594,188.69000244140625,190.61000061035156,262107
2023-10-20 15:30:00,190.55999755859375,190.89999389648438,189.9499969482422,190.74000549316406,324541
2023-10-20 16:30:00,190.81500244140625,191.75999450683594,190.72999572753906,191.3699951171875,210475
2023-10-20 17:30:00,191.38999938964844,191.48500061035156,190.39999389648438,190.41220092773438,225971
2023-10-20 18:30:00,190.39999389648438,191.02999877929688,190.2100067138672,190.50999450683594,226806
2023-10-20 19:30:00,190.53500366210938,190.6699981689453,190.07000732421875,190.5,484443
2023-10-23 13:30:00,190.41000366210938,190.98500061035156,188.42999267578125,190.39999389648438,417284
2023-10-23 14:30:00,190.5,191.58999633789062,190.0500030517578,191.25,267447
2023-10-23 15:30:00,191.13999938964844,191.3000030517578,189.52000427246094,189.83999633789062,250196
2023-10-23 16:30:00,189.85000610351562,190.52000427246094,189.50999450683594,189.77000427246094,169118
2023-10-23 17:30:00,189.7899932861328,190.05999755859375,188.875,189.4990997314453,232835
2023-10-23 18:30:00,189.47999572753906,189.63999938964844,188.02000427246094,188.10000610351562,315548
2023-10-23 19:30:00,188.05999755859375,188.69000244140625,187.92999267578125,188.3300018310547,367828
2023-10-24 13:30:00,188.16000366210938,189.1750030517578,185.33999633789062,187.8000030517578,458254
2023-10-24 14:30:00,187.7100067138672,188.1136932373047,186.88999938964844,187.11000061035156,195094
2023-10-24 15:30:00,187.02000427246094,187.1699981689453,185.24099731445312,185.38999938964844,160122
2023-10-24 16:30:00,185.39500427246094,185.7899932861328,185.22999572753906,185.4199981689453,190641
2023-10-24 17:30:00,185.49000549316406,185.7100067138672,185.02999877929688,185.6999969482422,190268
2023-10-24 18:30:00,185.6999969482422,186.3699951171875,185.6999969482422,186.09500122070312,232179
2023-10-24 19:30:00,186.14999389648438,186.4199981689453,185.75999450683594,186.17999267578125,350475
2023-10-25 13:30:00,185.5500030517578,186.2899932861328,184.66000366210938,185.83999633789062,323586
2023-10-25 14:30:00,185.78500366210938,187.1699981689453,185.06500244140625,187.03500366210938,282318
2023-10-25 15:30:00,186.99000549316406,187.26499938964844,186.3699951171875,186.72000122070312,264824
2023-10-25 16:30:00,186.6999969482422,187.1300048828125,186.3699951171875,186.50999450683594,209658
2023-10-25 17:30:00,186.47999572753906,186.81500244140625,185.9499969482422,186.42999267578125,182190
2023-10-25 18:30:00,186.41000366210938,186.51499938964844,185.91000366210938,186.19000244140625,350766
2023-10-25 19:30:00,186.22000122070312,186.63999938964844,185.91000366210938,186.1999969482422,416905
2023-10-26 13:30:00,186.9499969482422,188.50999450683594,185.99000549316406,186.6699981689453,500399
2023-10-26 14:30:00,186.61000061035156,188.2100067138672,186.125,187.27000427246094,283538
2023-10-26 15:30:00,187.13999938964844,187.58999633789062,186.08999633789062,186.52999877929688,242316
2023-10-26 16:30:00,186.53500366210938,186.88999938964844,185.5,185.66000366210938,424661
2023-10-26 17:30:00,185.6649932861328,186.16000366210938,185.4250030517578,186.0050048828125,206922
2023-10-26 18:30:00,186.0500030517578,186.60000610351562,185.55999755859375,185.5800018310547,262772
2023-10-26 19:30:00,185.57000732421875,185.59500122070312,184.5,184.75,536753
2023-10-27 13:30:00,184.86000061035156,185.3000030517578,183.14999389648438,183.8800048828125,265546
2023-10-27 14:30:00,183.89999389648438,185.4499969482422,183.5500030517578,185.32000732421875,216698
2023-10-27 15:30:00,185.3300018310547,185.3498992919922,183.55999755859375,183.72999572753906,197212
2023-10-27 16:30:00,183.69500732421875,183.9600067138672,182.8699951171875,183.22000122070312,220031
2023-10-27 17:30:00,183.16000366210938,183.35560607910156,182.0,182.10000610351562,263095
2023-10-27 18:30:00,182.13999938964844,183.11000061035156,181.85000610351562,183.0850067138672,328895
2023-10-27 19:30:00,183.0500030517578,183.77000427246094,182.6300048828125,183.6300048828125,550913
2023-10-30 13:30:00,184.8000030517578,185.843505859375,183.7899932861328,184.64999389648438,305162
2023-10-30 14:30:00,184.61109924316406,185.86000061035156,184.39999389648438,185.57000732421875,329876
2023-10-30 15:30:00,185.6199951171875,186.10000610351562,185.50970458984375,185.9499969482422,246200
2023-10-30 16:30:00,185.97000122070312,187.19000244140625,185.39999389648438,187.07000732421875,247993
2023-10-30 17:30:00,187.10000610351562,187.69000244140625,186.8249969482422,187.52000427246094,322784
2023-10-30 18:30:00,187.5500030517578,188.22999572753906,187.52000427246094,188.076904296875,310320
2023-10-30 19:30:00,188.10000610351562,188.3800048828125,187.67999267578125,187.72000122070312,511429
2023-10-31 13:30:00,188.47000122070312,189.07000732421875,187.77000427246094,188.58999633789062,326573
2023-10-31 14:30:00,188.58999633789062,189.52000427246094,188.5399932861328,189.33999633789062,280011
2023-10-31 15:30:00,189.38999938964844,189.61500549316406,188.6999969482422,189.14999389648438,174666
2023-10-31 16:30:00,189.22000122070312,189.8699951171875,188.86000061035156,189.82000732421875,177938
2023-10-31 17:30:00,189.82000732421875,190.32000732421875,189.7100067138672,190.06500244140625,247902
2023-10-31 18:30:00,190.0518035888672,191.0749969482422,189.99000549316406,191.02000427246094,334514
2023-10-31 19:30:00,191.01499938964844,191.01499938964844,190.4499969482422,190.5,601676
2023-11-01 13:30:00,191.17999267578125,191.38999938964844,188.77999877929688,190.91000366210938,348512
2023-11-01 14:30:00,191.0,192.1699981689453,190.89999389648438,191.99000549316406,420276
2023-11-01 15:30:00,191.97000122070312,192.1999969482422,190.69000244140625,190.77000427246094,228438
2023-11-01 16:30:00,190.7707977294922,190.85000610351562,189.17999267578125,189.42999267578125,181606
2023-11-01 17:30:00,189.38999938964844,190.05999755859375,188.83999633789062,189.44000244140625,197660
2023-11-01 18:30:00,189.39999389648438,191.1699981689453,188.6999969482422,191.13999938964844,386205
2023-11-01 19:30:00,191.16000366210938,191.55999755859375,190.92999267578125,191.27999877929688,694702
2023-11-02 13:30:00,193.72999572753906,196.65499877929688,193.41000366210938,195.38999938964844,491199
2023-11-02 14:30:00,195.42999267578125,195.64999389648438,194.47500610351562,194.5749969482422,195237
2023-11-02 15:30:00,194.5800018310547,194.63999938964844,193.60000610351562,193.75999450683594,200770
2023-11-02 16:30:00,193.82000732421875,194.3800048828125,193.8000030517578,194.0,155787
2023-11-02 17:30:00,194.05999755859375,194.30999755859375,193.83999633789062,193.9499969482422,124465
2023-11-02 18:30:00,193.91000366210938,194.57000732421875,193.75,194.27000427246094,242097
2023-11-02 19:30:00,194.2899932861328,194.41000366210938,193.9199981689453,194.3300018310547,413899
2023-11-03 13:30:00,194.88999938964844,197.22000122070312,194.66000366210938,195.7100067138672,442564
2023-11-03 14:30:00,195.58999633789062,195.7100067138672,193.8800048828125,193.9199981689453,345125
2023-11-03 15:30:00,193.94000244140625,195.42999267578125,193.93699645996094,194.9199981689453,237214
2023-11-03 16:30:00,194.97000122070312,195.4250030517578,194.49000549316406,194.69000244140625,245393
2023-11-03 17:30:00,194.7100067138672,195.86000061035156,194.6699981689453,195.7899932861328,256724
2023-11-03 18:30:00,195.80999755859375,195.94500732421875,195.1699981689453,195.19000244140625,346329
2023-11-03 19:30:00,195.17999267578125,195.27000427246094,194.77999877929688,194.85000610351562,452216
2023-11-06 14:30:00,194.5500030517578,195.79600524902344,194.3105010986328,194.625,430646
2023-11-06 15:30:00,194.63499450683594,195.02000427246094,193.55499267578125,193.9600067138672,206606
2023-11-06 16:30:00,193.90499877929688,194.44000244140625,193.6999969482422,193.97999572753906,149320
2023-11-06 17:30:00,194.0,194.05499267578125,193.27999877929688,193.67999267578125,130176
2023-11-06 18:30:00,193.64999389648438,193.9600067138672,193.35499572753906,193.43499755859375,117151
2023-11-06 19:30:00,193.4600067138672,194.08999633789062,193.40499877929688,193.75999450683594,182808
2023-11-06 20:30:00,193.72000122070312,194.32000732421875,193.5749969482422,194.32000732421875,341636
2023-11-07 14:30:00,194.25999450683594,194.7100067138672,193.51499938964844,194.58999633789062,232391
2023-11-07 15:30:00,194.58999633789062,195.05499267578125,194.42999267578125,194.69000244140625,239957
2023-11-07 16:30:00,194.68499755859375,195.1999969482422,193.90499877929688,194.09500122070312,227148
2023-11-07 17:30:00,194.0800018310547,194.65499877929688,193.85000610351562,194.0800018310547,165075
2023-11-07 18:30:00,194.0749969482422,194.27999877929688,193.6999969482422,193.8000030517578,201384
2023-11-07 19:30:00,193.8300018310547,194.02999877929688,193.4199981689453,194.02999877929688,216195
2023-11-07 20:30:00,194.05999755859375,194.6999969482422,194.02999877929688,194.60000610351562,459308
2023-11-08 14:30:00,194.83999633789062,196.8699951171875,194.14999389648438,196.60499572753906,554743
2023-11-08 15:30:00,196.6199951171875,196.7550048828125,194.57000732421875,194.9600067138672,298286
2023-11-08 16:30:00,194.97000122070312,194.99000549316406,193.42999267578125,193.46090698242188,375976
2023-11-08 17:30:00,193.39999389648438,194.03500366210938,192.8800048828125,193.75,332695
2023-11-08 18:30:00,193.7550048828125,194.47999572753906,193.7550048828125,194.1300048828125,269615
2023-11-08 19:30:00,194.16000366210938,194.88999938964844,193.8300018310547,194.66000366210938,363628
2023-11-08 20:30:00,194.64999389648438,195.23500061035156,194.44000244140625,194.88999938964844,489932
2023-11-09 14:30:00,192.3000030517578,193.8800048828125,191.6999969482422,193.5,644934
2023-11-09 15:30:00,193.6199951171875,194.35000610351562,193.3800048828125,193.99000549316406,272579
2023-11-09 16:30:00,193.9949951171875,194.88499450683594,193.97000122070312,194.0800018310547,266912
2023-11-09 17:30:00,194.07000732421875,194.1750030517578,192.91000366210938,193.17999267578125,249616
2023-11-09 18:30:00,193.1199951171875,193.16000366210938,191.35000610351562,191.6699981689453,352106
2023-11-09 19:30:00,191.6300048828125,191.77999877929688,190.69000244140625,190.72999572753906,361966
2023-11-09 20:30:00,190.77999877929688,191.14999389648438,190.38999938964844,190.58999633789062,692180
2023-11-10 14:30:00,190.92999267578125,190.99000549316406,189.05999755859375,189.11000061035156,411251
2023-11-10 15:30:00,189.1750030517578,191.2550048828125,189.0500030517578,191.22999572753906,273269
2023-11-10 16:30:00,191.27000427246094,191.4499969482422,190.74000549316406,191.3000030517578,153190
2023-11-10 17:30:00,191.32000732421875,193.1699981689453,191.32000732421875,193.00999450683594,269731
2023-11-10 18:30:00,193.0399932861328,193.86000061035156,192.90829467773438,193.6199951171875,219210
2023-11-10 19:30:00,193.6199951171875,194.1750030517578,193.44000244140625,194.16000366210938,238660
2023-11-10 20:30:00,194.17999267578125,194.83999633789062,194.17999267578125,194.7100067138672,406997
2023-11-13 14:30:00,193.0,194.42999267578125,192.09500122070312,193.1199951171875,913774
2023-11-13 15:30:00,193.09500122070312,193.6199951171875,192.62249755859375,193.5800018310547,394580
2023-11-13 16:30:00,193.5850067138672,194.00999450683594,192.97000122070312,193.5850067138672,258370
2023-11-13 17:30:00,193.57000732421875,193.60000610351562,193.05999755859375,193.22999572753906,133641
2023-11-13 18:30:00,193.1999969482422,193.7899932861328,193.05999755859375,193.41000366210938,179522
2023-11-13 19:30:00,193.49000549316406,193.77499389648438,193.07000732421875,193.64999389648438,227611
2023-11-13 20:30:00,193.6999969482422,193.97999572753906,193.4600067138672,193.83999633789062,493393
2023-11-14 14:30:00,203.44500732421875,204.47999572753906,199.22000122070312,203.25999450683594,1062832
2023-11-14 15:30:00,203.19500732421875,204.7928924560547,203.19500732421875,203.81500244140625,515992
2023-11-14 16:30:00,203.80490112304688,204.4499969482422,202.83999633789062,202.91000366210938,372112
2023-11-14 17:30:00,202.9600067138672,203.82000732421875,202.48500061035156,202.91000366210938,357082
2023-11-14 18:30:00,202.88999938964844,203.39999389648438,202.33999633789062,202.88999938964844,295951
2023-11-14 19:30:00,202.83999633789062,203.36000061035156,202.67999267578125,203.19000244140625,317581
2023-11-14 20:30:00,203.1649932861328,203.1699981689453,201.89999389648438,202.22999572753906,584299
2023-11-15 14:30:00,202.44000244140625,205.0399932861328,202.42999267578125,204.9149932861328,422450
2023-11-15 15:30:00,204.85000610351562,206.25999450683594,204.85000610351562,205.80999755859375,367308
2023-11-15 16:30:00,205.85000610351562,205.89999389648438,204.99000549316406,205.8350067138672,227739
2023-11-15 17:30:00,205.83999633789062,206.14500427246094,204.8300018310547,205.40499877929688,196843
2023-11-15 18:30:00,205.4149932861328,205.85499572753906,204.9600067138672,205.27000427246094,247641
2023-11-15 19:30:00,205.27000427246094,205.83999633789062,205.22000122070312,205.63999938964844,223714
2023-11-15 20:30:00,205.67999267578125,205.9149932861328,204.82000732421875,204.86000061035156,499758
2023-11-16 14:30:00,203.92999267578125,205.69000244140625,203.53500366210938,204.11000061035156,306848
2023-11-16 15:30:00,204.11000061035156,204.3300018310547,201.8800048828125,201.99270629882812,494530
2023-11-16 16:30:00,201.94500732421875,202.1999969482422,200.85000610351562,201.77999877929688,467907
2023-11-16 17:30:00,201.7449951171875,202.58999633789062,201.5399932861328,202.49000549316406,182634
2023-11-16 18:30:00,202.41000366210938,202.47000122070312,201.25999450683594,201.47999572753906,152140
2023-11-16 19:30:00,201.4499969482422,202.25,201.44000244140625,201.83999633789062,263856
2023-11-16 20:30:00,201.8852996826172,202.47000122070312,201.77000427246094,202.30999755859375,460309
2023-11-17 14:30:00,203.2899932861328,204.1649932861328,202.25,203.41000366210938,455497
2023-11-17 15:30:00,203.39500427246094,203.49000549316406,202.66009521484375,202.73379516601562,191788
2023-11-17 16:30:00,202.6300048828125,203.30999755859375,202.6300048828125,203.16000366210938,169467
2023-11-17 17:30:00,203.15499877929688,203.5800018310547,203.10000610351562,203.52499389648438,164997
2023-11-17 18:30:00,203.52999877929688,203.9499969482422,203.4199981689453,203.6699981689453,143116
2023-11-17 19:30:00,203.6750030517578,204.0800018310547,203.60000610351562,204.0500030517578,259076
2023-11-17 20:30:00,204.0399932861328,204.0500030517578,203.4499969482422,203.7100067138672,407231
2023-11-20 14:30:00,203.5,204.9499969482422,203.08999633789062,203.6374969482422,568102
2023-11-20 15:30:00,203.6300048828125,204.63499450683594,203.4600067138672,203.90040588378906,307746
2023-11-20 16:30:00,203.94500732421875,204.14500427246094,203.3699951171875,203.6750030517578,199675
2023-11-20 17:30:00,203.6750030517578,204.94500732421875,203.5399932861328,204.83999633789062,272713
2023-11-20 18:30:00,204.83999633789062,205.0,204.53500366210938,204.58999633789062,263772
2023-11-20 19:30:00,204.5850067138672,204.9499969482422,204.38499450683594,204.94500732421875,328913
2023-11-20 20:30:00,204.92999267578125,204.92999267578125,204.25999450683594,204.36000061035156,529608
2023-11-21 14:30:00,197.52000427246094,201.74000549316406,196.6199951171875,200.05999755859375,2250955
2023-11-21 15:30:00,200.1300048828125,200.7899932861328,198.16000366210938,198.6699981689453,527992
2023-11-21 16:30:00,198.7100067138672,199.22999572753906,198.17999267578125,198.75,422183
2023-11-21 17:30:00,198.72999572753906,199.22999572753906,198.34010314941406,198.82000732421875,276556
2023-11-21 18:30:00,198.83999633789062,199.06959533691406,197.5800018310547,197.93499755859375,387603
2023-11-21 19:30:00,197.93499755859375,198.47999572753906,197.52999877929688,197.9600067138672,605535
2023-11-21 20:30:00,197.9550018310547,198.35000610351562,197.6750030517578,198.0500030517578,964439
2023-11-22 14:30:00,198.49000549316406,199.6999969482422,196.7050018310547,197.77000427246094,626472
2023-11-22 15:30:00,197.75390625,198.52000427246094,197.25,197.7100067138672,398441
2023-11-22 16:30:00,197.75,198.75999450683594,197.75,198.1699981689453,332528
2023-11-22 17:30:00,198.1381072998047,198.52999877929688,197.98500061035156,198.24000549316406,219990
2023-11-22 18:30:00,198.25,198.30999755859375,197.6999969482422,198.02999877929688,313067
2023-11-22 19:30:00,198.05999755859375,198.27999877929688,197.52999877929688,198.27000427246094,329183
2023-11-22 20:30:00,198.25,198.72999572753906,197.97999572753906,198.47999572753906,596765
2023-11-24 14:30:00,198.0,198.10000610351562,196.2301025390625,197.625,390389
2023-11-24 15:30:00,197.60000610351562,198.8000030517578,197.50999450683594,198.63999938964844,300039
2023-11-24 16:30:00,198.6300048828125,199.32000732421875,198.52999877929688,198.9199981689453,247290
2023-11-27 14:30:00,198.3800048828125,198.97000122070312,197.85000610351562,198.7100067138672,335241
2023-11-27 15:30:00,198.75,199.85000610351562,198.66000366210938,199.8300018310547,270349
2023-11-27 16:30:00,199.77999877929688,200.13999938964844,199.5,199.60000610351562,213959
2023-11-27 17:30:00,199.6300048828125,200.67999267578125,199.61000061035156,200.5487060546875,219078
2023-11-27 18:30:00,200.5749969482422,200.94000244140625,200.1699981689453,200.25999450683594,209411
2023-11-27 19:30:00,200.22999572753906,200.28909301757812,199.56500244140625,200.0,265954
2023-11-27 20:30:00,200.02499389648438,200.3800048828125,199.74000549316406,199.74000549316406,466904
2023-11-28 14:30:00,199.5399932861328,199.69000244140625,197.97500610351562,198.6699981689453,300721
2023-11-28 15:30:00,198.61000061035156,200.6199951171875,198.52000427246094,200.25999450683594,302473
2023-11-28 16:30:00,200.33999633789062,201.00999450683594,200.24000549316406,200.52000427246094,196117
2023-11-28 17:30:00,200.5449981689453,200.5449981689453,199.47979736328125,199.77000427246094,158117
2023-11-28 18:30:00,199.75999450683594,199.9499969482422,199.3800048828125,199.72079467773438,204871
2023-11-28 19:30:00,199.72500610351562,200.61000061035156,199.69000244140625,200.02999877929688,217487
2023-11-28 20:30:00,199.99000549316406,200.61000061035156,199.91000366210938,200.0500030517578,550938
2023-11-29 14:30:00,201.07000732421875,201.6699981689453,200.19000244140625,200.9499969482422,348239
2023-11-29 15:30:00,201.02000427246094,201.47000122070312,199.89999389648438,200.0,226395
2023-11-29 16:30:00,200.0,201.35499572753906,199.89999389648438,201.27000427246094,152060
2023-11-29 17:30:00,201.24000549316406,201.4499969482422,200.7949981689453,201.25,152179
2023-11-29 18:30:00,201.22999572753906,201.28500366210938,200.8000030517578,200.8000030517578,189082
2023-11-29 19:30:00,200.77000427246094,200.77000427246094,199.6800994873047,199.8800048828125,250652
2023-11-29 20:30:00,199.8800048828125,200.1999969482422,199.66000366210938,199.9199981689453,427859
2023-11-30 14:30:00,200.17999267578125,200.22000122070312,196.32000732421875,197.77000427246094,577906
2023-11-30 15:30:00,197.7769012451172,198.67999267578125,197.64999389648438,197.91000366210938,448899
2023-11-30 16:30:00,197.9199981689453,198.0399932861328,197.1300048828125,197.27499389648438,301543
2023-11-30 17:30:00,197.3300018310547,197.74000549316406,197.125,197.39999389648438,178825
2023-11-30 18:30:00,197.4499969482422,197.72999572753906,197.17750549316406,197.39999389648438,205523
2023-11-30 19:30:00,197.4199981689453,197.94000244140625,197.16000366210938,197.3300018310547,234930
2023-11-30 20:30:00,197.30999755859375,198.9499969482422,197.27999877929688,198.77999877929688,578451
2023-12-01 14:30:00,199.1999969482422,201.32000732421875,198.52000427246094,200.7899932861328,442956
2023-12-01 15:30:00,200.8000030517578,201.9434051513672,200.52999877929688,201.92999267578125,334642
2023-12-01 16:30:00,201.94500732421875,203.25,201.67999267578125,203.19000244140625,324537
2023-12-01 17:30:00,203.14999389648438,203.97189331054688,203.00999450683594,203.8300018310547,255036
2023-12-01 18:30:00,203.8699951171875,203.9600067138672,203.2100067138672,203.94000244140625,245517
2023-12-01 19:30:00,203.9550018310547,204.0500030517578,203.19000244140625,203.9600067138672,321789
2023-12-01 20:30:00,203.9600067138672,204.36000061035156,203.77000427246094,203.92999267578125,608926
2023-12-04 14:30:00,203.75,208.67559814453125,203.7218017578125,208.0449981689453,641886
2023-12-04 15:30:00,208.0800018310547,208.33999633789062,207.17999267578125,207.7899932861328,494213
2023-12-04 16:30:00,207.78500366210938,208.77000427246094,207.63009643554688,208.52000427246094,309844
2023-12-04 17:30:00,208.57000732421875,208.69000244140625,208.05999755859375,208.14999389648438,224479
2023-12-04 18:30:00,208.1199951171875,208.50999450683594,207.32000732421875,207.38499450683594,308479
2023-12-04 19:30:00,207.38999938964844,207.55999755859375,206.69000244140625,206.8300018310547,325748
2023-12-04 20:30:00,206.8350067138672,208.0500030517578,206.74000549316406,207.5500030517578,632746
2023-12-05 14:30:00,205.7100067138672,206.86000061035156,204.5800018310547,206.07000732421875,325329
2023-12-05 15:30:00,206.0800018310547,206.2100067138672,204.52000427246094,204.97000122070312,241672
2023-12-05 16:30:00,204.97999572753906,205.60000610351562,204.22999572753906,204.36000061035156,274354
2023-12-05 17:30:00,204.35000610351562,204.85000610351562,203.85000610351562,204.60450744628906,264716
2023-12-05 18:30:00,204.61000061035156,205.2449951171875,204.39999389648438,205.22999572753906,193123
2023-12-05 19:30:00,205.2100067138672,206.00999450683594,204.99000549316406,205.77999877929688,257515
2023-12-05 20:30:00,205.77000427246094,206.02999877929688,205.49000549316406,205.97000122070312,595072
2023-12-06 14:30:00,207.0,209.75999450683594,207.0,208.88499450683594,495128
2023-12-06 15:30:00,208.89999389648438,209.3300018310547,208.80999755859375,208.98500061035156,275285
2023-12-06 16:30:00,208.97000122070312,209.08999633789062,208.58999633789062,208.94000244140625,194371
2023-12-06 17:30:00,208.97999572753906,209.28500366210938,208.52999877929688,209.0800018310547,215567
2023-12-06 18:30:00,209.0800018310547,209.1199951171875,208.77999877929688,208.77999877929688,188952
2023-12-06 19:30:00,208.80999755859375,209.05999755859375,208.5500030517578,208.8000030517578,238548
2023-12-06 20:30:00,208.8000030517578,208.94000244140625,208.52000427246094,208.6999969482422,561791
2023-12-07 14:30:00,208.97000122070312,209.1699981689453,207.61000061035156,208.55999755859375,377049
2023-12-07 15:30:00,208.63499450683594,208.72000122070312,207.57000732421875,208.08999633789062,281315
2023-12-07 16:30:00,208.0,208.25999450683594,207.39999389648438,207.8699951171875,316133
2023-12-07 17:30:00,207.8800048828125,208.27999877929688,207.60000610351562,208.1999969482422,257175
2023-12-07 18:30:00,208.19000244140625,208.5399932861328,208.08999633789062,208.52499389648438,400796
2023-12-07 19:30:00,208.5399932861328,208.5500030517578,207.9499969482422,208.05999755859375,205013
2023-12-07 20:30:00,208.07000732421875,208.39999389648438,207.7899932861328,208.24000549316406,514890
2023-12-08 14:30:00,208.05999755859375,208.08999633789062,206.2550048828125,207.56500244140625,288715
2023-12-08 15:30:00,207.61000061035156,207.61000061035156,206.17999267578125,206.6199951171875,235295
2023-12-08 16:30:00,206.67999267578125,207.44000244140625,206.6199951171875,207.05499267578125,201903
2023-12-08 17:30:00,207.06500244140625,207.38999938964844,206.50999450683594,207.24009704589844,137371
2023-12-08 18:30:00,207.33999633789062,207.9600067138672,207.13999938964844,207.89999389648438,153046
2023-12-08 19:30:00,207.94000244140625,208.4600067138672,207.8800048828125,208.11000061035156,214699
2023-12-08 20:30:00,208.0800018310547,208.19000244140625,207.66000366210938,207.66000366210938,486761
2023-12-11 14:30:00,208.22000122070312,209.1699981689453,207.22000122070312,208.95899963378906,722798
2023-12-11 15:30:00,208.98500061035156,209.05999755859375,207.32000732421875,208.06500244140625,384380
2023-12-11 16:30:00,208.0800018310547,208.19000244140625,207.44000244140625,207.46499633789062,353245
2023-12-11 17:30:00,207.44000244140625,208.16000366210938,207.14999389648438,208.0800018310547,269706
2023-12-11 18:30:00,208.13900756835938,208.27000427246094,207.39999389648438,207.4600067138672,284839
2023-12-11 19:30:00,207.47000122070312,207.59500122070312,206.52499389648438,206.53160095214844,299867
2023-12-11 20:30:00,206.52000427246094,206.7449951171875,206.30999755859375,206.3300018310547,506098
2023-12-12 14:30:00,206.80499267578125,206.80499267578125,205.83999633789062,206.4600067138672,462383
2023-12-12 15:30:00,206.47999572753906,207.50999450683594,206.11000061035156,207.35000610351562,263824
2023-12-12 16:30:00,207.35499572753906,207.74000549316406,207.13999938964844,207.5,243011
2023-12-12 17:30:00,207.52999877929688,207.9499969482422,207.49000549316406,207.86000061035156,339538
2023-12-12 18:30:00,207.8800048828125,208.5800018310547,207.6999969482422,208.36000061035156,326872
2023-12-12 19:30:00,208.36000061035156,208.5800018310547,208.25999450683594,208.32000732421875,441742
2023-12-12 20:30:00,208.3249969482422,208.86000061035156,208.19000244140625,208.72000122070312,736688
2023-12-13 14:30:00,208.77000427246094,209.0,206.57000732421875,206.7100067138672,597898
2023-12-13 15:30:00,206.64999389648438,207.23500061035156,206.0800018310547,206.41000366210938,366666
2023-12-13 16:30:00,206.4499969482422,206.83999633789062,206.1750030517578,206.25999450683594,250536
2023-12-13 17:30:00,206.2899932861328,207.14999389648438,206.16000366210938,206.4199981689453,195955
2023-12-13 18:30:00,206.44500732421875,210.6199951171875,206.33999633789062,210.5,685512
2023-12-13 19:30:00,210.5,215.05999755859375,210.22999572753906,214.02000427246094,1061433
2023-12-13 20:30:00,214.05499267578125,215.55999755859375,213.77000427246094,215.42999267578125,913664
2023-12-14 14:30:00,220.0399932861328,222.7100067138672,220.0399932861328,222.16000366210938,1453442
2023-12-14 15:30:00,222.1199951171875,222.88999938964844,221.38999938964844,222.3800048828125,991107
2023-12-14 16:30:00,222.5,224.38999938964844,222.5,224.30999755859375,947022
2023-12-14 17:30:00,224.3000030517578,225.1699981689453,223.97999572753906,224.9499969482422,841951
2023-12-14 18:30:00,224.97000122070312,225.11000061035156,223.75999450683594,224.9499969482422,575485
2023-12-14 19:30:00,224.97000122070312,225.92999267578125,224.61000061035156,225.85499572753906,861242
2023-12-14 20:30:00,225.8699951171875,225.94000244140625,225.4600067138672,225.57000732421875,1181487
2023-12-15 14:30:00,225.32000732421875,226.4199981689453,223.77000427246094,225.93820190429688,1628740
2023-12-15 15:30:00,225.8300018310547,226.85000610351562,224.88999938964844,226.6300048828125,472683
2023-12-15 16:30:00,226.6699981689453,227.0,225.91000366210938,226.03500366210938,363853
2023-12-15 17:30:00,226.10000610351562,226.2899932861328,225.7949981689453,226.2899932861328,325771
2023-12-15 18:30:00,226.27499389648438,226.2899932861328,225.44000244140625,225.5500030517578,514706
2023-12-15 19:30:00,225.5500030517578,225.8000030517578,225.16000366210938,225.5800018310547,466319
2023-12-15 20:30:00,225.57000732421875,226.10000610351562,225.32000732421875,225.61000061035156,957285
2023-12-18 14:30:00,226.19000244140625,227.0,225.23500061035156,225.4550018310547,602022
2023-12-18 15:30:00,225.4600067138672,225.69000244140625,224.08740234375,224.52000427246094,429863
2023-12-18 16:30:00,224.55999755859375,224.75,224.0800018310547,224.5,249439
2023-12-18 17:30:00,224.48309326171875,224.68499755859375,224.1999969482422,224.1999969482422,204352
2023-12-18 18:30:00,224.19000244140625,224.35000610351562,223.60000610351562,223.74000549316406,228078
2023-12-18 19:30:00,223.74000549316406,224.22000122070312,223.50999450683594,224.00999450683594,256632
2023-12-18 20:30:00,224.00999450683594,224.2899932861328,223.92999267578125,224.0500030517578,577615
2023-12-19 14:30:00,224.625,226.3300018310547,224.50999450683594,225.9250030517578,441641
2023-12-19 15:30:00,225.92999267578125,225.98989868164062,225.27999877929688,225.58999633789062,224713
2023-12-19 16:30:00,225.6199951171875,225.77999877929688,225.25999450683594,225.52499389648438,204812
2023-12-19 17:30:00,225.52499389648438,225.8800048828125,225.44000244140625,225.84500122070312,193611
2023-12-19 18:30:00,225.8300018310547,226.3000030517578,225.6074981689453,225.90499877929688,258707
2023-12-19 19:30:00,225.90499877929688,225.94000244140625,225.02000427246094,225.27459716796875,215282
2023-12-19 20:30:00,225.31900024414062,225.7100067138672,225.16799926757812,225.44000244140625,540772
2023-12-20 14:30:00,222.3000030517578,223.5500030517578,221.63999938964844,223.35569763183594,613433
2023-12-20 15:30:00,223.35000610351562,223.91000366210938,222.8699951171875,222.9600067138672,326220
2023-12-20 16:30:00,222.9949951171875,223.6699981689453,222.86000061035156,223.55999755859375,350832
2023-12-20 17:30:00,223.60000610351562,224.27000427246094,223.25999450683594,223.77999877929688,393831
2023-12-20 18:30:00,223.80999755859375,224.73300170898438,223.8000030517578,224.19500732421875,414606
2023-12-20 19:30:00,224.19749450683594,224.19749450683594,221.24000549316406,221.79249572753906,270683
2023-12-20 20:30:00,221.8300018310547,223.19000244140625,221.51089477539062,222.00999450683594,567009
2023-12-21 14:30:00,223.7899932861328,224.44000244140625,223.05050659179688,223.13999938964844,377326
2023-12-21 15:30:00,223.13499450683594,223.86500549316406,222.99000549316406,223.5050048828125,242023
2023-12-21 16:30:00,223.52499389648438,223.58999633789062,222.72000122070312,222.8800048828125,185650
2023-12-21 17:30:00,222.9250030517578,223.1699981689453,222.22999572753906,222.9499969482422,183919
2023-12-21 18:30:00,223.0500030517578,223.22999572753906,222.82000732421875,223.10000610351562,223782
2023-12-21 19:30:00,223.10000610351562,223.2100067138672,222.27000427246094,223.13999938964844,262733
2023-12-21 20:30:00,223.13999938964844,223.89999389648438,222.83999633789062,223.52999877929688,628706
2023-12-22 14:30:00,224.03500366210938,225.0800018310547,223.64999389648438,223.92250061035156,476588
2023-12-22 15:30:00,223.9250030517578,224.17999267578125,223.1199951171875,223.5399932861328,217340
2023-12-22 16:30:00,223.5800018310547,223.7100067138672,223.00340270996094,223.3300018310547,206300
2023-12-22 17:30:00,223.3350067138672,223.8000030517578,223.0500030517578,223.5,370718
2023-12-22 18:30:00,223.4600067138672,223.5500030517578,222.17999267578125,222.22000122070312,191877
2023-12-22 19:30:00,222.14999389648438,223.52000427246094,221.99009704589844,223.47999572753906,247074
2023-12-22 20:30:00,223.5050048828125,223.5800018310547,222.91000366210938,223.00999450683594,409779
2023-12-26 14:30:00,222.89999389648438,223.69500732421875,222.7720947265625,222.91000366210938,233703
2023-12-26 15:30:00,222.9600067138672,223.30999755859375,222.64500427246094,223.2899932861328,106404
2023-12-26 16:30:00,223.27499389648438,223.47000122070312,222.8699951171875,223.33999633789062,208404
2023-12-26 17:30:00,223.35000610351562,223.57000732421875,222.9250030517578,223.28500366210938,149689
2023-12-26 18:30:00,223.28500366210938,223.39999389648438,222.97000122070312,223.25,120164
2023-12-26 19:30:00,223.24000549316406,223.41000366210938,222.6300048828125,222.92999267578125,169789
2023-12-26 20:30:00,222.92999267578125,223.1199951171875,222.64999389648438,222.86000061035156,324942
2023-12-27 14:30:00,222.52000427246094,222.9199981689453,221.72000122070312,222.42999267578125,145595
2023-12-27 15:30:00,222.4199981689453,222.9600067138672,221.8699951171875,222.73500061035156,106074
2023-12-27 16:30:00,222.6999969482422,223.1699981689453,222.6999969482422,223.1699981689453,93472
2023-12-27 17:30:00,223.16000366210938,223.36000061035156,222.82000732421875,222.89500427246094,140979
2023-12-27 18:30:00,222.8699951171875,222.99000549316406,222.0800018310547,222.6199951171875,120652
2023-12-27 19:30:00,222.55999755859375,222.67999267578125,222.17999267578125,222.33999633789062,157076
2023-12-27 20:30:00,222.35499572753906,222.92999267578125,222.22000122070312,222.91000366210938,355028
2023-12-28 14:30:00,222.9199981689453,223.4199981689453,222.14999389648438,222.38999938964844,162710
2023-12-28 15:30:00,222.39999389648438,222.7299041748047,221.97000122070312,222.2449951171875,178291
2023-12-28 16:30:00,222.3300018310547,222.9199981689453,222.24000549316406,222.74420166015625,96661
2023-12-28 17:30:00,222.83999633789062,223.16000366210938,222.61000061035156,223.07000732421875,111135
2023-12-28 18:30:00,223.11000061035156,223.25999450683594,222.9499969482422,223.07000732421875,148063
2023-12-28 19:30:00,223.0749969482422,223.14999389648438,222.67999267578125,223.0800018310547,184143
2023-12-28 20:30:00,223.07000732421875,223.24000549316406,222.7100067138672,222.9199981689453,421020
2023-12-29 14:30:00,222.94000244140625,223.97999572753906,222.27000427246094,222.36500549316406,214946
2023-12-29 15:30:00,222.3800048828125,222.4600067138672,221.42999267578125,221.69000244140625,181241
2023-12-29 16:30:00,221.69149780273438,221.80999755859375,220.93499755859375,221.02999877929688,136040
2023-12-29 17:30:00,221.0,222.1999969482422,220.97000122070312,221.72000122070312,167508
2023-12-29 18:30:00,221.72000122070312,222.1199951171875,221.72000122070312,221.81500244140625,133479
2023-12-29 19:30:00,221.86000061035156,222.3699951171875,221.82000732421875,222.24099731445312,160154
2023-12-29 20:30:00,222.2550048828125,222.85000610351562,222.1300048828125,222.47000122070312,532394
2024-01-02 14:30:00,220.25,222.60000610351562,220.02999877929688,221.9600067138672,481466
2024-01-02 15:30:00,221.97500610351562,222.0,219.82000732421875,220.2100067138672,360218
2024-01-02 16:30:00,220.1999969482422,220.8699951171875,219.86000061035156,219.9949951171875,322694
2024-01-02 17:30:00,219.97999572753906,220.5,219.67999267578125,219.69000244140625,211753
2024-01-02 18:30:00,219.67529296875,220.1199951171875,219.2899932861328,219.5500030517578,193974
2024-01-02 19:30:00,219.47000122070312,219.50999450683594,218.5850067138672,218.85000610351562,265323
2024-01-02 20:30:00,218.8300018310547,219.02999877929688,218.4600067138672,218.74000549316406,807622
2024-01-03 14:30:00,216.3699951171875,216.89999389648438,214.8800048828125,215.02000427246094,363136
2024-01-03 15:30:00,215.02999877929688,215.05999755859375,212.92999267578125,213.39500427246094,411485
2024-01-03 16:30:00,213.41000366210938,213.60000610351562,212.91000366210938,213.5399932861328,331459
2024-01-03 17:30:00,213.5749969482422,214.6699981689453,213.38999938964844,214.60000610351562,343445
2024-01-03 18:30:00,214.6300048828125,214.69000244140625,213.5500030517578,214.2449951171875,250889
2024-01-03 19:30:00,214.2899932861328,214.3699951171875,212.83999633789062,213.0800018310547,335573
2024-01-03 20:30:00,213.08999633789062,213.4250030517578,212.1300048828125,212.27999877929688,577735
2024-01-04 14:30:00,211.89999389648438,213.3300018310547,211.11000061035156,212.57260131835938,337167
2024-01-04 15:30:00,212.57000732421875,213.25,212.25999450683594,213.07000732421875,276969
2024-01-04 16:30:00,213.19000244140625,213.2100067138672,212.2700958251953,212.32000732421875,171099
2024-01-04 17:30:00,212.35000610351562,212.61000061035156,212.19000244140625,212.27999877929688,132781
2024-01-04 18:30:00,212.30999755859375,212.33999633789062,211.91000366210938,212.00999450683594,147349
2024-01-04 19:30:00,211.94000244140625,212.39999389648438,211.64999389648438,212.02999877929688,202105
2024-01-04 20:30:00,212.00999450683594,212.1999969482422,211.08999633789062,211.25999450683594,494933
2024-01-05 14:30:00,210.6199951171875,214.3249969482422,210.4149932861328,213.6199951171875,507794
2024-01-05 15:30:00,213.64999389648438,213.74000549316406,212.80499267578125,212.9499969482422,214384
2024-01-05 16:30:00,213.0,213.13720703125,212.11000061035156,212.38999938964844,176980
2024-01-05 17:30:00,212.3800048828125,212.61000061035156,212.0,212.61000061035156,160952
2024-01-05 18:30:00,212.58999633789062,213.281005859375,212.58999633789062,213.0399932861328,161233
2024-01-05 19:30:00,213.02999877929688,213.11000061035156,212.17999267578125,212.49000549316406,156600
2024-01-05 20:30:00,212.47999572753906,212.72999572753906,212.19000244140625,212.49000549316406,382554
2024-01-08 14:30:00,213.13999938964844,215.72500610351562,212.63999938964844,215.66000366210938,323725
2024-01-08 15:30:00,215.69000244140625,216.4600067138672,215.67999267578125,216.02000427246094,286781
2024-01-08 16:30:00,216.02000427246094,216.0399932861328,214.80999755859375,214.85609436035156,186516
2024-01-08 17:30:00,214.89999389648438,216.00999450683594,214.89999389648438,215.875,138808
2024-01-08 18:30:00,215.8699951171875,216.77000427246094,215.75999450683594,216.67999267578125,160195
2024-01-08 19:30:00,216.7100067138672,217.25,216.67999267578125,216.9149932861328,247262
2024-01-08 20:30:00,216.91000366210938,217.4199981689453,216.74000549316406,217.19000244140625,440209
2024-01-09 14:30:00,215.38999938964844,217.2899932861328,215.3300018310547,216.71749877929688,425979
2024-01-09 15:30:00,216.7386016845703,217.08120727539062,215.91000366210938,216.1999969482422,129270
2024-01-09 16:30:00,216.22999572753906,216.94000244140625,216.22000122070312,216.85000610351562,146344
2024-01-09 17:30:00,216.9199981689453,217.52499389648438,216.49000549316406,216.78500366210938,144479
2024-01-09 18:30:00,216.75,217.38999938964844,216.50999450683594,216.77000427246094,139025
2024-01-09 19:30:00,216.77000427246094,217.25,216.6999969482422,216.97000122070312,194626
2024-01-09 20:30:00,216.99000549316406,217.07000732421875,216.5449981689453,217.00999450683594,331867
2024-01-10 14:30:00,217.75,220.55999755859375,217.64999389648438,218.80020141601562,349885
2024-01-10 15:30:00,218.94500732421875,219.64500427246094,218.66000366210938,218.9149932861328,203823
2024-01-10 16:30:00,218.9149932861328,219.58999633789062,218.7050018310547,219.11000061035156,157919
2024-01-10 17:30:00,219.1300048828125,219.1300048828125,218.36000061035156,219.02999877929688,149927
2024-01-10 18:30:00,219.05999755859375,219.80999755859375,218.7100067138672,219.7050018310547,171326
2024-01-10 19:30:00,219.75999450683594,220.16000366210938,219.58999633789062,219.60000610351562,221609
2024-01-10 20:30:00,219.58999633789062,220.2899932861328,219.3699951171875,220.17999267578125,386782
2024-01-11 14:30:00,220.1199951171875,220.86000061035156,218.75,219.4149932861328,380416
2024-01-11 15:30:00,219.5,219.71499633789062,218.19500732421875,218.7899932861328,192762
2024-01-11 16:30:00,218.75,218.98500061035156,218.13999938964844,218.55999755859375,147730
2024-01-11 17:30:00,218.5800018310547,219.5500030517578,218.44000244140625,219.1199951171875,126890
2024-01-11 18:30:00,219.08999633789062,219.88999938964844,218.89999389648438,219.86000061035156,121238
2024-01-11 19:30:00,219.88999938964844,220.3000030517578,219.57000732421875,220.0500030517578,158542
2024-01-11 20:30:00,220.06500244140625,220.3000030517578,219.72999572753906,220.0800018310547,282353
2024-01-12 14:30:00,220.25999450683594,221.05999755859375,218.47999572753906,218.5449981689453,249519
2024-01-12 15:30:00,218.5850067138672,218.90499877929688,218.0800018310547,218.77999877929688,128687
2024-01-12 16:30:00,218.8800048828125,218.88499450683594,218.0800018310547,218.52000427246094,117502
2024-01-12 17:30:00,218.47000122070312,219.02000427246094,218.36000061035156,218.94000244140625,114525
2024-01-12 18:30:00,218.97000122070312,219.4199981689453,218.77000427246094,218.92999267578125,144990
2024-01-12 19:30:00,218.92999267578125,219.14990234375,218.55999755859375,219.11000061035156,177441
2024-01-12 20:30:00,219.05999755859375,219.30499267578125,218.80999755859375,218.86000061035156,254708
2024-01-16 14:30:00,219.05999755859375,219.47000122070312,217.6999969482422,219.06500244140625,274657
2024-01-16 15:30:00,219.16000366210938,220.33999633789062,218.91900634765625,220.02999877929688,298246
2024-01-16 16:30:00,220.08999633789062,220.30999755859375,218.81500244140625,218.92999267578125,334639
2024-01-16 17:30:00,218.843994140625,219.97000122070312,218.52999877929688,219.84500122070312,175249
2024-01-16 18:30:00,219.83999633789062,219.8699951171875,218.47000122070312,218.8249969482422,272641
2024-01-16 19:30:00,218.82000732421875,219.39999389648438,218.63999938964844,219.22999572753906,178830
2024-01-16 20:30:00,219.25999450683594,220.60000610351562,219.10000610351562,220.47999572753906,362141
2024-01-17 14:30:00,218.97999572753906,221.0,218.27000427246094,218.86000061035156,362950
2024-01-17 15:30:00,218.72999572753906,219.52000427246094,218.72999572753906,219.39999389648438,441700
2024-01-17 16:30:00,219.38499450683594,219.85000610351562,217.8000030517578,217.97799682617188,331095
2024-01-17 17:30:00,217.9499969482422,218.17999267578125,217.05999755859375,217.41000366210938,257620
2024-01-17 18:30:00,217.3800048828125,217.47999572753906,216.47999572753906,216.8000030517578,303897
2024-01-17 19:30:00,216.8300018310547,217.44000244140625,216.77000427246094,216.9499969482422,271271
2024-01-17 20:30:00,216.97000122070312,218.25999450683594,216.9499969482422,218.0399932861328,509741
2024-01-18 14:30:00,219.0,220.22000122070312,218.1699981689453,218.85000610351562,613383
2024-01-18 15:30:00,218.8699951171875,219.33999633789062,218.10000610351562,218.38999938964844,333781
2024-01-18 16:30:00,218.38999938964844,218.5399932861328,216.3800048828125,216.63499450683594,292625
2024-01-18 17:30:00,216.55999755859375,216.80499267578125,215.8300018310547,216.27000427246094,232223
2024-01-18 18:30:00,216.27000427246094,217.43499755859375,216.19000244140625,217.4250030517578,233973
2024-01-18 19:30:00,217.44000244140625,218.3300018310547,217.07000732421875,218.1699981689453,341400
2024-01-18 20:30:00,218.22999572753906,218.875,218.2050018310547,218.22000122070312,622214
2024-01-19 14:30:00,218.5800018310547,218.5800018310547,216.86000061035156,218.23500061035156,446248
2024-01-19 15:30:00,218.23500061035156,219.07000732421875,217.75,218.94000244140625,173814
2024-01-19 16:30:00,218.91000366210938,220.1199951171875,218.85499572753906,219.97999572753906,253934
2024-01-19 17:30:00,220.0084991455078,220.33999633789062,219.63999938964844,220.1699981689453,247556
2024-01-19 18:30:00,220.1999969482422,221.4550018310547,220.1300048828125,221.22999572753906,299816
2024-01-19 19:30:00,221.2100067138672,221.30999755859375,220.1300048828125,220.13999938964844,286744
2024-01-19 20:30:00,220.14500427246094,220.48500061035156,219.9199981689453,220.0,694954
2024-01-22 14:30:00,217.80999755859375,220.33999633789062,216.27000427246094,220.1300048828125,581741
2024-01-22 15:30:00,220.125,220.125,218.85000610351562,219.5,264743
2024-01-22 16:30:00,219.50999450683594,219.52499389648438,218.61000061035156,219.375,191158
2024-01-22 17:30:00,219.38999938964844,219.44500732421875,218.72000122070312,218.85000610351562,127244
2024-01-22 18:30:00,218.83999633789062,219.78750610351562,218.6999969482422,219.5850067138672,156980
2024-01-22 19:30:00,219.5800018310547,220.0399932861328,219.02000427246094,219.94500732421875,210346
2024-01-22 20:30:00,219.97000122070312,220.3699951171875,219.67999267578125,219.89999389648438,338405
2024-01-23 14:30:00,218.75999450683594,218.75999450683594,216.55999755859375,216.97999572753906,332960
2024-01-23 15:30:00,216.9600067138672,216.9600067138672,215.6699981689453,216.125,280471
2024-01-23 16:30:00,216.0850067138672,216.26499938964844,215.1300048828125,215.22999572753906,186924
2024-01-23 17:30:00,215.23500061035156,215.36000061035156,214.69000244140625,215.02000427246094,195732
2024-01-23 18:30:00,215.00999450683594,215.57000732421875,214.4600067138672,214.5399932861328,193400
2024-01-23 19:30:00,214.36000061035156,215.07000732421875,213.83999633789062,214.93499755859375,284769
2024-01-23 20:30:00,214.91000366210938,214.97000122070312,214.2449951171875,214.4600067138672,543933
2024-01-24 14:30:00,215.16000366210938,215.3000030517578,211.77000427246094,213.14500427246094,354394
2024-01-24 15:30:00,213.14500427246094,214.2899932861328,212.80999755859375,214.07000732421875,203403
2024-01-24 16:30:00,214.1300048828125,214.5,213.2899932861328,213.65499877929688,195181
2024-01-24 17:30:00,213.65499877929688,213.86000061035156,212.77999877929688,212.97999572753906,170905
2024-01-24 18:30:00,213.02000427246094,213.02000427246094,211.1999969482422,211.3699951171875,200592
2024-01-24 19:30:00,211.3800048828125,211.8350067138672,210.67999267578125,211.14999389648438,478939
2024-01-24 20:30:00,211.13999938964844,211.4199981689453,210.39999389648438,210.5500030517578,792280
2024-01-25 14:30:00,211.57000732421875,212.72000122070312,209.8699951171875,210.30999755859375,524054
2024-01-25 15:30:00,210.27000427246094,210.4600067138672,209.66000366210938,210.27000427246094,275329
2024-01-25 16:30:00,210.25,210.5050048828125,209.61000061035156,209.85000610351562,233999
2024-01-25 17:30:00,209.8800048828125,210.73500061035156,209.55479431152344,210.3699951171875,296538
2024-01-25 18:30:00,210.35000610351562,211.27000427246094,210.26499938964844,211.19810485839844,275384
2024-01-25 19:30:00,211.24000549316406,211.6300048828125,211.125,211.38999938964844,223369
2024-01-25 20:30:00,211.38499450683594,212.3699951171875,211.30059814453125,212.1199951171875,583593
2024-01-26 14:30:00,212.32000732421875,213.00999450683594,211.09500122070312,212.1699981689453,272407
2024-01-26 15:30:00,212.13499450683594,212.3000030517578,211.53500366210938,211.97000122070312,193459
2024-01-26 16:30:00,211.97000122070312,212.15499877929688,211.52000427246094,211.82000732421875,159830
2024-01-26 17:30:00,211.8350067138672,211.8350067138672,210.85000610351562,211.27499389648438,157228
2024-01-26 18:30:00,211.27499389648438,211.3300018310547,210.77999877929688,211.1300048828125,178014
2024-01-26 19:30:00,211.1649932861328,211.60000610351562,211.0800018310547,211.22999572753906,166088
2024-01-26 20:30:00,211.27999877929688,212.2899932861328,211.03500366210938,211.97000122070312,371738
2024-01-29 14:30:00,211.77999877929688,212.69580078125,211.17999267578125,211.4084014892578,238987
2024-01-29 15:30:00,211.32000732421875,211.58999633789062,210.8699951171875,210.8800048828125,182395
2024-01-29 16:30:00,210.86000061035156,210.88999938964844,209.83999633789062,210.2100067138672,168326
2024-01-29 17:30:00,210.22000122070312,210.52000427246094,209.86500549316406,210.42999267578125,150698
2024-01-29 18:30:00,210.42999267578125,210.63999938964844,209.86000061035156,210.22999572753906,147425
2024-01-29 19:30:00,210.19500732421875,211.86000061035156,209.80999755859375,211.46499633789062,240975
2024-01-29 20:30:00,211.46499633789062,212.02000427246094,210.68499755859375,211.8800048828125,463199
2024-01-30 14:30:00,210.8699951171875,212.7899932861328,210.10000610351562,212.09010314941406,315377
2024-01-30 15:30:00,212.16000366210938,214.3000030517578,212.0050048828125,214.02000427246094,362438
2024-01-30 16:30:00,213.96499633789062,215.49000549316406,213.89500427246094,215.32249450683594,400045
2024-01-30 17:30:00,215.2899932861328,215.2899932861328,214.4600067138672,215.13999938964844,219420
2024-01-30 18:30:00,215.14999389648438,215.97000122070312,215.07000732421875,215.91000366210938,290946
2024-01-30 19:30:00,215.88999938964844,216.3699951171875,215.6699981689453,216.07000732421875,324611
2024-01-30 20:30:00,216.07000732421875,216.076904296875,214.35000610351562,214.52000427246094,416666
2024-01-31 14:30:00,215.11000061035156,215.16000366210938,212.85499572753906,215.16000366210938,279326
2024-01-31 15:30:00,215.27000427246094,216.5800018310547,215.13999938964844,215.5200958251953,276977
2024-01-31 16:30:00,215.64999389648438,215.77000427246094,214.86500549316406,215.77000427246094,193989
2024-01-31 17:30:00,215.74000549316406,216.1699981689453,215.35000610351562,215.78500366210938,183114
2024-01-31 18:30:00,215.78500366210938,216.4149932861328,214.32000732421875,214.3699951171875,304150
2024-01-31 19:30:00,214.32000732421875,216.47000122070312,212.97999572753906,213.88999938964844,431696
2024-01-31 20:30:00,213.88999938964844,214.02000427246094,212.7100067138672,212.91000366210938,409060
2024-02-01 14:30:00,213.02000427246094,215.5800018310547,212.3699951171875,215.42999267578125,382279
2024-02-01 15:30:00,215.42999267578125,215.8350067138672,214.61000061035156,215.8300018310547,221371
2024-02-01 16:30:00,215.86000061035156,218.4550018310547,215.8300018310547,217.5,382414
2024-02-01 17:30:00,217.52000427246094,219.94000244140625,217.34640502929688,219.0050048828125,313090
2024-02-01 18:30:00,219.00999450683594,220.1300048828125,218.25,219.8300018310547,265228
2024-02-01 19:30:00,219.97000122070312,220.55999755859375,219.22999572753906,220.16000366210938,421542
2024-02-01 20:30:00,220.1999969482422,220.36500549316406,219.89999389648438,220.1999969482422,767907
2024-02-02 14:30:00,217.5399932861328,217.5800018310547,212.50999450683594,214.35000610351562,662317
2024-02-02 15:30:00,214.38999938964844,216.9268035888672,213.64999389648438,216.89999389648438,435260
2024-02-02 16:30:00,217.0,217.88499450683594,216.4149932861328,217.6699981689453,296170
2024-02-02 17:30:00,217.7100067138672,218.8249969482422,216.3800048828125,218.64999389648438,248578
2024-02-02 18:30:00,218.67999267578125,220.91000366210938,218.58999633789062,220.53500366210938,428755
2024-02-02 19:30:00,220.53030395507812,220.94000244140625,219.66000366210938,220.35000610351562,410995
2024-02-02 20:30:00,220.32000732421875,220.5500030517578,219.41000366210938,219.52999877929688,419732
2024-02-05 14:30:00,217.3300018310547,217.44000244140625,215.4499969482422,215.5,433331
2024-02-05 15:30:00,215.52000427246094,216.39999389648438,214.8800048828125,215.97000122070312,202865
2024-02-05 16:30:00,216.01499938964844,216.8800048828125,215.94000244140625,216.85000610351562,175338
2024-02-05 17:30:00,216.9600067138672,217.41000366210938,216.8699951171875,217.00999450683594,89225
2024-02-05 18:30:00,217.0500030517578,217.82000732421875,217.0399932861328,217.61199951171875,100407
2024-02-05 19:30:00,217.6699981689453,218.17999267578125,217.47000122070312,218.00999450683594,122489
2024-02-05 20:30:00,218.02999877929688,218.3300018310547,217.55999755859375,218.0,307081
2024-02-06 14:30:00,217.8000030517578,219.9199981689453,217.5500030517578,217.6999969482422,360905
2024-02-06 15:30:00,217.75,218.75999450683594,217.68130493164062,217.97000122070312,218499
2024-02-06 16:30:00,217.97999572753906,218.14990234375,216.7100067138672,217.5,151033
2024-02-06 17:30:00,217.50999450683594,217.5800018310547,216.3000030517578,216.80999755859375,141292
2024-02-06 18:30:00,216.8114013671875,217.0500030517578,216.22000122070312,216.6699981689453,145959
2024-02-06 19:30:00,216.6699981689453,217.94500732421875,216.47999572753906,217.67999267578125,183532
2024-02-06 20:30:00,217.6649932861328,218.14999389648438,217.25379943847656,218.1300048828125,269136
2024-02-07 14:30:00,219.32000732421875,221.8350067138672,218.8800048828125,221.75750732421875,312978
2024-02-07 15:30:00,221.7100067138672,221.77000427246094,220.3300018310547,220.8699951171875,294589
2024-02-07 16:30:00,220.92999267578125,221.4250030517578,220.87010192871094,221.1699981689453,154327
2024-02-07 17:30:00,221.14999389648438,222.25,220.22999572753906,222.05499267578125,746857
2024-02-07 18:30:00,222.0800018310547,222.3524932861328,220.99000549316406,221.2899932861328,254573
2024-02-07 19:30:00,221.3000030517578,221.91000366210938,221.27999877929688,221.8300018310547,296166
2024-02-07 20:30:00,221.7899932861328,221.9199981689453,221.04750061035156,221.72999572753906,602014
2024-02-08 14:30:00,222.0,223.58999633789062,221.8000030517578,222.6374969482422,234600
2024-02-08 15:30:00,222.58999633789062,222.70989990234375,220.6649932861328,220.77000427246094,159727
2024-02-08 16:30:00,220.69000244140625,220.75929260253906,220.19000244140625,220.28500366210938,186402
2024-02-08 17:30:00,220.2949981689453,220.3300018310547,219.25,219.78500366210938,254657
2024-02-08 18:30:00,219.78500366210938,220.00999450683594,219.4199981689453,219.7274932861328,168988
2024-02-08 19:30:00,219.72999572753906,220.03880310058594,219.41099548339844,219.5,219492
2024-02-08 20:30:00,219.52000427246094,220.5800018310547,219.4499969482422,220.25,438915
2024-02-09 14:30:00,220.80999755859375,221.0,219.17010498046875,220.38499450683594,216761
2024-02-09 15:30:00,220.38999938964844,220.8000030517578,219.4499969482422,219.6999969482422,111534
2024-02-09 16:30:00,219.69000244140625,221.77000427246094,219.6699981689453,221.5850067138672,129351
2024-02-09 17:30:00,221.60009765625,221.9499969482422,221.1300048828125,221.61000061035156,118537
2024-02-09 18:30:00,221.69000244140625,222.0,221.30999755859375,221.75,86599
2024-02-09 19:30:00,221.80999755859375,222.19000244140625,221.6300048828125,222.02999877929688,128803
2024-02-09 20:30:00,222.05499267578125,222.30999755859375,221.75999450683594,222.25,274826
2024-02-12 14:30:00,226.3699951171875,229.3350067138672,225.8800048828125,228.9600067138672,874310
2024-02-12 15:30:00,229.03810119628906,230.9199981689453,228.9499969482422,230.5749969482422,421584
2024-02-12 16:30:00,230.6300048828125,230.94000244140625,229.38999938964844,229.5850067138672,282867
2024-02-12 17:30:00,229.5850067138672,230.86000061035156,229.3800048828125,230.18499755859375,238615
2024-02-12 18:30:00,230.1199951171875,230.6699981689453,229.69000244140625,229.9949951171875,166361
2024-02-12 19:30:00,229.9600067138672,230.1855010986328,229.21499633789062,229.36000061035156,194404
2024-02-12 20:30:00,229.3300018310547,230.10000610351562,229.30999755859375,229.99000549316406,456827
2024-02-13 14:30:00,225.0,225.63999938964844,223.64999389648438,225.41000366210938,512448
2024-02-13 15:30:00,225.47999572753906,227.17999267578125,225.17999267578125,227.0625,431179
2024-02-13 16:30:00,227.0625,227.64500427246094,226.6300048828125,227.36000061035156,200316
2024-02-13 17:30:00,227.3300018310547,227.80999755859375,226.9600067138672,227.69000244140625,221751
2024-02-13 18:30:00,227.66000366210938,227.74000549316406,225.3699951171875,225.4199981689453,207345
2024-02-13 19:30:00,225.3800048828125,226.0299072265625,224.6699981689453,224.67999267578125,290222
2024-02-13 20:30:00,224.67799377441406,225.72000122070312,224.57000732421875,225.42999267578125,695364
2024-02-14 14:30:00,226.0,226.41000366210938,222.8699951171875,225.6300048828125,310266
2024-02-14 15:30:00,225.7100067138672,226.0800018310547,225.14039611816406,225.71499633789062,253431
2024-02-14 16:30:00,225.72000122070312,226.0399932861328,225.2899932861328,226.0,171611
2024-02-14 17:30:00,226.0800018310547,226.22000122070312,225.5800018310547,225.9199981689453,156427
2024-02-14 18:30:00,225.9250030517578,226.66990661621094,225.6699981689453,226.4281005859375,146952
2024-02-14 19:30:00,226.41000366210938,226.58999633789062,225.5800018310547,226.25999450683594,191833
2024-02-14 20:30:00,226.3000030517578,227.1699981689453,225.88999938964844,226.77999877929688,413990
2024-02-15 14:30:00,227.75,228.4199981689453,226.38999938964844,227.14999389648438,251343
2024-02-15 15:30:00,227.3699951171875,227.57000732421875,226.61000061035156,227.0850067138672,164926
2024-02-15 16:30:00,227.0449981689453,227.9199981689453,226.97000122070312,227.50999450683594,105317
2024-02-15 17:30:00,227.55999755859375,227.80999755859375,226.99000549316406,227.61000061035156,107871
2024-02-15 18:30:00,227.6300048828125,227.7949981689453,227.1199951171875,227.43499755859375,160861
2024-02-15 19:30:00,227.4208984375,228.30250549316406,227.34129333496094,228.02999877929688,163285
2024-02-15 20:30:00,228.0399932861328,228.61000061035156,227.68099975585938,228.3300018310547,350347
2024-02-16 14:30:00,227.27000427246094,227.61000061035156,225.37469482421875,226.75,366148
2024-02-16 15:30:00,226.75,228.3300018310547,226.61000061035156,228.1199951171875,218641
2024-02-16 16:30:00,228.1750030517578,228.94000244140625,228.07000732421875,228.55999755859375,309193
2024-02-16 17:30:00,228.61000061035156,228.89999389648438,226.71499633789062,227.0399932861328,157731
2024-02-16 18:30:00,227.0399932861328,227.46910095214844,226.91000366210938,227.36000061035156,282166
2024-02-16 19:30:00,227.36000061035156,227.41000366210938,226.25999450683594,227.30999755859375,256425
2024-02-16 20:30:00,227.34500122070312,227.4600067138672,226.47999572753906,226.7899932861328,410583
2024-02-20 14:30:00,222.99000549316406,224.3699951171875,221.77000427246094,224.08999633789062,514868
2024-02-20 15:30:00,224.10000610351562,225.64500427246094,223.44000244140625,225.64500427246094,283108
2024-02-20 16:30:00,225.6300048828125,225.7100067138672,224.41119384765625,224.9250030517578,247763
2024-02-20 17:30:00,224.9199981689453,225.44000244140625,224.41000366210938,225.22000122070312,162546
2024-02-20 18:30:00,225.22000122070312,225.94500732421875,224.9600067138672,225.80999755859375,134384
2024-02-20 19:30:00,225.8000030517578,226.42999267578125,225.5800018310547,226.1750030517578,201651
2024-02-20 20:30:00,226.1999969482422,226.22000122070312,225.09500122070312,225.47999572753906,519227
2024-02-21 14:30:00,225.7100067138672,227.88999938964844,225.02999877929688,227.4600067138672,305199
2024-02-21 15:30:00,227.47999572753906,227.6999969482422,226.71249389648438,227.05999755859375,152259
2024-02-21 16:30:00,227.10000610351562,227.1300048828125,226.3159942626953,227.02999877929688,145408
2024-02-21 17:30:00,227.0500030517578,227.17999267578125,226.50750732421875,226.7100067138672,113903
2024-02-21 18:30:00,226.74000549316406,227.64999389648438,226.63999938964844,226.89999389648438,125512
2024-02-21 19:30:00,226.86000061035156,226.9600067138672,226.23500061035156,226.85000610351562,198538
2024-02-21 20:30:00,226.8800048828125,228.10000610351562,226.80999755859375,227.8000030517578,298369
2024-02-22 14:30:00,228.32000732421875,230.08999633789062,227.6300048828125,229.0800018310547,345672
2024-02-22 15:30:00,229.0850067138672,229.92990112304688,228.77000427246094,229.5399932861328,207943
2024-02-22 16:30:00,229.57000732421875,230.02999877929688,229.27999877929688,230.02999877929688,186347
2024-02-22 17:30:00,230.0399932861328,230.5399932861328,229.6649932861328,230.5399932861328,160489
2024-02-22 18:30:00,230.5500030517578,231.28500366210938,230.41360473632812,231.2550048828125,187242
2024-02-22 19:30:00,231.27999877929688,231.2899932861328,230.10000610351562,230.11399841308594,204518
2024-02-22 20:30:00,230.125,230.8699951171875,229.85499572753906,230.3800048828125,406447
2024-02-23 14:30:00,231.4499969482422,232.94500732421875,231.4499969482422,232.0800018310547,310447
2024-02-23 15:30:00,232.13999938964844,232.42999267578125,231.15750122070312,231.75,222389
2024-02-23 16:30:00,231.7100067138672,232.44000244140625,231.39500427246094,232.12240600585938,156594
2024-02-23 17:30:00,232.1699981689453,232.7100067138672,232.02000427246094,232.65499877929688,125803
2024-02-23 18:30:00,232.69000244140625,232.72000122070312,231.72000122070312,231.8300018310547,120523
2024-02-23 19:30:00,231.8300018310547,232.4499969482422,231.81500244140625,232.28500366210938,192270
2024-02-23 20:30:00,232.30999755859375,233.08999633789062,232.19000244140625,232.4499969482422,468330
2024-02-26 14:30:00,232.97999572753906,234.22999572753906,232.25,233.3300018310547,305219
2024-02-26 15:30:00,233.3800048828125,233.57000732421875,232.30999755859375,232.41000366210938,321013
2024-02-26 16:30:00,232.43499755859375,232.6573944091797,232.00999450683594,232.3800048828125,256084
2024-02-26 17:30:00,232.3300018310547,232.639892578125,231.52000427246094,231.64239501953125,214099
2024-02-26 18:30:00,231.5800018310547,232.27000427246094,231.25999450683594,232.1199951171875,224911
2024-02-26 19:30:00,232.1199951171875,232.33990478515625,231.63499450683594,231.91000366210938,358456
2024-02-26 20:30:00,231.92999267578125,232.05999755859375,230.97999572753906,231.2899932861328,633860
2024-02-27 14:30:00,232.42999267578125,239.49000549316406,230.02000427246094,237.66000366210938,1694496
2024-02-27 15:30:00,237.71499633789062,238.69000244140625,236.97999572753906,238.00999450683594,681986
2024-02-27 16:30:00,237.97999572753906,238.16990661621094,236.25999450683594,236.55499267578125,310437
2024-02-27 17:30:00,236.5800018310547,237.43499755859375,235.35000610351562,235.50999450683594,325705
2024-02-27 18:30:00,235.5399932861328,235.64999389648438,233.8300018310547,234.47999572753906,341403
2024-02-27 19:30:00,234.47999572753906,235.5500030517578,233.6699981689453,235.3800048828125,456043
2024-02-27 20:30:00,235.33999633789062,235.77999877929688,234.94000244140625,235.5399932861328,816624
2024-02-28 14:30:00,238.0,239.72999572753906,237.35000610351562,239.40159606933594,588257
2024-02-28 15:30:00,239.3350067138672,240.8800048828125,239.1300048828125,240.60690307617188,559752
2024-02-28 16:30:00,240.6300048828125,241.44000244140625,239.30999755859375,239.51499938964844,361762
2024-02-28 17:30:00,239.49000549316406,239.49000549316406,238.25999450683594,238.8800048828125,257179
2024-02-28 18:30:00,238.8800048828125,239.02999877929688,237.72000122070312,237.89999389648438,226469
2024-02-28 19:30:00,237.83999633789062,238.28500366210938,237.5399932861328,238.0500030517578,277869
2024-02-28 20:30:00,238.00999450683594,238.97999572753906,237.7097930908203,238.88999938964844,545837
2024-02-29 14:30:00,238.97000122070312,241.23500061035156,238.5500030517578,241.0500030517578,315890
2024-02-29 15:30:00,240.97000122070312,240.99000549316406,240.0,240.25999450683594,213635
2024-02-29 16:30:00,240.17999267578125,240.39999389648438,239.3800048828125,239.77479553222656,188438
2024-02-29 17:30:00,239.8000030517578,240.4199981689453,239.71009826660156,240.38999938964844,128429
2024-02-29 18:30:00,240.44500732421875,241.0800018310547,240.28500366210938,240.77000427246094,182915
2024-02-29 19:30:00,240.75999450683594,240.9600067138672,240.1699981689453,240.6699981689453,293092
2024-02-29 20:30:00,240.66000366210938,241.38999938964844,240.27999877929688,240.33999633789062,582559
2024-03-01 14:30:00,240.27000427246094,242.8300018310547,239.75999450683594,242.63999938964844,363949
2024-03-01 15:30:00,242.67999267578125,243.4199981689453,242.50999450683594,242.69000244140625,293780
2024-03-01 16:30:00,242.67999267578125,243.6999969482422,242.6199951171875,243.67999267578125,241779
2024-03-01 17:30:00,243.66000366210938,243.75999450683594,242.91000366210938,242.96090698242188,218811
2024-03-01 18:30:00,243.00999450683594,243.61000061035156,242.8300018310547,243.61000061035156,247538
2024-03-01 19:30:00,243.64999389648438,244.30999755859375,243.3699951171875,244.07000732421875,348514
2024-03-01 20:30:00,244.10499572753906,245.08999633789062,244.10499572753906,244.72000122070312,530492
2024-03-04 14:30:00,244.36000061035156,245.2899932861328,242.97500610351562,243.7899932861328,367143
2024-03-04 15:30:00,243.75,243.91000366210938,242.57000732421875,242.8000030517578,275667
2024-03-04 16:30:00,242.80999755859375,243.01499938964844,242.1649932861328,242.96499633789062,221144
2024-03-04 17:30:00,243.0800018310547,243.52000427246094,242.64999389648438,243.1750030517578,149357
2024-03-04 18:30:00,243.1649932861328,243.260498046875,242.64999389648438,242.8699951171875,165253
2024-03-04 19:30:00,242.8699951171875,243.4600067138672,242.49000549316406,242.64999389648438,348768
2024-03-04 20:30:00,242.6300048828125,242.7100067138672,242.02999877929688,242.10000610351562,372505
2024-03-05 14:30:00,241.75999450683594,242.99000549316406,241.2100067138672,241.94000244140625,268272
2024-03-05 15:30:00,241.8699951171875,242.8000030517578,241.66000366210938,242.375,285010
2024-03-05 16:30:00,242.3300018310547,243.02499389648438,241.77999877929688,242.7899932861328,191631
2024-03-05 17:30:00,242.731201171875,242.77000427246094,242.11349487304688,242.1999969482422,106565
2024-03-05 18:30:00,242.1999969482422,242.49000549316406,241.7899932861328,242.11000061035156,164770
2024-03-05 19:30:00,242.1699981689453,242.1699981689453,240.11000061035156,240.58999633789062,512294
2024-03-05 20:30:00,240.6300048828125,241.13999938964844,240.47000122070312,240.8000030517578,473489
2024-03-06 14:30:00,241.3300018310547,242.47000122070312,240.57000732421875,241.4600067138672,303928
2024-03-06 15:30:00,241.30999755859375,242.0500030517578,240.9600067138672,241.3300018310547,272146
2024-03-06 16:30:00,241.3699951171875,241.6300048828125,241.00999450683594,241.32879638671875,156478
2024-03-06 17:30:00,241.30999755859375,241.5399932861328,240.75999450683594,241.03250122070312,171979
2024-03-06 18:30:00,241.0,241.0,239.86000061035156,240.49000549316406,298148
2024-03-06 19:30:00,240.5749969482422,240.94000244140625,240.16000366210938,240.7332000732422,216746
2024-03-06 20:30:00,240.77000427246094,241.7899932861328,240.48500061035156,241.14999389648438,419373
2024-03-07 14:30:00,242.1300048828125,244.0,242.1300048828125,243.72999572753906,200418
2024-03-07 15:30:00,243.77999877929688,244.14999389648438,242.47999572753906,242.64999389648438,168810
2024-03-07 16:30:00,242.57000732421875,242.81019592285156,241.85499572753906,242.5399932861328,178740
2024-03-07 17:30:00,242.5,242.80499267578125,241.86000061035156,242.64999389648438,118516
2024-03-07 18:30:00,242.72000122070312,243.27999877929688,242.6199951171875,243.03500366210938,177195
2024-03-07 19:30:00,243.00999450683594,243.2299041748047,241.5500030517578,241.56500244140625,254506
2024-03-07 20:30:00,241.57000732421875,242.02999877929688,241.4199981689453,241.72000122070312,448673
2024-03-08 14:30:00,241.61000061035156,243.99000549316406,241.61000061035156,243.11000061035156,212039
2024-03-08 15:30:00,243.0850067138672,243.86000061035156,242.63999938964844,242.7449951171875,180096
2024-03-08 16:30:00,242.75999450683594,243.4199981689453,242.49000549316406,242.88999938964844,195086
2024-03-08 17:30:00,242.9199981689453,243.3000030517578,242.0832061767578,242.47000122070312,129321
2024-03-08 18:30:00,242.3699951171875,242.88499450683594,241.50999450683594,242.88499450683594,129972
2024-03-08 19:30:00,242.89999389648438,243.0500030517578,241.90499877929688,241.90499877929688,151912
2024-03-08 20:30:00,241.9199981689453,242.5500030517578,241.83999633789062,241.99000549316406,244464
2024-03-11 13:30:00,241.32000732421875,242.16000366210938,238.9199981689453,239.3719024658203,287544
2024-03-11 14:30:00,239.5,240.42999267578125,239.00999450683594,239.11000061035156,200698
2024-03-11 15:30:00,239.0850067138672,240.60000610351562,238.97999572753906,240.40499877929688,194635
2024-03-11 16:30:00,240.4600067138672,240.64999389648438,239.9499969482422,240.4199981689453,115935
2024-03-11 17:30:00,240.4600067138672,240.5449981689453,239.8000030517578,240.4199981689453,129432
2024-03-11 18:30:00,240.3800048828125,241.1300048828125,240.3699951171875,240.91900634765625,182324
2024-03-11 19:30:00,240.8800048828125,241.38999938964844,240.77000427246094,240.97999572753906,444215
2024-03-12 13:30:00,241.69000244140625,243.72999572753906,241.11000061035156,243.1999969482422,223652
2024-03-12 14:30:00,243.27999877929688,244.47000122070312,243.27999877929688,243.75,273248
2024-03-12 15:30:00,243.69000244140625,244.10000610351562,242.35499572753906,242.43499755859375,218846
2024-03-12 16:30:00,242.48500061035156,242.85499572753906,241.7899932861328,242.52000427246094,193958
2024-03-12 17:30:00,242.48500061035156,243.56500244140625,242.44000244140625,243.5,142464
2024-03-12 18:30:00,243.52999877929688,243.97000122070312,243.10000610351562,243.8800048828125,149363
2024-03-12 19:30:00,243.9250030517578,243.9250030517578,243.00999450683594,243.27999877929688,324030
2024-03-13 13:30:00,244.24000549316406,246.9600067138672,244.24000549316406,246.63999938964844,238773
2024-03-13 14:30:00,246.7100067138672,246.97999572753906,245.88499450683594,246.80999755859375,249836
2024-03-13 15:30:00,246.8000030517578,247.74000549316406,246.6999969482422,247.57000732421875,188674
2024-03-13 16:30:00,247.57000732421875,248.5500030517578,247.5399932861328,248.1300048828125,195129
2024-03-13 17:30:00,248.1425018310547,248.3800048828125,247.44000244140625,247.5050048828125,191223
2024-03-13 18:30:00,247.5050048828125,247.97500610351562,246.72999572753906,246.9600067138672,253406
2024-03-13 19:30:00,246.9600067138672,247.94000244140625,246.9600067138672,247.4499969482422,403801
2024-03-14 13:30:00,246.9600067138672,247.8000030517578,244.69000244140625,244.9499969482422,312869
2024-03-14 14:30:00,245.08999633789062,245.5500030517578,243.4149932861328,244.1300048828125,245635
2024-03-14 15:30:00,244.11000061035156,244.8708953857422,243.8101043701172,244.81500244140625,175097
2024-03-14 16:30:00,244.80499267578125,244.94009399414062,244.16000366210938,244.16000366210938,169414
2024-03-14 17:30:00,244.14999389648438,244.27999877929688,243.7899932861328,244.24630737304688,213522
2024-03-14 18:30:00,244.25059509277344,244.32000732421875,242.7100067138672,242.9149932861328,250293
2024-03-14 19:30:00,242.89500427246094,244.77000427246094,242.49000549316406,244.77000427246094,433833
2024-03-15 13:30:00,244.22999572753906,247.25,243.9600067138672,245.24000549316406,714913
2024-03-15 14:30:00,245.30499267578125,245.9246063232422,244.58999633789062,245.22999572753906,206245
2024-03-15 15:30:00,245.14999389648438,245.31500244140625,243.8800048828125,243.91990661621094,141564
2024-03-15 16:30:00,243.9600067138672,244.69000244140625,243.61000061035156,244.49000549316406,185209
2024-03-15 17:30:00,244.52999877929688,244.82000732421875,243.80999755859375,244.02999877929688,235356
2024-03-15 18:30:00,244.00999450683594,244.8699951171875,244.0,244.5811004638672,233694
2024-03-15 19:30:00,244.5500030517578,245.17999267578125,244.1750030517578,244.6999969482422,466977
2024-03-18 13:30:00,245.6999969482422,246.3300018310547,243.00999450683594,244.39999389648438,350173
2024-03-18 14:30:00,244.47000122070312,245.00999450683594,243.92999267578125,244.6699981689453,238286
2024-03-18 15:30:00,244.64999389648438,245.0,244.32000732421875,244.89999389648438,146463
2024-03-18 16:30:00,244.88999938964844,245.05499267578125,244.13999938964844,244.2100067138672,175314
2024-03-18 17:30:00,244.30999755859375,244.6199951171875,243.6699981689453,244.2449951171875,178114
2024-03-18 18:30:00,244.18499755859375,244.51609802246094,243.8300018310547,243.97900390625,278994
2024-03-18 19:30:00,243.9199981689453,244.02000427246094,243.02000427246094,243.41000366210938,538047
2024-03-19 13:30:00,244.5,246.97000122070312,244.47000122070312,245.99000549316406,337870
2024-03-19 14:30:00,246.10000610351562,246.39500427246094,245.55999755859375,245.88499450683594,254346
2024-03-19 15:30:00,245.8800048828125,246.41000366210938,245.72999572753906,246.36000061035156,176925
2024-03-19 16:30:00,246.38999938964844,247.0,246.36000061035156,246.75999450683594,148158
2024-03-19 17:30:00,246.77999877929688,247.4199981689453,246.5800018310547,247.38999938964844,171340
2024-03-19 18:30:00,247.38999938964844,247.83999633789062,246.99000549316406,247.1649932861328,334632
2024-03-19 19:30:00,247.13999938964844,248.1999969482422,247.0800018310547,248.05999755859375,440424
2024-03-20 13:30:00,248.53500366210938,249.2100067138672,247.4199981689453,249.07000732421875,211587
2024-03-20 14:30:00,249.1300048828125,249.1300048828125,248.4499969482422,248.72000122070312,130399
2024-03-20 15:30:00,248.72000122070312,249.05999755859375,248.5500030517578,248.6300048828125,135887
2024-03-20 16:30:00,248.60000610351562,249.2050018310547,248.52000427246094,249.2050018310547,86468
2024-03-20 17:30:00,249.17999267578125,250.77000427246094,249.0749969482422,250.27999877929688,199288
2024-03-20 18:30:00,250.33999633789062,252.4199981689453,249.3000030517578,251.65499877929688,352690
2024-03-20 19:30:00,251.72000122070312,252.02999877929688,251.0,251.99000549316406,382906
2024-03-21 13:30:00,252.9600067138672,259.7699890136719,252.9499969482422,259.6639099121094,698186
2024-03-21 14:30:00,259.69000244140625,260.69500732421875,259.1400146484375,259.3435974121094,494400
2024-03-21 15:30:00,259.3313903808594,260.2900085449219,258.25,260.20001220703125,255362
2024-03-21 16:30:00,260.2300109863281,260.45001220703125,259.6499938964844,259.8399963378906,192676
2024-03-21 17:30:00,259.8299865722656,260.9800109863281,259.8299865722656,260.78289794921875,191190
2024-03-21 18:30:00,260.8125,261.1600036621094,260.1000061035156,260.385009765625,377339
2024-03-21 19:30:00,260.3599853515625,261.3399963378906,259.9100036621094,260.94000244140625,631545
2024-03-22 13:30:00,261.1300048828125,262.489990234375,259.7900085449219,260.04998779296875,289826
2024-03-22 14:30:00,260.1400146484375,260.30999755859375,259.197998046875,260.0,190394
2024-03-22 15:30:00,260.0150146484375,260.239990234375,258.6000061035156,258.69000244140625,183641
2024-03-22 16:30:00,258.67999267578125,259.29998779296875,258.6499938964844,259.0350036621094,152515
2024-03-22 17:30:00,258.9901123046875,259.5799865722656,258.6520080566406,259.55999755859375,178532
2024-03-22 18:30:00,259.54998779296875,259.8599853515625,259.0,259.8324890136719,189309
2024-03-22 19:30:00,259.885009765625,259.9700012207031,258.3699951171875,258.4100036621094,432440
2024-03-25 13:30:00,258.7200012207031,259.4617004394531,257.20001220703125,257.33599853515625,199701
2024-03-25 14:30:00,257.3299865722656,257.4549865722656,256.2900085449219,256.6000061035156,162824
2024-03-25 15:30:00,256.6099853515625,256.82000732421875,255.7949981689453,255.7949981689453,276899
2024-03-25 16:30:00,255.8000030517578,255.8699951171875,254.88999938964844,255.05499267578125,189009
2024-03-25 17:30:00,255.07000732421875,255.4600067138672,254.97999572753906,255.1584014892578,141789
2024-03-25 18:30:00,255.1300048828125,255.17999267578125,254.50999450683594,254.74000549316406,171936
2024-03-25 19:30:00,254.77000427246094,255.02999877929688,253.72999572753906,254.0,367907
2024-03-26 13:30:00,253.47000122070312,255.0399932861328,253.0399932861328,253.49000549316406,287498
2024-03-26 14:30:00,253.57000732421875,253.94000244140625,253.10000610351562,253.3800048828125,222408
2024-03-26 15:30:00,253.33999633789062,253.35499572753906,252.0,252.30999755859375,244669
2024-03-26 16:30:00,252.36500549316406,253.14999389648438,252.2100067138672,252.5500030517578,175703
2024-03-26 17:30:00,252.5399932861328,252.72000122070312,252.07000732421875,252.39999389648438,169370
2024-03-26 18:30:00,252.39999389648438,252.72999572753906,252.13999938964844,252.35000610351562,264357
2024-03-26 19:30:00,252.4250030517578,252.4250030517578,251.27999877929688,251.4600067138672,459268
2024-03-27 13:30:00,252.3699951171875,253.3300018310547,251.64999389648438,252.08999633789062,395101
2024-03-27 14:30:00,252.17999267578125,253.25999450683594,252.09500122070312,252.8300018310547,201836
2024-03-27 15:30:00,252.75999450683594,252.9600067138672,251.24000549316406,251.73500061035156,264472
2024-03-27 16:30:00,251.74749755859375,252.25999450683594,251.42999267578125,252.22999572753906,158109
2024-03-27 17:30:00,252.24000549316406,252.41000366210938,251.8000030517578,252.11500549316406,156932
2024-03-27 18:30:00,252.1199951171875,252.4199981689453,251.89500427246094,252.2449951171875,187571
2024-03-27 19:30:00,252.25,253.36000061035156,252.24000549316406,253.36000061035156,449874
2024-03-28 13:30:00,252.80999755859375,254.4199981689453,250.97999572753906,253.19500732421875,362904
2024-03-28 14:30:00,253.25,254.02000427246094,252.52999877929688,253.77000427246094,232999
2024-03-28 15:30:00,253.6999969482422,254.0,253.3300018310547,253.4600067138672,184037
2024-03-28 16:30:00,253.60000610351562,254.1199951171875,253.2100067138672,253.72999572753906,129965
2024-03-28 17:30:00,253.75,254.8300018310547,253.5500030517578,254.60000610351562,210624
2024-03-28 18:30:00,254.5500030517578,255.27000427246094,254.33999633789062,255.0,239784
2024-03-28 19:30:00,255.07000732421875,255.2899932861328,254.2899932861328,254.50999450683594,517988
2024-04-01 13:30:00,253.35000610351562,255.31500244140625,250.8249969482422,251.60000610351562,468331
2024-04-01 14:30:00,251.5449981689453,251.86000061035156,250.07000732421875,250.65699768066406,296434
2024-04-01 15:30:00,250.6699981689453,251.08999633789062,250.1199951171875,250.38999938964844,140116
2024-04-01 16:30:00,250.35499572753906,250.38250732421875,249.2899932861328,249.5449981689453,173695
2024-04-01 17:30:00,249.55999755859375,250.0,249.0399932861328,249.3300018310547,142959
2024-04-01 18:30:00,249.36000061035156,249.88999938964844,248.52000427246094,248.63999938964844,251075
2024-04-01 19:30:00,248.58999633789062,249.8000030517578,248.58999633789062,249.33999633789062,484632
2024-04-02 13:30:00,246.27999877929688,247.02000427246094,244.44000244140625,246.06500244140625,494245
2024-04-02 14:30:00,245.96499633789062,246.2100067138672,244.9600067138672,245.1649932861328,352919
2024-04-02 15:30:00,245.16000366210938,245.3000030517578,243.91000366210938,244.41000366210938,253737
2024-04-02 16:30:00,244.42999267578125,244.42999267578125,243.57000732421875,243.88999938964844,184588
2024-04-02 17:30:00,243.8699951171875,244.08999633789062,243.47999572753906,243.86000061035156,172498
2024-04-02 18:30:00,243.83999633789062,245.0449981689453,243.83999633789062,244.6999969482422,218618
2024-04-02 19:30:00,244.75999450683594,244.8000030517578,243.97000122070312,244.52000427246094,491844
2024-04-03 13:30:00,241.05999755859375,244.13999938964844,240.49000549316406,243.0800018310547,511453
2024-04-03 14:30:00,242.97000122070312,243.19000244140625,242.0399932861328,242.32000732421875,236551
2024-04-03 15:30:00,242.375,242.6300048828125,241.38999938964844,241.92999267578125,249705
2024-04-03 16:30:00,241.97500610351562,242.1072998046875,241.37010192871094,241.69009399414062,168915
2024-04-03 17:30:00,241.75,241.77999877929688,240.8699951171875,241.0500030517578,228274
2024-04-03 18:30:00,240.99000549316406,241.3000030517578,240.5399932861328,241.0489959716797,322851
2024-04-03 19:30:00,241.0,241.5290069580078,240.49000549316406,240.6999969482422,562191
2024-04-04 13:30:00,243.55999755859375,245.35000610351562,241.31500244140625,241.89500427246094,279452
2024-04-04 14:30:00,241.85000610351562,241.9499969482422,240.8300018310547,241.1999969482422,198073
2024-04-04 15:30:00,241.22999572753906,241.5,240.5749969482422,240.6199951171875,166412
2024-04-04 16:30:00,240.6199951171875,240.9949951171875,240.2100067138672,240.75999450683594,126147
2024-04-04 17:30:00,240.77499389648438,240.77499389648438,239.0500030517578,239.1750030517578,196065
2024-04-04 18:30:00,239.22500610351562,239.75999450683594,238.57000732421875,238.75999450683594,452133
2024-04-04 19:30:00,238.81500244140625,239.02999877929688,237.80999755859375,238.0800018310547,523075
2024-04-05 13:30:00,238.0,239.8699951171875,237.8249969482422,239.1199951171875,180202
2024-04-05 14:30:00,239.17999267578125,240.08999633789062,238.72999572753906,239.3699951171875,163635
2024-04-05 15:30:00,239.24000549316406,240.4250030517578,238.77999877929688,240.35000610351562,122478
2024-04-05 16:30:00,240.30999755859375,240.32000732421875,239.2899932861328,239.58999633789062,124143
2024-04-05 17:30:00,239.6300048828125,240.02999877929688,238.67999267578125,239.35000610351562,175913
2024-04-05 18:30:00,239.42999267578125,239.77000427246094,238.99000549316406,239.63499450683594,163346
2024-04-05 19:30:00,239.61000061035156,239.97000122070312,239.0500030517578,239.25,329993
2024-04-08 13:30:00,238.25999450683594,241.14999389648438,238.25999450683594,241.0850067138672,300594
2024-04-08 14:30:00,241.02000427246094,241.36000061035156,240.57000732421875,240.94000244140625,237741
2024-04-08 15:30:00,240.92999267578125,241.69500732421875,240.47999572753906,241.68499755859375,162864
2024-04-08 16:30:00,241.68499755859375,242.30999755859375,241.5800018310547,241.90499877929688,227954
2024-04-08 17:30:00,241.88999938964844,242.72000122070312,241.83999633789062,242.33999633789062,225535
2024-04-08 18:30:00,242.31500244140625,242.63999938964844,241.8699951171875,242.47000122070312,306140
2024-04-08 19:30:00,242.4600067138672,242.7100067138672,241.88999938964844,242.60000610351562,515928
2024-04-09 13:30:00,243.7899932861328,244.0399932861328,241.82000732421875,242.5399932861328,223003
2024-04-09 14:30:00,242.52999877929688,242.52999877929688,240.8800048828125,242.30999755859375,187764
2024-04-09 15:30:00,242.3000030517578,243.38999938964844,242.1300048828125,243.22999572753906,164344
2024-04-09 16:30:00,243.22000122070312,244.1199951171875,243.16000366210938,243.92999267578125,136619
2024-04-09 17:30:00,243.93499755859375,244.4499969482422,243.8699951171875,243.97000122070312,211111
2024-04-09 18:30:00,243.97000122070312,244.74000549316406,243.5,244.72999572753906,210056
2024-04-09 19:30:00,244.72000122070312,244.80999755859375,243.7899932861328,244.32000732421875,419434
2024-04-10 13:30:00,238.13999938964844,239.28500366210938,237.360107421875,238.39999389648438,600679
2024-04-10 14:30:00,238.30999755859375,238.7899932861328,237.47999572753906,238.7899932861328,356836
2024-04-10 15:30:00,238.81500244140625,238.85000610351562,237.6300048828125,237.88999938964844,210688
2024-04-10 16:30:00,237.9199981689453,238.52999877929688,236.9199981689453,238.00999450683594,313268
2024-04-10 17:30:00,237.9600067138672,238.125,235.9351043701172,235.9600067138672,263598
2024-04-10 18:30:00,236.00999450683594,236.58999633789062,235.0800018310547,236.38999938964844,326648
2024-04-10 19:30:00,236.36000061035156,237.5500030517578,235.82000732421875,237.16000366210938,526917
2024-04-11 13:30:00,239.0,240.2899932861328,233.19000244140625,233.3000030517578,402370
2024-04-11 14:30:00,233.41000366210938,234.4250030517578,233.24000549316406,234.0050048828125,275973
2024-04-11 15:30:00,233.94000244140625,236.13499450683594,233.9250030517578,235.25999450683594,196357
2024-04-11 16:30:00,235.27000427246094,236.4600067138672,235.02999877929688,236.03500366210938,223998
2024-04-11 17:30:00,236.13999938964844,236.6649932861328,235.4199981689453,235.9199981689453,268236
2024-04-11 18:30:00,235.9550018310547,236.27499389648438,235.5399932861328,236.00999450683594,284357
2024-04-11 19:30:00,236.01499938964844,236.24000549316406,235.0500030517578,235.35000610351562,422838
2024-04-12 13:30:00,233.3699951171875,233.9149932861328,231.82000732421875,232.24000549316406,285949
2024-04-12 14:30:00,232.17999267578125,232.64500427246094,231.1300048828125,232.39500427246094,180513
2024-04-12 15:30:00,232.42999267578125,232.50999450683594,231.77999877929688,232.21499633789062,158057
2024-04-12 16:30:00,232.23500061035156,232.27499389648438,231.27000427246094,231.49000549316406,238036
2024-04-12 17:30:00,231.5050048828125,232.10000610351562,231.1699981689453,231.5,183129
2024-04-12 18:30:00,231.5399932861328,231.6999969482422,230.74000549316406,230.8699951171875,261096
2024-04-12 19:30:00,230.8699951171875,232.11000061035156,230.7899932861328,232.10000610351562,421041
2024-04-15 13:30:00,234.75999450683594,234.85000610351562,231.55999755859375,232.15499877929688,272553
2024-04-15 14:30:00,232.10000610351562,232.30999755859375,230.97500610351562,231.50999450683594,160881
2024-04-15 15:30:00,231.5800018310547,233.07000732421875,231.5500030517578,231.6699981689453,212178
2024-04-15 16:30:00,231.64999389648438,231.91000366210938,230.3800048828125,230.38999938964844,167357
2024-04-15 17:30:00,230.25,230.76499938964844,229.66000366210938,230.02000427246094,202059
2024-04-15 18:30:00,229.97999572753906,230.60000610351562,229.1699981689453,229.5399932861328,208605
2024-04-15 19:30:00,229.60000610351562,230.36000061035156,229.59500122070312,229.9499969482422,328576
2024-04-16 13:30:00,228.92999267578125,229.75999450683594,227.62330627441406,228.26499938964844,209542
2024-04-16 14:30:00,228.22999572753906,228.5399932861328,227.32000732421875,228.2100067138672,221532
2024-04-16 15:30:00,228.1999969482422,229.52999877929688,227.89999389648438,228.6699981689453,167694
2024-04-16 16:30:00,228.66000366210938,229.35000610351562,228.47999572753906,228.59500122070312,380892
2024-04-16 17:30:00,228.6199951171875,229.61000061035156,227.75,228.44000244140625,385941
2024-04-16 18:30:00,228.4550018310547,229.84500122070312,228.4550018310547,229.6699981689453,278767
2024-04-16 19:30:00,229.74000549316406,229.74000549316406,228.02999877929688,228.35000610351562,252934
2024-04-17 13:30:00,230.24000549316406,230.24000549316406,228.33999633789062,228.97999572753906,215940
2024-04-17 14:30:00,228.9875030517578,229.00999450683594,227.52000427246094,227.94000244140625,143350
2024-04-17 15:30:00,227.85000610351562,228.375,227.24000549316406,228.05999755859375,103780
2024-04-17 16:30:00,228.0449981689453,229.24000549316406,227.83999633789062,229.0399932861328,123056
2024-04-17 17:30:00,229.05999755859375,230.1300048828125,228.8300018310547,229.88999938964844,222349
2024-04-17 18:30:00,229.9149932861328,230.88999938964844,229.07400512695312,229.2899932861328,217334
2024-04-17 19:30:00,229.30999755859375,229.7899932861328,228.3699951171875,228.85000610351562,441851
2024-04-18 13:30:00,229.8699951171875,231.11000061035156,229.0,230.8000030517578,266895
2024-04-18 14:30:00,230.77999877929688,232.2899932861328,230.02000427246094,231.80999755859375,225787
2024-04-18 15:30:00,231.875,231.91000366210938,230.1999969482422,230.32879638671875,124766
2024-04-18 16:30:00,230.45249938964844,230.45249938964844,228.0050048828125,228.35000610351562,126866
2024-04-18 17:30:00,228.27000427246094,228.53500366210938,227.5500030517578,228.09500122070312,205557
2024-04-18 18:30:00,228.0850067138672,229.22000122070312,227.77000427246094,228.83999633789062,227773
2024-04-18 19:30:00,228.85000610351562,229.3300018310547,228.29200744628906,228.75999450683594,373598
2024-04-19 13:30:00,229.49000549316406,231.60000610351562,229.39999389648438,231.55999755859375,354092
2024-04-19 14:30:00,231.7050018310547,232.11000061035156,231.05999755859375,231.27999877929688,357695
2024-04-19 15:30:00,231.2449951171875,231.38999938964844,229.99009704589844,230.0399932861328,174650
2024-04-19 16:30:00,230.11000061035156,230.69000244140625,229.7100067138672,229.7100067138672,133477
2024-04-19 17:30:00,229.7949981689453,230.52000427246094,229.35000610351562,229.36000061035156,123683
2024-04-19 18:30:00,229.46200561523438,229.67999267578125,228.88999938964844,229.52000427246094,182752
2024-04-19 19:30:00,229.49000549316406,230.33999633789062,228.98919677734375,230.25999450683594,317722
2024-04-22 13:30:00,231.72999572753906,231.97999572753906,230.58819580078125,230.98500061035156,221181
2024-04-22 14:30:00,230.9499969482422,231.33999633789062,229.9199981689453,230.11000061035156,157850
2024-04-22 15:30:00,230.0500030517578,230.3800048828125,229.55999755859375,230.09500122070312,147663
2024-04-22 16:30:00,230.11000061035156,231.2899932861328,230.0,231.28500366210938,122569
2024-04-22 17:30:00,231.25999450683594,232.97000122070312,231.11000061035156,232.85499572753906,173905
2024-04-22 18:30:00,232.88999938964844,233.0399932861328,231.5,231.82000732421875,310403
2024-04-22 19:30:00,231.77999877929688,231.91000366210938,230.88999938964844,231.33999633789062,260674
2024-04-23 13:30:00,231.22999572753906,232.7100067138672,230.22000122070312,232.07000732421875,173991
2024-04-23 14:30:00,232.0500030517578,232.80499267578125,231.67999267578125,232.77000427246094,146101
2024-04-23 15:30:00,232.72999572753906,233.0,231.875,232.75,135206
2024-04-23 16:30:00,232.78500366210938,233.39999389648438,232.64999389648438,233.39999389648438,121622
2024-04-23 17:30:00,233.36500549316406,234.1300048828125,233.32000732421875,233.9600067138672,163326
2024-04-23 18:30:00,233.9499969482422,234.2050018310547,233.64999389648438,234.05999755859375,208651
2024-04-23 19:30:00,234.0,234.11000061035156,233.17999267578125,233.69000244140625,349750
2024-04-24 13:30:00,232.1999969482422,232.3699951171875,230.41000366210938,230.6750030517578,221444
2024-04-24 14:30:00,230.57000732421875,230.57000732421875,229.25999450683594,229.80999755859375,190467
2024-04-24 15:30:00,229.75999450683594,230.14480590820312,229.25,229.8800048828125,128219
2024-04-24 16:30:00,229.8000030517578,229.8000030517578,228.8300018310547,229.30499267578125,134396
2024-04-24 17:30:00,229.33999633789062,230.13999938964844,229.16000366210938,229.69000244140625,127504
2024-04-24 18:30:00,229.68499755859375,230.3000030517578,229.3800048828125,230.02000427246094,176824
2024-04-24 19:30:00,230.0,230.38999938964844,229.6300048828125,230.25999450683594,216286
2024-04-25 13:30:00,227.77000427246094,227.77000427246094,224.67999267578125,226.27000427246094,315203
2024-04-25 14:30:00,226.27000427246094,228.19000244140625,226.1114959716797,228.1199951171875,180978
2024-04-25 15:30:00,228.09500122070312,229.61000061035156,227.8800048828125,229.61000061035156,132726
2024-04-25 16:30:00,229.49000549316406,229.75,229.07000732421875,229.39999389648438,93242
2024-04-25 17:30:00,229.47000122070312,230.44000244140625,229.47000122070312,229.86000061035156,112922
2024-04-25 18:30:00,229.63999938964844,230.64500427246094,229.51499938964844,230.60000610351562,195702
2024-04-25 19:30:00,230.5800018310547,230.5865936279297,229.8000030517578,229.99000549316406,289845
2024-04-26 13:30:00,229.97000122070312,233.22000122070312,229.97000122070312,233.14500427246094,213223
2024-04-26 14:30:00,233.24000549316406,233.24000549316406,231.14999389648438,231.69000244140625,175492
2024-04-26 15:30:00,231.63999938964844,231.9199981689453,231.4499969482422,231.5399932861328,257366
2024-04-26 16:30:00,231.5050048828125,231.64999389648438,231.01800537109375,231.3314971923828,124915
2024-04-26 17:30:00,231.3300018310547,231.47850036621094,230.77000427246094,231.1750030517578,132635
2024-04-26 18:30:00,231.13999938964844,231.3000030517578,230.17999267578125,230.4499969482422,236375
2024-04-26 19:30:00,230.39999389648438,230.5850067138672,229.72000122070312,229.8000030517578,430039
2024-04-29 13:30:00,230.39500427246094,231.85000610351562,230.2899932861328,231.21499633789062,256586
2024-04-29 14:30:00,231.1699981689453,231.4499053955078,230.6199951171875,231.3000030517578,129371
2024-04-29 15:30:00,231.27999877929688,231.2899932861328,230.3800048828125,231.0050048828125,121862
2024-04-29 16:30:00,231.02999877929688,231.2100067138672,230.72000122070312,231.02999877929688,90641
2024-04-29 17:30:00,231.1199951171875,231.17999267578125,230.66000366210938,230.9149932861328,160583
2024-04-29 18:30:00,230.90499877929688,231.08999633789062,229.83999633789062,230.14999389648438,169103
2024-04-29 19:30:00,230.14500427246094,231.14999389648438,229.83999633789062,231.02999877929688,307538
2024-04-30 13:30:00,230.0,231.27999877929688,228.66000366210938,229.7100067138672,216142
2024-04-30 14:30:00,229.50999450683594,230.52000427246094,228.7519989013672,229.22000122070312,140607
2024-04-30 15:30:00,229.21499633789062,229.36500549316406,228.52999877929688,229.07000732421875,119404
2024-04-30 16:30:00,229.1396026611328,229.1396026611328,227.83999633789062,228.42999267578125,156917
2024-04-30 17:30:00,228.47500610351562,229.39999389648438,228.3699951171875,228.58999633789062,142026
2024-04-30 18:30:00,228.57000732421875,229.3699951171875,228.52999877929688,229.3699951171875,218979
2024-04-30 19:30:00,229.3524932861328,229.47000122070312,227.69000244140625,227.9600067138672,547073
2024-05-01 13:30:00,227.3699951171875,228.17999267578125,225.47000122070312,225.90199279785156,244182
2024-05-01 14:30:00,226.0050048828125,227.4499969482422,225.71099853515625,227.21499633789062,168301
2024-05-01 15:30:00,227.2449951171875,227.67999267578125,226.64999389648438,227.32000732421875,114688
2024-05-01 16:30:00,227.2949981689453,227.5399932861328,226.98500061035156,227.22999572753906,94352
2024-05-01 17:30:00,227.27389526367188,228.1199951171875,227.13999938964844,227.8800048828125,93549
2024-05-01 18:30:00,227.9250030517578,230.99000549316406,226.9199981689453,230.3249969482422,293713
2024-05-01 19:30:00,230.22000122070312,230.22000122070312,227.3000030517578,227.44000244140625,351903
2024-05-02 13:30:00,230.1300048828125,230.22999572753906,226.68499755859375,227.8000030517578,250294
2024-05-02 14:30:00,227.77999877929688,228.0850067138672,226.6300048828125,226.99000549316406,225825
2024-05-02 15:30:00,226.97000122070312,227.42999267578125,226.42999267578125,226.94000244140625,116286
2024-05-02 16:30:00,226.92999267578125,228.60000610351562,226.3800048828125,228.60000610351562,149550
2024-05-02 17:30:00,228.8000030517578,229.0800018310547,228.1300048828125,229.0500030517578,125680
2024-05-02 18:30:00,229.08999633789062,229.5800018310547,228.77499389648438,229.0399932861328,186550
2024-05-02 19:30:00,228.9949951171875,229.6699981689453,228.2449951171875,229.52000427246094,294714
2024-05-03 13:30:00,233.60000610351562,238.14999389648438,233.17999267578125,234.35830688476562,496666
2024-05-03 14:30:00,234.43499755859375,234.69000244140625,232.72000122070312,232.9499969482422,139235
2024-05-03 15:30:00,233.05499267578125,233.25,232.3800048828125,232.875,123275
2024-05-03 16:30:00,232.88999938964844,233.1999969482422,232.38999938964844,232.55999755859375,103975
2024-05-03 17:30:00,232.50999450683594,233.1999969482422,232.38999938964844,233.07000732421875,108562
2024-05-03 18:30:00,233.09500122070312,233.2100067138672,232.5050048828125,232.72999572753906,142743
2024-05-03 19:30:00,232.69000244140625,232.6999969482422,231.97999572753906,232.1699981689453,342030
2024-05-06 13:30:00,234.8300018310547,234.9499969482422,232.59500122070312,233.64500427246094,270406
2024-05-06 14:30:00,233.74000549316406,233.80499267578125,231.97999572753906,232.52000427246094,191669
2024-05-06 15:30:00,232.57000732421875,232.57000732421875,231.52999877929688,231.75999450683594,130654
2024-05-06 16:30:00,231.77000427246094,232.0,231.19000244140625,231.77499389648438,142266
2024-05-06 17:30:00,231.77499389648438,232.42999267578125,231.72000122070312,232.2100067138672,146003
2024-05-06 18:30:00,232.25,232.42999267578125,231.68499755859375,231.69000244140625,192488
2024-05-06 19:30:00,231.69000244140625,231.99000549316406,231.47000122070312,231.7100067138672,323326
2024-05-07 13:30:00,232.4600067138672,234.8300018310547,232.4600067138672,234.02999877929688,212901
2024-05-07 14:30:00,234.08999633789062,234.1772003173828,232.8000030517578,233.14990234375,248305
2024-05-07 15:30:00,233.14999389648438,233.30499267578125,232.8800048828125,233.13999938964844,145555
2024-05-07 16:30:00,233.125,233.125,232.22999572753906,232.30999755859375,114677
2024-05-07 17:30:00,232.31500244140625,232.47999572753906,231.35499572753906,231.4550018310547,252072
2024-05-07 18:30:00,231.39999389648438,231.75,231.22000122070312,231.75,182979
2024-05-07 19:30:00,231.74000549316406,231.86000061035156,231.27000427246094,231.42999267578125,307885
2024-05-08 13:30:00,229.5800018310547,232.7100067138672,229.0,232.39999389648438,269872
2024-05-08 14:30:00,232.30999755859375,232.55999755859375,231.86000061035156,232.2899932861328,148726
2024-05-08 15:30:00,232.3699951171875,232.47000122070312,231.77000427246094,232.02000427246094,140679
2024-05-08 16:30:00,232.00999450683594,232.00999450683594,230.97000122070312,231.05999755859375,109167
2024-05-08 17:30:00,231.05999755859375,232.25999450683594,230.8800048828125,232.1999969482422,155001
2024-05-08 18:30:00,232.1699981689453,232.67999267578125,231.55999755859375,232.61000061035156,186435
2024-05-08 19:30:00,232.6199951171875,233.0050048828125,231.99000549316406,232.10000610351562,317588
2024-05-09 13:30:00,232.0800018310547,236.72999572753906,232.0800018310547,236.27000427246094,255689
2024-05-09 14:30:00,236.44000244140625,236.83999633789062,235.64999389648438,235.8699951171875,172634
2024-05-09 15:30:00,235.88999938964844,235.98089599609375,235.27000427246094,235.7100067138672,123947
2024-05-09 16:30:00,235.65499877929688,236.32000732421875,235.64999389648438,236.22000122070312,103356
2024-05-09 17:30:00,236.2100067138672,236.31500244140625,235.66000366210938,236.19500732421875,166977
2024-05-09 18:30:00,236.2050018310547,236.77999877929688,236.00999450683594,236.64500427246094,190662
2024-05-09 19:30:00,236.63999938964844,236.9600067138672,235.92999267578125,236.16000366210938,322481
2024-05-10 13:30:00,235.77000427246094,237.33999633789062,235.77000427246094,236.75,201333
2024-05-10 14:30:00,236.75,236.89999389648438,235.50999450683594,235.60000610351562,180394
2024-05-10 15:30:00,235.5399932861328,235.7698974609375,234.80999755859375,234.80999755859375,97742
2024-05-10 16:30:00,234.8800048828125,235.17999267578125,234.42999267578125,234.6699981689453,91952
2024-05-10 17:30:00,234.75999450683594,235.14999389648438,234.61000061035156,235.01499938964844,94874
2024-05-10 18:30:00,234.97999572753906,235.24400329589844,234.77049255371094,235.1199951171875,103218
2024-05-10 19:30:00,235.19000244140625,235.50999450683594,234.80999755859375,234.91000366210938,243225
2024-05-13 13:30:00,236.3000030517578,236.8800048828125,234.39999389648438,234.8699951171875,231619
2024-05-13 14:30:00,234.81829833984375,235.05999755859375,233.60000610351562,234.08999633789062,207733
2024-05-13 15:30:00,233.6999969482422,234.07000732421875,233.25999450683594,233.375,125162
2024-05-13 16:30:00,233.4499969482422,233.4499969482422,231.88999938964844,232.2100067138672,183285
2024-05-13 17:30:00,232.15499877929688,232.52999877929688,231.69000244140625,232.46499633789062,205006
2024-05-13 18:30:00,232.52999877929688,233.32989501953125,232.0500030517578,233.2949981689453,226973
2024-05-13 19:30:00,233.2949981689453,233.8800048828125,232.22999572753906,232.97999572753906,472436
2024-05-14 13:30:00,232.86000061035156,235.1519012451172,230.9250030517578,233.41000366210938,357456
2024-05-14 14:30:00,233.3000030517578,233.35000610351562,231.51499938964844,232.61500549316406,198610
2024-05-14 15:30:00,232.5500030517578,232.72999572753906,230.9600067138672,230.97000122070312,276387
2024-05-14 16:30:00,230.9149932861328,231.27000427246094,229.86000061035156,230.77000427246094,278613
2024-05-14 17:30:00,230.80999755859375,230.97999572753906,230.22999572753906,230.27000427246094,319383
2024-05-14 18:30:00,230.3249969482422,231.65499877929688,230.0850067138672,231.48500061035156,353971
2024-05-14 19:30:00,231.44000244140625,231.99000549316406,230.92999267578125,231.50999450683594,503576
2024-05-15 13:30:00,235.0800018310547,237.32000732421875,234.8300018310547,236.00250244140625,333198
2024-05-15 14:30:00,236.0,237.0,236.0,236.8300018310547,226847
2024-05-15 15:30:00,236.86000061035156,237.0500030517578,236.33999633789062,236.60499572753906,207643
2024-05-15 16:30:00,236.6300048828125,237.2100067138672,236.41000366210938,236.67990112304688,206133
2024-05-15 17:30:00,236.63999938964844,237.0500030517578,236.35000610351562,236.49000549316406,168110
2024-05-15 18:30:00,236.54989624023438,236.54989624023438,235.86000061035156,235.86000061035156,175321
2024-05-15 19:30:00,235.8000030517578,236.64999389648438,235.73150634765625,236.13999938964844,345841
2024-05-16 13:30:00,234.36000061035156,234.97999572753906,232.24400329589844,232.5050048828125,194164
2024-05-16 14:30:00,232.52999877929688,233.13499450683594,232.1199951171875,233.13499450683594,263186
2024-05-16 15:30:00,233.13499450683594,233.39999389648438,232.55999755859375,233.3000030517578,134273
2024-05-16 16:30:00,233.1699981689453,233.3800048828125,232.24000549316406,232.32000732421875,100207
2024-05-16 17:30:00,232.343994140625,232.7100067138672,231.85499572753906,231.93499755859375,179627
2024-05-16 18:30:00,231.96359252929688,232.86000061035156,231.72000122070312,232.8300018310547,175550
2024-05-16 19:30:00,232.82000732421875,232.9499969482422,232.2100067138672,232.27000427246094,394629
2024-05-17 13:30:00,232.6699981689453,233.0500030517578,231.5800018310547,231.94000244140625,275292
2024-05-17 14:30:00,231.9199981689453,231.9600067138672,230.77000427246094,230.91000366210938,233772
2024-05-17 15:30:00,230.8699951171875,231.0,230.32000732421875,230.5,195662
2024-05-17 16:30:00,230.41000366210938,231.0500030517578,230.14999389648438,231.0050048828125,154544
2024-05-17 17:30:00,230.92999267578125,231.1199951171875,230.66000366210938,230.6750030517578,152790
2024-05-17 18:30:00,230.72999572753906,231.2949981689453,230.6699981689453,230.85000610351562,185506
2024-05-17 19:30:00,230.88999938964844,231.30999755859375,230.75999450683594,231.1699981689453,407336
2024-05-20 13:30:00,230.2100067138672,230.80999755859375,228.24000549316406,230.32000732421875,504969
2024-05-20 14:30:00,230.34500122070312,231.0800018310547,230.08999633789062,230.48500061035156,302177
2024-05-20 15:30:00,230.4499969482422,230.72000122070312,229.42999267578125,229.55999755859375,147291
2024-05-20 16:30:00,229.57049560546875,229.57049560546875,228.6999969482422,228.9949951171875,157330
2024-05-20 17:30:00,228.97999572753906,229.3800048828125,228.63999938964844,229.3000030517578,220827
2024-05-20 18:30:00,229.27000427246094,229.6300048828125,228.92999267578125,229.25999450683594,241473
2024-05-20 19:30:00,229.24000549316406,229.4499969482422,228.6999969482422,229.27000427246094,565157
2024-05-21 13:30:00,231.8000030517578,231.8000030517578,222.10000610351562,222.7550048828125,1865866
2024-05-21 14:30:00,222.74000549316406,223.66990661621094,221.41000366210938,222.25,700335
2024-05-21 15:30:00,222.25,223.0,221.72999572753906,222.52999877929688,392539
2024-05-21 16:30:00,222.5399932861328,222.99000549316406,221.9499969482422,222.36000061035156,331030
2024-05-21 17:30:00,222.3000030517578,223.5500030517578,222.02000427246094,223.49000549316406,327225
2024-05-21 18:30:00,223.4499969482422,223.94500732421875,222.85000610351562,223.50999450683594,488423
2024-05-21 19:30:00,223.5,224.92999267578125,223.4949951171875,224.88999938964844,748008
2024-05-22 13:30:00,224.16000366210938,225.42999267578125,222.11000061035156,223.25,477165
2024-05-22 14:30:00,223.25,223.8000030517578,222.95159912109375,223.07000732421875,263879
2024-05-22 15:30:00,223.07000732421875,223.6300048828125,222.5800018310547,223.0500030517578,241766
2024-05-22 16:30:00,223.1199951171875,223.5749969482422,222.44000244140625,222.55599975585938,153516
2024-05-22 17:30:00,222.52000427246094,222.8000030517578,220.9499969482422,220.9499969482422,270429
2024-05-22 18:30:00,220.97500610351562,221.47000122070312,220.49000549316406,220.6060028076172,326960
2024-05-22 19:30:00,220.57000732421875,221.50999450683594,220.2100067138672,221.1699981689453,526342
2024-05-23 13:30:00,221.75999450683594,221.85000610351562,217.8699951171875,218.14999389648438,321325
2024-05-23 14:30:00,218.27999877929688,219.3699951171875,217.92999267578125,218.9499969482422,277076
2024-05-23 15:30:00,218.94500732421875,220.0800018310547,218.906494140625,219.57000732421875,227712
2024-05-23 16:30:00,219.60000610351562,219.66000366210938,218.6999969482422,219.30999755859375,224465
2024-05-23 17:30:00,219.27999877929688,219.42999267578125,217.3800048828125,217.65499877929688,257235
2024-05-23 18:30:00,217.58999633789062,217.86599731445312,216.86000061035156,217.3800048828125,374866
2024-05-23 19:30:00,217.36500549316406,217.5,216.82000732421875,217.3699951171875,480946
2024-05-24 13:30:00,217.74000549316406,218.27000427246094,216.42999267578125,216.8699951171875,249649
2024-05-24 14:30:00,216.91000366210938,217.0,215.83999633789062,216.85000610351562,268971
2024-05-24 15:30:00,216.88999938964844,217.4499969482422,216.52999877929688,217.25999450683594,208278
2024-05-24 16:30:00,217.25999450683594,217.26499938964844,216.4499969482422,216.45370483398438,166240
2024-05-24 17:30:00,216.4199981689453,216.48989868164062,215.7100067138672,215.7100067138672,245637
2024-05-24 18:30:00,215.72500610351562,215.77000427246094,215.25,215.375,353655
2024-05-24 19:30:00,215.33999633789062,215.68499755859375,214.75,215.14999389648438,522907
2024-05-28 13:30:00,214.77999877929688,216.8000030517578,214.22999572753906,215.0449981689453,456147
2024-05-28 14:30:00,215.0,216.0,214.50770568847656,215.63999938964844,324345
2024-05-28 15:30:00,215.63499450683594,215.8300018310547,215.0312042236328,215.2899932861328,225824
2024-05-28 16:30:00,215.25999450683594,215.6300048828125,214.7100067138672,214.88999938964844,246506
2024-05-28 17:30:00,214.88499450683594,215.24000549316406,214.30999755859375,214.36000061035156,229377
2024-05-28 18:30:00,214.36000061035156,214.99000549316406,213.97000122070312,214.47000122070312,313846
2024-05-28 19:30:00,214.47000122070312,215.4600067138672,214.36000061035156,215.38999938964844,654375
2024-05-29 13:30:00,213.6300048828125,214.55999755859375,212.77999877929688,213.66000366210938,264027
2024-05-29 14:30:00,213.6999969482422,213.99000549316406,212.83999633789062,213.3300018310547,218577
2024-05-29 15:30:00,213.36000061035156,213.9250030517578,213.13499450683594,213.85000610351562,138551
2024-05-29 16:30:00,213.88999938964844,213.94000244140625,212.9499969482422,213.74749755859375,200178
2024-05-29 17:30:00,213.7100067138672,213.91000366210938,213.41000366210938,213.77999877929688,256105
2024-05-29 18:30:00,213.72000122070312,214.49000549316406,213.4199981689453,214.27999877929688,365933
2024-05-29 19:30:00,214.22000122070312,214.6199951171875,214.01499938964844,214.4499969482422,491347
2024-05-30 13:30:00,215.30999755859375,216.1199951171875,213.42999267578125,214.6199951171875,413536
2024-05-30 14:30:00,214.6300048828125,215.26499938964844,214.3800048828125,215.13999938964844,613387
2024-05-30 15:30:00,215.16000366210938,215.61000061035156,214.92010498046875,215.1649932861328,179189
2024-05-30 16:30:00,215.16220092773438,216.52999877929688,215.10000610351562,216.52000427246094,211726
2024-05-30 17:30:00,216.55999755859375,216.75,214.8000030517578,215.2191925048828,297103
2024-05-30 18:30:00,215.2449951171875,215.55999755859375,214.910400390625,215.4199981689453,260072
2024-05-30 19:30:00,215.4499969482422,215.61500549316406,214.82000732421875,215.47999572753906,444732
2024-05-31 13:30:00,216.5,218.77999877929688,216.02499389648438,217.72500610351562,392243
2024-05-31 14:30:00,217.7100067138672,218.3000030517578,217.11000061035156,218.06500244140625,268564
2024-05-31 15:30:00,218.0749969482422,218.27999877929688,216.72000122070312,217.13499450683594,224154
2024-05-31 16:30:00,217.13499450683594,217.97000122070312,216.85499572753906,217.97000122070312,144389
2024-05-31 17:30:00,217.94000244140625,218.4676971435547,217.44500732421875,217.72000122070312,196156
2024-05-31 18:30:00,217.77000427246094,219.4199981689453,217.49000549316406,219.22000122070312,492328
2024-05-31 19:30:00,219.1999969482422,221.4199981689453,218.9199981689453,221.25999450683594,780584
2024-06-03 13:30:00,219.69000244140625,221.02000427246094,217.35000610351562,218.66000366210938,442299
2024-06-03 14:30:00,218.5500030517578,219.05999755859375,217.0500030517578,217.4199981689453,240718
2024-06-03 15:30:00,217.5,217.72999572753906,216.0,216.35000610351562,248967
2024-06-03 16:30:00,216.2700958251953,217.11000061035156,216.1417999267578,216.9600067138672,189161
2024-06-03 17:30:00,217.10499572753906,218.02999877929688,216.75,217.8000030517578,198598
2024-06-03 18:30:00,217.8074951171875,217.9199981689453,217.02000427246094,217.02999877929688,243878
2024-06-03 19:30:00,217.02999877929688,217.11000061035156,216.33749389648438,216.7550048828125,451242
2024-06-04 13:30:00,215.3000030517578,217.85000610351562,215.11000061035156,217.77999877929688,342071
2024-06-04 14:30:00,217.77000427246094,218.3300018310547,217.2050018310547,217.97000122070312,275098
2024-06-04 15:30:00,217.9600067138672,217.9600067138672,216.80999755859375,217.22999572753906,165623
2024-06-04 16:30:00,217.24000549316406,217.25,216.6300048828125,216.90499877929688,157345
2024-06-04 17:30:00,216.94000244140625,217.83999633789062,216.6649932861328,217.81500244140625,186255
2024-06-04 18:30:00,217.82000732421875,217.94000244140625,216.73500061035156,216.92660522460938,286676
2024-06-04 19:30:00,216.9600067138672,216.9600067138672,216.4600067138672,216.52000427246094,379288
2024-06-05 13:30:00,216.7899932861328,218.25,215.75999450683594,217.19000244140625,264481
2024-06-05 14:30:00,217.125,217.97999572753906,216.69009399414062,217.92999267578125,184984
2024-06-05 15:30:00,217.9499969482422,218.86990356445312,217.9499969482422,218.75,226099
2024-06-05 16:30:00,218.67999267578125,219.02999877929688,218.22000122070312,218.34500122070312,154712
2024-06-05 17:30:00,218.3699951171875,218.6999969482422,217.90499877929688,218.68299865722656,131442
2024-06-05 18:30:00,218.6750030517578,219.1699981689453,218.10000610351562,218.6649932861328,198824
2024-06-05 19:30:00,218.6649932861328,219.64999389648438,218.6199951171875,219.55999755859375,298085
2024-06-06 13:30:00,219.22999572753906,220.19500732421875,218.17999267578125,218.9199981689453,274382
2024-06-06 14:30:00,218.92999267578125,219.4600067138672,218.1226043701172,219.39500427246094,197395
2024-06-06 15:30:00,219.44000244140625,219.5,218.4199981689453,218.5449981689453,212531
2024-06-06 16:30:00,218.47000122070312,218.9600067138672,218.28500366210938,218.7899932861328,167576
2024-06-06 17:30:00,218.77999877929688,218.77999877929688,218.02000427246094,218.07000732421875,179256
2024-06-06 18:30:00,218.06500244140625,218.85499572753906,218.0399932861328,218.4600067138672,180314
2024-06-06 19:30:00,218.44000244140625,218.5500030517578,217.99000549316406,218.49000549316406,384589
2024-06-07 13:30:00,216.2899932861328,217.52999877929688,214.75,216.90499877929688,265376
2024-06-07 14:30:00,216.94000244140625,217.64999389648438,216.27999877929688,217.0800018310547,163147
2024-06-07 15:30:00,217.0449981689453,217.6300048828125,216.85000610351562,217.36500549316406,148710
2024-06-07 16:30:00,217.3800048828125,218.1199951171875,216.94000244140625,217.99000549316406,105603
2024-06-07 17:30:00,217.97500610351562,218.22999572753906,217.25999450683594,217.75999450683594,117521
2024-06-07 18:30:00,217.69000244140625,217.8699951171875,216.7899932861328,217.16000366210938,193967
2024-06-07 19:30:00,217.1199951171875,217.22999572753906,216.52000427246094,216.6999969482422,267821
2024-06-10 13:30:00,216.4499969482422,218.38999938964844,216.3000030517578,217.2100067138672,224303
2024-06-10 14:30:00,217.05999755859375,217.0800018310547,216.10000610351562,216.5,202583
2024-06-10 15:30:00,216.52999877929688,217.02999877929688,216.3699951171875,216.88999938964844,155958
2024-06-10 16:30:00,216.88999938964844,217.44000244140625,216.69419860839844,217.30999755859375,208528
2024-06-10 17:30:00,217.35000610351562,218.17999267578125,217.27499389648438,218.02049255371094,199830
2024-06-10 18:30:00,218.0290069580078,218.27999877929688,217.69000244140625,218.02499389648438,181330
2024-06-10 19:30:00,218.0050048828125,218.17999267578125,217.64999389648438,218.16000366210938,305278
2024-06-11 13:30:00,217.83999633789062,218.10000610351562,215.00999450683594,215.6699981689453,383938
2024-06-11 14:30:00,215.5800018310547,217.3300018310547,215.38999938964844,216.9199981689453,196908
2024-06-11 15:30:00,216.94000244140625,217.74000549316406,216.86000061035156,217.35000610351562,128685
2024-06-11 16:30:00,217.35000610351562,217.52000427246094,216.8300018310547,217.01499938964844,120205
2024-06-11 17:30:00,217.00999450683594,218.1199951171875,217.00999450683594,218.1199951171875,114222
2024-06-11 18:30:00,218.1199951171875,218.50999450683594,218.02000427246094,218.09530639648438,172400
2024-06-11 19:30:00,218.07000732421875,218.52999877929688,217.72000122070312,218.30999755859375,402588
2024-06-12 13:30:00,221.82000732421875,225.77000427246094,221.82000732421875,225.51499938964844,641247
2024-06-12 14:30:00,225.4949951171875,226.98500061035156,225.36000061035156,226.1199951171875,442268
2024-06-12 15:30:00,226.2050018310547,226.9600067138672,225.83999633789062,226.49000549316406,287650
2024-06-12 16:30:00,226.50999450683594,226.5800018310547,225.66000366210938,225.81500244140625,268302
2024-06-12 17:30:00,225.75,226.47000122070312,225.0500030517578,226.3699951171875,341849
2024-06-12 18:30:00,226.3000030517578,226.8800048828125,225.6199951171875,225.7100067138672,405729
2024-06-12 19:30:00,225.66000366210938,225.80499267578125,224.77999877929688,224.97999572753906,605453
2024-06-13 13:30:00,225.97000122070312,225.97000122070312,223.3800048828125,224.1300048828125,407835
2024-06-13 14:30:00,224.13999938964844,225.35000610351562,224.0449981689453,225.35000610351562,211070
2024-06-13 15:30:00,225.33999633789062,225.89999389648438,225.02000427246094,225.14999389648438,224681
2024-06-13 16:30:00,225.19000244140625,226.24000549316406,225.1199951171875,226.24000549316406,135029
2024-06-13 17:30:00,226.25999450683594,226.69500732421875,226.11000061035156,226.57000732421875,175203
2024-06-13 18:30:00,226.52499389648438,227.38999938964844,226.52000427246094,227.17999267578125,253538
2024-06-13 19:30:00,227.14999389648438,227.39999389648438,226.7899932861328,226.8000030517578,344757
2024-06-14 13:30:00,224.80999755859375,225.75,222.07000732421875,222.19000244140625,245259
2024-06-14 14:30:00,222.1999969482422,222.39999389648438,221.4550018310547,222.02999877929688,223677
2024-06-14 15:30:00,222.0850067138672,222.55679321289062,221.4199981689453,222.24000549316406,235875
2024-06-14 16:30:00,222.2550048828125,222.9600067138672,222.00999450683594,222.3300018310547,151631
2024-06-14 17:30:00,222.1999969482422,222.30999755859375,221.6300048828125,222.0749969482422,179673
2024-06-14 18:30:00,222.0850067138672,222.64999389648438,221.86000061035156,222.5399932861328,200803
2024-06-14 19:30:00,222.49000549316406,223.4499969482422,222.33999633789062,223.32000732421875,303263
2024-06-17 13:30:00,222.36000061035156,225.0399932861328,221.61000061035156,224.7949981689453,227895
2024-06-17 14:30:00,224.8699951171875,225.99989318847656,224.60000610351562,225.83999633789062,209261
2024-06-17 15:30:00,225.85000610351562,226.08999633789062,225.22000122070312,226.04010009765625,190644
2024-06-17 16:30:00,226.0399932861328,226.25,225.71929931640625,226.10000610351562,107711
2024-06-17 17:30:00,226.08999633789062,226.8800048828125,226.08999633789062,226.7100067138672,133356
2024-06-17 18:30:00,226.6300048828125,227.1199951171875,226.39999389648438,227.0449981689453,179146
2024-06-17 19:30:00,227.05999755859375,227.22999572753906,226.64999389648438,226.86000061035156,270488
2024-06-18 13:30:00,227.50999450683594,229.1999969482422,226.9499969482422,227.83999633789062,268188
2024-06-18 14:30:00,227.89500427246094,228.38499450683594,227.0500030517578,227.19500732421875,206652
2024-06-18 15:30:00,227.19500732421875,227.91000366210938,227.16000366210938,227.53500366210938,120657
2024-06-18 16:30:00,227.53500366210938,227.7100067138672,227.22999572753906,227.57009887695312,118126
2024-06-18 17:30:00,227.7100067138672,228.2899932861328,227.58999633789062,228.05999755859375,105211
2024-06-18 18:30:00,228.02999877929688,228.49000549316406,227.7899932861328,228.25999450683594,222335
2024-06-18 19:30:00,228.27999877929688,228.55999755859375,227.44000244140625,227.6300048828125,368823
2024-06-20 13:30:00,226.8000030517578,228.36500549316406,225.10000610351562,227.74000549316406,306532
2024-06-20 14:30:00,227.66000366210938,227.8300018310547,226.2100067138672,226.2899932861328,213202
2024-06-20 15:30:00,226.24000549316406,226.64999389648438,225.7899932861328,226.4550018310547,171925
2024-06-20 16:30:00,226.4499969482422,226.5800018310547,225.97999572753906,226.27999877929688,285781
2024-06-20 17:30:00,226.27999877929688,227.94500732421875,226.13499450683594,227.77999877929688,303401
2024-06-20 18:30:00,227.8000030517578,228.2449951171875,227.47999572753906,227.8000946044922,251659
2024-06-20 19:30:00,227.8300018310547,227.97500610351562,227.33999633789062,227.55999755859375,383567
2024-06-21 13:30:00,227.67999267578125,229.60000610351562,226.5500030517578,229.16000366210938,590765
2024-06-21 14:30:00,229.08999633789062,230.10000610351562,228.7899932861328,229.52000427246094,240833
2024-06-21 15:30:00,229.52499389648438,229.52499389648438,228.50999450683594,228.50999450683594,211237
2024-06-21 16:30:00,228.50999450683594,228.85000610351562,228.07000732421875,228.1300048828125,104475
2024-06-21 17:30:00,228.0800018310547,228.47000122070312,227.69000244140625,228.25,162724
2024-06-21 18:30:00,228.25999450683594,228.35989379882812,227.85499572753906,227.91000366210938,185669
2024-06-21 19:30:00,227.9199981689453,228.60000610351562,227.69500732421875,228.3800048828125,455521
2024-06-24 13:30:00,228.75999450683594,229.6999969482422,228.23440551757812,229.07000732421875,267703
2024-06-24 14:30:00,229.1300048828125,230.00990295410156,228.67999267578125,229.25999450683594,212131
2024-06-24 15:30:00,229.2519989013672,229.61000061035156,227.92999267578125,228.0749969482422,219359
2024-06-24 16:30:00,228.08250427246094,228.6999969482422,227.96749877929688,228.17999267578125,260181
2024-06-24 17:30:00,228.17999267578125,229.5500030517578,227.7449951171875,229.51010131835938,278183
2024-06-24 18:30:00,229.5800018310547,229.89999389648438,228.50999450683594,228.6300048828125,282519
2024-06-24 19:30:00,228.6300048828125,228.6300048828125,227.89999389648438,228.3300018310547,564520
2024-06-25 13:30:00,226.8000030517578,227.05999755859375,220.17999267578125,220.6199951171875,555692
2024-06-25 14:30:00,220.82000732421875,220.99000549316406,218.39999389648438,218.9199981689453,359772
2024-06-25 15:30:00,218.89480590820312,219.21499633789062,217.82000732421875,217.86000061035156,303671
2024-06-25 16:30:00,217.8000030517578,218.42999267578125,217.10110473632812,218.02000427246094,386385
2024-06-25 17:30:00,218.0500030517578,218.11000061035156,217.42999267578125,217.85000610351562,452941
2024-06-25 18:30:00,217.85000610351562,218.18499755859375,217.33999633789062,217.85000610351562,401641
2024-06-25 19:30:00,217.84500122070312,218.0500030517578,216.97500610351562,217.25999450683594,763549
2024-06-26 13:30:00,216.4600067138672,218.42999267578125,215.86500549316406,217.82000732421875,458902
2024-06-26 14:30:00,217.77999877929688,217.81500244140625,216.6999969482422,216.95010375976562,287100
2024-06-26 15:30:00,217.0050048828125,218.3498992919922,216.89999389648438,218.00999450683594,216332
2024-06-26 16:30:00,218.0,218.9582977294922,217.80999755859375,218.79989624023438,203340
2024-06-26 17:30:00,218.75999450683594,218.82000732421875,218.22000122070312,218.5399932861328,179537
2024-06-26 18:30:00,218.52999877929688,218.7100067138672,218.05999755859375,218.44000244140625,281209
2024-06-26 19:30:00,218.4199981689453,219.16000366210938,218.05999755859375,218.83999633789062,435793
2024-06-27 13:30:00,219.5500030517578,220.32000732421875,218.0800018310547,218.33999633789062,464316
2024-06-27 14:30:00,218.36000061035156,219.25999450683594,218.22999572753906,219.25900268554688,289291
2024-06-27 15:30:00,219.24000549316406,219.78500366210938,219.10499572753906,219.24000549316406,241902
2024-06-27 16:30:00,219.27000427246094,219.74000549316406,218.6649932861328,219.74000549316406,146730
2024-06-27 17:30:00,219.72999572753906,219.72999572753906,218.15499877929688,218.27000427246094,211666
2024-06-27 18:30:00,218.29989624023438,219.2949981689453,218.0800018310547,219.26499938964844,299424
2024-06-27 19:30:00,219.33999633789062,219.8925018310547,219.19000244140625,219.82000732421875,458575
2024-06-28 13:30:00,220.1699981689453,221.22000122070312,218.69500732421875,219.69000244140625,296966
2024-06-28 14:30:00,219.83999633789062,221.55999755859375,219.78500366210938,219.97999572753906,338940
2024-06-28 15:30:00,219.89999389648438,220.49000549316406,219.3300018310547,220.49000549316406,235473
2024-06-28 16:30:00,220.44000244140625,221.55999755859375,220.44000244140625,220.9600067138672,262447
2024-06-28 17:30:00,220.89999389648438,221.0500030517578,219.79600524902344,219.8350067138672,247446
2024-06-28 18:30:00,219.7899932861328,219.82000732421875,218.3699951171875,218.8300018310547,459894
2024-06-28 19:30:00,218.84500122070312,221.52999877929688,218.63499450683594,220.50999450683594,1133258
2024-07-01 13:30:00,219.44000244140625,220.5,216.2100067138672,216.39999389648438,394664
2024-07-01 14:30:00,216.47999572753906,216.60000610351562,214.61000061035156,215.00999450683594,429023
2024-07-01 15:30:00,215.02999877929688,215.57000732421875,214.6199951171875,214.6699981689453,210264
2024-07-01 16:30:00,214.718994140625,214.80999755859375,214.07000732421875,214.6300048828125,168455
2024-07-01 17:30:00,214.6199951171875,214.99000549316406,214.33999633789062,214.5,198996
2024-07-01 18:30:00,214.55999755859375,214.6699981689453,213.6750946044922,213.8300018310547,305805
2024-07-01 19:30:00,213.7899932861328,214.2100067138672,213.47999572753906,213.60000610351562,422107
2024-07-02 13:30:00,212.69000244140625,214.85000610351562,212.14999389648438,213.38999938964844,376245
2024-07-02 14:30:00,213.3800048828125,213.49000549316406,211.8000030517578,212.94000244140625,283518
2024-07-02 15:30:00,212.98989868164062,213.41000366210938,212.8699951171875,212.97999572753906,162760
2024-07-02 16:30:00,213.0,213.24000549316406,212.3300018310547,212.36000061035156,179057
2024-07-02 17:30:00,212.3101043701172,213.02999877929688,212.21499633789062,212.85000610351562,226421
2024-07-02 18:30:00,212.80999755859375,213.33999633789062,212.63999938964844,213.1300048828125,189514
2024-07-02 19:30:00,213.1199951171875,213.85000610351562,212.9600067138672,213.7100067138672,344163
2024-07-03 13:30:00,215.8300018310547,217.0,214.38999938964844,215.14500427246094,470503
2024-07-03 14:30:00,215.13999938964844,215.2209930419922,213.88999938964844,213.91000366210938,250704
2024-07-03 15:30:00,213.85000610351562,214.24000549316406,213.3699951171875,213.3699951171875,184294
2024-07-05 13:30:00,212.69000244140625,214.3800048828125,212.52999877929688,213.3000030517578,236489
2024-07-05 14:30:00,213.3000030517578,214.00999450683594,213.0,213.0500030517578,216844
2024-07-05 15:30:00,213.00079345703125,213.74000549316406,212.8883056640625,213.33999633789062,163804
2024-07-05 16:30:00,213.35000610351562,214.1699981689453,213.25,213.75999450683594,129627
2024-07-05 17:30:00,213.77000427246094,214.47999572753906,213.64999389648438,214.39999389648438,149700
2024-07-05 18:30:00,214.38999938964844,214.83999633789062,214.09500122070312,214.25,166160
2024-07-05 19:30:00,214.24000549316406,214.58999633789062,213.7899932861328,213.8699951171875,335114
2024-07-08 13:30:00,215.0,217.60000610351562,215.0,216.92999267578125,375442
2024-07-08 14:30:00,216.83999633789062,218.3000030517578,216.55999755859375,216.75,325381
2024-07-08 15:30:00,216.82000732421875,216.89999389648438,214.7899932861328,215.61000061035156,323920
2024-07-08 16:30:00,215.52000427246094,216.97000122070312,215.46499633789062,216.67999267578125,215021
2024-07-08 17:30:00,216.67999267578125,217.1199951171875,216.25,216.9600067138672,272096
2024-07-08 18:30:00,216.9199981689453,217.25999450683594,216.61419677734375,217.17889404296875,255584
2024-07-08 19:30:00,217.16000366210938,217.75999450683594,216.6199951171875,217.13999938964844,652948
2024-07-09 13:30:00,215.97000122070312,216.6750030517578,215.2050018310547,216.17999267578125,294095
2024-07-09 14:30:00,216.17999267578125,216.57000732421875,215.4600067138672,215.5800018310547,250639
2024-07-09 15:30:00,215.63999938964844,216.30999755859375,215.47000122070312,216.30999755859375,276283
2024-07-09 16:30:00,216.27999877929688,217.1898956298828,216.22999572753906,217.00999450683594,198220
2024-07-09 17:30:00,216.98500061035156,217.07000732421875,216.33999633789062,216.40499877929688,208316
2024-07-09 18:30:00,216.4149932861328,216.6199951171875,215.8249969482422,216.02000427246094,238993
2024-07-09 19:30:00,216.02000427246094,216.86000061035156,215.94000244140625,216.3300018310547,435839
2024-07-10 13:30:00,217.57000732421875,218.89999389648438,216.88999938964844,217.8300018310547,290182
2024-07-10 14:30:00,217.75999450683594,218.19000244140625,217.52499389648438,217.82000732421875,147143
2024-07-10 15:30:00,217.80999755859375,218.9550018310547,217.30999755859375,218.7550048828125,136989
2024-07-10 16:30:00,218.67999267578125,219.16000366210938,218.2993927001953,218.72999572753906,137777
2024-07-10 17:30:00,218.75999450683594,219.22000122070312,218.4600067138672,219.1699981689453,136854
2024-07-10 18:30:00,219.1300048828125,219.66000366210938,218.99000549316406,219.44500732421875,196659
2024-07-10 19:30:00,219.47000122070312,220.91000366210938,219.4550018310547,220.63999938964844,400552
2024-07-11 13:30:00,225.61000061035156,228.00999450683594,223.5399932861328,227.55250549316406,580305
2024-07-11 14:30:00,227.52000427246094,229.22999572753906,227.13999938964844,228.0449981689453,429782
2024-07-11 15:30:00,228.04249572753906,228.39999389648438,226.91000366210938,227.82000732421875,262810
2024-07-11 16:30:00,227.8249969482422,228.69000244140625,227.5500030517578,227.97999572753906,219707
2024-07-11 17:30:00,227.8699951171875,229.02000427246094,227.72000122070312,228.47000122070312,152683
2024-07-11 18:30:00,228.52000427246094,229.19000244140625,228.3914031982422,229.05999755859375,219869
2024-07-11 19:30:00,229.1300048828125,229.97999572753906,228.71499633789062,229.66000366210938,528319
2024-07-12 13:30:00,231.1199951171875,235.17999267578125,230.33999633789062,235.0500030517578,566954
2024-07-12 14:30:00,234.99000549316406,236.02000427246094,234.61000061035156,235.67999267578125,488587
2024-07-12 15:30:00,235.7050018310547,236.3000030517578,235.3800048828125,235.8300018310547,267145
2024-07-12 16:30:00,235.8300018310547,237.57000732421875,235.25999450683594,237.57000732421875,229095
2024-07-12 17:30:00,237.52999877929688,238.05999755859375,236.94000244140625,237.0200958251953,248881
2024-07-12 18:30:00,237.05999755859375,237.1199951171875,235.99000549316406,236.1649932861328,329705
2024-07-12 19:30:00,236.16000366210938,236.17999267578125,233.75,234.25,579258
2024-07-15 13:30:00,234.0,234.1699981689453,230.6300048828125,233.14500427246094,450096
2024-07-15 14:30:00,233.22999572753906,233.91000366210938,232.45314025878906,233.72000122070312,283305
2024-07-15 15:30:00,233.6699981689453,235.08999633789062,233.32000732421875,233.8699951171875,210429
2024-07-15 16:30:00,233.82000732421875,234.06500244140625,232.99000549316406,233.10000610351562,134278
2024-07-15 17:30:00,233.10000610351562,233.32000732421875,232.33790588378906,233.32000732421875,146593
2024-07-15 18:30:00,233.30999755859375,233.5500030517578,232.97000122070312,233.16000366210938,185880
2024-07-15 19:30:00,233.16000366210938,233.25999450683594,231.7050018310547,232.2899932861328,399004
2024-07-16 13:30:00,232.82000732421875,238.9499969482422,232.10000610351562,237.5500030517578,385002
2024-07-16 14:30:00,237.52999877929688,239.2899932861328,237.41009521484375,238.39999389648438,340961
2024-07-16 15:30:00,238.39999389648438,239.85000610351562,237.7899932861328,239.63499450683594,154361
2024-07-16 16:30:00,239.57000732421875,240.02000427246094,238.83999633789062,238.95199584960938,172970
2024-07-16 17:30:00,238.88999938964844,239.66000366210938,238.83999633789062,239.34500122070312,172572
2024-07-16 18:30:00,239.3361053466797,240.86000061035156,239.2899932861328,240.83999633789062,220394
2024-07-16 19:30:00,240.8000030517578,241.00999450683594,240.38999938964844,240.9600067138672,421887
2024-07-17 13:30:00,239.4499969482422,242.19500732421875,237.74000549316406,241.92999267578125,592484
2024-07-17 14:30:00,241.8800048828125,243.8800048828125,240.89999389648438,243.2899932861328,636282
2024-07-17 15:30:00,243.26499938964844,245.03500366210938,242.63999938964844,244.75,364919
2024-07-17 16:30:00,244.75,245.6300048828125,244.2100067138672,244.7550048828125,434622
2024-07-17 17:30:00,244.69000244140625,245.00999450683594,244.10000610351562,244.47500610351562,374502
2024-07-17 18:30:00,244.42999267578125,245.5399932861328,244.4199981689453,244.67999267578125,595739
2024-07-17 19:30:00,244.6699981689453,244.75,242.36000061035156,243.02000427246094,512753
2024-07-18 13:30:00,241.9499969482422,246.97000122070312,241.25,245.16000366210938,436708
2024-07-18 14:30:00,245.16000366210938,245.16000366210938,243.88999938964844,244.1999969482422,298286
2024-07-18 15:30:00,244.13999938964844,244.6300048828125,241.4250030517578,241.4250030517578,215054
2024-07-18 16:30:00,241.39999389648438,242.43499755859375,241.10000610351562,242.0,189578
2024-07-18 17:30:00,242.05499267578125,242.49000549316406,239.50999450683594,239.58999633789062,224657
2024-07-18 18:30:00,239.5500030517578,239.88600158691406,237.90499877929688,238.44000244140625,437188
2024-07-18 19:30:00,238.4199981689453,239.97999572753906,238.24000549316406,239.27000427246094,409863
2024-07-19 13:30:00,239.39500427246094,241.031005859375,238.5800018310547,239.82000732421875,476460
2024-07-19 14:30:00,239.76499938964844,240.00999450683594,238.22999572753906,238.6199951171875,341366
2024-07-19 15:30:00,238.67999267578125,240.67999267578125,238.5399932861328,239.74000549316406,213289
2024-07-19 16:30:00,239.74009704589844,240.34500122070312,238.4600067138672,239.1699981689453,299916
2024-07-19 17:30:00,239.1649932861328,239.77000427246094,238.8249969482422,239.27000427246094,150508
2024-07-19 18:30:00,239.25,239.80999755859375,238.72000122070312,239.27999877929688,191315
2024-07-19 19:30:00,239.3000030517578,239.52499389648438,237.85000610351562,238.42999267578125,401266
2024-07-22 13:30:00,239.4499969482422,241.39999389648438,236.57000732421875,237.52999877929688,417540
2024-07-22 14:30:00,237.47000122070312,239.22000122070312,237.16000366210938,238.52499389648438,172358
2024-07-22 15:30:00,238.4600067138672,239.35499572753906,238.10000610351562,238.84500122070312,274440
2024-07-22 16:30:00,238.83999633789062,239.39999389648438,237.9499969482422,239.07000732421875,101841
2024-07-22 17:30:00,239.1699981689453,239.77000427246094,238.57000732421875,239.57000732421875,150878
2024-07-22 18:30:00,239.57000732421875,240.77999877929688,239.55999755859375,240.5399932861328,193401
2024-07-22 19:30:00,240.56500244140625,240.75,240.13999938964844,240.32000732421875,430434
2024-07-23 13:30:00,241.08999633789062,241.97999572753906,237.6699981689453,238.21499633789062,316818
2024-07-23 14:30:00,238.10499572753906,239.1199951171875,237.77000427246094,238.5749969482422,243739
2024-07-23 15:30:00,238.66000366210938,239.3800048828125,238.36000061035156,238.4600067138672,219924
2024-07-23 16:30:00,238.4499969482422,239.24000549316406,238.0,239.19000244140625,175481
2024-07-23 17:30:00,239.1199951171875,239.9199981689453,239.0,239.5749969482422,136141
2024-07-23 18:30:00,239.5,239.71499633789062,238.19000244140625,238.61000061035156,177194
2024-07-23 19:30:00,238.5399932861328,238.6199951171875,237.77000427246094,238.19000244140625,358149
2024-07-24 13:30:00,236.49000549316406,239.08999633789062,234.17999267578125,234.94000244140625,378916
2024-07-24 14:30:00,234.6999969482422,235.97999572753906,234.67999267578125,235.61000061035156,238398
2024-07-24 15:30:00,235.5399932861328,235.84750366210938,235.10000610351562,235.32980346679688,144206
2024-07-24 16:30:00,235.2949981689453,235.2949981689453,234.22999572753906,234.63499450683594,116301
2024-07-24 17:30:00,234.72000122070312,234.9199981689453,233.8800048828125,234.0,132377
2024-07-24 18:30:00,233.94000244140625,234.05999755859375,232.3000030517578,232.30999755859375,225033
2024-07-24 19:30:00,232.3000030517578,232.55999755859375,231.4499969482422,231.77000427246094,326522
2024-07-25 13:30:00,231.82000732421875,236.6699981689453,231.0399932861328,236.6699981689453,382088
2024-07-25 14:30:00,236.5800018310547,237.1999053955078,235.52000427246094,236.15499877929688,246561
2024-07-25 15:30:00,236.1300048828125,238.25,236.05999755859375,238.01499938964844,171209
2024-07-25 16:30:00,237.94000244140625,238.67999267578125,237.46609497070312,237.85000610351562,149351
2024-07-25 17:30:00,237.97999572753906,238.10000610351562,236.97000122070312,237.19000244140625,163867
2024-07-25 18:30:00,237.3300018310547,237.75,235.94000244140625,237.52999877929688,170071
2024-07-25 19:30:00,237.6699981689453,237.7100067138672,234.72999572753906,234.77999877929688,427936
2024-07-26 13:30:00,236.25,242.52000427246094,236.07000732421875,240.07000732421875,422625
2024-07-26 14:30:00,240.08999633789062,240.08999633789062,237.97999572753906,238.55499267578125,174969
2024-07-26 15:30:00,238.61500549316406,240.0500030517578,238.5500030517578,239.4398956298828,131767
2024-07-26 16:30:00,239.3800048828125,240.75999450683594,239.1475067138672,240.5449981689453,239811
2024-07-26 17:30:00,240.47999572753906,240.5800018310547,238.55999755859375,239.4250030517578,176507
2024-07-26 18:30:00,239.3925018310547,240.04750061035156,238.85000610351562,239.77999877929688,161870
2024-07-26 19:30:00,239.72000122070312,239.72000122070312,238.46499633789062,238.99000549316406,276992
2024-07-29 13:30:00,238.27000427246094,240.97999572753906,237.3300018310547,240.10000610351562,247484
2024-07-29 14:30:00,240.08999633789062,240.19000244140625,239.0,239.88999938964844,219665
2024-07-29 15:30:00,240.00999450683594,240.3699951171875,238.91000366210938,239.9600067138672,146764
2024-07-29 16:30:00,240.05999755859375,240.16000366210938,239.02000427246094,239.19500732421875,204388
2024-07-29 17:30:00,239.1699981689453,239.66000366210938,238.3699951171875,239.66000366210938,244979
2024-07-29 18:30:00,239.8000030517578,240.15499877929688,239.30999755859375,239.4801025390625,198376
2024-07-29 19:30:00,239.6199951171875,240.6199951171875,239.3800048828125,239.69000244140625,435882
2024-07-30 13:30:00,240.19000244140625,241.0399932861328,238.3000030517578,239.66000366210938,201454
2024-07-30 14:30:00,239.625,240.78990173339844,239.13999938964844,239.36000061035156,132902
2024-07-30 15:30:00,239.1999969482422,239.8677978515625,239.0399932861328,239.58999633789062,407535
2024-07-30 16:30:00,239.60000610351562,240.0,239.08999633789062,239.7100067138672,104791
2024-07-30 17:30:00,239.74000549316406,241.00999450683594,239.65499877929688,240.64999389648438,114390
2024-07-30 18:30:00,240.58999633789062,240.85000610351562,239.8000030517578,240.69000244140625,206809
2024-07-30 19:30:00,240.69000244140625,242.3800048828125,240.69000244140625,241.47000122070312,270468
2024-07-31 13:30:00,242.63999938964844,244.80999755859375,241.24000549316406,244.75,304325
2024-07-31 14:30:00,244.7100067138672,245.19000244140625,243.6199951171875,244.9600067138672,212231
2024-07-31 15:30:00,244.89999389648438,245.67999267578125,244.77999877929688,245.47000122070312,132626
2024-07-31 16:30:00,245.5050048828125,245.91000366210938,245.17999267578125,245.41000366210938,126962
2024-07-31 17:30:00,245.35000610351562,245.63999938964844,244.4600067138672,245.32009887695312,145360
2024-07-31 18:30:00,245.3300018310547,248.99000549316406,245.1300048828125,246.31500244140625,431679
2024-07-31 19:30:00,246.24000549316406,247.32000732421875,245.39999389648438,245.47000122070312,448933
2024-08-01 13:30:00,246.8300018310547,248.27000427246094,242.5,242.5,321975
2024-08-01 14:30:00,242.47000122070312,242.5,240.74000549316406,241.35000610351562,207838
2024-08-01 15:30:00,241.35060119628906,242.57000732421875,241.08999633789062,241.80499267578125,181225
2024-08-01 16:30:00,241.8699951171875,242.0800018310547,240.42999267578125,240.80999755859375,102166
2024-08-01 17:30:00,240.80499267578125,241.14999389648438,239.3800048828125,239.4947052001953,153622
2024-08-01 18:30:00,239.48680114746094,239.7899932861328,239.02000427246094,239.74000549316406,180851
2024-08-01 19:30:00,239.82000732421875,241.66000366210938,239.82000732421875,241.27000427246094,412655
2024-08-02 13:30:00,238.27000427246094,240.1300048828125,235.57000732421875,236.6898956298828,460282
2024-08-02 14:30:00,236.4499969482422,237.97999572753906,235.1999969482422,235.3000030517578,355407
2024-08-02 15:30:00,235.3000030517578,238.6699981689453,235.28500366210938,238.6699981689453,161187
2024-08-02 16:30:00,238.5800018310547,239.0399932861328,237.4600067138672,237.85000610351562,142557
2024-08-02 17:30:00,237.85000610351562,238.75990295410156,237.19000244140625,238.64999389648438,151833
2024-08-02 18:30:00,238.64999389648438,239.52000427246094,238.0399932861328,239.4600067138672,243163
2024-08-02 19:30:00,239.57000732421875,240.52000427246094,238.8699951171875,240.3800048828125,359210
2024-08-05 13:30:00,236.3300018310547,238.92999267578125,232.74000549316406,235.85000610351562,481979
2024-08-05 14:30:00,235.82000732421875,237.99000549316406,235.45449829101562,237.5,296176
2024-08-05 15:30:00,237.27999877929688,240.5,237.08999633789062,240.41000366210938,310224
2024-08-05 16:30:00,240.30999755859375,240.99000549316406,237.8800048828125,238.94000244140625,279943
2024-08-05 17:30:00,238.85000610351562,239.63999938964844,237.91000366210938,238.8000030517578,155824
2024-08-05 18:30:00,238.71499633789062,238.80999755859375,236.88499450683594,237.1999969482422,174463
2024-08-05 19:30:00,237.42990112304688,237.55999755859375,236.3699951171875,237.00999450683594,478773
2024-08-06 13:30:00,235.6699981689453,241.4199981689453,235.6699981689453,240.55499267578125,240207
2024-08-06 14:30:00,240.77999877929688,242.8520965576172,239.57000732421875,239.6009063720703,211243
2024-08-06 15:30:00,239.48500061035156,242.32000732421875,239.48500061035156,242.10499572753906,203666
2024-08-06 16:30:00,242.13499450683594,242.63999938964844,241.49000549316406,242.42010498046875,227051
2024-08-06 17:30:00,242.6699981689453,243.3300018310547,242.3800048828125,243.3300018310547,139739
2024-08-06 18:30:00,243.27499389648438,244.2100067138672,241.67999267578125,243.72999572753906,231035
2024-08-06 19:30:00,243.83999633789062,244.03860473632812,240.4199981689453,240.6199951171875,490298
2024-08-07 13:30:00,241.6999969482422,243.33999633789062,238.21499633789062,238.25149536132812,365721
2024-08-07 14:30:00,238.32000732421875,238.9199981689453,236.50999450683594,238.2550048828125,555445
2024-08-07 15:30:00,238.2550048828125,239.07000732421875,235.3800048828125,235.47000122070312,210004
2024-08-07 16:30:00,235.4199981689453,235.66000366210938,231.92999267578125,233.2899932861328,264629
2024-08-07 17:30:00,233.1699981689453,234.08999633789062,231.1999969482422,231.69000244140625,206565
2024-08-07 18:30:00,231.6300048828125,233.25,231.10000610351562,232.5449981689453,368598
2024-08-07 19:30:00,232.5399932861328,232.99000549316406,231.35000610351562,231.67999267578125,578987
2024-08-08 13:30:00,232.19000244140625,236.1199951171875,231.0,234.35000610351562,251521
2024-08-08 14:30:00,234.35499572753906,235.6999969482422,233.83999633789062,235.0800018310547,224118
2024-08-08 15:30:00,235.0399932861328,235.74000549316406,234.76499938964844,235.08999633789062,214918
2024-08-08 16:30:00,235.02499389648438,236.22000122070312,234.53640747070312,236.22000122070312,127848
2024-08-08 17:30:00,236.27999877929688,236.52000427246094,235.73500061035156,235.80499267578125,147700
2024-08-08 18:30:00,235.75840759277344,236.80999755859375,235.58999633789062,236.25,186510
2024-08-08 19:30:00,236.10000610351562,236.57000732421875,235.375,236.22000122070312,293066
2024-08-09 13:30:00,235.77999877929688,236.92999267578125,234.3000030517578,236.51499938964844,186014
2024-08-09 14:30:00,236.52000427246094,237.5399932861328,235.49000549316406,236.07000732421875,209541
2024-08-09 15:30:00,236.16000366210938,237.0,235.91000366210938,236.0500030517578,131250
2024-08-09 16:30:00,235.8000030517578,237.67999267578125,235.8000030517578,237.47999572753906,120186
2024-08-09 17:30:00,237.4600067138672,237.75,235.88999938964844,236.00999450683594,170900
2024-08-09 18:30:00,236.05999755859375,237.14999389648438,235.63999938964844,236.9250030517578,147867
2024-08-09 19:30:00,236.94000244140625,237.1999969482422,235.7100067138672,235.77000427246094,278259
2024-08-12 13:30:00,234.75,234.75,229.3800048828125,232.22999572753906,482464
2024-08-12 14:30:00,232.3000030517578,233.0,230.34500122070312,230.77749633789062,267806
2024-08-12 15:30:00,230.83399963378906,232.47999572753906,230.5800018310547,232.25999450683594,209572
2024-08-12 16:30:00,232.21009826660156,232.35000610351562,231.25999450683594,232.02000427246094,182675
2024-08-12 17:30:00,232.0,232.5800018310547,231.89999389648438,232.51499938964844,186017
2024-08-12 18:30:00,232.5,232.86000061035156,230.7899932861328,231.00999450683594,247891
2024-08-12 19:30:00,231.00900268554688,231.66000366210938,230.6999969482422,231.1300048828125,449851
2024-08-13 13:30:00,228.8000030517578,234.4499969482422,227.6300048828125,232.47999572753906,700174
2024-08-13 14:30:00,232.4949951171875,233.27000427246094,231.60000610351562,232.57000732421875,254565
2024-08-13 15:30:00,232.72000122070312,236.11000061035156,232.2899932861328,235.5,222278
2024-08-13 16:30:00,235.60000610351562,235.9499969482422,235.07000732421875,235.64500427246094,180311
2024-08-13 17:30:00,235.64500427246094,236.2899932861328,234.94000244140625,236.11500549316406,182015
2024-08-13 18:30:00,236.02999877929688,236.7899932861328,235.24000549316406,236.1750030517578,248829
2024-08-13 19:30:00,236.19500732421875,236.74899291992188,235.94000244140625,236.17999267578125,605768
2024-08-14 13:30:00,235.8300018310547,239.64500427246094,235.7949981689453,239.25999450683594,372748
2024-08-14 14:30:00,239.1820068359375,239.1820068359375,237.72000122070312,237.82000732421875,218824
2024-08-14 15:30:00,237.74000549316406,238.83999633789062,236.94000244140625,236.99000549316406,261494
2024-08-14 16:30:00,237.02499389648438,238.22999572753906,237.02499389648438,238.1300048828125,127985
2024-08-14 17:30:00,238.02000427246094,238.38999938964844,237.36000061035156,237.92750549316406,155000
2024-08-14 18:30:00,237.92999267578125,238.89999389648438,237.52499389648438,237.6699981689453,216067
2024-08-14 19:30:00,237.6300048828125,237.97999572753906,237.1999969482422,237.6199951171875,419405
2024-08-15 13:30:00,242.27999877929688,242.94000244140625,238.47000122070312,239.77000427246094,390169
2024-08-15 14:30:00,239.7899932861328,239.97000122070312,238.25999450683594,239.30999755859375,189293
2024-08-15 15:30:00,239.2100067138672,239.4600067138672,238.27999877929688,239.27999877929688,173363
2024-08-15 16:30:00,239.22000122070312,240.19500732421875,238.47999572753906,239.9600067138672,114961
2024-08-15 17:30:00,239.92999267578125,240.04989624023438,239.47000122070312,239.82000732421875,124316
2024-08-15 18:30:00,239.91000366210938,240.5399932861328,239.75,240.35000610351562,170857
2024-08-15 19:30:00,240.3800048828125,240.61500549316406,239.4499969482422,240.17999267578125,372494
2024-08-16 13:30:00,240.42999267578125,242.0399932861328,239.50999450683594,240.0,281201
2024-08-16 14:30:00,240.1300048828125,240.13999938964844,239.13999938964844,239.91000366210938,118120
2024-08-16 15:30:00,239.82000732421875,240.75999450683594,239.6999969482422,240.5124053955078,95582
2024-08-16 16:30:00,240.44000244140625,241.58999633789062,240.2100067138672,241.4600067138672,128009
2024-08-16 17:30:00,241.3800048828125,241.3800048828125,240.69000244140625,241.0500030517578,80140
2024-08-16 18:30:00,240.95010375976562,242.05999755859375,240.95010375976562,241.33999633789062,229713
2024-08-16 19:30:00,241.32000732421875,241.5500030517578,240.72000122070312,241.1300048828125,304444
2024-08-19 13:30:00,242.25999450683594,242.52999877929688,240.14999389648438,241.14999389648438,351835
2024-08-19 14:30:00,241.1300048828125,242.86000061035156,241.0399932861328,242.25,186799
2024-08-19 15:30:00,242.44500732421875,243.0800018310547,241.47000122070312,242.86000061035156,295948
2024-08-19 16:30:00,242.72999572753906,243.38999938964844,242.6199951171875,242.85000610351562,194412
2024-08-19 17:30:00,242.77000427246094,243.0500030517578,242.50999450683594,242.50999450683594,192455
2024-08-19 18:30:00,242.52000427246094,243.4499969482422,242.52000427246094,242.8000030517578,433618
2024-08-19 19:30:00,242.7899932861328,243.5399932861328,242.56959533691406,243.0800018310547,512039
2024-08-20 13:30:00,240.0,245.8699951171875,239.60000610351562,244.22000122070312,1298718
2024-08-20 14:30:00,244.2899932861328,244.30999755859375,238.64999389648438,239.9949951171875,608547
2024-08-20 15:30:00,240.3000030517578,242.1992950439453,239.77000427246094,240.62339782714844,316066
2024-08-20 16:30:00,240.4600067138672,240.8300018310547,239.47999572753906,239.59500122070312,234184
2024-08-20 17:30:00,239.60000610351562,240.97999572753906,239.17010498046875,240.22999572753906,211696
2024-08-20 18:30:00,240.14999389648438,240.91000366210938,239.3800048828125,240.35000610351562,315618
2024-08-20 19:30:00,240.41250610351562,240.8300018310547,239.80999755859375,240.32000732421875,507597
2024-08-21 13:30:00,241.5,242.6999969482422,240.0,241.61000061035156,282342
2024-08-21 14:30:00,241.5,242.27999877929688,240.67010498046875,242.24000549316406,228675
2024-08-21 15:30:00,242.13999938964844,242.17999267578125,240.3300018310547,240.63999938964844,174014
2024-08-21 16:30:00,240.61000061035156,241.75,240.3300018310547,241.71499633789062,134167
2024-08-21 17:30:00,241.64999389648438,242.0399932861328,241.14999389648438,241.5399932861328,154801
2024-08-21 18:30:00,241.66000366210938,242.3800048828125,241.42999267578125,242.3800048828125,215979
2024-08-21 19:30:00,242.32000732421875,242.5,241.625,242.3699951171875,419569
2024-08-22 13:30:00,243.0,243.32359313964844,239.68499755859375,240.72999572753906,214255
2024-08-22 14:30:00,240.68020629882812,242.2100067138672,240.67999267578125,241.1649932861328,169553
2024-08-22 15:30:00,241.24000549316406,242.30499267578125,240.9499969482422,242.0,147711
2024-08-22 16:30:00,241.88999938964844,242.22999572753906,240.5500030517578,240.8699951171875,158372
2024-08-22 17:30:00,240.83999633789062,241.2899932861328,239.89999389648438,241.1199951171875,152422
2024-08-22 18:30:00,241.0500030517578,241.75999450683594,240.66819763183594,240.77999877929688,185663
2024-08-22 19:30:00,240.89999389648438,241.10000610351562,239.9199981689453,240.32000732421875,391104
2024-08-23 13:30:00,241.64500427246094,245.8350067138672,240.83999633789062,245.8249969482422,277537
2024-08-23 14:30:00,245.82000732421875,248.56500244140625,245.7100067138672,248.14999389648438,261137
2024-08-23 15:30:00,247.99000549316406,248.67999267578125,247.9199981689453,248.09010314941406,211841
2024-08-23 16:30:00,248.2100067138672,249.9550018310547,248.16000366210938,249.94000244140625,195976
2024-08-23 17:30:00,249.88999938964844,250.32000732421875,249.07679748535156,249.84249877929688,262226
2024-08-23 18:30:00,249.82249450683594,250.86000061035156,249.44000244140625,250.75999450683594,324623
2024-08-23 19:30:00,250.84500122070312,251.22999572753906,249.89999389648438,250.05999755859375,514173
2024-08-26 13:30:00,251.8800048828125,253.1999969482422,250.16000366210938,252.2050018310547,285977
2024-08-26 14:30:00,252.19000244140625,252.5500030517578,250.25010681152344,250.45249938964844,227918
2024-08-26 15:30:00,250.38999938964844,251.63999938964844,250.25,251.33999633789062,162877
2024-08-26 16:30:00,251.47000122070312,252.19000244140625,250.91000366210938,251.64999389648438,146218
2024-08-26 17:30:00,251.69000244140625,251.69000244140625,250.5677032470703,251.06500244140625,128315
2024-08-26 18:30:00,251.0800018310547,251.52999877929688,250.64999389648438,250.6699981689453,154600
2024-08-26 19:30:00,250.71499633789062,251.0,250.1199951171875,250.47000122070312,342367
2024-08-27 13:30:00,249.86000061035156,249.92999267578125,247.7801055908203,248.75999450683594,148452
2024-08-27 14:30:00,248.49000549316406,249.2100067138672,248.0800018310547,248.7899932861328,128144
2024-08-27 15:30:00,248.625,248.7899932861328,248.1136016845703,248.44000244140625,73816
2024-08-27 16:30:00,248.4600067138672,249.11000061035156,247.88009643554688,249.10000610351562,127917
2024-08-27 17:30:00,249.11000061035156,249.25999450683594,247.98500061035156,248.16000366210938,97271
2024-08-27 18:30:00,248.1501007080078,248.3699951171875,247.72000122070312,247.77999877929688,130795
2024-08-27 19:30:00,247.73500061035156,248.75999450683594,247.625,248.656005859375,298591
2024-08-28 13:30:00,248.47999572753906,250.42999267578125,248.05810546875,249.1699981689453,135861
2024-08-28 14:30:00,249.1699981689453,250.24000549316406,248.6199951171875,249.22000122070312,139493
2024-08-28 15:30:00,249.1999969482422,249.3800048828125,247.86000061035156,248.2050018310547,81653
2024-08-28 16:30:00,248.1999969482422,248.8800048828125,248.06500244140625,248.3800048828125,59312
2024-08-28 17:30:00,248.35499572753906,248.5800018310547,247.21009826660156,247.3800048828125,99434
2024-08-28 18:30:00,247.3800048828125,248.99000549316406,246.9199981689453,248.7449951171875,144435
2024-08-28 19:30:00,248.74000549316406,249.41000366210938,248.02000427246094,248.9199981689453,272145
2024-08-29 13:30:00,250.0,250.7469024658203,246.6300048828125,249.07000732421875,119656
2024-08-29 14:30:00,249.14999389648438,249.41200256347656,248.03390502929688,248.91000366210938,72062
2024-08-29 15:30:00,248.86489868164062,249.27999877929688,248.47000122070312,248.99000549316406,88947
2024-08-29 16:30:00,248.86000061035156,249.13999938964844,247.92999267578125,248.63499450683594,104698
2024-08-29 17:30:00,248.67999267578125,249.77999877929688,248.67999267578125,248.97500610351562,94811
2024-08-29 18:30:00,248.8300018310547,248.99000549316406,247.14999389648438,248.26499938964844,119440
2024-08-29 19:30:00,248.25999450683594,248.33999633789062,246.38499450683594,246.8800048828125,268661
2024-08-30 13:30:00,247.84500122070312,249.0500030517578,246.19000244140625,247.89999389648438,174418
2024-08-30 14:30:00,247.91000366210938,248.27999877929688,246.5800018310547,246.67999267578125,207672
2024-08-30 15:30:00,246.67999267578125,247.16990661621094,245.92999267578125,246.03500366210938,183976
2024-08-30 16:30:00,246.0399932861328,246.75999450683594,245.39999389648438,246.5,129751
2024-08-30 17:30:00,246.52999877929688,247.5500030517578,246.44320678710938,247.08999633789062,75850
2024-08-30 18:30:00,247.11000061035156,248.5,247.02000427246094,248.35499572753906,129574
2024-08-30 19:30:00,248.3574981689453,249.05999755859375,247.91000366210938,248.3300018310547,493814
2024-09-03 13:30:00,247.20010375976562,249.43499755859375,245.63999938964844,246.8300018310547,310148
2024-09-03 14:30:00,246.9499969482422,247.3699951171875,246.07000732421875,246.7100067138672,271167
2024-09-03 15:30:00,246.72000122070312,246.97999572753906,245.8699951171875,246.14999389648438,140279
2024-09-03 16:30:00,246.14999389648438,246.14999389648438,244.7100067138672,245.8000030517578,101510
2024-09-03 17:30:00,245.8000030517578,246.41000366210938,245.25,246.07000732421875,152814
2024-09-03 18:30:00,246.16000366210938,246.46640014648438,245.32000732421875,245.46499633789062,168286
2024-09-03 19:30:00,245.4600067138672,245.72999572753906,243.6199951171875,245.47000122070312,665232
2024-09-04 13:30:00,244.86000061035156,245.2100067138672,243.00999450683594,244.2550048828125,204854
2024-09-04 14:30:00,244.24000549316406,244.25999450683594,243.36000061035156,243.72999572753906,155203
2024-09-04 15:30:00,243.68499755859375,243.77000427246094,242.8350067138672,243.2449951171875,119838
2024-09-04 16:30:00,243.4199981689453,243.6999969482422,242.10000610351562,243.0449981689453,93322
2024-09-04 17:30:00,243.0,243.4199981689453,242.7899932861328,243.07000732421875,150189
2024-09-04 18:30:00,243.02000427246094,243.5749969482422,242.52699279785156,243.50999450683594,255860
2024-09-04 19:30:00,243.47999572753906,245.83999633789062,243.2899932861328,245.38999938964844,508642
2024-09-05 13:30:00,245.71499633789062,245.71499633789062,242.0,243.0449981689453,291895
2024-09-05 14:30:00,243.10000610351562,243.6199951171875,242.22999572753906,242.69000244140625,234391
2024-09-05 15:30:00,242.5399932861328,242.75999450683594,241.58999633789062,241.9600067138672,191924
2024-09-05 16:30:00,242.05999755859375,243.50999450683594,241.85000610351562,242.72999572753906,108412
2024-09-05 17:30:00,242.72999572753906,244.40750122070312,242.66000366210938,244.27000427246094,122804
2024-09-05 18:30:00,244.2550048828125,244.64999389648438,243.44000244140625,244.0399932861328,150250
2024-09-05 19:30:00,244.0500030517578,244.83999633789062,243.7100067138672,244.11000061035156,331140
2024-09-06 13:30:00,244.58999633789062,247.4600067138672,244.58999633789062,244.80999755859375,272957
2024-09-06 14:30:00,245.1999969482422,247.0399932861328,243.3300018310547,243.77000427246094,212370
2024-09-06 15:30:00,243.83999633789062,244.5,243.13999938964844,243.81500244140625,103421
2024-09-06 16:30:00,243.80459594726562,245.72000122070312,243.67999267578125,245.44000244140625,98833
2024-09-06 17:30:00,245.22999572753906,245.4600067138672,244.2301025390625,244.72000122070312,103452
2024-09-06 18:30:00,244.5334014892578,245.4600067138672,243.9001007080078,245.21499633789062,151120
2024-09-06 19:30:00,245.00999450683594,245.11000061035156,243.69000244140625,243.82000732421875,335315
2024-09-09 13:30:00,245.25,245.25,242.3350067138672,242.77000427246094,358409
2024-09-09 14:30:00,242.75999450683594,244.14999389648438,242.58999633789062,244.11000061035156,187906
2024-09-09 15:30:00,244.1699981689453,245.74000549316406,244.1699981689453,245.36500549316406,149246
2024-09-09 16:30:00,245.36500549316406,245.36500549316406,244.2899932861328,244.61500549316406,119279
2024-09-09 17:30:00,244.6300048828125,244.84500122070312,243.47999572753906,243.99000549316406,143721
2024-09-09 18:30:00,243.96499633789062,244.55990600585938,243.69000244140625,244.2449951171875,143702
2024-09-09 19:30:00,244.2449951171875,245.02999877929688,243.85000610351562,244.7100067138672,293993
2024-09-10 13:30:00,244.47000122070312,245.8699951171875,242.61000061035156,245.32000732421875,233798
2024-09-10 14:30:00,245.15499877929688,248.2899932861328,244.5500030517578,248.0800018310547,205724
2024-09-10 15:30:00,248.0500030517578,248.24000549316406,246.47000122070312,246.7100067138672,252324
2024-09-10 16:30:00,246.7100067138672,248.3800048828125,246.36000061035156,247.85000610351562,173485
2024-09-10 17:30:00,247.86000061035156,248.01499938964844,246.89999389648438,247.22999572753906,153647
2024-09-10 18:30:00,247.16000366210938,247.6300048828125,246.72000122070312,247.02000427246094,244087
2024-09-10 19:30:00,246.9600067138672,247.52000427246094,246.4499969482422,247.3800048828125,436275
2024-09-11 13:30:00,245.05999755859375,245.05999755859375,240.05999755859375,240.52000427246094,251957
2024-09-11 14:30:00,240.4149932861328,242.41920471191406,240.2899932861328,242.02000427246094,263846
2024-09-11 15:30:00,242.0,243.82000732421875,241.92999267578125,243.82000732421875,164527
2024-09-11 16:30:00,243.91000366210938,245.468994140625,243.61000061035156,245.30499267578125,84192
2024-09-11 17:30:00,245.4600067138672,246.63999938964844,245.16000366210938,246.5,108761
2024-09-11 18:30:00,246.5500030517578,247.42880249023438,246.3249969482422,247.375,187452
2024-09-11 19:30:00,247.39999389648438,247.83999633789062,246.46620178222656,247.3000030517578,328911
2024-09-12 13:30:00,248.58999633789062,249.6300048828125,247.52000427246094,249.38999938964844,257449
2024-09-12 14:30:00,249.41000366210938,250.47000122070312,248.92999267578125,249.36000061035156,181830
2024-09-12 15:30:00,249.3000030517578,250.05999755859375,248.63009643554688,248.80999755859375,140949
2024-09-12 16:30:00,248.64999389648438,250.89999389648438,248.64999389648438,250.88999938964844,121320
2024-09-12 17:30:00,250.875,251.72999572753906,250.8000030517578,251.13999938964844,147524
2024-09-12 18:30:00,251.16000366210938,251.72000122070312,250.22999572753906,251.5800018310547,173848
2024-09-12 19:30:00,251.5800018310547,252.1999969482422,250.8000030517578,252.14999389648438,415313
2024-09-13 13:30:00,252.99000549316406,257.2699890136719,252.63999938964844,256.8999938964844,412379
2024-09-13 14:30:00,256.7900085449219,257.4100036621094,255.36000061035156,255.5800018310547,250510
2024-09-13 15:30:00,255.69500732421875,257.1199951171875,255.69500732421875,256.0400085449219,239827
2024-09-13 16:30:00,255.9600067138672,256.4800109863281,255.30999755859375,255.85000610351562,108911
2024-09-13 17:30:00,255.7949981689453,256.0400085449219,254.72999572753906,254.85000610351562,127937
2024-09-13 18:30:00,254.86000061035156,255.39999389648438,254.0399932861328,254.99000549316406,242147
2024-09-13 19:30:00,254.99000549316406,255.8300018310547,254.86000061035156,255.42999267578125,411514
2024-09-16 13:30:00,257.04998779296875,258.1300048828125,255.5500030517578,256.19000244140625,258505
2024-09-16 14:30:00,256.1600036621094,256.6499938964844,254.22000122070312,254.42750549316406,216522
2024-09-16 15:30:00,254.52999877929688,256.54998779296875,254.4250030517578,256.4949951171875,115192
2024-09-16 16:30:00,256.5199890136719,256.79998779296875,255.9499969482422,256.54998779296875,121023
2024-09-16 17:30:00,256.6000061035156,257.010009765625,256.4100036621094,256.68499755859375,122172
2024-09-16 18:30:00,256.6600036621094,257.1300048828125,256.1499938964844,256.4700012207031,140025
2024-09-16 19:30:00,256.57000732421875,256.9700012207031,256.3699951171875,256.6400146484375,272603
2024-09-17 13:30:00,258.0,259.489990234375,256.0299987792969,258.6099853515625,216738
2024-09-17 14:30:00,258.510009765625,259.4700012207031,258.3999938964844,258.69000244140625,156690
2024-09-17 15:30:00,258.6050109863281,259.0199890136719,257.5799865722656,257.92999267578125,107991
2024-09-17 16:30:00,257.8299865722656,257.8299865722656,256.0,257.5899963378906,76901
2024-09-17 17:30:00,257.5199890136719,257.8900146484375,256.8800048828125,257.37109375,84242
2024-09-17 18:30:00,257.3399963378906,257.7300109863281,256.8500061035156,257.1000061035156,129746
2024-09-17 19:30:00,257.0,257.29998779296875,256.489990234375,256.95001220703125,252486
2024-09-18 13:30:00,257.1300048828125,258.260009765625,255.5500030517578,257.510009765625,142503
2024-09-18 14:30:00,257.510009765625,257.510009765625,256.1199951171875,257.07000732421875,173769
2024-09-18 15:30:00,256.92999267578125,257.2900085449219,256.135009765625,256.3699951171875,69568
2024-09-18 16:30:00,256.2799987792969,256.69000244140625,256.2699890136719,256.625,98742
2024-09-18 17:30:00,256.68499755859375,260.80999755859375,255.5500030517578,260.75,268671
2024-09-18 18:30:00,260.69500732421875,261.9700012207031,257.510009765625,258.6000061035156,265996
2024-09-18 19:30:00,258.30999755859375,258.82000732421875,256.3800048828125,256.6199951171875,264150
2024-09-19 13:30:00,260.8900146484375,262.2799987792969,259.63848876953125,261.0775146484375,410465
2024-09-19 14:30:00,261.2799987792969,261.6000061035156,260.1650085449219,260.2900085449219,283607
2024-09-19 15:30:00,260.3800048828125,260.8999938964844,259.54998779296875,260.5199890136719,107908
2024-09-19 16:30:00,260.5249938964844,261.649658203125,260.4599914550781,261.4549865722656,93665
2024-09-19 17:30:00,261.2900085449219,261.70001220703125,260.7699890136719,261.55999755859375,167225
2024-09-19 18:30:00,261.54998779296875,261.6000061035156,260.5400085449219,260.7250061035156,229586
2024-09-19 19:30:00,260.67999267578125,261.0199890136719,260.1300048828125,261.0,487082
2024-09-20 13:30:00,259.2799987792969,260.69500732421875,257.95001220703125,259.92498779296875,700434
2024-09-20 14:30:00,259.92498779296875,261.2200012207031,259.8399963378906,260.3299865722656,383815
2024-09-20 15:30:00,260.364990234375,261.3299865722656,260.0198974609375,261.0851745605469,165721
2024-09-20 16:30:00,260.9800109863281,261.54998779296875,260.7300109863281,260.7300109863281,167304
2024-09-20 17:30:00,260.6600036621094,261.1050109863281,260.1600036621094,260.4599914550781,162379
2024-09-20 18:30:00,260.3699951171875,260.8399963378906,259.8699951171875,260.54998779296875,224042
2024-09-20 19:30:00,260.6400146484375,261.1700134277344,260.07000732421875,260.0899963378906,478152
2024-09-23 13:30:00,260.79998779296875,262.2300109863281,258.2799987792969,259.5,167152
2024-09-23 14:30:00,259.44000244140625,259.7799987792969,258.95001220703125,259.4800109863281,116562
2024-09-23 15:30:00,259.4800109863281,260.239990234375,259.2749938964844,259.8699951171875,125518
2024-09-23 16:30:00,259.9200134277344,260.92999267578125,259.6499938964844,260.7099914550781,198117
2024-09-23 17:30:00,260.82000732421875,261.2200012207031,260.3800048828125,260.7950134277344,204125
2024-09-23 18:30:00,260.7699890136719,261.70001220703125,260.75,261.54998779296875,153347
2024-09-23 19:30:00,261.54998779296875,262.4599914550781,261.43499755859375,262.3500061035156,391145
2024-09-24 13:30:00,265.3299865722656,268.0899963378906,264.05999755859375,264.9335021972656,423295
2024-09-24 14:30:00,265.135009765625,265.6722106933594,264.4599914550781,264.55999755859375,255000
2024-09-24 15:30:00,264.5450134277344,264.8500061035156,263.44500732421875,264.1000061035156,153956
2024-09-24 16:30:00,264.135009765625,265.6099853515625,264.0199890136719,265.0899963378906,861265
2024-09-24 17:30:00,265.0799865722656,265.3380126953125,264.6000061035156,265.1300048828125,0
2024-09-24 18:30:00,265.1499938964844,265.6600036621094,264.7900085449219,265.55999755859375,142279
2024-09-24 19:30:00,265.6300048828125,266.510009765625,265.3699951171875,266.20001220703125,393558
2024-09-25 13:30:00,266.1499938964844,266.6000061035156,264.3399963378906,264.82000732421875,173455
2024-09-25 14:30:00,264.9700012207031,265.25,264.25,264.7650146484375,108779
2024-09-25 15:30:00,264.7900085449219,265.1099853515625,263.9200134277344,264.80999755859375,279094
2024-09-25 16:30:00,264.69000244140625,265.1600036621094,264.2699890136719,264.57000732421875,177043
2024-09-25 17:30:00,264.55999755859375,265.1499938964844,264.3800048828125,264.8299865722656,156549
2024-09-25 18:30:00,264.82000732421875,265.20001220703125,264.4501037597656,264.8999938964844,171074
2024-09-25 19:30:00,264.8399963378906,265.0899963378906,264.1300048828125,264.9800109863281,270515
2024-09-26 13:30:00,266.1400146484375,266.1499938964844,259.2900085449219,264.2349853515625,552920
2024-09-26 14:30:00,264.2200012207031,265.69000244140625,264.0,264.42498779296875,204821
2024-09-26 15:30:00,264.42498779296875,265.67999267578125,264.2099914550781,265.5199890136719,167632
2024-09-26 16:30:00,265.5299987792969,266.17999267578125,265.0,266.135009765625,119370
2024-09-26 17:30:00,266.25,266.7300109863281,265.8699951171875,266.30999755859375,134687
2024-09-26 18:30:00,266.3699951171875,266.6600036621094,265.4200134277344,265.489990234375,156654
2024-09-26 19:30:00,265.4800109863281,266.1000061035156,264.92999267578125,265.739990234375,276558
2024-09-27 13:30:00,267.75,268.7055969238281,266.0,268.625,204897
2024-09-27 14:30:00,268.5400085449219,268.7099914550781,267.67498779296875,268.090087890625,131891
2024-09-27 15:30:00,268.2200012207031,268.4299011230469,266.7915954589844,267.0498962402344,92670
2024-09-27 16:30:00,266.7300109863281,267.0199890136719,266.239990234375,266.7200012207031,71578
2024-09-27 17:30:00,266.760009765625,266.8699951171875,266.1400146484375,266.260009765625,84041
2024-09-27 18:30:00,266.3900146484375,267.17999267578125,265.739990234375,266.79998779296875,115588
2024-09-27 19:30:00,266.70001220703125,267.6099853515625,266.69000244140625,267.1600036621094,241515
2024-09-30 13:30:00,268.42999267578125,269.3299865722656,267.07000732421875,268.3999938964844,239990
2024-09-30 14:30:00,268.54998779296875,270.5,268.42498779296875,269.4800109863281,226202
2024-09-30 15:30:00,269.5069885253906,270.0199890136719,268.9700012207031,269.8999938964844,111588
2024-09-30 16:30:00,269.82000732421875,270.2699890136719,269.29998779296875,270.1080017089844,98013
2024-09-30 17:30:00,270.0,270.7349853515625,268.07501220703125,269.0899963378906,157392
2024-09-30 18:30:00,269.1300048828125,269.9198913574219,268.3800048828125,269.8399963378906,154459
2024-09-30 19:30:00,269.7300109863281,271.2749938964844,269.69000244140625,270.8699951171875,342153
2024-10-01 13:30:00,270.010009765625,270.8500061035156,268.6300048828125,269.55499267578125,284317
2024-10-01 14:30:00,268.8399963378906,270.5400085449219,268.2200012207031,270.5400085449219,166286
2024-10-01 15:30:00,270.29998779296875,271.010009765625,269.989990234375,270.2200012207031,128738
2024-10-01 16:30:00,270.67999267578125,271.79998779296875,269.6600036621094,271.07000732421875,230074
2024-10-01 17:30:00,270.9800109863281,274.1600036621094,270.9800109863281,273.8487854003906,281962
2024-10-01 18:30:00,273.8399963378906,273.9700012207031,272.55999755859375,273.7099914550781,370046
2024-10-01 19:30:00,273.7099914550781,273.75,272.3699951171875,272.6600036621094,464115
2024-10-02 13:30:00,271.7799987792969,272.8999938964844,270.7650146484375,271.4700012207031,226123
2024-10-02 14:30:00,271.4700012207031,272.5,270.8399963378906,271.56500244140625,227389
2024-10-02 15:30:00,271.6000061035156,272.2850036621094,271.0199890136719,271.8900146484375,179508
2024-10-02 16:30:00,271.82000732421875,271.82000732421875,270.75,271.2449951171875,156980
2024-10-02 17:30:00,271.1600036621094,272.0350036621094,270.75,271.05999755859375,180027
2024-10-02 18:30:00,271.0,271.6700134277344,270.80999755859375,271.6600036621094,201089
2024-10-02 19:30:00,271.6300048828125,272.0,271.1072082519531,271.8800048828125,356715
2024-10-03 13:30:00,271.4800109863281,272.29998779296875,268.6199951171875,269.2900085449219,199911
2024-10-03 14:30:00,269.3500061035156,270.8999938964844,268.9200134277344,270.5799865722656,123710
2024-10-03 15:30:00,270.739990234375,271.239990234375,270.375,270.7900085449219,119232
2024-10-03 16:30:00,270.7699890136719,270.7699890136719,269.2149963378906,269.489990234375,75890
2024-10-03 17:30:00,269.3900146484375,269.8800048828125,269.2300109863281,269.55999755859375,89344
2024-10-03 18:30:00,269.5592041015625,269.8999938964844,269.2099914550781,269.7850036621094,140308
2024-10-03 19:30:00,269.75,270.3800048828125,269.19000244140625,270.2900085449219,258607
2024-10-04 13:30:00,270.0,270.4599914550781,264.4916076660156,265.0,403604
2024-10-04 14:30:00,264.8580017089844,265.45001220703125,263.16009521484375,264.92999267578125,315667
2024-10-04 15:30:00,264.8299865722656,266.7956848144531,264.17999267578125,265.8999938964844,248190
2024-10-04 16:30:00,265.8500061035156,267.4200134277344,265.6000061035156,266.67999267578125,130311
2024-10-04 17:30:00,266.5899963378906,266.95001220703125,265.7200012207031,266.2799987792969,131420
2024-10-04 18:30:00,266.19000244140625,267.260009765625,266.1199951171875,267.06500244140625,183278
2024-10-04 19:30:00,267.0299987792969,267.9100036621094,266.739990234375,267.70001220703125,394679
2024-10-07 13:30:00,265.1499938964844,268.1199951171875,263.5899963378906,267.5950012207031,388921
2024-10-07 14:30:00,267.54998779296875,268.9599914550781,267.25250244140625,268.79998779296875,219395
2024-10-07 15:30:00,268.8450012207031,269.0150146484375,267.30999755859375,267.92999267578125,224166
2024-10-07 16:30:00,268.1099853515625,269.909912109375,267.92999267578125,269.3599853515625,189558
2024-10-07 17:30:00,269.19000244140625,269.55999755859375,268.2699890136719,268.6499938964844,154514
2024-10-07 18:30:00,268.5299987792969,269.19000244140625,267.70001220703125,268.9649963378906,310971
2024-10-07 19:30:00,268.9649963378906,269.4150085449219,268.3299865722656,268.489990234375,359652
2024-10-08 13:30:00,270.4800109863281,273.4100036621094,269.80999755859375,272.2300109863281,388243
2024-10-08 14:30:00,272.1199951171875,273.25,271.2200012207031,272.7449951171875,225864
2024-10-08 15:30:00,272.82000732421875,273.5788879394531,272.75,273.1824951171875,114609
2024-10-08 16:30:00,273.18499755859375,274.0400085449219,272.70001220703125,272.8299865722656,182365
2024-10-08 17:30:00,272.760009765625,273.6000061035156,272.5199890136719,273.5299987792969,118056
2024-10-08 18:30:00,273.57000732421875,274.25,273.4800109863281,273.9800109863281,217055
2024-10-08 19:30:00,273.9700012207031,274.260009765625,273.2300109863281,273.260009765625,338712
2024-10-09 13:30:00,278.1000061035156,278.1000061035156,273.2799987792969,273.31500244140625,458046
2024-10-09 14:30:00,273.42999267578125,274.8800048828125,273.2799987792969,273.92999267578125,251139
2024-10-09 15:30:00,273.8399963378906,275.8500061035156,273.6099853515625,275.1805114746094,244049
2024-10-09 16:30:00,275.25360107421875,275.970703125,274.9200134277344,275.8599853515625,113804
2024-10-09 17:30:00,275.69000244140625,276.1499938964844,274.8699951171875,275.2449951171875,178846
2024-10-09 18:30:00,275.1400146484375,276.5899963378906,275.1400146484375,276.5050048828125,209023
2024-10-09 19:30:00,276.55999755859375,277.5899963378906,276.239990234375,277.1199951171875,436417
2024-10-10 13:30:00,272.82000732421875,274.8500061035156,270.989990234375,273.6300048828125,429431
2024-10-10 14:30:00,273.69000244140625,274.35260009765625,272.79998779296875,274.0299987792969,145370
2024-10-10 15:30:00,274.0199890136719,274.9165954589844,273.3900146484375,274.885009765625,115644
2024-10-10 16:30:00,274.80999755859375,275.04998779296875,273.6700134277344,274.0199890136719,110916
2024-10-10 17:30:00,274.04998779296875,274.1099853515625,272.67340087890625,273.135009765625,119941
2024-10-10 18:30:00,273.135009765625,273.19000244140625,272.0299987792969,272.625,189781
2024-10-10 19:30:00,272.6000061035156,273.510009765625,272.010009765625,273.2200012207031,280084
2024-10-11 13:30:00,274.010009765625,276.5299987792969,274.010009765625,275.510009765625,202311
2024-10-11 14:30:00,275.3999938964844,276.2699890136719,275.260009765625,275.8699951171875,137500
2024-10-11 15:30:00,275.875,276.7300109863281,275.2471923828125,275.3699951171875,122011
2024-10-11 16:30:00,275.4200134277344,275.8450012207031,275.1600036621094,275.44000244140625,80698
2024-10-11 17:30:00,275.44000244140625,275.5799865722656,275.0,275.45001220703125,98611
2024-10-11 18:30:00,275.45001220703125,275.79998779296875,275.0799865722656,275.4750061035156,117451
2024-10-11 19:30:00,275.510009765625,276.5,275.510009765625,275.75,240388
2024-10-14 13:30:00,275.69000244140625,278.32000732421875,275.510009765625,278.239990234375,189112
2024-10-14 14:30:00,278.2699890136719,279.3550109863281,278.1600036621094,278.5199890136719,169111
2024-10-14 15:30:00,278.4949951171875,279.7200012207031,278.3800048828125,279.510009765625,167103
2024-10-14 16:30:00,279.5299987792969,279.8599853515625,278.94000244140625,279.7598876953125,132439
2024-10-14 17:30:00,279.75,280.45001220703125,279.32000732421875,280.1549987792969,195776
2024-10-14 18:30:00,280.19000244140625,281.3099060058594,280.19000244140625,281.20001220703125,211415
2024-10-14 19:30:00,281.260009765625,281.3999938964844,280.67999267578125,280.75,380317
2024-10-15 13:30:00,281.9200134277344,286.58990478515625,281.3699951171875,285.82000732421875,334249
2024-10-15 14:30:00,285.6499938964844,287.010009765625,284.9200134277344,286.8999938964844,378358
2024-10-15 15:30:00,286.7799987792969,286.8900146484375,284.55999755859375,284.8500061035156,205027
2024-10-15 16:30:00,284.80999755859375,285.239990234375,283.3299865722656,283.6499938964844,183182
2024-10-15 17:30:00,283.5899963378906,283.8299865722656,282.17999267578125,282.4200134277344,138629
2024-10-15 18:30:00,282.45001220703125,282.8349914550781,281.64898681640625,282.010009765625,193370
2024-10-15 19:30:00,282.010009765625,282.5799865722656,281.5,281.9800109863281,450273
2024-10-16 13:30:00,281.0899963378906,284.1099853515625,280.80999755859375,282.29998779296875,202312
2024-10-16 14:30:00,282.05999755859375,282.3599853515625,280.989990234375,281.7099914550781,227404
2024-10-16 15:30:00,281.5899963378906,282.54998779296875,281.5,282.2099914550781,160987
2024-10-16 16:30:00,282.239990234375,282.510009765625,281.489990234375,282.4100036621094,128673
2024-10-16 17:30:00,282.4100036621094,283.6499938964844,282.2200012207031,283.5,112495
2024-10-16 18:30:00,283.5,283.7699890136719,282.94000244140625,283.6600036621094,143655
2024-10-16 19:30:00,283.6600036621094,284.3999938964844,283.57000732421875,284.1499938964844,401229
2024-10-17 13:30:00,284.0,285.239990234375,282.3500061035156,282.8299865722656,280568
2024-10-17 14:30:00,282.7200012207031,282.9800109863281,281.4800109863281,282.239990234375,150499
2024-10-17 15:30:00,282.3299865722656,282.55999755859375,281.57501220703125,282.1717529296875,120656
2024-10-17 16:30:00,282.05999755859375,282.7900085449219,281.9649963378906,282.1199951171875,96487
2024-10-17 17:30:00,282.17999267578125,282.4859924316406,281.260009765625,281.3800048828125,113804
2024-10-17 18:30:00,281.45001220703125,281.70001220703125,281.1099853515625,281.1700134277344,152187
2024-10-17 19:30:00,281.32989501953125,281.8900146484375,281.010009765625,281.2799987792969,316441
2024-10-18 13:30:00,281.79998779296875,281.79998779296875,279.0899963378906,279.9800109863281,421996
2024-10-18 14:30:00,279.9599914550781,281.80999755859375,279.9599914550781,281.239990234375,377365
2024-10-18 15:30:00,281.0899963378906,282.2300109863281,280.6000061035156,281.3599853515625,201376
2024-10-18 16:30:00,281.4100036621094,282.3500061035156,281.1099853515625,281.7950134277344,110169
2024-10-18 17:30:00,281.80999755859375,282.3799133300781,281.3900146484375,282.1745910644531,101480
2024-10-18 18:30:00,282.0,282.2615966796875,280.8900146484375,280.9800109863281,174843
2024-10-18 19:30:00,281.0299987792969,281.8999938964844,280.875,281.6499938964844,231572
2024-10-21 13:30:00,280.5799865722656,282.70001220703125,279.79998779296875,279.92999267578125,241088
2024-10-21 14:30:00,279.9100036621094,280.510009765625,277.6300048828125,277.8900146484375,172255
2024-10-21 15:30:00,277.9100036621094,278.3299865722656,276.8999938964844,277.2749938964844,150920
2024-10-21 16:30:00,277.2749938964844,277.5833435058594,276.80010986328125,277.0,128509
2024-10-21 17:30:00,276.95001220703125,276.9700012207031,275.69000244140625,275.9750061035156,219490
2024-10-21 18:30:00,275.95001220703125,276.4800109863281,275.6700134277344,276.1296691894531,197864
2024-10-21 19:30:00,276.0799865722656,277.0350036621094,275.94000244140625,276.92999267578125,337254
2024-10-22 13:30:00,272.0199890136719,272.30999755859375,268.1700134277344,270.7300109863281,760223
2024-10-22 14:30:00,270.6499938964844,271.6099853515625,270.0,270.4100036621094,316985
2024-10-22 15:30:00,270.4599914550781,271.8251953125,270.1499938964844,271.7099914550781,196977
2024-10-22 16:30:00,271.8160095214844,272.7598876953125,271.7900085449219,272.3699951171875,159347
2024-10-22 17:30:00,272.3699951171875,272.95001220703125,271.6300048828125,272.7850036621094,191507
2024-10-22 18:30:00,272.7300109863281,273.1499938964844,272.01458740234375,272.7900085449219,230924
2024-10-22 19:30:00,272.7900085449219,273.4200134277344,272.19000244140625,272.2300109863281,390382
2024-10-23 13:30:00,270.6600036621094,272.6076965332031,269.69000244140625,271.4800109863281,312567
2024-10-23 14:30:00,271.3299865722656,271.6600036621094,270.44500732421875,270.75,273047
2024-10-23 15:30:00,270.79998779296875,271.7699890136719,270.7300109863281,270.94000244140625,147301
2024-10-23 16:30:00,270.9100036621094,271.42999267578125,270.4100036621094,270.44000244140625,153769
2024-10-23 17:30:00,270.45001220703125,271.3999938964844,269.42999267578125,269.6499938964844,276918
2024-10-23 18:30:00,269.6199951171875,270.25,269.239990234375,269.6000061035156,255277
2024-10-23 19:30:00,269.5899963378906,270.4700012207031,269.3999938964844,270.0299987792969,365974
2024-10-24 13:30:00,270.70001220703125,272.3785095214844,270.1400146484375,272.0299987792969,273711
2024-10-24 14:30:00,272.0299987792969,272.25,270.79998779296875,270.79998779296875,128634
2024-10-24 15:30:00,270.75,270.760009765625,269.7900085449219,270.57501220703125,110018
2024-10-24 16:30:00,270.57501220703125,271.510009765625,270.57501220703125,271.4700012207031,79877
2024-10-24 17:30:00,271.4200134277344,271.94000244140625,271.17999267578125,271.4100036621094,139212
2024-10-24 18:30:00,271.4200134277344,272.0150146484375,270.9949951171875,271.9800109863281,143971
2024-10-24 19:30:00,271.9700012207031,272.20001220703125,271.239990234375,271.3699951171875,289276
2024-10-25 13:30:00,270.4700012207031,271.17999267578125,269.30999755859375,270.23199462890625,191899
2024-10-25 14:30:00,270.2850036621094,270.2850036621094,267.8599853515625,268.4599914550781,251659
2024-10-25 15:30:00,268.4150085449219,269.1400146484375,268.010009765625,269.07000732421875,159329
2024-10-25 16:30:00,269.0899963378906,269.0899963378906,267.05999755859375,267.30999755859375,139642
2024-10-25 17:30:00,267.2900085449219,267.57000732421875,266.260009765625,267.43499755859375,200286
2024-10-25 18:30:00,267.44000244140625,267.9198913574219,266.7099914550781,267.0150146484375,178045
2024-10-25 19:30:00,267.0150146484375,267.8399963378906,266.6300048828125,267.6099853515625,344849
2024-10-28 13:30:00,270.20001220703125,271.19000244140625,269.20001220703125,270.43499755859375,206507
2024-10-28 14:30:00,270.3399963378906,270.3399963378906,269.0799865722656,269.30999755859375,146788
2024-10-28 15:30:00,269.2850036621094,269.2850036621094,268.05999755859375,268.1199951171875,122655
2024-10-28 16:30:00,268.1499938964844,268.2900085449219,267.6000061035156,267.94000244140625,122214
2024-10-28 17:30:00,267.8999938964844,268.4399108886719,267.8999938964844,268.0315856933594,184648
2024-10-28 18:30:00,268.05999755859375,268.45001220703125,267.67999267578125,268.06500244140625,222381
2024-10-28 19:30:00,268.06500244140625,268.57000732421875,267.9100036621094,268.0199890136719,289492
2024-10-29 13:30:00,263.20001220703125,264.80999755859375,260.5199890136719,263.6700134277344,528250
2024-10-29 14:30:00,263.6000061035156,264.25,263.2699890136719,263.80999755859375,200394
2024-10-29 15:30:00,263.8699951171875,265.06500244140625,263.6199951171875,264.25,191798
2024-10-29 16:30:00,264.239990234375,264.875,263.8699951171875,264.0799865722656,137565
2024-10-29 17:30:00,264.1199951171875,264.1200866699219,263.3699951171875,263.57000732421875,148984
2024-10-29 18:30:00,263.57501220703125,263.95001220703125,263.1099853515625,263.739990234375,205325
2024-10-29 19:30:00,263.760009765625,263.79998779296875,262.8900146484375,262.9800109863281,433680
2024-10-30 13:30:00,262.5299987792969,265.4397888183594,262.510009765625,264.8349914550781,225527
2024-10-30 14:30:00,264.67999267578125,264.7799987792969,263.2900085449219,263.5150146484375,161761
2024-10-30 15:30:00,263.5150146484375,264.2200012207031,263.0199890136719,263.1600036621094,151829
2024-10-30 16:30:00,263.19000244140625,263.19000244140625,262.54998779296875,262.5799865722656,141958
2024-10-30 17:30:00,262.5,262.88330078125,261.760009765625,262.1400146484375,245901
2024-10-30 18:30:00,262.0899963378906,262.19000244140625,260.8299865722656,261.32000732421875,183280
2024-10-30 19:30:00,261.32000732421875,261.8399963378906,260.2099914550781,261.54998779296875,395976
2024-10-31 13:30:00,261.3999938964844,263.3900146484375,260.9599914550781,261.94000244140625,260220
2024-10-31 14:30:00,261.80999755859375,262.6299133300781,261.07000732421875,261.5799865722656,206298
2024-10-31 15:30:00,261.6300048828125,262.1000061035156,261.2149963378906,261.8399963378906,148093
2024-10-31 16:30:00,261.739990234375,262.45001220703125,261.32000732421875,262.1400146484375,111006
2024-10-31 17:30:00,262.04998779296875,262.79998779296875,261.8900146484375,262.7799987792969,157462
2024-10-31 18:30:00,262.7799987792969,263.0299987792969,262.1700134277344,262.9200134277344,180650
2024-10-31 19:30:00,262.9800109863281,263.510009765625,261.5400085449219,261.8699951171875,585589
2024-11-01 13:30:00,265.54998779296875,266.7699890136719,264.05999755859375,265.5849914550781,498704
2024-11-01 14:30:00,265.6600036621094,265.9200134277344,263.9700012207031,264.260009765625,165661
2024-11-01 15:30:00,264.2749938964844,264.2749938964844,262.82000732421875,263.19000244140625,185659
2024-11-01 16:30:00,263.19500732421875,263.42999267578125,262.42999267578125,263.010009765625,261134
2024-11-01 17:30:00,263.1000061035156,263.1000061035156,261.7699890136719,262.3800048828125,153502
2024-11-01 18:30:00,262.3500061035156,263.0400085449219,262.25,262.3599853515625,166681
2024-11-01 19:30:00,262.2799987792969,262.2850036621094,261.57000732421875,261.92999267578125,316074
2024-11-04 14:30:00,262.4100036621094,267.54998779296875,262.3800048828125,267.2449951171875,410209
2024-11-04 15:30:00,267.06500244140625,267.57000732421875,265.9599914550781,266.0799865722656,299072
2024-11-04 16:30:00,266.0849914550781,266.0849914550781,264.67498779296875,265.760009765625,139022
2024-11-04 17:30:00,265.81500244140625,265.9800109863281,265.0199890136719,265.74249267578125,105818
2024-11-04 18:30:00,265.7699890136719,266.0199890136719,264.8999938964844,265.0799865722656,125477
2024-11-04 19:30:00,265.06500244140625,265.75,264.7699890136719,265.0,124211
2024-11-04 20:30:00,264.989990234375,265.3699951171875,264.75,265.04998779296875,217534
2024-11-05 14:30:00,264.05999755859375,267.8599853515625,264.05999755859375,267.3450012207031,321706
2024-11-05 15:30:00,267.4800109863281,267.82000732421875,266.75,266.8900146484375,113365
2024-11-05 16:30:00,266.8900146484375,267.5799865722656,266.8599853515625,267.2650146484375,122348
2024-11-05 17:30:00,267.29998779296875,268.20001220703125,267.29998779296875,267.79998779296875,94234
2024-11-05 18:30:00,267.80499267578125,268.3599853515625,267.4150085449219,268.0400085449219,93675
2024-11-05 19:30:00,268.135009765625,268.54998779296875,267.80999755859375,268.3900146484375,176341
2024-11-05 20:30:00,268.385009765625,269.2699890136719,268.2699890136719,269.239990234375,243494
2024-11-06 14:30:00,266.1499938964844,266.1499938964844,258.7099914550781,260.4599914550781,1292549
2024-11-06 15:30:00,260.4549865722656,260.4549865722656,257.25,259.3699951171875,497215
2024-11-06 16:30:00,259.4200134277344,260.3699951171875,258.5899963378906,258.67999267578125,299919
2024-11-06 17:30:00,258.54998779296875,259.7200012207031,258.2500915527344,259.30499267578125,285729
2024-11-06 18:30:00,259.2900085449219,260.2749938964844,258.8299865722656,259.8699951171875,234604
2024-11-06 19:30:00,259.9399108886719,262.4100036621094,259.70001220703125,262.0799865722656,385160
2024-11-06 20:30:00,262.0450134277344,262.8699951171875,261.6000061035156,261.6700134277344,434802
2024-11-07 14:30:00,262.7900085449219,266.739990234375,262.5,266.2799987792969,351632
2024-11-07 15:30:00,266.2200012207031,266.92999267578125,264.1499938964844,264.19000244140625,196850
2024-11-07 16:30:00,264.20001220703125,265.2077941894531,263.8800048828125,264.9574890136719,146536
2024-11-07 17:30:00,264.9100036621094,265.2650146484375,264.739990234375,265.010009765625,129755
2024-11-07 18:30:00,264.9800109863281,265.17999267578125,263.75,264.4150085449219,138498
2024-11-07 19:30:00,264.44000244140625,266.3699951171875,264.44000244140625,266.1700134277344,288018
2024-11-07 20:30:00,266.2099914550781,267.1400146484375,266.0799865722656,266.30999755859375,346507
2024-11-08 14:30:00,268.9800109863281,271.07000732421875,267.9054870605469,270.6600036621094,277686
2024-11-08 15:30:00,270.739990234375,271.55999755859375,270.29998779296875,271.29998779296875,267793
2024-11-08 16:30:00,271.3450012207031,271.70001220703125,270.1050109863281,270.2900085449219,157200
2024-11-08 17:30:00,270.29998779296875,271.04998779296875,270.19000244140625,270.4599914550781,85877
2024-11-08 18:30:00,270.4700012207031,271.3299865722656,270.4700012207031,271.05499267578125,95469
2024-11-08 19:30:00,270.92999267578125,271.8999938964844,270.85009765625,271.2900085449219,267913
2024-11-08 20:30:00,271.2950134277344,271.5199890136719,270.760009765625,271.17999267578125,346589
2024-11-11 14:30:00,273.6199951171875,276.29998779296875,272.2900085449219,275.9389953613281,422610
2024-11-11 15:30:00,276.010009765625,276.1300048828125,275.0400085449219,275.2349853515625,192734
2024-11-11 16:30:00,275.07501220703125,276.05999755859375,274.8299865722656,275.2650146484375,153976
2024-11-11 17:30:00,275.2799987792969,275.6000061035156,274.1099853515625,274.3699951171875,179815
2024-11-11 18:30:00,274.3699951171875,274.3699951171875,273.4100036621094,273.9700012207031,149671
2024-11-11 19:30:00,273.8900146484375,274.3599853515625,273.3699951171875,273.989990234375,188755
2024-11-11 20:30:00,274.0,274.7300109863281,273.95001220703125,274.54998779296875,445561
2024-11-12 14:30:00,275.75,276.7699890136719,270.3500061035156,270.6449890136719,428362
2024-11-12 15:30:00,270.8699951171875,272.0199890136719,270.764892578125,271.4949951171875,271866
2024-11-12 16:30:00,271.260009765625,271.6300048828125,270.5899963378906,271.3399963378906,160349
2024-11-12 17:30:00,271.2900085449219,271.489990234375,270.1499938964844,270.5150146484375,175805
2024-11-12 18:30:00,270.5150146484375,271.2799987792969,270.25,271.0199890136719,246562
2024-11-12 19:30:00,270.95001220703125,271.2699890136719,270.20001220703125,270.6099853515625,247224
2024-11-12 20:30:00,270.55999755859375,270.57501220703125,269.44000244140625,269.9100036621094,446128
2024-11-13 14:30:00,272.70001220703125,274.29998779296875,272.04998779296875,273.3999938964844,297099
2024-11-13 15:30:00,273.3800048828125,273.80999755859375,272.3399963378906,273.16180419921875,212573
2024-11-13 16:30:00,273.3399963378906,273.6099853515625,272.44000244140625,272.6099853515625,126795
2024-11-13 17:30:00,272.7900085449219,273.1449890136719,272.3500061035156,272.7349853515625,136927
2024-11-13 18:30:00,272.6549987792969,272.9100036621094,271.7900085449219,271.9587097167969,108759
2024-11-13 19:30:00,271.8800048828125,272.6099853515625,270.82000732421875,272.2699890136719,193452
2024-11-13 20:30:00,272.29998779296875,272.94000244140625,272.1499938964844,272.5199890136719,264832
2024-11-14 14:30:00,272.6600036621094,273.3900146484375,271.3699951171875,273.2300109863281,354256
2024-11-14 15:30:00,273.2051086425781,273.3299865722656,272.0,272.5,162326
2024-11-14 16:30:00,272.4599914550781,272.6099853515625,271.3999938964844,271.9700012207031,179394
2024-11-14 17:30:00,271.8699951171875,272.32000732421875,271.25,271.8699951171875,124602
2024-11-14 18:30:00,271.8500061035156,272.1199951171875,271.42999267578125,272.04998779296875,272411
2024-11-14 19:30:00,272.010009765625,272.3999938964844,270.1919860839844,270.30999755859375,219617
2024-11-14 20:30:00,270.3399963378906,270.5249938964844,269.80999755859375,270.3900146484375,347572
2024-11-15 14:30:00,269.8999938964844,271.95001220703125,268.510009765625,269.2099914550781,544861
2024-11-15 15:30:00,269.19500732421875,269.6700134277344,268.4599914550781,269.5,397576
2024-11-15 16:30:00,269.4718017578125,270.2300109863281,268.71038818359375,269.614990234375,137721
2024-11-15 17:30:00,269.51190185546875,269.9100036621094,269.1654968261719,269.489990234375,121044
2024-11-15 18:30:00,269.42999267578125,269.5199890136719,268.5299987792969,268.7850036621094,146438
2024-11-15 19:30:00,268.7699890136719,269.6700134277344,268.7699890136719,269.32000732421875,176981
2024-11-15 20:30:00,269.4700012207031,269.8299865722656,268.8500061035156,269.3800048828125,339695
2024-11-18 14:30:00,268.42498779296875,271.489990234375,267.3299865722656,271.3450012207031,387151
2024-11-18 15:30:00,271.3450012207031,272.5299987792969,271.0400085449219,272.2300109863281,240909
2024-11-18 16:30:00,272.1499938964844,273.0899963378906,272.1499938964844,273.0899963378906,296636
2024-11-18 17:30:00,273.0450134277344,273.6199951171875,271.5199890136719,271.75,385043
2024-11-18 18:30:00,271.75,271.9849853515625,270.5166931152344,270.55999755859375,184142
2024-11-18 19:30:00,270.6099853515625,270.9700012207031,270.30999755859375,270.8500061035156,224406
2024-11-18 20:30:00,270.8800048828125,271.91400146484375,270.8299865722656,271.8500061035156,381268
2024-11-19 14:30:00,263.0899963378906,264.989990234375,258.4599914550781,262.5450134277344,1188632
2024-11-19 15:30:00,262.32000732421875,263.8500061035156,261.0199890136719,262.0249938964844,453347
2024-11-19 16:30:00,262.0199890136719,262.3999938964844,260.4800109863281,262.3900146484375,315947
2024-11-19 17:30:00,262.3900146484375,262.9599914550781,261.4381103515625,261.625,298240
2024-11-19 18:30:00,261.6300048828125,262.2799987792969,260.2699890136719,261.2038879394531,292005
2024-11-19 19:30:00,261.18499755859375,261.30999755859375,259.70001220703125,259.885009765625,384941
2024-11-19 20:30:00,259.8599853515625,260.0,258.4700012207031,259.239990234375,717557
2024-11-20 14:30:00,259.29998779296875,262.6000061035156,258.95159912109375,261.7275085449219,573654
2024-11-20 15:30:00,261.8900146484375,263.2099914550781,261.3299865722656,261.4200134277344,411884
2024-11-20 16:30:00,261.3999938964844,262.7699890136719,260.92498779296875,262.2449951171875,305351
2024-11-20 17:30:00,262.2149963378906,263.42999267578125,262.1300048828125,262.8299865722656,284444
2024-11-20 18:30:00,262.8299865722656,263.239990234375,262.2799987792969,262.6449890136719,142485
2024-11-20 19:30:00,262.6499938964844,262.8500061035156,261.8800048828125,262.42999267578125,218347
2024-11-20 20:30:00,262.4800109863281,263.6600036621094,262.4800109863281,263.0299987792969,468738
2024-11-21 14:30:00,264.05999755859375,264.260009765625,262.260009765625,263.54998779296875,284972
2024-11-21 15:30:00,263.6449890136719,265.3299865722656,263.6300048828125,264.8999938964844,235973
2024-11-21 16:30:00,265.0299987792969,265.3999938964844,264.4200134277344,265.239990234375,122258
2024-11-21 17:30:00,265.17999267578125,265.69000244140625,265.0,265.0899963378906,170950
2024-11-21 18:30:00,265.05999755859375,265.1700134277344,264.1000061035156,264.8949890136719,179632
2024-11-21 19:30:00,264.9100036621094,265.42498779296875,264.4800109863281,265.2300109863281,210556
2024-11-21 20:30:00,265.1700134277344,265.6499938964844,264.69000244140625,265.1099853515625,332801
2024-11-22 14:30:00,266.1099853515625,266.9100036621094,265.0,265.3113098144531,261274
2024-11-22 15:30:00,265.3550109863281,265.7799987792969,264.44000244140625,264.7699890136719,203968
2024-11-22 16:30:00,264.8500061035156,265.343994140625,264.239990234375,264.8399963378906,243593
2024-11-22 17:30:00,264.9150085449219,264.9150085449219,263.9700012207031,264.3450012207031,190985
2024-11-22 18:30:00,264.3599853515625,264.44000244140625,263.32000732421875,263.54998779296875,185748
2024-11-22 19:30:00,263.55499267578125,263.7323913574219,262.9200134277344,263.2049865722656,214258
2024-11-22 20:30:00,263.260009765625,264.7300109863281,263.2049865722656,264.69000244140625,469737
2024-11-25 14:30:00,268.94000244140625,273.0299987792969,268.489990234375,273.0299987792969,641925
2024-11-25 15:30:00,272.9200134277344,273.94000244140625,272.44000244140625,273.4549865722656,384540
2024-11-25 16:30:00,273.45001220703125,273.489990234375,272.2200012207031,272.5899963378906,224112
2024-11-25 17:30:00,272.6499938964844,273.8599853515625,272.6499938964844,273.7650146484375,215349
2024-11-25 18:30:00,273.7699890136719,274.67999267578125,273.7099914550781,274.25,285947
2024-11-25 19:30:00,274.2850036621094,275.6189880371094,274.2850036621094,275.44000244140625,309329
2024-11-25 20:30:00,275.4100036621094,275.57000732421875,275.04998779296875,275.29998779296875,511292
2024-11-26 14:30:00,274.6300048828125,274.6300048828125,271.57000732421875,272.07501220703125,236439
2024-11-26 15:30:00,271.92999267578125,272.0799865722656,270.972412109375,271.32000732421875,212777
2024-11-26 16:30:00,271.32000732421875,271.80999755859375,270.989990234375,271.30999755859375,142554
2024-11-26 17:30:00,271.3550109863281,272.6449890136719,271.0199890136719,272.5150146484375,196136
2024-11-26 18:30:00,272.5199890136719,273.7749938964844,272.45001220703125,273.7449951171875,216267
2024-11-26 19:30:00,273.7699890136719,273.9599914550781,273.16009521484375,273.2799987792969,191884
2024-11-26 20:30:00,273.2850036621094,274.7799987792969,273.20880126953125,274.3999938964844,399115
2024-11-27 14:30:00,275.1499938964844,276.3900146484375,273.6000061035156,275.3999938964844,358348
2024-11-27 15:30:00,275.2200012207031,275.8599853515625,274.3103942871094,274.3103942871094,282907
2024-11-27 16:30:00,274.3999938964844,274.3999938964844,273.6600036621094,274.0150146484375,125124
2024-11-27 17:30:00,273.9700012207031,274.0400085449219,273.5,273.7550048828125,125651
2024-11-27 18:30:00,273.69000244140625,274.1700134277344,273.6099853515625,273.7850036621094,117578
2024-11-27 19:30:00,273.7300109863281,274.0054931640625,272.8599853515625,272.9649963378906,145152
2024-11-27 20:30:00,272.9100036621094,273.3500061035156,272.55999755859375,273.05999755859375,396790
2024-11-29 14:30:00,272.7099914550781,273.95001220703125,271.92999267578125,273.7099914550781,321746
2024-11-29 15:30:00,273.79998779296875,274.0899963378906,273.0400085449219,273.20001220703125,199345
2024-11-29 16:30:00,273.2650146484375,274.05999755859375,272.8599853515625,273.54998779296875,185681
2024-12-02 14:30:00,273.44000244140625,273.79998779296875,269.45001220703125,270.1300048828125,358961
2024-12-02 15:30:00,270.1300048828125,272.6025085449219,270.1000061035156,272.3599853515625,328060
2024-12-02 16:30:00,272.44000244140625,272.5799865722656,271.8999938964844,272.25,187186
2024-12-02 17:30:00,272.260009765625,272.8550109863281,271.9649963378906,272.75,139593
2024-12-02 18:30:00,272.67999267578125,272.7550048828125,272.05999755859375,272.30499267578125,120787
2024-12-02 19:30:00,272.231689453125,272.32000732421875,271.8599853515625,272.19000244140625,153739
2024-12-02 20:30:00,272.1600036621094,272.2699890136719,271.6499938964844,271.92999267578125,370441
2024-12-03 14:30:00,272.9200134277344,273.1700134277344,270.80999755859375,271.4700012207031,256635
2024-12-03 15:30:00,271.4750061035156,271.4750061035156,270.0299987792969,270.2449951171875,177580
2024-12-03 16:30:00,270.2449951171875,272.4198913574219,269.94000244140625,272.4198913574219,278596
2024-12-03 17:30:00,272.4100036621094,273.4549865722656,272.3800964355469,273.20001220703125,117011
2024-12-03 18:30:00,273.1400146484375,274.7898864746094,272.9700012207031,274.3794860839844,171303
2024-12-03 19:30:00,274.3599853515625,275.42498779296875,274.2101135253906,274.7149963378906,235755
2024-12-03 20:30:00,274.7149963378906,274.989990234375,273.8999938964844,274.3399963378906,502815
2024-12-04 14:30:00,272.4200134277344,274.1195068359375,271.239990234375,271.6400146484375,209924
2024-12-04 15:30:00,271.54998779296875,271.55999755859375,270.260009765625,270.44000244140625,236150
2024-12-04 16:30:00,270.44000244140625,271.6099853515625,270.3800048828125,271.489990234375,99421
2024-12-04 17:30:00,271.4800109863281,271.4800109863281,270.8399963378906,270.8999938964844,112507
2024-12-04 18:30:00,270.8500061035156,272.0,270.5400085449219,271.8299865722656,136272
2024-12-04 19:30:00,271.7200012207031,272.6836853027344,271.6300048828125,272.32000732421875,121385
2024-12-04 20:30:00,272.3349914550781,272.8599853515625,272.0,272.2300109863281,223755
2024-12-05 14:30:00,271.6300048828125,272.8299865722656,269.635009765625,271.5400085449219,338488
2024-12-05 15:30:00,271.5400085449219,271.760009765625,270.6000061035156,271.07000732421875,165590
2024-12-05 16:30:00,271.0400085449219,271.1499938964844,270.2900085449219,270.6199951171875,103267
2024-12-05 17:30:00,270.69000244140625,271.1629943847656,270.45001220703125,270.6080017089844,105787
2024-12-05 18:30:00,270.5799865722656,270.8500061035156,269.8900146484375,269.9800109863281,123078
2024-12-05 19:30:00,270.2099914550781,270.7349853515625,269.7699890136719,270.4750061035156,153062
2024-12-05 20:30:00,270.3900146484375,270.54998779296875,269.5400085449219,270.1000061035156,378481
2024-12-06 14:30:00,271.8900146484375,276.6099853515625,271.125,276.5400085449219,294393
2024-12-06 15:30:00,276.4599914550781,276.92999267578125,274.7200012207031,274.8450012207031,252297
2024-12-06 16:30:00,274.7900085449219,275.510009765625,274.5799865722656,275.07501220703125,161020
2024-12-06 17:30:00,275.0400085449219,275.2799987792969,274.70001220703125,274.8299865722656,151390
2024-12-06 18:30:00,274.8500061035156,274.95001220703125,274.0249938964844,274.3500061035156,99611
2024-12-06 19:30:00,274.3800048828125,274.760009765625,273.7139892578125,273.7139892578125,144878
2024-12-06 20:30:00,273.6700134277344,273.69000244140625,272.8999938964844,273.3599853515625,338255
2024-12-09 14:30:00,274.0,280.6400146484375,272.7099914550781,277.340087890625,591167
2024-12-09 15:30:00,277.7900085449219,278.239990234375,275.2900085449219,275.32501220703125,225775
2024-12-09 16:30:00,275.32501220703125,275.6400146484375,274.32000732421875,275.42498779296875,198654
2024-12-09 17:30:00,275.29998779296875,276.32000732421875,274.9549865722656,274.9549865722656,201390
2024-12-09 18:30:00,274.9700012207031,275.4198913574219,274.04998779296875,275.3299865722656,199730
2024-12-09 19:30:00,275.3299865722656,275.4100036621094,273.79998779296875,274.32000732421875,209174
2024-12-09 20:30:00,274.32000732421875,274.6300048828125,273.7200012207031,274.1600036621094,314952
2024-12-10 14:30:00,272.4800109863281,272.92498779296875,268.5899963378906,271.3999938964844,276080
2024-12-10 15:30:00,271.57000732421875,271.989990234375,270.6199951171875,271.9599914550781,179129
2024-12-10 16:30:00,271.8599853515625,272.4490051269531,270.6400146484375,272.0299987792969,189336
2024-12-10 17:30:00,272.04998779296875,272.7300109863281,271.3800048828125,271.5150146484375,136135
2024-12-10 18:30:00,271.45001220703125,271.510009765625,270.5899963378906,271.0299987792969,141700
2024-12-10 19:30:00,271.07000732421875,271.6499938964844,270.739990234375,271.07000732421875,195877
2024-12-10 20:30:00,271.04998779296875,271.1600036621094,269.5400085449219,270.1000061035156,360385
2024-12-11 14:30:00,271.3599853515625,273.34649658203125,270.0799865722656,270.8900146484375,427528
2024-12-11 15:30:00,270.80999755859375,270.989990234375,268.80999755859375,268.9649963378906,261015
2024-12-11 16:30:00,268.9200134277344,270.1000061035156,268.6199951171875,269.5150146484375,189321
2024-12-11 17:30:00,269.5199890136719,270.8515930175781,269.4700012207031,270.1400146484375,129801
2024-12-11 18:30:00,270.1400146484375,270.239990234375,268.739990234375,269.05499267578125,181398
2024-12-11 19:30:00,269.05499267578125,269.55499267578125,268.5400085449219,268.7300109863281,212636
2024-12-11 20:30:00,268.7200012207031,269.1199951171875,267.239990234375,267.8900146484375,548152
2024-12-12 14:30:00,268.32000732421875,268.3900146484375,263.5199890136719,263.5199890136719,355730
2024-12-12 15:30:00,263.6549987792969,264.55999755859375,263.04998779296875,264.3800048828125,317626
2024-12-12 16:30:00,264.4100036621094,264.5685119628906,263.19000244140625,263.9700012207031,206113
2024-12-12 17:30:00,264.2300109863281,264.42999267578125,263.4700012207031,264.0199890136719,157993
2024-12-12 18:30:00,264.0299987792969,264.2598876953125,263.30999755859375,263.4599914550781,133856
2024-12-12 19:30:00,263.5249938964844,263.8450012207031,263.1000061035156,263.6000061035156,197424
2024-12-12 20:30:00,263.5899963378906,263.80499267578125,263.1199951171875,263.5299987792969,389749
2024-12-13 14:30:00,263.1300048828125,264.7499084472656,262.4649963378906,263.6499938964844,293602
2024-12-13 15:30:00,263.5299987792969,264.3699035644531,262.6199951171875,264.3699035644531,185720
2024-12-13 16:30:00,264.2699890136719,264.6099853515625,262.8700866699219,262.95001220703125,187738
2024-12-13 17:30:00,262.9849853515625,263.239990234375,262.1000061035156,263.0,164236
2024-12-13 18:30:00,263.0,263.1650085449219,262.2099914550781,262.3599853515625,122305
2024-12-13 19:30:00,262.25,262.55999755859375,262.07000732421875,262.2699890136719,137400
2024-12-13 20:30:00,262.2099914550781,262.57501220703125,262.0799865722656,262.29998779296875,297875
2024-12-16 14:30:00,262.7699890136719,264.010009765625,261.45001220703125,263.239990234375,249415
2024-12-16 15:30:00,263.2850036621094,263.7799987792969,261.9800109863281,262.5299987792969,165783
2024-12-16 16:30:00,262.5249938964844,263.2099914550781,262.20001220703125,262.5799865722656,170524
2024-12-16 17:30:00,262.5799865722656,262.5799865722656,261.8900146484375,261.95001220703125,124396
2024-12-16 18:30:00,261.95001220703125,262.04998779296875,261.3699951171875,261.375,116630
2024-12-16 19:30:00,261.375,261.7898864746094,260.45001220703125,260.6700134277344,178412
2024-12-16 20:30:00,260.67999267578125,260.7300109863281,259.95001220703125,260.17999267578125,355735
2024-12-17 14:30:00,258.44000244140625,259.9700012207031,257.25,257.8450012207031,270497
2024-12-17 15:30:00,257.8800048828125,258.50970458984375,257.19000244140625,258.0799865722656,135695
2024-12-17 16:30:00,258.0799865722656,258.3299865722656,256.7799987792969,256.82000732421875,173426
2024-12-17 17:30:00,256.8500061035156,257.6094970703125,256.3500061035156,257.2950134277344,176112
2024-12-17 18:30:00,257.260009765625,257.5198974609375,256.80499267578125,257.1400146484375,125468
2024-12-17 19:30:00,257.1099853515625,257.1099853515625,256.32000732421875,256.9200134277344,171634
2024-12-17 20:30:00,256.93499755859375,258.0350036621094,256.7200012207031,257.6700134277344,296229
2024-12-18 14:30:00,257.4100036621094,258.3599853515625,256.260009765625,257.9849853515625,207802
2024-12-18 15:30:00,257.8399963378906,258.7200012207031,257.3299865722656,257.5849914550781,124916
2024-12-18 16:30:00,257.69000244140625,258.5899963378906,257.5,258.29998779296875,115244
2024-12-18 17:30:00,258.29998779296875,258.6199951171875,257.8500061035156,258.4700012207031,124534
2024-12-18 18:30:00,258.5098876953125,259.6400146484375,254.17999267578125,254.4149932861328,443786
2024-12-18 19:30:00,254.4499969482422,255.0800018310547,251.8343048095703,252.77999877929688,554292
2024-12-18 20:30:00,252.8350067138672,253.19000244140625,249.63999938964844,249.82000732421875,592057
2024-12-19 14:30:00,249.0,250.6300048828125,245.52999877929688,245.74000549316406,623228
2024-12-19 15:30:00,245.73500061035156,246.86000061035156,245.1199951171875,246.75999450683594,387466
2024-12-19 16:30:00,246.69000244140625,246.85499572753906,245.77999877929688,246.0,357320
2024-12-19 17:30:00,246.05499267578125,246.39500427246094,245.0399932861328,246.10000610351562,239837
2024-12-19 18:30:00,246.02499389648438,246.50999450683594,245.4311981201172,245.61000061035156,223627
2024-12-19 19:30:00,245.61000061035156,246.02000427246094,245.07749938964844,245.5449981689453,361237
2024-12-19 20:30:00,245.6300048828125,246.24000549316406,244.13999938964844,244.4600067138672,603096
2024-12-20 14:30:00,244.53500366210938,246.99000549316406,244.0,246.19500732421875,1080289
2024-12-20 15:30:00,246.19000244140625,247.5,245.9600067138672,247.22999572753906,323147
2024-12-20 16:30:00,247.26499938964844,249.20680236816406,247.07000732421875,248.94000244140625,247006
2024-12-20 17:30:00,248.8800048828125,249.01499938964844,247.82000732421875,247.92999267578125,244084
2024-12-20 18:30:00,247.92999267578125,247.92999267578125,247.14999389648438,247.71499633789062,285228
2024-12-20 19:30:00,247.72000122070312,248.1300048828125,246.77999877929688,247.69500732421875,235729
2024-12-20 20:30:00,247.69000244140625,248.5500030517578,246.80999755859375,247.66000366210938,452375
2024-12-23 14:30:00,246.25,246.9600067138672,245.22560119628906,246.10000610351562,268155
2024-12-23 15:30:00,246.13999938964844,247.02870178222656,245.9499969482422,246.61000061035156,184444
2024-12-23 16:30:00,246.7100067138672,247.19000244140625,245.66000366210938,246.51499938964844,169596
2024-12-23 17:30:00,246.4199981689453,247.0449981689453,246.1800994873047,246.97000122070312,166829
2024-12-23 18:30:00,246.92999267578125,247.6199951171875,246.69000244140625,247.32000732421875,128710
2024-12-23 19:30:00,247.375,247.86000061035156,247.08999633789062,247.4600067138672,169036
2024-12-23 20:30:00,247.4600067138672,247.9199981689453,247.33999633789062,247.4499969482422,236975
2024-12-24 14:30:00,247.97999572753906,249.00799560546875,247.63999938964844,248.75999450683594,265508
2024-12-24 15:30:00,248.67999267578125,249.47000122070312,248.4600067138672,249.25,155588
2024-12-24 16:30:00,249.25,250.00999450683594,249.0800018310547,249.77000427246094,203665
2024-12-26 14:30:00,248.24000549316406,249.74310302734375,247.82000732421875,249.3300018310547,169310
2024-12-26 15:30:00,249.41000366210938,249.86000061035156,248.88729858398438,249.72000122070312,129883
2024-12-26 16:30:00,249.7050018310547,250.0,249.52749633789062,249.66000366210938,109318
2024-12-26 17:30:00,249.66000366210938,249.94000244140625,249.1300048828125,249.6199951171875,102209
2024-12-26 18:30:00,249.61000061035156,249.89999389648438,249.4700927734375,249.6699981689453,78377
2024-12-26 19:30:00,249.67999267578125,250.13999938964844,249.5019989013672,249.6199951171875,166710
2024-12-26 20:30:00,249.5800018310547,249.8699951171875,249.30999755859375,249.5,193634
2024-12-27 14:30:00,248.35000610351562,250.0800018310547,247.49000549316406,248.85499572753906,177033
2024-12-27 15:30:00,248.85499572753906,249.92999267578125,248.63999938964844,248.97000122070312,181160
2024-12-27 16:30:00,248.97000122070312,249.3699951171875,247.52000427246094,247.79888916015625,143767
2024-12-27 17:30:00,247.75999450683594,248.39999389648438,247.2949981689453,247.72000122070312,178807
2024-12-27 18:30:00,247.72000122070312,248.8699951171875,247.66000366210938,248.52999877929688,97793
2024-12-27 19:30:00,248.52000427246094,249.0800018310547,247.8000030517578,247.9600067138672,144104
2024-12-27 20:30:00,248.07249450683594,248.99000549316406,247.6199951171875,248.44000244140625,276090
2024-12-30 14:30:00,247.89999389648438,247.89999389648438,244.53219604492188,245.17999267578125,237029
2024-12-30 15:30:00,245.0800018310547,247.3699951171875,245.0399932861328,246.85000610351562,195815
2024-12-30 16:30:00,246.82000732421875,247.92999267578125,246.65499877929688,247.6699981689453,146750
2024-12-30 17:30:00,247.60000610351562,247.8800048828125,247.05999755859375,247.3699951171875,127994
2024-12-30 18:30:00,247.31500244140625,247.72000122070312,246.7100067138672,247.22000122070312,114125
2024-12-30 19:30:00,247.14999389648438,247.88999938964844,246.89999389648438,247.27499389648438,130185
2024-12-30 20:30:00,247.26499938964844,247.74000549316406,246.63999938964844,246.77000427246094,232371
2024-12-31 14:30:00,247.25,248.1999969482422,246.75999450683594,247.69500732421875,170408
2024-12-31 15:30:00,247.74899291992188,247.8800048828125,246.32000732421875,246.32000732421875,108872
2024-12-31 16:30:00,246.39999389648438,246.67999267578125,245.85000610351562,245.8699951171875,86268
2024-12-31 17:30:00,245.83999633789062,246.8800048828125,245.7899932861328,246.125,108192
2024-12-31 18:30:00,246.1199951171875,247.10000610351562,246.0,246.6300048828125,87416
2024-12-31 19:30:00,246.6199951171875,247.375,246.36000061035156,247.14999389648438,123754
2024-12-31 20:30:00,247.2449951171875,247.51499938964844,246.74000549316406,246.80999755859375,243889
2025-01-02 14:30:00,248.27000427246094,249.8699951171875,247.7100067138672,247.8925018310547,241110
2025-01-02 15:30:00,247.8800048828125,249.1199951171875,246.94000244140625,247.49000549316406,169064
2025-01-02 16:30:00,247.4149932861328,248.0,246.49000549316406,246.49000549316406,134937
2025-01-02 17:30:00,246.60000610351562,246.64999389648438,245.4499969482422,245.64500427246094,188950
2025-01-02 18:30:00,245.63999938964844,246.67999267578125,245.24000549316406,246.58399963378906,234055
2025-01-02 19:30:00,246.57000732421875,247.19000244140625,246.1300048828125,246.9550018310547,168813
2025-01-02 20:30:00,247.0,247.3000030517578,246.49000549316406,247.07000732421875,308769
2025-01-03 14:30:00,248.1199951171875,248.46449279785156,245.9199981689453,247.41639709472656,222676
2025-01-03 15:30:00,247.42999267578125,247.42999267578125,246.3800048828125,246.8699951171875,166707
2025-01-03 16:30:00,246.78500366210938,247.88999938964844,246.78500366210938,247.66000366210938,150358
2025-01-03 17:30:00,247.69000244140625,248.27999877929688,247.39999389648438,248.27999877929688,142395
2025-01-03 18:30:00,248.2550048828125,248.3800048828125,247.88999938964844,247.9051055908203,113069
2025-01-03 19:30:00,248.02499389648438,248.52999877929688,247.75999450683594,248.3699951171875,146714
2025-01-03 20:30:00,248.30499267578125,248.77000427246094,247.94000244140625,248.47000122070312,414270
2025-01-06 14:30:00,248.74000549316406,252.38999938964844,247.2899932861328,250.6999969482422,483491
2025-01-06 15:30:00,250.77000427246094,252.02999877929688,250.17999267578125,251.86000061035156,230352
2025-01-06 16:30:00,251.77999877929688,252.6999969482422,251.6199951171875,252.0399932861328,201077
2025-01-06 17:30:00,251.99000549316406,252.07000732421875,250.75999450683594,251.0500030517578,166657
2025-01-06 18:30:00,251.0500030517578,251.11000061035156,250.1199951171875,250.67999267578125,217521
2025-01-06 19:30:00,250.5800018310547,250.99000549316406,249.50999450683594,250.00010681152344,259290
2025-01-06 20:30:00,250.22000122070312,250.47000122070312,249.35000610351562,249.74000549316406,327604
2025-01-07 14:30:00,250.1300048828125,251.66000366210938,248.0800018310547,249.0500030517578,234593
2025-01-07 15:30:00,249.0399932861328,249.50999450683594,247.2100067138672,247.69000244140625,153510
2025-01-07 16:30:00,247.7899932861328,247.9499969482422,246.5,246.701904296875,169806
2025-01-07 17:30:00,246.80999755859375,247.52000427246094,246.17999267578125,247.47999572753906,122533
2025-01-07 18:30:00,247.42999267578125,248.16000366210938,247.05999755859375,248.05999755859375,148907
2025-01-07 19:30:00,248.08999633789062,248.10000610351562,246.625,246.89999389648438,196520
2025-01-07 20:30:00,246.99000549316406,247.00999450683594,246.1300048828125,246.61000061035156,301559
2025-01-08 14:30:00,245.44000244140625,246.1060028076172,242.9600067138672,244.5800018310547,345496
2025-01-08 15:30:00,244.3000030517578,246.75999450683594,244.110107421875,246.4149932861328,160407
2025-01-08 16:30:00,246.40499877929688,247.24000549316406,245.8300018310547,245.86000061035156,120979
2025-01-08 17:30:00,245.90499877929688,246.70750427246094,245.6750030517578,246.47000122070312,123000
2025-01-08 18:30:00,246.47000122070312,246.57000732421875,245.25999450683594,246.17877197265625,155743
2025-01-08 19:30:00,246.11000061035156,246.36000061035156,245.5010986328125,246.33999633789062,188134
2025-01-08 20:30:00,246.33999633789062,247.1999969482422,245.60000610351562,246.85000610351562,364863
2025-01-10 14:30:00,247.0,247.75,244.5,247.5,453979
2025-01-10 15:30:00,247.5,250.0,247.03750610351562,249.5,281028
2025-01-10 16:30:00,249.38999938964844,249.91000366210938,248.36000061035156,249.36000061035156,337220
2025-01-10 17:30:00,249.30999755859375,249.72999572753906,248.32449340820312,249.0500030517578,197197
2025-01-10 18:30:00,249.11439514160156,249.6649932861328,248.14999389648438,248.5800018310547,168160
2025-01-10 19:30:00,248.5800018310547,248.80999755859375,247.97000122070312,248.1750030517578,292859
2025-01-10 20:30:00,248.1750030517578,248.4499969482422,247.37069702148438,247.88999938964844,360151
2025-01-13 14:30:00,248.0800018310547,251.15499877929688,246.74000549316406,249.16000366210938,546143
2025-01-13 15:30:00,249.1999969482422,249.3000030517578,247.44000244140625,248.5800018310547,254486
2025-01-13 16:30:00,248.5850067138672,248.6699981689453,247.38999938964844,248.66000366210938,174109
2025-01-13 17:30:00,248.52000427246094,248.66000366210938,247.9600067138672,248.64999389648438,155033
2025-01-13 18:30:00,248.60000610351562,249.6199951171875,248.26010131835938,249.3699951171875,203752
2025-01-13 19:30:00,249.33999633789062,249.75,248.8000030517578,249.14999389648438,260244
2025-01-13 20:30:00,249.0800018310547,249.13999938964844,248.10940551757812,248.74000549316406,326312
2025-01-14 14:30:00,250.00999450683594,251.72000122070312,249.6999969482422,251.69000244140625,277750
2025-01-14 15:30:00,251.49000549316406,252.3699951171875,250.13999938964844,250.6300048828125,235157
2025-01-14 16:30:00,250.61000061035156,250.72000122070312,249.27999877929688,250.14999389648438,133838
2025-01-14 17:30:00,250.13999938964844,251.3300018310547,249.77000427246094,251.3300018310547,135633
2025-01-14 18:30:00,251.28500366210938,251.89999389648438,251.13999938964844,251.60000610351562,136701
2025-01-14 19:30:00,251.61000061035156,251.9199981689453,250.47149658203125,251.3800048828125,246993
2025-01-14 20:30:00,251.41000366210938,251.8699951171875,251.00999450683594,251.35000610351562,364274
2025-01-15 14:30:00,257.8299865722656,259.75,256.519287109375,259.5799865722656,523576
2025-01-15 15:30:00,259.5799865722656,259.72930908203125,256.9200134277344,257.05999755859375,269469
2025-01-15 16:30:00,257.0299987792969,257.05999755859375,256.04998779296875,256.3500061035156,184985
2025-01-15 17:30:00,256.3699951171875,257.010009765625,256.29998779296875,256.8599853515625,170636
2025-01-15 18:30:00,256.8900146484375,257.2049865722656,256.5899963378906,257.151611328125,203506
2025-01-15 19:30:00,257.1549987792969,258.5400085449219,257.1199951171875,257.81500244140625,296287
2025-01-15 20:30:00,257.760009765625,257.8800048828125,256.6300048828125,256.69000244140625,461145
2025-01-16 14:30:00,256.79998779296875,258.3999938964844,255.91000366210938,257.697509765625,314048
2025-01-16 15:30:00,257.6361083984375,258.510009765625,257.20001220703125,258.2820129394531,232886
2025-01-16 16:30:00,258.3800048828125,259.3450012207031,257.8435974121094,258.5989990234375,147194
2025-01-16 17:30:00,258.5899963378906,258.6650085449219,257.92999267578125,258.0199890136719,113938
2025-01-16 18:30:00,257.9800109863281,258.2799987792969,257.3900146484375,258.17999267578125,198668
2025-01-16 19:30:00,258.1700134277344,258.8900146484375,258.0,258.7099914550781,226455
2025-01-16 20:30:00,258.7300109863281,259.5284118652344,258.5299987792969,258.7950134277344,368451
2025-01-17 14:30:00,259.9599914550781,260.1300048828125,258.3900146484375,259.7699890136719,721189
2025-01-17 15:30:00,259.7799987792969,261.2900085449219,259.2124938964844,260.8599853515625,235292
2025-01-17 16:30:00,260.9200134277344,261.79998779296875,260.5899963378906,261.6724853515625,235885
2025-01-17 17:30:00,261.67498779296875,262.0199890136719,260.8901062011719,261.0299987792969,156867
2025-01-17 18:30:00,260.9953918457031,261.3500061035156,260.69000244140625,261.2200012207031,127325
2025-01-17 19:30:00,261.1650085449219,261.3599853515625,260.3916931152344,261.2749938964844,212283
2025-01-17 20:30:00,261.2200012207031,261.6400146484375,260.8999938964844,261.04998779296875,476817
2025-01-21 14:30:00,263.0,265.92999267578125,262.69000244140625,265.70001220703125,409691
2025-01-21 15:30:00,265.6400146484375,266.8399963378906,265.29998779296875,266.4800109863281,266615
2025-01-21 16:30:00,266.4800109863281,266.5899963378906,265.0400085449219,265.80999755859375,183243
2025-01-21 17:30:00,265.9599914550781,266.010009765625,263.9700012207031,264.4100036621094,176405
2025-01-21 18:30:00,264.4100036621094,264.5,263.32000732421875,263.9750061035156,170685
2025-01-21 19:30:00,263.9750061035156,264.5400085449219,263.893798828125,264.4049987792969,252531
2025-01-21 20:30:00,264.3900146484375,264.5199890136719,263.8299865722656,264.3699951171875,392827
2025-01-22 14:30:00,262.54998779296875,262.54998779296875,257.7799987792969,259.82000732421875,321576
2025-01-22 15:30:00,259.7900085449219,260.0299987792969,259.0,259.5,185504
2025-01-22 16:30:00,259.5400085449219,260.0,259.1629943847656,259.3900146484375,134738
2025-01-22 17:30:00,259.3299865722656,259.69000244140625,258.5600891113281,259.19500732421875,127358
2025-01-22 18:30:00,259.239990234375,259.4100036621094,258.42999267578125,258.4949951171875,128274
2025-01-22 19:30:00,258.5,259.1700134277344,258.489990234375,258.739990234375,180983
2025-01-22 20:30:00,258.7449951171875,259.19000244140625,257.739990234375,258.05999755859375,409103
2025-01-23 14:30:00,257.79998779296875,258.976806640625,257.79998779296875,258.0899963378906,203375
2025-01-23 15:30:00,258.2799987792969,260.875,258.20001220703125,260.2449951171875,188305
2025-01-23 16:30:00,260.45001220703125,260.7749938964844,260.03009033203125,260.5199890136719,137653
2025-01-23 17:30:00,260.5199890136719,261.17999267578125,260.4599914550781,260.8699951171875,147504
2025-01-23 18:30:00,260.9049987792969,261.0450134277344,260.6000061035156,260.84600830078125,128168
2025-01-23 19:30:00,260.80999755859375,261.5,260.80999755859375,261.05938720703125,192943
2025-01-23 20:30:00,261.0299987792969,261.45001220703125,260.32000732421875,261.2799987792969,376119
2025-01-24 14:30:00,260.8999938964844,261.8949890136719,259.3800048828125,261.4700012207031,230461
2025-01-24 15:30:00,261.2200012207031,262.1199951171875,260.827392578125,262.0299987792969,135568
2025-01-24 16:30:00,261.9649963378906,262.55999755859375,261.8706970214844,262.114990234375,124245
2025-01-24 17:30:00,262.114990234375,262.7550048828125,262.0780029296875,262.1499938964844,137224
2025-01-24 18:30:00,262.135009765625,262.9800109863281,262.04010009765625,262.19500732421875,160565
2025-01-24 19:30:00,262.2698974609375,262.55999755859375,261.69000244140625,261.8500061035156,210302
2025-01-24 20:30:00,261.8800048828125,262.489990234375,261.5409851074219,262.20001220703125,320712
2025-01-27 14:30:00,263.1300048828125,265.9100036621094,263.0,265.3599853515625,305209
2025-01-27 15:30:00,265.2099914550781,266.0899963378906,264.52569580078125,266.010009765625,173910
2025-01-27 16:30:00,266.010009765625,267.5,265.80999755859375,267.489990234375,189817
2025-01-27 17:30:00,267.45001220703125,268.0,267.0799865722656,267.3800048828125,176991
2025-01-27 18:30:00,267.3800048828125,269.0150146484375,267.2705993652344,268.775390625,227103
2025-01-27 19:30:00,268.8800048828125,269.18670654296875,267.90240478515625,268.5199890136719,222873
2025-01-27 20:30:00,268.5199890136719,268.7300109863281,267.92999267578125,268.44000244140625,397370
2025-01-28 14:30:00,266.25,266.95001220703125,265.5799865722656,265.7799987792969,185870
2025-01-28 15:30:00,265.7799987792969,266.8399963378906,264.7699890136719,265.0799865722656,136816
2025-01-28 16:30:00,264.9800109863281,265.1300048828125,264.2200012207031,264.6650085449219,151488
2025-01-28 17:30:00,264.6700134277344,265.0299987792969,264.260009765625,264.75,114565
2025-01-28 18:30:00,264.7699890136719,264.9200134277344,263.6083984375,263.8500061035156,129358
2025-01-28 19:30:00,263.82501220703125,265.4100036621094,263.6099853515625,265.2699890136719,179129
2025-01-28 20:30:00,265.2049865722656,265.45989990234375,264.3900146484375,264.4700012207031,223177
2025-01-29 14:30:00,265.19500732421875,266.6000061035156,264.75,265.43499755859375,171388
2025-01-29 15:30:00,265.4800109863281,265.9100036621094,264.79998779296875,265.31500244140625,107588
2025-01-29 16:30:00,265.2561950683594,265.9700012207031,264.9710998535156,265.6199951171875,98410
2025-01-29 17:30:00,265.6050109863281,265.94580078125,265.260009765625,265.5199890136719,243457
2025-01-29 18:30:00,265.5299987792969,265.6700134277344,261.489990234375,261.5899963378906,212730
2025-01-29 19:30:00,261.5299987792969,263.32000732421875,261.4100036621094,262.55999755859375,249351
2025-01-29 20:30:00,262.6099853515625,262.7200012207031,261.4800109863281,261.80999755859375,338518
2025-01-30 14:30:00,263.6499938964844,265.2900085449219,263.1300048828125,263.69000244140625,218272
2025-01-30 15:30:00,263.80999755859375,265.6400146484375,263.80999755859375,265.6000061035156,108170
2025-01-30 16:30:00,265.4599914550781,265.947998046875,265.0751037597656,265.260009765625,108208
2025-01-30 17:30:00,265.32000732421875,265.9800109863281,265.1600036621094,265.9075012207031,103348
2025-01-30 18:30:00,265.9175109863281,266.55499267578125,265.6499938964844,265.8888854980469,125524
2025-01-30 19:30:00,265.8900146484375,265.9800109863281,265.1700134277344,265.6300048828125,128350
2025-01-30 20:30:00,265.6300048828125,265.67999267578125,262.45001220703125,264.0299987792969,315590
2025-01-31 14:30:00,262.2799987792969,264.17999267578125,261.5350036621094,263.5899963378906,160805
2025-01-31 15:30:00,263.5474853515625,263.6600036621094,262.2300109863281,262.2850036621094,120410
2025-01-31 16:30:00,262.2850036621094,262.67999267578125,261.260009765625,262.30999755859375,131773
2025-01-31 17:30:00,262.2861022949219,262.44000244140625,260.55999755859375,260.760009765625,89245
2025-01-31 18:30:00,260.760009765625,261.1199951171875,259.66009521484375,261.07501220703125,190013
2025-01-31 19:30:00,261.1400146484375,261.2850036621094,259.69500732421875,259.9100036621094,215963
2025-01-31 20:30:00,260.1000061035156,260.31829833984375,259.6050109863281,260.0299987792969,287213
2025-02-03 14:30:00,256.0400085449219,257.0603942871094,252.3800048828125,256.64898681640625,380398
2025-02-03 15:30:00,256.864990234375,258.5827941894531,256.3511962890625,257.8900146484375,217002
2025-02-03 16:30:00,257.8999938964844,258.67999267578125,257.4200134277344,258.0450134277344,108446
2025-02-03 17:30:00,257.9800109863281,258.5299987792969,257.45001220703125,258.04998779296875,98448
2025-02-03 18:30:00,258.1300048828125,258.6000061035156,257.82000732421875,257.8500061035156,131508
2025-02-03 19:30:00,257.7699890136719,258.1700134277344,257.07000732421875,257.1000061035156,142704
2025-02-03 20:30:00,257.17498779296875,257.6499938964844,256.4800109863281,256.5400085449219,336190
2025-02-04 14:30:00,255.9499969482422,257.2200012207031,255.1199951171875,256.1549987792969,199140
2025-02-04 15:30:00,256.1549987792969,258.0350036621094,255.9199981689453,257.9049987792969,171089
2025-02-04 16:30:00,257.8999938964844,258.2300109863281,257.1499938964844,257.3599853515625,142278
2025-02-04 17:30:00,257.3599853515625,257.7950134277344,257.0400085449219,257.1099853515625,116515
2025-02-04 18:30:00,257.1099853515625,257.5400085449219,256.6199951171875,257.260009765625,113965
2025-02-04 19:30:00,257.29998779296875,257.5818176269531,256.80999755859375,257.0450134277344,171260
2025-02-04 20:30:00,257.0199890136719,257.55499267578125,256.92999267578125,257.2300109863281,274990
2025-02-05 14:30:00,258.9100036621094,259.06500244140625,254.8699951171875,256.30499267578125,217304
2025-02-05 15:30:00,256.30499267578125,257.3399963378906,256.29998779296875,257.2200012207031,148147
2025-02-05 16:30:00,257.239990234375,257.6000061035156,256.80999755859375,256.8900146484375,109464
2025-02-05 17:30:00,256.92999267578125,258.3399963378906,256.9100036621094,258.1449890136719,99678
2025-02-05 18:30:00,258.1400146484375,259.44000244140625,258.1400146484375,259.1300048828125,149036
2025-02-05 19:30:00,259.17498779296875,259.2244873046875,258.5,258.56500244140625,231635
2025-02-05 20:30:00,258.55499267578125,258.7300109863281,258.1300048828125,258.4800109863281,287130
2025-02-06 14:30:00,260.1050109863281,260.61029052734375,257.4599914550781,258.0050048828125,164990
2025-02-06 15:30:00,257.8299865722656,258.6578063964844,256.9200134277344,258.1700134277344,181861
2025-02-06 16:30:00,258.2650146484375,258.45989990234375,257.5400085449219,257.67999267578125,107877
2025-02-06 17:30:00,257.67999267578125,257.9200134277344,257.2799987792969,257.5899963378906,112799
2025-02-06 18:30:00,257.5899963378906,258.2799987792969,257.010009765625,257.177490234375,115998
2025-02-06 19:30:00,257.04998779296875,257.2200012207031,256.0,256.1700134277344,283334
2025-02-06 20:30:00,256.2250061035156,257.32000732421875,255.7100067138672,256.95001220703125,830899
2025-02-07 14:30:00,256.82000732421875,257.3500061035156,253.86000061035156,254.39999389648438,250991
2025-02-07 15:30:00,254.3000030517578,254.47000122070312,252.33999633789062,253.22500610351562,234624
2025-02-07 16:30:00,253.22500610351562,253.6750030517578,251.94000244140625,251.94000244140625,144700
2025-02-07 17:30:00,251.88999938964844,252.61500549316406,251.82000732421875,252.35000610351562,134903
2025-02-07 18:30:00,252.35000610351562,252.77000427246094,251.77999877929688,252.25,155927
2025-02-07 19:30:00,252.1300048828125,252.60000610351562,251.35000610351562,251.67999267578125,193810
2025-02-07 20:30:00,251.74000549316406,252.47000122070312,251.66000366210938,251.92999267578125,380180
2025-02-10 14:30:00,255.32000732421875,255.60499572753906,252.55999755859375,254.75999450683594,175113
2025-02-10 15:30:00,254.7100067138672,255.77999877929688,253.67999267578125,253.7675018310547,138740
2025-02-10 16:30:00,253.69000244140625,255.16000366210938,253.47000122070312,254.77499389648438,102715
2025-02-10 17:30:00,254.77499389648438,255.53500366210938,254.47000122070312,255.1300048828125,115236
2025-02-10 18:30:00,255.1199951171875,255.83999633789062,255.0500030517578,255.64999389648438,128594
2025-02-10 19:30:00,255.65499877929688,256.6400146484375,255.61000061035156,256.32000732421875,202490
2025-02-10 20:30:00,256.25,256.8599853515625,256.02349853515625,256.489990234375,393646
2025-02-11 14:30:00,256.0,257.9200134277344,255.60000610351562,256.7699890136719,166791
2025-02-11 15:30:00,256.9200134277344,257.92498779296875,256.7099914550781,257.45001220703125,121484
2025-02-11 16:30:00,257.5050048828125,257.5199890136719,256.8974914550781,257.31988525390625,120023
2025-02-11 17:30:00,257.3157043457031,257.3157043457031,256.2699890136719,256.7001037597656,97424
2025-02-11 18:30:00,256.82501220703125,256.92999267578125,256.45001220703125,256.5400085449219,90805
2025-02-11 19:30:00,256.614990234375,257.25,256.44000244140625,256.6300048828125,145348
2025-02-11 20:30:00,256.6199951171875,257.2200012207031,256.6000061035156,257.1400146484375,315197
2025-02-12 14:30:00,250.75,250.9250030517578,246.50999450683594,249.50999450683594,333513
2025-02-12 15:30:00,249.85000610351562,250.04400634765625,247.86000061035156,248.0800018310547,205081
2025-02-12 16:30:00,248.1300048828125,251.0,248.1199951171875,250.6300048828125,158650
2025-02-12 17:30:00,250.7100067138672,250.91000366210938,249.63999938964844,249.63999938964844,138005
2025-02-12 18:30:00,249.66000366210938,250.27000427246094,248.69500732421875,249.35000610351562,217545
2025-02-12 19:30:00,249.33999633789062,249.72000122070312,248.39999389648438,248.49000549316406,245976
2025-02-12 20:30:00,248.4600067138672,250.44000244140625,248.3249969482422,250.25,456401
2025-02-13 14:30:00,251.63499450683594,252.3300018310547,250.13999938964844,251.4250030517578,206896
2025-02-13 15:30:00,251.42999267578125,252.75,250.74000549316406,252.16000366210938,255431
2025-02-13 16:30:00,252.1699981689453,252.9199981689453,252.00999450683594,252.69500732421875,139949
2025-02-13 17:30:00,252.66879272460938,252.6699981689453,251.63999938964844,251.8800048828125,257901
2025-02-13 18:30:00,251.8699951171875,253.04339599609375,251.41000366210938,252.75,159082
2025-02-13 19:30:00,252.75999450683594,253.30999755859375,252.69000244140625,253.1999969482422,159106
2025-02-13 20:30:00,253.13999938964844,253.25,252.5500030517578,252.6300048828125,289019
2025-02-14 14:30:00,254.5,256.4200134277344,253.39010620117188,253.48500061035156,223225
2025-02-14 15:30:00,253.5500030517578,253.8000030517578,252.72999572753906,253.14999389648438,150133
2025-02-14 16:30:00,253.05999755859375,253.5800018310547,252.60000610351562,253.00999450683594,99757
2025-02-14 17:30:00,253.02000427246094,253.3699951171875,252.52000427246094,253.03179931640625,123361
2025-02-14 18:30:00,253.07000732421875,253.1199951171875,251.5,251.625,152828
2025-02-14 19:30:00,251.63499450683594,252.22000122070312,251.25999450683594,251.25999450683594,134542
2025-02-14 20:30:00,251.25999450683594,252.2550048828125,251.25,251.6699981689453,222558
2025-02-18 14:30:00,250.47000122070312,251.13999938964844,248.38999938964844,250.1199951171875,227027
2025-02-18 15:30:00,250.09429931640625,251.36000061035156,249.96499633789062,250.0,162254
2025-02-18 16:30:00,249.9199981689453,250.2100067138672,249.5,249.55499267578125,140005
2025-02-18 17:30:00,249.58999633789062,249.67379760742188,248.96009826660156,249.25999450683594,124160
2025-02-18 18:30:00,249.3300018310547,249.5850067138672,248.91000366210938,249.19500732421875,152673
2025-02-18 19:30:00,249.19500732421875,250.21499633789062,249.10000610351562,250.11500549316406,168521
2025-02-18 20:30:00,250.08999633789062,250.83999633789062,250.00999450683594,250.74000549316406,304687
2025-02-19 14:30:00,247.25,248.8800048828125,245.1199951171875,247.1699981689453,378638
2025-02-19 15:30:00,247.14500427246094,247.82000732421875,246.0,246.8249969482422,177100
2025-02-19 16:30:00,246.8800048828125,246.8800048828125,245.80999755859375,246.2100067138672,146559
2025-02-19 17:30:00,246.21499633789062,247.15499877929688,246.13999938964844,246.5947265625,141976
2025-02-19 18:30:00,246.7100067138672,247.22000122070312,246.47500610351562,246.91000366210938,175015
2025-02-19 19:30:00,246.9499969482422,247.1840057373047,246.2899932861328,246.44000244140625,259490
2025-02-19 20:30:00,246.42999267578125,247.21499633789062,246.25,246.66000366210938,467987
2025-02-20 14:30:00,246.17999267578125,246.38499450683594,244.11000061035156,245.27999877929688,238318
2025-02-20 15:30:00,245.25999450683594,245.6300048828125,244.97999572753906,245.3350067138672,245389
2025-02-20 16:30:00,245.24000549316406,245.33250427246094,244.68499755859375,244.9199981689453,152295
2025-02-20 17:30:00,245.02000427246094,245.48500061035156,244.75999450683594,244.88999938964844,148638
2025-02-20 18:30:00,244.77999877929688,245.5,244.63999938964844,244.83999633789062,200667
2025-02-20 19:30:00,244.91000366210938,246.47000122070312,244.58999633789062,245.73500061035156,251002
2025-02-20 20:30:00,245.74000549316406,246.67999267578125,245.39999389648438,246.4199981689453,392174
2025-02-21 14:30:00,247.375,247.74000549316406,243.80999755859375,243.80999755859375,386185
2025-02-21 15:30:00,243.82000732421875,244.07000732421875,242.00999450683594,242.81500244140625,218510
2025-02-21 16:30:00,242.7100067138672,242.8800048828125,241.52999877929688,241.76499938964844,198551
2025-02-21 17:30:00,241.67999267578125,241.70249938964844,240.80999755859375,241.19500732421875,217291
2025-02-21 18:30:00,241.1999969482422,241.1999969482422,239.32000732421875,239.5,481231
2025-02-21 19:30:00,239.47000122070312,239.7100067138672,238.86000061035156,239.33999633789062,422231
2025-02-21 20:30:00,239.34500122070312,239.92630004882812,238.75,239.22999572753906,720280
2025-02-24 14:30:00,238.83999633789062,239.4550018310547,236.1699981689453,238.30999755859375,598798
2025-02-24 15:30:00,238.39500427246094,238.39500427246094,237.06500244140625,237.7100067138672,333036
2025-02-24 16:30:00,237.72000122070312,238.5399932861328,237.22000122070312,237.5399932861328,257107
2025-02-24 17:30:00,237.4199981689453,238.1199951171875,237.1699981689453,237.30999755859375,331423
2025-02-24 18:30:00,237.32000732421875,237.7050018310547,236.7100067138672,237.3800048828125,332226
2025-02-24 19:30:00,237.42999267578125,237.91990661621094,236.80999755859375,237.41000366210938,431644
2025-02-24 20:30:00,237.38999938964844,237.58999633789062,235.92999267578125,237.0800018310547,893343
2025-02-25 14:30:00,238.0,243.33999633789062,238.0,241.77000427246094,622930
2025-02-25 15:30:00,241.72000122070312,242.8699951171875,241.14999389648438,242.4600067138672,395292
2025-02-25 16:30:00,242.32000732421875,243.27999877929688,241.55999755859375,243.2100067138672,348833
2025-02-25 17:30:00,243.1999969482422,244.0800018310547,242.91000366210938,243.1300048828125,360400
2025-02-25 18:30:00,243.16000366210938,243.8699951171875,242.1199951171875,242.5399932861328,267795
2025-02-25 19:30:00,242.52999877929688,244.44000244140625,242.52999877929688,243.5,501784
2025-02-25 20:30:00,243.5800018310547,243.60499572753906,241.83999633789062,242.38999938964844,622576
2025-02-26 14:30:00,251.92999267578125,252.44000244140625,241.07000732421875,248.375,1390090
2025-02-26 15:30:00,248.27499389648438,251.61990356445312,248.11000061035156,250.9199981689453,537242
2025-02-26 16:30:00,251.05999755859375,252.9499969482422,250.4700927734375,251.7050018310547,418248
2025-02-26 17:30:00,251.77999877929688,251.9320068359375,248.9199981689453,249.02749633789062,322331
2025-02-26 18:30:00,249.00999450683594,249.4250030517578,246.8988037109375,248.41000366210938,357178
2025-02-26 19:30:00,248.40499877929688,248.46499633789062,247.35000610351562,247.8000030517578,374465
2025-02-26 20:30:00,247.7100067138672,248.80999755859375,246.7899932861328,247.08999633789062,804765
2025-02-27 14:30:00,247.0800018310547,248.4499969482422,244.92999267578125,246.4376983642578,336590
2025-02-27 15:30:00,246.44500732421875,247.44000244140625,246.22999572753906,246.5,201521
2025-02-27 16:30:00,246.39999389648438,247.57000732421875,246.02999877929688,247.56500244140625,206658
2025-02-27 17:30:00,247.69000244140625,248.08999633789062,247.08299255371094,247.9199981689453,166638
2025-02-27 18:30:00,247.92999267578125,248.4499969482422,247.05999755859375,247.10000610351562,218902
2025-02-27 19:30:00,247.05499267578125,247.39999389648438,246.0,246.1300048828125,265403
2025-02-27 20:30:00,246.19000244140625,246.5500030517578,245.35000610351562,245.58999633789062,465640
2025-02-28 14:30:00,248.1699981689453,249.7100067138672,245.77999877929688,246.5500030517578,264285
2025-02-28 15:30:00,246.39999389648438,246.99000549316406,245.22999572753906,245.3000030517578,210665
2025-02-28 16:30:00,245.1999969482422,246.85000610351562,245.1999969482422,246.08999633789062,163378
2025-02-28 17:30:00,246.02999877929688,246.0800018310547,244.3000946044922,244.77000427246094,162717
2025-02-28 18:30:00,244.8300018310547,245.33999633789062,244.3000030517578,244.6750030517578,156229
2025-02-28 19:30:00,244.68499755859375,246.1300048828125,244.57000732421875,246.00999450683594,322118
2025-02-28 20:30:00,246.0850067138672,248.77999877929688,245.9499969482422,248.52999877929688,436569
2025-03-03 14:30:00,248.67999267578125,249.67999267578125,247.77000427246094,248.7050018310547,274049
2025-03-03 15:30:00,248.7050018310547,249.49000549316406,246.94459533691406,246.94459533691406,212437
2025-03-03 16:30:00,246.85000610351562,248.67999267578125,246.7899932861328,248.36500549316406,128655
2025-03-03 17:30:00,248.25,248.63999938964844,246.32000732421875,246.43499755859375,158488
2025-03-03 18:30:00,246.57000732421875,247.3699951171875,246.30499267578125,246.9499969482422,174554
2025-03-03 19:30:00,246.89500427246094,247.69000244140625,244.41000366210938,244.50999450683594,212336
2025-03-03 20:30:00,244.47999572753906,246.22000122070312,243.8000030517578,246.1699981689453,570446
2025-03-04 14:30:00,244.60499572753906,244.60499572753906,239.60009765625,240.65499877929688,430037
2025-03-04 15:30:00,240.61000061035156,241.1300048828125,239.08399963378906,239.5500030517578,218756
2025-03-04 16:30:00,239.69000244140625,241.1999969482422,239.41000366210938,241.125,201044
2025-03-04 17:30:00,241.125,243.2899932861328,241.0,242.49000549316406,167242
2025-03-04 18:30:00,242.53500366210938,244.6699981689453,242.22999572753906,243.44000244140625,179150
2025-03-04 19:30:00,243.42999267578125,243.44000244140625,242.46499633789062,242.72000122070312,274827
2025-03-04 20:30:00,242.8249969482422,242.8249969482422,239.1699981689453,239.89999389648438,567541
2025-03-05 14:30:00,238.0,241.41000366210938,237.8000030517578,240.17999267578125,315583
2025-03-05 15:30:00,240.2100067138672,240.80999755859375,238.57000732421875,238.90499877929688,176781
2025-03-05 16:30:00,238.90499877929688,240.41000366210938,238.5399932861328,240.07000732421875,165738
2025-03-05 17:30:00,240.0399932861328,241.42999267578125,240.0,240.625,204599
2025-03-05 18:30:00,240.63499450683594,242.15989685058594,239.6999969482422,241.88999938964844,205770
2025-03-05 19:30:00,242.0,242.8800048828125,241.60000610351562,242.3699951171875,218189
2025-03-05 20:30:00,242.3300018310547,243.0,241.3300018310547,242.8699951171875,626815
2025-03-06 14:30:00,241.82000732421875,243.61000061035156,240.0399932861328,243.30999755859375,302532
2025-03-06 15:30:00,243.27000427246094,244.9499969482422,243.22000122070312,244.64999389648438,224574
2025-03-06 16:30:00,244.7550048828125,245.30999755859375,243.22000122070312,243.52000427246094,241048
2025-03-06 17:30:00,243.47000122070312,244.47000122070312,242.94000244140625,244.02000427246094,245920
2025-03-06 18:30:00,243.92999267578125,244.1300048828125,242.9499969482422,243.39999389648438,221238
2025-03-06 19:30:00,243.36000061035156,244.75,242.9600067138672,243.82000732421875,231602
2025-03-06 20:30:00,243.85499572753906,244.28500366210938,243.0399932861328,243.4499969482422,447802
2025-03-07 14:30:00,242.05999755859375,242.86000061035156,238.5399932861328,241.47000122070312,412278
2025-03-07 15:30:00,241.2899932861328,241.61500549316406,239.5800018310547,239.91000366210938,267454
2025-03-07 16:30:00,239.91000366210938,240.02999877929688,238.35499572753906,239.1699981689453,212105
2025-03-07 17:30:00,239.07000732421875,242.29649353027344,239.0399932861328,241.3300018310547,197612
2025-03-07 18:30:00,241.3350067138672,242.5800018310547,241.24000549316406,242.30999755859375,209983
2025-03-07 19:30:00,242.2100067138672,242.74000549316406,241.4199981689453,242.24000549316406,243819
2025-03-07 20:30:00,242.27999877929688,243.05099487304688,241.35000610351562,242.61000061035156,454544
2025-03-10 13:30:00,242.5,246.61500549316406,242.5,245.16000366210938,408859
2025-03-10 14:30:00,245.1699981689453,246.55999755859375,244.00010681152344,244.66000366210938,259344
2025-03-10 15:30:00,244.66000366210938,245.08999633789062,243.77000427246094,244.39999389648438,189555
2025-03-10 16:30:00,244.4499969482422,244.91000366210938,244.00999450683594,244.3000030517578,225758
2025-03-10 17:30:00,244.30999755859375,244.33999633789062,242.4600067138672,242.58999633789062,205839
2025-03-10 18:30:00,242.77000427246094,243.00999450683594,241.07000732421875,242.4199981689453,289541
2025-03-10 19:30:00,242.4499969482422,243.24000549316406,241.99000549316406,242.44000244140625,324228
2025-03-11 13:30:00,241.82000732421875,242.02999877929688,235.32000732421875,235.42999267578125,346355
2025-03-11 14:30:00,235.5500030517578,235.97000122070312,233.3000030517578,233.33999633789062,373639
2025-03-11 15:30:00,233.3800048828125,234.74000549316406,232.0399932861328,232.9250030517578,239462
2025-03-11 16:30:00,233.0800018310547,233.4127960205078,232.00999450683594,232.13499450683594,205350
2025-03-11 17:30:00,232.125,233.47120666503906,231.58999633789062,233.1699981689453,255451
2025-03-11 18:30:00,233.1699981689453,234.81500244140625,232.10499572753906,233.6199951171875,362552
2025-03-11 19:30:00,233.5800018310547,234.1300048828125,232.35000610351562,232.60000610351562,429323
2025-03-12 13:30:00,233.00999450683594,234.75,228.1199951171875,228.64999389648438,389310
2025-03-12 14:30:00,228.63999938964844,228.92999267578125,226.5500030517578,227.3699951171875,409758
2025-03-12 15:30:00,227.33999633789062,229.19000244140625,226.39999389648438,228.64999389648438,355555
2025-03-12 16:30:00,228.67999267578125,230.08999633789062,228.14999389648438,230.0449981689453,192273
2025-03-12 17:30:00,230.19000244140625,230.4459991455078,228.61000061035156,229.47000122070312,159482
2025-03-12 18:30:00,229.58999633789062,230.24000549316406,228.77000427246094,228.89500427246094,208260
2025-03-12 19:30:00,228.99000549316406,229.07000732421875,227.96499633789062,228.25,406839
2025-03-13 13:30:00,227.72999572753906,228.35499572753906,222.9199981689453,224.5399932861328,408990
2025-03-13 14:30:00,224.4600067138672,224.8800048828125,221.63999938964844,221.89999389648438,303934
2025-03-13 15:30:00,221.8000030517578,222.5399932861328,220.80999755859375,221.97999572753906,269077
2025-03-13 16:30:00,221.88999938964844,223.02000427246094,221.12010192871094,221.39999389648438,272105
2025-03-13 17:30:00,221.30999755859375,221.57000732421875,220.16700744628906,220.90499877929688,267497
2025-03-13 18:30:00,220.91000366210938,222.4199981689453,220.8000030517578,222.25999450683594,306439
2025-03-13 19:30:00,222.13999938964844,222.92999267578125,221.36000061035156,222.66000366210938,534320
2025-03-14 13:30:00,224.33999633789062,224.33999633789062,221.02000427246094,221.38999938964844,430840
2025-03-14 14:30:00,221.22999572753906,223.9600067138672,221.22999572753906,223.72999572753906,350903
2025-03-14 15:30:00,223.7698974609375,223.85000610351562,222.27000427246094,222.39999389648438,170517
2025-03-14 16:30:00,222.39999389648438,224.36000061035156,222.27999877929688,224.14999389648438,188355
2025-03-14 17:30:00,224.1208038330078,224.66000366210938,223.5399932861328,223.88800048828125,145016
2025-03-14 18:30:00,223.97999572753906,224.6168975830078,223.86590576171875,224.0500030517578,217901
2025-03-14 19:30:00,224.10499572753906,224.75999450683594,223.5500030517578,224.36000061035156,392278
2025-03-17 13:30:00,225.0,226.4499969482422,223.39999389648438,225.5050048828125,274081
2025-03-17 14:30:00,225.33999633789062,226.17999267578125,225.16000366210938,225.6999969482422,185767
2025-03-17 15:30:00,225.6300048828125,225.8300018310547,224.8000946044922,225.51499938964844,178937
2025-03-17 16:30:00,225.41000366210938,225.75999450683594,224.58999633789062,224.75999450683594,237193
2025-03-17 17:30:00,224.84500122070312,226.63369750976562,224.75999450683594,226.42999267578125,156350
2025-03-17 18:30:00,226.36000061035156,226.61000061035156,225.85000610351562,226.4600067138672,211092
2025-03-17 19:30:00,226.4600067138672,226.6300048828125,225.58999633789062,225.91000366210938,565481
2025-03-18 13:30:00,224.8699951171875,225.52999877929688,224.0,225.22500610351562,213238
2025-03-18 14:30:00,225.22500610351562,225.5800018310547,223.0399932861328,223.19500732421875,181977
2025-03-18 15:30:00,223.19500732421875,223.52999877929688,222.72000122070312,223.3249969482422,177049
2025-03-18 16:30:00,223.36000061035156,223.6699981689453,222.57000732421875,223.375,162430
2025-03-18 17:30:00,223.3300018310547,224.02049255371094,223.05999755859375,223.46499633789062,159149
2025-03-18 18:30:00,223.46499633789062,223.82000732421875,222.57000732421875,223.23500061035156,203114
2025-03-18 19:30:00,223.3300018310547,223.55999755859375,222.63999938964844,223.00999450683594,317762
2025-03-19 13:30:00,223.8000030517578,225.32000732421875,223.22999572753906,225.3000030517578,190998
2025-03-19 14:30:00,225.3800048828125,225.55999755859375,223.82000732421875,224.4199981689453,132783
2025-03-19 15:30:00,224.38999938964844,225.11000061035156,223.85000610351562,224.17999267578125,129857
2025-03-19 16:30:00,224.07000732421875,224.36000061035156,223.04739379882812,223.22999572753906,75490
2025-03-19 17:30:00,223.22000122070312,223.84669494628906,222.4199981689453,223.44500732421875,183886
2025-03-19 18:30:00,223.47000122070312,225.88999938964844,223.39999389648438,224.72999572753906,323383
2025-03-19 19:30:00,224.8470001220703,225.72999572753906,224.6699981689453,225.50999450683594,344184
2025-03-20 13:30:00,225.5399932861328,229.3800048828125,224.00999450683594,229.32000732421875,366681
2025-03-20 14:30:00,229.1750030517578,229.55999755859375,228.6300048828125,228.6300048828125,218602
2025-03-20 15:30:00,228.55499267578125,228.9499969482422,227.49000549316406,227.49000549316406,116966
2025-03-20 16:30:00,227.52000427246094,227.75999450683594,226.2899932861328,226.47999572753906,127665
2025-03-20 17:30:00,226.5,227.1199951171875,226.1999969482422,226.37759399414062,155198
2025-03-20 18:30:00,226.25999450683594,227.125,225.97000122070312,226.05999755859375,163515
2025-03-20 19:30:00,226.10000610351562,226.6999969482422,225.7100067138672,226.24000549316406,329785
2025-03-21 13:30:00,224.33999633789062,224.57000732421875,221.17230224609375,222.86500549316406,670308
2025-03-21 14:30:00,222.86500549316406,224.30999755859375,222.42999267578125,223.27999877929688,134257
2025-03-21 15:30:00,223.32000732421875,224.97000122070312,223.13999938964844,224.77000427246094,134493
2025-03-21 16:30:00,224.7028045654297,225.72000122070312,224.10400390625,225.5399932861328,206352
2025-03-21 17:30:00,225.50999450683594,226.38999938964844,224.91000366210938,224.91000366210938,164681
2025-03-21 18:30:00,224.98500061035156,226.05999755859375,224.7100067138672,225.74000549316406,298998
2025-03-21 19:30:00,225.6699981689453,227.19000244140625,225.1199951171875,227.05999755859375,910664
2025-03-24 13:30:00,228.3800048828125,232.3300018310547,228.3800048828125,231.77000427246094,306711
2025-03-24 14:30:00,231.75999450683594,232.1199951171875,230.9550018310547,231.48500061035156,154731
2025-03-24 15:30:00,231.50999450683594,232.83999633789062,231.50999450683594,231.72999572753906,187417
2025-03-24 16:30:00,231.6699981689453,232.13999938964844,231.13999938964844,231.75,289220
2025-03-24 17:30:00,231.69500732421875,232.1199951171875,230.47000122070312,230.47000122070312,250600
2025-03-24 18:30:00,230.6300048828125,232.32000732421875,230.5399932861328,232.2100067138672,301397
2025-03-24 19:30:00,232.22000122070312,233.1300048828125,232.16000366210938,232.88999938964844,473170
2025-03-25 13:30:00,232.30999755859375,233.14999389648438,231.0,232.625,228427
2025-03-25 14:30:00,232.49000549316406,233.0800018310547,232.3000030517578,232.7100067138672,136962
2025-03-25 15:30:00,232.72999572753906,232.8000030517578,231.1199951171875,231.1699981689453,120243
2025-03-25 16:30:00,231.24000549316406,232.2191925048828,230.50999450683594,230.75,207512
2025-03-25 17:30:00,230.76499938964844,230.97999572753906,229.88999938964844,229.9949951171875,276536
2025-03-25 18:30:00,229.9199981689453,230.02000427246094,228.91000366210938,229.1699981689453,391751
2025-03-25 19:30:00,229.19000244140625,230.82000732421875,228.07000732421875,230.64999389648438,522035
2025-03-26 13:30:00,230.8000030517578,233.57000732421875,230.8000030517578,232.8063201904297,188797
2025-03-26 14:30:00,232.61000061035156,233.25,231.55999755859375,231.64500427246094,116891
2025-03-26 15:30:00,231.6199951171875,232.14999389648438,231.35000610351562,232.07000732421875,133037
2025-03-26 16:30:00,232.07000732421875,232.52999877929688,230.91000366210938,231.03500366210938,115959
2025-03-26 17:30:00,231.11439514160156,232.16000366210938,230.66000366210938,231.875,212017
2025-03-26 18:30:00,231.85000610351562,232.06500244140625,230.85000610351562,231.58999633789062,209240
2025-03-26 19:30:00,231.6199951171875,232.63999938964844,231.56500244140625,232.02999877929688,384110
2025-03-27 13:30:00,232.74000549316406,233.33999633789062,230.86000061035156,233.125,342281
2025-03-27 14:30:00,233.05499267578125,233.58999633789062,232.1999969482422,232.30999755859375,261274
2025-03-27 15:30:00,232.27000427246094,232.36000061035156,231.13999938964844,231.97999572753906,193435
2025-03-27 16:30:00,231.97999572753906,232.27000427246094,231.02000427246094,231.6300048828125,159153
2025-03-27 17:30:00,231.68499755859375,233.11000061035156,231.57000732421875,232.60000610351562,184743
2025-03-27 18:30:00,232.61000061035156,233.8800048828125,232.61000061035156,233.75999450683594,240969
2025-03-27 19:30:00,233.75,233.75,232.02999877929688,232.1699981689453,466358
2025-03-28 13:30:00,232.49000549316406,232.625,227.73500061035156,228.4600067138672,233987
2025-03-28 14:30:00,228.5399932861328,228.80499267578125,227.44000244140625,228.21499633789062,237100
2025-03-28 15:30:00,228.21499633789062,229.13499450683594,228.0709991455078,228.56500244140625,127849
2025-03-28 16:30:00,228.56500244140625,229.17999267578125,228.38999938964844,228.5800018310547,111034
2025-03-28 17:30:00,228.5,229.1699981689453,228.19000244140625,228.26499938964844,119821
2025-03-28 18:30:00,228.22000122070312,228.9499969482422,227.94000244140625,228.17999267578125,181166
2025-03-28 19:30:00,228.17999267578125,228.6999969482422,227.82000732421875,228.42999267578125,450821
2025-03-31 13:30:00,226.74000549316406,231.00999450683594,226.74000549316406,230.3800048828125,558504
2025-03-31 14:30:00,230.26499938964844,231.97999572753906,230.26499938964844,231.1199951171875,246347
2025-03-31 15:30:00,231.02999877929688,232.19000244140625,230.6699981689453,231.52499389648438,191050
2025-03-31 16:30:00,231.55499267578125,232.36709594726562,231.24000549316406,231.6999969482422,123558
2025-03-31 17:30:00,231.68499755859375,233.2093048095703,231.3699951171875,232.39999389648438,174457
2025-03-31 18:30:00,232.47000122070312,234.17990112304688,232.0399932861328,233.5500030517578,284612
2025-03-31 19:30:00,233.50999450683594,234.97999572753906,233.0500030517578,233.22000122070312,601069
2025-04-01 13:30:00,232.39999389648438,233.94610595703125,230.47999572753906,231.73500061035156,231068
2025-04-01 14:30:00,231.72000122070312,233.86000061035156,231.41000366210938,232.97000122070312,243544
2025-04-01 15:30:00,232.9250030517578,234.50999450683594,232.7050018310547,233.73500061035156,221743
2025-04-01 16:30:00,233.82000732421875,233.99000549316406,233.0500030517578,233.35650634765625,132205
2025-04-01 17:30:00,233.4600067138672,233.85499572753906,232.75999450683594,232.97000122070312,164929
2025-04-01 18:30:00,232.89999389648438,233.8800048828125,232.68499755859375,233.4387969970703,260193
2025-04-01 19:30:00,233.3800048828125,234.33999633789062,233.2093963623047,234.0,350234
2025-04-02 13:30:00,232.13999938964844,235.5800018310547,232.13999938964844,233.39999389648438,385662
2025-04-02 14:30:00,233.27000427246094,233.99000549316406,232.80999755859375,233.80520629882812,189891
2025-04-02 15:30:00,233.7899932861328,234.70010375976562,233.52999877929688,234.2725067138672,203858
2025-04-02 16:30:00,234.28599548339844,236.11000061035156,234.08999633789062,235.89999389648438,208126
2025-04-02 17:30:00,235.8000030517578,235.85000610351562,234.24000549316406,234.24000549316406,198881
2025-04-02 18:30:00,234.19000244140625,235.47000122070312,234.19000244140625,235.34860229492188,230961
2025-04-02 19:30:00,235.30999755859375,236.07000732421875,234.97999572753906,235.24000549316406,502132
2025-04-03 13:30:00,222.78500366210938,226.1699981689453,221.9499969482422,223.48500061035156,791361
2025-04-03 14:30:00,223.5030059814453,224.25,221.69000244140625,223.1999969482422,441046
2025-04-03 15:30:00,223.19000244140625,224.88690185546875,223.1199951171875,224.3800048828125,336988
2025-04-03 16:30:00,224.49000549316406,224.96490478515625,221.6999969482422,221.6999969482422,283135
2025-04-03 17:30:00,221.73500061035156,222.58999633789062,220.61000061035156,221.6300048828125,405408
2025-04-03 18:30:00,221.59500122070312,223.02999877929688,221.1300048828125,222.19000244140625,563478
2025-04-03 19:30:00,222.24000549316406,222.97999572753906,221.89999389648438,222.42999267578125,949784
2025-04-04 13:30:00,220.64999389648438,226.32470703125,219.04119873046875,222.13999938964844,832008
2025-04-04 14:30:00,222.0800018310547,229.82940673828125,219.82000732421875,226.30499267578125,757221
2025-04-04 15:30:00,226.18499755859375,228.52000427246094,225.07000732421875,225.5800018310547,553177
2025-04-04 16:30:00,225.7100067138672,226.50999450683594,223.89999389648438,225.97000122070312,352935
2025-04-04 17:30:00,225.8300018310547,228.30999755859375,225.1699981689453,226.00999450683594,398675
2025-04-04 18:30:00,225.97000122070312,226.9600067138672,224.33999633789062,226.03709411621094,539456
2025-04-04 19:30:00,225.8000030517578,227.24000549316406,222.77000427246094,223.16000366210938,768130
2025-04-07 13:30:00,218.0500030517578,225.64999389648438,211.69500732421875,217.0,914050
2025-04-07 14:30:00,216.36000061035156,221.6699981689453,213.2082061767578,213.2082061767578,531170
2025-04-07 15:30:00,213.44000244140625,216.55999755859375,213.08360290527344,215.36500549316406,363993
2025-04-07 16:30:00,215.36000061035156,217.30999755859375,212.9375,216.8699951171875,401654
2025-04-07 17:30:00,216.77000427246094,219.1300048828125,215.32369995117188,216.97999572753906,422410
2025-04-07 18:30:00,216.97999572753906,218.1750030517578,215.19500732421875,215.71499633789062,386212
2025-04-07 19:30:00,215.7449951171875,217.91000366210938,215.0399932861328,216.97999572753906,674975
2025-04-08 13:30:00,220.02000427246094,223.35499572753906,217.6300048828125,222.9149932861328,305675
2025-04-08 14:30:00,222.91000366210938,223.8800048828125,217.5800018310547,217.81039428710938,345886
2025-04-08 15:30:00,217.86000061035156,219.72999572753906,217.6699981689453,218.6699981689453,154198
2025-04-08 16:30:00,218.88999938964844,219.08999633789062,214.44000244140625,214.5449981689453,281430
2025-04-08 17:30:00,214.72000122070312,216.7899932861328,213.0,213.08999633789062,252806
2025-04-08 18:30:00,213.24000549316406,215.02000427246094,211.42999267578125,212.60000610351562,370116
2025-04-08 19:30:00,212.44000244140625,212.52499389648438,207.5800018310547,211.74000549316406,599730
2025-04-09 13:30:00,208.7949981689453,211.3300018310547,206.38499450683594,208.40249633789062,470124
2025-04-09 14:30:00,208.40499877929688,210.0,207.3800048828125,209.2899932861328,328292
2025-04-09 15:30:00,209.16000366210938,209.6199951171875,207.52000427246094,208.8300018310547,259039
2025-04-09 16:30:00,208.8000030517578,223.86000061035156,208.3000030517578,219.09019470214844,415759
2025-04-09 17:30:00,219.66000366210938,224.30999755859375,219.2949981689453,222.49000549316406,572204
2025-04-09 18:30:00,222.5850067138672,223.55999755859375,218.92999267578125,222.9550018310547,534396
2025-04-09 19:30:00,222.9949951171875,224.11000061035156,221.61000061035156,223.32000732421875,782210
2025-04-10 13:30:00,220.9600067138672,220.9600067138672,217.13499450683594,218.38999938964844,462625
2025-04-10 14:30:00,218.52999877929688,219.82000732421875,217.6999969482422,218.3000030517578,273429
2025-04-10 15:30:00,217.9600067138672,219.08999633789062,213.36000061035156,214.75,299849
2025-04-10 16:30:00,214.52000427246094,219.49000549316406,214.52000427246094,217.75,332592
2025-04-10 17:30:00,217.50999450683594,222.97000122070312,216.97000122070312,222.85000610351562,375232
2025-04-10 18:30:00,222.76499938964844,223.39999389648438,219.6750030517578,219.69000244140625,393844
2025-04-10 19:30:00,219.55999755859375,221.57000732421875,217.9774932861328,220.94000244140625,714440
2025-04-11 13:30:00,219.35000610351562,220.05499267578125,214.7895965576172,214.97500610351562,434074
2025-04-11 14:30:00,214.77000427246094,217.22999572753906,213.8300018310547,214.7899932861328,360573
2025-04-11 15:30:00,214.82000732421875,217.0,214.80999755859375,216.57000732421875,239010
2025-04-11 16:30:00,216.85000610351562,219.2100067138672,216.72000122070312,217.69000244140625,201827
2025-04-11 17:30:00,217.69000244140625,221.1699981689453,217.1300048828125,219.30999755859375,272334
2025-04-11 18:30:00,219.41000366210938,220.1999969482422,218.66000366210938,219.4949951171875,261232
2025-04-11 19:30:00,219.4949951171875,220.61000061035156,219.12010192871094,220.30999755859375,518605
2025-04-14 13:30:00,222.9199981689453,223.0198974609375,220.5,222.8000030517578,328430
2025-04-14 14:30:00,222.7100067138672,224.9600067138672,222.49000549316406,223.47999572753906,288938
2025-04-14 15:30:00,223.55999755859375,224.0800018310547,221.11000061035156,221.93499755859375,233761
2025-04-14 16:30:00,221.96499633789062,224.1199951171875,221.86000061035156,223.1999969482422,248641
2025-04-14 17:30:00,223.27000427246094,225.05999755859375,222.97000122070312,224.7100067138672,290037
2025-04-14 18:30:00,224.6199951171875,225.60000610351562,224.6199951171875,225.0399932861328,313338
2025-04-14 19:30:00,225.02999877929688,225.49000549316406,223.94000244140625,224.1699981689453,423424
2025-04-15 13:30:00,224.0,225.02999877929688,222.6300048828125,223.3699951171875,319649
2025-04-15 14:30:00,223.5,223.76499938964844,221.6699981689453,221.6699981689453,241010
2025-04-15 15:30:00,221.74000549316406,222.80999755859375,221.61000061035156,221.9499969482422,155335
2025-04-15 16:30:00,222.07000732421875,222.3000030517578,220.5218048095703,220.57000732421875,181908
2025-04-15 17:30:00,220.5749969482422,220.8300018310547,218.8000030517578,219.36000061035156,230459
2025-04-15 18:30:00,219.36500549316406,220.22500610351562,219.27000427246094,219.9199981689453,213938
2025-04-15 19:30:00,219.86500549316406,220.66000366210938,219.36000061035156,220.35000610351562,557312
2025-04-16 13:30:00,219.35000610351562,221.35000610351562,217.80999755859375,218.55999755859375,168753
2025-04-16 14:30:00,218.52000427246094,219.63999938964844,218.0800018310547,219.38499450683594,182869
2025-04-16 15:30:00,219.58999633789062,219.60000610351562,217.25999450683594,217.78500366210938,143803
2025-04-16 16:30:00,217.78500366210938,218.13999938964844,217.35000610351562,217.52999877929688,126043
2025-04-16 17:30:00,217.41000366210938,217.49240112304688,214.6999969482422,215.61000061035156,232994
2025-04-16 18:30:00,215.4499969482422,215.49000549316406,213.3000030517578,213.5,253667
2025-04-16 19:30:00,213.4949951171875,214.6300048828125,213.4499969482422,214.57000732421875,324424
2025-04-17 13:30:00,217.02000427246094,218.0,215.77999877929688,217.01499938964844,356842
2025-04-17 14:30:00,217.08999633789062,218.80999755859375,216.49000549316406,218.52999877929688,221400
2025-04-17 15:30:00,218.36500549316406,219.8300018310547,217.8800048828125,219.6999969482422,204297
2025-04-17 16:30:00,219.5399932861328,220.50999450683594,218.8699951171875,219.42990112304688,166760
2025-04-17 17:30:00,219.30499267578125,220.69000244140625,219.27999877929688,220.21499633789062,146780
2025-04-17 18:30:00,220.16000366210938,220.60000610351562,218.91000366210938,219.2100067138672,256278
2025-04-17 19:30:00,219.3300018310547,219.87750244140625,218.57000732421875,218.97999572753906,377364
2025-04-21 13:30:00,217.6699981689453,218.1699981689453,214.32000732421875,214.52000427246094,189963
2025-04-21 14:30:00,214.4600067138672,214.69000244140625,211.75999450683594,211.86000061035156,210571
2025-04-21 15:30:00,211.91000366210938,212.06689453125,210.6699981689453,211.3300018310547,305883
2025-04-21 16:30:00,211.44000244140625,212.54989624023438,210.66000366210938,210.6699981689453,256757
2025-04-21 17:30:00,210.77499389648438,211.27999877929688,210.41439819335938,211.25999450683594,224198
2025-04-21 18:30:00,211.25999450683594,211.45989990234375,210.5500030517578,211.00999450683594,243134
2025-04-21 19:30:00,211.07000732421875,212.9199981689453,211.00999450683594,212.6999969482422,370677
2025-04-22 13:30:00,214.7949981689453,217.4550018310547,214.56500244140625,217.4499969482422,252937
2025-04-22 14:30:00,217.5,218.8800048828125,217.25,218.4949951171875,227277
2025-04-22 15:30:00,218.5050048828125,220.5500030517578,217.83999633789062,220.22169494628906,306665
2025-04-22 16:30:00,220.12210083007812,220.32000732421875,216.92999267578125,217.09500122070312,190090
2025-04-22 17:30:00,217.10000610351562,218.39999389648438,216.7100067138672,218.125,213936
2025-04-22 18:30:00,218.1300048828125,219.33999633789062,217.9832000732422,219.08999633789062,173541
2025-04-22 19:30:00,218.94500732421875,220.0,218.63999938964844,219.02999877929688,383299
2025-04-23 13:30:00,222.125,225.66000366210938,222.125,223.5,376808
2025-04-23 14:30:00,223.52000427246094,223.64999389648438,220.6555938720703,221.08999633789062,261765
2025-04-23 15:30:00,221.08999633789062,221.3300018310547,218.0,218.72000122070312,167595
2025-04-23 16:30:00,218.73500061035156,219.7100067138672,218.2550048828125,218.94000244140625,179028
2025-04-23 17:30:00,219.02499389648438,219.30999755859375,217.72999572753906,217.8800048828125,177165
2025-04-23 18:30:00,217.88999938964844,218.5500030517578,217.53309631347656,217.88499450683594,309867
2025-04-23 19:30:00,217.91000366210938,218.5,217.14999389648438,217.75999450683594,398615
2025-04-24 13:30:00,217.75999450683594,220.41000366210938,216.2899932861328,220.11000061035156,283801
2025-04-24 14:30:00,220.18499755859375,222.0399932861328,219.82000732421875,221.4499969482422,312877
2025-04-24 15:30:00,221.48500061035156,221.97000122070312,220.9499969482422,221.4949951171875,228547
2025-04-24 16:30:00,221.4949951171875,222.30499267578125,221.44979858398438,222.1529998779297,182827
2025-04-24 17:30:00,222.11000061035156,222.8300018310547,221.30999755859375,221.72000122070312,125400
2025-04-24 18:30:00,221.67039489746094,222.5500030517578,221.6020050048828,221.92999267578125,148296
2025-04-24 19:30:00,221.9199981689453,222.94000244140625,221.4550018310547,222.02999877929688,322880
2025-04-25 13:30:00,222.2050018310547,222.33999633789062,219.86000061035156,220.22999572753906,189011
2025-04-25 14:30:00,220.3699951171875,221.17999267578125,219.5,219.625,129017
2025-04-25 15:30:00,219.52999877929688,220.0399932861328,219.35000610351562,219.72999572753906,97822
2025-04-25 16:30:00,219.65499877929688,220.4250030517578,219.11000061035156,220.33999633789062,85554
2025-04-25 17:30:00,220.4250030517578,220.5800018310547,218.75999450683594,220.00999450683594,145259
2025-04-25 18:30:00,219.98500061035156,220.50999450683594,219.5968017578125,220.33999633789062,170812
2025-04-25 19:30:00,220.32000732421875,221.08999633789062,219.8300018310547,220.9199981689453,303877
2025-04-28 13:30:00,220.5,223.5399932861328,220.5,222.96499633789062,299416
2025-04-28 14:30:00,222.96499633789062,223.19000244140625,220.94000244140625,221.0800018310547,306687
2025-04-28 15:30:00,221.16000366210938,221.3300018310547,219.99000549316406,219.99000549316406,96923
2025-04-28 16:30:00,219.9550018310547,220.46499633789062,219.42999267578125,219.42999267578125,130737
2025-04-28 17:30:00,219.38999938964844,220.48500061035156,219.3000030517578,220.19000244140625,142638
2025-04-28 18:30:00,220.1300048828125,221.02000427246094,219.9600067138672,220.58999633789062,144700
2025-04-28 19:30:00,220.63499450683594,221.75999450683594,220.08999633789062,221.0944061279297,380500
2025-04-29 13:30:00,219.30999755859375,222.92999267578125,219.30999755859375,221.38499450683594,216572
2025-04-29 14:30:00,221.49000549316406,222.64999389648438,221.2100067138672,222.2949981689453,112360
2025-04-29 15:30:00,222.2899932861328,222.5279998779297,221.2855987548828,222.24000549316406,91900
2025-04-29 16:30:00,222.22000122070312,222.281005859375,221.0106964111328,221.77999877929688,90832
2025-04-29 17:30:00,221.72999572753906,223.3498992919922,221.67999267578125,222.61500549316406,119519
2025-04-29 18:30:00,222.61500549316406,223.69000244140625,222.60000610351562,223.69000244140625,224381
2025-04-29 19:30:00,223.72000122070312,223.8800048828125,223.0399932861328,223.27999877929688,302370
2025-04-30 13:30:00,221.92999267578125,222.2899932861328,218.19000244140625,220.9290008544922,279263
2025-04-30 14:30:00,220.72999572753906,221.60000610351562,220.14999389648438,221.57000732421875,150098
2025-04-30 15:30:00,221.60499572753906,222.10000610351562,220.99000549316406,221.0,146629
2025-04-30 16:30:00,220.97000122070312,221.99000549316406,220.91000366210938,221.82000732421875,181998
2025-04-30 17:30:00,221.91000366210938,222.6699981689453,221.72000122070312,222.28750610351562,258996
2025-04-30 18:30:00,222.3000030517578,222.38999938964844,221.49000549316406,221.77000427246094,238238
2025-04-30 19:30:00,221.77000427246094,224.0,221.33999633789062,223.47000122070312,496259
2025-05-01 13:30:00,223.49000549316406,225.2100067138672,221.19000244140625,224.43499755859375,290124
2025-05-01 14:30:00,224.32000732421875,225.5399932861328,223.9199981689453,225.25,176568
2025-05-01 15:30:00,225.31500244140625,225.47000122070312,223.30999755859375,223.66000366210938,154428
2025-05-01 16:30:00,223.65499877929688,223.9199981689453,222.75,223.6300048828125,166647
2025-05-01 17:30:00,223.6300048828125,223.77000427246094,222.47999572753906,222.97999572753906,144519
2025-05-01 18:30:00,223.0500030517578,223.60000610351562,222.7100067138672,223.34500122070312,174034
2025-05-01 19:30:00,223.44000244140625,223.81500244140625,222.10499572753906,222.24000549316406,381729
2025-05-02 13:30:00,224.52000427246094,226.77000427246094,223.94000244140625,225.75999450683594,258523
2025-05-02 14:30:00,225.75999450683594,226.02000427246094,224.4499969482422,224.80999755859375,295108
2025-05-02 15:30:00,224.71499633789062,227.11000061035156,224.71499633789062,226.8249969482422,199511
2025-05-02 16:30:00,226.8300018310547,227.72999572753906,226.22999572753906,226.42999267578125,216369
2025-05-02 17:30:00,226.4499969482422,227.32000732421875,226.27999877929688,227.02999877929688,353662
2025-05-02 18:30:00,227.0500030517578,227.38999938964844,226.62010192871094,227.07000732421875,182247
2025-05-02 19:30:00,227.0850067138672,227.69000244140625,226.7100067138672,227.13999938964844,386039
2025-05-05 13:30:00,226.00999450683594,226.2899932861328,224.09010314941406,226.24000549316406,215546
2025-05-05 14:30:00,226.35000610351562,226.9199981689453,226.0,226.83999633789062,140097
2025-05-05 15:30:00,226.88499450683594,227.11000061035156,226.19000244140625,226.8300018310547,131752
2025-05-05 16:30:00,226.90499877929688,226.90499877929688,225.96429443359375,226.07000732421875,137912
2025-05-05 17:30:00,226.0800018310547,226.92999267578125,226.0800018310547,226.86500549316406,128291
2025-05-05 18:30:00,226.82000732421875,226.92999267578125,225.75999450683594,225.9499969482422,155836
2025-05-05 19:30:00,225.92999267578125,226.3000030517578,225.05999755859375,225.25999450683594,340419
2025-05-06 13:30:00,223.14500427246094,224.1300048828125,221.9600067138672,224.05999755859375,325743
2025-05-06 14:30:00,224.125,224.57000732421875,222.9600067138672,223.7449951171875,211499
2025-05-06 15:30:00,223.75,224.67999267578125,223.1300048828125,224.0800018310547,131910
2025-05-06 16:30:00,224.0399932861328,224.393798828125,222.77999877929688,222.91000366210938,121978
2025-05-06 17:30:00,222.99000549316406,223.39990234375,222.4499969482422,223.1199951171875,157725
2025-05-06 18:30:00,223.16000366210938,223.4499969482422,222.7899932861328,222.97999572753906,205908
2025-05-06 19:30:00,222.94000244140625,223.47999572753906,222.72000122070312,223.02000427246094,456988
2025-05-07 13:30:00,222.9499969482422,225.0644989013672,222.9499969482422,223.74000549316406,1051345
2025-05-07 14:30:00,223.7899932861328,224.25,222.96449279785156,223.68499755859375,174965
2025-05-07 15:30:00,223.68499755859375,224.34500122070312,223.4550018310547,223.5449981689453,127379
2025-05-07 16:30:00,223.41000366210938,224.6999969482422,223.2949981689453,224.44000244140625,137369
2025-05-07 17:30:00,224.42999267578125,224.57000732421875,221.69500732421875,222.4199981689453,246403
2025-05-07 18:30:00,222.53500366210938,223.81500244140625,222.32000732421875,222.4199981689453,357175
2025-05-07 19:30:00,222.38999938964844,224.1750030517578,222.10000610351562,223.41000366210938,349123
2025-05-08 13:30:00,224.56500244140625,224.89999389648438,223.1999969482422,223.8000030517578,508590
2025-05-08 14:30:00,223.8300018310547,224.6699981689453,222.44000244140625,224.25999450683594,281136
2025-05-08 15:30:00,224.25999450683594,226.08999633789062,224.14500427246094,225.7646026611328,183442
2025-05-08 16:30:00,225.72999572753906,226.6300048828125,225.52000427246094,225.5399932861328,163355
2025-05-08 17:30:00,225.50999450683594,225.77000427246094,224.3000030517578,224.8800048828125,145812
2025-05-08 18:30:00,224.97999572753906,225.69000244140625,224.9499969482422,225.5800018310547,198460
2025-05-08 19:30:00,225.58999633789062,225.83999633789062,224.30999755859375,224.55999755859375,351331
2025-05-09 13:30:00,223.67999267578125,225.17999267578125,222.19500732421875,223.39999389648438,326952
2025-05-09 14:30:00,223.38999938964844,223.4600067138672,222.50999450683594,222.98500061035156,236681
2025-05-09 15:30:00,223.07000732421875,223.4199981689453,222.22000122070312,222.22000122070312,138732
2025-05-09 16:30:00,222.35000610351562,222.52999877929688,221.375,222.2449951171875,156613
2025-05-09 17:30:00,222.14999389648438,222.89999389648438,222.05999755859375,222.22000122070312,157760
2025-05-09 18:30:00,222.1999969482422,222.94000244140625,222.13999938964844,222.4499969482422,217323
2025-05-09 19:30:00,222.47999572753906,222.53990173339844,221.64999389648438,222.1699981689453,330364
2025-05-12 13:30:00,231.0,233.75999450683594,230.30999755859375,231.78500366210938,429348
2025-05-12 14:30:00,231.77999877929688,232.7050018310547,230.80999755859375,231.27999877929688,348629
2025-05-12 15:30:00,231.1300048828125,231.33999633789062,230.27000427246094,230.66000366210938,200508
2025-05-12 16:30:00,230.72000122070312,232.6649932861328,230.6488037109375,232.32000732421875,252605
2025-05-12 17:30:00,232.34500122070312,232.80999755859375,232.25,232.52000427246094,210691
2025-05-12 18:30:00,232.51499938964844,232.7899932861328,231.8300018310547,232.07000732421875,253349
2025-05-12 19:30:00,232.0695037841797,232.86000061035156,231.58999633789062,232.84500122070312,566566
2025-05-13 13:30:00,235.13999938964844,235.35000610351562,231.07000732421875,232.00999450683594,641447
2025-05-13 14:30:00,232.02000427246094,232.8300018310547,231.6300048828125,232.4199981689453,238748
2025-05-13 15:30:00,232.36000061035156,232.5399932861328,230.8699951171875,231.00999450683594,199534
2025-05-13 16:30:00,231.00999450683594,231.12060546875,229.5800018310547,230.8000030517578,159817
2025-05-13 17:30:00,230.73300170898438,231.1300048828125,230.66000366210938,231.01499938964844,145140
2025-05-13 18:30:00,231.02499389648438,231.18499755859375,230.27999877929688,230.5399932861328,213007
2025-05-13 19:30:00,230.55999755859375,231.04750061035156,230.1999969482422,230.75,474925
2025-05-14 13:30:00,229.5,231.02000427246094,228.69000244140625,230.53250122070312,346227
2025-05-14 14:30:00,230.5800018310547,231.1699981689453,229.3000030517578,230.05999755859375,207922
2025-05-14 15:30:00,230.05999755859375,230.66000366210938,229.8699951171875,230.1199951171875,188082
2025-05-14 16:30:00,230.1699981689453,230.33999633789062,228.96499633789062,229.40499877929688,139280
2025-05-14 17:30:00,229.35000610351562,229.9199981689453,228.9199981689453,229.0800018310547,141194
2025-05-14 18:30:00,229.14999389648438,229.42999267578125,228.52999877929688,228.60000610351562,220536
2025-05-14 19:30:00,228.52000427246094,228.75999450683594,228.0399932861328,228.47000122070312,452189
2025-05-15 13:30:00,227.19000244140625,228.77999877929688,226.97000122070312,228.1750030517578,221001
2025-05-15 14:30:00,228.3000030517578,231.27999877929688,228.1199951171875,230.33999633789062,401179
2025-05-15 15:30:00,230.33999633789062,231.1999969482422,230.1300048828125,230.88999938964844,177284
2025-05-15 16:30:00,230.88999938964844,231.82000732421875,230.5500030517578,231.0800018310547,186392
2025-05-15 17:30:00,231.02999877929688,231.86000061035156,230.81500244140625,231.7899932861328,331776
2025-05-15 18:30:00,231.8000030517578,232.49000549316406,231.71499633789062,232.25,268215
2025-05-15 19:30:00,232.36000061035156,232.64999389648438,231.9199981689453,232.4499969482422,393115
2025-05-16 13:30:00,232.60000610351562,233.02999877929688,231.89999389648438,232.57000732421875,291597
2025-05-16 14:30:00,232.4600067138672,233.52850341796875,232.4499969482422,233.03500366210938,197845
2025-05-16 15:30:00,233.0399932861328,233.52999877929688,232.6199951171875,233.33999633789062,109266
2025-05-16 16:30:00,233.32000732421875,233.78500366210938,232.9499969482422,233.50999450683594,109762
2025-05-16 17:30:00,233.5500030517578,234.0500030517578,233.283203125,233.73500061035156,128937
2025-05-16 18:30:00,233.73500061035156,234.07000732421875,233.5399932861328,233.63999938964844,137328
2025-05-16 19:30:00,233.61000061035156,234.2899932861328,233.4499969482422,234.13999938964844,342314
2025-05-19 13:30:00,230.36000061035156,232.45989990234375,229.9600067138672,232.11000061035156,322260
2025-05-19 14:30:00,232.05999755859375,233.22000122070312,232.02000427246094,233.06509399414062,220563
2025-05-19 15:30:00,232.97500610351562,234.3300018310547,232.92999267578125,234.19500732421875,626768
2025-05-19 16:30:00,234.1999969482422,235.80999755859375,234.1999969482422,235.72999572753906,294218
2025-05-19 17:30:00,235.63490295410156,236.0,234.81719970703125,234.85000610351562,642135
2025-05-19 18:30:00,234.92999267578125,235.07000732421875,234.293701171875,234.77000427246094,232929
2025-05-19 19:30:00,234.8000030517578,235.2100067138672,234.35699462890625,234.42999267578125,501761
2025-05-20 13:30:00,237.0,237.5399932861328,233.8800048828125,234.9149932861328,617803
2025-05-20 14:30:00,234.8300018310547,235.3800048828125,233.3699951171875,233.7949981689453,284319
2025-05-20 15:30:00,233.8800048828125,234.22000122070312,232.41000366210938,232.55999755859375,216644
2025-05-20 16:30:00,232.5500030517578,233.0800018310547,231.99000549316406,232.66000366210938,231940
2025-05-20 17:30:00,232.65499877929688,232.6750030517578,231.08999633789062,231.25999450683594,308775
2025-05-20 18:30:00,231.14999389648438,231.27999877929688,230.14999389648438,230.27999877929688,457540
2025-05-20 19:30:00,230.33999633789062,231.25999450683594,230.1999969482422,231.1199951171875,748947
2025-05-21 13:30:00,232.6999969482422,233.13999938964844,226.9499969482422,227.26499938964844,1326000
2025-05-21 14:30:00,227.33999633789062,230.3000030517578,227.0,228.3000030517578,402714
2025-05-21 15:30:00,228.27999877929688,229.27000427246094,227.13999938964844,227.67999267578125,302377
2025-05-21 16:30:00,227.94960021972656,228.52000427246094,225.41000366210938,225.41000366210938,337827
2025-05-21 17:30:00,225.32000732421875,227.02000427246094,225.17999267578125,226.0500030517578,376509
2025-05-21 18:30:00,225.92999267578125,226.9600067138672,225.83770751953125,226.27000427246094,439154
2025-05-21 19:30:00,226.2899932861328,227.52999877929688,226.25,227.1300048828125,753619
2025-05-22 13:30:00,226.0800018310547,227.4499969482422,224.19000244140625,224.27999877929688,346688
2025-05-22 14:30:00,224.33999633789062,224.98500061035156,222.97000122070312,224.16000366210938,358589
2025-05-22 15:30:00,224.16000366210938,225.44000244140625,224.16000366210938,224.96499633789062,225215
2025-05-22 16:30:00,224.91000366210938,224.9600067138672,223.96499633789062,224.5800018310547,244106
2025-05-22 17:30:00,224.5800018310547,225.55499267578125,224.53250122070312,225.3249969482422,238902
2025-05-22 18:30:00,225.27000427246094,225.42999267578125,224.58999633789062,225.3300018310547,311770
2025-05-22 19:30:00,225.3300018310547,225.4199981689453,223.65499877929688,223.74000549316406,569175
2025-05-23 13:30:00,220.91000366210938,222.97000122070312,220.25999450683594,221.8000030517578,321614
2025-05-23 14:30:00,221.88999938964844,222.5229949951172,221.11000061035156,222.05999755859375,242638
2025-05-23 15:30:00,222.0800018310547,222.60719299316406,220.66000366210938,221.31790161132812,423732
2025-05-23 16:30:00,221.17999267578125,221.5399932861328,220.66000366210938,221.4600067138672,344024
2025-05-23 17:30:00,221.39999389648438,222.02430725097656,221.11000061035156,221.28500366210938,255193
2025-05-23 18:30:00,221.36000061035156,221.85000610351562,221.25,221.49000549316406,305529
2025-05-23 19:30:00,221.5050048828125,221.99000549316406,220.57000732421875,221.1699981689453,602841
2025-05-27 13:30:00,223.3000030517578,223.4499969482422,222.0,223.1199951171875,424331
2025-05-27 14:30:00,223.1199951171875,224.72000122070312,223.00999450683594,224.5,537943
2025-05-27 15:30:00,224.5399932861328,224.92999267578125,224.33999633789062,224.50999450683594,326970
2025-05-27 16:30:00,224.50999450683594,225.27999877929688,224.2949981689453,224.74000549316406,251470
2025-05-27 17:30:00,224.75,225.5749969482422,224.4600067138672,225.25999450683594,273109
2025-05-27 18:30:00,225.30499267578125,225.50999450683594,224.88999938964844,225.0399932861328,320844
2025-05-27 19:30:00,225.00999450683594,225.82000732421875,224.9499969482422,225.8000030517578,679652
2025-05-28 13:30:00,225.0,226.75999450683594,224.9600067138672,226.11000061035156,323914
2025-05-28 14:30:00,226.0399932861328,226.26089477539062,225.05999755859375,225.1199951171875,231591
2025-05-28 15:30:00,225.1199951171875,225.84060668945312,225.0500030517578,225.67999267578125,164567
2025-05-28 16:30:00,225.72999572753906,226.22000122070312,225.6199951171875,225.78500366210938,160466
2025-05-28 17:30:00,225.78750610351562,225.78750610351562,225.3300018310547,225.63499450683594,148040
2025-05-28 18:30:00,225.63499450683594,225.69000244140625,224.61000061035156,224.9600067138672,262860
2025-05-28 19:30:00,224.97000122070312,225.11000061035156,224.36000061035156,224.50999450683594,408818
2025-05-29 13:30:00,225.5399932861328,226.0,223.77000427246094,224.1999969482422,233574
2025-05-29 14:30:00,224.1199951171875,224.4499969482422,223.3300018310547,223.49000549316406,162033
2025-05-29 15:30:00,223.47000122070312,223.5399932861328,221.66000366210938,222.65499877929688,210903
2025-05-29 16:30:00,222.65499877929688,223.02000427246094,222.27999877929688,222.67999267578125,244824
2025-05-29 17:30:00,222.60000610351562,223.17999267578125,222.38999938964844,223.1300048828125,269531
2025-05-29 18:30:00,223.1300048828125,224.82000732421875,223.00999450683594,224.6237030029297,558671
2025-05-29 19:30:00,224.5749969482422,225.22000122070312,224.49000549316406,224.91000366210938,471335
2025-05-30 13:30:00,223.91000366210938,225.35000610351562,222.41000366210938,224.77000427246094,384836
2025-05-30 14:30:00,224.61000061035156,225.17999267578125,224.10000610351562,224.8249969482422,364445
2025-05-30 15:30:00,224.8000030517578,225.27999877929688,224.0399932861328,224.5500030517578,283326
2025-05-30 16:30:00,224.60499572753906,224.77999877929688,223.9499969482422,224.19500732421875,200836
2025-05-30 17:30:00,224.2100067138672,225.38999938964844,224.02000427246094,225.19500732421875,298609
2025-05-30 18:30:00,225.22999572753906,225.72999572753906,224.85000610351562,225.72999572753906,233577
2025-05-30 19:30:00,225.65249633789062,226.27000427246094,225.25999450683594,225.6699981689453,802829
2025-06-02 13:30:00,224.08999633789062,224.8800048828125,221.3300018310547,221.91000366210938,685048
2025-06-02 14:30:00,221.91000366210938,223.60000610351562,221.52499389648438,222.67999267578125,476367
2025-06-02 15:30:00,222.66250610351562,223.52000427246094,222.47000122070312,223.11000061035156,298849
2025-06-02 16:30:00,223.0399932861328,223.8300018310547,222.9604034423828,223.5500030517578,209751
2025-06-02 17:30:00,223.5500030517578,225.88999938964844,223.38499450683594,224.9199981689453,771329
2025-06-02 18:30:00,224.88999938964844,225.47000122070312,224.87109375,225.38499450683594,342401
2025-06-02 19:30:00,225.38999938964844,225.61000061035156,225.0399932861328,225.5500030517578,591347
2025-06-03 13:30:00,225.89999389648438,227.8800048828125,225.22999572753906,226.78500366210938,285732
2025-06-03 14:30:00,226.8699951171875,227.82000732421875,226.74000549316406,227.36000061035156,175951
2025-06-03 15:30:00,227.3699951171875,228.24000549316406,227.27999877929688,227.9250030517578,197877
2025-06-03 16:30:00,228.10000610351562,228.5718994140625,227.63999938964844,228.46499633789062,125090
2025-06-03 17:30:00,228.46499633789062,228.86000061035156,227.99000549316406,228.82000732421875,224620
2025-06-03 18:30:00,228.83250427246094,229.3177947998047,228.1999969482422,228.7449951171875,233913
2025-06-03 19:30:00,228.6699981689453,229.24000549316406,228.63999938964844,228.82000732421875,427675
2025-06-04 13:30:00,228.93499755859375,229.75,227.85000610351562,228.47999572753906,472577
2025-06-04 14:30:00,228.4600067138672,229.16000366210938,228.16000366210938,229.0449981689453,156237
2025-06-04 15:30:00,229.02999877929688,229.64999389648438,228.9499969482422,229.3699951171875,152793
2025-06-04 16:30:00,229.3699951171875,230.10000610351562,229.35519409179688,229.9149932861328,128412
2025-06-04 17:30:00,229.9199981689453,230.10000610351562,229.22999572753906,229.22999572753906,142323
2025-06-04 18:30:00,229.19500732421875,229.22000122070312,228.4199981689453,228.6999969482422,245559
2025-06-04 19:30:00,228.6999969482422,229.02999877929688,228.4199981689453,228.49000549316406,538714
2025-06-05 13:30:00,228.9199981689453,228.9199981689453,227.2100067138672,228.39999389648438,227941
2025-06-05 14:30:00,228.39500427246094,229.00999450683594,227.5050048828125,228.8800048828125,171027
2025-06-05 15:30:00,228.86000061035156,229.24989318847656,228.52000427246094,229.0449981689453,112424
2025-06-05 16:30:00,229.02499389648438,229.67999267578125,228.6300048828125,229.60760498046875,92398
2025-06-05 17:30:00,229.69000244140625,229.80999755859375,228.0,228.64999389648438,93036
2025-06-05 18:30:00,228.7100067138672,228.9199981689453,227.0399932861328,227.64999389648438,168580
2025-06-05 19:30:00,227.6999969482422,228.47999572753906,227.35000610351562,227.64500427246094,604754
2025-06-06 13:30:00,228.80999755859375,229.125,227.14500427246094,227.5050048828125,287119
2025-06-06 14:30:00,227.52499389648438,227.52999877929688,225.64500427246094,225.8800048828125,189121
2025-06-06 15:30:00,225.83999633789062,226.60000610351562,225.60000610351562,226.5500030517578,149706
2025-06-06 16:30:00,226.5800018310547,226.6649932861328,224.77000427246094,225.25999450683594,136067
2025-06-06 17:30:00,225.25999450683594,225.77999877929688,225.07000732421875,225.41000366210938,145530
2025-06-06 18:30:00,225.5,225.9149932861328,225.27999877929688,225.5,219897
2025-06-06 19:30:00,225.5,225.58999633789062,225.1199951171875,225.25,449651
2025-06-09 13:30:00,225.69000244140625,225.69000244140625,223.125,223.74000549316406,316177
2025-06-09 14:30:00,223.78500366210938,224.3800048828125,223.13999938964844,223.36000061035156,324487
2025-06-09 15:30:00,223.38999938964844,224.31500244140625,223.27000427246094,224.14500427246094,200230
2025-06-09 16:30:00,224.14500427246094,224.78500366210938,223.72000122070312,224.77999877929688,246659
2025-06-09 17:30:00,224.75999450683594,224.9019012451172,224.4499969482422,224.67250061035156,200728
2025-06-09 18:30:00,224.6501007080078,224.77499389648438,224.16000366210938,224.22000122070312,163987
2025-06-09 19:30:00,224.26499938964844,224.27000427246094,223.47500610351562,223.61000061035156,407479
2025-06-10 13:30:00,224.0500030517578,224.52999877929688,222.13999938964844,224.3800048828125,369074
2025-06-10 14:30:00,224.47000122070312,225.89999389648438,224.3699951171875,225.44000244140625,319759
2025-06-10 15:30:00,225.44000244140625,225.7899932861328,224.58999633789062,224.80499267578125,189452
2025-06-10 16:30:00,224.85000610351562,225.4499969482422,224.84500122070312,225.2449951171875,141964
2025-06-10 17:30:00,225.25,225.5399932861328,224.35000610351562,224.3800048828125,158347
2025-06-10 18:30:00,224.3800048828125,224.9250030517578,224.32000732421875,224.7949981689453,236685
2025-06-10 19:30:00,224.75,225.08999633789062,224.19000244140625,224.92999267578125,376508
2025-06-11 13:30:00,226.63999938964844,226.63999938964844,223.39999389648438,223.9550018310547,255778
2025-06-11 14:30:00,223.9550018310547,224.25,223.40499877929688,223.91000366210938,183606
2025-06-11 15:30:00,223.93499755859375,224.03160095214844,223.14999389648438,223.78500366210938,225777
2025-06-11 16:30:00,223.79139709472656,224.13999938964844,223.42999267578125,224.0623016357422,181349
2025-06-11 17:30:00,224.07000732421875,224.07000732421875,221.64169311523438,221.80999755859375,204281
2025-06-11 18:30:00,221.80499267578125,222.43890380859375,220.85000610351562,221.0800018310547,250114
2025-06-11 19:30:00,221.0800018310547,221.61000061035156,220.66000366210938,221.60000610351562,569451
2025-06-12 13:30:00,221.60000610351562,222.0,219.75,221.4600067138672,271791
2025-06-12 14:30:00,221.41000366210938,222.58990478515625,221.3300018310547,221.95590209960938,271125
2025-06-12 15:30:00,222.10499572753906,222.60000610351562,221.81179809570312,222.5399932861328,170557
2025-06-12 16:30:00,222.44500732421875,223.24139404296875,222.22000122070312,223.02999877929688,181416
2025-06-12 17:30:00,223.01499938964844,224.30999755859375,223.01499938964844,224.0800018310547,246287
2025-06-12 18:30:00,224.08999633789062,224.3300018310547,223.17999267578125,223.35499572753906,272505
2025-06-12 19:30:00,223.32000732421875,223.5500030517578,222.89999389648438,223.5,414659
2025-06-13 13:30:00,221.25,223.25,219.99000549316406,219.99000549316406,265015
2025-06-13 14:30:00,220.00999450683594,220.61000061035156,219.75,220.17999267578125,224718
2025-06-13 15:30:00,220.1699981689453,220.74000549316406,219.6199951171875,219.67999267578125,234108
2025-06-13 16:30:00,219.6199951171875,219.8699951171875,218.60000610351562,218.60000610351562,185454
2025-06-13 17:30:00,218.67999267578125,218.93499755859375,217.3800048828125,217.4499969482422,185282
2025-06-13 18:30:00,217.39999389648438,217.52000427246094,216.55479431152344,216.66000366210938,303591
2025-06-13 19:30:00,216.66000366210938,217.25,216.3300018310547,217.22000122070312,511835
2025-06-16 13:30:00,218.36000061035156,218.60499572753906,214.80999755859375,217.5399932861328,422780
2025-06-16 14:30:00,217.66000366210938,218.17999267578125,215.89999389648438,215.94000244140625,258551
2025-06-16 15:30:00,215.9600067138672,215.97000122070312,215.02999877929688,215.875,189110
2025-06-16 16:30:00,215.80499267578125,216.3800048828125,215.44009399414062,216.2899932861328,165526
2025-06-16 17:30:00,216.2899932861328,216.6300048828125,215.7991943359375,216.00869750976562,194589
2025-06-16 18:30:00,216.0399932861328,216.3300018310547,215.67999267578125,215.77000427246094,266909
2025-06-16 19:30:00,215.7899932861328,216.1699981689453,215.72000122070312,216.05999755859375,351403
2025-06-17 13:30:00,215.0500030517578,215.77999877929688,214.00999450683594,214.9250030517578,360915
2025-06-17 14:30:00,214.9324951171875,215.1199951171875,214.00999450683594,214.25,307753
2025-06-17 15:30:00,214.22500610351562,214.55299377441406,213.7899932861328,214.00999450683594,234114
2025-06-17 16:30:00,214.0050048828125,214.11000061035156,212.69000244140625,212.8300018310547,155512
2025-06-17 17:30:00,212.86000061035156,213.08999633789062,211.1999969482422,211.39999389648438,178445
2025-06-17 18:30:00,211.4250030517578,211.75999450683594,211.12210083007812,211.5,264507
2025-06-17 19:30:00,211.5399932861328,212.07000732421875,211.38999938964844,211.88999938964844,426320
2025-06-18 13:30:00,212.55999755859375,213.6300048828125,211.50450134277344,212.9949951171875,450936
2025-06-18 14:30:00,212.97500610351562,213.6898956298828,212.65960693359375,212.74009704589844,241634
2025-06-18 15:30:00,212.875,212.875,212.08189392089844,212.27749633789062,135430
2025-06-18 16:30:00,212.27999877929688,212.47999572753906,211.94000244140625,212.09930419921875,163397
2025-06-18 17:30:00,212.1199951171875,212.55999755859375,211.3800048828125,211.55499267578125,234638
2025-06-18 18:30:00,211.5,212.44000244140625,210.41000366210938,210.74000549316406,344772
2025-06-18 19:30:00,210.6699981689453,211.49000549316406,210.6300048828125,210.8699951171875,408311
2025-06-20 13:30:00,211.65499877929688,212.6300048828125,210.3300018310547,211.3000030517578,768409
2025-06-20 14:30:00,211.3000030517578,212.06500244140625,211.00999450683594,211.86500549316406,311072
2025-06-20 15:30:00,211.82000732421875,212.114501953125,210.99000549316406,211.35000610351562,181873
2025-06-20 16:30:00,211.42999267578125,211.75999450683594,211.27000427246094,211.3249969482422,144578
2025-06-20 17:30:00,211.24000549316406,212.3249969482422,211.07000732421875,212.10499572753906,205015
2025-06-20 18:30:00,212.10499572753906,212.3300018310547,211.55999755859375,211.9600067138672,265406
2025-06-20 19:30:00,212.0050048828125,212.92999267578125,211.91000366210938,212.72999572753906,735185
2025-06-23 13:30:00,212.7899932861328,215.47000122070312,211.7899932861328,215.33999633789062,341813
2025-06-23 14:30:00,215.3000030517578,216.24000549316406,215.07000732421875,215.94000244140625,258381
2025-06-23 15:30:00,215.91000366210938,216.47999572753906,215.55999755859375,215.72500610351562,270521
2025-06-23 16:30:00,215.6300048828125,217.02999877929688,215.0399932861328,217.02999877929688,251213
2025-06-23 17:30:00,216.98500061035156,217.5594940185547,216.94500732421875,217.10499572753906,268813
2025-06-23 18:30:00,217.10499572753906,218.25,216.89999389648438,218.24000549316406,259724
2025-06-23 19:30:00,218.19009399414062,218.7899932861328,217.97000122070312,218.6699981689453,474194
2025-06-24 13:30:00,219.0,220.08999633789062,217.7100067138672,218.7899932861328,286976
2025-06-24 14:30:00,218.89999389648438,219.74000549316406,218.5500030517578,219.7353973388672,266280
2025-06-24 15:30:00,219.69000244140625,220.1999969482422,219.60000610351562,219.95289611816406,221433
2025-06-24 16:30:00,220.05999755859375,220.0850067138672,219.3300018310547,219.35499572753906,104301
2025-06-24 17:30:00,219.50039672851562,219.66549682617188,218.910400390625,219.60000610351562,107724
2025-06-24 18:30:00,219.6300048828125,220.41000366210938,219.50010681152344,220.35499572753906,200557
2025-06-24 19:30:00,220.32699584960938,220.38999938964844,219.9499969482422,220.0,416019
2025-06-25 13:30:00,219.5,219.8300018310547,218.19000244140625,219.0449981689453,248463
2025-06-25 14:30:00,219.0,220.65499877929688,218.9499969482422,220.55499267578125,170597
2025-06-25 15:30:00,220.36000061035156,221.61000061035156,220.19000244140625,221.27000427246094,155899
2025-06-25 16:30:00,221.27000427246094,221.32000732421875,219.9600067138672,220.38999938964844,140236
2025-06-25 17:30:00,220.3699951171875,220.7100067138672,219.84500122070312,220.1699981689453,165945
2025-06-25 18:30:00,220.16000366210938,221.24000549316406,220.08999633789062,220.97500610351562,227668
2025-06-25 19:30:00,220.9499969482422,221.2100067138672,220.52000427246094,220.6999969482422,444510
2025-06-26 13:30:00,221.25,222.80999755859375,220.0500030517578,221.14500427246094,374183
2025-06-26 14:30:00,221.0399932861328,222.10000610351562,220.9499969482422,221.49850463867188,244605
2025-06-26 15:30:00,221.3699951171875,221.41749572753906,220.7100067138672,221.0175018310547,155870
2025-06-26 16:30:00,221.05999755859375,221.6300048828125,220.3249969482422,220.3249969482422,134648
2025-06-26 17:30:00,220.3249969482422,220.88999938964844,220.3209991455078,220.75,139090
2025-06-26 18:30:00,220.75,221.08999633789062,220.3800048828125,220.82000732421875,196670
2025-06-26 19:30:00,220.8000030517578,221.52999877929688,220.64999389648438,221.22999572753906,356068
2025-06-27 13:30:00,221.4199981689453,222.92999267578125,221.27000427246094,222.74000549316406,184404
2025-06-27 14:30:00,222.68499755859375,223.72999572753906,222.6416015625,223.25999450683594,239254
2025-06-27 15:30:00,223.23500061035156,225.1999969482422,223.1999969482422,225.01499938964844,188338
2025-06-27 16:30:00,225.02000427246094,225.22000122070312,224.11819458007812,224.60499572753906,167924
2025-06-27 17:30:00,224.6584930419922,224.6614990234375,223.25,223.25999450683594,217536
2025-06-27 18:30:00,223.25999450683594,223.25999450683594,222.25999450683594,222.3300018310547,276907
2025-06-27 19:30:00,222.33999633789062,223.80999755859375,222.3249969482422,223.6300048828125,358693
2025-06-30 13:30:00,224.07000732421875,224.83999633789062,222.0399932861328,222.1750030517578,365091
2025-06-30 14:30:00,222.24000549316406,222.27999877929688,219.64999389648438,220.6649932861328,293631
2025-06-30 15:30:00,220.6649932861328,221.1199951171875,220.17999267578125,220.2550048828125,170888
2025-06-30 16:30:00,220.25,221.01499938964844,220.00999450683594,220.99000549316406,215673
2025-06-30 17:30:00,221.00999450683594,221.3000030517578,220.59500122070312,221.2899932861328,209716
2025-06-30 18:30:00,221.23500061035156,222.09500122070312,220.92359924316406,221.8800048828125,270606
2025-06-30 19:30:00,221.77999877929688,222.0500030517578,221.59500122070312,221.7899932861328,481535
2025-07-01 13:30:00,219.52000427246094,226.1300048828125,219.13999938964844,226.1300048828125,515097
2025-07-01 14:30:00,226.14999389648438,231.32989501953125,226.14999389648438,230.6999969482422,637291
2025-07-01 15:30:00,230.7050018310547,232.16659545898438,230.35000610351562,231.19500732421875,414930
2025-07-01 16:30:00,231.1925048828125,231.25999450683594,227.85000610351562,229.13999938964844,341511
2025-07-01 17:30:00,229.22999572753906,229.57000732421875,228.75,229.0850067138672,327709
2025-07-01 18:30:00,229.25999450683594,229.38999938964844,228.5500030517578,228.97000122070312,378677
2025-07-01 19:30:00,229.02000427246094,229.13250732421875,228.17999267578125,228.64999389648438,703346
2025-07-02 13:30:00,229.1300048828125,229.38609313964844,226.24000549316406,227.16000366210938,261313
2025-07-02 14:30:00,227.1199951171875,228.5,225.55999755859375,228.24000549316406,304164
2025-07-02 15:30:00,228.1999969482422,228.39999389648438,226.82000732421875,226.9488067626953,287604
2025-07-02 16:30:00,226.8800048828125,227.42999267578125,226.84500122070312,227.38999938964844,110500
2025-07-02 17:30:00,227.3699951171875,227.77740478515625,227.25,227.72999572753906,135953
2025-07-02 18:30:00,227.66000366210938,228.3300018310547,227.25999450683594,227.42999267578125,292695
2025-07-02 19:30:00,227.3800048828125,227.64999389648438,226.8800048828125,226.9600067138672,355189
2025-07-03 13:30:00,226.97999572753906,226.97999572753906,224.0399932861328,225.51499938964844,424698
2025-07-03 14:30:00,225.4499969482422,227.8000030517578,225.3000030517578,226.57000732421875,238113
2025-07-03 15:30:00,226.55999755859375,227.51499938964844,226.55999755859375,227.4199981689453,182651
2025-07-07 13:30:00,227.74000549316406,228.27000427246094,226.502197265625,226.6999969482422,395106
2025-07-07 14:30:00,226.89999389648438,227.1199951171875,225.16000366210938,225.3000030517578,261279
2025-07-07 15:30:00,225.2100067138672,225.57000732421875,223.93499755859375,224.80999755859375,307087
2025-07-07 16:30:00,224.71499633789062,224.9199981689453,223.80250549316406,224.1999969482422,164499
2025-07-07 17:30:00,224.17999267578125,224.5500030517578,222.64999389648438,223.11000061035156,238940
2025-07-07 18:30:00,223.0800018310547,224.24000549316406,223.0800018310547,223.64999389648438,201678
2025-07-07 19:30:00,223.68499755859375,225.05999755859375,223.68499755859375,224.97000122070312,543096
2025-07-08 13:30:00,224.0500030517578,225.9199981689453,223.59500122070312,225.0800018310547,307817
2025-07-08 14:30:00,225.1300048828125,226.82850646972656,225.0500030517578,225.1999969482422,321456
2025-07-08 15:30:00,225.27000427246094,226.45989990234375,225.02999877929688,225.96499633789062,225945
2025-07-08 16:30:00,225.9600067138672,226.25,223.66000366210938,224.0050048828125,234403
2025-07-08 17:30:00,224.02499389648438,224.7550048828125,223.58999633789062,224.32000732421875,182290
2025-07-08 18:30:00,224.26499938964844,224.71499633789062,224.05999755859375,224.52000427246094,268575
2025-07-08 19:30:00,224.52499389648438,224.69000244140625,223.39999389648438,223.66000366210938,477149
2025-07-09 13:30:00,224.1999969482422,225.0,223.47109985351562,224.11000061035156,195619
2025-07-09 14:30:00,224.0,224.1699981689453,222.11251831054688,222.63999938964844,203964
2025-07-09 15:30:00,222.66000366210938,223.35000610351562,222.5,222.75,127853
2025-07-09 16:30:00,222.7100067138672,222.97000122070312,222.27999877929688,222.5800018310547,116167
2025-07-09 17:30:00,222.7100067138672,224.91000366210938,222.4600067138672,224.1699981689453,190238
2025-07-09 18:30:00,224.1699981689453,224.88999938964844,224.02000427246094,224.74000549316406,187027
2025-07-09 19:30:00,224.72000122070312,225.66000366210938,224.59500122070312,225.5500030517578,391436
2025-07-10 13:30:00,224.75999450683594,229.47999572753906,224.4949951171875,229.30999755859375,407337
2025-07-10 14:30:00,229.22999572753906,230.36000061035156,229.13999938964844,229.55999755859375,236650
2025-07-10 15:30:00,229.5500030517578,229.83999633789062,229.1699981689453,229.5500030517578,243381
2025-07-10 16:30:00,229.4600067138672,230.07000732421875,229.110107421875,229.72999572753906,145023
2025-07-10 17:30:00,229.75999450683594,230.36000061035156,229.7050018310547,229.91000366210938,145393
2025-07-10 18:30:00,229.94000244140625,230.0050048828125,228.44000244140625,228.47000122070312,219453
2025-07-10 19:30:00,228.5,228.86000061035156,227.67999267578125,227.9600067138672,363758
2025-07-11 13:30:00,225.5800018310547,226.7050018310547,223.44000244140625,224.0399932861328,226538
2025-07-11 14:30:00,223.92999267578125,224.60000610351562,223.55499267578125,224.36000061035156,296572
2025-07-11 15:30:00,224.38999938964844,224.95989990234375,224.06260681152344,224.35000610351562,108037
2025-07-11 16:30:00,224.33250427246094,225.17999267578125,224.26499938964844,225.07000732421875,116510
2025-07-11 17:30:00,225.1699981689453,225.44500732421875,224.05999755859375,224.22000122070312,134593
2025-07-11 18:30:00,224.23500061035156,225.1199951171875,224.07000732421875,224.7550048828125,192518
2025-07-11 19:30:00,224.80909729003906,224.82870483398438,224.0,224.13999938964844,382299
2025-07-14 13:30:00,223.27000427246094,224.18319702148438,221.02000427246094,221.2449951171875,375454
2025-07-14 14:30:00,221.2449951171875,221.7050018310547,219.86740112304688,220.9199981689453,266097
2025-07-14 15:30:00,220.86000061035156,221.3300018310547,219.8000030517578,220.05999755859375,228802
2025-07-14 16:30:00,220.17999267578125,221.25,219.86000061035156,220.72000122070312,167986
2025-07-14 17:30:00,220.77000427246094,221.6300048828125,220.77000427246094,221.5500030517578,139487
2025-07-14 18:30:00,221.5500030517578,222.6199951171875,221.5500030517578,222.6199951171875,208640
2025-07-14 19:30:00,222.5449981689453,222.8800048828125,222.27999877929688,222.42999267578125,473627
2025-07-15 13:30:00,223.00999450683594,223.05999755859375,219.25,219.75,377673
2025-07-15 14:30:00,219.8000030517578,219.86000061035156,218.7899932861328,219.2949981689453,301517
2025-07-15 15:30:00,219.4499969482422,219.50999450683594,217.72999572753906,218.05499267578125,293738
2025-07-15 16:30:00,218.0449981689453,218.36329650878906,216.9149932861328,217.08999633789062,208702
2025-07-15 17:30:00,217.1300048828125,217.28990173339844,215.285400390625,215.64999389648438,317307
2025-07-15 18:30:00,215.63499450683594,216.22000122070312,215.41000366210938,215.91000366210938,342448
2025-07-15 19:30:00,215.92999267578125,216.0500030517578,214.91000366210938,214.94000244140625,509751
2025-07-16 13:30:00,215.5,216.4499969482422,214.61729431152344,214.8800048828125,389007
2025-07-16 14:30:00,214.82919311523438,215.50999450683594,213.17999267578125,213.22000122070312,389328
2025-07-16 15:30:00,213.1699981689453,214.91000366210938,212.5590057373047,214.4199981689453,347235
2025-07-16 16:30:00,214.60000610351562,215.3000030517578,214.25030517578125,214.75999450683594,213986
2025-07-16 17:30:00,214.69000244140625,215.58999633789062,214.61000061035156,215.47000122070312,186290
2025-07-16 18:30:00,215.4499969482422,216.15870666503906,215.4199981689453,216.1300048828125,257035
2025-07-16 19:30:00,216.10000610351562,216.64999389648438,215.86000061035156,216.60000610351562,587934
2025-07-17 13:30:00,216.35000610351562,218.6136016845703,216.11000061035156,216.65499877929688,444083
2025-07-17 14:30:00,216.66079711914062,216.88760375976562,215.85000610351562,216.69000244140625,273446
2025-07-17 15:30:00,216.82000732421875,217.7100067138672,216.61000061035156,216.61000061035156,253399
2025-07-17 16:30:00,216.58999633789062,217.44000244140625,216.55499267578125,217.4199981689453,200734
2025-07-17 17:30:00,217.41000366210938,218.9600067138672,217.41000366210938,218.88499450683594,205426
2025-07-17 18:30:00,218.83999633789062,219.02999877929688,218.25999450683594,218.56500244140625,235148
2025-07-17 19:30:00,218.5800018310547,218.76499938964844,218.1800994873047,218.67999267578125,426373
2025-07-18 13:30:00,219.30499267578125,219.85000610351562,218.04029846191406,218.38499450683594,360931
2025-07-18 14:30:00,218.5,219.3000030517578,218.0,218.1699981689453,355046
2025-07-18 15:30:00,218.20249938964844,218.4600067138672,217.55999755859375,217.58999633789062,175993
2025-07-18 16:30:00,217.63999938964844,218.4600067138672,217.63999938964844,218.1300048828125,124030
2025-07-18 17:30:00,218.23989868164062,218.69500732421875,217.92999267578125,218.07000732421875,140812
2025-07-18 18:30:00,218.10000610351562,219.0399932861328,218.0,218.96499633789062,148468
2025-07-18 19:30:00,218.99000549316406,219.33999633789062,218.57090759277344,219.14999389648438,368173
2025-07-21 13:30:00,220.02999877929688,222.35000610351562,219.6199951171875,221.83999633789062,271491
2025-07-21 14:30:00,221.76499938964844,222.22000122070312,221.11000061035156,221.4949951171875,216992
2025-07-21 15:30:00,221.50999450683594,222.74000549316406,221.47999572753906,221.50999450683594,306739
2025-07-21 16:30:00,221.50999450683594,222.0800018310547,221.39999389648438,221.5800018310547,193286
2025-07-21 17:30:00,221.5998992919922,222.4199981689453,221.47000122070312,222.39500427246094,284738
2025-07-21 18:30:00,222.4499969482422,222.4499969482422,221.3300018310547,221.3300018310547,333302
2025-07-21 19:30:00,221.39999389648438,221.72000122070312,220.8800048828125,220.9499969482422,488381
2025-07-22 13:30:00,222.64999389648438,226.63999938964844,221.5,224.4499969482422,567186
2025-07-22 14:30:00,224.47999572753906,224.5800018310547,222.27000427246094,223.39999389648438,346460
2025-07-22 15:30:00,223.3000030517578,223.6300048828125,222.50999450683594,222.94000244140625,264041
2025-07-22 16:30:00,222.7949981689453,224.57000732421875,222.41000366210938,224.4600067138672,224876
2025-07-22 17:30:00,224.52000427246094,225.30999755859375,224.2534942626953,224.98849487304688,261952
2025-07-22 18:30:00,224.94000244140625,226.2147979736328,224.8699951171875,226.05999755859375,284524
2025-07-22 19:30:00,226.09500122070312,227.24000549316406,225.97999572753906,226.72999572753906,441566
2025-07-23 13:30:00,226.67999267578125,228.22000122070312,226.1999969482422,227.47000122070312,329243
2025-07-23 14:30:00,227.63499450683594,227.8300018310547,226.0,226.55999755859375,181708
2025-07-23 15:30:00,226.52000427246094,227.61000061035156,225.77000427246094,227.57000732421875,191142
2025-07-23 16:30:00,227.39939880371094,228.58990478515625,227.14999389648438,228.5399932861328,194623
2025-07-23 17:30:00,228.52999877929688,228.98500061035156,228.31500244140625,228.31500244140625,193884
2025-07-23 18:30:00,228.27999877929688,228.52999877929688,227.8300018310547,228.3350067138672,221102
2025-07-23 19:30:00,228.3000030517578,228.82000732421875,228.1999969482422,228.52000427246094,436626
2025-07-24 13:30:00,228.05999755859375,229.47999572753906,227.3000030517578,229.08999633789062,255497
2025-07-24 14:30:00,229.05499267578125,229.24000549316406,226.88999938964844,227.30999755859375,232296
2025-07-24 15:30:00,227.35000610351562,227.72999572753906,226.0,226.2449951171875,232162
2025-07-24 16:30:00,226.2449951171875,227.22000122070312,226.17999267578125,227.0,138465
2025-07-24 17:30:00,226.96499633789062,227.33999633789062,226.72999572753906,227.0800018310547,155539
2025-07-24 18:30:00,227.08999633789062,227.1999053955078,226.25999450683594,226.48500061035156,217400
2025-07-24 19:30:00,226.5399932861328,226.63999938964844,225.50999450683594,225.58999633789062,463903
2025-07-25 13:30:00,226.5,227.1999969482422,225.08999633789062,225.58999633789062,186037
2025-07-25 14:30:00,225.38999938964844,226.44000244140625,225.24000549316406,225.77999877929688,218250
2025-07-25 15:30:00,225.76499938964844,226.14500427246094,225.5,225.97999572753906,112132
2025-07-25 16:30:00,225.78500366210938,226.5850067138672,225.63999938964844,226.5850067138672,116832
2025-07-25 17:30:00,226.58749389648438,226.9499053955078,226.41000366210938,226.5399932861328,138181
2025-07-25 18:30:00,226.5449981689453,227.3258056640625,226.41000366210938,227.27999877929688,228376
2025-07-25 19:30:00,227.25999450683594,227.2899932861328,226.6699981689453,226.8800048828125,400880
2025-07-28 13:30:00,226.75,229.10000610351562,225.5,228.80999755859375,374185
2025-07-28 14:30:00,228.8000030517578,230.77999877929688,228.6300048828125,230.74000549316406,335946
2025-07-28 15:30:00,230.64999389648438,231.85000610351562,230.63999938964844,231.53500366210938,288810
2025-07-28 16:30:00,231.55999755859375,231.77000427246094,229.02000427246094,229.22000122070312,256438
2025-07-28 17:30:00,229.17999267578125,229.66000366210938,228.52999877929688,229.5050048828125,216142
2025-07-28 18:30:00,229.5050048828125,230.3800048828125,229.44000244140625,229.77000427246094,444687
2025-07-28 19:30:00,229.8000030517578,230.6999969482422,229.76499938964844,230.00999450683594,793698
2025-07-29 13:30:00,230.3300018310547,230.8300018310547,228.5500030517578,230.67999267578125,229241
2025-07-29 14:30:00,230.6999969482422,230.83999633789062,228.69000244140625,229.33999633789062,193785
2025-07-29 15:30:00,229.38999938964844,229.72000122070312,228.75,229.01499938964844,156868
2025-07-29 16:30:00,229.01499938964844,229.57000732421875,228.7100067138672,229.3350067138672,127994
2025-07-29 17:30:00,229.3350067138672,229.6300048828125,228.14999389648438,228.3300018310547,121563
2025-07-29 18:30:00,228.35000610351562,229.27000427246094,228.35000610351562,228.93499755859375,211916
2025-07-29 19:30:00,228.94000244140625,230.10000610351562,228.93499755859375,230.0399932861328,402912
2025-07-30 13:30:00,230.25,231.1300048828125,228.5,229.9149932861328,229412
2025-07-30 14:30:00,229.9199981689453,230.02000427246094,228.57000732421875,228.64999389648438,177915
2025-07-30 15:30:00,228.61000061035156,229.33999633789062,228.47000122070312,229.27999877929688,193558
2025-07-30 16:30:00,229.1999969482422,229.67999267578125,228.97999572753906,229.42999267578125,99939
2025-07-30 17:30:00,229.4199981689453,230.44500732421875,229.36000061035156,230.4199981689453,140005
2025-07-30 18:30:00,230.3699951171875,230.92999267578125,225.6199951171875,225.93930053710938,360931
2025-07-30 19:30:00,225.92999267578125,227.6750030517578,225.51609802246094,227.47999572753906,421759
2025-07-31 13:30:00,225.89999389648438,227.72999572753906,225.7899932861328,227.6649932861328,352414
2025-07-31 14:30:00,227.74000549316406,228.32000732421875,225.3000030517578,225.3000030517578,171880
2025-07-31 15:30:00,225.42849731445312,225.56370544433594,224.0399932861328,225.05999755859375,207613
2025-07-31 16:30:00,225.02999877929688,225.6649932861328,224.19000244140625,224.27999877929688,158595
2025-07-31 17:30:00,224.27999877929688,224.8800048828125,223.51010131835938,224.6699981689453,273064
2025-07-31 18:30:00,224.75,224.8350067138672,223.75999450683594,223.97999572753906,237053
2025-07-31 19:30:00,224.0399932861328,224.4550018310547,222.97999572753906,223.5800018310547,367274
2025-08-01 13:30:00,223.50999450683594,225.6999969482422,221.7550048828125,224.85000610351562,685044
2025-08-01 14:30:00,224.85000610351562,226.9199981689453,224.25,225.5,431690
2025-08-01 15:30:00,225.49000549316406,228.14999389648438,225.13999938964844,227.62249755859375,281411
2025-08-01 16:30:00,227.66000366210938,227.72000122070312,225.4499969482422,225.9375,256259
2025-08-01 17:30:00,225.8699951171875,226.55999755859375,225.55999755859375,226.33999633789062,303066
2025-08-01 18:30:00,226.35000610351562,226.80999755859375,226.00999450683594,226.4550018310547,268564
2025-08-01 19:30:00,226.4550018310547,226.82000732421875,225.88099670410156,226.36000061035156,608202
2025-08-04 13:30:00,226.40499877929688,230.8300018310547,226.27999877929688,230.8300018310547,615217
2025-08-04 14:30:00,230.83999633789062,232.6999969482422,230.1750030517578,232.27999877929688,287456
2025-08-04 15:30:00,232.1999969482422,232.97000122070312,231.94000244140625,232.75999450683594,170079
2025-08-04 16:30:00,232.67999267578125,233.52999877929688,232.5399932861328,233.41000366210938,970851
2025-08-04 17:30:00,233.49000549316406,233.64999389648438,232.25999450683594,232.7100067138672,165866
2025-08-04 18:30:00,232.74000549316406,233.9199981689453,232.5200958251953,233.69000244140625,272817
2025-08-04 19:30:00,233.72999572753906,234.5500030517578,233.6717987060547,233.8699951171875,631655
2025-08-05 13:30:00,234.38499450683594,236.6396026611328,234.125,235.23500061035156,387264
2025-08-05 14:30:00,235.27999877929688,236.83999633789062,235.25999450683594,236.6300048828125,433204
2025-08-05 15:30:00,236.43690490722656,237.2100067138672,236.375,236.99000549316406,304570
2025-08-05 16:30:00,236.99000549316406,238.1699981689453,236.5200958251953,237.96499633789062,241117
2025-08-05 17:30:00,237.96499633789062,238.16000366210938,236.8249969482422,236.89999389648438,272874
2025-08-05 18:30:00,236.88999938964844,238.2899932861328,236.80999755859375,237.97000122070312,269028
2025-08-05 19:30:00,238.0,238.24000549316406,237.3800048828125,237.49000549316406,528996
2025-08-06 13:30:00,237.55999755859375,239.0,236.57000732421875,237.66380310058594,288942
2025-08-06 14:30:00,237.65499877929688,239.57000732421875,237.4250030517578,239.51499938964844,244616
2025-08-06 15:30:00,239.50999450683594,239.7100067138672,238.65499877929688,239.24000549316406,229960
2025-08-06 16:30:00,239.24000549316406,239.60000610351562,238.7550048828125,239.33999633789062,176560
2025-08-06 17:30:00,239.34500122070312,239.58999633789062,238.66000366210938,238.8350067138672,211827
2025-08-06 18:30:00,238.82000732421875,239.02000427246094,238.27000427246094,238.88499450683594,225325
2025-08-06 19:30:00,238.88999938964844,239.1999969482422,238.2100067138672,238.3300018310547,556077
2025-08-07 13:30:00,240.0,241.25999450683594,238.60000610351562,238.8000030517578,265849
2025-08-07 14:30:00,238.92999267578125,239.24000549316406,237.38999938964844,237.56500244140625,264270
2025-08-07 15:30:00,237.63499450683594,237.92999267578125,236.72999572753906,237.86000061035156,173907
2025-08-07 16:30:00,237.86000061035156,237.97999572753906,236.61000061035156,237.14999389648438,127279
2025-08-07 17:30:00,237.13499450683594,237.77000427246094,236.65040588378906,237.6300048828125,172657
2025-08-07 18:30:00,237.67999267578125,238.0,237.39999389648438,237.69500732421875,230211
2025-08-07 19:30:00,237.69500732421875,238.6699981689453,237.69000244140625,238.61000061035156,386605
2025-08-08 13:30:00,239.10000610351562,240.63999938964844,238.30250549316406,240.5800018310547,218229
2025-08-08 14:30:00,240.6699981689453,241.55999755859375,239.5102996826172,241.1699981689453,298304
2025-08-08 15:30:00,241.16000366210938,242.13999938964844,240.90499877929688,242.08999633789062,233139
2025-08-08 16:30:00,241.97999572753906,242.10000610351562,240.28480529785156,240.99000549316406,273308
2025-08-08 17:30:00,240.99000549316406,241.27000427246094,240.42999267578125,241.24000549316406,388958
2025-08-08 18:30:00,241.3000030517578,241.6300048828125,240.7050018310547,241.24000549316406,360788
2025-08-08 19:30:00,241.22999572753906,241.49000549316406,240.64999389648438,241.1699981689453,468389
2025-08-11 13:30:00,241.5500030517578,243.1699981689453,239.77000427246094,240.1365966796875,340594
2025-08-11 14:30:00,240.125,240.14999389648438,237.80999755859375,238.77999877929688,285052
2025-08-11 15:30:00,238.77999877929688,240.52999877929688,238.64999389648438,240.2100067138672,190554
2025-08-11 16:30:00,240.2550048828125,240.36000061035156,238.8000030517578,238.97999572753906,134259
2025-08-11 17:30:00,238.9499969482422,239.85409545898438,238.8800048828125,239.47000122070312,228667
2025-08-11 18:30:00,239.52999877929688,239.88999938964844,239.2449951171875,239.85000610351562,266234
2025-08-11 19:30:00,239.82000732421875,240.16000366210938,239.5,240.02000427246094,525859
2025-08-12 13:30:00,241.94000244140625,244.94000244140625,241.14500427246094,244.04010009765625,499241
2025-08-12 14:30:00,244.0500030517578,244.42999267578125,242.7801055908203,244.16000366210938,352334
2025-08-12 15:30:00,244.14500427246094,245.08999633789062,244.00999450683594,244.6125030517578,251269
2025-08-12 16:30:00,244.61500549316406,245.12879943847656,244.10000610351562,244.82000732421875,203730
2025-08-12 17:30:00,244.86000061035156,245.3300018310547,244.66000366210938,244.6999969482422,233351
2025-08-12 18:30:00,244.72999572753906,245.1999969482422,244.3000030517578,244.3699951171875,308887
2025-08-12 19:30:00,244.39999389648438,245.36000061035156,244.38999938964844,244.88999938964844,494868
2025-08-13 13:30:00,247.5,252.0,246.72999572753906,251.92999267578125,956182
2025-08-13 14:30:00,251.88999938964844,255.67999267578125,251.33999633789062,255.3300018310547,1028053
2025-08-13 15:30:00,255.36000061035156,256.1000061035156,254.72000122070312,255.47500610351562,636891
2025-08-13 16:30:00,255.52999877929688,256.6986999511719,255.49000549316406,256.1650085449219,518646
2025-08-13 17:30:00,256.20001220703125,257.9198913574219,255.6699981689453,257.614990234375,643868
2025-08-13 18:30:00,257.6449890136719,258.1700134277344,256.75,257.9407958984375,538633
2025-08-13 19:30:00,258.0199890136719,258.5,256.0199890136719,256.29998779296875,894137
2025-08-14 13:30:00,252.00999450683594,253.7799072265625,251.57000732421875,252.65499877929688,603844
2025-08-14 14:30:00,252.63999938964844,253.67999267578125,252.52999877929688,253.0399932861328,372988
2025-08-14 15:30:00,253.0500030517578,253.77999877929688,251.88999938964844,252.10000610351562,286438
2025-08-14 16:30:00,252.25,253.22000122070312,251.9499969482422,253.2100067138672,253093
2025-08-14 17:30:00,253.24000549316406,253.375,252.77999877929688,253.0500030517578,258236
2025-08-14 18:30:00,253.10000610351562,253.47000122070312,252.5749969482422,253.13999938964844,305745
2025-08-14 19:30:00,253.15499877929688,253.69000244140625,252.76429748535156,253.0,620556
2025-08-15 13:30:00,254.1699981689453,254.1699981689453,249.70530700683594,250.80999755859375,517535
2025-08-15 14:30:00,250.81500244140625,251.17999267578125,249.69500732421875,249.88999938964844,270161
2025-08-15 15:30:00,249.97000122070312,250.47999572753906,249.4250030517578,250.07000732421875,227709
2025-08-15 16:30:00,250.0800018310547,250.747802734375,249.6199951171875,250.59500122070312,246103
2025-08-15 17:30:00,250.5800018310547,251.92999267578125,250.52999877929688,251.8699951171875,239321
2025-08-15 18:30:00,251.8249969482422,251.8249969482422,251.00999450683594,251.35499572753906,243274
2025-08-15 19:30:00,251.40890502929688,252.24000549316406,251.33999633789062,252.1199951171875,546281
2025-08-18 13:30:00,251.6999969482422,253.0,250.59100341796875,251.3699951171875,467556
2025-08-18 14:30:00,251.49000549316406,251.94000244140625,250.72329711914062,251.8300018310547,256539
2025-08-18 15:30:00,251.81170654296875,252.07000732421875,251.1999969482422,251.62710571289062,278985
2025-08-18 16:30:00,251.63999938964844,252.0800018310547,251.30999755859375,251.9250030517578,219192
2025-08-18 17:30:00,252.0,252.235595703125,251.1649932861328,251.1649932861328,270738
2025-08-18 18:30:00,251.15499877929688,251.5500030517578,250.77000427246094,250.7899932861328,325364
2025-08-18 19:30:00,250.7899932861328,251.14999389648438,250.47000122070312,250.88999938964844,488992
2025-08-19 13:30:00,254.75999450683594,258.3800048828125,254.75999450683594,257.58648681640625,797438
2025-08-19 14:30:00,257.7300109863281,258.3800048828125,255.5500946044922,256.1099853515625,685988
2025-08-19 15:30:00,256.0199890136719,256.3599853515625,255.4499969482422,255.57000732421875,486708
2025-08-19 16:30:00,255.55999755859375,256.7699890136719,255.3800048828125,256.0249938964844,347830
2025-08-19 17:30:00,256.0249938964844,256.29998779296875,254.75999450683594,255.1999969482422,390226
2025-08-19 18:30:00,255.2100067138672,256.260009765625,254.91000366210938,256.0400085449219,390323
2025-08-19 19:30:00,256.0350036621094,256.635009765625,255.69000244140625,256.3699951171875,806571
2025-08-20 13:30:00,265.3949890136719,267.5199890136719,256.4525146484375,256.7300109863281,1435837
2025-08-20 14:30:00,256.7799987792969,259.760009765625,256.67999267578125,257.57000732421875,677588
2025-08-20 15:30:00,257.4787902832031,258.3999938964844,256.510009765625,257.7865905761719,330687
2025-08-20 16:30:00,257.95001220703125,259.19000244140625,257.0003967285156,257.2699890136719,355426
2025-08-20 17:30:00,257.239990234375,259.9700012207031,257.239990234375,258.8399963378906,382968
2025-08-20 18:30:00,258.7799987792969,259.227294921875,257.71990966796875,257.82000732421875,384369
2025-08-20 19:30:00,257.8349914550781,258.2699890136719,256.7900085449219,257.0950012207031,595372
2025-08-21 13:30:00,256.0799865722656,258.6686096191406,254.32009887695312,256.04998779296875,525232
2025-08-21 14:30:00,256.0,256.1000061035156,255.14999389648438,255.82000732421875,293490
2025-08-21 15:30:00,255.80999755859375,256.0,254.83999633789062,255.30999755859375,197190
2025-08-21 16:30:00,255.32000732421875,255.50999450683594,254.64999389648438,255.03500366210938,200693
2025-08-21 17:30:00,255.11000061035156,256.3789978027344,255.02999877929688,256.0899963378906,244277
2025-08-21 18:30:00,256.1199951171875,256.79400634765625,255.97000122070312,256.57000732421875,297509
2025-08-21 19:30:00,256.57000732421875,256.6700134277344,255.72999572753906,255.77000427246094,445036
2025-08-22 13:30:00,257.3500061035156,262.489990234375,254.63999938964844,262.4100036621094,551265
2025-08-22 14:30:00,262.44000244140625,265.260009765625,262.3999938964844,264.9750061035156,637227
2025-08-22 15:30:00,264.989990234375,265.4999084472656,263.9949951171875,264.9150085449219,488392
2025-08-22 16:30:00,264.9324951171875,265.19000244140625,264.3399963378906,264.6300048828125,255356
2025-08-22 17:30:00,264.6300048828125,265.06500244140625,263.5249938964844,263.69000244140625,293854
2025-08-22 18:30:00,263.6600036621094,264.05999755859375,263.5350036621094,263.7200012207031,404425
2025-08-22 19:30:00,263.67999267578125,264.54998779296875,263.5400085449219,263.739990234375,619822
2025-08-25 13:30:00,262.05999755859375,262.6449890136719,259.0299987792969,259.69000244140625,367569
2025-08-25 14:30:00,259.7699890136719,259.95001220703125,258.75,259.6449890136719,238188
2025-08-25 15:30:00,259.6400146484375,260.4200134277344,259.42498779296875,260.3299865722656,261346
2025-08-25 16:30:00,260.32501220703125,260.6000061035156,259.9100036621094,260.1449890136719,143770
2025-08-25 17:30:00,260.1449890136719,260.3402099609375,259.2699890136719,259.5,145985
2025-08-25 18:30:00,259.33660888671875,259.7699890136719,258.9200134277344,259.3500061035156,259567
2025-08-25 19:30:00,259.32000732421875,259.5299987792969,258.8699951171875,258.94000244140625,421935
2025-08-26 13:30:00,258.4700012207031,258.760009765625,256.4100036621094,256.67999267578125,273460
2025-08-26 14:30:00,256.80999755859375,257.3399963378906,256.6300048828125,256.80499267578125,193402
2025-08-26 15:30:00,256.8299865722656,257.3299865722656,256.8299865722656,257.010009765625,159382
2025-08-26 16:30:00,256.8599853515625,257.1700134277344,256.1401062011719,256.3699951171875,128322
2025-08-26 17:30:00,256.4599914550781,256.7300109863281,256.2349853515625,256.5799865722656,151704
2025-08-26 18:30:00,256.6400146484375,257.25,256.1499938964844,257.0000915527344,336543
2025-08-26 19:30:00,257.0299987792969,258.6300048828125,256.7200012207031,258.260009765625,633230
2025-08-27 13:30:00,258.8399963378906,260.635009765625,258.2900085449219,259.3450012207031,239303
2025-08-27 14:30:00,259.3381042480469,259.94500732421875,258.8399963378906,259.1199951171875,148445
2025-08-27 15:30:00,259.0244140625,259.0799865722656,258.4100036621094,258.75,163083
2025-08-27 16:30:00,258.70001220703125,258.875,258.3500061035156,258.6830139160156,97587
2025-08-27 17:30:00,258.6875,258.7900085449219,258.07501220703125,258.6199951171875,110374
2025-08-27 18:30:00,258.54998779296875,258.8500061035156,258.2049865722656,258.30499267578125,196286
2025-08-27 19:30:00,258.2880859375,258.79998779296875,258.2799987792969,258.6099853515625,264094
2025-08-28 13:30:00,259.20001220703125,259.43499755859375,256.1099853515625,256.760009765625,247376
2025-08-28 14:30:00,256.760009765625,256.7699890136719,255.75,256.302490234375,165334
2025-08-28 15:30:00,256.3800048828125,257.1199951171875,256.0201110839844,256.8599853515625,127001
2025-08-28 16:30:00,256.8800048828125,257.09710693359375,256.260009765625,256.385009765625,123942
2025-08-28 17:30:00,256.385009765625,256.6700134277344,255.6938934326172,256.0400085449219,123573
2025-08-28 18:30:00,256.0299987792969,257.1400146484375,255.9550018310547,257.06500244140625,190512
2025-08-28 19:30:00,257.0799865722656,257.8822021484375,256.8399963378906,257.5899963378906,277418
2025-08-29 13:30:00,257.7699890136719,258.8099060058594,257.010009765625,257.3500061035156,236022
2025-08-29 14:30:00,257.489990234375,258.3900146484375,256.7099914550781,256.7099914550781,153412
2025-08-29 15:30:00,256.7200012207031,257.0,255.9600067138672,256.67999267578125,196346
2025-08-29 16:30:00,256.7300109863281,257.19000244140625,256.4100036621094,257.17498779296875,138463
2025-08-29 17:30:00,257.16400146484375,257.5299987792969,256.82000732421875,256.9599914550781,135698
2025-08-29 18:30:00,256.95001220703125,257.3999938964844,256.8999938964844,257.1650085449219,154800
2025-08-29 19:30:00,257.20001220703125,258.5899963378906,257.1600036621094,258.0899963378906,497430
2025-09-02 13:30:00,256.45001220703125,259.010009765625,255.61000061035156,258.8399963378906,329587
2025-09-02 14:30:00,258.8399963378906,258.989990234375,258.0899963378906,258.3599853515625,126063
2025-09-02 15:30:00,258.25,258.3599853515625,257.81500244140625,258.17999267578125,138335
2025-09-02 16:30:00,258.2099914550781,258.8599853515625,258.05999755859375,258.3699951171875,123998
2025-09-02 17:30:00,258.32000732421875,258.8500061035156,258.2099914550781,258.5,117264
2025-09-02 18:30:00,258.5799865722656,258.8699951171875,258.2799987792969,258.3299865722656,145272
2025-09-02 19:30:00,258.3800048828125,258.82000732421875,258.1700134277344,258.69000244140625,394113
2025-09-03 13:30:00,257.45001220703125,259.739990234375,257.0,258.9849853515625,263635
2025-09-03 14:30:00,258.98748779296875,260.44000244140625,258.5,259.6449890136719,314499
2025-09-03 15:30:00,259.760009765625,260.7900085449219,259.53118896484375,260.614990234375,208927
2025-09-03 16:30:00,260.614990234375,261.3900146484375,260.57000732421875,261.19500732421875,155331
2025-09-03 17:30:00,261.1099853515625,261.1300048828125,259.9891052246094,260.6400146484375,105581
2025-09-03 18:30:00,260.75,260.8599853515625,260.30999755859375,260.3800048828125,147290
2025-09-03 19:30:00,260.3999938964844,261.0,260.2799987792969,260.70001220703125,306214
2025-09-04 13:30:00,263.0400085449219,263.67999267578125,261.4700012207031,262.9200134277344,236622
2025-09-04 14:30:00,262.8900146484375,263.3399963378906,262.3800048828125,263.260009765625,204254
2025-09-04 15:30:00,263.3500061035156,264.3900146484375,263.31500244140625,264.0450134277344,146557
2025-09-04 16:30:00,264.0008850097656,264.07501220703125,263.25,263.3550109863281,111712
2025-09-04 17:30:00,263.4200134277344,264.17999267578125,263.17010498046875,263.9100036621094,111238
2025-09-04 18:30:00,263.98699951171875,264.6300048828125,263.2699890136719,264.3299865722656,558168
2025-09-04 19:30:00,264.30499267578125,264.7099914550781,263.8800048828125,264.6000061035156,362723
2025-09-05 13:30:00,267.3699951171875,270.67999267578125,265.2300109863281,268.19000244140625,998434
2025-09-05 14:30:00,268.19000244140625,269.6300048828125,266.9700012207031,269.6000061035156,445387
2025-09-05 15:30:00,269.67999267578125,269.760009765625,268.7900085449219,269.05999755859375,306370
2025-09-05 16:30:00,269.0299987792969,269.5799865722656,268.73980712890625,269.5799865722656,228006
2025-09-05 17:30:00,269.5249938964844,269.7699890136719,268.7641906738281,269.0299987792969,248401
2025-09-05 18:30:00,269.07000732421875,269.8500061035156,268.9599914550781,269.42498779296875,617416
2025-09-05 19:30:00,269.4200134277344,270.4100036621094,269.0299987792969,270.0799865722656,830944
2025-09-08 13:30:00,269.2099914550781,271.0400085449219,268.67999267578125,270.4200134277344,725520
2025-09-08 14:30:00,270.2900085449219,271.4599914550781,270.19000244140625,271.2325134277344,359994
2025-09-08 15:30:00,271.29998779296875,271.489990234375,269.8399963378906,270.0299987792969,252401
2025-09-08 16:30:00,270.0799865722656,271.80999755859375,269.8999938964844,271.5799865722656,372645
2025-09-08 17:30:00,271.5799865722656,272.07000732421875,270.7200012207031,271.8299865722656,361629
2025-09-08 18:30:00,271.7149963378906,272.3800048828125,271.62091064453125,272.29998779296875,535586
2025-09-08 19:30:00,272.32000732421875,273.2200012207031,271.5199890136719,273.0299987792969,849432
2025-09-09 13:30:00,272.2799987792969,272.2799987792969,268.6199951171875,268.7099914550781,578725
2025-09-09 14:30:00,268.7449951171875,269.2200012207031,267.5950012207031,268.8924865722656,400798
2025-09-09 15:30:00,268.8599853515625,268.9549865722656,267.6400146484375,268.30999755859375,131732
2025-09-09 16:30:00,268.30499267578125,268.42999267578125,267.614990234375,267.9849853515625,123802
2025-09-09 17:30:00,268.0899963378906,269.2200012207031,267.8794860839844,269.19000244140625,162779
2025-09-09 18:30:00,269.19000244140625,269.3800048828125,268.3500061035156,268.3949890136719,317721
2025-09-09 19:30:00,268.3949890136719,269.8299865722656,268.0799865722656,269.1300048828125,508141
2025-09-10 13:30:00,268.4100036621094,269.0,266.42498779296875,267.2300109863281,350374
2025-09-10 14:30:00,267.2200012207031,267.3299865722656,265.6300048828125,265.94000244140625,276452
2025-09-10 15:30:00,266.0299987792969,266.79998779296875,265.6400146484375,266.010009765625,110596
2025-09-10 16:30:00,266.1123962402344,266.3599853515625,265.6050109863281,265.8800048828125,119033
2025-09-10 17:30:00,265.9565124511719,265.9700012207031,265.0799865722656,265.82000732421875,134228
2025-09-10 18:30:00,265.7950134277344,266.25,265.6600036621094,265.7650146484375,165104
2025-09-10 19:30:00,265.7650146484375,266.8900146484375,265.5899963378906,266.54998779296875,331349
2025-09-11 13:30:00,267.8399963378906,271.7900085449219,267.2101135253906,270.9150085449219,231835
2025-09-11 14:30:00,270.9800109863281,273.0950012207031,270.67498779296875,272.760009765625,200479
2025-09-11 15:30:00,272.82000732421875,272.8900146484375,271.25,272.0050048828125,167561
2025-09-11 16:30:00,272.1199951171875,272.9599914550781,271.8399963378906,272.6300048828125,212641
2025-09-11 17:30:00,272.6199951171875,273.4100036621094,272.4700012207031,272.8900146484375,189113
2025-09-11 18:30:00,272.9100036621094,272.9100036621094,272.04998779296875,272.2449951171875,179425
2025-09-11 19:30:00,272.2449951171875,272.95001220703125,272.0799865722656,272.3299865722656,486633
2025-09-12 13:30:00,270.05999755859375,272.54998779296875,269.5299987792969,271.260009765625,362545
2025-09-12 14:30:00,271.260009765625,272.0,271.05999755859375,271.7300109863281,204786
2025-09-12 15:30:00,271.7799987792969,272.04998779296875,271.3658142089844,272.04998779296875,145427
2025-09-12 16:30:00,272.04998779296875,272.32000732421875,271.3299865722656,272.2950134277344,303293
2025-09-12 17:30:00,272.2950134277344,272.29998779296875,271.55999755859375,272.2099914550781,277442
2025-09-12 18:30:00,272.2699890136719,272.6000061035156,271.6300048828125,271.8599853515625,196364
2025-09-12 19:30:00,271.9200134277344,272.4599914550781,271.4200134277344,271.8924865722656,406570
2025-09-15 13:30:00,271.4800109863281,272.1300048828125,269.1000061035156,269.9100036621094,457232
2025-09-15 14:30:00,269.7900085449219,271.30999755859375,269.55999755859375,270.8500061035156,240077
2025-09-15 15:30:00,270.8450012207031,271.3999938964844,270.4200134277344,271.1000061035156,171711
2025-09-15 16:30:00,270.9700012207031,271.1300048828125,270.42999267578125,271.0899963378906,125000
2025-09-15 17:30:00,271.114990234375,271.6400146484375,270.95001220703125,271.0,139897
2025-09-15 18:30:00,271.0,271.9800109863281,270.6300048828125,271.6499938964844,275292
2025-09-15 19:30:00,271.69000244140625,272.6499938964844,271.44000244140625,272.19000244140625,528128
2025-09-16 13:30:00,272.92999267578125,273.2749938964844,269.4100036621094,269.80999755859375,260025
2025-09-16 14:30:00,269.80999755859375,271.25,269.6875,270.5,144272
2025-09-16 15:30:00,270.5249938964844,271.0899963378906,270.239990234375,270.3500061035156,85354
2025-09-16 16:30:00,270.2200012207031,270.6698913574219,270.0,270.4800109863281,74896
2025-09-16 17:30:00,270.5400085449219,270.8900146484375,270.2799987792969,270.2799987792969,127116
2025-09-16 18:30:00,270.260009765625,270.92999267578125,269.9700012207031,270.1050109863281,138564
2025-09-16 19:30:00,270.0950012207031,271.55999755859375,269.739990234375,270.54998779296875,443376
2025-09-17 13:30:00,272.6000061035156,272.6000061035156,269.7825927734375,271.43499755859375,207228
2025-09-17 14:30:00,271.45001220703125,271.94000244140625,270.1600036621094,270.239990234375,168778
2025-09-17 15:30:00,270.25,271.3699951171875,270.25,270.6700134277344,139992
2025-09-17 16:30:00,270.6700134277344,270.9800109863281,270.17999267578125,270.9049987792969,129583
2025-09-17 17:30:00,270.9599914550781,274.9800109863281,270.2250061035156,273.1099853515625,334357
2025-09-17 18:30:00,273.2544860839844,273.2544860839844,266.8599853515625,268.7250061035156,533027
2025-09-17 19:30:00,268.4599914550781,269.3900146484375,267.8399963378906,267.989990234375,577609
2025-09-18 13:30:00,269.07000732421875,270.45001220703125,267.5299987792969,270.30999755859375,286092
2025-09-18 14:30:00,270.1864929199219,270.239990234375,268.7601013183594,269.92999267578125,197181
2025-09-18 15:30:00,269.92999267578125,270.3800048828125,268.95001220703125,270.3800048828125,124699
2025-09-18 16:30:00,270.30999755859375,270.57000732421875,269.6400146484375,269.6400146484375,205074
2025-09-18 17:30:00,269.6400146484375,270.2398986816406,268.69000244140625,268.70001220703125,199138
2025-09-18 18:30:00,268.70001220703125,268.8900146484375,267.66009521484375,267.9700012207031,219303
2025-09-18 19:30:00,267.9100036621094,268.4700012207031,267.489990234375,267.5299987792969,436221
2025-09-19 13:30:00,267.5299987792969,267.6300048828125,265.67999267578125,266.7799987792969,443320
2025-09-19 14:30:00,266.6723937988281,267.6265869140625,266.5899963378906,266.75,164004
2025-09-19 15:30:00,266.5801086425781,267.1099853515625,266.0,266.09649658203125,209187
2025-09-19 16:30:00,266.1400146484375,266.3299865722656,265.3699951171875,265.80999755859375,156240
2025-09-19 17:30:00,265.80999755859375,265.8876953125,265.3800048828125,265.7699890136719,179706
2025-09-19 18:30:00,265.69000244140625,266.92999267578125,265.4100036621094,266.7300109863281,223450
2025-09-19 19:30:00,266.7799987792969,266.79998779296875,265.1099853515625,265.239990234375,690287
2025-09-22 13:30:00,265.0,265.4100036621094,261.6400146484375,262.17999267578125,369065
2025-09-22 14:30:00,262.0799865722656,263.1400146484375,261.3999938964844,262.1318054199219,266129
2025-09-22 15:30:00,262.1449890136719,262.67999267578125,261.1300048828125,261.5299987792969,221439
2025-09-22 16:30:00,261.6300048828125,261.82000732421875,261.1099853515625,261.7650146484375,183754
2025-09-22 17:30:00,261.8500061035156,262.18499755859375,261.0199890136719,261.260009765625,238557
2025-09-22 18:30:00,261.32000732421875,261.80999755859375,261.0899963378906,261.3800048828125,237276
2025-09-22 19:30:00,261.29998779296875,261.8900146484375,260.3599853515625,260.4200134277344,550013
2025-09-23 13:30:00,260.135009765625,260.7799987792969,258.0,258.2200012207031,269422
2025-09-23 14:30:00,258.260009765625,258.6000061035156,257.4375,258.260009765625,312496
2025-09-23 15:30:00,258.2550048828125,258.3800048828125,257.25,257.7200012207031,195329
2025-09-23 16:30:00,257.66900634765625,258.29998779296875,257.45001220703125,258.010009765625,211088
2025-09-23 17:30:00,258.0150146484375,259.5400085449219,257.7699890136719,259.5400085449219,221429
2025-09-23 18:30:00,259.55999755859375,260.1600036621094,259.2099914550781,259.67999267578125,226793
2025-09-23 19:30:00,259.55999755859375,260.2699890136719,259.2200012207031,259.82000732421875,628961
2025-09-24 13:30:00,258.2900085449219,259.3399963378906,256.3399963378906,259.0899963378906,479477
2025-09-24 14:30:00,259.0899963378906,259.510009765625,258.510009765625,258.510009765625,163862
2025-09-24 15:30:00,258.5899963378906,258.760009765625,257.30999755859375,258.3299865722656,227996
2025-09-24 16:30:00,258.3349914550781,258.9599914550781,258.2200012207031,258.75,151579
2025-09-24 17:30:00,258.69000244140625,258.79998779296875,257.4100036621094,257.79998779296875,158099
2025-09-24 18:30:00,257.79998779296875,258.44000244140625,257.6449890136719,258.3399963378906,261727
2025-09-24 19:30:00,258.30999755859375,258.44000244140625,257.1650085449219,257.2699890136719,698487
2025-09-25 13:30:00,254.9199981689453,257.42999267578125,254.1699981689453,256.1099853515625,530612
2025-09-25 14:30:00,256.1199951171875,256.7300109863281,255.77999877929688,255.83999633789062,260733
2025-09-25 15:30:00,255.88999938964844,256.6499938964844,255.6999969482422,255.86000061035156,236025
2025-09-25 16:30:00,255.83999633789062,256.2449951171875,255.14999389648438,255.5800018310547,212091
2025-09-25 17:30:00,255.6540985107422,256.57000732421875,255.24000549316406,256.57000732421875,214310
2025-09-25 18:30:00,256.5350036621094,256.6300048828125,255.22000122070312,255.4149932861328,268728
2025-09-25 19:30:00,255.4149932861328,256.4200134277344,255.24000549316406,255.52999877929688,507936
2025-09-26 13:30:00,255.61000061035156,256.8299865722656,254.1999969482422,256.7900085449219,210118
2025-09-26 14:30:00,256.7900085449219,257.2699890136719,255.80999755859375,256.6925048828125,193425
2025-09-26 15:30:00,256.9100036621094,257.0799865722656,255.85000610351562,256.7650146484375,138975
2025-09-26 16:30:00,256.7650146484375,257.2279052734375,256.44500732421875,257.0975036621094,114710
2025-09-26 17:30:00,257.1099853515625,257.239990234375,256.6499938964844,256.8800048828125,104472
2025-09-26 18:30:00,256.9150085449219,257.69000244140625,256.8500061035156,257.17999267578125,198012
2025-09-26 19:30:00,257.1600036621094,257.6650085449219,256.9750061035156,257.1199951171875,451787
2025-09-29 13:30:00,257.1300048828125,257.3349914550781,251.77000427246094,251.92999267578125,328202
2025-09-29 14:30:00,251.77999877929688,252.9499969482422,251.3936004638672,251.89999389648438,425312
2025-09-29 15:30:00,251.9600067138672,252.02999877929688,250.72999572753906,251.3000030517578,285432
2025-09-29 16:30:00,251.3000030517578,252.41000366210938,250.97000122070312,251.88999938964844,242271
2025-09-29 17:30:00,251.85000610351562,253.64999389648438,251.85000610351562,253.32000732421875,307677
2025-09-29 18:30:00,253.32000732421875,253.44790649414062,252.22999572753906,253.07000732421875,340647
2025-09-29 19:30:00,253.10000610351562,253.6300048828125,252.66009521484375,253.27000427246094,533684
2025-09-30 13:30:00,252.80999755859375,253.60000610351562,251.1699981689453,251.46499633789062,318587
2025-09-30 14:30:00,251.38999938964844,251.41000366210938,249.6300048828125,250.19000244140625,355332
2025-09-30 15:30:00,250.2449951171875,251.27000427246094,249.8800048828125,251.22500610351562,212413
2025-09-30 16:30:00,251.21499633789062,251.4600067138672,250.5,250.6699981689453,178700
2025-09-30 17:30:00,250.5800018310547,251.2050018310547,250.19000244140625,250.7899932861328,193922
2025-09-30 18:30:00,250.80999755859375,251.9149932861328,250.63999938964844,251.6199951171875,250772
2025-09-30 19:30:00,251.63499450683594,251.6898956298828,250.74000549316406,251.25,628610
2025-10-01 13:30:00,251.11000061035156,251.25999450683594,247.27999877929688,247.27999877929688,323363
2025-10-01 14:30:00,247.27999877929688,247.67999267578125,246.5500030517578,247.64500427246094,230623
2025-10-01 15:30:00,247.64999389648438,247.91990661621094,247.24000549316406,247.2899932861328,152960
2025-10-01 16:30:00,247.22000122070312,247.32000732421875,246.4759979248047,246.61000061035156,179967
2025-10-01 17:30:00,246.7100067138672,247.74989318847656,246.4550018310547,247.4499969482422,233384
2025-10-01 18:30:00,247.4499969482422,248.27999877929688,247.13169860839844,247.5850067138672,280476
2025-10-01 19:30:00,247.58999633789062,248.2100067138672,247.07530212402344,247.9600067138672,522899
2025-10-02 13:30:00,246.6300048828125,248.99989318847656,246.35000610351562,248.02499389648438,281674
2025-10-02 14:30:00,248.0,248.39999389648438,247.22000122070312,247.63999938964844,197438
2025-10-02 15:30:00,247.64999389648438,247.8699951171875,247.0800018310547,247.59010314941406,156474
2025-10-02 16:30:00,247.6999969482422,247.97999572753906,247.44000244140625,247.69000244140625,141052
2025-10-02 17:30:00,247.6699981689453,248.27999877929688,247.57000732421875,248.13650512695312,98322
2025-10-02 18:30:00,248.22999572753906,248.375,247.82000732421875,247.97000122070312,199790
2025-10-02 19:30:00,247.9499969482422,247.9499969482422,247.08999633789062,247.35000610351562,385381
2025-10-03 13:30:00,246.55999755859375,247.7100067138672,245.52999877929688,247.47999572753906,217899
2025-10-03 14:30:00,247.4600067138672,247.6300048828125,245.77999877929688,246.0,189532
2025-10-03 15:30:00,246.05499267578125,247.72999572753906,246.05499267578125,247.41000366210938,184709
2025-10-03 16:30:00,247.4550018310547,247.72500610351562,246.860107421875,247.16000366210938,195538
2025-10-03 17:30:00,247.10499572753906,247.4550018310547,246.6300048828125,247.07000732421875,129751
2025-10-03 18:30:00,247.10499572753906,247.10879516601562,246.2899932861328,246.34500122070312,184858
2025-10-03 19:30:00,246.38999938964844,246.5399932861328,245.80999755859375,246.3800048828125,401052
2025-10-06 13:30:00,246.1199951171875,246.49000549316406,240.52749633789062,242.24000549316406,457464
2025-10-06 14:30:00,242.1999969482422,242.65499877929688,241.55999755859375,241.83999633789062,218790
2025-10-06 15:30:00,241.85000610351562,242.71499633789062,241.5,241.7550048828125,235456
2025-10-06 16:30:00,241.75,242.52960205078125,241.51010131835938,242.35000610351562,317095
2025-10-06 17:30:00,242.35000610351562,243.1699981689453,241.86500549316406,242.47000122070312,264290
2025-10-06 18:30:00,242.5,242.64999389648438,241.8000030517578,242.17999267578125,285745
2025-10-06 19:30:00,242.1999969482422,242.42999267578125,241.4149932861328,241.60000610351562,529265
2025-10-07 13:30:00,241.11000061035156,241.33999633789062,238.07009887695312,238.33999633789062,271244
2025-10-07 14:30:00,238.3699951171875,238.89999389648438,237.94500732421875,238.36000061035156,242532
2025-10-07 15:30:00,238.36000061035156,239.52999877929688,238.36000061035156,238.8699951171875,205809
2025-10-07 16:30:00,238.86000061035156,239.00999450683594,238.52000427246094,238.8800048828125,168229
2025-10-07 17:30:00,238.875,238.9199981689453,238.0399932861328,238.64999389648438,160769
2025-10-07 18:30:00,238.60000610351562,239.0084991455078,238.4600067138672,238.93499755859375,338813
2025-10-07 19:30:00,238.9199981689453,239.89999389648438,238.77499389648438,239.88999938964844,554801
2025-10-08 13:30:00,239.41000366210938,239.41000366210938,237.24000549316406,238.25999450683594,291012
2025-10-08 14:30:00,238.24000549316406,238.375,237.60000610351562,237.94000244140625,165602
2025-10-08 15:30:00,237.9499969482422,238.14999389648438,237.32000732421875,237.52999877929688,188712
2025-10-08 16:30:00,237.61000061035156,237.97999572753906,237.30999755859375,237.83999633789062,150615
2025-10-08 17:30:00,237.75999450683594,238.61000061035156,237.28500366210938,238.35000610351562,226871
2025-10-08 18:30:00,238.36000061035156,238.68499755859375,238.08999633789062,238.08999633789062,202476
2025-10-08 19:30:00,238.0399932861328,238.2100067138672,237.5399932861328,237.61000061035156,385239
2025-10-09 13:30:00,237.60000610351562,237.9600067138672,235.13999938964844,236.6999969482422,330468
2025-10-09 14:30:00,236.6999969482422,237.42999267578125,236.17999267578125,236.47999572753906,292735
2025-10-09 15:30:00,236.47999572753906,236.57000732421875,235.74000549316406,236.0399932861328,232145
2025-10-09 16:30:00,236.0,236.53219604492188,235.0800018310547,235.41000366210938,152252
2025-10-09 17:30:00,235.3699951171875,235.5800018310547,234.5800018310547,234.66000366210938,179161
2025-10-09 18:30:00,234.6649932861328,235.05999755859375,234.47999572753906,234.8699951171875,235543
2025-10-09 19:30:00,234.875,235.24000549316406,234.48500061035156,234.6699981689453,513284
2025-10-10 13:30:00,235.35000610351562,236.1300048828125,233.5102996826172,234.86000061035156,303090
2025-10-10 14:30:00,234.88499450683594,235.3699951171875,232.3000030517578,232.97999572753906,211413
2025-10-10 15:30:00,232.9600067138672,233.48989868164062,231.8300018310547,232.67999267578125,181445
2025-10-10 16:30:00,232.5399932861328,233.2899932861328,231.92999267578125,232.13999938964844,152197
2025-10-10 17:30:00,232.18499755859375,232.72500610351562,232.0449981689453,232.4600067138672,170647
2025-10-10 18:30:00,232.4199981689453,232.5399932861328,231.61000061035156,231.89999389648438,272794
2025-10-10 19:30:00,231.9600067138672,232.52000427246094,231.69000244140625,232.17999267578125,403240
2025-10-13 13:30:00,233.0,235.39999389648438,232.63999938964844,235.15499877929688,532848
2025-10-13 14:30:00,235.11500549316406,235.8300018310547,234.61000061035156,235.5850067138672,280949
2025-10-13 15:30:00,235.6300048828125,235.97999572753906,235.3000030517578,235.57000732421875,200934
2025-10-13 16:30:00,235.66000366210938,235.875,234.8000030517578,234.96499633789062,207022
2025-10-13 17:30:00,234.9824981689453,235.44000244140625,234.1999969482422,235.08999633789062,207702
2025-10-13 18:30:00,235.16000366210938,235.2899932861328,233.8800048828125,234.10000610351562,229832
2025-10-13 19:30:00,234.1125030517578,234.5,233.80999755859375,234.47000122070312,474940
2025-10-14 13:30:00,233.9199981689453,237.3800048828125,233.22999572753906,236.5625,367199
2025-10-14 14:30:00,236.52000427246094,238.6699981689453,236.5050048828125,237.6699981689453,273762
2025-10-14 15:30:00,237.72999572753906,239.3000030517578,237.6699981689453,239.10000610351562,249785
2025-10-14 16:30:00,239.00900268554688,240.1999969482422,238.96249389648438,240.02999877929688,221751
2025-10-14 17:30:00,240.0,240.97500610351562,239.9405059814453,240.38999938964844,357206
2025-10-14 18:30:00,240.35000610351562,241.52999877929688,240.3000030517578,241.47999572753906,305178
2025-10-14 19:30:00,241.47999572753906,241.74000549316406,239.9980926513672,240.8300018310547,595550
2025-10-15 13:30:00,241.50999450683594,246.0749969482422,240.52349853515625,244.9600067138672,577575
2025-10-15 14:30:00,244.9550018310547,245.11000061035156,243.28500366210938,243.35000610351562,273005
2025-10-15 15:30:00,243.35000610351562,243.41000366210938,242.6298065185547,242.91000366210938,192635
2025-10-15 16:30:00,242.8699951171875,243.17990112304688,241.1199951171875,241.7949981689453,155708
2025-10-15 17:30:00,241.7899932861328,242.44000244140625,241.67999267578125,242.36000061035156,174920
2025-10-15 18:30:00,242.41000366210938,242.61000061035156,241.8000030517578,241.85000610351562,210560
2025-10-15 19:30:00,241.8800048828125,241.94000244140625,241.2449951171875,241.6199951171875,395035
2025-10-16 13:30:00,242.33999633789062,242.33999633789062,240.5,241.02000427246094,227421
2025-10-16 14:30:00,240.90499877929688,242.08999633789062,240.44000244140625,241.19000244140625,139735
2025-10-16 15:30:00,241.10000610351562,242.6699981689453,240.7801055908203,241.9949951171875,176421
2025-10-16 16:30:00,241.8800048828125,241.96749877929688,240.72000122070312,241.63999938964844,181660
2025-10-16 17:30:00,241.63999938964844,241.72000122070312,240.52000427246094,241.30999755859375,109364
2025-10-16 18:30:00,241.22000122070312,242.98500061035156,240.9600067138672,242.67999267578125,233825
2025-10-16 19:30:00,242.69500732421875,243.1999969482422,242.4600067138672,243.1199951171875,450458
2025-10-17 13:30:00,243.2100067138672,245.10000610351562,243.2100067138672,244.08999633789062,286241
2025-10-17 14:30:00,244.0399932861328,245.0,243.77000427246094,244.6750030517578,230708
2025-10-17 15:30:00,244.60499572753906,245.22000122070312,244.39999389648438,244.47000122070312,227254
2025-10-17 16:30:00,244.39999389648438,244.58999633789062,243.30999755859375,243.52999877929688,221742
2025-10-17 17:30:00,243.57000732421875,244.86000061035156,243.47999572753906,244.73500061035156,185006
2025-10-17 18:30:00,244.7075958251953,244.99000549316406,244.32000732421875,244.52999877929688,286928
2025-10-17 19:30:00,244.46499633789062,244.8300018310547,244.17999267578125,244.7100067138672,557315
2025-10-20 13:30:00,244.97999572753906,246.10000610351562,244.24000549316406,245.7449951171875,322849
2025-10-20 14:30:00,245.74000549316406,245.74000549316406,243.8000030517578,244.55499267578125,294692
2025-10-20 15:30:00,244.50999450683594,244.66000366210938,242.60000610351562,243.5449981689453,161323
2025-10-20 16:30:00,243.4600067138672,243.82000732421875,243.23500061035156,243.5,112133
2025-10-20 17:30:00,243.5,244.0,242.77000427246094,242.8300018310547,146445
2025-10-20 18:30:00,242.90499877929688,243.16000366210938,242.5500030517578,243.00599670410156,235275
2025-10-20 19:30:00,243.0,243.1300048828125,242.25999450683594,242.25999450683594,333946
2025-10-21 13:30:00,241.8800048828125,244.6999969482422,241.0,244.2899932861328,249990
2025-10-21 14:30:00,244.24000549316406,247.0,244.22000122070312,246.1300048828125,268030
2025-10-21 15:30:00,246.14999389648438,246.30999755859375,245.5749969482422,245.75,138452
2025-10-21 16:30:00,245.6999969482422,246.52000427246094,245.4250030517578,246.15499877929688,115947
2025-10-21 17:30:00,246.16000366210938,246.83999633789062,246.0,246.66000366210938,107418
2025-10-21 18:30:00,246.72500610351562,246.76499938964844,245.5175018310547,245.65499877929688,165392
2025-10-21 19:30:00,245.58999633789062,246.0,245.27999877929688,245.27999877929688,336117
2025-10-22 13:30:00,244.27999877929688,244.85000610351562,242.52000427246094,244.85000610351562,256975
2025-10-22 14:30:00,244.82313537597656,245.5399932861328,244.02999877929688,245.32000732421875,218897
2025-10-22 15:30:00,245.2899932861328,246.13999938964844,245.05999755859375,245.28500366210938,220426
2025-10-22 16:30:00,245.42999267578125,246.08999633789062,244.14999389648438,245.22999572753906,211247
2025-10-22 17:30:00,245.22999572753906,245.8000030517578,245.03500366210938,245.47999572753906,225519
2025-10-22 18:30:00,245.39999389648438,245.5,243.77000427246094,244.32000732421875,249735
2025-10-22 19:30:00,244.33999633789062,244.3699951171875,243.35000610351562,243.61000061035156,520072
2025-10-23 13:30:00,242.11000061035156,243.77999877929688,240.2949981689453,240.89500427246094,317505
2025-10-23 14:30:00,240.82000732421875,242.0500030517578,240.55999755859375,241.6649932861328,176299
2025-10-23 15:30:00,241.60000610351562,241.6699981689453,239.99000549316406,240.69000244140625,169368
2025-10-23 16:30:00,240.66000366210938,242.5800018310547,240.66000366210938,242.52000427246094,147252
2025-10-23 17:30:00,242.5449981689453,244.25999450683594,242.5449981689453,243.92999267578125,257929
2025-10-23 18:30:00,243.8699951171875,244.77999877929688,243.64999389648438,244.60000610351562,326444
2025-10-23 19:30:00,244.56500244140625,244.56500244140625,243.7550048828125,243.8000030517578,303683
2025-10-24 13:30:00,245.33999633789062,246.02999877929688,244.05999755859375,244.61000061035156,262475
2025-10-24 14:30:00,244.61000061035156,245.61500549316406,244.17999267578125,245.33999633789062,179461
2025-10-24 15:30:00,245.42999267578125,245.52999877929688,244.5399932861328,244.75,144735
2025-10-24 16:30:00,244.72999572753906,244.8000030517578,243.22999572753906,244.35000610351562,170511
2025-10-24 17:30:00,244.30999755859375,244.30999755859375,243.00999450683594,243.3300018310547,120449
2025-10-24 18:30:00,243.43499755859375,243.88499450683594,243.25999450683594,243.32000732421875,180537
2025-10-24 19:30:00,243.2899932861328,243.6999969482422,242.7100067138672,242.8000030517578,343774
2025-10-27 13:30:00,243.4499969482422,244.38499450683594,243.2239990234375,243.38499450683594,198616
2025-10-27 14:30:00,243.4044952392578,243.5800018310547,241.74000549316406,242.0605926513672,189234
2025-10-27 15:30:00,242.02999877929688,243.6699981689453,241.8699951171875,243.3800048828125,195938
2025-10-27 16:30:00,243.3800048828125,243.61000061035156,242.67999267578125,243.10000610351562,116263
2025-10-27 17:30:00,243.01449584960938,243.5500030517578,242.77699279785156,243.24000549316406,102456
2025-10-27 18:30:00,243.27999877929688,244.24000549316406,243.0906982421875,244.14999389648438,152101
2025-10-27 19:30:00,244.16000366210938,244.47000122070312,243.6199951171875,243.6300048828125,308626
2025-10-28 13:30:00,242.25999450683594,244.39500427246094,242.08999633789062,244.1699981689453,196878
2025-10-28 14:30:00,244.16000366210938,245.10000610351562,244.10000610351562,244.52000427246094,147073
2025-10-28 15:30:00,244.5749969482422,245.10000610351562,244.10000610351562,244.93800354003906,115914
2025-10-28 16:30:00,244.97999572753906,246.625,244.97999572753906,245.83299255371094,106311
2025-10-28 17:30:00,245.80499267578125,246.14999389648438,245.1300048828125,245.6199951171875,161765
2025-10-28 18:30:00,245.50999450683594,245.67999267578125,244.63499450683594,244.91000366210938,179743
2025-10-28 19:30:00,244.9199981689453,244.92750549316406,243.92999267578125,244.11000061035156,323558
2025-10-29 13:30:00,242.5,242.94500732421875,241.17010498046875,242.22000122070312,194132
2025-10-29 14:30:00,242.10000610351562,242.24600219726562,240.66000366210938,241.0399932861328,177760
2025-10-29 15:30:00,241.0500030517578,243.13999938964844,240.91000366210938,242.51499938964844,122709
2025-10-29 16:30:00,242.51499938964844,243.57000732421875,242.51499938964844,242.96249389648438,148557
2025-10-29 17:30:00,242.9550018310547,243.02000427246094,241.72000122070312,241.97950744628906,133804
2025-10-29 18:30:00,242.02000427246094,242.1999969482422,236.8699951171875,237.9199981689453,728839
2025-10-29 19:30:00,237.85000610351562,238.6649932861328,237.05499267578125,238.52499389648438,738945
2025-10-30 13:30:00,238.07000732421875,241.5500030517578,237.00999450683594,241.35499572753906,408055
2025-10-30 14:30:00,241.35499572753906,242.42999267578125,240.9600067138672,241.81539916992188,193462
2025-10-30 15:30:00,241.94369506835938,243.32000732421875,241.67999267578125,242.4499969482422,190157
2025-10-30 16:30:00,242.35000610351562,242.60000610351562,241.64999389648438,242.5500030517578,178278
2025-10-30 17:30:00,242.47500610351562,242.61000061035156,241.1800994873047,241.47999572753906,159554
2025-10-30 18:30:00,241.47500610351562,241.70919799804688,239.5500030517578,239.7899932861328,189402
2025-10-30 19:30:00,239.86000061035156,240.0449981689453,239.2100067138672,239.85000610351562,363583
2025-10-31 13:30:00,238.0800018310547,239.14999389648438,236.4499969482422,238.6699981689453,185318
2025-10-31 14:30:00,238.66000366210938,239.3350067138672,238.3699951171875,238.66000366210938,126685
2025-10-31 15:30:00,238.7100067138672,239.02000427246094,238.07000732421875,238.94000244140625,129543
2025-10-31 16:30:00,238.8000030517578,238.89500427246094,237.7550048828125,238.28990173339844,128150
2025-10-31 17:30:00,238.1074981689453,238.4600067138672,237.58999633789062,238.4600067138672,167304
2025-10-31 18:30:00,238.38999938964844,238.9499969482422,238.02000427246094,238.15499877929688,177477
2025-10-31 19:30:00,238.13999938964844,239.0,237.9824981689453,238.13999938964844,453031
2025-11-03 14:30:00,236.41000366210938,237.31500244140625,233.3000030517578,233.33999633789062,291190
2025-11-03 15:30:00,233.32000732421875,235.32949829101562,233.1699981689453,234.8300018310547,261591
2025-11-03 16:30:00,234.76950073242188,235.13999938964844,233.72999572753906,233.89999389648438,212382
2025-11-03 17:30:00,233.88999938964844,234.11990356445312,233.17999267578125,233.30999755859375,228815
2025-11-03 18:30:00,233.3000030517578,235.1199951171875,232.97999572753906,235.07249450683594,191543
2025-11-03 19:30:00,235.0749969482422,235.7899932861328,234.9199981689453,235.67999267578125,276410
2025-11-03 20:30:00,235.72000122070312,235.7899932861328,234.9499969482422,235.6699981689453,403035
2025-11-04 14:30:00,235.52000427246094,237.05999755859375,233.47000122070312,235.4149932861328,408758
2025-11-04 15:30:00,235.47000122070312,236.97999572753906,235.2617950439453,236.8000030517578,350779
2025-11-04 16:30:00,236.78500366210938,237.2321014404297,236.10000610351562,236.44000244140625,175185
2025-11-04 17:30:00,236.44000244140625,236.8000030517578,235.7100067138672,236.11000061035156,180930
2025-11-04 18:30:00,236.11000061035156,236.92999267578125,236.0399932861328,236.68499755859375,229810
2025-11-04 19:30:00,236.68499755859375,237.77000427246094,236.47999572753906,237.61500549316406,269970
2025-11-04 20:30:00,237.57000732421875,238.00990295410156,237.44000244140625,237.82000732421875,491286
2025-11-05 14:30:00,236.5500030517578,238.1300048828125,232.49000549316406,232.5050048828125,337494
2025-11-05 15:30:00,232.55999755859375,232.94000244140625,231.6199951171875,232.3000030517578,409610
2025-11-05 16:30:00,232.3800048828125,234.75999450683594,231.92999267578125,234.07000732421875,283861
2025-11-05 17:30:00,234.02000427246094,235.0966033935547,233.88999938964844,234.5,166247
2025-11-05 18:30:00,234.47000122070312,234.47000122070312,232.74000549316406,233.26499938964844,215512
2025-11-05 19:30:00,233.26499938964844,233.9499969482422,232.86000061035156,233.66000366210938,332488
2025-11-05 20:30:00,233.69500732421875,234.86000061035156,233.47999572753906,234.38999938964844,466410
2025-11-06 14:30:00,233.0800018310547,234.7899932861328,232.08999633789062,233.23500061035156,305573
2025-11-06 15:30:00,233.3300018310547,234.97000122070312,233.10000610351562,233.19000244140625,209598
2025-11-06 16:30:00,233.16000366210938,233.66990661621094,232.57000732421875,233.00999450683594,157393
2025-11-06 17:30:00,232.9600067138672,233.44000244140625,231.8699951171875,231.9499969482422,152624
2025-11-06 18:30:00,231.9499969482422,232.5500030517578,231.74000549316406,231.8489990234375,153726
2025-11-06 19:30:00,231.84500122070312,232.3300018310547,231.31500244140625,231.8800048828125,192861
2025-11-06 20:30:00,231.8350067138672,232.3000030517578,231.1199951171875,231.33999633789062,498744
2025-11-07 14:30:00,231.83999633789062,233.97000122070312,231.11500549316406,231.91009521484375,395127
2025-11-07 15:30:00,231.91000366210938,233.82000732421875,231.75,233.61000061035156,296919
2025-11-07 16:30:00,233.53500366210938,234.17999267578125,231.72000122070312,231.72000122070312,303543
2025-11-07 17:30:00,231.75,232.99000549316406,231.60000610351562,232.16000366210938,261124
2025-11-07 18:30:00,232.20379638671875,233.0998992919922,232.02000427246094,232.86000061035156,170452
2025-11-07 19:30:00,232.89999389648438,234.10000610351562,232.88999938964844,233.24009704589844,219477
2025-11-07 20:30:00,233.36000061035156,233.6699981689453,232.77999877929688,233.1300048828125,594697
2025-11-10 14:30:00,232.61000061035156,232.61000061035156,229.17999267578125,229.91000366210938,372191
2025-11-10 15:30:00,229.91000366210938,230.8300018310547,229.44000244140625,230.02999877929688,266915
2025-11-10 16:30:00,230.0749969482422,231.5386962890625,229.77000427246094,230.8000030517578,186050
2025-11-10 17:30:00,230.8000030517578,231.78880310058594,230.67999267578125,231.3800048828125,174694
2025-11-10 18:30:00,231.3800048828125,232.75999450683594,231.3300018310547,232.72500610351562,156072
2025-11-10 19:30:00,232.72500610351562,233.99000549316406,232.25,233.2899932861328,275201
2025-11-10 20:30:00,233.22500610351562,234.11000061035156,232.9600067138672,233.02999877929688,522366
2025-11-11 14:30:00,233.75,235.5,233.67999267578125,235.05499267578125,251494
2025-11-11 15:30:00,235.1199951171875,235.16000366210938,234.27000427246094,234.6300048828125,162065
2025-11-11 16:30:00,234.5399932861328,235.38999938964844,234.36000061035156,235.2449951171875,145638
2025-11-11 17:30:00,235.2449951171875,236.17999267578125,235.11000061035156,236.17320251464844,154760
2025-11-11 18:30:00,236.13499450683594,236.86000061035156,235.42999267578125,235.75999450683594,209737
2025-11-11 19:30:00,235.72000122070312,235.91000366210938,235.1999969482422,235.63999938964844,205857
2025-11-11 20:30:00,235.59500122070312,235.8000030517578,235.1199951171875,235.42999267578125,453906
2025-11-12 14:30:00,234.38999938964844,236.13999938964844,233.4499969482422,233.68539428710938,334598
2025-11-12 15:30:00,233.5800018310547,234.8282012939453,232.8800048828125,234.2550048828125,260550
2025-11-12 16:30:00,234.2550048828125,236.7100067138672,234.11000061035156,236.11000061035156,290299
2025-11-12 17:30:00,236.02999877929688,236.1999969482422,235.19000244140625,235.24000549316406,166325
2025-11-12 18:30:00,235.25,235.6199951171875,234.92999267578125,235.25,274282
2025-11-12 19:30:00,235.2449951171875,235.50999450683594,234.58999633789062,234.60000610351562,236817
2025-11-12 20:30:00,234.60000610351562,234.89999389648438,233.93499755859375,234.7220001220703,457672
2025-11-13 14:30:00,234.4499969482422,236.64999389648438,233.9600067138672,235.01499938964844,415259
2025-11-13 15:30:00,235.01499938964844,235.4799041748047,233.61000061035156,233.67999267578125,313701
2025-11-13 16:30:00,233.6699981689453,234.47000122070312,233.25,233.7100067138672,215805
2025-11-13 17:30:00,233.72999572753906,234.0500030517578,233.10000610351562,233.17999267578125,286271
2025-11-13 18:30:00,233.13999938964844,233.9199981689453,232.92799377441406,233.0500030517578,350437
2025-11-13 19:30:00,233.0500030517578,233.0800018310547,231.1999969482422,231.5625,357979
2025-11-13 20:30:00,231.5,231.9499969482422,230.91000366210938,231.44000244140625,686591
2025-11-14 14:30:00,230.27000427246094,232.13999938964844,227.39999389648438,228.7100067138672,529349
2025-11-14 15:30:00,228.7100067138672,229.23500061035156,228.05999755859375,228.31500244140625,283711
2025-11-14 16:30:00,228.36000061035156,229.50999450683594,227.97000122070312,228.82000732421875,249104
2025-11-14 17:30:00,228.77999877929688,229.1300048828125,228.33999633789062,228.5500030517578,170497
2025-11-14 18:30:00,228.57000732421875,228.8000030517578,228.16000366210938,228.2949981689453,201417
2025-11-14 19:30:00,228.34750366210938,228.52000427246094,227.7100067138672,227.7100067138672,227377
2025-11-14 20:30:00,227.7100067138672,228.0399932861328,226.97000122070312,227.86000061035156,557061
2025-11-17 14:30:00,227.1999969482422,228.77000427246094,226.83999633789062,227.57000732421875,626155
2025-11-17 15:30:00,227.60000610351562,227.75,226.91749572753906,227.5399932861328,481491
2025-11-17 16:30:00,227.5,228.3000030517578,227.33999633789062,228.05499267578125,356399
2025-11-17 17:30:00,228.10000610351562,228.22000122070312,226.94000244140625,227.08999633789062,274890
2025-11-17 18:30:00,227.01499938964844,227.16000366210938,225.83999633789062,226.7949981689453,393395
2025-11-17 19:30:00,226.74000549316406,226.85000610351562,225.66000366210938,226.11000061035156,492549
2025-11-17 20:30:00,226.10000610351562,226.21339416503906,224.9600067138672,225.07000732421875,858700
2025-11-18 14:30:00,219.0500030517578,223.72000122070312,218.8000030517578,222.72000122070312,1383824
2025-11-18 15:30:00,222.73500061035156,223.27000427246094,221.02000427246094,222.27000427246094,630437
2025-11-18 16:30:00,222.24000549316406,222.35000610351562,221.25999450683594,221.6750030517578,470278
2025-11-18 17:30:00,221.6199951171875,222.25999450683594,220.8300018310547,221.95989990234375,472179
2025-11-18 18:30:00,221.91000366210938,222.8000030517578,221.32000732421875,222.44500732421875,552429
2025-11-18 19:30:00,222.38999938964844,222.72999572753906,220.13009643554688,220.4250030517578,752805
2025-11-18 20:30:00,220.42999267578125,220.6699981689453,219.27000427246094,219.69000244140625,1085140
2025-11-19 14:30:00,230.00999450683594,230.2899932861328,224.25999450683594,228.39999389648438,2773580
2025-11-19 15:30:00,228.39999389648438,231.92999267578125,228.33999633789062,230.30999755859375,903525
2025-11-19 16:30:00,230.36000061035156,232.30999755859375,230.2100067138672,232.22500610351562,667722
2025-11-19 17:30:00,232.22250366210938,232.97000122070312,230.86000061035156,232.41000366210938,589842
2025-11-19 18:30:00,232.40499877929688,232.6300048828125,230.39999389648438,230.47999572753906,451401
2025-11-19 19:30:00,230.38999938964844,230.60000610351562,229.05499267578125,229.52000427246094,602973
2025-11-19 20:30:00,229.52699279785156,229.6898956298828,227.52000427246094,228.41000366210938,901874
2025-11-20 14:30:00,228.0800018310547,230.4499969482422,225.77999877929688,230.38999938964844,757849
2025-11-20 15:30:00,230.33999633789062,230.38490295410156,228.05999755859375,228.2899932861328,321309
2025-11-20 16:30:00,228.24000549316406,229.27000427246094,227.02999877929688,228.614501953125,363224
2025-11-20 17:30:00,228.58999633789062,229.11000061035156,227.2100067138672,228.7949981689453,281977
2025-11-20 18:30:00,228.80999755859375,229.1300048828125,227.86129760742188,228.55999755859375,282770
2025-11-20 19:30:00,228.4499969482422,228.83999633789062,228.08999633789062,228.5749969482422,408916
2025-11-20 20:30:00,228.5800018310547,229.38999938964844,227.97000122070312,228.3800048828125,685969
2025-11-21 14:30:00,230.5399932861328,234.85000610351562,228.9600067138672,234.17999267578125,706473
2025-11-21 15:30:00,234.10000610351562,235.0,232.5,232.5500030517578,503244
2025-11-21 16:30:00,232.5500030517578,235.63999938964844,232.4600067138672,235.55999755859375,908366
2025-11-21 17:30:00,235.66000366210938,235.8800048828125,234.8800048828125,235.4600067138672,589203
2025-11-21 18:30:00,235.4600067138672,236.55999755859375,235.38999938964844,236.24000549316406,353969
2025-11-21 19:30:00,236.2899932861328,236.36000061035156,235.16000366210938,235.27999877929688,436801
2025-11-21 20:30:00,235.27000427246094,236.1300048828125,233.9600067138672,234.4199981689453,918632
2025-11-24 14:30:00,234.0,234.4600067138672,229.0,230.57000732421875,569691
2025-11-24 15:30:00,230.65499877929688,231.47000122070312,230.52000427246094,231.10000610351562,225767
2025-11-24 16:30:00,231.17999267578125,231.5800018310547,230.47999572753906,231.34500122070312,230834
2025-11-24 17:30:00,231.39999389648438,232.08999633789062,231.0,231.66000366210938,194186
2025-11-24 18:30:00,231.61000061035156,232.1300048828125,230.46499633789062,230.88499450683594,221658
2025-11-24 19:30:00,230.88499450683594,231.0,230.0,230.13999938964844,310171
2025-11-24 20:30:00,230.13999938964844,230.33999633789062,228.72999572753906,228.75,583053
2025-11-25 14:30:00,230.72000122070312,235.57000732421875,230.2899932861328,235.27999877929688,606065
2025-11-25 15:30:00,235.2550048828125,237.1300048828125,235.07000732421875,236.55499267578125,306379
2025-11-25 16:30:00,236.52000427246094,237.75,236.1750030517578,237.5,273853
2025-11-25 17:30:00,237.4600067138672,238.14999389648438,237.18499755859375,237.83999633789062,222320
2025-11-25 18:30:00,237.7899932861328,237.82000732421875,236.77000427246094,237.1699981689453,234195
2025-11-25 19:30:00,237.13499450683594,238.1699981689453,237.1300048828125,238.0500030517578,303194
2025-11-25 20:30:00,238.05999755859375,238.91000366210938,238.0,238.11000061035156,619207
2025-11-26 14:30:00,237.5,240.6699981689453,236.64999389648438,240.6699981689453,351481
2025-11-26 15:30:00,240.6649932861328,241.75999450683594,240.38999938964844,241.25230407714844,239124
2025-11-26 16:30:00,241.28500366210938,242.5399932861328,241.17999267578125,242.38999938964844,182483
2025-11-26 17:30:00,242.44000244140625,243.0500030517578,242.02000427246094,242.16000366210938,192059
2025-11-26 18:30:00,242.1199951171875,242.4600067138672,241.75,242.36000061035156,113479
2025-11-26 19:30:00,242.35499572753906,242.83999633789062,242.3000030517578,242.5500030517578,203843
2025-11-26 20:30:00,242.51499938964844,242.7899932861328,241.6199951171875,241.6199951171875,444471
2025-11-28 14:30:00,241.58999633789062,242.77000427246094,240.8000030517578,242.60000610351562,270041
2025-11-28 15:30:00,242.60000610351562,243.02999877929688,242.13250732421875,242.38999938964844,218280
2025-11-28 16:30:00,242.46499633789062,242.77000427246094,242.0908966064453,242.21499633789062,202391
2025-12-01 14:30:00,242.0,247.47999572753906,241.26220703125,246.6074981689453,567308
2025-12-01 15:30:00,246.66000366210938,248.8249969482422,246.50999450683594,248.2899932861328,321792
2025-12-01 16:30:00,248.30999755859375,248.97000122070312,248.110107421875,248.75999450683594,253513
2025-12-01 17:30:00,248.75999450683594,249.30999755859375,248.2700958251953,249.0399932861328,216928
2025-12-01 18:30:00,249.0800018310547,249.44000244140625,247.2301025390625,247.3000030517578,217321
2025-12-01 19:30:00,247.25999450683594,247.77999877929688,246.89999389648438,247.47000122070312,351185
2025-12-01 20:30:00,247.4600067138672,248.02000427246094,246.00999450683594,246.4600067138672,974231
2025-12-02 14:30:00,246.30999755859375,247.21859741210938,243.8000030517578,243.8000030517578,289964
2025-12-02 15:30:00,243.83999633789062,244.47999572753906,242.9600067138672,243.35000610351562,439108
2025-12-02 16:30:00,243.25999450683594,243.61000061035156,242.60000610351562,243.22000122070312,221812
2025-12-02 17:30:00,243.22000122070312,243.61000061035156,242.86000061035156,243.0800018310547,173016
2025-12-02 18:30:00,243.0800018310547,243.47000122070312,242.6199951171875,243.33999633789062,228289
2025-12-02 19:30:00,243.27000427246094,244.1999969482422,242.80999755859375,243.80999755859375,312634
2025-12-02 20:30:00,243.81100463867188,244.19000244140625,243.02000427246094,243.17999267578125,678104
2025-12-03 14:30:00,243.1750030517578,247.99000549316406,243.1750030517578,246.0800018310547,394187
2025-12-03 15:30:00,246.0749969482422,246.50999450683594,245.10000610351562,245.88499450683594,185432
2025-12-03 16:30:00,245.8800048828125,246.99000549316406,245.72999572753906,246.8000030517578,181112
2025-12-03 17:30:00,246.85000610351562,247.16000366210938,246.60000610351562,247.00999450683594,148266
2025-12-03 18:30:00,247.00999450683594,247.77999877929688,246.6699981689453,247.0050048828125,276081
2025-12-03 19:30:00,247.01499938964844,247.1300048828125,246.05999755859375,246.58999633789062,271219
2025-12-03 20:30:00,246.5800018310547,247.55999755859375,246.3800048828125,246.94000244140625,701722
2025-12-04 14:30:00,246.60000610351562,248.16000366210938,245.0,245.7899932861328,565144
2025-12-04 15:30:00,245.77000427246094,246.9499969482422,245.6199951171875,245.8800048828125,305844
2025-12-04 16:30:00,245.8350067138672,246.58999633789062,245.41000366210938,246.52999877929688,268151
2025-12-04 17:30:00,246.52499389648438,247.1300048828125,246.1199951171875,246.66000366210938,325009
2025-12-04 18:30:00,246.6199951171875,246.83999633789062,245.47999572753906,245.7292022705078,295445
2025-12-04 19:30:00,245.7100067138672,246.0,245.44000244140625,245.6199951171875,438985
2025-12-04 20:30:00,245.64500427246094,246.4499969482422,245.5800018310547,246.1999969482422,770154
2025-12-05 14:30:00,246.14999389648438,247.47000122070312,245.65719604492188,246.88999938964844,250291
2025-12-05 15:30:00,246.83999633789062,248.02000427246094,246.57510375976562,247.91000366210938,231085
2025-12-05 16:30:00,247.88999938964844,248.25,247.27340698242188,247.72500610351562,256537
2025-12-05 17:30:00,247.75999450683594,248.5500030517578,247.64999389648438,248.19500732421875,221480
2025-12-05 18:30:00,248.16000366210938,248.55999755859375,247.97500610351562,248.16000366210938,194886
2025-12-05 19:30:00,248.17999267578125,248.5800018310547,247.7100067138672,247.9600067138672,251058
2025-12-05 20:30:00,247.9600067138672,248.67999267578125,247.75999450683594,248.42999267578125,445100
2025-12-08 14:30:00,247.11000061035156,248.09500122070312,245.22999572753906,247.25,420462
2025-12-08 15:30:00,247.3000030517578,247.3699951171875,246.22000122070312,246.9199981689453,253346
2025-12-08 16:30:00,246.83999633789062,247.38999938964844,246.33999633789062,246.72850036621094,194437
2025-12-08 17:30:00,246.71499633789062,247.55999755859375,246.5800018310547,246.99000549316406,245412
2025-12-08 18:30:00,246.91000366210938,247.27000427246094,246.22000122070312,246.22000122070312,289682
2025-12-08 19:30:00,246.22000122070312,246.57000732421875,245.8300018310547,246.52499389648438,261476
2025-12-08 20:30:00,246.5,246.5,244.89500427246094,244.92999267578125,763907
2025-12-09 14:30:00,243.80999755859375,245.97999572753906,242.57009887695312,242.9600067138672,319546
2025-12-09 15:30:00,242.89999389648438,243.33999633789062,241.7050018310547,241.9199981689453,190977
2025-12-09 16:30:00,241.88499450683594,242.10000610351562,240.88999938964844,240.9499969482422,196146
2025-12-09 17:30:00,240.97999572753906,243.35000610351562,240.9499969482422,243.07000732421875,238015
2025-12-09 18:30:00,243.07000732421875,243.55999755859375,242.6999969482422,243.00999450683594,188832
2025-12-09 19:30:00,243.00999450683594,243.1699981689453,242.42999267578125,242.47999572753906,191674
2025-12-09 20:30:00,242.4499969482422,242.86000061035156,242.11000061035156,242.75999450683594,487462
2025-12-10 14:30:00,242.80999755859375,246.14500427246094,242.71499633789062,244.25999450683594,305816
2025-12-10 15:30:00,244.2550048828125,244.44000244140625,243.39999389648438,243.56500244140625,165155
2025-12-10 16:30:00,243.56500244140625,243.83999633789062,242.94000244140625,243.3800048828125,201242
2025-12-10 17:30:00,243.38999938964844,243.6999969482422,242.3800048828125,243.0800018310547,275471
2025-12-10 18:30:00,243.11599731445312,245.27000427246094,242.4600067138672,244.44500732421875,573213
2025-12-10 19:30:00,244.44500732421875,248.43499755859375,244.44500732421875,247.77000427246094,546434
2025-12-10 20:30:00,247.72000122070312,247.9499969482422,245.77999877929688,246.2100067138672,523067
2025-12-11 14:30:00,248.6300048828125,251.88999938964844,247.5131072998047,249.89999389648438,347946
2025-12-11 15:30:00,249.84500122070312,251.22000122070312,249.72999572753906,249.89500427246094,304568
2025-12-11 16:30:00,249.92999267578125,250.5,249.6300048828125,250.22999572753906,243441
2025-12-11 17:30:00,250.1699981689453,250.25,249.18499755859375,249.19000244140625,151826
2025-12-11 18:30:00,249.22999572753906,249.33999633789062,247.94000244140625,248.07150268554688,165991
2025-12-11 19:30:00,248.0399932861328,248.67999267578125,247.8195037841797,248.58999633789062,225580
2025-12-11 20:30:00,248.61500549316406,248.83999633789062,247.88999938964844,248.1750030517578,438580
2025-12-12 14:30:00,249.14999389648438,250.72999572753906,247.9149932861328,248.1300048828125,265941
2025-12-12 15:30:00,248.10000610351562,248.49000549316406,247.5,248.42999267578125,162622
2025-12-12 16:30:00,248.30999755859375,248.35000610351562,246.2449951171875,246.55999755859375,167186
2025-12-12 17:30:00,246.57000732421875,246.94000244140625,246.38999938964844,246.61000061035156,138307
2025-12-12 18:30:00,246.61000061035156,246.80499267578125,245.9300994873047,246.02999877929688,115884
2025-12-12 19:30:00,246.0500030517578,247.5800018310547,246.0500030517578,247.18499755859375,193486
2025-12-12 20:30:00,247.13999938964844,247.38999938964844,246.69000244140625,247.25999450683594,269103
2025-12-15 14:30:00,247.74000549316406,248.75999450683594,246.97999572753906,247.77000427246094,283960
2025-12-15 15:30:00,247.67999267578125,248.3000030517578,247.22000122070312,247.25,151699
2025-12-15 16:30:00,247.25999450683594,247.27999877929688,243.86000061035156,246.4499969482422,150926
2025-12-15 17:30:00,246.4600067138672,247.63999938964844,246.38999938964844,247.0500030517578,138833
2025-12-15 18:30:00,247.06500244140625,248.3350067138672,247.02000427246094,248.11500549316406,182903
2025-12-15 19:30:00,248.1199951171875,249.41000366210938,247.99000549316406,249.0449981689453,308444
2025-12-15 20:30:00,249.05499267578125,249.44000244140625,248.6300048828125,248.8350067138672,515441
2025-12-16 14:30:00,250.2100067138672,250.97000122070312,246.0399932861328,248.5749969482422,402991
2025-12-16 15:30:00,248.5749969482422,250.14500427246094,248.38999938964844,249.17999267578125,249011
2025-12-16 16:30:00,249.19000244140625,249.4499969482422,248.5,248.86500549316406,198220
2025-12-16 17:30:00,248.86500549316406,248.97999572753906,247.66000366210938,247.72000122070312,182271
2025-12-16 18:30:00,247.7899932861328,248.02999877929688,246.17999267578125,246.97000122070312,232081
2025-12-16 19:30:00,246.97000122070312,248.02999877929688,246.44000244140625,247.89999389648438,224404
2025-12-16 20:30:00,247.83999633789062,248.0399932861328,246.47000122070312,246.47999572753906,354425
2025-12-17 14:30:00,246.0,248.87730407714844,245.0800018310547,248.33999633789062,241275
2025-12-17 15:30:00,248.31500244140625,249.61000061035156,248.0500030517578,248.92999267578125,205254
2025-12-17 16:30:00,248.89999389648438,249.4499969482422,247.92999267578125,248.01499938964844,132824
2025-12-17 17:30:00,247.95010375976562,248.49000549316406,247.85009765625,248.16000366210938,140656
2025-12-17 18:30:00,248.08999633789062,248.9499969482422,247.9199981689453,248.5500946044922,126035
2025-12-17 19:30:00,248.6199951171875,249.33999633789062,248.22000122070312,248.35000610351562,175299
2025-12-17 20:30:00,248.36500549316406,248.36500549316406,247.4250030517578,247.97000122070312,269959
2025-12-18 14:30:00,251.0800018310547,254.0399932861328,250.6750030517578,251.75,484123
2025-12-18 15:30:00,251.83999633789062,252.83999633789062,251.11000061035156,251.52999877929688,313258
2025-12-18 16:30:00,251.50999450683594,251.72999572753906,247.4600067138672,248.38999938964844,225130
2025-12-18 17:30:00,248.5,249.07000732421875,247.82000732421875,248.9600067138672,137754
2025-12-18 18:30:00,249.02000427246094,249.35000610351562,248.10000610351562,248.31500244140625,155641
2025-12-18 19:30:00,248.27999877929688,248.36000061035156,247.52000427246094,247.9499969482422,176746
2025-12-18 20:30:00,247.9600067138672,248.77499389648438,247.66000366210938,247.75999450683594,379774
2025-12-19 14:30:00,247.0399932861328,247.1300048828125,241.5,242.75750732421875,814225
2025-12-19 15:30:00,242.76499938964844,243.55999755859375,242.30999755859375,242.68699645996094,233145
2025-12-19 16:30:00,242.75,243.03990173339844,241.30999755859375,242.05999755859375,147972
2025-12-19 17:30:00,242.1199951171875,242.39999389648438,241.1699981689453,242.2899932861328,122370
2025-12-19 18:30:00,242.24000549316406,242.24000549316406,241.125,241.4250030517578,136552
2025-12-19 19:30:00,241.4149932861328,242.27499389648438,241.3000030517578,242.02999877929688,207023
2025-12-19 20:30:00,242.06500244140625,243.4499969482422,240.36000061035156,240.50999450683594,1033087
2025-12-22 14:30:00,240.5800018310547,242.4499969482422,239.6300048828125,242.25999450683594,277064
2025-12-22 15:30:00,242.22000122070312,242.5500030517578,241.77999877929688,242.0850067138672,136511
2025-12-22 16:30:00,242.0850067138672,242.5050048828125,241.79010009765625,242.10000610351562,111305
2025-12-22 17:30:00,242.1999969482422,242.75,242.0800018310547,242.3699951171875,102910
2025-12-22 18:30:00,242.3699951171875,242.52000427246094,241.2550048828125,241.6699981689453,123611
2025-12-22 19:30:00,241.69500732421875,242.27999877929688,241.4801025390625,242.27000427246094,168085
2025-12-22 20:30:00,242.25999450683594,242.47000122070312,241.9600067138672,242.07000732421875,307233
2025-12-23 14:30:00,241.5,241.61000061035156,239.5399932861328,240.19000244140625,248721
2025-12-23 15:30:00,240.14500427246094,241.1699981689453,240.14500427246094,240.5850067138672,159025
2025-12-23 16:30:00,240.56500244140625,241.0,240.32000732421875,240.8699951171875,106103
2025-12-23 17:30:00,240.9199981689453,241.47999572753906,240.86090087890625,241.44000244140625,99935
2025-12-23 18:30:00,241.4499969482422,241.6699981689453,240.92999267578125,241.52999877929688,123049
2025-12-23 19:30:00,241.5449981689453,241.75,241.2100067138672,241.6199951171875,178057
2025-12-23 20:30:00,241.6199951171875,242.19000244140625,241.5399932861328,242.05999755859375,380087
2025-12-24 14:30:00,241.75,243.08279418945312,241.33999633789062,242.92999267578125,138714
2025-12-24 15:30:00,242.86000061035156,243.6699981689453,242.6300048828125,243.4149932861328,153561
2025-12-24 16:30:00,243.35000610351562,243.6699981689453,243.02000427246094,243.6199951171875,132678
2025-12-26 14:30:00,242.72999572753906,243.8300018310547,242.3000030517578,243.63499450683594,192243
2025-12-26 15:30:00,243.63499450683594,243.77000427246094,243.13499450683594,243.38499450683594,112143
2025-12-26 16:30:00,243.32000732421875,243.43499755859375,242.8300018310547,243.24009704589844,73594
2025-12-26 17:30:00,243.25,243.3513946533203,242.8000030517578,242.9600067138672,98284
2025-12-26 18:30:00,243.0,243.63259887695312,243.0,243.44500732421875,91209
2025-12-26 19:30:00,243.44000244140625,244.39500427246094,243.43800354003906,244.24000549316406,95771
2025-12-26 20:30:00,244.27000427246094,244.7050018310547,244.24000549316406,244.47000122070312,218242
2025-12-29 14:30:00,245.11000061035156,245.36000061035156,242.94000244140625,243.3800048828125,163242
2025-12-29 15:30:00,243.35000610351562,243.52999877929688,242.63999938964844,243.05999755859375,115829
2025-12-29 16:30:00,243.00999450683594,243.25,242.6300048828125,242.77499389648438,99433
2025-12-29 17:30:00,242.75,243.5399932861328,242.69000244140625,243.47000122070312,115224
2025-12-29 18:30:00,243.5399932861328,243.55850219726562,242.96009826660156,243.02999877929688,125566
2025-12-29 19:30:00,243.02999877929688,243.66990661621094,243.00999450683594,243.4499969482422,121185
2025-12-29 20:30:00,243.44000244140625,244.02999877929688,243.44000244140625,243.8300018310547,324567
2025-12-30 14:30:00,242.63999938964844,242.99989318847656,241.0399932861328,242.0,192107
2025-12-30 15:30:00,242.0,242.37989807128906,241.27999877929688,242.33889770507812,146053
2025-12-30 16:30:00,242.3800048828125,242.82000732421875,241.91000366210938,242.72000122070312,105610
2025-12-30 17:30:00,242.66409301757812,243.04200744628906,242.65499877929688,242.97000122070312,89994
2025-12-30 18:30:00,243.02000427246094,243.3800048828125,242.8800048828125,243.22000122070312,113106
2025-12-30 19:30:00,243.19000244140625,243.63999938964844,243.19000244140625,243.3300018310547,144414
2025-12-30 20:30:00,243.30999755859375,243.4949951171875,243.0500030517578,243.25,278262
2025-12-31 14:30:00,242.41000366210938,243.38999938964844,241.8300018310547,242.72999572753906,112004
2025-12-31 15:30:00,242.66000366210938,242.75999450683594,242.22999572753906,242.52499389648438,91526
2025-12-31 16:30:00,242.52499389648438,242.88499450683594,242.3699951171875,242.60499572753906,122238
2025-12-31 17:30:00,242.60499572753906,242.74000549316406,242.13999938964844,242.32000732421875,88137
2025-12-31 18:30:00,242.30999755859375,242.74000549316406,242.24000549316406,242.57000732421875,138394
2025-12-31 19:30:00,242.55999755859375,242.66000366210938,241.53500366210938,241.75,213083
2025-12-31 20:30:00,241.72999572753906,242.08999633789062,241.02999877929688,241.22000122070312,263031
2026-01-02 14:30:00,241.5,242.92999267578125,239.97000122070312,242.02999877929688,307119
2026-01-02 15:30:00,241.99000549316406,245.1999969482422,241.97999572753906,244.60000610351562,293144
2026-01-02 16:30:00,244.6199951171875,245.94000244140625,244.57000732421875,245.3800048828125,211999
2026-01-02 17:30:00,245.50999450683594,245.77499389648438,244.54249572753906,244.72999572753906,175113
2026-01-02 18:30:00,244.77999877929688,246.2100067138672,244.69000244140625,246.10000610351562,220344
2026-01-02 19:30:00,246.10000610351562,247.22500610351562,246.07240295410156,246.2949981689453,288200
2026-01-02 20:30:00,246.25999450683594,246.9499969482422,245.66000366210938,246.89999389648438,459613
2026-01-05 14:30:00,245.0800018310547,247.8300018310547,244.58999633789062,246.22999572753906,507654
2026-01-05 15:30:00,246.25999450683594,246.3800048828125,243.9499969482422,244.9600067138672,377532
2026-01-05 16:30:00,244.97999572753906,247.25999450683594,244.80999755859375,246.14999389648438,196941
2026-01-05 17:30:00,246.2100067138672,246.75999450683594,245.75999450683594,246.60499572753906,210031
2026-01-05 18:30:00,246.60499572753906,246.60499572753906,245.35000610351562,246.1999969482422,219213
2026-01-05 19:30:00,246.22000122070312,246.3800048828125,244.75,245.01499938964844,281065
2026-01-05 20:30:00,245.01499938964844,245.1999969482422,244.52999877929688,244.75,450719
2026-01-06 14:30:00,240.77499389648438,243.8000030517578,240.25999450683594,243.42999267578125,397449
2026-01-06 15:30:00,243.19000244140625,244.6300048828125,242.33999633789062,244.47000122070312,404241
2026-01-06 16:30:00,244.6999969482422,245.82000732421875,243.88499450683594,245.64999389648438,189887
2026-01-06 17:30:00,245.91000366210938,246.375,245.7899932861328,246.30499267578125,122007
2026-01-06 18:30:00,246.30499267578125,247.02999877929688,246.17010498046875,246.4887237548828,115535
2026-01-06 19:30:00,246.5050048828125,247.92999267578125,246.38999938964844,247.83999633789062,174641
2026-01-06 20:30:00,247.97000122070312,248.3000030517578,246.5,246.5,313347
2026-01-07 14:30:00,251.8800048828125,256.79998779296875,251.04409790039062,251.7899932861328,597359
2026-01-07 15:30:00,251.7899932861328,252.47999572753906,250.61000061035156,251.0950927734375,182154
2026-01-07 16:30:00,251.06500244140625,251.5399932861328,250.77999877929688,250.97999572753906,140902
2026-01-07 17:30:00,250.97999572753906,251.1199951171875,248.3800048828125,249.07000732421875,235271
2026-01-07 18:30:00,249.00999450683594,249.17990112304688,247.9499969482422,248.42999267578125,143858
2026-01-07 19:30:00,248.44000244140625,249.2050018310547,247.99000549316406,248.1999969482422,263015
2026-01-07 20:30:00,248.1699981689453,248.4499969482422,247.11000061035156,247.14999389648438,372885
2026-01-08 14:30:00,245.125,253.7899932861328,243.9102020263672,253.3784942626953,374657
2026-01-08 15:30:00,253.47000122070312,255.5749969482422,253.0,255.4499969482422,322121
2026-01-08 16:30:00,255.39999389648438,256.32000732421875,255.39999389648438,255.75999450683594,288383
2026-01-08 17:30:00,255.8300018310547,257.0299987792969,255.8300018310547,256.05999755859375,367500
2026-01-08 18:30:00,256.0400085449219,257.67999267578125,256.0400085449219,257.4798583984375,272972
2026-01-08 19:30:00,257.4100036621094,257.82000732421875,255.6199951171875,255.77000427246094,375322
2026-01-08 20:30:00,255.8300018310547,256.260009765625,255.56500244140625,256.2099914550781,521228
2026-01-09 14:30:00,261.2900085449219,263.2699890136719,259.1300048828125,262.29998779296875,751511
2026-01-09 15:30:00,262.2699890136719,263.54998779296875,261.5249938964844,263.0050048828125,385240
2026-01-09 16:30:00,263.0400085449219,266.05999755859375,262.6300048828125,265.6000061035156,435709
2026-01-09 17:30:00,265.5799865722656,266.2200012207031,264.6700134277344,265.9100036621094,365621
2026-01-09 18:30:00,265.9100036621094,266.44000244140625,265.3699951171875,266.1700134277344,347849
2026-01-09 19:30:00,266.135009765625,267.2850036621094,266.0799865722656,267.1400146484375,449107
2026-01-09 20:30:00,267.19000244140625,268.0450134277344,266.6610107421875,267.2699890136719,772898
2026-01-12 14:30:00,266.3800048828125,268.95001220703125,263.6099853515625,268.7749938964844,398476
2026-01-12 15:30:00,268.7749938964844,270.7699890136719,268.7699890136719,269.9700012207031,394360
2026-01-12 16:30:00,270.0,270.9700012207031,269.8399963378906,270.1499938964844,235547
2026-01-12 17:30:00,270.1940002441406,271.010009765625,269.55999755859375,270.7149963378906,217376
2026-01-12 18:30:00,270.7149963378906,270.8299865722656,269.55999755859375,269.5823974609375,270491
2026-01-12 19:30:00,269.5799865722656,270.29998779296875,269.2401123046875,270.0150146484375,424328
2026-01-12 20:30:00,270.07000732421875,271.5299987792969,269.5932922363281,270.8699951171875,559974
2026-01-13 14:30:00,273.1400146484375,274.260009765625,270.3500061035156,272.4949951171875,438374
2026-01-13 15:30:00,272.5,273.7699890136719,271.5700988769531,273.6300048828125,315574
2026-01-13 16:30:00,273.6300048828125,273.69000244140625,272.590087890625,272.7349853515625,221259
2026-01-13 17:30:00,272.7300109863281,273.1300048828125,272.07000732421875,272.5799865722656,184167
2026-01-13 18:30:00,272.5400085449219,273.6000061035156,272.25,272.94000244140625,173321
2026-01-13 19:30:00,272.9800109863281,273.3599853515625,272.489990234375,272.6632995605469,260355
2026-01-13 20:30:00,272.7149963378906,274.739990234375,272.19500732421875,274.25,633279
2026-01-14 14:30:00,272.20001220703125,276.43499755859375,272.20001220703125,274.864990234375,367172
2026-01-14 15:30:00,274.8299865722656,276.9700012207031,273.05010986328125,276.9700012207031,244332
2026-01-14 16:30:00,276.9800109863281,278.1000061035156,276.2099914550781,277.7850036621094,619881
2026-01-14 17:30:00,277.7300109863281,277.8699035644531,277.0050048828125,277.1499938964844,217495
2026-01-14 18:30:00,277.1099853515625,277.25,275.1499938964844,275.20001220703125,242243
2026-01-14 19:30:00,275.19000244140625,275.8299865722656,274.1600036621094,275.2900085449219,354518
2026-01-14 20:30:00,275.2900085449219,275.44000244140625,274.1499938964844,274.95001220703125,490186
2026-01-15 14:30:00,275.1449890136719,278.2095031738281,273.44000244140625,277.93548583984375,372863
2026-01-15 15:30:00,277.8299865722656,278.0799865722656,276.510009765625,277.6419982910156,294303
2026-01-15 16:30:00,277.6400146484375,277.7300109863281,275.7500915527344,275.78009033203125,205578
2026-01-15 17:30:00,275.8699951171875,276.25,275.1000061035156,275.6929931640625,172888
2026-01-15 18:30:00,275.6499938964844,276.82000732421875,275.1499938964844,276.70001220703125,154894
2026-01-15 19:30:00,276.69000244140625,277.92999267578125,276.6499938964844,277.4849853515625,294757
2026-01-15 20:30:00,277.4949951171875,278.1099853515625,276.5799865722656,277.04998779296875,399004
2026-01-16 14:30:00,276.32000732421875,277.42999267578125,274.07000732421875,275.18499755859375,639165
2026-01-16 15:30:00,275.0837097167969,277.79998779296875,274.3500061035156,277.79998779296875,269329
2026-01-16 16:30:00,277.80999755859375,278.06500244140625,276.3717041015625,276.5849914550781,249396
2026-01-16 17:30:00,276.5849914550781,277.1300048828125,276.0899963378906,276.7300109863281,164050
2026-01-16 18:30:00,276.79998779296875,277.4800109863281,275.69000244140625,276.6499938964844,218255
2026-01-16 19:30:00,276.6499938964844,277.3599853515625,276.43011474609375,277.0799865722656,221649
2026-01-16 20:30:00,277.07000732421875,278.44000244140625,277.0199890136719,277.5199890136719,503834
2026-01-20 14:30:00,272.20001220703125,275.239990234375,271.3999938964844,271.7099914550781,621147
2026-01-20 15:30:00,271.7099914550781,272.2544860839844,269.6199951171875,269.7699890136719,505643
2026-01-20 16:30:00,269.70001220703125,269.7300109863281,268.25,269.6600036621094,318061
2026-01-20 17:30:00,269.7099914550781,269.9739990234375,268.2699890136719,268.9849853515625,341528
2026-01-20 18:30:00,268.9849853515625,269.2569885253906,268.3699951171875,269.04998779296875,288442
2026-01-20 19:30:00,269.1050109863281,269.1099853515625,267.7699890136719,268.94500732421875,469977
2026-01-20 20:30:00,268.9599914550781,268.9599914550781,268.05999755859375,268.4700012207031,671007
2026-01-21 14:30:00,267.44000244140625,270.7799987792969,267.010009765625,270.6099853515625,615886
2026-01-21 15:30:00,270.6700134277344,272.739990234375,270.6700134277344,272.7030029296875,197964
2026-01-21 16:30:00,272.7900085449219,273.79998779296875,272.3500061035156,273.42999267578125,662280
2026-01-21 17:30:00,273.3700866699219,273.8299865722656,272.3999938964844,273.56500244140625,292439
2026-01-21 18:30:00,273.54998779296875,275.75,273.3599853515625,275.57000732421875,256119
2026-01-21 19:30:00,275.57501220703125,278.3299865722656,275.510009765625,276.4849853515625,555293
2026-01-21 20:30:00,276.42999267578125,277.1549987792969,276.2449951171875,277.1099853515625,672871
2026-01-22 14:30:00,277.3699951171875,281.3599853515625,276.9700012207031,278.0,454496
2026-01-22 15:30:00,278.0350036621094,278.78961181640625,275.8500061035156,276.6199951171875,430569
2026-01-22 16:30:00,276.4649963378906,277.5799865722656,276.42999267578125,277.4549865722656,222550
2026-01-22 17:30:00,277.5,277.78009033203125,276.5899963378906,277.55999755859375,386272
2026-01-22 18:30:00,277.6199951171875,278.0400085449219,276.9599914550781,277.3912048339844,166256
2026-01-22 19:30:00,277.3900146484375,277.6400146484375,275.1000061035156,275.43499755859375,308296
2026-01-22 20:30:00,275.45001220703125,275.9700012207031,274.8800048828125,274.95001220703125,476861
2026-01-23 14:30:00,275.0,277.2850036621094,273.9800109863281,274.7099914550781,378376
2026-01-23 15:30:00,274.6300048828125,275.3999938964844,274.3800048828125,275.0,160028
2026-01-23 16:30:00,274.9100036621094,275.614990234375,274.5199890136719,275.20001220703125,263343
2026-01-23 17:30:00,275.2099914550781,275.4200134277344,274.67999267578125,275.2550048828125,148273
2026-01-23 18:30:00,275.2550048828125,275.8399963378906,274.88330078125,275.30499267578125,257853
2026-01-23 19:30:00,275.3399963378906,276.17999267578125,275.2699890136719,275.760009765625,219593
2026-01-23 20:30:00,275.75,276.7799987792969,275.5450134277344,276.739990234375,342556
2026-01-26 14:30:00,278.8299865722656,279.5,275.6199951171875,277.6199951171875,253727
2026-01-26 15:30:00,277.6099853515625,278.5899963378906,276.7900085449219,277.7300109863281,173187
2026-01-26 16:30:00,277.7699890136719,277.81500244140625,275.8500061035156,276.3653869628906,175372
2026-01-26 17:30:00,276.3699951171875,276.95001220703125,276.0199890136719,276.95001220703125,142016
2026-01-26 18:30:00,276.9075012207031,277.364990234375,276.6199951171875,277.3500061035156,147317
2026-01-26 19:30:00,277.2900085449219,277.6400146484375,277.0400085449219,277.2799987792969,196646
2026-01-26 20:30:00,277.2799987792969,278.29998779296875,277.239990234375,277.9100036621094,498370
2026-01-27 14:30:00,277.010009765625,277.010009765625,274.0899963378906,274.2200012207031,272901
2026-01-27 15:30:00,274.19000244140625,276.04400634765625,273.95001220703125,274.44000244140625,220436
2026-01-27 16:30:00,274.4599914550781,274.6499938964844,272.6499938964844,272.94000244140625,263957
2026-01-27 17:30:00,272.94000244140625,273.19000244140625,272.32000732421875,272.8275146484375,221687
2026-01-27 18:30:00,272.8299865722656,273.8500061035156,272.4200134277344,273.44000244140625,230619
2026-01-27 19:30:00,273.4599914550781,274.6099853515625,273.1400146484375,274.3999938964844,207481
2026-01-27 20:30:00,274.4049987792969,274.9200134277344,273.6400146484375,273.9649963378906,466200
2026-01-28 14:30:00,273.7200012207031,274.0,271.375,272.32000732421875,193113
2026-01-28 15:30:00,272.42999267578125,273.4549865722656,270.8800048828125,271.3500061035156,218027
2026-01-28 16:30:00,271.3699951171875,271.9800109863281,270.6700134277344,271.375,222758
2026-01-28 17:30:00,271.375,271.7950134277344,270.385009765625,270.42498779296875,139549
2026-01-28 18:30:00,270.5799865722656,270.94000244140625,269.5299987792969,269.5299987792969,342731
2026-01-28 19:30:00,269.5899963378906,272.739990234375,268.05999755859375,268.5799865722656,439766
2026-01-28 20:30:00,268.55499267578125,270.1247863769531,268.55499267578125,269.3699951171875,934955
2026-01-29 14:30:00,268.7099914550781,270.9800109863281,266.1400146484375,267.75,389357
2026-01-29 15:30:00,267.7200012207031,268.82000732421875,267.42999267578125,268.1600036621094,327941
2026-01-29 16:30:00,268.1549987792969,268.95001220703125,267.7099914550781,267.82501220703125,249874
2026-01-29 17:30:00,267.7799987792969,267.8999938964844,266.1700134277344,266.9800109863281,225355
2026-01-29 18:30:00,266.9700012207031,267.385009765625,266.25,266.9100036621094,313369
2026-01-29 19:30:00,266.9100036621094,267.2449951171875,265.7099914550781,266.9949951171875,348508
2026-01-29 20:30:00,266.9800109863281,267.3999938964844,266.1000061035156,266.6000061035156,678380
2026-01-30 14:30:00,266.05499267578125,266.8699951171875,263.7200012207031,264.0350036621094,285032
2026-01-30 15:30:00,264.0400085449219,264.45001220703125,263.6000061035156,263.6499938964844,195338
2026-01-30 16:30:00,263.668701171875,263.99139404296875,262.67010498046875,263.92999267578125,348335
2026-01-30 17:30:00,263.8900146484375,264.17999267578125,263.04998779296875,264.17999267578125,171615
2026-01-30 18:30:00,264.1499938964844,266.4200134277344,263.3500061035156,265.44000244140625,255850
2026-01-30 19:30:00,265.44000244140625,266.4504089355469,265.0,266.3399963378906,414676
2026-01-30 20:30:00,266.29998779296875,267.55999755859375,266.239990234375,267.1400146484375,495620
2026-02-02 14:30:00,266.6600036621094,268.7200012207031,262.69000244140625,266.0799865722656,390742
2026-02-02 15:30:00,266.07000732421875,266.739990234375,265.7799987792969,265.7799987792969,225757
2026-02-02 16:30:00,265.7300109863281,267.9851989746094,265.5400085449219,267.9851989746094,204840
2026-02-02 17:30:00,267.9700012207031,268.1899108886719,267.42999267578125,267.864990234375,218900
2026-02-02 18:30:00,267.9200134277344,269.1300048828125,267.79998779296875,268.9800109863281,298145
2026-02-02 19:30:00,269.0050048828125,270.3299865722656,268.6300048828125,269.2799987792969,300085
2026-02-02 20:30:00,269.260009765625,270.1300048828125,268.9800109863281,269.0799865722656,478810
2026-02-03 14:30:00,267.94000244140625,280.010009765625,267.6099853515625,279.54998779296875,652399
2026-02-03 15:30:00,279.57000732421875,280.5050048828125,275.82000732421875,275.9800109863281,423947
2026-02-03 16:30:00,275.9800109863281,276.1400146484375,274.489990234375,274.9200134277344,283814
2026-02-03 17:30:00,274.989990234375,275.8525085449219,274.3349914550781,274.6400146484375,282352
2026-02-03 18:30:00,274.635009765625,275.07501220703125,272.7699890136719,273.1600036621094,378187
2026-02-03 19:30:00,273.2550048828125,274.44000244140625,273.2550048828125,274.3900146484375,362127
2026-02-03 20:30:00,274.4200134277344,275.4100036621094,273.80999755859375,274.8699951171875,566449
2026-02-04 14:30:00,276.32000732421875,280.1700134277344,276.32000732421875,278.70001220703125,387645
2026-02-04 15:30:00,278.7300109863281,279.3599853515625,276.7099914550781,278.3699951171875,314103
2026-02-04 16:30:00,278.3599853515625,279.1499938964844,276.94000244140625,277.1300048828125,191722
2026-02-04 17:30:00,277.0199890136719,277.3500061035156,273.760009765625,274.0199890136719,195482
2026-02-04 18:30:00,273.9599914550781,275.80999755859375,273.2900085449219,275.80999755859375,240013
2026-02-04 19:30:00,275.8450012207031,277.05999755859375,273.94000244140625,276.2673034667969,394758
2026-02-04 20:30:00,276.2699890136719,276.4849853515625,275.25,275.8500061035156,396073
2026-02-05 14:30:00,275.6400146484375,276.6600036621094,272.239990234375,274.614990234375,257139
2026-02-05 15:30:00,274.5899963378906,275.7799987792969,273.4200134277344,274.75,265949
2026-02-05 16:30:00,274.8500061035156,276.57000732421875,274.3131103515625,276.2749938964844,211649
2026-02-05 17:30:00,276.2749938964844,276.57989501953125,274.3500061035156,274.4150085449219,172700
2026-02-05 18:30:00,274.4100036621094,276.7799987792969,274.2099914550781,276.6679992675781,182118
2026-02-05 19:30:00,276.70001220703125,277.0799865722656,275.8399963378906,276.1300048828125,288155
2026-02-05 20:30:00,276.0899963378906,276.3800048828125,274.28009033203125,274.79998779296875,415275
2026-02-06 14:30:00,276.5799865722656,279.6650085449219,275.0201110839844,278.2106018066406,245956
2026-02-06 15:30:00,278.30999755859375,279.1199035644531,277.69500732421875,277.989990234375,182952
2026-02-06 16:30:00,278.0199890136719,278.989990234375,276.3299865722656,278.7799987792969,316061
2026-02-06 17:30:00,278.7799987792969,279.2300109863281,277.7449951171875,279.19000244140625,163320
2026-02-06 18:30:00,279.19500732421875,279.4200134277344,278.9599914550781,279.2099914550781,154323
2026-02-06 19:30:00,279.1499938964844,279.3500061035156,278.3699951171875,278.63751220703125,193663
2026-02-06 20:30:00,278.6400146484375,279.0249938964844,277.95001220703125,278.2900085449219,477812
2026-02-09 14:30:00,278.3299865722656,279.0,274.45001220703125,275.6199951171875,229684
2026-02-09 15:30:00,275.55999755859375,277.42999267578125,275.54119873046875,276.2149963378906,204644
2026-02-09 16:30:00,276.2550048828125,276.875,275.6199951171875,275.9599914550781,138857
2026-02-09 17:30:00,276.0299987792969,276.42999267578125,275.94000244140625,276.0299987792969,162380
2026-02-09 18:30:00,276.04998779296875,276.2349853515625,275.3800048828125,275.8999938964844,159961
2026-02-09 19:30:00,275.92999267578125,277.0400085449219,275.6875,276.5299987792969,201062
2026-02-09 20:30:00,276.4800109863281,277.1000061035156,276.17999267578125,276.8599853515625,404600
2026-02-10 14:30:00,279.0,282.55999755859375,277.375,281.07000732421875,369139
2026-02-10 15:30:00,281.07000732421875,283.989990234375,280.59466552734375,283.8900146484375,306552
2026-02-10 16:30:00,283.8900146484375,284.5975036621094,283.05999755859375,284.25,331067
2026-02-10 17:30:00,284.25,284.7200012207031,283.93951416015625,284.6099853515625,202957
2026-02-10 18:30:00,284.6050109863281,285.7250061035156,284.58770751953125,285.0150146484375,279728
2026-02-10 19:30:00,285.04998779296875,285.7099914550781,284.7099914550781,284.9700012207031,226437
2026-02-10 20:30:00,284.9849853515625,285.20001220703125,283.8900146484375,284.6600036621094,521244
2026-02-11 14:30:00,282.3900146484375,284.885009765625,280.7799987792969,283.7900085449219,356475
2026-02-11 15:30:00,283.92999267578125,285.0199890136719,283.05999755859375,284.5,301278
2026-02-11 16:30:00,284.4700012207031,287.3399963378906,284.4700012207031,286.8599853515625,469434
2026-02-11 17:30:00,286.8599853515625,287.010009765625,285.9501037597656,286.8999938964844,296818
2026-02-11 18:30:00,286.8699951171875,287.0,285.6156921386719,286.18499755859375,293741
2026-02-11 19:30:00,286.1099853515625,286.7325134277344,285.6499938964844,285.9440002441406,277320
2026-02-11 20:30:00,285.8999938964844,287.1199951171875,285.8800048828125,287.05999755859375,487325
2026-02-12 14:30:00,289.3900146484375,293.05999755859375,288.5899963378906,291.0299987792969,445897
2026-02-12 15:30:00,291.0350036621094,292.3599853515625,289.80999755859375,289.93499755859375,382923
2026-02-12 16:30:00,290.0,290.6300048828125,287.7699890136719,287.9700012207031,541149
2026-02-12 17:30:00,288.0199890136719,288.510009765625,286.78009033203125,287.5899963378906,293247
2026-02-12 18:30:00,287.3900146484375,288.8550109863281,286.6449890136719,288.1700134277344,264134
2026-02-12 19:30:00,288.1400146484375,289.6400146484375,287.9501037597656,288.05999755859375,291500
2026-02-12 20:30:00,288.0780029296875,288.0780029296875,285.07000732421875,285.6099853515625,676682
2026-02-13 14:30:00,285.4200134277344,287.54998779296875,282.1499938964844,286.5799865722656,246000
2026-02-13 15:30:00,286.5799865722656,288.7699890136719,285.9100036621094,288.239990234375,144244
2026-02-13 16:30:00,288.32501220703125,289.8699951171875,288.1600036621094,288.3500061035156,197650
2026-02-13 17:30:00,288.4649963378906,289.2900085449219,288.1040954589844,289.0799865722656,162745
2026-02-13 18:30:00,288.8500061035156,289.07989501953125,287.3500061035156,287.6000061035156,145368
2026-02-13 19:30:00,287.67999267578125,288.0,286.1199951171875,286.25,187234
2026-02-13 20:30:00,286.32000732421875,287.5899963378906,286.1300048828125,287.4200134277344,413076
2026-02-17 14:30:00,287.0249938964844,289.8599853515625,280.260009765625,281.3800048828125,378540
2026-02-17 15:30:00,281.2900085449219,281.7699890136719,278.68499755859375,281.0,205220
2026-02-17 16:30:00,281.0,281.6600036621094,279.8800048828125,280.55499267578125,153684
2026-02-17 17:30:00,280.6400146484375,281.135009765625,278.25,279.4949951171875,159769
2026-02-17 18:30:00,279.5199890136719,281.239990234375,279.3999938964844,280.50750732421875,184118
2026-02-17 19:30:00,280.56500244140625,281.8699951171875,279.7900085449219,281.67498779296875,199080
2026-02-17 20:30:00,281.70001220703125,281.70001220703125,280.5899963378906,281.2099914550781,353761
2026-02-18 14:30:00,280.4200134277344,283.29998779296875,278.0,282.8299865722656,180311
2026-02-18 15:30:00,282.8575134277344,283.8699951171875,282.54998779296875,283.2799987792969,127593
2026-02-18 16:30:00,283.1499938964844,283.2699890136719,282.2799987792969,282.9849853515625,98239
2026-02-18 17:30:00,282.989990234375,283.1300048828125,282.260009765625,282.5199890136719,116681
2026-02-18 18:30:00,282.57000732421875,282.57000732421875,281.2799987792969,281.9100036621094,165460
2026-02-18 19:30:00,281.95001220703125,282.0675048828125,280.760009765625,281.31500244140625,200900
2026-02-18 20:30:00,281.3299865722656,282.5799865722656,281.2200012207031,282.1099853515625,343560
2026-02-19 14:30:00,281.44000244140625,282.1050109863281,277.57000732421875,277.7929992675781,239245
2026-02-19 15:30:00,277.79998779296875,279.03179931640625,276.9549865722656,276.9549865722656,177970
2026-02-19 16:30:00,276.95001220703125,278.385009765625,276.95001220703125,278.385009765625,157308
2026-02-19 17:30:00,278.57000732421875,279.1000061035156,277.239990234375,278.1600036621094,103524
2026-02-19 18:30:00,278.04998779296875,278.8299865722656,277.4599914550781,277.5400085449219,164193
2026-02-19 19:30:00,277.5400085449219,278.6650085449219,276.7250061035156,278.0274963378906,242753
2026-02-19 20:30:00,278.0799865722656,278.3599853515625,277.4700012207031,278.2900085449219,350299
2026-02-20 14:30:00,277.6700134277344,283.80999755859375,276.9700012207031,281.1600036621094,367576
2026-02-20 15:30:00,281.19000244140625,281.4599914550781,278.7349853515625,278.7349853515625,194224
2026-02-20 16:30:00,278.7200012207031,279.8699951171875,277.20001220703125,277.32000732421875,221645
2026-02-20 17:30:00,277.3349914550781,278.5899963378906,276.8699951171875,278.1499938964844,197061
2026-02-20 18:30:00,278.1700134277344,280.1000061035156,277.9200134277344,279.989990234375,169525
2026-02-20 19:30:00,280.0299987792969,280.57000732421875,279.4100036621094,280.19500732421875,261049
2026-02-20 20:30:00,280.19500732421875,280.6499938964844,279.5400085449219,280.3599853515625,555586
2026-02-23 14:30:00,280.760009765625,281.9750061035156,272.9100036621094,274.2699890136719,397858
2026-02-23 15:30:00,274.3999938964844,275.22100830078125,272.55999755859375,273.010009765625,351469
2026-02-23 16:30:00,273.1300048828125,273.4599914550781,272.3399963378906,273.04998779296875,260047
2026-02-23 17:30:00,273.19500732421875,274.7200012207031,272.45001220703125,274.635009765625,253252
2026-02-23 18:30:00,274.57000732421875,274.68109130859375,273.6499938964844,273.8500061035156,218498
2026-02-23 19:30:00,273.8500061035156,275.5,273.739990234375,275.0425109863281,317302
2026-02-23 20:30:00,274.9599914550781,275.25,273.75,274.489990234375,675571
2026-02-24 14:30:00,278.1099853515625,281.1700134277344,277.0899963378906,280.2200012207031,469112
2026-02-24 15:30:00,280.1499938964844,280.989990234375,279.1600036621094,279.6499938964844,277619
2026-02-24 16:30:00,279.6499938964844,280.79998779296875,279.1050109863281,280.3550109863281,365619
2026-02-24 17:30:00,280.4200134277344,280.45001220703125,278.5199890136719,278.5299987792969,357208
2026-02-24 18:30:00,278.6099853515625,279.1549987792969,277.6499938964844,277.7200012207031,260365
2026-02-24 19:30:00,277.7699890136719,279.07000732421875,277.5400085449219,278.364990234375,366066
2026-02-24 20:30:00,278.3699951171875,278.70880126953125,277.95001220703125,278.4800109863281,532493
2026-02-25 14:30:00,266.25,274.19000244140625,265.05999755859375,265.4800109863281,1393669
2026-02-25 15:30:00,265.5050048828125,266.54998779296875,263.80999755859375,265.260009765625,635327
2026-02-25 16:30:00,265.3999938964844,266.5889892578125,263.5199890136719,263.70001220703125,461971
2026-02-25 17:30:00,263.80999755859375,265.04998779296875,262.55999755859375,265.04998779296875,533750
2026-02-25 18:30:00,265.0799865722656,266.5899963378906,264.81500244140625,265.42498779296875,358488
2026-02-25 19:30:00,265.45001220703125,265.96990966796875,263.19000244140625,263.30499267578125,491306
2026-02-25 20:30:00,263.3599853515625,264.6000061035156,263.010009765625,263.1700134277344,791220
2026-02-26 14:30:00,263.3399963378906,265.8500061035156,262.010009765625,262.760009765625,419717
2026-02-26 15:30:00,262.7850036621094,266.1499938964844,262.6400146484375,262.875,360661
2026-02-26 16:30:00,262.875,263.0880126953125,261.94000244140625,262.4200134277344,358772
2026-02-26 17:30:00,262.4100036621094,264.0799865722656,262.20001220703125,263.9949951171875,287864
2026-02-26 18:30:00,263.92999267578125,264.8599853515625,263.69781494140625,264.2749938964844,255075
2026-02-26 19:30:00,264.25,265.75,264.17999267578125,265.1199951171875,355549
2026-02-26 20:30:00,265.1700134277344,266.05499267578125,264.2900085449219,264.2900085449219,651064
2026-02-27 14:30:00,261.69000244140625,262.67999267578125,260.1000061035156,261.7349853515625,299527
2026-02-27 15:30:00,261.8500061035156,263.07501220703125,261.29998779296875,262.8399963378906,218564
2026-02-27 16:30:00,262.92498779296875,264.1650085449219,262.7799987792969,263.739990234375,240493
2026-02-27 17:30:00,263.8999938964844,264.5799865722656,263.2699890136719,264.55499267578125,204805
2026-02-27 18:30:00,264.54998779296875,264.6000061035156,263.4100036621094,263.70001220703125,192646
2026-02-27 19:30:00,263.75,264.94000244140625,263.45001220703125,264.9049987792969,284780
2026-02-27 20:30:00,264.8999938964844,265.5,264.3599853515625,264.57000732421875,430124
2026-03-02 14:30:00,260.0,261.45001220703125,256.19000244140625,259.135009765625,559242
2026-03-02 15:30:00,259.0,259.5400085449219,258.0,258.6000061035156,333664
2026-03-02 16:30:00,258.57000732421875,260.07000732421875,258.1199951171875,259.4125061035156,238057
2026-03-02 17:30:00,259.3699951171875,259.8500061035156,258.7300109863281,259.1050109863281,218718
2026-03-02 18:30:00,259.07000732421875,259.1400146484375,257.6449890136719,258.3800048828125,260050
2026-03-02 19:30:00,258.3550109863281,258.75,257.3299865722656,257.4700012207031,291233
2026-03-02 20:30:00,257.4700012207031,257.82000732421875,256.75,257.1499938964844,525529
2026-03-03 14:30:00,253.47999572753906,254.57000732421875,251.3000030517578,252.74000549316406,366681
2026-03-03 15:30:00,252.74000549316406,254.47999572753906,251.50999450683594,254.36500549316406,285193
2026-03-03 16:30:00,254.25,256.2544860839844,253.7899932861328,256.2349853515625,204559
2026-03-03 17:30:00,256.2349853515625,257.4100036621094,255.58999633789062,257.1449890136719,141169
2026-03-03 18:30:00,257.1400146484375,258.6400146484375,257.1099853515625,258.3349914550781,227170
2026-03-03 19:30:00,258.2699890136719,258.9800109863281,257.30999755859375,257.8999938964844,235947
2026-03-03 20:30:00,257.989990234375,258.1099853515625,257.0,257.1400146484375,205349
2026-03-04 14:30:00,258.010009765625,258.57000732421875,255.48500061035156,257.1000061035156,261431
2026-03-04 15:30:00,257.1700134277344,257.80999755859375,255.6199951171875,257.75,213943
2026-03-04 16:30:00,257.80499267578125,258.1400146484375,256.82000732421875,257.3232116699219,167453
2026-03-04 17:30:00,257.3500061035156,257.9800109863281,257.0299987792969,257.42498779296875,122422
2026-03-04 18:30:00,257.489990234375,258.4949951171875,257.4599914550781,258.29998779296875,171517
2026-03-04 19:30:00,258.29998779296875,258.9100036621094,258.2695007324219,258.75,232829
2026-03-04 20:30:00,258.7300109863281,258.8599853515625,258.20001220703125,258.55999755859375,495373
2026-03-05 14:30:00,256.3999938964844,257.0199890136719,253.7100067138672,254.27000427246094,346793
2026-03-05 15:30:00,254.2899932861328,254.9600067138672,252.8300018310547,253.25,185051
2026-03-05 16:30:00,253.3300018310547,254.3699951171875,253.10000610351562,253.52499389648438,190282
2026-03-05 17:30:00,253.4199981689453,254.4199981689453,252.7100067138672,252.80999755859375,161616
2026-03-05 18:30:00,252.80999755859375,253.66000366210938,252.7899932861328,252.8800048828125,152343
2026-03-05 19:30:00,252.8300018310547,255.17999267578125,252.6300048828125,254.94000244140625,236371
2026-03-05 20:30:00,254.9199981689453,255.44000244140625,254.33999633789062,254.67999267578125,441635
2026-03-06 14:30:00,250.55999755859375,251.1199951171875,248.11000061035156,250.11000061035156,385238
2026-03-06 15:30:00,250.19000244140625,251.1999969482422,249.88999938964844,250.9001007080078,194392
2026-03-06 16:30:00,251.01499938964844,252.2100067138672,250.60000610351562,252.06500244140625,168809
2026-03-06 17:30:00,251.94000244140625,252.77000427246094,251.3249969482422,251.4199981689453,225505
2026-03-06 18:30:00,251.39500427246094,252.77999877929688,251.2899932861328,252.65499877929688,211630
2026-03-06 19:30:00,252.66000366210938,252.97999572753906,252.0749969482422,252.5449981689453,266281
2026-03-06 20:30:00,252.58279418945312,252.69000244140625,251.3699951171875,251.7899932861328,490537
2026-03-09 13:30:00,250.1199951171875,250.1199951171875,243.86000061035156,243.86000061035156,367434
2026-03-09 14:30:00,243.92999267578125,246.3800048828125,243.58999633789062,246.0800018310547,270768
2026-03-09 15:30:00,246.1199951171875,246.1199951171875,244.80999755859375,245.72000122070312,216937
2026-03-09 16:30:00,245.6699981689453,245.99000549316406,244.97000122070312,245.27000427246094,195694
2026-03-09 17:30:00,245.39999389648438,247.0500030517578,245.0,246.8249969482422,188180
2026-03-09 18:30:00,246.91000366210938,250.25,246.72000122070312,250.1699981689453,318975
2026-03-09 19:30:00,250.13999938964844,251.4499969482422,249.77999877929688,250.25999450683594,521014
2026-03-10 13:30:00,248.9199981689453,250.61000061035156,247.32000732421875,250.61000061035156,254473
2026-03-10 14:30:00,250.61000061035156,252.82470703125,250.5399932861328,252.75999450683594,192558
2026-03-10 15:30:00,252.72999572753906,253.41000366210938,252.1300048828125,252.22500610351562,246264
2026-03-10 16:30:00,252.32000732421875,254.61000061035156,252.27499389648438,254.5500030517578,224070
2026-03-10 17:30:00,254.49000549316406,254.4949951171875,250.88999938964844,251.94500732421875,281718
2026-03-10 18:30:00,251.97999572753906,252.49000549316406,251.38999938964844,251.4149932861328,230643
2026-03-10 19:30:00,251.39999389648438,251.77000427246094,250.8800048828125,251.125,285563
2026-03-11 13:30:00,250.07000732421875,251.3625030517578,247.88999938964844,248.42999267578125,199670
2026-03-11 14:30:00,248.33999633789062,249.8249969482422,246.91000366210938,247.49000549316406,250722
2026-03-11 15:30:00,247.66000366210938,247.85000610351562,246.4700927734375,246.89500427246094,192490
2026-03-11 16:30:00,246.89500427246094,248.17999267578125,246.89500427246094,248.1300048828125,129532
2026-03-11 17:30:00,248.1300048828125,248.27999877929688,247.12570190429688,247.9600067138672,142007
2026-03-11 18:30:00,247.9199981689453,248.14999389648438,247.1199951171875,247.33999633789062,139107
2026-03-11 19:30:00,247.3350067138672,247.57000732421875,246.25999450683594,246.89999389648438,384574
2026-03-12 13:30:00,244.24000549316406,245.86500549316406,242.8101043701172,242.8101043701172,346519
2026-03-12 14:30:00,242.9199981689453,243.6999969482422,242.4199981689453,242.7899932861328,305279
2026-03-12 15:30:00,242.7899932861328,243.52499389648438,241.6300048828125,242.23500061035156,241789
2026-03-12 16:30:00,242.24000549316406,242.55999755859375,240.69000244140625,242.125,348221
2026-03-12 17:30:00,242.11000061035156,242.92999267578125,241.55499267578125,241.64999389648438,313914
2026-03-12 18:30:00,241.63999938964844,241.97999572753906,241.0,241.25,323991
2026-03-12 19:30:00,241.25,241.4250030517578,238.82009887695312,239.4499969482422,553478
2026-03-13 13:30:00,240.85000610351562,241.82130432128906,237.39999389648438,238.2899932861328,473009
2026-03-13 14:30:00,238.39999389648438,239.46499633789062,237.98800659179688,238.110107421875,233560
2026-03-13 15:30:00,238.2100067138672,239.63999938964844,238.0,239.3699951171875,213034
2026-03-13 16:30:00,239.3699951171875,239.5399932861328,238.41000366210938,239.19000244140625,212729
2026-03-13 17:30:00,239.1750030517578,239.3800048828125,238.3699951171875,238.72000122070312,173852
2026-03-13 18:30:00,238.64999389648438,238.99000549316406,238.24000549316406,238.4199981689453,288272
2026-03-13 19:30:00,238.47000122070312,238.91000366210938,236.99000549316406,237.66000366210938,470097
2026-03-16 13:30:00,240.7100067138672,243.9499969482422,239.38499450683594,243.64999389648438,363402
2026-03-16 14:30:00,243.69000244140625,243.72999572753906,241.8000030517578,242.6199951171875,233727
2026-03-16 15:30:00,242.5800018310547,242.9199981689453,241.3800048828125,242.08999633789062,183732
2026-03-16 16:30:00,242.13999938964844,242.80999755859375,241.6699981689453,242.60000610351562,228205
2026-03-16 17:30:00,242.57000732421875,242.6999969482422,241.58009338378906,242.0399932861328,290359
2026-03-16 18:30:00,242.02000427246094,242.7899932861328,241.9499969482422,242.1750030517578,243406
2026-03-16 19:30:00,242.16000366210938,242.52999877929688,241.7899932861328,242.1199951171875,337021
2026-03-17 13:30:00,242.44000244140625,244.0,240.5601043701172,241.1300048828125,263951
2026-03-17 14:30:00,241.2100067138672,242.83999633789062,241.1699981689453,242.2899932861328,176469
2026-03-17 15:30:00,242.34500122070312,242.36480712890625,240.47000122070312,240.90499877929688,130621
2026-03-17 16:30:00,240.8300018310547,241.47000122070312,240.41380310058594,240.69000244140625,130998
2026-03-17 17:30:00,240.69500732421875,241.0399932861328,240.1999969482422,240.2550048828125,161768
2026-03-17 18:30:00,240.1999969482422,241.02999877929688,240.08999633789062,240.69500732421875,191516
2026-03-17 19:30:00,240.6300048828125,240.97999572753906,239.52000427246094,239.7899932861328,354769
2026-03-18 13:30:00,237.0800018310547,238.77999877929688,233.7100067138672,234.52499389648438,403030
2026-03-18 14:30:00,234.52499389648438,235.94320678710938,234.02000427246094,234.72999572753906,236343
2026-03-18 15:30:00,234.72999572753906,235.39219665527344,234.60000610351562,234.68499755859375,170881
2026-03-18 16:30:00,234.61000061035156,234.8699951171875,233.97000122070312,234.22000122070312,163442
2026-03-18 17:30:00,234.22999572753906,234.50990295410156,233.30999755859375,233.82000732421875,223832
2026-03-18 18:30:00,233.77000427246094,233.83990478515625,231.08999633789062,231.3300018310547,400618
2026-03-18 19:30:00,231.27999877929688,231.40499877929688,230.35000610351562,231.0800018310547,507652
2026-03-19 13:30:00,230.4600067138672,230.77000427246094,227.49000549316406,228.80999755859375,370342
2026-03-19 14:30:00,228.77999877929688,230.10000610351562,228.49000549316406,228.77000427246094,199972
2026-03-19 15:30:00,228.74000549316406,228.91000366210938,227.75999450683594,228.77000427246094,186290
2026-03-19 16:30:00,228.69000244140625,228.88999938964844,227.2899932861328,228.22000122070312,161429
2026-03-19 17:30:00,228.1699981689453,228.73558044433594,227.08999633789062,227.14999389648438,190684
2026-03-19 18:30:00,227.0800018310547,229.6699981689453,226.1649932861328,228.5500030517578,371840
2026-03-19 19:30:00,228.52000427246094,229.64999389648438,228.2899932861328,229.64999389648438,740565
2026-03-20 13:30:00,229.23500061035156,229.85890197753906,226.33999633789062,226.64999389648438,706813
2026-03-20 14:30:00,226.72000122070312,227.43499755859375,225.64999389648438,225.67010498046875,180688
2026-03-20 15:30:00,225.71530151367188,226.08999633789062,225.24000549316406,225.75,163053
2026-03-20 16:30:00,225.80499267578125,226.41000366210938,225.47000122070312,225.9199981689453,164515
2026-03-20 17:30:00,225.88999938964844,226.2550048828125,224.5500030517578,224.69000244140625,259744
2026-03-20 18:30:00,224.6999969482422,225.09500122070312,224.34010314941406,224.90249633789062,281199
2026-03-20 19:30:00,224.860107421875,225.52000427246094,224.14999389648438,224.67999267578125,550214
2026-03-23 13:30:00,231.55999755859375,236.6199951171875,230.16000366210938,235.9250030517578,1163352
2026-03-23 14:30:00,236.0,236.75,234.5225067138672,236.16000366210938,290310
2026-03-23 15:30:00,236.16000366210938,236.34500122070312,233.9199981689453,233.9499969482422,241998
2026-03-23 16:30:00,233.91000366210938,234.5500030517578,233.64999389648438,234.2949981689453,168186
2026-03-23 17:30:00,234.17999267578125,235.6699981689453,234.17999267578125,235.60499572753906,224024
2026-03-23 18:30:00,235.66000366210938,236.4499969482422,235.24000549316406,235.8000030517578,344230
2026-03-23 19:30:00,235.77999877929688,235.80999755859375,234.1699981689453,234.25,528456
2026-03-24 13:30:00,230.36000061035156,232.6300048828125,228.4499969482422,232.1060028076172,212781
2026-03-24 14:30:00,232.0,234.44000244140625,232.0,234.30999755859375,264937
2026-03-24 15:30:00,234.30999755859375,234.72999572753906,233.02999877929688,234.44500732421875,136485
2026-03-24 16:30:00,234.44500732421875,234.74000549316406,233.75999450683594,233.77999877929688,132113
2026-03-24 17:30:00,233.83999633789062,234.75,233.65499877929688,234.62510681152344,154816
2026-03-24 18:30:00,234.5399932861328,235.1699981689453,234.30999755859375,234.47999572753906,145574
2026-03-24 19:30:00,234.4499969482422,234.74000549316406,233.9499969482422,234.42999267578125,438729
2026-03-25 13:30:00,237.33999633789062,238.7899932861328,233.38009643554688,234.85499572753906,486696
2026-03-25 14:30:00,234.94000244140625,236.0,234.1999969482422,235.9499969482422,260309
2026-03-25 15:30:00,235.91000366210938,236.13999938964844,235.16000366210938,235.80499267578125,160682
2026-03-25 16:30:00,235.85000610351562,236.77000427246094,235.72000122070312,236.4600067138672,159472
2026-03-25 17:30:00,236.5299072265625,236.99000549316406,236.04660034179688,236.4499969482422,160594
2026-03-25 18:30:00,236.47000122070312,236.6199951171875,235.8699951171875,235.8699951171875,173873
2026-03-25 19:30:00,235.85000610351562,236.7899932861328,235.36000061035156,236.1699981689453,480629
2026-03-26 13:30:00,234.1699981689453,237.80499267578125,233.86500549316406,237.56500244140625,202546
2026-03-26 14:30:00,237.63999938964844,238.52499389648438,236.1999969482422,236.2100067138672,160102
2026-03-26 15:30:00,236.17999267578125,236.80999755859375,234.44000244140625,234.50999450683594,167218
2026-03-26 16:30:00,234.55499267578125,235.63999938964844,234.31500244140625,234.6999969482422,238304
2026-03-26 17:30:00,234.72999572753906,235.5500030517578,234.5500030517578,235.3800048828125,181939
2026-03-26 18:30:00,235.4499969482422,236.02000427246094,234.97000122070312,235.11000061035156,186272
2026-03-26 19:30:00,235.08999633789062,236.30999755859375,234.74000549316406,236.0399932861328,550891
2026-03-27 13:30:00,235.2899932861328,235.8800048828125,233.8800048828125,234.3000030517578,233162
2026-03-27 14:30:00,234.46499633789062,235.25,233.10000610351562,233.97000122070312,154090
2026-03-27 15:30:00,234.02000427246094,234.99000549316406,233.59500122070312,233.7100067138672,131761
2026-03-27 16:30:00,233.6699981689453,234.17999267578125,232.4149932861328,232.5399932861328,179230
2026-03-27 17:30:00,232.55999755859375,232.875,229.8699951171875,230.10000610351562,268810
2026-03-27 18:30:00,230.10000610351562,230.42999267578125,229.2899932861328,229.6300048828125,504712
2026-03-27 19:30:00,229.67999267578125,230.5,229.52999877929688,230.22999572753906,562954
2026-03-30 13:30:00,232.74000549316406,233.60000610351562,231.1199951171875,232.44000244140625,315557
2026-03-30 14:30:00,232.4499969482422,234.1699981689453,232.33999633789062,233.55999755859375,228048
2026-03-30 15:30:00,233.49000549316406,234.22000122070312,232.97000122070312,233.03500366210938,139135
2026-03-30 16:30:00,233.02999877929688,233.5500030517578,231.85000610351562,231.9499969482422,165851
2026-03-30 17:30:00,232.0198974609375,232.86000061035156,231.60000610351562,232.64999389648438,228331
2026-03-30 18:30:00,232.6699981689453,233.5,231.44000244140625,231.65499877929688,264556
2026-03-30 19:30:00,231.6199951171875,232.8000030517578,231.5500030517578,232.60000610351562,407306
2026-03-31 13:30:00,236.57000732421875,237.97999572753906,232.85000610351562,234.49000549316406,238247
2026-03-31 14:30:00,234.49000549316406,235.22000122070312,232.44000244140625,234.30999755859375,187053
2026-03-31 15:30:00,234.2100067138672,234.2449951171875,233.2899932861328,233.64999389648438,306507
2026-03-31 16:30:00,233.6300048828125,238.77499389648438,233.33999633789062,235.9499969482422,325780
2026-03-31 17:30:00,235.97000122070312,236.6699981689453,235.5399932861328,235.75999450683594,178788
2026-03-31 18:30:00,235.69000244140625,235.94000244140625,234.52000427246094,235.2899932861328,204709
2026-03-31 19:30:00,235.2899932861328,236.7100067138672,235.22999572753906,236.27999877929688,505833
2026-04-01 13:30:00,236.75999450683594,237.64990234375,235.05999755859375,237.375,473092
2026-04-01 14:30:00,237.375,238.4600067138672,237.10000610351562,237.57000732421875,213536
2026-04-01 15:30:00,237.5500030517578,237.8249969482422,236.5200958251953,236.5800018310547,120540
2026-04-01 16:30:00,236.5850067138672,237.58999633789062,236.32000732421875,237.36500549316406,165855
2026-04-01 17:30:00,237.36500549316406,237.39999389648438,236.0800018310547,236.14500427246094,156577
2026-04-01 18:30:00,236.14500427246094,236.6699981689453,235.75999450683594,236.41000366210938,243623
2026-04-01 19:30:00,236.36000061035156,236.64999389648438,235.7100067138672,235.9600067138672,416349
2026-04-02 13:30:00,231.1300048828125,232.22000122070312,228.0,230.5800018310547,415308
2026-04-02 14:30:00,230.6300048828125,235.5124969482422,230.60000610351562,231.89500427246094,381754
2026-04-02 15:30:00,231.89500427246094,232.25999450683594,229.32009887695312,229.5850067138672,224953
2026-04-02 16:30:00,229.42999267578125,230.24000549316406,228.9199981689453,229.8000030517578,209016
2026-04-02 17:30:00,229.8000030517578,230.6199951171875,229.30999755859375,230.17999267578125,204248
2026-04-02 18:30:00,230.14999389648438,231.5,230.14999389648438,231.38999938964844,337164
2026-04-02 19:30:00,231.3699951171875,232.11000061035156,231.0,231.0800018310547,473952
2026-04-06 13:30:00,229.8000030517578,232.89999389648438,228.8800048828125,232.48500061035156,216995
2026-04-06 14:30:00,232.47999572753906,234.02999877929688,231.8699951171875,233.9199981689453,209156
2026-04-06 15:30:00,233.92999267578125,235.0,233.77999877929688,234.50999450683594,224598
2026-04-06 16:30:00,234.64990234375,234.77999877929688,233.8699951171875,234.38909912109375,133288
2026-04-06 17:30:00,234.43499755859375,235.01499938964844,234.05999755859375,234.92999267578125,153568
2026-04-06 18:30:00,234.94000244140625,235.1300048828125,234.5,234.72000122070312,204737
2026-04-06 19:30:00,234.72999572753906,235.75999450683594,234.6300048828125,235.1999969482422,303261
2026-04-07 13:30:00,232.7899932861328,233.84500122070312,229.9199981689453,231.14549255371094,536654
2026-04-07 14:30:00,231.27499389648438,231.90499877929688,229.32000732421875,230.47500610351562,188161
2026-04-07 15:30:00,230.4600067138672,231.18499755859375,229.4600067138672,230.74000549316406,153889
2026-04-07 16:30:00,230.66000366210938,231.7799072265625,230.4499969482422,230.66000366210938,214946
2026-04-07 17:30:00,230.6300048828125,231.50999450683594,230.5399932861328,230.9499969482422,129027
2026-04-07 18:30:00,230.9199981689453,231.0399932861328,229.42999267578125,230.6925048828125,348649
2026-04-07 19:30:00,230.66000366210938,231.72999572753906,230.0399932861328,231.69000244140625,354560
2026-04-08 13:30:00,244.36000061035156,247.0,243.52999877929688,245.1999969482422,523032
2026-04-08 14:30:00,245.23500061035156,245.25999450683594,242.61000061035156,243.02000427246094,239016
2026-04-08 15:30:00,242.97500610351562,244.4250030517578,242.97000122070312,243.7899932861328,265163
2026-04-08 16:30:00,243.86500549316406,244.25,243.5,243.75,152954
2026-04-08 17:30:00,243.64500427246094,245.05999755859375,243.2550048828125,244.5,178504
2026-04-08 18:30:00,244.39999389648438,244.57000732421875,243.35000610351562,243.5500030517578,199850
2026-04-08 19:30:00,243.5500030517578,244.4550018310547,243.50999450683594,243.6699981689453,446582
2026-04-09 13:30:00,241.0,243.1999969482422,238.17999267578125,242.3000030517578,328612
2026-04-09 14:30:00,242.38999938964844,242.8800048828125,241.52999877929688,242.71499633789062,133864
2026-04-09 15:30:00,242.60000610351562,246.2449951171875,242.60000610351562,245.88999938964844,180968
2026-04-09 16:30:00,245.875,247.63999938964844,245.7301025390625,247.34500122070312,138904
2026-04-09 17:30:00,247.33999633789062,248.11500549316406,246.72500610351562,247.22000122070312,218648
2026-04-09 18:30:00,247.0850067138672,248.89999389648438,247.0399932861328,248.3300018310547,302592
2026-04-09 19:30:00,248.27999877929688,248.99000549316406,247.74000549316406,247.82000732421875,502918
2026-04-10 13:30:00,248.4600067138672,249.25,245.67999267578125,247.57000732421875,245263
2026-04-10 14:30:00,247.64999389648438,247.75,245.47000122070312,245.63999938964844,149703
2026-04-10 15:30:00,245.71499633789062,246.13999938964844,245.0399932861328,245.1999969482422,133160
2026-04-10 16:30:00,245.22500610351562,245.27000427246094,244.63319396972656,244.92999267578125,102540
2026-04-10 17:30:00,244.9149932861328,245.49000549316406,244.89999389648438,245.15499877929688,114450
2026-04-10 18:30:00,245.15499877929688,245.27999877929688,243.63999938964844,243.97999572753906,199920
2026-04-10 19:30:00,243.9250030517578,244.47999572753906,243.77000427246094,244.33999633789062,439229
2026-04-13 13:30:00,243.83999633789062,243.97000122070312,241.22999572753906,242.38499450683594,228166
2026-04-13 14:30:00,242.44000244140625,242.88499450683594,242.0,242.77000427246094,432702
2026-04-13 15:30:00,242.77000427246094,243.60000610351562,241.8000030517578,243.42999267578125,159753
2026-04-13 16:30:00,243.43499755859375,244.9600067138672,243.37049865722656,244.69000244140625,171107
2026-04-13 17:30:00,244.6999969482422,245.82000732421875,244.52999877929688,245.22909545898438,235793
2026-04-13 18:30:00,245.17999267578125,245.4499969482422,244.82000732421875,245.25,192385
2026-04-13 19:30:00,245.2899932861328,247.27499389648438,245.22999572753906,247.0500030517578,426647
2026-04-14 13:30:00,246.8800048828125,247.72999572753906,244.55909729003906,247.4600067138672,217528
2026-04-14 14:30:00,247.4550018310547,248.16990661621094,247.0749969482422,248.05999755859375,117818
2026-04-14 15:30:00,248.05999755859375,248.24000549316406,247.27000427246094,247.40499877929688,192776
2026-04-14 16:30:00,247.40499877929688,247.55499267578125,246.5399932861328,246.88499450683594,118861
2026-04-14 17:30:00,246.88499450683594,247.4600067138672,246.64999389648438,247.1999969482422,143899
2026-04-14 18:30:00,247.2050018310547,248.0399932861328,247.15499877929688,247.90499877929688,153253
2026-04-14 19:30:00,247.89500427246094,248.67999267578125,247.72000122070312,248.47000122070312,412924
2026-04-15 13:30:00,247.8000030517578,248.44000244140625,244.3000030517578,244.52000427246094,192911
2026-04-15 14:30:00,244.64999389648438,244.83999633789062,242.8699951171875,244.7550048828125,188385
2026-04-15 15:30:00,244.77000427246094,244.89999389648438,243.61000061035156,243.875,113401
2026-04-15 16:30:00,243.88499450683594,244.2899932861328,243.75999450683594,244.16000366210938,103392
2026-04-15 17:30:00,244.16000366210938,244.2100067138672,243.57000732421875,243.68484497070312,140224
2026-04-15 18:30:00,243.67999267578125,244.1699981689453,243.5301055908203,244.02850341796875,218613
2026-04-15 19:30:00,244.00999450683594,244.5,242.97500610351562,243.92999267578125,384892
2026-04-16 13:30:00,243.8300018310547,245.8000030517578,242.72999572753906,242.90499877929688,199093
2026-04-16 14:30:00,242.75,244.33999633789062,242.57009887695312,243.6649932861328,127416
2026-04-16 15:30:00,243.5500030517578,243.82000732421875,242.7899932861328,243.52999877929688,107280
2026-04-16 16:30:00,243.52999877929688,243.72999572753906,242.41000366210938,242.63999938964844,151164
2026-04-16 17:30:00,242.67999267578125,243.0175018310547,242.3300018310547,242.71499633789062,133636
2026-04-16 18:30:00,242.6999969482422,242.86000061035156,242.17999267578125,242.63999938964844,176231
2026-04-16 19:30:00,242.64999389648438,242.85000610351562,241.75999450683594,242.41000366210938,414009
2026-04-17 13:30:00,246.2899932861328,255.52000427246094,246.2899932861328,254.7449951171875,853242
2026-04-17 14:30:00,254.7449951171875,255.5050048828125,252.0500946044922,252.4600067138672,599783
2026-04-17 15:30:00,252.39999389648438,253.8300018310547,251.97000122070312,251.97000122070312,387820
2026-04-17 16:30:00,251.97000122070312,253.27000427246094,251.7550048828125,252.5449981689453,297437
2026-04-17 17:30:00,252.5449981689453,252.63999938964844,251.88999938964844,252.22999572753906,177951
2026-04-17 18:30:00,252.2899932861328,252.39500427246094,251.0399932861328,251.3800048828125,234119
2026-04-17 19:30:00,251.3800048828125,252.4499969482422,251.3000030517578,251.67999267578125,480988
2026-04-20 13:30:00,250.8000030517578,252.0,248.01010131835938,250.20550537109375,201971
2026-04-20 14:30:00,250.22500610351562,251.64720153808594,249.94000244140625,251.47000122070312,153665
2026-04-20 15:30:00,251.4199981689453,251.98989868164062,251.02999877929688,251.42759704589844,245706
2026-04-20 16:30:00,251.375,252.1300048828125,251.05499267578125,252.08999633789062,110937
2026-04-20 17:30:00,252.08999633789062,252.36830139160156,251.41000366210938,252.16000366210938,122291
2026-04-20 18:30:00,252.1699981689453,253.55999755859375,251.9600067138672,253.3925018310547,205709
2026-04-20 19:30:00,253.33999633789062,254.64999389648438,252.91000366210938,253.6199951171875,1000124
2026-04-21 13:30:00,254.1699981689453,257.1000061035156,253.4199981689453,255.22000122070312,355673
2026-04-21 14:30:00,255.3300018310547,255.8699951171875,253.75,253.9199981689453,298976
2026-04-21 15:30:00,254.0,254.60000610351562,253.3800048828125,253.58999633789062,194093
2026-04-21 16:30:00,253.61000061035156,253.72000122070312,251.360107421875,251.5850067138672,205315
2026-04-21 17:30:00,251.5850067138672,252.49000549316406,251.11000061035156,251.53500366210938,254246
2026-04-21 18:30:00,251.56500244140625,252.6999969482422,251.11000061035156,252.52999877929688,235869
2026-04-21 19:30:00,252.47000122070312,252.60000610351562,250.6699981689453,251.25999450683594,429154
2026-04-22 13:30:00,252.02000427246094,252.02000427246094,248.5500030517578,248.7449951171875,207776
2026-04-22 14:30:00,248.82192993164062,249.10899353027344,247.74440002441406,247.97500610351562,188634
2026-04-22 15:30:00,247.8800048828125,248.10000610351562,246.0800018310547,246.10000610351562,108598
2026-04-22 16:30:00,246.0850067138672,246.39500427246094,245.1199951171875,246.3000030517578,303139
2026-04-22 17:30:00,246.27999877929688,246.66000366210938,244.77349853515625,245.30499267578125,144650
2026-04-22 18:30:00,245.30499267578125,245.35000610351562,244.24000549316406,244.86000061035156,206217
2026-04-22 19:30:00,244.8699951171875,245.22000122070312,243.76280212402344,245.11500549316406,415619
2026-04-23 13:30:00,244.86000061035156,247.61500549316406,244.22999572753906,247.0800018310547,218909
2026-04-23 14:30:00,247.25,247.3800048828125,245.1699981689453,245.85000610351562,157959
2026-04-23 15:30:00,245.75,246.8000030517578,245.27000427246094,246.7100067138672,114149
2026-04-23 16:30:00,246.74000549316406,247.10000610351562,245.1300048828125,245.16749572753906,140012
2026-04-23 17:30:00,245.1699981689453,246.0,244.02000427246094,245.91000366210938,150683
2026-04-23 18:30:00,245.91000366210938,246.60899353027344,245.88999938964844,246.01620483398438,141843
2026-04-23 19:30:00,245.92999267578125,246.57000732421875,245.51100158691406,246.5399932861328,344950
2026-04-24 13:30:00,245.1300048828125,246.75,243.58999633789062,246.6750030517578,197478
2026-04-24 14:30:00,246.6649932861328,247.2698974609375,245.71009826660156,245.7899932861328,219649
2026-04-24 15:30:00,245.8083038330078,246.52999877929688,245.0800018310547,245.08999633789062,237414
2026-04-24 16:30:00,245.0800018310547,245.2716064453125,244.0399932861328,244.40499877929688,175166
2026-04-24 17:30:00,244.40499877929688,244.42880249023438,243.1300048828125,243.99000549316406,196396
2026-04-24 18:30:00,243.9600067138672,244.5,243.64999389648438,243.64999389648438,188359
2026-04-24 19:30:00,243.6199951171875,244.50999450683594,243.22000122070312,244.44000244140625,441193
2026-04-27 13:30:00,243.35000610351562,246.8800048828125,243.0,243.22000122070312,833642
2026-04-27 14:30:00,243.22000122070312,244.14999389648438,243.11000061035156,243.30999755859375,150306
2026-04-27 15:30:00,243.30999755859375,244.32000732421875,243.1300048828125,243.2100067138672,169828
2026-04-27 16:30:00,243.2050018310547,243.35000610351562,242.4149932861328,242.75,256852
2026-04-27 17:30:00,242.75,243.11990356445312,242.57000732421875,242.7550048828125,218208
2026-04-27 18:30:00,242.7550048828125,243.4199981689453,242.2100067138672,242.35000610351562,274890
2026-04-27 19:30:00,242.3000030517578,242.69000244140625,242.10000610351562,242.49000549316406,491295
2026-04-28 13:30:00,244.0500030517578,245.5,241.11500549316406,241.11500549316406,332741
2026-04-28 14:30:00,241.07460021972656,242.14500427246094,240.72000122070312,241.05999755859375,147174
2026-04-28 15:30:00,241.0800018310547,241.92999267578125,240.58999633789062,241.61500549316406,157116
2026-04-28 16:30:00,241.61500549316406,241.6699981689453,240.8000030517578,240.80999755859375,108913
2026-04-28 17:30:00,240.75999450683594,240.86000061035156,239.86000061035156,239.99000549316406,129025
2026-04-28 18:30:00,239.83999633789062,240.55499267578125,239.50999450683594,239.50999450683594,160266
2026-04-28 19:30:00,239.42999267578125,240.47000122070312,238.99000549316406,240.2899932861328,325848
2026-04-29 13:30:00,237.8800048828125,238.42999267578125,233.6699981689453,234.0399932861328,288173
2026-04-29 14:30:00,234.02000427246094,234.1300048828125,231.27000427246094,232.47000122070312,413123
2026-04-29 15:30:00,232.3699951171875,232.94000244140625,232.00999450683594,232.47000122070312,319090
2026-04-29 16:30:00,232.42999267578125,233.9199981689453,232.42999267578125,232.7550048828125,272323
2026-04-29 17:30:00,232.77000427246094,233.1999969482422,231.27000427246094,231.4600067138672,502469
2026-04-29 18:30:00,231.4600067138672,232.61000061035156,231.2899932861328,231.8800048828125,311948
2026-04-29 19:30:00,231.83999633789062,233.6699981689453,231.39999389648438,233.52000427246094,471286
2026-04-30 13:30:00,234.47999572753906,237.61849975585938,233.89999389648438,237.3524932861328,223773
2026-04-30 14:30:00,237.3249969482422,237.98989868164062,235.52000427246094,236.2449951171875,190718
2026-04-30 15:30:00,236.25,236.9600067138672,235.82000732421875,235.82000732421875,129037
2026-04-30 16:30:00,235.77999877929688,236.0399932861328,235.18499755859375,235.9499969482422,156030
2026-04-30 17:30:00,236.0,237.97999572753906,235.97500610351562,237.91000366210938,137718
2026-04-30 18:30:00,237.90499877929688,239.16000366210938,237.90499877929688,238.50999450683594,203674
2026-04-30 19:30:00,238.58999633789062,239.27000427246094,238.17999267578125,238.8000030517578,464372
2026-05-01 13:30:00,238.35000610351562,239.1649932861328,236.0,236.9600067138672,188064
2026-05-01 14:30:00,237.1300048828125,237.90530395507812,235.33999633789062,235.4600067138672,141998
2026-05-01 15:30:00,235.52000427246094,235.61000061035156,234.8000030517578,235.4199981689453,146784
2026-05-01 16:30:00,235.4199981689453,235.4199981689453,234.55999755859375,234.6750030517578,113693
2026-05-01 17:30:00,234.6750030517578,234.88999938964844,233.25999450683594,233.55999755859375,170266
2026-05-01 18:30:00,233.52499389648438,234.45309448242188,233.07000732421875,233.83999633789062,274622
2026-05-01 19:30:00,233.75999450683594,234.3800048828125,233.19000244140625,233.35000610351562,422996
2026-05-04 13:30:00,231.6300048828125,232.49000549316406,229.17100524902344,230.6699981689453,265325
2026-05-04 14:30:00,230.88999938964844,231.16000366210938,228.60000610351562,228.8699951171875,270653
2026-05-04 15:30:00,228.61500549316406,228.66000366210938,225.80999755859375,226.32000732421875,278349
2026-05-04 16:30:00,226.4199981689453,227.1199951171875,225.44000244140625,226.75999450683594,265169
2026-05-04 17:30:00,226.8000030517578,226.86000061035156,225.07000732421875,225.1999969482422,326453
2026-05-04 18:30:00,225.19500732421875,225.3249969482422,224.1300048828125,224.13999938964844,599254
2026-05-04 19:30:00,224.23500061035156,224.92999267578125,223.60000610351562,223.8000030517578,741029
2026-05-05 13:30:00,224.5,225.94000244140625,223.0,225.26499938964844,340311
2026-05-05 14:30:00,225.42999267578125,227.22000122070312,224.97000122070312,226.57000732421875,392176
2026-05-05 15:30:00,226.625,226.69979858398438,225.91000366210938,226.50999450683594,168234
2026-05-05 16:30:00,226.47000122070312,226.5399932861328,225.33009338378906,226.13999938964844,181043
2026-05-05 17:30:00,226.26499938964844,227.86500549316406,226.1999969482422,227.47000122070312,179652
2026-05-05 18:30:00,227.4199981689453,227.57000732421875,226.4600067138672,226.8300018310547,264349
2026-05-05 19:30:00,226.81500244140625,227.1999969482422,225.08999633789062,225.22000122070312,491536
2026-05-06 13:30:00,230.5050048828125,232.63999938964844,228.93499755859375,231.88499450683594,552205
2026-05-06 14:30:00,232.0850067138672,232.73500061035156,231.39010620117188,232.16000366210938,330747
2026-05-06 15:30:00,232.10499572753906,232.47000122070312,231.6300048828125,231.75999450683594,204518
2026-05-06 16:30:00,231.81500244140625,232.77999877929688,231.7100067138672,232.0800018310547,184953
2026-05-06 17:30:00,232.08999633789062,233.0,231.7100067138672,232.4875030517578,178969
2026-05-06 18:30:00,232.52999877929688,234.02999877929688,232.0800018310547,233.61500549316406,359971
2026-05-06 19:30:00,233.61500549316406,233.9199981689453,232.99000549316406,233.3699951171875,711013
2026-05-07 13:30:00,233.22000122070312,235.59500122070312,230.55999755859375,231.2050018310547,249089
2026-05-07 14:30:00,231.1699981689453,232.61500549316406,230.97999572753906,231.82000732421875,158909
2026-05-07 15:30:00,231.82000732421875,233.02000427246094,231.7550048828125,232.1999969482422,165439
2026-05-07 16:30:00,232.25999450683594,232.31089782714844,230.60000610351562,231.4600067138672,192033
2026-05-07 17:30:00,231.27000427246094,232.0399932861328,230.50999450683594,231.66000366210938,216238
2026-05-07 18:30:00,231.49000549316406,231.81500244140625,230.8000030517578,231.22999572753906,215863
2026-05-07 19:30:00,231.22999572753906,231.28500366210938,230.5449981689453,230.89999389648438,348290
2026-05-08 13:30:00,232.9600067138672,232.9600067138672,228.85690307617188,230.58999633789062,174090
2026-05-08 14:30:00,230.66000366210938,231.81500244140625,230.42999267578125,230.96499633789062,149818
2026-05-08 15:30:00,230.96499633789062,231.9499969482422,230.47000122070312,230.49000549316406,129198
2026-05-08 16:30:00,230.4550018310547,230.66250610351562,229.57000732421875,229.93299865722656,146333
2026-05-08 17:30:00,229.94000244140625,230.08990478515625,228.6999969482422,228.94000244140625,163167
2026-05-08 18:30:00,229.05999755859375,229.5399932861328,228.14999389648438,229.2449951171875,219083
2026-05-08 19:30:00,229.2449951171875,229.60499572753906,228.8903045654297,229.13999938964844,386902
2026-05-11 13:30:00,228.0,228.75,224.7949981689453,228.7050018310547,284810
2026-05-11 14:30:00,228.82000732421875,229.0,226.18499755859375,226.5449981689453,162524
2026-05-11 15:30:00,226.52999877929688,227.1999053955078,225.9949951171875,226.49000549316406,105485
2026-05-11 16:30:00,226.3699951171875,226.49000549316406,225.44009399414062,226.1649932861328,145706
2026-05-11 17:30:00,226.2050018310547,226.50999450683594,225.10000610351562,225.13999938964844,190129
2026-05-11 18:30:00,225.1199951171875,225.55999755859375,224.5,225.17999267578125,236473
2026-05-11 19:30:00,225.17999267578125,226.3699951171875,224.88499450683594,226.13999938964844,436099
2026-05-12 13:30:00,228.9600067138672,229.1002960205078,224.12649536132812,225.49000549316406,409592
2026-05-12 14:30:00,225.80999755859375,226.57000732421875,224.89999389648438,226.5050048828125,260451
2026-05-12 15:30:00,226.55999755859375,226.60000610351562,225.35000610351562,226.0449981689453,199282
2026-05-12 16:30:00,226.00999450683594,226.47000122070312,225.64999389648438,225.9949951171875,249068
2026-05-12 17:30:00,225.86557006835938,226.33999633789062,225.39999389648438,225.9600067138672,262468
2026-05-12 18:30:00,225.90049743652344,226.86000061035156,225.625,225.7050018310547,446793
2026-05-12 19:30:00,225.68499755859375,225.75999450683594,224.4199981689453,224.52000427246094,478559
2026-05-13 13:30:00,223.0,223.17999267578125,220.51499938964844,221.47000122070312,375042
2026-05-13 14:30:00,221.47999572753906,221.60000610351562,218.5399932861328,218.5399932861328,302258
2026-05-13 15:30:00,218.63999938964844,219.32000732421875,218.0850067138672,219.12010192871094,263773
2026-05-13 16:30:00,219.1300048828125,220.9199981689453,219.1300048828125,220.33999633789062,355481
2026-05-13 17:30:00,220.35670471191406,220.89999389648438,219.9199981689453,220.33999633789062,301956
2026-05-13 18:30:00,220.33999633789062,221.3699951171875,220.14999389648438,221.00999450683594,310251
2026-05-13 19:30:00,220.9499969482422,221.0500030517578,220.22000122070312,220.41000366210938,487655
2026-05-14 13:30:00,222.77999877929688,223.5800018310547,221.22999572753906,222.38999938964844,309516
2026-05-14 14:30:00,222.39999389648438,224.1999969482422,221.56939697265625,223.6999969482422,259464
2026-05-14 15:30:00,223.61000061035156,224.22000122070312,223.07000732421875,223.27000427246094,219618
2026-05-14 16:30:00,223.12010192871094,223.8000030517578,222.39999389648438,223.31500244140625,211314
2026-05-14 17:30:00,223.2899932861328,223.6300048828125,222.68499755859375,222.77000427246094,179644
2026-05-14 18:30:00,222.61000061035156,223.25,222.05999755859375,222.80999755859375,177047
2026-05-14 19:30:00,222.73500061035156,223.72000122070312,222.7050018310547,223.6999969482422,338026
2026-05-15 13:30:00,222.30999755859375,222.52000427246094,219.83999633789062,220.97000122070312,406376
2026-05-15 14:30:00,220.8699951171875,221.39999389648438,219.25,219.88999938964844,234950
2026-05-15 15:30:00,219.9199981689453,220.19000244140625,219.13999938964844,219.9149932861328,273808
2026-05-15 16:30:00,219.8699951171875,220.8300018310547,219.77499389648438,220.2449951171875,168640
2026-05-15 17:30:00,220.07000732421875,220.3800048828125,219.1300048828125,219.59500122070312,189038
2026-05-15 18:30:00,219.6300048828125,219.6750030517578,218.31500244140625,218.7615966796875,315736
2026-05-15 19:30:00,218.8300018310547,218.92999267578125,218.22000122070312,218.47000122070312,467847
2026-05-18 13:30:00,218.4199981689453,222.64999389648438,217.3300018310547,222.25999450683594,480278
2026-05-18 14:30:00,222.27499389648438,222.60000610351562,220.1999969482422,221.02000427246094,285667
2026-05-18 15:30:00,221.13999938964844,221.45799255371094,219.74000549316406,220.22999572753906,210755
2026-05-18 16:30:00,220.16000366210938,220.8000030517578,219.02999877929688,219.02999877929688,318837
2026-05-18 17:30:00,219.0800018310547,219.0800018310547,218.0,218.22999572753906,300148
2026-05-18 18:30:00,218.1571502685547,218.90499877929688,217.4199981689453,217.9199981689453,518327
2026-05-18 19:30:00,217.7899932861328,218.8350067138672,217.6699981689453,218.05999755859375,916626
2026-05-19 13:30:00,216.00999450683594,218.9199981689453,213.5,218.6699981689453,671533
2026-05-19 14:30:00,218.65499877929688,219.72000122070312,218.1300048828125,218.61000061035156,295609
2026-05-19 15:30:00,218.61000061035156,220.0500030517578,218.01010131835938,219.63499450683594,201207
2026-05-19 16:30:00,219.71499633789062,219.71499633789062,218.08999633789062,218.30999755859375,263547
2026-05-19 17:30:00,218.25,219.02000427246094,217.99000549316406,218.5399932861328,233627
2026-05-19 18:30:00,218.52000427246094,218.89999389648438,218.0399932861328,218.66000366210938,340677
2026-05-19 19:30:00,218.58999633789062,219.25,218.0,218.5,737911
2026-05-20 13:30:00,213.97999572753906,214.5,208.0,214.5,1573443
2026-05-20 14:30:00,214.51499938964844,218.98899841308594,214.3800048828125,217.5054931640625,662131
2026-05-20 15:30:00,217.52999877929688,219.0,216.88999938964844,217.98500061035156,472586
2026-05-20 16:30:00,217.90499877929688,220.6699981689453,217.69009399414062,219.8249969482422,368896
2026-05-20 17:30:00,219.7899932861328,220.32000732421875,218.8300018310547,219.66000366210938,580913
2026-05-20 18:30:00,219.64999389648438,221.5399932861328,219.6300048828125,219.99000549316406,586645
2026-05-20 19:30:00,220.02000427246094,221.42999267578125,220.02000427246094,221.1199951171875,860931
