Datetime,open,high,low,close,volume
2023-06-23 13:30:00,38.709999084472656,38.869998931884766,38.4900016784668,38.57500076293945,2663095
2023-06-23 14:30:00,38.57500076293945,38.63999938964844,38.35100173950195,38.47999954223633,2553168
2023-06-23 15:30:00,38.474998474121094,38.52000045776367,38.38999938964844,38.459999084472656,1604810
2023-06-23 16:30:00,38.46500015258789,38.47999954223633,38.3650016784668,38.4379997253418,1327290
2023-06-23 17:30:00,38.439998626708984,38.474998474121094,38.400001525878906,38.40999984741211,1454573
2023-06-23 18:30:00,38.40999984741211,38.415000915527344,38.279998779296875,38.32500076293945,2504292
2023-06-23 19:30:00,38.32659912109375,38.400001525878906,38.279998779296875,38.29999923706055,3045762
2023-06-26 13:30:00,37.01499938964844,37.04999923706055,36.23500061035156,36.429901123046875,18030941
2023-06-26 14:30:00,36.41999816894531,36.59000015258789,36.15999984741211,36.59000015258789,9410931
2023-06-26 15:30:00,36.59000015258789,37.0099983215332,36.52000045776367,37.005001068115234,6505302
2023-06-26 16:30:00,37.005001068115234,37.02000045776367,36.712501525878906,36.814998626708984,3762267
2023-06-26 17:30:00,36.814998626708984,36.904998779296875,36.7599983215332,36.849998474121094,3358827
2023-06-26 18:30:00,36.85499954223633,37.005001068115234,36.79999923706055,36.95500183105469,4308809
2023-06-26 19:30:00,36.95500183105469,37.0099983215332,36.8849983215332,36.88999938964844,5877583
2023-06-27 13:30:00,36.959999084472656,37.0,36.369998931884766,36.6150016784668,6103973
2023-06-27 14:30:00,36.61949920654297,36.810001373291016,36.60499954223633,36.65999984741211,3190805
2023-06-27 15:30:00,36.65999984741211,36.66999816894531,36.5,36.560001373291016,3589542
2023-06-27 16:30:00,36.560001373291016,36.630001068115234,36.459999084472656,36.48350143432617,3123911
2023-06-27 17:30:00,36.48500061035156,36.5,36.36000061035156,36.369998931884766,3537835
2023-06-27 18:30:00,36.3650016784668,36.45000076293945,36.279998779296875,36.392398834228516,3508305
2023-06-27 19:30:00,36.39500045776367,36.459999084472656,36.369998931884766,36.41999816894531,4496881
2023-06-28 13:30:00,36.5,36.540000915527344,36.13999938964844,36.154998779296875,4511874
2023-06-28 14:30:00,36.154998779296875,36.31999969482422,36.03340148925781,36.30500030517578,5720729
2023-06-28 15:30:00,36.310001373291016,36.3650016784668,36.21500015258789,36.349998474121094,3120825
2023-06-28 16:30:00,36.349998474121094,36.36000061035156,36.26499938964844,36.310001373291016,2161336
2023-06-28 17:30:00,36.30500030517578,36.380001068115234,36.26499938964844,36.345001220703125,2361665
2023-06-28 18:30:00,36.34000015258789,36.400001525878906,36.2599983215332,36.27000045776367,2869290
2023-06-28 19:30:00,36.26499938964844,36.31999969482422,36.189998626708984,36.30500030517578,5842765
2023-06-29 13:30:00,35.9900016784668,36.13999938964844,35.7599983215332,36.119998931884766,6308157
2023-06-29 14:30:00,36.119998931884766,36.220001220703125,36.0,36.17499923706055,2803937
2023-06-29 15:30:00,36.17499923706055,36.19499969482422,36.02000045776367,36.14500045776367,2549971
2023-06-29 16:30:00,36.14500045776367,36.189998626708984,36.04999923706055,36.1150016784668,1713958
2023-06-29 17:30:00,36.1150016784668,36.220001220703125,36.02000045776367,36.029998779296875,2866004
2023-06-29 18:30:00,36.029998779296875,36.084999084472656,35.970001220703125,36.04499816894531,3128550
2023-06-29 19:30:00,36.04499816894531,36.130001068115234,36.02000045776367,36.130001068115234,4093899
2023-06-30 13:30:00,36.209999084472656,36.40999984741211,36.13999938964844,36.279998779296875,3703397
2023-06-30 14:30:00,36.279998779296875,36.29999923706055,36.13999938964844,36.279998779296875,2737287
2023-06-30 15:30:00,36.28499984741211,36.435001373291016,36.26169967651367,36.43000030517578,2037202
2023-06-30 16:30:00,36.42499923706055,36.61000061035156,36.400001525878906,36.61000061035156,3299225
2023-06-30 17:30:00,36.60499954223633,36.67499923706055,36.5,36.6150016784668,4847733
2023-06-30 18:30:00,36.6150016784668,36.66999816894531,36.55500030517578,36.625,2919366
2023-06-30 19:30:00,36.625,36.75,36.599998474121094,36.66999816894531,4549001
2023-07-03 13:30:00,36.5,36.709999084472656,36.349998474121094,36.5099983215332,4983113
2023-07-03 14:30:00,36.5099983215332,36.71500015258789,36.5,36.63119888305664,3419840
2023-07-03 15:30:00,36.6349983215332,36.744998931884766,36.59000015258789,36.68000030517578,1936813
2023-07-05 13:30:00,36.560001373291016,36.79999923706055,36.5099983215332,36.75,3699581
2023-07-05 14:30:00,36.755001068115234,37.02000045776367,36.68000030517578,36.939998626708984,2940488
2023-07-05 15:30:00,36.9379997253418,36.970001220703125,36.72999954223633,36.7400016784668,2220600
2023-07-05 16:30:00,36.755001068115234,36.81999969482422,36.560001373291016,36.59000015258789,2437897
2023-07-05 17:30:00,36.599998474121094,36.61000061035156,36.459999084472656,36.5099983215332,2615339
2023-07-05 18:30:00,36.505001068115234,36.540000915527344,36.400001525878906,36.44499969482422,3162976
2023-07-05 19:30:00,36.44499969482422,36.5,36.38999938964844,36.459999084472656,4143272
2023-07-06 13:30:00,36.20000076293945,36.27000045776367,35.915000915527344,35.92499923706055,4402323
2023-07-06 14:30:00,35.91999816894531,35.94990158081055,35.76499938964844,35.82500076293945,3423742
2023-07-06 15:30:00,35.82419967651367,35.970001220703125,35.810001373291016,35.89500045776367,2567733
2023-07-06 16:30:00,35.899898529052734,35.900001525878906,35.81999969482422,35.834999084472656,2877852
2023-07-06 17:30:00,35.834999084472656,35.90999984741211,35.81999969482422,35.84000015258789,1807233
2023-07-06 18:30:00,35.849998474121094,35.86000061035156,35.66999816894531,35.71500015258789,5300566
2023-07-06 19:30:00,35.709999084472656,35.75,35.619998931884766,35.63999938964844,5086737
2023-07-07 13:30:00,35.52000045776367,35.70000076293945,35.349998474121094,35.57500076293945,4598352
2023-07-07 14:30:00,35.57849884033203,35.68000030517578,35.52000045776367,35.65999984741211,2355022
2023-07-07 15:30:00,35.654998779296875,35.724998474121094,35.560001373291016,35.630001068115234,2596095
2023-07-07 16:30:00,35.625,35.77000045776367,35.595001220703125,35.7400016784668,2067767
2023-07-07 17:30:00,35.75,35.75,35.61000061035156,35.709999084472656,1902751
2023-07-07 18:30:00,35.70500183105469,35.709999084472656,35.560001373291016,35.564998626708984,2258449
2023-07-07 19:30:00,35.564998626708984,35.61000061035156,35.47999954223633,35.529998779296875,3973179
2023-07-10 13:30:00,35.56999969482422,36.0099983215332,35.54010009765625,35.74489974975586,3943523
2023-07-10 14:30:00,35.7400016784668,35.77000045776367,35.625,35.66999816894531,1851958
2023-07-10 15:30:00,35.67499923706055,35.70000076293945,35.599998474121094,35.637699127197266,1924673
2023-07-10 16:30:00,35.63999938964844,35.689998626708984,35.58000183105469,35.60499954223633,1718502
2023-07-10 17:30:00,35.60499954223633,35.650001525878906,35.56999969482422,35.60499954223633,1905752
2023-07-10 18:30:00,35.61000061035156,35.630001068115234,35.56999969482422,35.61539840698242,1542263
2023-07-10 19:30:00,35.619998931884766,35.68000030517578,35.56999969482422,35.68000030517578,2771902
2023-07-11 13:30:00,35.63999938964844,35.935001373291016,35.6150016784668,35.88999938964844,2730386
2023-07-11 14:30:00,35.8849983215332,35.95000076293945,35.75,35.86859893798828,2583461
2023-07-11 15:30:00,35.86980056762695,36.029998779296875,35.81999969482422,36.0099983215332,2033384
2023-07-11 16:30:00,36.0099983215332,36.040000915527344,35.83000183105469,35.875,1981374
2023-07-11 17:30:00,35.880001068115234,35.970001220703125,35.86000061035156,35.939998626708984,1567464
2023-07-11 18:30:00,35.939998626708984,35.939998626708984,35.880001068115234,35.8849983215332,1483445
2023-07-11 19:30:00,35.8849983215332,36.02000045776367,35.83000183105469,36.02000045776367,2699300
2023-07-12 13:30:00,36.20000076293945,36.220001220703125,35.994998931884766,36.154998779296875,3649310
2023-07-12 14:30:00,36.150001525878906,36.25,36.099998474121094,36.150001525878906,2086093
2023-07-12 15:30:00,36.150001525878906,36.189998626708984,36.06999969482422,36.10499954223633,1798069
2023-07-12 16:30:00,36.099998474121094,36.189998626708984,36.02000045776367,36.03499984741211,1957624
2023-07-12 17:30:00,36.03499984741211,36.119998931884766,35.99409866333008,36.095001220703125,1591197
2023-07-12 18:30:00,36.095001220703125,36.099998474121094,35.91999816894531,35.935001373291016,1754495
2023-07-12 19:30:00,35.935001373291016,35.9900016784668,35.93000030517578,35.9900016784668,1834668
2023-07-13 13:30:00,36.0099983215332,36.36000061035156,35.939998626708984,36.29999923706055,3467025
2023-07-13 14:30:00,36.29999923706055,36.34000015258789,36.13999938964844,36.165000915527344,1967508
2023-07-13 15:30:00,36.16999816894531,36.25,36.08000183105469,36.095699310302734,1752306
2023-07-13 16:30:00,36.09410095214844,36.15999984741211,36.02000045776367,36.025001525878906,1394420
2023-07-13 17:30:00,36.02000045776367,36.0260009765625,35.94499969482422,35.95009994506836,1803090
2023-07-13 18:30:00,35.95500183105469,36.040000915527344,35.91999816894531,36.025001525878906,2154076
2023-07-13 19:30:00,36.02000045776367,36.08000183105469,36.02000045776367,36.05500030517578,1898492
2023-07-14 13:30:00,36.29999923706055,36.3650016784668,36.005001068115234,36.1349983215332,3558257
2023-07-14 14:30:00,36.137699127197266,36.29999923706055,36.130001068115234,36.275001525878906,2324527
2023-07-14 15:30:00,36.27799987792969,36.29999923706055,36.15999984741211,36.220001220703125,1594996
2023-07-14 16:30:00,36.220001220703125,36.290000915527344,36.20000076293945,36.255001068115234,1221501
2023-07-14 17:30:00,36.25659942626953,36.470001220703125,36.244998931884766,36.46500015258789,2074519
2023-07-14 18:30:00,36.46500015258789,36.4900016784668,36.380001068115234,36.43000030517578,2091827
2023-07-14 19:30:00,36.435001373291016,36.439998626708984,36.2599983215332,36.33000183105469,2019267
2023-07-17 13:30:00,36.119998931884766,36.119998931884766,35.779998779296875,36.016998291015625,4089824
2023-07-17 14:30:00,36.01499938964844,36.05500030517578,35.900001525878906,35.90999984741211,2188745
2023-07-17 15:30:00,35.904998779296875,35.9474983215332,35.83000183105469,35.880001068115234,2808205
2023-07-17 16:30:00,35.880001068115234,35.970001220703125,35.869998931884766,35.92340087890625,2136079
2023-07-17 17:30:00,35.92499923706055,35.970001220703125,35.88999938964844,35.96989822387695,2032255
2023-07-17 18:30:00,35.96500015258789,36.06999969482422,35.96500015258789,36.05500030517578,1894794
2023-07-17 19:30:00,36.05500030517578,36.060001373291016,35.84000015258789,35.869998931884766,3446283
2023-07-18 13:30:00,35.91999816894531,36.380001068115234,35.87919998168945,36.28670120239258,4409611
2023-07-18 14:30:00,36.28499984741211,36.47999954223633,36.22999954223633,36.369998931884766,3072099
2023-07-18 15:30:00,36.375,36.380001068115234,36.2599983215332,36.28499984741211,2815368
2023-07-18 16:30:00,36.279998779296875,36.290000915527344,36.130001068115234,36.18989944458008,1829839
2023-07-18 17:30:00,36.18000030517578,36.209999084472656,36.10499954223633,36.154998779296875,1387672
2023-07-18 18:30:00,36.15999984741211,36.22999954223633,36.1150016784668,36.2140998840332,1625524
2023-07-18 19:30:00,36.21500015258789,36.31999969482422,36.20500183105469,36.25,3211424
2023-07-19 13:30:00,36.34000015258789,36.63629913330078,36.20500183105469,36.52000045776367,4281851
2023-07-19 14:30:00,36.529998779296875,36.540000915527344,36.369998931884766,36.415000915527344,1678249
2023-07-19 15:30:00,36.415000915527344,36.65999984741211,36.40999984741211,36.63999938964844,1942702
2023-07-19 16:30:00,36.64500045776367,36.70000076293945,36.57500076293945,36.69499969482422,1383141
2023-07-19 17:30:00,36.69990158081055,36.70000076293945,36.525001525878906,36.55500030517578,1095697
2023-07-19 18:30:00,36.55350112915039,36.61000061035156,36.45000076293945,36.4552001953125,1605382
2023-07-19 19:30:00,36.45500183105469,36.5,36.41999816894531,36.43000030517578,2265873
2023-07-20 13:30:00,36.43000030517578,36.72999954223633,36.36000061035156,36.70000076293945,4559110
2023-07-20 14:30:00,36.70500183105469,36.93000030517578,36.68000030517578,36.80500030517578,2944592
2023-07-20 15:30:00,36.810001373291016,37.06999969482422,36.790000915527344,37.036598205566406,2723708
2023-07-20 16:30:00,37.03010177612305,37.04999923706055,36.869998931884766,36.935001373291016,1947704
2023-07-20 17:30:00,36.938499450683594,36.97999954223633,36.849998474121094,36.875,1665048
2023-07-20 18:30:00,36.875,37.0099983215332,36.869998931884766,36.89500045776367,2370666
2023-07-20 19:30:00,36.900001525878906,36.90999984741211,36.75,36.77000045776367,3154833
2023-07-21 13:30:00,36.79999923706055,37.09000015258789,36.79499816894531,37.08000183105469,3196524
2023-07-21 14:30:00,37.084999084472656,37.33000183105469,37.02000045776367,37.314998626708984,2958006
2023-07-21 15:30:00,37.310001373291016,37.38999938964844,37.209999084472656,37.34749984741211,2760934
2023-07-21 16:30:00,37.345001220703125,37.36000061035156,37.17499923706055,37.22999954223633,1708721
2023-07-21 17:30:00,37.2322998046875,37.29999923706055,37.16999816894531,37.24660110473633,2278444
2023-07-21 18:30:00,37.244998931884766,37.38999938964844,37.2400016784668,37.34000015258789,2173171
2023-07-21 19:30:00,37.33000183105469,37.43000030517578,37.29999923706055,37.400001525878906,3511647
2023-07-24 13:30:00,37.40999984741211,37.79999923706055,37.369998931884766,37.65999984741211,4268906
2023-07-24 14:30:00,37.665000915527344,37.75,37.5099983215332,37.6349983215332,3046876
2023-07-24 15:30:00,37.63990020751953,37.72999954223633,37.58000183105469,37.6245002746582,2140174
2023-07-24 16:30:00,37.625,37.68000030517578,37.58000183105469,37.618099212646484,1200639
2023-07-24 17:30:00,37.6150016784668,37.65999984741211,37.564998626708984,37.625,1426802
2023-07-24 18:30:00,37.619998931884766,37.650001525878906,37.4900016784668,37.4900016784668,1666807
2023-07-24 19:30:00,37.49580001831055,37.56999969482422,37.470001220703125,37.5099983215332,2790659
2023-07-25 13:30:00,37.400001525878906,37.65999984741211,37.279998779296875,37.63999938964844,3686866
2023-07-25 14:30:00,37.63999938964844,37.720001220703125,37.415000915527344,37.43000030517578,2133502
2023-07-25 15:30:00,37.435001373291016,37.459999084472656,37.349998474121094,37.369998931884766,2676527
2023-07-25 16:30:00,37.369998931884766,37.38999938964844,37.310001373291016,37.334999084472656,1693373
2023-07-25 17:30:00,37.334999084472656,37.38999938964844,37.31999969482422,37.33000183105469,1524739
2023-07-25 18:30:00,37.33000183105469,37.369998931884766,37.18000030517578,37.18000030517578,2462620
2023-07-25 19:30:00,37.18000030517578,37.18519973754883,37.04499816894531,37.060001373291016,3354041
2023-07-26 13:30:00,36.869998931884766,37.1150016784668,36.7599983215332,37.113399505615234,3664430
2023-07-26 14:30:00,37.11000061035156,37.25,37.029998779296875,37.17499923706055,2415658
2023-07-26 15:30:00,37.18000030517578,37.249900817871094,37.08000183105469,37.22999954223633,2358692
2023-07-26 16:30:00,37.23500061035156,37.279998779296875,37.150001525878906,37.17499923706055,1670029
2023-07-26 17:30:00,37.17319869995117,37.2599983215332,37.130001068115234,37.224998474121094,1639044
2023-07-26 18:30:00,37.224998474121094,37.345001220703125,37.099998474121094,37.154998779296875,3328671
2023-07-26 19:30:00,37.154998779296875,37.220001220703125,37.08000183105469,37.220001220703125,3351211
2023-07-27 13:30:00,36.849998474121094,37.0099983215332,36.63999938964844,36.69499969482422,3463127
2023-07-27 14:30:00,36.69499969482422,36.72999954223633,36.57500076293945,36.650001525878906,2423103
2023-07-27 15:30:00,36.64500045776367,36.689998626708984,36.54999923706055,36.58000183105469,1864789
2023-07-27 16:30:00,36.580101013183594,36.59000015258789,36.45000076293945,36.470001220703125,2354740
2023-07-27 17:30:00,36.459999084472656,36.47999954223633,36.18000030517578,36.25,3193335
2023-07-27 18:30:00,36.25,36.32500076293945,36.209999084472656,36.26499938964844,2682002
2023-07-27 19:30:00,36.26499938964844,36.279998779296875,36.189998626708984,36.20500183105469,3437321
2023-07-28 13:30:00,36.349998474121094,36.45000076293945,36.209999084472656,36.2599983215332,3181383
2023-07-28 14:30:00,36.255001068115234,36.34000015258789,36.209999084472656,36.334999084472656,2388431
2023-07-28 15:30:00,36.34000015258789,36.380001068115234,36.209999084472656,36.275001525878906,2253303
2023-07-28 16:30:00,36.275001525878906,36.29499816894531,36.130001068115234,36.135501861572266,1558951
2023-07-28 17:30:00,36.130001068115234,36.165000915527344,36.040000915527344,36.1150016784668,2159543
2023-07-28 18:30:00,36.1150016784668,36.20000076293945,36.02000045776367,36.185001373291016,3074874
2023-07-28 19:30:00,36.18000030517578,36.189998626708984,36.029998779296875,36.060001373291016,4596397
2023-07-31 13:30:00,36.18000030517578,36.189998626708984,35.959999084472656,36.03499984741211,4995281
2023-07-31 14:30:00,36.03499984741211,36.09000015258789,35.91999816894531,36.01499938964844,5695513
2023-07-31 15:30:00,36.02000045776367,36.04999923706055,35.95000076293945,36.02000045776367,2841752
2023-07-31 16:30:00,36.01499938964844,36.029998779296875,35.93000030517578,35.93000030517578,4035823
2023-07-31 17:30:00,35.938201904296875,36.040000915527344,35.93000030517578,35.95500183105469,4075872
2023-07-31 18:30:00,35.95439910888672,36.0099983215332,35.939998626708984,35.994998931884766,3499105
2023-07-31 19:30:00,35.994598388671875,36.060001373291016,35.97999954223633,36.060001373291016,5272344
2023-08-01 13:30:00,35.880001068115234,36.91999816894531,35.77000045776367,36.244998931884766,10730483
2023-08-01 14:30:00,36.2411994934082,36.61000061035156,36.2400016784668,36.28499984741211,4350602
2023-08-01 15:30:00,36.28499984741211,36.28499984741211,35.7599983215332,35.79999923706055,7644696
2023-08-01 16:30:00,35.79999923706055,36.029998779296875,35.7599983215332,35.85499954223633,2584821
2023-08-01 17:30:00,35.85499954223633,35.8650016784668,35.5,35.53499984741211,3497010
2023-08-01 18:30:00,35.53010177612305,35.67620086669922,35.5099983215332,35.525001525878906,2923582
2023-08-01 19:30:00,35.529998779296875,35.630001068115234,35.369998931884766,35.630001068115234,4964410
2023-08-02 13:30:00,35.630001068115234,35.849998474121094,35.380001068115234,35.45000076293945,6106594
2023-08-02 14:30:00,35.44499969482422,35.7599983215332,35.43000030517578,35.6349983215332,4131549
2023-08-02 15:30:00,35.6349983215332,35.81999969482422,35.53499984741211,35.77750015258789,3050483
2023-08-02 16:30:00,35.779998779296875,35.8849983215332,35.709999084472656,35.76499938964844,2348339
2023-08-02 17:30:00,35.7599983215332,35.810001373291016,35.599998474121094,35.61000061035156,4773505
2023-08-02 18:30:00,35.61000061035156,35.619998931884766,35.3650016784668,35.369998931884766,3652981
2023-08-02 19:30:00,35.380001068115234,35.45000076293945,35.275001525878906,35.345001220703125,6552461
2023-08-03 13:30:00,35.16999816894531,35.2400016784668,34.970001220703125,35.0,5680771
2023-08-03 14:30:00,35.0,35.279998779296875,34.91999816894531,35.266300201416016,3334195
2023-08-03 15:30:00,35.27000045776367,35.27000045776367,35.08000183105469,35.10499954223633,2333159
2023-08-03 16:30:00,35.109901428222656,35.130001068115234,35.0,35.060001373291016,2956150
2023-08-03 17:30:00,35.05500030517578,35.1150016784668,34.9900016784668,35.095001220703125,1581970
2023-08-03 18:30:00,35.095001220703125,35.099998474121094,34.97999954223633,35.060001373291016,2962101
2023-08-03 19:30:00,35.05099868774414,35.055301666259766,34.97999954223633,35.0,3191631
2023-08-04 13:30:00,34.75,35.34000015258789,34.654998779296875,35.20000076293945,6373746
2023-08-04 14:30:00,35.203399658203125,35.29999923706055,35.150001525878906,35.244300842285156,2602092
2023-08-04 15:30:00,35.2400016784668,35.27000045776367,35.04090118408203,35.095001220703125,2292690
2023-08-04 16:30:00,35.099998474121094,35.19499969482422,35.04499816894531,35.09590148925781,1683019
2023-08-04 17:30:00,35.095001220703125,35.13999938964844,34.88999938964844,34.899898529052734,2352487
2023-08-04 18:30:00,34.89500045776367,34.97999954223633,34.88999938964844,34.935001373291016,2748168
2023-08-04 19:30:00,34.935001373291016,35.040000915527344,34.900001525878906,35.040000915527344,4623495
2023-08-07 13:30:00,35.0099983215332,35.17150115966797,34.900001525878906,35.11000061035156,4965426
2023-08-07 14:30:00,35.1150016784668,35.13999938964844,34.9900016784668,35.03499984741211,2285732
2023-08-07 15:30:00,35.040000915527344,35.11000061035156,34.939998626708984,35.099998474121094,2133139
2023-08-07 16:30:00,35.0974006652832,35.41999816894531,35.04999923706055,35.41999816894531,6523686
2023-08-07 17:30:00,35.41999816894531,35.75,35.40999984741211,35.724998474121094,4146871
2023-08-07 18:30:00,35.72999954223633,35.85499954223633,35.650001525878906,35.654998779296875,3167078
2023-08-07 19:30:00,35.654998779296875,35.7400016784668,35.63999938964844,35.68000030517578,4267682
2023-08-08 13:30:00,36.25,36.35499954223633,35.525001525878906,35.55500030517578,6681954
2023-08-08 14:30:00,35.54999923706055,35.755699157714844,35.45000076293945,35.544498443603516,3329628
2023-08-08 15:30:00,35.54499816894531,35.709999084472656,35.38999938964844,35.66230010986328,2408780
2023-08-08 16:30:00,35.664798736572266,35.72999954223633,35.404998779296875,35.43000030517578,1955012
2023-08-08 17:30:00,35.43000030517578,35.54999923706055,35.404998779296875,35.505001068115234,2068825
2023-08-08 18:30:00,35.505001068115234,35.54499816894531,35.45000076293945,35.53499984741211,2295265
2023-08-08 19:30:00,35.53810119628906,35.650001525878906,35.47999954223633,35.625,3520558
2023-08-09 13:30:00,35.599998474121094,35.97999954223633,35.5099983215332,35.845001220703125,2743782
2023-08-09 14:30:00,35.84000015258789,36.060001373291016,35.810001373291016,35.82500076293945,2344759
2023-08-09 15:30:00,35.83000183105469,35.86000061035156,35.689998626708984,35.814998626708984,1731712
2023-08-09 16:30:00,35.814998626708984,36.040000915527344,35.810001373291016,35.96500015258789,1846178
2023-08-09 17:30:00,35.970001220703125,36.0099983215332,35.939998626708984,35.96500015258789,1441127
2023-08-09 18:30:00,35.970001220703125,36.02000045776367,35.942501068115234,35.970001220703125,1763111
2023-08-09 19:30:00,35.974998474121094,35.97990036010742,35.83000183105469,35.86000061035156,2766729
2023-08-10 13:30:00,35.81999969482422,36.09000015258789,35.81999969482422,35.99259948730469,2539418
2023-08-10 14:30:00,35.994998931884766,36.02000045776367,35.81999969482422,35.97999954223633,2092779
2023-08-10 15:30:00,35.98500061035156,36.029998779296875,35.880001068115234,35.900001525878906,1884819
2023-08-10 16:30:00,35.900001525878906,35.95000076293945,35.70000076293945,35.709999084472656,1998238
2023-08-10 17:30:00,35.709999084472656,35.779998779296875,35.63999938964844,35.69499969482422,1771582
2023-08-10 18:30:00,35.689998626708984,35.849998474121094,35.65999984741211,35.81060028076172,1835577
2023-08-10 19:30:00,35.810001373291016,35.810001373291016,35.595001220703125,35.7400016784668,2505577
2023-08-11 13:30:00,35.619998931884766,36.099998474121094,35.59000015258789,36.040000915527344,3705186
2023-08-11 14:30:00,36.03499984741211,36.279998779296875,36.029998779296875,36.11000061035156,2653761
2023-08-11 15:30:00,36.099998474121094,36.119998931884766,36.0099983215332,36.010101318359375,1291607
2023-08-11 16:30:00,36.01380157470703,36.04999923706055,35.970001220703125,36.04499816894531,1179256
2023-08-11 17:30:00,36.04499816894531,36.150001525878906,36.040000915527344,36.14500045776367,1182128
2023-08-11 18:30:00,36.150001525878906,36.165000915527344,36.064300537109375,36.095001220703125,1561316
2023-08-11 19:30:00,36.095001220703125,36.10749816894531,36.00339889526367,36.060001373291016,2541877
2023-08-14 13:30:00,35.81999969482422,36.47999954223633,35.81999969482422,36.39619827270508,4601977
2023-08-14 14:30:00,36.400001525878906,36.5099983215332,36.27000045776367,36.369998931884766,2451439
2023-08-14 15:30:00,36.36000061035156,36.369998931884766,36.16999816894531,36.23500061035156,1824513
2023-08-14 16:30:00,36.2400016784668,36.27000045776367,36.16999816894531,36.18199920654297,1090164
2023-08-14 17:30:00,36.189998626708984,36.224998474121094,36.130001068115234,36.18659973144531,1617668
2023-08-14 18:30:00,36.185001373291016,36.31999969482422,36.18479919433594,36.28499984741211,1661396
2023-08-14 19:30:00,36.28499984741211,36.290000915527344,36.029998779296875,36.084999084472656,3686226
2023-08-15 13:30:00,35.880001068115234,35.90999984741211,35.560001373291016,35.757598876953125,3264029
2023-08-15 14:30:00,35.755001068115234,35.810001373291016,35.59000015258789,35.63999938964844,2359923
2023-08-15 15:30:00,35.63999938964844,35.689998626708984,35.540000915527344,35.58000183105469,1652056
2023-08-15 16:30:00,35.57500076293945,35.68000030517578,35.540000915527344,35.67499923706055,1633723
2023-08-15 17:30:00,35.68000030517578,35.70000076293945,35.56999969482422,35.584999084472656,1016754
2023-08-15 18:30:00,35.584999084472656,35.63999938964844,35.439998626708984,35.44990158081055,1823324
2023-08-15 19:30:00,35.439998626708984,35.470001220703125,35.36000061035156,35.3849983215332,3353147
2023-08-16 13:30:00,35.13999938964844,35.349998474121094,34.994998931884766,35.334999084472656,3328287
2023-08-16 14:30:00,35.34000015258789,35.41999816894531,35.2400016784668,35.334999084472656,1592383
2023-08-16 15:30:00,35.33409881591797,35.40999984741211,35.23500061035156,35.375,1624698
2023-08-16 16:30:00,35.375,35.529998779296875,35.34000015258789,35.4901008605957,2535623
2023-08-16 17:30:00,35.494998931884766,35.650001525878906,35.470001220703125,35.55500030517578,1991028
2023-08-16 18:30:00,35.560001373291016,35.599998474121094,35.34000015258789,35.415000915527344,2376469
2023-08-16 19:30:00,35.40999984741211,35.540000915527344,35.3849983215332,35.5,3680092
2023-08-17 13:30:00,35.599998474121094,36.380001068115234,35.59000015258789,36.3650016784668,5151195
2023-08-17 14:30:00,36.3650016784668,36.720001220703125,36.345001220703125,36.54499816894531,5272325
2023-08-17 15:30:00,36.54359817504883,36.630001068115234,36.35499954223633,36.459999084472656,2569316
2023-08-17 16:30:00,36.459999084472656,36.4900016784668,36.31999969482422,36.345001220703125,1891856
2023-08-17 17:30:00,36.345001220703125,36.4900016784668,36.2599983215332,36.488800048828125,1616971
2023-08-17 18:30:00,36.48500061035156,36.654998779296875,36.369998931884766,36.58039855957031,3529298
2023-08-17 19:30:00,36.584999084472656,36.66999816894531,36.47999954223633,36.4900016784668,4626020
2023-08-18 13:30:00,36.45000076293945,36.695701599121094,36.31999969482422,36.5098991394043,4511824
2023-08-18 14:30:00,36.505001068115234,36.790000915527344,36.40230178833008,36.71500015258789,3554695
2023-08-18 15:30:00,36.71900177001953,36.779998779296875,36.599998474121094,36.630001068115234,2527414
2023-08-18 16:30:00,36.625,36.69499969482422,36.54999923706055,36.61000061035156,2122885
2023-08-18 17:30:00,36.61000061035156,36.70000076293945,36.560001373291016,36.58000183105469,1486882
2023-08-18 18:30:00,36.57109832763672,36.65999984741211,36.470001220703125,36.59000015258789,1940311
2023-08-18 19:30:00,36.59000015258789,36.849998474121094,36.58000183105469,36.69499969482422,4649205
2023-08-21 13:30:00,36.709999084472656,37.18600082397461,36.63999938964844,37.154998779296875,5500059
2023-08-21 14:30:00,37.154998779296875,37.18000030517578,36.91999816894531,36.98500061035156,3084037
2023-08-21 15:30:00,36.98500061035156,37.04999923706055,36.880001068115234,37.01499938964844,2100383
2023-08-21 16:30:00,37.01499938964844,37.15999984741211,36.9900016784668,37.15700149536133,2645744
2023-08-21 17:30:00,37.15530014038086,37.15999984741211,37.060001373291016,37.07500076293945,1958943
2023-08-21 18:30:00,37.07500076293945,37.15999984741211,37.060001373291016,37.14500045776367,2657238
2023-08-21 19:30:00,37.14500045776367,37.150001525878906,37.0,37.029998779296875,4075467
2023-08-22 13:30:00,37.0099983215332,37.150001525878906,36.560001373291016,36.564998626708984,3591266
2023-08-22 14:30:00,36.564998626708984,36.7400016784668,36.54999923706055,36.72999954223633,2000626
2023-08-22 15:30:00,36.72999954223633,36.849998474121094,36.65999984741211,36.845001220703125,1348009
2023-08-22 16:30:00,36.844398498535156,37.02000045776367,36.810001373291016,36.89500045776367,1834904
2023-08-22 17:30:00,36.89500045776367,36.93539810180664,36.81999969482422,36.875,1774931
2023-08-22 18:30:00,36.875,36.939998626708984,36.81999969482422,36.845001220703125,1830277
2023-08-22 19:30:00,36.845001220703125,36.88999938964844,36.7599983215332,36.845001220703125,3261076
2023-08-23 13:30:00,37.09000015258789,37.130001068115234,36.790000915527344,36.83700180053711,2870998
2023-08-23 14:30:00,36.84000015258789,36.86000061035156,36.619998931884766,36.779998779296875,2233793
2023-08-23 15:30:00,36.77899932861328,36.869998931884766,36.70000076293945,36.82500076293945,2755235
2023-08-23 16:30:00,36.82500076293945,36.88999938964844,36.78499984741211,36.8849983215332,1602111
2023-08-23 17:30:00,36.884498596191406,36.90999984741211,36.75,36.78499984741211,1542775
2023-08-23 18:30:00,36.7848014831543,36.790000915527344,36.560001373291016,36.6265983581543,1657810
2023-08-23 19:30:00,36.62799835205078,36.755001068115234,36.59000015258789,36.68000030517578,3073423
2023-08-24 13:30:00,36.474998474121094,36.63999938964844,36.36000061035156,36.42499923706055,2996125
2023-08-24 14:30:00,36.42499923706055,36.470001220703125,36.290000915527344,36.32500076293945,1825821
2023-08-24 15:30:00,36.32600021362305,36.32600021362305,36.130001068115234,36.17499923706055,2073474
2023-08-24 16:30:00,36.17020034790039,36.220001220703125,36.060001373291016,36.10499954223633,1838982
2023-08-24 17:30:00,36.11000061035156,36.22999954223633,36.06999969482422,36.21500015258789,1606161
2023-08-24 18:30:00,36.21500015258789,36.310001373291016,36.1349983215332,36.29999923706055,1575443
2023-08-24 19:30:00,36.29999923706055,36.310001373291016,36.130001068115234,36.150001525878906,3491197
2023-08-25 13:30:00,36.13999938964844,36.29999923706055,36.0099983215332,36.02000045776367,2376689
2023-08-25 14:30:00,36.0099983215332,36.38999938964844,35.959999084472656,36.3849983215332,1686290
2023-08-25 15:30:00,36.380001068115234,36.65999984741211,36.369998931884766,36.61000061035156,2197415
2023-08-25 16:30:00,36.60499954223633,36.689998626708984,36.54499816894531,36.624698638916016,1846610
2023-08-25 17:30:00,36.62730026245117,36.63999938964844,36.560001373291016,36.57500076293945,1089608
2023-08-25 18:30:00,36.58000183105469,36.595001220703125,36.38999938964844,36.390098571777344,1157181
2023-08-25 19:30:00,36.38999938964844,36.439998626708984,36.290000915527344,36.38999938964844,2257196
2023-08-28 13:30:00,36.439998626708984,36.52000045776367,36.279998779296875,36.32350158691406,2292779
2023-08-28 14:30:00,36.33000183105469,36.369998931884766,36.150001525878906,36.189998626708984,1660699
2023-08-28 15:30:00,36.19499969482422,36.21500015258789,36.064998626708984,36.09000015258789,1605533
2023-08-28 16:30:00,36.084999084472656,36.119998931884766,36.040000915527344,36.08000183105469,1996389
2023-08-28 17:30:00,36.084999084472656,36.130001068115234,36.029998779296875,36.084999084472656,1470152
2023-08-28 18:30:00,36.084999084472656,36.189998626708984,36.04499816894531,36.130001068115234,1793341
2023-08-28 19:30:00,36.130001068115234,36.22999954223633,36.095001220703125,36.209999084472656,2615003
2023-08-29 13:30:00,36.380001068115234,36.939998626708984,36.310001373291016,36.34000015258789,4621477
2023-08-29 14:30:00,36.334999084472656,36.3849983215332,36.11159896850586,36.244998931884766,2513038
2023-08-29 15:30:00,36.25,36.279998779296875,36.119998931884766,36.18000030517578,1800373
2023-08-29 16:30:00,36.17499923706055,36.209999084472656,36.060001373291016,36.06999969482422,1724003
2023-08-29 17:30:00,36.08000183105469,36.119998931884766,36.02000045776367,36.04010009765625,2317940
2023-08-29 18:30:00,36.04499816894531,36.130001068115234,36.040000915527344,36.130001068115234,1780077
2023-08-29 19:30:00,36.130001068115234,36.14540100097656,36.06999969482422,36.14500045776367,1546765
2023-08-30 13:30:00,36.18000030517578,36.25,35.970001220703125,35.9900016784668,2764523
2023-08-30 14:30:00,35.9900016784668,36.11000061035156,35.93000030517578,36.1067008972168,1671570
2023-08-30 15:30:00,36.11000061035156,36.13999938964844,36.060001373291016,36.1150016784668,1629054
2023-08-30 16:30:00,36.1150016784668,36.119998931884766,36.02000045776367,36.05500030517578,1235006
2023-08-30 17:30:00,36.05500030517578,36.06999969482422,35.90999984741211,35.915000915527344,1522559
2023-08-30 18:30:00,35.90999984741211,35.9900016784668,35.90999984741211,35.935001373291016,1502581
2023-08-30 19:30:00,35.935001373291016,35.95000076293945,35.81999969482422,35.90999984741211,3432909
2023-08-31 13:30:00,35.939998626708984,35.9900016784668,35.83000183105469,35.85499954223633,2757345
2023-08-31 14:30:00,35.86000061035156,35.880001068115234,35.7400016784668,35.755001068115234,2047352
2023-08-31 15:30:00,35.75680160522461,35.79999923706055,35.709999084472656,35.79499816894531,1419924
2023-08-31 16:30:00,35.790000915527344,35.790000915527344,35.6150016784668,35.68000030517578,1802807
2023-08-31 17:30:00,35.689998626708984,35.720001220703125,35.630001068115234,35.662200927734375,1266255
2023-08-31 18:30:00,35.665000915527344,35.68000030517578,35.459999084472656,35.46500015258789,2741036
2023-08-31 19:30:00,35.4651985168457,35.52000045776367,35.380001068115234,35.38999938964844,4406560
2023-09-01 13:30:00,35.63999938964844,36.0,35.599998474121094,35.959999084472656,4052459
2023-09-01 14:30:00,35.959999084472656,36.060001373291016,35.80500030517578,35.834999084472656,3245368
2023-09-01 15:30:00,35.834999084472656,35.849998474121094,35.724998474121094,35.76499938964844,1248116
2023-09-01 16:30:00,35.76499938964844,35.779998779296875,35.68000030517578,35.76499938964844,1289150
2023-09-01 17:30:00,35.7599983215332,35.88999938964844,35.72999954223633,35.8849983215332,1264300
2023-09-01 18:30:00,35.8849983215332,35.91780090332031,35.81999969482422,35.845001220703125,1495843
2023-09-01 19:30:00,35.84000015258789,35.849998474121094,35.7599983215332,35.790000915527344,1939918
2023-09-05 13:30:00,35.959999084472656,36.290000915527344,35.86000061035156,36.005001068115234,6155310
2023-09-05 14:30:00,36.005001068115234,36.00899887084961,35.6349983215332,35.72200012207031,4026135
2023-09-05 15:30:00,35.724998474121094,35.84000015258789,35.689998626708984,35.78499984741211,1970455
2023-09-05 16:30:00,35.779998779296875,35.880001068115234,35.744998931884766,35.7599983215332,1988280
2023-09-05 17:30:00,35.7599983215332,35.77000045776367,35.45500183105469,35.4900016784668,2549265
2023-09-05 18:30:00,35.4900016784668,35.58000183105469,35.38999938964844,35.39500045776367,2407160
2023-09-05 19:30:00,35.39500045776367,35.54999923706055,35.349998474121094,35.38999938964844,3211021
2023-09-06 13:30:00,35.130001068115234,35.130001068115234,34.56999969482422,34.599998474121094,6034659
2023-09-06 14:30:00,34.595001220703125,34.80500030517578,34.56999969482422,34.67499923706055,3580248
2023-09-06 15:30:00,34.67499923706055,34.720001220703125,34.505001068115234,34.55609893798828,3205163
2023-09-06 16:30:00,34.55500030517578,34.599998474121094,34.31999969482422,34.35499954223633,4608417
2023-09-06 17:30:00,34.35499954223633,34.38999938964844,34.2599983215332,34.31999969482422,3176455
2023-09-06 18:30:00,34.32400131225586,34.47999954223633,34.314998626708984,34.470001220703125,2923063
2023-09-06 19:30:00,34.474998474121094,34.4900016784668,34.369998931884766,34.380001068115234,4844624
2023-09-07 13:30:00,34.54499816894531,34.63999938964844,34.13999938964844,34.20500183105469,4232021
2023-09-07 14:30:00,34.20500183105469,34.279998779296875,34.040000915527344,34.275001525878906,4117636
2023-09-07 15:30:00,34.275001525878906,34.52000045776367,34.275001525878906,34.404998779296875,2762175
2023-09-07 16:30:00,34.404998779296875,34.41999816894531,34.27000045776367,34.30910110473633,1794516
2023-09-07 17:30:00,34.30500030517578,34.369998931884766,34.119998931884766,34.119998931884766,2090013
2023-09-07 18:30:00,34.119998931884766,34.314998626708984,34.060001373291016,34.279998779296875,3254152
2023-09-07 19:30:00,34.279998779296875,34.36000061035156,34.220001220703125,34.279998779296875,4264028
2023-09-08 13:30:00,34.22999954223633,34.28499984741211,34.11000061035156,34.27000045776367,2649816
2023-09-08 14:30:00,34.269901275634766,34.38999938964844,34.22999954223633,34.237998962402344,1944581
2023-09-08 15:30:00,34.22999954223633,34.29999923706055,34.18000030517578,34.185001373291016,1569779
2023-09-08 16:30:00,34.18000030517578,34.209999084472656,34.11000061035156,34.130001068115234,1739970
2023-09-08 17:30:00,34.130001068115234,34.150001525878906,34.04999923706055,34.130001068115234,1769220
2023-09-08 18:30:00,34.119998931884766,34.20500183105469,34.09000015258789,34.119998931884766,1842174
2023-09-08 19:30:00,34.119998931884766,34.27000045776367,34.11000061035156,34.25,3040154
2023-09-11 13:30:00,34.150001525878906,34.29999923706055,33.540000915527344,33.85499954223633,7498884
2023-09-11 14:30:00,33.86000061035156,33.959999084472656,33.599998474121094,33.69499969482422,3746353
2023-09-11 15:30:00,33.70000076293945,33.83000183105469,33.689998626708984,33.814998626708984,2151666
2023-09-11 16:30:00,33.814998626708984,33.96500015258789,33.779998779296875,33.959999084472656,2255879
2023-09-11 17:30:00,33.95000076293945,33.959999084472656,33.81999969482422,33.924800872802734,2173340
2023-09-11 18:30:00,33.93000030517578,34.08000183105469,33.929901123046875,34.040000915527344,2368141
2023-09-11 19:30:00,34.03499984741211,34.0359001159668,33.90999984741211,33.95000076293945,3222909
2023-09-12 13:30:00,33.970001220703125,34.040000915527344,33.75,33.8135986328125,2474151
2023-09-12 14:30:00,33.814998626708984,34.0,33.810001373291016,33.95899963378906,1734512
2023-09-12 15:30:00,33.95000076293945,34.07500076293945,33.880001068115234,34.05500030517578,1958753
2023-09-12 16:30:00,34.05500030517578,34.130001068115234,34.0099983215332,34.10499954223633,1481340
2023-09-12 17:30:00,34.10499954223633,34.16999816894531,34.084999084472656,34.13010025024414,1464839
2023-09-12 18:30:00,34.1349983215332,34.20000076293945,34.119998931884766,34.185001373291016,2053291
2023-09-12 19:30:00,34.185001373291016,34.209999084472656,34.130001068115234,34.150001525878906,2879057
2023-09-13 13:30:00,34.209999084472656,34.619998931884766,34.209999084472656,34.53020095825195,5328834
2023-09-13 14:30:00,34.53369903564453,34.54999923706055,34.310001373291016,34.334999084472656,2527351
2023-09-13 15:30:00,34.334999084472656,34.380001068115234,34.18000030517578,34.185001373291016,2441279
2023-09-13 16:30:00,34.18000030517578,34.22999954223633,34.040000915527344,34.11000061035156,2705003
2023-09-13 17:30:00,34.11840057373047,34.16999816894531,34.06999969482422,34.09000015258789,2068045
2023-09-13 18:30:00,34.084999084472656,34.119998931884766,34.0,34.01449966430664,2563225
2023-09-13 19:30:00,34.0099983215332,34.09000015258789,34.0,34.08000183105469,3151734
2023-09-14 13:30:00,34.2400016784668,34.380001068115234,34.15999984741211,34.16999816894531,4522149
2023-09-14 14:30:00,34.165000915527344,34.189998626708984,33.97999954223633,34.060001373291016,2605028
2023-09-14 15:30:00,34.05500030517578,34.150001525878906,34.04999923706055,34.1349983215332,1966690
2023-09-14 16:30:00,34.130001068115234,34.18000030517578,34.11000061035156,34.166900634765625,1621629
2023-09-14 17:30:00,34.16999816894531,34.27000045776367,34.06999969482422,34.220001220703125,2642169
2023-09-14 18:30:00,34.22999954223633,34.2599983215332,34.125,34.165000915527344,2380499
2023-09-14 19:30:00,34.15999984741211,34.275001525878906,34.130001068115234,34.15570068359375,3030641
2023-09-15 13:30:00,34.060001373291016,34.415000915527344,34.060001373291016,34.165000915527344,7187381
2023-09-15 14:30:00,34.15999984741211,34.22990036010742,34.07500076293945,34.13520050048828,1856698
2023-09-15 15:30:00,34.1349983215332,34.2400016784668,34.099998474121094,34.224998474121094,2058866
2023-09-15 16:30:00,34.224998474121094,34.22999954223633,33.93000030517578,33.95940017700195,2286120
2023-09-15 17:30:00,33.95500183105469,34.0099983215332,33.90999984741211,33.9536018371582,2027007
2023-09-15 18:30:00,33.95500183105469,33.98749923706055,33.81999969482422,33.861900329589844,2684266
2023-09-15 19:30:00,33.8650016784668,34.060001373291016,33.810001373291016,34.040000915527344,5592913
2023-09-18 13:30:00,34.119998931884766,34.119998931884766,33.439998626708984,33.56999969482422,4731428
2023-09-18 14:30:00,33.57500076293945,33.689998626708984,33.5099983215332,33.67499923706055,4823999
2023-09-18 15:30:00,33.68000030517578,33.75,33.634300231933594,33.65999984741211,1848241
2023-09-18 16:30:00,33.665000915527344,33.720001220703125,33.61000061035156,33.6349983215332,1574751
2023-09-18 17:30:00,33.63600158691406,33.7400016784668,33.53499984741211,33.55500030517578,1987199
2023-09-18 18:30:00,33.555999755859375,33.66999816894531,33.540000915527344,33.650001525878906,4411519
2023-09-18 19:30:00,33.64500045776367,33.650001525878906,33.54999923706055,33.63999938964844,3383597
2023-09-19 13:30:00,33.54999923706055,33.96500015258789,33.54999923706055,33.71500015258789,4792767
2023-09-19 14:30:00,33.720001220703125,33.7400016784668,33.51499938964844,33.595001220703125,8766857
2023-09-19 15:30:00,33.595001220703125,33.81949996948242,33.54999923706055,33.78499984741211,2430192
2023-09-19 16:30:00,33.786598205566406,33.900001525878906,33.755001068115234,33.825599670410156,2196674
2023-09-19 17:30:00,33.82500076293945,34.0,33.810001373291016,33.95610046386719,1789734
2023-09-19 18:30:00,33.95000076293945,34.0099983215332,33.93000030517578,33.94499969482422,2150628
2023-09-19 19:30:00,33.94990158081055,34.0,33.869998931884766,33.97999954223633,3806431
2023-09-20 13:30:00,34.08000183105469,34.09000015258789,33.810001373291016,33.994998931884766,3065645
2023-09-20 14:30:00,33.994998931884766,34.065799713134766,33.7599983215332,33.7599983215332,1903970
2023-09-20 15:30:00,33.7599983215332,33.7760009765625,33.68000030517578,33.70989990234375,2220758
2023-09-20 16:30:00,33.709999084472656,33.720001220703125,33.60499954223633,33.709999084472656,3045687
2023-09-20 17:30:00,33.71500015258789,33.73500061035156,33.61000061035156,33.6150016784668,2093166
2023-09-20 18:30:00,33.6150016784668,33.650001525878906,33.560001373291016,33.6349983215332,3102290
2023-09-20 19:30:00,33.63999938964844,33.72999954223633,33.54999923706055,33.6150016784668,5582216
2023-09-21 13:30:00,33.470001220703125,33.59000015258789,33.31999969482422,33.404998779296875,4011562
2023-09-21 14:30:00,33.404998779296875,33.41999816894531,33.26499938964844,33.35499954223633,3128247
2023-09-21 15:30:00,33.36000061035156,33.400001525878906,33.27000045776367,33.290000915527344,2822641
2023-09-21 16:30:00,33.295101165771484,33.31999969482422,33.029998779296875,33.08000183105469,3149028
2023-09-21 17:30:00,33.07500076293945,33.13999938964844,32.95000076293945,32.95000076293945,3379849
2023-09-21 18:30:00,32.95249938964844,32.989898681640625,32.849998474121094,32.8650016784668,2985769
2023-09-21 19:30:00,32.8650016784668,32.90999984741211,32.83000183105469,32.849998474121094,4043478
2023-09-22 13:30:00,33.08000183105469,33.09000015258789,32.529998779296875,32.619998931884766,5630005
2023-09-22 14:30:00,32.6150016784668,32.810001373291016,32.5,32.80339813232422,4395679
2023-09-22 15:30:00,32.80500030517578,32.849998474121094,32.619998931884766,32.65919876098633,2325081
2023-09-22 16:30:00,32.654998779296875,32.720001220703125,32.599998474121094,32.619998931884766,1890416
2023-09-22 17:30:00,32.625,32.65999984741211,32.529998779296875,32.58000183105469,2875391
2023-09-22 18:30:00,32.58000183105469,32.84000015258789,32.55500030517578,32.80500030517578,2597611
2023-09-22 19:30:00,32.80500030517578,32.83000183105469,32.65999984741211,32.689998626708984,3969372
2023-09-25 13:30:00,32.689998626708984,32.720001220703125,32.410099029541016,32.689998626708984,3439700
2023-09-25 14:30:00,32.685001373291016,32.7599983215332,32.61000061035156,32.64500045776367,2199852
2023-09-25 15:30:00,32.64500045776367,32.7599983215332,32.619998931884766,32.755001068115234,1203237
2023-09-25 16:30:00,32.75600051879883,32.810001373291016,32.689998626708984,32.730098724365234,1541089
2023-09-25 17:30:00,32.73500061035156,32.79999923706055,32.67499923706055,32.744998931884766,1653745
2023-09-25 18:30:00,32.7400016784668,32.83000183105469,32.72999954223633,32.810001373291016,1986984
2023-09-25 19:30:00,32.80500030517578,32.97999954223633,32.79999923706055,32.97999954223633,3973751
2023-09-26 13:30:00,32.720001220703125,32.810001373291016,32.630001068115234,32.68000030517578,2445628
2023-09-26 14:30:00,32.66999816894531,32.79999923706055,32.599998474121094,32.650001525878906,2989820
2023-09-26 15:30:00,32.654998779296875,32.91999816894531,32.650001525878906,32.91490173339844,2522142
2023-09-26 16:30:00,32.915000915527344,32.959999084472656,32.724998474121094,32.751800537109375,4087374
2023-09-26 17:30:00,32.755001068115234,32.779998779296875,32.5,32.525001525878906,2442518
2023-09-26 18:30:00,32.525001525878906,32.595001220703125,32.459999084472656,32.47520065307617,2957277
2023-09-26 19:30:00,32.474998474121094,32.47999954223633,32.36000061035156,32.380001068115234,4729678
2023-09-27 13:30:00,32.43000030517578,32.5,32.06999969482422,32.18659973144531,4146095
2023-09-27 14:30:00,32.185001373291016,32.22520065307617,31.969999313354492,32.07500076293945,2910243
2023-09-27 15:30:00,32.08000183105469,32.13999938964844,31.920000076293945,32.04890060424805,4100006
2023-09-27 16:30:00,32.04499816894531,32.099998474121094,31.90999984741211,31.915000915527344,1982085
2023-09-27 17:30:00,31.915000915527344,32.18000030517578,31.899999618530273,32.18000030517578,2454749
2023-09-27 18:30:00,32.18000030517578,32.25,32.11000061035156,32.149898529052734,2612116
2023-09-27 19:30:00,32.14500045776367,32.150001525878906,32.060001373291016,32.119998931884766,3068131
2023-09-28 13:30:00,32.060001373291016,32.31999969482422,31.80459976196289,31.834999084472656,3393074
2023-09-28 14:30:00,31.83009910583496,31.969999313354492,31.77440071105957,31.94499969482422,3694376
2023-09-28 15:30:00,31.94499969482422,32.09000015258789,31.920000076293945,32.04999923706055,3962482
2023-09-28 16:30:00,32.04999923706055,32.11000061035156,31.940000534057617,31.96500015258789,2866986
2023-09-28 17:30:00,31.96500015258789,32.08000183105469,31.8700008392334,32.06999969482422,2731803
2023-09-28 18:30:00,32.06999969482422,32.130001068115234,32.040000915527344,32.1150016784668,3628959
2023-09-28 19:30:00,32.119998931884766,32.130001068115234,32.02000045776367,32.09000015258789,3738751
2023-09-29 13:30:00,32.349998474121094,32.939998626708984,32.29999923706055,32.89500045776367,5565698
2023-09-29 14:30:00,32.89500045776367,33.08000183105469,32.79499816894531,32.90999984741211,3056170
2023-09-29 15:30:00,32.90999984741211,32.9900016784668,32.689998626708984,32.97999954223633,2687286
2023-09-29 16:30:00,32.983299255371094,33.130001068115234,32.915000915527344,33.064998626708984,3312284
2023-09-29 17:30:00,33.064998626708984,33.20000076293945,32.964500427246094,32.96500015258789,3758955
2023-09-29 18:30:00,32.96500015258789,33.1974983215332,32.959999084472656,33.11000061035156,3338101
2023-09-29 19:30:00,33.11000061035156,33.22999954223633,33.06999969482422,33.18000030517578,7533485
2023-10-02 13:30:00,32.95000076293945,33.47999954223633,32.7599983215332,33.220001220703125,8456948
2023-10-02 14:30:00,33.21500015258789,33.439998626708984,33.13999938964844,33.400001525878906,4718255
2023-10-02 15:30:00,33.400001525878906,33.65999984741211,33.380001068115234,33.53499984741211,5666794
2023-10-02 16:30:00,33.53499984741211,33.630001068115234,33.375,33.60499954223633,2992765
2023-10-02 17:30:00,33.61000061035156,33.84000015258789,33.54499816894531,33.69499969482422,3729894
2023-10-02 18:30:00,33.69499969482422,33.95500183105469,33.66999816894531,33.7057991027832,5331618
2023-10-02 19:30:00,33.70500183105469,33.95000076293945,33.61009979248047,33.95000076293945,8604225
2023-10-03 13:30:00,33.84000015258789,34.060001373291016,33.709999084472656,33.834999084472656,5753782
2023-10-03 14:30:00,33.834999084472656,34.0,33.79499816894531,33.959999084472656,4139688
2023-10-03 15:30:00,33.96500015258789,33.970001220703125,33.775001525878906,33.8650016784668,3421233
2023-10-03 16:30:00,33.8650016784668,34.11000061035156,33.85499954223633,34.09000015258789,2624032
2023-10-03 17:30:00,34.08000183105469,34.084999084472656,33.810001373291016,33.814701080322266,2408766
2023-10-03 18:30:00,33.814998626708984,33.97999954223633,33.80500030517578,33.939998626708984,2894420
2023-10-03 19:30:00,33.939998626708984,34.029998779296875,33.869998931884766,33.90999984741211,6948449
2023-10-04 13:30:00,33.939998626708984,34.079898834228516,33.5,33.5458984375,3580666
2023-10-04 14:30:00,33.540000915527344,33.630001068115234,33.470001220703125,33.61000061035156,1995833
2023-10-04 15:30:00,33.61000061035156,33.65999984741211,33.52000045776367,33.55500030517578,1697094
2023-10-04 16:30:00,33.55500030517578,33.6151008605957,33.150001525878906,33.150001525878906,2238323
2023-10-04 17:30:00,33.15999984741211,33.16999816894531,33.005001068115234,33.092098236083984,3709820
2023-10-04 18:30:00,33.09370040893555,33.28499984741211,33.060001373291016,33.275001525878906,2716815
2023-10-04 19:30:00,33.279998779296875,33.369998931884766,33.22999954223633,33.29999923706055,4481079
2023-10-05 13:30:00,33.45000076293945,33.779998779296875,33.3849983215332,33.46500015258789,4583335
2023-10-05 14:30:00,33.46110153198242,33.46500015258789,33.04499816894531,33.08000183105469,3603715
2023-10-05 15:30:00,33.07500076293945,33.275001525878906,33.064998626708984,33.27000045776367,2300333
2023-10-05 16:30:00,33.275001525878906,33.279998779296875,33.11000061035156,33.275001525878906,1274312
2023-10-05 17:30:00,33.27289962768555,33.400001525878906,33.22999954223633,33.38999938964844,1924521
2023-10-05 18:30:00,33.38999938964844,33.5,33.34000015258789,33.415000915527344,1587881
2023-10-05 19:30:00,33.415000915527344,33.505001068115234,33.380001068115234,33.474998474121094,3045028
2023-10-06 13:30:00,33.51499938964844,33.560001373291016,33.15999984741211,33.224998474121094,3061940
2023-10-06 14:30:00,33.224998474121094,33.474998474121094,33.130001068115234,33.470001220703125,3445522
2023-10-06 15:30:00,33.470001220703125,33.47999954223633,33.1349983215332,33.1349983215332,2564519
2023-10-06 16:30:00,33.13999938964844,33.2400016784668,33.07210159301758,33.22589874267578,2013379
2023-10-06 17:30:00,33.22999954223633,33.31999969482422,33.150001525878906,33.31999969482422,1919766
2023-10-06 18:30:00,33.31549835205078,33.41749954223633,33.29999923706055,33.375,2680531
2023-10-06 19:30:00,33.380001068115234,33.380001068115234,33.119998931884766,33.125,4429876
2023-10-09 13:30:00,33.060001373291016,33.310001373291016,32.869998931884766,32.930301666259766,3794796
2023-10-09 14:30:00,32.935001373291016,33.0099983215332,32.77000045776367,32.98500061035156,1578066
2023-10-09 15:30:00,32.9900016784668,33.077301025390625,32.95000076293945,32.96500015258789,1209434
2023-10-09 16:30:00,32.959999084472656,33.06999969482422,32.849998474121094,33.06999969482422,1432456
2023-10-09 17:30:00,33.064998626708984,33.46500015258789,33.060001373291016,33.459999084472656,3336048
2023-10-09 18:30:00,33.459999084472656,33.470001220703125,33.189998626708984,33.20000076293945,1998857
2023-10-09 19:30:00,33.19499969482422,33.209999084472656,33.119998931884766,33.189998626708984,2309899
2023-10-10 13:30:00,33.08000183105469,33.36000061035156,33.02000045776367,33.30500030517578,2711121
2023-10-10 14:30:00,33.30500030517578,33.35810089111328,33.15999984741211,33.27000045776367,1922764
2023-10-10 15:30:00,33.275001525878906,33.400001525878906,33.2599983215332,33.36009979248047,1465477
2023-10-10 16:30:00,33.3650016784668,33.369998931884766,33.2400016784668,33.2599983215332,1356059
2023-10-10 17:30:00,33.255001068115234,33.310001373291016,33.099998474121094,33.10499954223633,2093193
2023-10-10 18:30:00,33.10499954223633,33.13999938964844,33.0099983215332,33.09000015258789,2171479
2023-10-10 19:30:00,33.084999084472656,33.189998626708984,33.084999084472656,33.18000030517578,2579248
2023-10-11 13:30:00,33.2400016784668,33.33000183105469,32.900001525878906,32.9900016784668,3555659
2023-10-11 14:30:00,32.9900016784668,33.060001373291016,32.81999969482422,32.970001220703125,2241627
2023-10-11 15:30:00,32.96500015258789,33.16999816894531,32.96500015258789,33.005001068115234,2515947
2023-10-11 16:30:00,33.005001068115234,33.00640106201172,32.890098571777344,32.915000915527344,1773840
2023-10-11 17:30:00,32.915000915527344,32.939998626708984,32.84000015258789,32.869998931884766,1535489
2023-10-11 18:30:00,32.880001068115234,32.939998626708984,32.86000061035156,32.92499923706055,1314392
2023-10-11 19:30:00,32.91999816894531,33.13999938964844,32.91999816894531,33.099998474121094,4918589
2023-10-12 13:30:00,33.11000061035156,33.220001220703125,32.869998931884766,32.90840148925781,2554173
2023-10-12 14:30:00,32.900001525878906,33.119998931884766,32.77000045776367,33.03499984741211,2821804
2023-10-12 15:30:00,33.03499984741211,33.060001373291016,32.845001220703125,33.01499938964844,2059730
2023-10-12 16:30:00,33.01499938964844,33.060001373291016,32.93000030517578,32.95000076293945,1543811
2023-10-12 17:30:00,32.94499969482422,32.959999084472656,32.875,32.95000076293945,1585165
2023-10-12 18:30:00,32.95500183105469,33.03499984741211,32.86000061035156,32.994998931884766,3786169
2023-10-12 19:30:00,33.0,33.10499954223633,32.90999984741211,32.91999816894531,4296075
2023-10-13 13:30:00,32.939998626708984,32.9900016784668,32.279998779296875,32.29999923706055,4797072
2023-10-13 14:30:00,32.29999923706055,32.38999938964844,32.220001220703125,32.340301513671875,3269902
2023-10-13 15:30:00,32.34000015258789,32.35499954223633,32.20000076293945,32.334999084472656,2594527
2023-10-13 16:30:00,32.334999084472656,32.35499954223633,32.01499938964844,32.0359001159668,3178483
2023-10-13 17:30:00,32.03990173339844,32.345001220703125,32.02000045776367,32.25490188598633,3073093
2023-10-13 18:30:00,32.255001068115234,32.27000045776367,32.10430145263672,32.11000061035156,2595056
2023-10-13 19:30:00,32.119998931884766,32.189998626708984,32.06999969482422,32.130001068115234,4817643
2023-10-16 13:30:00,32.83000183105469,33.72999954223633,32.560001373291016,33.53499984741211,24229849
2023-10-16 14:30:00,33.540000915527344,33.91999816894531,33.37009811401367,33.7599983215332,8200608
2023-10-16 15:30:00,33.76499938964844,33.915000915527344,33.580101013183594,33.69089889526367,5367635
2023-10-16 16:30:00,33.69169998168945,33.77000045776367,33.53340148925781,33.634700775146484,3415484
2023-10-16 17:30:00,33.6349983215332,33.63999938964844,32.974998474121094,33.11000061035156,6639933
2023-10-16 18:30:00,33.11000061035156,33.439998626708984,33.1088981628418,33.29499816894531,4950959
2023-10-16 19:30:00,33.290000915527344,33.400001525878906,33.2400016784668,33.27000045776367,6679719
2023-10-17 13:30:00,33.0,33.06999969482422,32.20000076293945,32.61199951171875,9299786
2023-10-17 14:30:00,32.61000061035156,33.04999923706055,32.47999954223633,33.0,6928459
2023-10-17 15:30:00,33.0,33.189998626708984,32.849998474121094,32.959999084472656,3077626
2023-10-17 16:30:00,32.959999084472656,32.970001220703125,32.51499938964844,32.8849983215332,3896050
2023-10-17 17:30:00,32.880001068115234,32.8849983215332,32.619998931884766,32.665000915527344,2988436
2023-10-17 18:30:00,32.65999984741211,32.75899887084961,32.5099983215332,32.630001068115234,3856251
2023-10-17 19:30:00,32.630001068115234,32.7599983215332,32.54999923706055,32.7599983215332,4669916
2023-10-18 13:30:00,32.540000915527344,32.68000030517578,32.099998474121094,32.119998931884766,4041178
2023-10-18 14:30:00,32.119998931884766,32.18920135498047,32.0,32.10499954223633,2647522
2023-10-18 15:30:00,32.099998474121094,32.130001068115234,31.809999465942383,31.809999465942383,2980089
2023-10-18 16:30:00,31.809999465942383,31.81999969482422,31.59000015258789,31.594999313354492,4103302
2023-10-18 17:30:00,31.59000015258789,31.667499542236328,31.5049991607666,31.614999771118164,3283635
2023-10-18 18:30:00,31.610000610351562,31.635000228881836,31.399999618530273,31.40250015258789,3649215
2023-10-18 19:30:00,31.40999984741211,31.510000228881836,31.385000228881836,31.411100387573242,5029145
2023-10-19 13:30:00,31.3799991607666,31.4950008392334,31.06999969482422,31.06999969482422,4894595
2023-10-19 14:30:00,31.06999969482422,31.190000534057617,30.90999984741211,31.149999618530273,4298770
2023-10-19 15:30:00,31.155000686645508,31.31999969482422,31.079999923706055,31.200000762939453,2976661
2023-10-19 16:30:00,31.209999084472656,31.43000030517578,31.094999313354492,31.334999084472656,1952585
2023-10-19 17:30:00,31.354999542236328,31.399999618530273,31.170000076293945,31.204999923706055,2823176
2023-10-19 18:30:00,31.204999923706055,31.204999923706055,31.05500030517578,31.139999389648438,2752967
2023-10-19 19:30:00,31.149999618530273,31.2450008392334,31.100000381469727,31.174999237060547,4254363
2023-10-20 13:30:00,31.059999465942383,31.110000610351562,30.670000076293945,30.677499771118164,9391775
2023-10-20 14:30:00,30.670000076293945,30.829999923706055,30.475000381469727,30.829999923706055,4484453
2023-10-20 15:30:00,30.825000762939453,30.920000076293945,30.65999984741211,30.81999969482422,2560865
2023-10-20 16:30:00,30.81999969482422,30.93000030517578,30.739999771118164,30.850000381469727,2113658
2023-10-20 17:30:00,30.850000381469727,30.860000610351562,30.6299991607666,30.725000381469727,2943228
2023-10-20 18:30:00,30.719999313354492,30.799999237060547,30.649999618530273,30.7450008392334,2606337
2023-10-20 19:30:00,30.7450008392334,30.774999618530273,30.610000610351562,30.6299991607666,3891131
2023-10-23 13:30:00,30.770000457763672,31.389999389648438,30.530000686645508,31.040000915527344,6739869
2023-10-23 14:30:00,31.040000915527344,31.280000686645508,31.0049991607666,31.1299991607666,2814710
2023-10-23 15:30:00,31.135000228881836,31.229999542236328,30.974000930786133,31.05500030517578,2279840
2023-10-23 16:30:00,31.049999237060547,31.1875,30.979999542236328,31.099899291992188,1896741
2023-10-23 17:30:00,31.100000381469727,31.15999984741211,30.989999771118164,31.084999084472656,3728618
2023-10-23 18:30:00,31.09000015258789,31.09000015258789,30.735000610351562,30.770000457763672,3221562
2023-10-23 19:30:00,30.764999389648438,30.860000610351562,30.702999114990234,30.850000381469727,4520646
2023-10-24 13:30:00,30.8799991607666,31.030000686645508,30.59000015258789,30.65999984741211,3280990
2023-10-24 14:30:00,30.65999984741211,30.709999084472656,30.56999969482422,30.614999771118164,2830765
2023-10-24 15:30:00,30.614999771118164,30.71500015258789,30.399999618530273,30.399999618530273,2536126
2023-10-24 16:30:00,30.399999618530273,30.440000534057617,30.31999969482422,30.360000610351562,2645626
2023-10-24 17:30:00,30.350000381469727,30.440000534057617,30.325000762939453,30.36009979248047,2943830
2023-10-24 18:30:00,30.3700008392334,30.559999465942383,30.3700008392334,30.530000686645508,3436177
2023-10-24 19:30:00,30.530000686645508,30.549999237060547,30.420000076293945,30.420000076293945,4655365
2023-10-25 13:30:00,30.459999084472656,30.63599967956543,30.219999313354492,30.290000915527344,4611719
2023-10-25 14:30:00,30.290000915527344,30.610000610351562,30.280000686645508,30.53339958190918,3170144
2023-10-25 15:30:00,30.530099868774414,30.655000686645508,30.459999084472656,30.459999084472656,2599260
2023-10-25 16:30:00,30.467899322509766,30.760000228881836,30.459999084472656,30.684999465942383,2909203
2023-10-25 17:30:00,30.68000030517578,30.809999465942383,30.6200008392334,30.739999771118164,3075235
2023-10-25 18:30:00,30.739999771118164,31.0,30.690000534057617,30.7549991607666,4379789
2023-10-25 19:30:00,30.760000228881836,30.829999923706055,30.700000762939453,30.729999542236328,4457283
2023-10-26 13:30:00,30.610000610351562,31.3700008392334,30.5,31.210100173950195,5736962
2023-10-26 14:30:00,31.21500015258789,31.360000610351562,31.065000534057617,31.114999771118164,3649453
2023-10-26 15:30:00,31.110000610351562,31.174999237060547,31.030000686645508,31.104999542236328,2653810
2023-10-26 16:30:00,31.100000381469727,31.165000915527344,31.020000457763672,31.053499221801758,2712752
2023-10-26 17:30:00,31.049999237060547,31.209999084472656,30.989999771118164,31.18000030517578,2197927
2023-10-26 18:30:00,31.184999465942383,31.28499984741211,31.15999984741211,31.204999923706055,3000056
2023-10-26 19:30:00,31.204999923706055,31.270000457763672,31.135000228881836,31.170000076293945,4561043
2023-10-27 13:30:00,31.059999465942383,31.1299991607666,30.799999237060547,30.8799991607666,5757258
2023-10-27 14:30:00,30.8799991607666,30.940000534057617,30.450000762939453,30.46500015258789,4485002
2023-10-27 15:30:00,30.46500015258789,30.469999313354492,30.329999923706055,30.385000228881836,3154602
2023-10-27 16:30:00,30.385000228881836,30.44499969482422,30.299999237060547,30.375,2192504
2023-10-27 17:30:00,30.3799991607666,30.43000030517578,30.200000762939453,30.28660011291504,3782685
2023-10-27 18:30:00,30.28499984741211,30.3799991607666,30.020000457763672,30.110000610351562,4331006
2023-10-27 19:30:00,30.110000610351562,30.149999618530273,30.020000457763672,30.110000610351562,5473159
2023-10-30 13:30:00,30.239999771118164,30.475000381469727,30.174999237060547,30.3700008392334,4496089
2023-10-30 14:30:00,30.364999771118164,30.375,30.170000076293945,30.329999923706055,3625623
2023-10-30 15:30:00,30.325000762939453,30.415000915527344,30.110000610351562,30.21500015258789,3062925
2023-10-30 16:30:00,30.219999313354492,30.489999771118164,30.149999618530273,30.485000610351562,3713664
2023-10-30 17:30:00,30.489999771118164,30.530000686645508,30.3700008392334,30.486400604248047,3213742
2023-10-30 18:30:00,30.485000610351562,30.68000030517578,30.46500015258789,30.545000076293945,5414891
2023-10-30 19:30:00,30.545000076293945,30.600000381469727,30.479999542236328,30.549999237060547,5910389
2023-10-31 13:30:00,30.28499984741211,30.600000381469727,29.700000762939453,30.40999984741211,10450068
2023-10-31 14:30:00,30.40999984741211,30.540000915527344,29.799999237060547,30.260099411010742,8084741
2023-10-31 15:30:00,30.264999389648438,30.360000610351562,30.059999465942383,30.155000686645508,3847886
2023-10-31 16:30:00,30.155000686645508,30.3700008392334,30.06999969482422,30.334999084472656,2403174
2023-10-31 17:30:00,30.34000015258789,30.81999969482422,30.334999084472656,30.545000076293945,4258384
2023-10-31 18:30:00,30.540000915527344,30.610000610351562,30.459999084472656,30.575000762939453,3087567
2023-10-31 19:30:00,30.575000762939453,30.645000457763672,30.459999084472656,30.549999237060547,4736039
2023-11-01 13:30:00,30.559999465942383,31.075000762939453,30.520000457763672,30.618000030517578,4589515
2023-11-01 14:30:00,30.614999771118164,30.809999465942383,30.604999542236328,30.68000030517578,2520647
2023-11-01 15:30:00,30.68000030517578,30.895000457763672,30.56999969482422,30.635000228881836,2335911
2023-11-01 16:30:00,30.6299991607666,30.79990005493164,30.565000534057617,30.610000610351562,1816670
2023-11-01 17:30:00,30.603700637817383,30.700000762939453,30.530000686645508,30.6200008392334,2145935
2023-11-01 18:30:00,30.6200008392334,30.700000762939453,30.510000228881836,30.625,3365989
2023-11-01 19:30:00,30.6200008392334,30.649999618530273,30.469999313354492,30.520000457763672,3425330
2023-11-02 13:30:00,30.510000228881836,30.649999618530273,30.209999084472656,30.315000534057617,7456198
2023-11-02 14:30:00,30.315000534057617,30.440000534057617,30.239999771118164,30.3700008392334,3064616
2023-11-02 15:30:00,30.3700008392334,30.489900588989258,30.309999465942383,30.4060001373291,2685881
2023-11-02 16:30:00,30.40999984741211,30.510000228881836,30.309999465942383,30.424999237060547,2472898
2023-11-02 17:30:00,30.43000030517578,30.450000762939453,30.350000381469727,30.3700008392334,2429421
2023-11-02 18:30:00,30.360000610351562,30.40999984741211,30.280000686645508,30.405000686645508,3033797
2023-11-02 19:30:00,30.405000686645508,30.510000228881836,30.381000518798828,30.489999771118164,3564679
2023-11-03 13:30:00,30.899999618530273,31.3799991607666,30.834999084472656,31.100000381469727,5515137
2023-11-03 14:30:00,31.100000381469727,31.18000030517578,30.969999313354492,31.135000228881836,3039987
2023-11-03 15:30:00,31.139999389648438,31.25,31.139999389648438,31.160200119018555,1657286
2023-11-03 16:30:00,31.170000076293945,31.25,31.100000381469727,31.219999313354492,2448428
2023-11-03 17:30:00,31.21500015258789,31.290000915527344,31.139999389648438,31.18000030517578,1744641
2023-11-03 18:30:00,31.18000030517578,31.350000381469727,31.15999984741211,31.309999465942383,3258849
2023-11-03 19:30:00,31.315000534057617,31.389999389648438,31.260000228881836,31.262500762939453,4935334
2023-11-06 14:30:00,31.31999969482422,31.40999984741211,31.110000610351562,31.114999771118164,3531726
2023-11-06 15:30:00,31.114999771118164,31.1200008392334,30.954999923706055,31.010000228881836,3020928
2023-11-06 16:30:00,31.014999389648438,31.15999984741211,30.979999542236328,31.084999084472656,8546095
2023-11-06 17:30:00,31.084999084472656,31.1200008392334,31.024999618530273,31.049999237060547,2049643
2023-11-06 18:30:00,31.05500030517578,31.139999389648438,30.969999313354492,31.1200008392334,2425848
2023-11-06 19:30:00,31.125,31.209999084472656,31.1200008392334,31.165000915527344,2275509
2023-11-06 20:30:00,31.15999984741211,31.190000534057617,31.110000610351562,31.18000030517578,2787095
2023-11-07 14:30:00,31.079999923706055,31.34000015258789,30.889999389648438,31.334999084472656,3456368
2023-11-07 15:30:00,31.334999084472656,31.385000228881836,31.059999465942383,31.126399993896484,2371089
2023-11-07 16:30:00,31.1200008392334,31.170000076293945,31.06999969482422,31.139999389648438,1487189
2023-11-07 17:30:00,31.13319969177246,31.225000381469727,31.100000381469727,31.170000076293945,1456116
2023-11-07 18:30:00,31.15999984741211,31.239999771118164,31.100000381469727,31.204999923706055,1662884
2023-11-07 19:30:00,31.204999923706055,31.28499984741211,31.190000534057617,31.2549991607666,1824941
2023-11-07 20:30:00,31.25550079345703,31.290000915527344,31.184999465942383,31.25,2228190
2023-11-08 14:30:00,30.920000076293945,31.299999237060547,30.920000076293945,31.264999389648438,3863533
2023-11-08 15:30:00,31.264999389648438,31.270000457763672,30.920000076293945,30.924999237060547,3243095
2023-11-08 16:30:00,30.929800033569336,30.950000762939453,30.665000915527344,30.67020034790039,2464376
2023-11-08 17:30:00,30.670000076293945,30.709999084472656,30.579999923706055,30.635000228881836,2120702
2023-11-08 18:30:00,30.63680076599121,30.729999542236328,30.610000610351562,30.63520050048828,2833020
2023-11-08 19:30:00,30.635299682617188,30.68000030517578,30.549999237060547,30.655000686645508,3420797
2023-11-08 20:30:00,30.652000427246094,30.84000015258789,30.635000228881836,30.815000534057617,5654396
2023-11-09 14:30:00,30.489999771118164,30.5049991607666,30.049999237060547,30.054000854492188,4240429
2023-11-09 15:30:00,30.05500030517578,30.139999389648438,29.989999771118164,30.136600494384766,5657273
2023-11-09 16:30:00,30.139999389648438,30.260000228881836,29.989999771118164,30.024999618530273,3056316
2023-11-09 17:30:00,30.022499084472656,30.100000381469727,29.8700008392334,29.875,2847666
2023-11-09 18:30:00,29.875,29.875999450683594,29.770000457763672,29.84000015258789,2945270
2023-11-09 19:30:00,29.829999923706055,29.850000381469727,29.719999313354492,29.725000381469727,3146970
2023-11-09 20:30:00,29.719999313354492,29.75,29.6299991607666,29.674999237060547,3390248
2023-11-10 14:30:00,29.75,29.815000534057617,29.139999389648438,29.155000686645508,5794785
2023-11-10 15:30:00,29.149999618530273,29.25,29.065000534057617,29.115999221801758,4091741
2023-11-10 16:30:00,29.110000610351562,29.200000762939453,29.024999618530273,29.19499969482422,4267565
2023-11-10 17:30:00,29.193700790405273,29.360000610351562,29.190000534057617,29.315000534057617,2833595
2023-11-10 18:30:00,29.315000534057617,29.469999313354492,29.309999465942383,29.43000030517578,2667665
2023-11-10 19:30:00,29.43000030517578,29.5,29.31999969482422,29.479999542236328,3614279
2023-11-10 20:30:00,29.479999542236328,29.559999465942383,29.395000457763672,29.450000762939453,6448665
2023-11-13 14:30:00,29.34000015258789,29.360000610351562,28.969999313354492,29.049999237060547,5419680
2023-11-13 15:30:00,29.05500030517578,29.1299991607666,28.989999771118164,29.024999618530273,3884157
2023-11-13 16:30:00,29.02989959716797,29.149700164794922,29.020000457763672,29.083099365234375,3288174
2023-11-13 17:30:00,29.079999923706055,29.100000381469727,28.975000381469727,29.024999618530273,2731760
2023-11-13 18:30:00,29.030000686645508,29.06999969482422,28.979999542236328,29.0049991607666,2454775
2023-11-13 19:30:00,29.0049991607666,29.100000381469727,28.959999084472656,29.084999084472656,2581077
2023-11-13 20:30:00,29.084999084472656,29.110000610351562,28.93000030517578,28.954999923706055,8532098
2023-11-14 14:30:00,29.09000015258789,29.56999969482422,28.989999771118164,29.459999084472656,8870304
2023-11-14 15:30:00,29.469999313354492,29.709999084472656,29.290000915527344,29.704999923706055,5134111
2023-11-14 16:30:00,29.704999923706055,29.709999084472656,29.459999084472656,29.559999465942383,3379315
2023-11-14 17:30:00,29.55500030517578,29.68000030517578,29.440000534057617,29.514999389648438,4982094
2023-11-14 18:30:00,29.514999389648438,29.549999237060547,29.420000076293945,29.44499969482422,2208795
2023-11-14 19:30:00,29.44499969482422,29.469999313354492,29.3700008392334,29.46500015258789,3854049
2023-11-14 20:30:00,29.465599060058594,29.479999542236328,29.190000534057617,29.2450008392334,6119662
2023-11-15 14:30:00,29.209999084472656,30.03499984741211,29.209999084472656,29.950000762939453,6567208
2023-11-15 15:30:00,29.94499969482422,30.06999969482422,29.81999969482422,29.825000762939453,3652880
2023-11-15 16:30:00,29.829999923706055,29.969999313354492,29.75,29.969900131225586,2960710
2023-11-15 17:30:00,29.96969985961914,30.190000534057617,29.924999237060547,30.065000534057617,3053669
2023-11-15 18:30:00,30.065000534057617,30.270000457763672,30.024999618530273,30.184999465942383,3334371
2023-11-15 19:30:00,30.185699462890625,30.329999923706055,30.15999984741211,30.30500030517578,3436759
2023-11-15 20:30:00,30.30500030517578,30.350000381469727,30.170000076293945,30.18000030517578,6449138
2023-11-16 14:30:00,30.270000457763672,30.450000762939453,29.709999084472656,29.735000610351562,5649396
2023-11-16 15:30:00,29.73590087890625,29.80660057067871,29.540000915527344,29.594999313354492,4091078
2023-11-16 16:30:00,29.600000381469727,29.610000610351562,29.469999313354492,29.529699325561523,3499860
2023-11-16 17:30:00,29.52429962158203,29.639999389648438,29.5,29.559999465942383,2233247
2023-11-16 18:30:00,29.565000534057617,29.610000610351562,29.510000228881836,29.540000915527344,2418609
2023-11-16 19:30:00,29.540000915527344,29.665000915527344,29.530000686645508,29.645000457763672,3291010
2023-11-16 20:30:00,29.645000457763672,29.799999237060547,29.610000610351562,29.780000686645508,5046125
2023-11-17 14:30:00,29.920000076293945,30.008899688720703,29.739999771118164,29.844999313354492,4168828
2023-11-17 15:30:00,29.844999313354492,29.889999389648438,29.770999908447266,29.834999084472656,2478568
2023-11-17 16:30:00,29.834999084472656,29.8799991607666,29.799999237060547,29.834999084472656,1911406
2023-11-17 17:30:00,29.834999084472656,29.899999618530273,29.809999465942383,29.837499618530273,2182710
2023-11-17 18:30:00,29.84000015258789,29.8799991607666,29.75,29.774999618530273,3640187
2023-11-17 19:30:00,29.774999618530273,29.90999984741211,29.760000228881836,29.87470054626465,2177531
2023-11-17 20:30:00,29.875,29.93000030517578,29.81999969482422,29.93000030517578,3488731
2023-11-20 14:30:00,29.899999618530273,30.100000381469727,29.760000228881836,29.942800521850586,3866224
2023-11-20 15:30:00,29.940000534057617,30.139999389648438,29.864999771118164,29.875,3349757
2023-11-20 16:30:00,29.8799991607666,29.979999542236328,29.834999084472656,29.84000015258789,2733660
2023-11-20 17:30:00,29.84000015258789,29.93000030517578,29.764999389648438,29.852500915527344,1818159
2023-11-20 18:30:00,29.864999771118164,30.09000015258789,29.860000610351562,30.014999389648438,3096748
2023-11-20 19:30:00,30.020000457763672,30.06999969482422,29.975000381469727,29.985000610351562,3406212
2023-11-20 20:30:00,29.989999771118164,30.049999237060547,29.959999084472656,29.989999771118164,3692678
2023-11-21 14:30:00,30.020000457763672,30.059999465942383,29.760000228881836,29.996999740600586,5558296
2023-11-21 15:30:00,29.9950008392334,30.239999771118164,29.969999313354492,30.1200008392334,2883401
2023-11-21 16:30:00,30.114999771118164,30.219999313354492,30.079999923706055,30.13610076904297,2198036
2023-11-21 17:30:00,30.139999389648438,30.239999771118164,30.059999465942383,30.1299991607666,1987412
2023-11-21 18:30:00,30.1299991607666,30.2450008392334,30.1200008392334,30.235000610351562,1834400
2023-11-21 19:30:00,30.235000610351562,30.239999771118164,30.15999984741211,30.204999923706055,2215703
2023-11-21 20:30:00,30.209999084472656,30.360000610351562,30.200000762939453,30.309999465942383,3550741
2023-11-22 14:30:00,30.389999389648438,30.576900482177734,30.139999389648438,30.200000762939453,5244199
2023-11-22 15:30:00,30.19499969482422,30.350000381469727,30.19499969482422,30.2450008392334,1747032
2023-11-22 16:30:00,30.2450008392334,30.309999465942383,30.15999984741211,30.239999771118164,1548170
2023-11-22 17:30:00,30.239999771118164,30.280000686645508,30.15999984741211,30.2549991607666,1802875
2023-11-22 18:30:00,30.2549991607666,30.3799991607666,30.2450008392334,30.33650016784668,1659315
2023-11-22 19:30:00,30.334999084472656,30.356000900268555,30.25,30.34000015258789,2028236
2023-11-22 20:30:00,30.34980010986328,30.360000610351562,30.309999465942383,30.309999465942383,2307875
2023-11-24 14:30:00,30.479999542236328,30.69499969482422,30.3799991607666,30.614999771118164,3771592
2023-11-24 15:30:00,30.614999771118164,30.700000762939453,30.59000015258789,30.655000686645508,2303919
2023-11-24 16:30:00,30.658000946044922,30.674999237060547,30.549999237060547,30.59000015258789,1657535
2023-11-27 14:30:00,30.75,30.75,30.334999084472656,30.510000228881836,3878740
2023-11-27 15:30:00,30.5049991607666,30.520000457763672,30.25,30.30500030517578,2936099
2023-11-27 16:30:00,30.309999465942383,30.315000534057617,30.110000610351562,30.1200008392334,2748595
2023-11-27 17:30:00,30.1200008392334,30.15999984741211,30.06999969482422,30.104999542236328,2202556
2023-11-27 18:30:00,30.104999542236328,30.125,30.030000686645508,30.104999542236328,2534010
2023-11-27 19:30:00,30.109899520874023,30.110000610351562,30.030000686645508,30.045000076293945,3001517
2023-11-27 20:30:00,30.045000076293945,30.149999618530273,30.030000686645508,30.139999389648438,3278691
2023-11-28 14:30:00,30.110000610351562,30.110000610351562,29.81999969482422,29.854999542236328,5085094
2023-11-28 15:30:00,29.854999542236328,29.944700241088867,29.81999969482422,29.927499771118164,2968591
2023-11-28 16:30:00,29.93000030517578,30.0,29.833999633789062,29.920000076293945,2711343
2023-11-28 17:30:00,29.920000076293945,29.920000076293945,29.724000930786133,29.75749969482422,3058723
2023-11-28 18:30:00,29.7549991607666,29.760000228881836,29.649999618530273,29.665599822998047,3358154
2023-11-28 19:30:00,29.670000076293945,29.709999084472656,29.639999389648438,29.684999465942383,3728650
2023-11-28 20:30:00,29.684999465942383,29.709999084472656,29.635000228881836,29.700000762939453,4854729
2023-11-29 14:30:00,29.770000457763672,30.190000534057617,29.725000381469727,30.114999771118164,5354348
2023-11-29 15:30:00,30.112499237060547,30.219999313354492,29.899999618530273,29.954999923706055,3533793
2023-11-29 16:30:00,29.958999633789062,30.09000015258789,29.950000762939453,30.027799606323242,2189420
2023-11-29 17:30:00,30.02899932861328,30.1200008392334,29.979999542236328,30.110000610351562,2078237
2023-11-29 18:30:00,30.118999481201172,30.135000228881836,30.049999237060547,30.06999969482422,2769325
2023-11-29 19:30:00,30.069000244140625,30.079999923706055,29.959999084472656,30.014999389648438,3155404
2023-11-29 20:30:00,30.014999389648438,30.100000381469727,30.0,30.079999923706055,4478924
2023-11-30 14:30:00,30.309999465942383,30.309999465942383,29.959999084472656,30.195499420166016,4910732
2023-11-30 15:30:00,30.19499969482422,30.510000228881836,30.1299991607666,30.405000686645508,4639668
2023-11-30 16:30:00,30.405000686645508,30.510000228881836,30.34000015258789,30.354999542236328,2929234
2023-11-30 17:30:00,30.354999542236328,30.459999084472656,30.329999923706055,30.3799991607666,2430688
2023-11-30 18:30:00,30.3799991607666,30.46500015258789,30.299999237060547,30.375,2388764
2023-11-30 19:30:00,30.3799991607666,30.440000534057617,30.239999771118164,30.274999618530273,2738590
2023-11-30 20:30:00,30.274999618530273,30.510000228881836,30.239999771118164,30.43000030517578,6785645
2023-12-01 14:30:00,28.969999313354492,29.059999465942383,28.299999237060547,28.799999237060547,35478630
2023-12-01 15:30:00,28.80500030517578,29.280000686645508,28.764999389648438,29.170000076293945,13959080
2023-12-01 16:30:00,29.165000915527344,29.399999618530273,29.049999237060547,29.25,8505534
2023-12-01 17:30:00,29.25,29.270000457763672,29.06999969482422,29.13010025024414,8493940
2023-12-01 18:30:00,29.135000228881836,29.270000457763672,28.90999984741211,28.959999084472656,8381033
2023-12-01 19:30:00,28.954999923706055,28.959999084472656,28.645000457763672,28.875,10271814
2023-12-01 20:30:00,28.875,28.940000534057617,28.829999923706055,28.90999984741211,12234411
2023-12-04 14:30:00,29.260000228881836,29.6299991607666,29.070100784301758,29.399900436401367,11737925
2023-12-04 15:30:00,29.399999618530273,29.639999389648438,29.360000610351562,29.475900650024414,6198197
2023-12-04 16:30:00,29.479999542236328,29.559999465942383,29.389999389648438,29.4950008392334,3851529
2023-12-04 17:30:00,29.4950008392334,29.6200008392334,29.469999313354492,29.53499984741211,4091336
2023-12-04 18:30:00,29.530000686645508,29.540000915527344,29.350000381469727,29.354999542236328,3385331
2023-12-04 19:30:00,29.360000610351562,29.420000076293945,29.299999237060547,29.325000762939453,4248639
2023-12-04 20:30:00,29.329999923706055,29.34000015258789,29.18000030517578,29.260000228881836,7158525
2023-12-05 14:30:00,29.209999084472656,29.600000381469727,29.1299991607666,29.46500015258789,9484927
2023-12-05 15:30:00,29.469999313354492,29.549999237060547,29.2450008392334,29.364999771118164,5386833
2023-12-05 16:30:00,29.364999771118164,29.3799991607666,29.094999313354492,29.139999389648438,3231940
2023-12-05 17:30:00,29.145700454711914,29.200000762939453,29.09000015258789,29.200000762939453,4168092
2023-12-05 18:30:00,29.19499969482422,29.280000686645508,29.1299991607666,29.174999237060547,2648042
2023-12-05 19:30:00,29.174999237060547,29.260000228881836,29.1200008392334,29.2450008392334,3590719
2023-12-05 20:30:00,29.25,29.280000686645508,29.06999969482422,29.079999923706055,6076109
2023-12-06 14:30:00,29.09000015258789,29.31999969482422,29.010000228881836,29.26799964904785,4907830
2023-12-06 15:30:00,29.264999389648438,29.399999618530273,29.25,29.36709976196289,3287176
2023-12-06 16:30:00,29.36370086669922,29.3700008392334,29.09000015258789,29.145000457763672,2926772
2023-12-06 17:30:00,29.145000457763672,29.219999313354492,29.040000915527344,29.06999969482422,3242191
2023-12-06 18:30:00,29.059999465942383,29.065000534057617,28.924999237060547,28.924999237060547,3935499
2023-12-06 19:30:00,28.924100875854492,28.940000534057617,28.760000228881836,28.770999908447266,4921266
2023-12-06 20:30:00,28.774999618530273,28.81999969482422,28.71500015258789,28.80500030517578,5579451
2023-12-07 14:30:00,28.81999969482422,28.8700008392334,28.510000228881836,28.540000915527344,8161214
2023-12-07 15:30:00,28.545000076293945,28.81999969482422,28.5,28.799999237060547,5011010
2023-12-07 16:30:00,28.799999237060547,28.895000457763672,28.68000030517578,28.7450008392334,3326667
2023-12-07 17:30:00,28.75,28.850000381469727,28.719999313354492,28.816200256347656,2306897
2023-12-07 18:30:00,28.809999465942383,28.860000610351562,28.729999542236328,28.739999771118164,2623305
2023-12-07 19:30:00,28.7450008392334,28.760000228881836,28.670000076293945,28.690000534057617,3358445
2023-12-07 20:30:00,28.684999465942383,28.709999084472656,28.600000381469727,28.6299991607666,4217962
2023-12-08 14:30:00,28.649999618530273,28.84000015258789,28.59000015258789,28.729900360107422,6182592
2023-12-08 15:30:00,28.729999542236328,28.96500015258789,28.649999618530273,28.829999923706055,5978080
2023-12-08 16:30:00,28.834999084472656,28.850000381469727,28.684999465942383,28.749900817871094,2796080
2023-12-08 17:30:00,28.75,28.809999465942383,28.704999923706055,28.756799697875977,2338059
2023-12-08 18:30:00,28.755300521850586,28.84000015258789,28.665000915527344,28.834999084472656,2745197
2023-12-08 19:30:00,28.84000015258789,28.898799896240234,28.739999771118164,28.774999618530273,3545550
2023-12-08 20:30:00,28.776199340820312,28.850000381469727,28.739999771118164,28.780000686645508,4128745
2023-12-11 14:30:00,28.706100463867188,28.738000869750977,28.44930076599121,28.540000915527344,8874743
2023-12-11 15:30:00,28.540000915527344,28.600000381469727,28.434999465942383,28.559999465942383,5174981
2023-12-11 16:30:00,28.557300567626953,28.59000015258789,28.475000381469727,28.53499984741211,4002341
2023-12-11 17:30:00,28.53499984741211,28.59000015258789,28.5049991607666,28.514999389648438,3330035
2023-12-11 18:30:00,28.514999389648438,28.579999923706055,28.510000228881836,28.540000915527344,3530201
2023-12-11 19:30:00,28.534099578857422,28.56999969482422,28.485000610351562,28.549999237060547,4374046
2023-12-11 20:30:00,28.540000915527344,28.65999984741211,28.520000457763672,28.635000228881836,4053962
2023-12-12 14:30:00,28.6200008392334,28.860000610351562,28.350000381469727,28.639999389648438,10535322
2023-12-12 15:30:00,28.635000228881836,28.709999084472656,28.5,28.542699813842773,5205736
2023-12-12 16:30:00,28.545000076293945,28.729999542236328,28.530000686645508,28.69499969482422,4766028
2023-12-12 17:30:00,28.69499969482422,28.729999542236328,28.6299991607666,28.709999084472656,4631656
2023-12-12 18:30:00,28.709999084472656,28.719999313354492,28.5,28.565000534057617,5731946
2023-12-12 19:30:00,28.56060028076172,28.706100463867188,28.530000686645508,28.684999465942383,6546196
2023-12-12 20:30:00,28.684999465942383,28.69499969482422,28.540000915527344,28.583999633789062,6656427
2023-12-13 14:30:00,26.280000686645508,26.6299991607666,25.760000228881836,26.295000076293945,62168770
2023-12-13 15:30:00,26.295000076293945,26.360000610351562,25.969999313354492,26.18000030517578,20807892
2023-12-13 16:30:00,26.18000030517578,26.579999923706055,26.170000076293945,26.475000381469727,15283723
2023-12-13 17:30:00,26.479999542236328,26.56999969482422,26.239999771118164,26.308500289916992,10512810
2023-12-13 18:30:00,26.302499771118164,26.3700008392334,26.18000030517578,26.34630012512207,9259458
2023-12-13 19:30:00,26.344999313354492,26.68000030517578,26.309999465942383,26.663299560546875,14551638
2023-12-13 20:30:00,26.65999984741211,26.729999542236328,26.59000015258789,26.65999984741211,13564257
2023-12-14 14:30:00,26.75,27.315000534057617,26.530000686645508,26.55500030517578,23610723
2023-12-14 15:30:00,26.55500030517578,26.600000381469727,26.31999969482422,26.399999618530273,13562372
2023-12-14 16:30:00,26.405000686645508,26.469999313354492,26.299999237060547,26.315000534057617,11800785
2023-12-14 17:30:00,26.309999465942383,26.360000610351562,26.200000762939453,26.209999084472656,10142460
2023-12-14 18:30:00,26.21500015258789,26.295000076293945,26.100000381469727,26.125,10156476
2023-12-14 19:30:00,26.125,26.159900665283203,26.010000228881836,26.030000686645508,11360958
2023-12-14 20:30:00,26.03499984741211,26.139999389648438,26.030000686645508,26.1299991607666,13332425
2023-12-15 14:30:00,26.229999542236328,26.700000762939453,26.100000381469727,26.670000076293945,25566033
2023-12-15 15:30:00,26.665000915527344,26.829999923706055,26.530000686645508,26.704999923706055,10783906
2023-12-15 16:30:00,26.70009994506836,26.98940086364746,26.690000534057617,26.975000381469727,7994070
2023-12-15 17:30:00,26.975000381469727,26.985000610351562,26.729999542236328,26.766599655151367,5666581
2023-12-15 18:30:00,26.765300750732422,26.860000610351562,26.639999389648438,26.645000457763672,5547883
2023-12-15 19:30:00,26.649999618530273,26.709999084472656,26.59000015258789,26.604999542236328,6184070
2023-12-15 20:30:00,26.604999542236328,26.700000762939453,26.530000686645508,26.600000381469727,11076826
2023-12-18 14:30:00,26.920000076293945,27.299999237060547,26.850000381469727,26.969999313354492,12818805
2023-12-18 15:30:00,26.975000381469727,27.139999389648438,26.959999084472656,27.125,7226324
2023-12-18 16:30:00,27.1299991607666,27.219999313354492,27.020000457763672,27.030000686645508,7201173
2023-12-18 17:30:00,27.024999618530273,27.100000381469727,26.889999389648438,26.94659996032715,6787031
2023-12-18 18:30:00,26.946199417114258,26.959999084472656,26.719999313354492,26.790000915527344,7590717
2023-12-18 19:30:00,26.795499801635742,26.959999084472656,26.780000686645508,26.915000915527344,6490731
2023-12-18 20:30:00,26.920000076293945,27.059900283813477,26.899999618530273,27.049999237060547,7105861
2023-12-19 14:30:00,27.280000686645508,27.850000381469727,27.270000457763672,27.709999084472656,14268820
2023-12-19 15:30:00,27.717500686645508,27.969999313354492,27.709999084472656,27.7549991607666,8222095
2023-12-19 16:30:00,27.759899139404297,27.799999237060547,27.65999984741211,27.739999771118164,5013777
2023-12-19 17:30:00,27.743799209594727,28.075000762939453,27.739999771118164,28.059799194335938,10353207
2023-12-19 18:30:00,28.059900283813477,28.239999771118164,27.950000762939453,27.986499786376953,8058254
2023-12-19 19:30:00,27.979999542236328,28.100000381469727,27.969999313354492,28.065000534057617,7211450
2023-12-19 20:30:00,28.064800262451172,28.190000534057617,28.020000457763672,28.149999618530273,8401471
2023-12-20 14:30:00,28.190000534057617,28.260000228881836,27.709999084472656,27.7450008392334,12766284
2023-12-20 15:30:00,27.7450008392334,27.899999618530273,27.739999771118164,27.881900787353516,6351558
2023-12-20 16:30:00,27.885000228881836,28.08989906311035,27.809999465942383,28.01580047607422,6047604
2023-12-20 17:30:00,28.020000457763672,28.110000610351562,27.969999313354492,28.0,4557213
2023-12-20 18:30:00,28.0,28.020000457763672,27.860000610351562,27.887699127197266,4962746
2023-12-20 19:30:00,27.889999389648438,27.920000076293945,27.68000030517578,27.684999465942383,6458548
2023-12-20 20:30:00,27.690000534057617,27.75,27.610000610351562,27.6299991607666,6883292
2023-12-21 14:30:00,27.860000610351562,28.209999084472656,27.780000686645508,28.084999084472656,8802182
2023-12-21 15:30:00,28.084999084472656,28.360000610351562,28.06999969482422,28.28730010986328,6429131
2023-12-21 16:30:00,28.28499984741211,28.31999969482422,28.059999465942383,28.110000610351562,5272329
2023-12-21 17:30:00,28.110000610351562,28.200000762939453,28.0,28.08679962158203,4787744
2023-12-21 18:30:00,28.09000015258789,28.1299991607666,28.049999237060547,28.094999313354492,3042775
2023-12-21 19:30:00,28.100000381469727,28.165000915527344,28.020000457763672,28.15999984741211,3938459
2023-12-21 20:30:00,28.170000076293945,28.329999923706055,28.13010025024414,28.299999237060547,5226226
2023-12-22 14:30:00,28.440000534057617,28.790000915527344,28.40999984741211,28.53499984741211,9105629
2023-12-22 15:30:00,28.540000915527344,28.600000381469727,28.350000381469727,28.454999923706055,4713648
2023-12-22 16:30:00,28.454999923706055,28.5,28.3799991607666,28.396900177001953,2860648
2023-12-22 17:30:00,28.392099380493164,28.450000762939453,28.350000381469727,28.44499969482422,2703788
2023-12-22 18:30:00,28.450000762939453,28.469999313354492,28.200000762939453,28.21500015258789,4277525
2023-12-22 19:30:00,28.21739959716797,28.399999618530273,28.18000030517578,28.39310073852539,4039230
2023-12-22 20:30:00,28.399999618530273,28.420000076293945,28.34000015258789,28.399999618530273,4331821
2023-12-26 14:30:00,28.424999237060547,28.530000686645508,28.34000015258789,28.43269920349121,5819980
2023-12-26 15:30:00,28.43000030517578,28.454999923706055,28.299999237060547,28.311399459838867,3951338
2023-12-26 16:30:00,28.309999465942383,28.350000381469727,28.28499984741211,28.30500030517578,3405783
2023-12-26 17:30:00,28.3031005859375,28.40999984741211,28.25,28.3799991607666,2972133
2023-12-26 18:30:00,28.3799991607666,28.399999618530273,28.329999923706055,28.370100021362305,3146407
2023-12-26 19:30:00,28.375699996948242,28.459999084472656,28.34000015258789,28.434999465942383,4146438
2023-12-26 20:30:00,28.4325008392334,28.469999313354492,28.3799991607666,28.40999984741211,4556668
2023-12-27 14:30:00,28.469999313354492,28.59000015258789,28.309999465942383,28.569900512695312,6138722
2023-12-27 15:30:00,28.565000534057617,28.700000762939453,28.5,28.624000549316406,6051638
2023-12-27 16:30:00,28.625,28.670000076293945,28.549999237060547,28.64780044555664,3814736
2023-12-27 17:30:00,28.645000457763672,28.700000762939453,28.545000076293945,28.678499221801758,3422856
2023-12-27 18:30:00,28.677000045776367,28.729900360107422,28.53499984741211,28.594999313354492,4171297
2023-12-27 19:30:00,28.594999313354492,28.614999771118164,28.5,28.53580093383789,3761950
2023-12-27 20:30:00,28.53499984741211,28.639999389648438,28.520000457763672,28.6299991607666,3947142
2023-12-28 14:30:00,28.610000610351562,29.030000686645508,28.581899642944336,28.864999771118164,6995154
2023-12-28 15:30:00,28.864999771118164,28.895000457763672,28.760000228881836,28.860000610351562,4145905
2023-12-28 16:30:00,28.853099822998047,28.889999389648438,28.770000457763672,28.785400390625,3925067
2023-12-28 17:30:00,28.780000686645508,28.860000610351562,28.770000457763672,28.806100845336914,2884936
2023-12-28 18:30:00,28.806499481201172,28.84000015258789,28.760000228881836,28.795000076293945,2708430
2023-12-28 19:30:00,28.795000076293945,28.81999969482422,28.760000228881836,28.79319953918457,2503831
2023-12-28 20:30:00,28.795299530029297,28.809999465942383,28.760000228881836,28.80500030517578,4254561
2023-12-29 14:30:00,28.780000686645508,28.868900299072266,28.6299991607666,28.639999389648438,5354055
2023-12-29 15:30:00,28.645000457763672,28.700000762939453,28.600000381469727,28.66900062561035,3591990
2023-12-29 16:30:00,28.670000076293945,28.700000762939453,28.540000915527344,28.594999313354492,3163568
2023-12-29 17:30:00,28.59480094909668,28.700000762939453,28.552499771118164,28.665000915527344,2772691
2023-12-29 18:30:00,28.665000915527344,28.700000762939453,28.600000381469727,28.6200008392334,2523521
2023-12-29 19:30:00,28.6299991607666,28.68000030517578,28.579999923706055,28.6697998046875,3294967
2023-12-29 20:30:00,28.665000915527344,28.799999237060547,28.610000610351562,28.790000915527344,5441258
2024-01-02 14:30:00,28.8799991607666,29.959999084472656,28.829999923706055,29.93899917602539,13441565
2024-01-02 15:30:00,29.931699752807617,30.278799057006836,29.809999465942383,29.875,10957192
2024-01-02 16:30:00,29.875,30.079999923706055,29.860000610351562,30.024999618530273,5189122
2024-01-02 17:30:00,30.024999618530273,30.219999313354492,30.010000228881836,30.024999618530273,4642961
2024-01-02 18:30:00,30.020000457763672,30.1200008392334,29.889999389648438,29.93000030517578,4162538
2024-01-02 19:30:00,29.924999237060547,29.94499969482422,29.770000457763672,29.791000366210938,5116445
2024-01-02 20:30:00,29.792800903320312,29.799999237060547,29.690000534057617,29.770000457763672,8173195
2024-01-03 14:30:00,30.0,30.035900115966797,29.40999984741211,29.85260009765625,13505246
2024-01-03 15:30:00,29.860000610351562,29.920000076293945,29.709999084472656,29.764999389648438,5288498
2024-01-03 16:30:00,29.764999389648438,29.8700008392334,29.68000030517578,29.769899368286133,4073158
2024-01-03 17:30:00,29.764999389648438,29.8700008392334,29.729999542236328,29.829999923706055,3060664
2024-01-03 18:30:00,29.829999923706055,30.0,29.809999465942383,29.961000442504883,3658972
2024-01-03 19:30:00,29.965999603271484,29.979999542236328,29.65999984741211,29.71500015258789,3654715
2024-01-03 20:30:00,29.710100173950195,29.790000915527344,29.690000534057617,29.719999313354492,3584815
2024-01-04 14:30:00,29.790000915527344,29.950000762939453,29.125,29.270000457763672,10272641
2024-01-04 15:30:00,29.270000457763672,29.329999923706055,29.100000381469727,29.204999923706055,5775840
2024-01-04 16:30:00,29.204999923706055,29.290000915527344,29.060100555419922,29.09000015258789,5278023
2024-01-04 17:30:00,29.079999923706055,29.209999084472656,29.030000686645508,29.15839958190918,3370369
2024-01-04 18:30:00,29.155000686645508,29.229999542236328,29.030000686645508,29.065000534057617,3488582
2024-01-04 19:30:00,29.065000534057617,29.209999084472656,29.049999237060547,29.197099685668945,4536103
2024-01-04 20:30:00,29.19499969482422,29.21500015258789,29.06999969482422,29.100000381469727,5665594
2024-01-05 14:30:00,29.020000457763672,29.299999237060547,28.75,29.217500686645508,8651929
2024-01-05 15:30:00,29.21500015258789,29.469999313354492,29.21500015258789,29.37310028076172,4245203
2024-01-05 16:30:00,29.3799991607666,29.3799991607666,29.210100173950195,29.260000228881836,3260628
2024-01-05 17:30:00,29.259700775146484,29.280000686645508,29.100000381469727,29.264999389648438,3000922
2024-01-05 18:30:00,29.270000457763672,29.350000381469727,29.2450008392334,29.274999618530273,2489647
2024-01-05 19:30:00,29.274999618530273,29.350000381469727,29.25,29.34000015258789,3075614
2024-01-05 20:30:00,29.334999084472656,29.489999771118164,29.270000457763672,29.459999084472656,4509368
2024-01-08 14:30:00,29.360000610351562,29.527599334716797,29.17009925842285,29.354999542236328,6571203
2024-01-08 15:30:00,29.360000610351562,29.489999771118164,29.34000015258789,29.47330093383789,3127257
2024-01-08 16:30:00,29.475000381469727,29.59000015258789,29.420000076293945,29.545000076293945,2956656
2024-01-08 17:30:00,29.545000076293945,29.6200008392334,29.5,29.520000457763672,3145017
2024-01-08 18:30:00,29.524999618530273,29.670000076293945,29.479999542236328,29.65880012512207,2658482
2024-01-08 19:30:00,29.655000686645508,29.68000030517578,29.56999969482422,29.584999084472656,3700548
2024-01-08 20:30:00,29.584999084472656,29.6200008392334,29.554000854492188,29.59000015258789,4228112
2024-01-09 14:30:00,29.600000381469727,29.860000610351562,29.3700008392334,29.665000915527344,6916617
2024-01-09 15:30:00,29.665000915527344,29.736000061035156,29.389999389648438,29.424999237060547,3764193
2024-01-09 16:30:00,29.424999237060547,29.655000686645508,29.399999618530273,29.584999084472656,6951905
2024-01-09 17:30:00,29.58139991760254,29.6200008392334,29.450000762939453,29.46500015258789,3101145
2024-01-09 18:30:00,29.459999084472656,29.520000457763672,29.360000610351562,29.370899200439453,3009969
2024-01-09 19:30:00,29.3700008392334,29.459999084472656,29.31999969482422,29.399999618530273,3903712
2024-01-09 20:30:00,29.399999618530273,29.450000762939453,29.3700008392334,29.389999389648438,5158851
2024-01-10 14:30:00,29.360000610351562,29.389999389648438,29.040000915527344,29.059999465942383,6209697
2024-01-10 15:30:00,29.06719970703125,29.084999084472656,28.8799991607666,28.956199645996094,6385880
2024-01-10 16:30:00,28.95680046081543,28.969999313354492,28.875,28.940000534057617,4433352
2024-01-10 17:30:00,28.94499969482422,28.96500015258789,28.8799991607666,28.899999618530273,3191869
2024-01-10 18:30:00,28.905000686645508,29.009899139404297,28.8799991607666,29.0,3443518
2024-01-10 19:30:00,29.0,29.100000381469727,28.950000762939453,28.969999313354492,3553422
2024-01-10 20:30:00,28.96500015258789,29.020000457763672,28.940000534057617,28.979999542236328,4343513
2024-01-11 14:30:00,28.829999923706055,28.915000915527344,28.270000457763672,28.386600494384766,11062933
2024-01-11 15:30:00,28.3799991607666,28.46500015258789,28.295000076293945,28.405000686645508,7582364
2024-01-11 16:30:00,28.405000686645508,28.4950008392334,28.309999465942383,28.3966007232666,4737189
2024-01-11 17:30:00,28.399999618530273,28.485000610351562,28.3700008392334,28.429899215698242,4273130
2024-01-11 18:30:00,28.423599243164062,28.489999771118164,28.399999618530273,28.47610092163086,2523012
2024-01-11 19:30:00,28.479999542236328,28.489999771118164,28.31999969482422,28.350000381469727,3541042
2024-01-11 20:30:00,28.350000381469727,28.415000915527344,28.31999969482422,28.405000686645508,6291328
2024-01-12 14:30:00,28.459999084472656,28.940000534057617,28.440000534057617,28.649999618530273,7100093
2024-01-12 15:30:00,28.655000686645508,28.84709930419922,28.600000381469727,28.809999465942383,3678900
2024-01-12 16:30:00,28.8164005279541,28.84000015258789,28.709999084472656,28.733299255371094,2387225
2024-01-12 17:30:00,28.739999771118164,28.75,28.6200008392334,28.639999389648438,2160631
2024-01-12 18:30:00,28.639999389648438,28.729999542236328,28.6200008392334,28.684999465942383,1877798
2024-01-12 19:30:00,28.684999465942383,28.799999237060547,28.579999923706055,28.7450008392334,3870389
2024-01-12 20:30:00,28.7450008392334,28.760000228881836,28.65999984741211,28.670000076293945,4094055
2024-01-16 14:30:00,28.709999084472656,28.719999313354492,28.219999313354492,28.43000030517578,7042900
2024-01-16 15:30:00,28.43000030517578,28.459999084472656,28.31999969482422,28.40999984741211,4169832
2024-01-16 16:30:00,28.415000915527344,28.5,28.325000762939453,28.325000762939453,3314999
2024-01-16 17:30:00,28.325000762939453,28.350000381469727,28.270000457763672,28.315000534057617,3132071
2024-01-16 18:30:00,28.314800262451172,28.334999084472656,28.25,28.287500381469727,3404499
2024-01-16 19:30:00,28.284500122070312,28.350000381469727,28.260000228881836,28.295000076293945,3023725
2024-01-16 20:30:00,28.295000076293945,28.31999969482422,28.2549991607666,28.309999465942383,4078689
2024-01-17 14:30:00,28.15999984741211,28.530000686645508,27.93000030517578,28.204999923706055,7942330
2024-01-17 15:30:00,28.20240020751953,28.290000915527344,28.1200008392334,28.131000518798828,3293846
2024-01-17 16:30:00,28.1299991607666,28.15999984741211,28.020000457763672,28.109800338745117,3430104
2024-01-17 17:30:00,28.104999542236328,28.139999389648438,28.049999237060547,28.082700729370117,3041141
2024-01-17 18:30:00,28.079999923706055,28.11680030822754,28.0,28.104999542236328,2588731
2024-01-17 19:30:00,28.110000610351562,28.149999618530273,28.03499984741211,28.114999771118164,3141542
2024-01-17 20:30:00,28.114999771118164,28.18829917907715,28.09000015258789,28.139999389648438,4258935
2024-01-18 14:30:00,28.040000915527344,28.09000015258789,27.649999618530273,27.719999313354492,14062396
2024-01-18 15:30:00,27.725000381469727,27.770000457763672,27.600000381469727,27.665000915527344,6292568
2024-01-18 16:30:00,27.65999984741211,27.725000381469727,27.610000610351562,27.655000686645508,4055544
2024-01-18 17:30:00,27.654499053955078,27.850000381469727,27.6299991607666,27.833900451660156,3906564
2024-01-18 18:30:00,27.839000701904297,28.059999465942383,27.809999465942383,28.045700073242188,3512461
2024-01-18 19:30:00,28.040000915527344,28.1299991607666,28.010000228881836,28.094999313354492,4215639
2024-01-18 20:30:00,28.094999313354492,28.110000610351562,28.040000915527344,28.079999923706055,5578876
2024-01-19 14:30:00,28.030000686645508,28.260000228881836,27.93000030517578,28.209999084472656,8103770
2024-01-19 15:30:00,28.204999923706055,28.329999923706055,28.190000534057617,28.325000762939453,3239901
2024-01-19 16:30:00,28.329999923706055,28.329999923706055,28.1200008392334,28.135000228881836,2811758
2024-01-19 17:30:00,28.135000228881836,28.19499969482422,28.06999969482422,28.190000534057617,2451317
2024-01-19 18:30:00,28.190000534057617,28.344999313354492,28.155000686645508,28.334999084472656,2602089
2024-01-19 19:30:00,28.334999084472656,28.3799991607666,28.229999542236328,28.295000076293945,3523481
2024-01-19 20:30:00,28.295000076293945,28.34000015258789,28.219999313354492,28.290000915527344,4917948
2024-01-22 14:30:00,28.110000610351562,28.6200008392334,27.93000030517578,28.475000381469727,7731575
2024-01-22 15:30:00,28.479999542236328,28.5,28.040000915527344,28.049999237060547,5990416
2024-01-22 16:30:00,28.049999237060547,28.18000030517578,28.010000228881836,28.16360092163086,4904692
2024-01-22 17:30:00,28.16990089416504,28.299999237060547,28.10460090637207,28.298999786376953,2844717
2024-01-22 18:30:00,28.291500091552734,28.344999313354492,28.209999084472656,28.3085994720459,3375288
2024-01-22 19:30:00,28.30500030517578,28.350000381469727,28.239999771118164,28.32270050048828,2917374
2024-01-22 20:30:00,28.31999969482422,28.389999389648438,28.290000915527344,28.315000534057617,4878398
2024-01-23 14:30:00,28.440000534057617,28.649999618530273,28.170000076293945,28.3700008392334,6326005
2024-01-23 15:30:00,28.371700286865234,28.399999618530273,28.229999542236328,28.270000457763672,4084164
2024-01-23 16:30:00,28.260000228881836,28.309999465942383,28.200000762939453,28.264999389648438,4703241
2024-01-23 17:30:00,28.264999389648438,28.280000686645508,28.149999618530273,28.174999237060547,3006591
2024-01-23 18:30:00,28.174999237060547,28.40999984741211,28.170000076293945,28.329999923706055,3436604
2024-01-23 19:30:00,28.333200454711914,28.459999084472656,28.309999465942383,28.454999923706055,3045565
2024-01-23 20:30:00,28.455699920654297,28.469999313354492,28.40999984741211,28.440000534057617,3804186
2024-01-24 14:30:00,28.540000915527344,28.684999465942383,28.3799991607666,28.62380027770996,6992339
2024-01-24 15:30:00,28.629899978637695,28.774999618530273,28.600000381469727,28.645000457763672,5236790
2024-01-24 16:30:00,28.645000457763672,28.690000534057617,28.5,28.524999618530273,4341455
2024-01-24 17:30:00,28.524999618530273,28.549999237060547,28.360000610351562,28.389999389648438,4035513
2024-01-24 18:30:00,28.399999618530273,28.469999313354492,28.350000381469727,28.40999984741211,3400624
2024-01-24 19:30:00,28.415000915527344,28.489999771118164,28.399999618530273,28.424999237060547,3062976
2024-01-24 20:30:00,28.43000030517578,28.450000762939453,28.329999923706055,28.329999923706055,5173060
2024-01-25 14:30:00,27.8799991607666,27.920000076293945,27.489999771118164,27.625,10839052
2024-01-25 15:30:00,27.628700256347656,27.655000686645508,27.479999542236328,27.565000534057617,5344970
2024-01-25 16:30:00,27.559999465942383,27.594999313354492,27.5,27.52549934387207,3785106
2024-01-25 17:30:00,27.524999618530273,27.540000915527344,27.459999084472656,27.5,4388846
2024-01-25 18:30:00,27.4950008392334,27.65999984741211,27.44499969482422,27.639999389648438,4608703
2024-01-25 19:30:00,27.639999389648438,27.649999618530273,27.485000610351562,27.4950008392334,4813159
2024-01-25 20:30:00,27.4950008392334,27.56999969482422,27.459999084472656,27.469999313354492,8248280
2024-01-26 14:30:00,27.6299991607666,27.90999984741211,27.479999542236328,27.545000076293945,8689816
2024-01-26 15:30:00,27.540000915527344,27.628400802612305,27.360000610351562,27.448200225830078,9342511
2024-01-26 16:30:00,27.44499969482422,27.649999618530273,27.405000686645508,27.59630012512207,6514432
2024-01-26 17:30:00,27.594999313354492,27.6200008392334,27.4950008392334,27.524999618530273,4133616
2024-01-26 18:30:00,27.530000686645508,27.559999465942383,27.469999313354492,27.545499801635742,2821801
2024-01-26 19:30:00,27.545000076293945,27.559999465942383,27.459999084472656,27.479999542236328,3626421
2024-01-26 20:30:00,27.479999542236328,27.55500030517578,27.44499969482422,27.46500015258789,5709389
2024-01-29 14:30:00,27.520000457763672,27.549999237060547,27.309999465942383,27.44499969482422,9095475
2024-01-29 15:30:00,27.44499969482422,27.520000457763672,27.3799991607666,27.3799991607666,5958144
2024-01-29 16:30:00,27.3799991607666,27.44569969177246,27.34000015258789,27.415000915527344,6226814
2024-01-29 17:30:00,27.415000915527344,27.5,27.40999984741211,27.469999313354492,4524697
2024-01-29 18:30:00,27.475000381469727,27.627300262451172,27.459999084472656,27.59510040283203,7539204
2024-01-29 19:30:00,27.594999313354492,27.6299991607666,27.510000228881836,27.565000534057617,15307869
2024-01-29 20:30:00,27.565000534057617,27.59000015258789,27.43000030517578,27.469999313354492,12251014
2024-01-30 14:30:00,27.889999389648438,28.3700008392334,27.020000457763672,27.219999313354492,30263358
2024-01-30 15:30:00,27.219999313354492,27.239999771118164,26.950000762939453,27.17690086364746,10050006
2024-01-30 16:30:00,27.173999786376953,27.459999084472656,27.1299991607666,27.334999084472656,7766396
2024-01-30 17:30:00,27.344999313354492,27.344999313354492,27.040000915527344,27.114999771118164,5584081
2024-01-30 18:30:00,27.114599227905273,27.190000534057617,27.010000228881836,27.017499923706055,5872435
2024-01-30 19:30:00,27.020000457763672,27.1299991607666,27.0049991607666,27.125,6850162
2024-01-30 20:30:00,27.127500534057617,27.149999618530273,27.0,27.020000457763672,9107959
2024-01-31 14:30:00,27.170000076293945,27.200000762939453,26.780000686645508,26.981700897216797,15540347
2024-01-31 15:30:00,26.985000610351562,27.3700008392334,26.90999984741211,27.260000228881836,11529078
2024-01-31 16:30:00,27.260000228881836,27.459999084472656,27.219999313354492,27.434999465942383,6748156
2024-01-31 17:30:00,27.434999465942383,27.479999542236328,27.344999313354492,27.3799991607666,8141098
2024-01-31 18:30:00,27.3700008392334,27.440000534057617,27.299999237060547,27.360000610351562,5588068
2024-01-31 19:30:00,27.360000610351562,27.510299682617188,27.170000076293945,27.170000076293945,8739027
2024-01-31 20:30:00,27.174999237060547,27.204999923706055,27.040000915527344,27.059999465942383,10550965
2024-02-01 14:30:00,27.02989959716797,27.1299991607666,26.760000228881836,26.829999923706055,11586616
2024-02-01 15:30:00,26.825000762939453,26.889999389648438,26.729999542236328,26.774999618530273,6828829
2024-02-01 16:30:00,26.780000686645508,26.989999771118164,26.770000457763672,26.975000381469727,5131866
2024-02-01 17:30:00,26.975000381469727,27.09000015258789,26.93000030517578,27.038999557495117,4498393
2024-02-01 18:30:00,27.03499984741211,27.170000076293945,27.030000686645508,27.104999542236328,3906188
2024-02-01 19:30:00,27.104000091552734,27.295000076293945,27.079999923706055,27.275999069213867,5276763
2024-02-01 20:30:00,27.274999618530273,27.325000762939453,27.210100173950195,27.285999298095703,5093435
2024-02-02 14:30:00,27.18000030517578,27.200000762939453,26.760000228881836,26.895000457763672,9437766
2024-02-02 15:30:00,26.890100479125977,26.989999771118164,26.854700088500977,26.889999389648438,4278016
2024-02-02 16:30:00,26.889999389648438,26.93000030517578,26.760000228881836,26.780000686645508,8773130
2024-02-02 17:30:00,26.78499984741211,26.799999237060547,26.700000762939453,26.764999389648438,4640790
2024-02-02 18:30:00,26.760000228881836,26.799999237060547,26.690000534057617,26.774999618530273,5165828
2024-02-02 19:30:00,26.774999618530273,26.985000610351562,26.770000457763672,26.924999237060547,6637193
2024-02-02 20:30:00,26.93000030517578,26.954999923706055,26.81999969482422,26.920000076293945,7255982
2024-02-05 14:30:00,26.920000076293945,26.924999237060547,26.530000686645508,26.579999923706055,9322114
2024-02-05 15:30:00,26.57990074157715,26.739999771118164,26.520000457763672,26.729999542236328,4279095
2024-02-05 16:30:00,26.739900588989258,26.774999618530273,26.610000610351562,26.63360023498535,4813028
2024-02-05 17:30:00,26.635000228881836,26.709999084472656,26.600000381469727,26.6299991607666,4889464
2024-02-05 18:30:00,26.6200008392334,26.719999313354492,26.600000381469727,26.700000762939453,4266801
2024-02-05 19:30:00,26.690000534057617,26.75,26.670000076293945,26.68440055847168,4133469
2024-02-05 20:30:00,26.680999755859375,26.704999923706055,26.559999465942383,26.56999969482422,5419656
2024-02-06 14:30:00,26.65999984741211,26.899999618530273,26.56999969482422,26.826000213623047,9467464
2024-02-06 15:30:00,26.825000762939453,27.450000762939453,26.81999969482422,27.344999313354492,9933955
2024-02-06 16:30:00,27.34000015258789,27.559900283813477,27.25,27.53499984741211,7737950
2024-02-06 17:30:00,27.53499984741211,27.56999969482422,27.434999465942383,27.5049991607666,3897658
2024-02-06 18:30:00,27.5049991607666,27.725000381469727,27.4950008392334,27.655000686645508,5754679
2024-02-06 19:30:00,27.649999618530273,27.65999984741211,27.34320068359375,27.354999542236328,6346828
2024-02-06 20:30:00,27.354999542236328,27.510000228881836,27.30500030517578,27.510000228881836,9655102
2024-02-07 14:30:00,27.549999237060547,27.56999969482422,27.34000015258789,27.489999771118164,6692528
2024-02-07 15:30:00,27.489999771118164,27.510000228881836,27.344999313354492,27.350000381469727,4156748
2024-02-07 16:30:00,27.354999542236328,27.469999313354492,27.295000076293945,27.387500762939453,3813957
2024-02-07 17:30:00,27.3799991607666,27.549999237060547,27.329999923706055,27.503700256347656,6212294
2024-02-07 18:30:00,27.5049991607666,27.549999237060547,27.454999923706055,27.545000076293945,2969503
2024-02-07 19:30:00,27.545000076293945,27.649999618530273,27.520000457763672,27.540000915527344,3395441
2024-02-07 20:30:00,27.545000076293945,27.579999923706055,27.520000457763672,27.55500030517578,3429701
2024-02-08 14:30:00,27.559999465942383,27.690000534057617,27.40999984741211,27.59000015258789,5035314
2024-02-08 15:30:00,27.579999923706055,27.610000610351562,27.450000762939453,27.46500015258789,3918898
2024-02-08 16:30:00,27.459999084472656,27.510000228881836,27.43000030517578,27.475000381469727,2877440
2024-02-08 17:30:00,27.475000381469727,27.540000915527344,27.454999923706055,27.4950008392334,2686094
2024-02-08 18:30:00,27.4950008392334,27.520000457763672,27.420000076293945,27.454999923706055,2330427
2024-02-08 19:30:00,27.45400047302246,27.579999923706055,27.452299118041992,27.540000915527344,3361874
2024-02-08 20:30:00,27.545000076293945,27.59000015258789,27.510000228881836,27.549999237060547,3783884
2024-02-09 14:30:00,27.559999465942383,27.59000015258789,27.40999984741211,27.442100524902344,4886606
2024-02-09 15:30:00,27.44499969482422,27.59000015258789,27.3799991607666,27.545000076293945,3460640
2024-02-09 16:30:00,27.542800903320312,27.56999969482422,27.469999313354492,27.524999618530273,3571161
2024-02-09 17:30:00,27.530000686645508,27.55500030517578,27.5,27.514999389648438,2223273
2024-02-09 18:30:00,27.514999389648438,27.56999969482422,27.450000762939453,27.53499984741211,4010077
2024-02-09 19:30:00,27.530000686645508,27.57990074157715,27.5,27.559999465942383,3014465
2024-02-09 20:30:00,27.55500030517578,27.56999969482422,27.5,27.559999465942383,3785453
2024-02-12 14:30:00,27.540000915527344,28.020000457763672,27.520000457763672,27.72130012512207,6565042
2024-02-12 15:30:00,27.729999542236328,27.739999771118164,27.559999465942383,27.665000915527344,4693385
2024-02-12 16:30:00,27.665000915527344,27.709999084472656,27.579999923706055,27.677499771118164,2793851
2024-02-12 17:30:00,27.68000030517578,27.68000030517578,27.600000381469727,27.657499313354492,2221059
2024-02-12 18:30:00,27.655000686645508,27.700000762939453,27.58009910583496,27.61009979248047,2259714
2024-02-12 19:30:00,27.610000610351562,27.6200008392334,27.530000686645508,27.539899826049805,2750485
2024-02-12 20:30:00,27.53499984741211,27.665000915527344,27.520000457763672,27.65999984741211,3336247
2024-02-13 14:30:00,27.540000915527344,27.829999923706055,27.110000610351562,27.125,8086393
2024-02-13 15:30:00,27.125,27.170000076293945,27.010000228881836,27.1200008392334,5187282
2024-02-13 16:30:00,27.1200008392334,27.149999618530273,27.059999465942383,27.114999771118164,3220586
2024-02-13 17:30:00,27.114999771118164,27.139999389648438,27.020000457763672,27.05500030517578,3072810
2024-02-13 18:30:00,27.05500030517578,27.079999923706055,26.899999618530273,26.90920066833496,3807115
2024-02-13 19:30:00,26.899999618530273,26.96739959716797,26.860000610351562,26.885000228881836,4723559
2024-02-13 20:30:00,26.885000228881836,27.010000228881836,26.860000610351562,26.969999313354492,5000200
2024-02-14 14:30:00,27.010000228881836,27.139999389648438,26.93000030517578,27.03499984741211,3986588
2024-02-14 15:30:00,27.03499984741211,27.1299991607666,26.969999313354492,27.03499984741211,2759869
2024-02-14 16:30:00,27.03499984741211,27.045000076293945,26.940000534057617,26.989999771118164,3601925
2024-02-14 17:30:00,26.985000610351562,27.010000228881836,26.920000076293945,26.985000610351562,1916628
2024-02-14 18:30:00,26.989999771118164,27.020000457763672,26.90999984741211,27.003700256347656,2552658
2024-02-14 19:30:00,27.00119972229004,27.170000076293945,26.989999771118164,27.145000457763672,2738667
2024-02-14 20:30:00,27.143999099731445,27.149999618530273,27.06999969482422,27.106000900268555,2924469
2024-02-15 14:30:00,27.25,27.80500030517578,27.219999313354492,27.610000610351562,8888324
2024-02-15 15:30:00,27.610000610351562,27.610000610351562,27.309999465942383,27.450000762939453,4860585
2024-02-15 16:30:00,27.454999923706055,27.524999618530273,27.3700008392334,27.499900817871094,2314529
2024-02-15 17:30:00,27.5,27.639999389648438,27.389999389648438,27.6200008392334,2739428
2024-02-15 18:30:00,27.625,27.659900665283203,27.43899917602539,27.457799911499023,3896551
2024-02-15 19:30:00,27.454999923706055,27.520000457763672,27.3700008392334,27.415000915527344,3758128
2024-02-15 20:30:00,27.415000915527344,27.520000457763672,27.3799991607666,27.520000457763672,4539931
2024-02-16 14:30:00,27.434999465942383,27.670000076293945,27.209999084472656,27.670000076293945,6744954
2024-02-16 15:30:00,27.669200897216797,27.889999389648438,27.6200008392334,27.729999542236328,8332084
2024-02-16 16:30:00,27.726699829101562,27.760000228881836,27.639999389648438,27.72439956665039,2991236
2024-02-16 17:30:00,27.725000381469727,27.799999237060547,27.639999389648438,27.799999237060547,2578514
2024-02-16 18:30:00,27.795000076293945,27.860000610351562,27.672000885009766,27.690000534057617,3577800
2024-02-16 19:30:00,27.684999465942383,27.690000534057617,27.5,27.545000076293945,3867825
2024-02-16 20:30:00,27.54990005493164,27.639999389648438,27.53499984741211,27.625,3691475
2024-02-20 14:30:00,27.610000610351562,28.139999389648438,27.559999465942383,28.024999618530273,8503418
2024-02-20 15:30:00,28.024999618530273,28.031299591064453,27.729999542236328,27.799999237060547,4623516
2024-02-20 16:30:00,27.800100326538086,27.8799991607666,27.700000762939453,27.719999313354492,2861423
2024-02-20 17:30:00,27.725000381469727,27.780000686645508,27.65999984741211,27.709999084472656,2191981
2024-02-20 18:30:00,27.709999084472656,27.729999542236328,27.649999618530273,27.729999542236328,2031591
2024-02-20 19:30:00,27.729999542236328,27.739999771118164,27.56999969482422,27.575000762939453,3431417
2024-02-20 20:30:00,27.579999923706055,27.610000610351562,27.520000457763672,27.600000381469727,4636707
2024-02-21 14:30:00,27.600000381469727,27.639999389648438,27.399999618530273,27.5049991607666,4765478
2024-02-21 15:30:00,27.5049991607666,27.530000686645508,27.354999542236328,27.524999618530273,2854193
2024-02-21 16:30:00,27.530000686645508,27.610000610351562,27.5,27.52199935913086,2003381
2024-02-21 17:30:00,27.524999618530273,27.524999618530273,27.40999984741211,27.514999389648438,2186024
2024-02-21 18:30:00,27.514999389648438,27.549999237060547,27.434999465942383,27.500099182128906,2336326
2024-02-21 19:30:00,27.5049991607666,27.549999237060547,27.469999313354492,27.547300338745117,2419013
2024-02-21 20:30:00,27.549999237060547,27.674999237060547,27.530000686645508,27.670000076293945,2891599
2024-02-22 14:30:00,27.524999618530273,27.540000915527344,27.184999465942383,27.295000076293945,8034791
2024-02-22 15:30:00,27.295000076293945,27.309999465942383,27.190000534057617,27.29010009765625,3884770
2024-02-22 16:30:00,27.295000076293945,27.469999313354492,27.291900634765625,27.454999923706055,3126903
2024-02-22 17:30:00,27.454999923706055,27.579999923706055,27.420000076293945,27.545000076293945,2568821
2024-02-22 18:30:00,27.549999237060547,27.65999984741211,27.530000686645508,27.655000686645508,2603877
2024-02-22 19:30:00,27.65999984741211,27.69499969482422,27.549999237060547,27.56999969482422,4020025
2024-02-22 20:30:00,27.56999969482422,27.6200008392334,27.530000686645508,27.540000915527344,3893404
2024-02-23 14:30:00,27.75,28.045000076293945,27.690000534057617,27.920000076293945,7944333
2024-02-23 15:30:00,27.920000076293945,28.086000442504883,27.8799991607666,27.979999542236328,4644458
2024-02-23 16:30:00,27.975000381469727,28.079999923706055,27.940000534057617,27.94099998474121,4214688
2024-02-23 17:30:00,27.950000762939453,27.957000732421875,27.809999465942383,27.864999771118164,2673288
2024-02-23 18:30:00,27.860000610351562,27.8700008392334,27.753999710083008,27.78499984741211,2290495
2024-02-23 19:30:00,27.78499984741211,27.8700008392334,27.760000228881836,27.834999084472656,2488361
2024-02-23 20:30:00,27.829999923706055,27.850000381469727,27.75,27.75,5012798
2024-02-26 14:30:00,27.670000076293945,27.670000076293945,27.149999618530273,27.259899139404297,10653780
2024-02-26 15:30:00,27.260000228881836,27.274999618530273,27.170000076293945,27.225000381469727,4545475
2024-02-26 16:30:00,27.225000381469727,27.25,27.1299991607666,27.155000686645508,9428260
2024-02-26 17:30:00,27.155000686645508,27.15999984741211,27.06999969482422,27.1299991607666,3754965
2024-02-26 18:30:00,27.125,27.219999313354492,27.100000381469727,27.194400787353516,3234509
2024-02-26 19:30:00,27.19499969482422,27.2450008392334,27.170000076293945,27.225000381469727,3667267
2024-02-26 20:30:00,27.225000381469727,27.239999771118164,27.170000076293945,27.190000534057617,4206057
2024-02-27 14:30:00,27.104999542236328,27.200000762939453,26.809999465942383,26.975000381469727,10439959
2024-02-27 15:30:00,26.975000381469727,27.010000228881836,26.93000030517578,26.9950008392334,4246510
2024-02-27 16:30:00,27.0,27.010000228881836,26.950000762939453,26.96500015258789,3262106
2024-02-27 17:30:00,26.96500015258789,27.040000915527344,26.959999084472656,27.0,2830525
2024-02-27 18:30:00,26.999900817871094,27.010000228881836,26.969999313354492,26.985000610351562,2447790
2024-02-27 19:30:00,26.979999542236328,27.030000686645508,26.969999313354492,26.979999542236328,3920823
2024-02-27 20:30:00,26.98240089416504,27.0,26.8700008392334,26.895000457763672,6385119
2024-02-28 14:30:00,26.959999084472656,27.100000381469727,26.81999969482422,27.03499984741211,6440760
2024-02-28 15:30:00,27.03499984741211,27.235000610351562,26.979999542236328,27.125,4459582
2024-02-28 16:30:00,27.125,27.126399993896484,27.049999237060547,27.100000381469727,2970722
2024-02-28 17:30:00,27.104999542236328,27.190000534057617,27.075000762939453,27.184999465942383,2767466
2024-02-28 18:30:00,27.190000534057617,27.209999084472656,27.1200008392334,27.184999465942383,3283210
2024-02-28 19:30:00,27.181900024414062,27.18950080871582,27.1200008392334,27.125,2912097
2024-02-28 20:30:00,27.125,27.149999618530273,27.0,27.049999237060547,3843040
2024-02-29 14:30:00,27.06999969482422,27.190000534057617,26.899999618530273,26.99020004272461,7024706
2024-02-29 15:30:00,27.0,27.040000915527344,26.81999969482422,26.84000015258789,5761654
2024-02-29 16:30:00,26.844999313354492,26.8799991607666,26.700000762939453,26.704999923706055,5572494
2024-02-29 17:30:00,26.708900451660156,26.829999923706055,26.670000076293945,26.80500030517578,4882601
2024-02-29 18:30:00,26.80500030517578,26.850000381469727,26.75,26.764999389648438,3278614
2024-02-29 19:30:00,26.76729965209961,26.799999237060547,26.709999084472656,26.72879981994629,4414667
2024-02-29 20:30:00,26.729999542236328,26.739999771118164,26.549999237060547,26.549999237060547,9149012
2024-03-01 14:30:00,26.825000762939453,26.899999618530273,26.510000228881836,26.639999389648438,10190189
2024-03-01 15:30:00,26.635000228881836,26.719999313354492,26.540000915527344,26.540000915527344,5590420
2024-03-01 16:30:00,26.545000076293945,26.649999618530273,26.520000457763672,26.645000457763672,4300925
2024-03-01 17:30:00,26.645000457763672,26.649999618530273,26.549999237060547,26.55500030517578,3012622
2024-03-01 18:30:00,26.55430030822754,26.679899215698242,26.549999237060547,26.645000457763672,3468039
2024-03-01 19:30:00,26.645000457763672,26.649999618530273,26.559999465942383,26.604999542236328,6135164
2024-03-01 20:30:00,26.604999542236328,26.610000610351562,26.530000686645508,26.584999084472656,6498670
2024-03-04 14:30:00,26.299999237060547,26.459999084472656,25.610000610351562,25.924999237060547,29500382
2024-03-04 15:30:00,25.93000030517578,26.059999465942383,25.799999237060547,25.985000610351562,10526438
2024-03-04 16:30:00,25.985000610351562,25.985000610351562,25.809999465942383,25.875,7204448
2024-03-04 17:30:00,25.8700008392334,25.959999084472656,25.760000228881836,25.774999618530273,7445614
2024-03-04 18:30:00,25.770000457763672,25.84000015258789,25.674999237060547,25.800100326538086,8478027
2024-03-04 19:30:00,25.80500030517578,25.8799991607666,25.719999313354492,25.76300048828125,7642926
2024-03-04 20:30:00,25.76889991760254,25.950000762939453,25.739999771118164,25.895999908447266,9268550
2024-03-05 14:30:00,25.8700008392334,25.969999313354492,25.690000534057617,25.940000534057617,11390588
2024-03-05 15:30:00,25.940000534057617,26.030000686645508,25.80500030517578,25.920000076293945,6365373
2024-03-05 16:30:00,25.920000076293945,26.06999969482422,25.80500030517578,26.040000915527344,7317537
2024-03-05 17:30:00,26.03499984741211,26.389999389648438,26.010000228881836,26.3700008392334,16361659
2024-03-05 18:30:00,26.3700008392334,26.420000076293945,26.174999237060547,26.243600845336914,9927185
2024-03-05 19:30:00,26.25,26.31999969482422,26.1200008392334,26.165000915527344,7434380
2024-03-05 20:30:00,26.165000915527344,26.18000030517578,26.0,26.06999969482422,8470369
2024-03-06 14:30:00,26.899999618530273,27.149999618530273,26.78499984741211,26.94499969482422,24519905
2024-03-06 15:30:00,26.940000534057617,27.290000915527344,26.93000030517578,27.260000228881836,11888738
2024-03-06 16:30:00,27.260000228881836,27.299999237060547,27.100000381469727,27.295000076293945,9507677
2024-03-06 17:30:00,27.295000076293945,27.299999237060547,27.200000762939453,27.219999313354492,6680844
2024-03-06 18:30:00,27.219999313354492,27.25,27.079999923706055,27.19499969482422,6981755
2024-03-06 19:30:00,27.200000762939453,27.200000762939453,27.014999389648438,27.05500030517578,8586595
2024-03-06 20:30:00,27.05500030517578,27.219999313354492,27.020000457763672,27.190000534057617,9949348
2024-03-07 14:30:00,27.200000762939453,27.31999969482422,26.809999465942383,27.049999237060547,11351873
2024-03-07 15:30:00,27.049999237060547,27.079999923706055,26.8799991607666,26.95599937438965,5139659
2024-03-07 16:30:00,26.954999923706055,27.020000457763672,26.889999389648438,27.0049991607666,3804510
2024-03-07 17:30:00,27.002500534057617,27.024999618530273,26.959999084472656,26.9950008392334,3126932
2024-03-07 18:30:00,27.0,27.010000228881836,26.899999618530273,26.920000076293945,3330470
2024-03-07 19:30:00,26.915000915527344,26.969999313354492,26.8700008392334,26.875,4793663
2024-03-07 20:30:00,26.875,26.905000686645508,26.760000228881836,26.770000457763672,6532285
2024-03-08 14:30:00,26.854999542236328,27.139999389648438,26.850000381469727,26.999900817871094,7177967
2024-03-08 15:30:00,26.999900817871094,27.110000610351562,26.93000030517578,27.024999618530273,5128501
2024-03-08 16:30:00,27.024999618530273,27.270000457763672,27.023000717163086,27.209999084472656,5482140
2024-03-08 17:30:00,27.209999084472656,27.299999237060547,27.139999389648438,27.165000915527344,3750182
2024-03-08 18:30:00,27.170000076293945,27.219999313354492,27.149999618530273,27.167499542236328,3756273
2024-03-08 19:30:00,27.165000915527344,27.219999313354492,27.09000015258789,27.1299991607666,5216173
2024-03-08 20:30:00,27.1299991607666,27.239999771118164,27.110000610351562,27.229999542236328,6042990
2024-03-11 13:30:00,27.309999465942383,27.920000076293945,27.309999465942383,27.599899291992188,10325743
2024-03-11 14:30:00,27.59000015258789,27.829999923706055,27.59000015258789,27.795000076293945,7046751
2024-03-11 15:30:00,27.795000076293945,27.93000030517578,27.770000457763672,27.920000076293945,4934333
2024-03-11 16:30:00,27.920000076293945,27.940000534057617,27.850000381469727,27.89430046081543,3899275
2024-03-11 17:30:00,27.899999618530273,27.950000762939453,27.8799991607666,27.94499969482422,3498349
2024-03-11 18:30:00,27.950000762939453,28.389999389648438,27.94499969482422,28.274999618530273,9580431
2024-03-11 19:30:00,28.274999618530273,28.3799991607666,28.219999313354492,28.3700008392334,7646950
2024-03-12 13:30:00,28.309999465942383,28.34000015258789,27.760000228881836,27.940000534057617,8980348
2024-03-12 14:30:00,27.93000030517578,28.020000457763672,27.84000015258789,27.84670066833496,5368649
2024-03-12 15:30:00,27.842500686645508,27.950000762939453,27.799999237060547,27.844999313354492,4644234
2024-03-12 16:30:00,27.844999313354492,28.010000228881836,27.770000457763672,27.9950008392334,9149278
2024-03-12 17:30:00,27.993099212646484,28.100000381469727,27.969999313354492,28.100000381469727,4699187
2024-03-12 18:30:00,28.095500946044922,28.145000457763672,27.989999771118164,28.013999938964844,5558127
2024-03-12 19:30:00,28.014999389648438,28.075000762939453,27.93000030517578,28.010000228881836,4941492
2024-03-13 13:30:00,28.290000915527344,28.59000015258789,28.204999923706055,28.53499984741211,8678835
2024-03-13 14:30:00,28.530099868774414,28.690000534057617,28.399999618530273,28.649999618530273,6011025
2024-03-13 15:30:00,28.649999618530273,28.684999465942383,28.420000076293945,28.424999237060547,4099036
2024-03-13 16:30:00,28.420000076293945,28.43000030517578,28.309999465942383,28.401899337768555,2923512
2024-03-13 17:30:00,28.399999618530273,28.440000534057617,28.299999237060547,28.3700008392334,2589469
2024-03-13 18:30:00,28.36199951171875,28.389999389648438,28.209999084472656,28.239999771118164,3811987
2024-03-13 19:30:00,28.239999771118164,28.34000015258789,28.190000534057617,28.209999084472656,4891657
2024-03-14 13:30:00,28.25,28.280000686645508,28.0049991607666,28.029800415039062,6550826
2024-03-14 14:30:00,28.030000686645508,28.094999313354492,27.920000076293945,27.954999923706055,3938730
2024-03-14 15:30:00,27.950000762939453,28.06999969482422,27.950000762939453,28.0049991607666,4218135
2024-03-14 16:30:00,28.0049991607666,28.014999389648438,27.799999237060547,27.80500030517578,4288702
2024-03-14 17:30:00,27.80430030822754,27.979999542236328,27.770000457763672,27.954999923706055,3220445
2024-03-14 18:30:00,27.954999923706055,28.030000686645508,27.899999618530273,28.0049991607666,3307219
2024-03-14 19:30:00,28.002599716186523,28.15999984741211,28.0,28.1299991607666,4595456
2024-03-15 13:30:00,27.959999084472656,28.280000686645508,27.899999618530273,28.01889991760254,7948127
2024-03-15 14:30:00,28.014999389648438,28.040000915527344,27.860000610351562,27.93000030517578,5148704
2024-03-15 15:30:00,27.934999465942383,28.020000457763672,27.90999984741211,28.019699096679688,2239401
2024-03-15 16:30:00,28.020000457763672,28.03499984741211,27.889999389648438,27.915000915527344,2164284
2024-03-15 17:30:00,27.90999984741211,28.0,27.8799991607666,27.959999084472656,2022610
2024-03-15 18:30:00,27.96500015258789,28.049999237060547,27.920000076293945,28.020000457763672,2703471
2024-03-15 19:30:00,28.020000457763672,28.075000762939453,27.90999984741211,27.959999084472656,9146508
2024-03-18 13:30:00,28.010000228881836,28.024999618530273,27.610000610351562,27.774999618530273,7400931
2024-03-18 14:30:00,27.770000457763672,27.857500076293945,27.709999084472656,27.7549991607666,2915522
2024-03-18 15:30:00,27.7549991607666,27.850000381469727,27.709999084472656,27.834999084472656,2844578
2024-03-18 16:30:00,27.834999084472656,27.920000076293945,27.73240089416504,27.7549991607666,4197784
2024-03-18 17:30:00,27.7549991607666,27.799999237060547,27.65999984741211,27.690000534057617,2755844
2024-03-18 18:30:00,27.69499969482422,27.764999389648438,27.610000610351562,27.71500015258789,3994877
2024-03-18 19:30:00,27.71500015258789,27.770000457763672,27.670000076293945,27.739999771118164,4710736
2024-03-19 13:30:00,27.670000076293945,27.709999084472656,27.31999969482422,27.600099563598633,6129470
2024-03-19 14:30:00,27.604999542236328,27.780000686645508,27.584999084472656,27.610000610351562,2984132
2024-03-19 15:30:00,27.6200008392334,27.670000076293945,27.59000015258789,27.655000686645508,2070100
2024-03-19 16:30:00,27.652299880981445,27.670000076293945,27.54290008544922,27.604999542236328,2044625
2024-03-19 17:30:00,27.6072998046875,27.639999389648438,27.540000915527344,27.549999237060547,1585007
2024-03-19 18:30:00,27.55500030517578,27.6299991607666,27.549999237060547,27.61750030517578,1822436
2024-03-19 19:30:00,27.614999771118164,27.68000030517578,27.604999542236328,27.610000610351562,4374481
2024-03-20 13:30:00,27.479999542236328,27.59000015258789,27.209999084472656,27.584999084472656,5900403
2024-03-20 14:30:00,27.582500457763672,27.700000762939453,27.4950008392334,27.68000030517578,6063786
2024-03-20 15:30:00,27.68000030517578,27.736600875854492,27.59000015258789,27.618999481201172,2351674
2024-03-20 16:30:00,27.614999771118164,27.690000534057617,27.540000915527344,27.565000534057617,2275064
2024-03-20 17:30:00,27.559999465942383,27.68000030517578,27.510000228881836,27.58009910583496,3161382
2024-03-20 18:30:00,27.59000015258789,27.719999313354492,27.520000457763672,27.704999923706055,3374055
2024-03-20 19:30:00,27.704999923706055,27.719999313354492,27.649999618530273,27.709999084472656,3392310
2024-03-21 13:30:00,27.75,28.03499984741211,27.6299991607666,27.94499969482422,5444812
2024-03-21 14:30:00,27.94499969482422,27.959999084472656,27.729999542236328,27.75,2598932
2024-03-21 15:30:00,27.75,27.940000534057617,27.719999313354492,27.905000686645508,2984254
2024-03-21 16:30:00,27.90999984741211,27.90999984741211,27.774999618530273,27.837499618530273,1949540
2024-03-21 17:30:00,27.833999633789062,27.854999542236328,27.729999542236328,27.746999740600586,2228987
2024-03-21 18:30:00,27.74850082397461,27.829999923706055,27.739999771118164,27.75830078125,2942523
2024-03-21 19:30:00,27.7549991607666,27.760000228881836,27.649999618530273,27.666900634765625,3955867
2024-03-22 13:30:00,27.469999313354492,27.84000015258789,27.44499969482422,27.514999389648438,5925818
2024-03-22 14:30:00,27.514999389648438,27.594999313354492,27.40999984741211,27.5049991607666,3297984
2024-03-22 15:30:00,27.5049991607666,27.510000228881836,27.420000076293945,27.431699752807617,2477114
2024-03-22 16:30:00,27.434999465942383,27.450000762939453,27.389999389648438,27.417600631713867,2529151
2024-03-22 17:30:00,27.415000915527344,27.459999084472656,27.3700008392334,27.38990020751953,2337431
2024-03-22 18:30:00,27.385000228881836,27.440000534057617,27.3700008392334,27.389999389648438,2059829
2024-03-22 19:30:00,27.394800186157227,27.409799575805664,27.34000015258789,27.359699249267578,3777735
2024-03-25 13:30:00,27.239999771118164,27.329999923706055,27.100000381469727,27.25,5719012
2024-03-25 14:30:00,27.260000228881836,27.290000915527344,27.200000762939453,27.25469970703125,2338637
2024-03-25 15:30:00,27.252300262451172,27.309999465942383,27.219999313354492,27.295000076293945,2596287
2024-03-25 16:30:00,27.295000076293945,27.420000076293945,27.290000915527344,27.354999542236328,4753385
2024-03-25 17:30:00,27.354999542236328,27.399999618530273,27.329999923706055,27.377300262451172,2509188
2024-03-25 18:30:00,27.3799991607666,27.479999542236328,27.360000610351562,27.454999923706055,2805857
2024-03-25 19:30:00,27.454999923706055,27.469999313354492,27.399999618530273,27.420000076293945,5367130
2024-03-26 13:30:00,27.450000762939453,27.549999237060547,27.309999465942383,27.3799991607666,4912641
2024-03-26 14:30:00,27.3799991607666,27.530000686645508,27.360000610351562,27.530000686645508,4111698
2024-03-26 15:30:00,27.524999618530273,27.539899826049805,27.479999542236328,27.514999389648438,2652124
2024-03-26 16:30:00,27.510000228881836,27.540000915527344,27.450000762939453,27.5049991607666,3045820
2024-03-26 17:30:00,27.5049991607666,27.6200008392334,27.479999542236328,27.579999923706055,5180624
2024-03-26 18:30:00,27.584999084472656,27.6200008392334,27.53499984741211,27.600000381469727,4001676
2024-03-26 19:30:00,27.59819984436035,27.6299991607666,27.559999465942383,27.600000381469727,6407759
2024-03-27 13:30:00,27.709999084472656,27.81999969482422,27.540000915527344,27.770000457763672,5953619
2024-03-27 14:30:00,27.774999618530273,27.850000381469727,27.700000762939453,27.770099639892578,3174417
2024-03-27 15:30:00,27.770000457763672,27.850000381469727,27.739999771118164,27.844999313354492,2402024
2024-03-27 16:30:00,27.850000381469727,27.934999465942383,27.84000015258789,27.84000015258789,4299186
2024-03-27 17:30:00,27.850000381469727,27.850000381469727,27.71500015258789,27.780000686645508,2697062
2024-03-27 18:30:00,27.780000686645508,27.799999237060547,27.700000762939453,27.71500015258789,3042627
2024-03-27 19:30:00,27.719900131225586,27.809999465942383,27.704999923706055,27.780000686645508,7393764
2024-03-28 13:30:00,27.81999969482422,27.930200576782227,27.719999313354492,27.844999313354492,5959196
2024-03-28 14:30:00,27.844999313354492,27.950000762939453,27.809999465942383,27.864999771118164,2915337
2024-03-28 15:30:00,27.860000610351562,27.920000076293945,27.84000015258789,27.864999771118164,2274611
2024-03-28 16:30:00,27.8700008392334,28.049999237060547,27.850000381469727,28.03499984741211,4503556
2024-03-28 17:30:00,28.03499984741211,28.1200008392334,27.895000457763672,27.934999465942383,8783347
2024-03-28 18:30:00,27.934999465942383,27.979999542236328,27.790000915527344,27.875,3626186
2024-03-28 19:30:00,27.875,27.889999389648438,27.729999542236328,27.739999771118164,4540380
2024-04-01 13:30:00,27.760000228881836,27.8700008392334,27.610000610351562,27.677499771118164,5610566
2024-04-01 14:30:00,27.674999237060547,27.725000381469727,27.600000381469727,27.655000686645508,3569436
2024-04-01 15:30:00,27.655000686645508,27.700000762939453,27.575000762939453,27.700000762939453,2867012
2024-04-01 16:30:00,27.69499969482422,27.75,27.649999618530273,27.719999313354492,2293112
2024-04-01 17:30:00,27.71500015258789,27.760000228881836,27.68000030517578,27.735000610351562,2503026
2024-04-01 18:30:00,27.735000610351562,27.770000457763672,27.700000762939453,27.7450008392334,2112246
2024-04-01 19:30:00,27.7450008392334,27.75,27.690000534057617,27.709999084472656,3564765
2024-04-02 13:30:00,27.56999969482422,27.75,27.40999984741211,27.56999969482422,8358447
2024-04-02 14:30:00,27.56999969482422,27.729999542236328,27.549999237060547,27.655000686645508,3455842
2024-04-02 15:30:00,27.649999618530273,27.700000762939453,27.600000381469727,27.625,2542114
2024-04-02 16:30:00,27.62779998779297,27.690000534057617,27.520000457763672,27.565000534057617,2091730
2024-04-02 17:30:00,27.559999465942383,27.6200008392334,27.540000915527344,27.57990074157715,1951232
2024-04-02 18:30:00,27.575000762939453,27.6200008392334,27.552499771118164,27.600000381469727,2314662
2024-04-02 19:30:00,27.594999313354492,27.6299991607666,27.540000915527344,27.549999237060547,3872349
2024-04-03 13:30:00,27.510000228881836,27.75,27.260000228881836,27.385000228881836,8061200
2024-04-03 14:30:00,27.385000228881836,27.479900360107422,27.31999969482422,27.475000381469727,5112614
2024-04-03 15:30:00,27.475000381469727,27.489999771118164,27.3700008392334,27.399099349975586,2498491
2024-04-03 16:30:00,27.395000457763672,27.424999237060547,27.325000762939453,27.3700008392334,3070587
2024-04-03 17:30:00,27.364999771118164,27.385000228881836,27.299999237060547,27.299999237060547,2350145
2024-04-03 18:30:00,27.299999237060547,27.31999969482422,27.200000762939453,27.225000381469727,3755515
2024-04-03 19:30:00,27.225000381469727,27.299999237060547,27.21500015258789,27.229999542236328,5592169
2024-04-04 13:30:00,27.309999465942383,27.399999618530273,27.170000076293945,27.309999465942383,5046939
2024-04-04 14:30:00,27.30500030517578,27.30500030517578,27.190000534057617,27.229900360107422,3840396
2024-04-04 15:30:00,27.229999542236328,27.270000457763672,27.18000030517578,27.19499969482422,2248232
2024-04-04 16:30:00,27.190000534057617,27.21500015258789,27.125,27.155000686645508,3117639
2024-04-04 17:30:00,27.155000686645508,27.170000076293945,26.950000762939453,26.950000762939453,4689562
2024-04-04 18:30:00,26.950000762939453,26.950000762939453,26.700000762939453,26.70989990234375,7451024
2024-04-04 19:30:00,26.704999923706055,26.719999313354492,26.639999389648438,26.645000457763672,7114135
2024-04-05 13:30:00,26.559999465942383,26.610000610351562,26.3700008392334,26.43320083618164,7068846
2024-04-05 14:30:00,26.434999465942383,26.53499984741211,26.350000381469727,26.405000686645508,7081959
2024-04-05 15:30:00,26.405000686645508,26.56999969482422,26.389999389648438,26.545000076293945,3896256
2024-04-05 16:30:00,26.540000915527344,26.59000015258789,26.5,26.579999923706055,3603569
2024-04-05 17:30:00,26.582500457763672,26.59000015258789,26.5,26.549999237060547,3269511
2024-04-05 18:30:00,26.545000076293945,26.6200008392334,26.520000457763672,26.604999542236328,4961906
2024-04-05 19:30:00,26.600000381469727,26.700000762939453,26.59000015258789,26.65999984741211,4666478
2024-04-08 13:30:00,26.600000381469727,26.790000915527344,26.520000457763672,26.684999465942383,5128836
2024-04-08 14:30:00,26.684999465942383,26.739999771118164,26.670000076293945,26.700000762939453,2768000
2024-04-08 15:30:00,26.69499969482422,26.719999313354492,26.610000610351562,26.70829963684082,2683081
2024-04-08 16:30:00,26.704999923706055,26.81999969482422,26.690000534057617,26.809999465942383,2623886
2024-04-08 17:30:00,26.80660057067871,26.81999969482422,26.700000762939453,26.709999084472656,2027774
2024-04-08 18:30:00,26.709999084472656,26.719999313354492,26.635000228881836,26.65999984741211,2076497
2024-04-08 19:30:00,26.655000686645508,26.670000076293945,26.559999465942383,26.579999923706055,3023391
2024-04-09 13:30:00,26.770000457763672,27.420000076293945,26.719999313354492,27.325000762939453,12050090
2024-04-09 14:30:00,27.325000762939453,27.350000381469727,26.8700008392334,26.885000228881836,6758274
2024-04-09 15:30:00,26.889999389648438,27.0,26.65999984741211,26.729999542236328,8530329
2024-04-09 16:30:00,26.725000381469727,26.790000915527344,26.69499969482422,26.7450008392334,2945882
2024-04-09 17:30:00,26.7450008392334,26.75,26.649999618530273,26.725000381469727,2819585
2024-04-09 18:30:00,26.725000381469727,26.790000915527344,26.68000030517578,26.7549991607666,2902993
2024-04-09 19:30:00,26.7549991607666,26.780000686645508,26.68000030517578,26.780000686645508,4499595
2024-04-10 13:30:00,26.520000457763672,26.59000015258789,26.170000076293945,26.28499984741211,11101871
2024-04-10 14:30:00,26.280000686645508,26.43000030517578,26.229999542236328,26.299999237060547,8261248
2024-04-10 15:30:00,26.299999237060547,26.309999465942383,26.165000915527344,26.17620086669922,5174499
2024-04-10 16:30:00,26.174999237060547,26.32979965209961,26.15999984741211,26.260000228881836,4897688
2024-04-10 17:30:00,26.264999389648438,26.280000686645508,26.200000762939453,26.225200653076172,2657370
2024-04-10 18:30:00,26.225000381469727,26.3700008392334,26.219999313354492,26.350000381469727,3234182
2024-04-10 19:30:00,26.354999542236328,26.360000610351562,26.299999237060547,26.299999237060547,4071004
2024-04-11 13:30:00,26.350000381469727,26.449899673461914,26.139999389648438,26.1481990814209,5966937
2024-04-11 14:30:00,26.149900436401367,26.239999771118164,26.1299991607666,26.18000030517578,3756761
2024-04-11 15:30:00,26.18000030517578,26.2549991607666,26.15999984741211,26.19499969482422,3618099
2024-04-11 16:30:00,26.190000534057617,26.360000610351562,26.18000030517578,26.325000762939453,2954708
2024-04-11 17:30:00,26.325000762939453,26.434999465942383,26.299999237060547,26.375,3103350
2024-04-11 18:30:00,26.3700008392334,26.395000457763672,26.270000457763672,26.316699981689453,3162863
2024-04-11 19:30:00,26.315000534057617,26.3700008392334,26.299999237060547,26.329999923706055,3773784
2024-04-12 13:30:00,26.25,26.31999969482422,26.100000381469727,26.114999771118164,5150115
2024-04-12 14:30:00,26.11009979248047,26.165000915527344,26.06999969482422,26.143999099731445,3780465
2024-04-12 15:30:00,26.145000457763672,26.200000762939453,26.06999969482422,26.084999084472656,2787765
2024-04-12 16:30:00,26.084999084472656,26.08989906311035,25.860000610351562,25.895000457763672,7099977
2024-04-12 17:30:00,25.899999618530273,26.020000457763672,25.8799991607666,25.9950008392334,3438173
2024-04-12 18:30:00,25.9950008392334,26.020000457763672,25.829999923706055,25.860000610351562,5281435
2024-04-12 19:30:00,25.860000610351562,25.924999237060547,25.850000381469727,25.860000610351562,5972923
2024-04-15 13:30:00,25.90999984741211,26.170000076293945,25.75,25.959999084472656,9449444
2024-04-15 14:30:00,25.954999923706055,26.104999542236328,25.940000534057617,26.0846004486084,3439917
2024-04-15 15:30:00,26.09000015258789,26.1299991607666,26.024999618530273,26.030000686645508,2837739
2024-04-15 16:30:00,26.03499984741211,26.059999465942383,25.969999313354492,25.969999313354492,2007420
2024-04-15 17:30:00,25.97010040283203,26.030000686645508,25.864999771118164,25.8799991607666,3559360
2024-04-15 18:30:00,25.8799991607666,25.950000762939453,25.799999237060547,25.850000381469727,3487596
2024-04-15 19:30:00,25.844999313354492,25.93000030517578,25.815000534057617,25.90999984741211,3839123
2024-04-16 13:30:00,25.81999969482422,25.985000610351562,25.739999771118164,25.954099655151367,4797249
2024-04-16 14:30:00,25.954999923706055,25.959999084472656,25.770000457763672,25.860000610351562,4112816
2024-04-16 15:30:00,25.854999542236328,25.899999618530273,25.809999465942383,25.842500686645508,2249634
2024-04-16 16:30:00,25.844999313354492,25.864999771118164,25.790000915527344,25.815000534057617,2369118
2024-04-16 17:30:00,25.819900512695312,25.885000228881836,25.719999313354492,25.735000610351562,3526869
2024-04-16 18:30:00,25.739900588989258,25.850000381469727,25.729999542236328,25.795000076293945,2716951
2024-04-16 19:30:00,25.795000076293945,25.799999237060547,25.68000030517578,25.680099487304688,3822334
2024-04-17 13:30:00,25.690000534057617,25.690000534057617,25.40999984741211,25.5049991607666,12020749
2024-04-17 14:30:00,25.510000228881836,25.540000915527344,25.280000686645508,25.385000228881836,8111972
2024-04-17 15:30:00,25.385000228881836,25.450000762939453,25.260000228881836,25.415000915527344,5546415
2024-04-17 16:30:00,25.415000915527344,25.530000686645508,25.389999389648438,25.5,3189692
2024-04-17 17:30:00,25.49880027770996,25.520000457763672,25.40999984741211,25.415000915527344,3074390
2024-04-17 18:30:00,25.420000076293945,25.479999542236328,25.399999618530273,25.475000381469727,3172527
2024-04-17 19:30:00,25.475000381469727,25.530000686645508,25.399999618530273,25.40999984741211,4693818
2024-04-18 13:30:00,25.350000381469727,25.459999084472656,25.280000686645508,25.395000457763672,5342756
2024-04-18 14:30:00,25.389999389648438,25.450000762939453,25.309999465942383,25.325000762939453,6368937
2024-04-18 15:30:00,25.325000762939453,25.3700008392334,25.290000915527344,25.32979965209961,5361675
2024-04-18 16:30:00,25.325000762939453,25.329999923706055,25.229999542236328,25.270000457763672,4432242
2024-04-18 17:30:00,25.274999618530273,25.34000015258789,25.25,25.315000534057617,2570027
2024-04-18 18:30:00,25.309999465942383,25.356399536132812,25.270000457763672,25.34000015258789,3704591
2024-04-18 19:30:00,25.344999313354492,25.399999618530273,25.34000015258789,25.389999389648438,3624078
2024-04-19 13:30:00,25.389999389648438,25.594999313354492,25.350000381469727,25.590099334716797,8305793
2024-04-19 14:30:00,25.59000015258789,25.78499984741211,25.540000915527344,25.75119972229004,4232968
2024-04-19 15:30:00,25.756999969482422,25.850000381469727,25.704999923706055,25.81439971923828,3999418
2024-04-19 16:30:00,25.813400268554688,25.81999969482422,25.719999313354492,25.780000686645508,2166601
2024-04-19 17:30:00,25.78499984741211,25.915000915527344,25.762500762939453,25.905000686645508,2974973
2024-04-19 18:30:00,25.899999618530273,25.989999771118164,25.850000381469727,25.969999313354492,3763419
2024-04-19 19:30:00,25.975000381469727,26.0,25.93000030517578,25.989999771118164,6710110
2024-04-22 13:30:00,26.0,26.350000381469727,25.924999237060547,26.313800811767578,6407395
2024-04-22 14:30:00,26.315000534057617,26.399999618530273,26.260000228881836,26.350000381469727,4168755
2024-04-22 15:30:00,26.350000381469727,26.399999618530273,26.239999771118164,26.264999389648438,3221543
2024-04-22 16:30:00,26.270000457763672,26.40999984741211,26.2549991607666,26.399700164794922,3812918
2024-04-22 17:30:00,26.389999389648438,26.5,26.3799991607666,26.475000381469727,2694023
2024-04-22 18:30:00,26.475000381469727,26.479999542236328,26.31999969482422,26.354999542236328,3401429
2024-04-22 19:30:00,26.354999542236328,26.3700008392334,26.219999313354492,26.270000457763672,5951267
2024-04-23 13:30:00,26.329999923706055,26.469999313354492,26.260000228881836,26.360000610351562,3966594
2024-04-23 14:30:00,26.360000610351562,26.440000534057617,26.309999465942383,26.389999389648438,3093094
2024-04-23 15:30:00,26.395000457763672,26.399999618530273,26.190000534057617,26.252300262451172,3088422
2024-04-23 16:30:00,26.2549991607666,26.280000686645508,26.219999313354492,26.256900787353516,1650672
2024-04-23 17:30:00,26.2549991607666,26.299999237060547,26.239999771118164,26.248600006103516,1963463
2024-04-23 18:30:00,26.2450008392334,26.309999465942383,26.229999542236328,26.270000457763672,2360020
2024-04-23 19:30:00,26.264999389648438,26.350000381469727,26.260000228881836,26.325000762939453,4173855
2024-04-24 13:30:00,26.25,26.34000015258789,26.040000915527344,26.184999465942383,5123524
2024-04-24 14:30:00,26.18000030517578,26.209999084472656,26.110000610351562,26.125,2274643
2024-04-24 15:30:00,26.125,26.229999542236328,26.100000381469727,26.204999923706055,2169644
2024-04-24 16:30:00,26.200000762939453,26.270000457763672,26.18000030517578,26.207700729370117,1516030
2024-04-24 17:30:00,26.20009994506836,26.299999237060547,26.20009994506836,26.270000457763672,1305572
2024-04-24 18:30:00,26.274999618530273,26.31999969482422,26.25,26.2549991607666,2344435
2024-04-24 19:30:00,26.2549991607666,26.31999969482422,26.239999771118164,26.270000457763672,3931470
2024-04-25 13:30:00,26.270000457763672,26.43000030517578,25.579999923706055,25.725000381469727,8456068
2024-04-25 14:30:00,25.725000381469727,25.7450008392334,25.520000457763672,25.545000076293945,6035922
2024-04-25 15:30:00,25.545000076293945,25.56999969482422,25.424999237060547,25.44499969482422,5906266
2024-04-25 16:30:00,25.44499969482422,25.450000762939453,25.299999237060547,25.341899871826172,5339123
2024-04-25 17:30:00,25.344999313354492,25.559999465942383,25.34000015258789,25.44499969482422,4560839
2024-04-25 18:30:00,25.440000534057617,25.450000762939453,25.360000610351562,25.385000228881836,4321299
2024-04-25 19:30:00,25.385000228881836,25.389999389648438,25.25,25.274999618530273,8054806
2024-04-26 13:30:00,25.329999923706055,25.489999771118164,25.200000762939453,25.334999084472656,7330268
2024-04-26 14:30:00,25.334999084472656,25.40999984741211,25.30500030517578,25.385000228881836,4384487
2024-04-26 15:30:00,25.385000228881836,25.469900131225586,25.360000610351562,25.457799911499023,5066148
2024-04-26 16:30:00,25.454999923706055,25.530000686645508,25.40999984741211,25.485000610351562,3914816
2024-04-26 17:30:00,25.480100631713867,25.540000915527344,25.459999084472656,25.510000228881836,2910343
2024-04-26 18:30:00,25.510000228881836,25.53499984741211,25.440000534057617,25.4950008392334,7217633
2024-04-26 19:30:00,25.489999771118164,25.509899139404297,25.3799991607666,25.3799991607666,5895142
2024-04-29 13:30:00,25.670000076293945,25.850000381469727,25.610000610351562,25.764999389648438,6236956
2024-04-29 14:30:00,25.762500762939453,25.780000686645508,25.690000534057617,25.739999771118164,2996954
2024-04-29 15:30:00,25.7450008392334,25.790000915527344,25.700000762939453,25.700000762939453,2602743
2024-04-29 16:30:00,25.704999923706055,25.719999313354492,25.649999618530273,25.704999923706055,2555942
2024-04-29 17:30:00,25.706899642944336,25.739999771118164,25.649999618530273,25.655000686645508,1890535
2024-04-29 18:30:00,25.655000686645508,25.674999237060547,25.579999923706055,25.600000381469727,3204171
2024-04-29 19:30:00,25.59480094909668,25.649999618530273,25.559999465942383,25.649999618530273,4156820
2024-04-30 13:30:00,25.649999618530273,25.780000686645508,25.584999084472656,25.68000030517578,6105457
2024-04-30 14:30:00,25.68000030517578,25.829999923706055,25.6299991607666,25.670000076293945,4937191
2024-04-30 15:30:00,25.670000076293945,25.739999771118164,25.610000610351562,25.719999313354492,3029466
2024-04-30 16:30:00,25.71500015258789,25.739999771118164,25.649999618530273,25.649999618530273,3029717
2024-04-30 17:30:00,25.655000686645508,25.709999084472656,25.610000610351562,25.649999618530273,3475757
2024-04-30 18:30:00,25.645000457763672,25.670000076293945,25.59000015258789,25.635000228881836,4372135
2024-04-30 19:30:00,25.635000228881836,25.670000076293945,25.59000015258789,25.610000610351562,6580906
2024-05-01 13:30:00,26.329500198364258,26.969999313354492,26.04800033569336,26.30500030517578,23510199
2024-05-01 14:30:00,26.309999465942383,26.729999542236328,26.020000457763672,26.4950008392334,11436038
2024-05-01 15:30:00,26.4950008392334,26.59000015258789,26.40999984741211,26.565000534057617,4146830
2024-05-01 16:30:00,26.56999969482422,26.969999313354492,26.530099868774414,26.950000762939453,6578532
2024-05-01 17:30:00,26.94890022277832,27.299999237060547,26.93000030517578,27.28499984741211,11974527
2024-05-01 18:30:00,27.289400100708008,27.450000762939453,27.170000076293945,27.409700393676758,10290943
2024-05-01 19:30:00,27.406999588012695,27.406999588012695,27.139999389648438,27.170000076293945,10226744
2024-05-02 13:30:00,27.209999084472656,27.75,27.1200008392334,27.680099487304688,13291497
2024-05-02 14:30:00,27.684999465942383,27.860000610351562,27.450000762939453,27.459999084472656,8525794
2024-05-02 15:30:00,27.459999084472656,27.84000015258789,27.420000076293945,27.799999237060547,8950458
2024-05-02 16:30:00,27.809999465942383,27.940000534057617,27.790000915527344,27.799999237060547,7626940
2024-05-02 17:30:00,27.809999465942383,27.81999969482422,27.594999313354492,27.66900062561035,4909421
2024-05-02 18:30:00,27.66010093688965,27.84000015258789,27.65999984741211,27.739999771118164,4746079
2024-05-02 19:30:00,27.739999771118164,27.75,27.65999984741211,27.700000762939453,6053530
2024-05-03 13:30:00,27.834999084472656,27.905000686645508,27.600000381469727,27.634000778198242,7297536
2024-05-03 14:30:00,27.635000228881836,27.68000030517578,27.559999465942383,27.633399963378906,3598273
2024-05-03 15:30:00,27.635000228881836,27.649999618530273,27.549999237060547,27.55500030517578,2781488
2024-05-03 16:30:00,27.559999465942383,27.6299991607666,27.520000457763672,27.581600189208984,2396332
2024-05-03 17:30:00,27.579999923706055,27.670000076293945,27.56999969482422,27.65999984741211,2071409
2024-05-03 18:30:00,27.665000915527344,27.709999084472656,27.63010025024414,27.684999465942383,2668264
2024-05-03 19:30:00,27.68000030517578,27.850000381469727,27.68000030517578,27.81999969482422,7399371
2024-05-06 13:30:00,27.979999542236328,28.260000228881836,27.959999084472656,28.094999313354492,7708223
2024-05-06 14:30:00,28.094999313354492,28.15999984741211,27.979999542236328,28.020000457763672,4524507
2024-05-06 15:30:00,28.024999618530273,28.15999984741211,28.0,28.155000686645508,3528651
2024-05-06 16:30:00,28.155000686645508,28.184999465942383,28.110000610351562,28.165000915527344,3148295
2024-05-06 17:30:00,28.165000915527344,28.200000762939453,28.110000610351562,28.145000457763672,3666506
2024-05-06 18:30:00,28.149999618530273,28.239999771118164,28.1299991607666,28.21500015258789,4319016
2024-05-06 19:30:00,28.21500015258789,28.325000762939453,28.170000076293945,28.170000076293945,10325728
2024-05-07 13:30:00,28.290000915527344,28.469999313354492,28.270000457763672,28.334999084472656,7610745
2024-05-07 14:30:00,28.334999084472656,28.350000381469727,28.139999389648438,28.170000076293945,6222006
2024-05-07 15:30:00,28.170000076293945,28.219999313354492,27.989999771118164,28.010000228881836,4717819
2024-05-07 16:30:00,28.0049991607666,28.03499984741211,27.940000534057617,27.9950008392334,3526840
2024-05-07 17:30:00,27.9950008392334,28.010000228881836,27.90999984741211,27.992700576782227,3972658
2024-05-07 18:30:00,27.9950008392334,28.010000228881836,27.399999618530273,27.645000457763672,13471116
2024-05-07 19:30:00,27.639999389648438,27.889999389648438,27.610000610351562,27.774999618530273,10784412
2024-05-08 13:30:00,27.700000762939453,28.059999465942383,27.520000457763672,27.979999542236328,7169841
2024-05-08 14:30:00,27.979999542236328,28.170000076293945,27.93000030517578,28.149999618530273,3834969
2024-05-08 15:30:00,28.150800704956055,28.247499465942383,28.149999618530273,28.23390007019043,4940479
2024-05-08 16:30:00,28.235000610351562,28.290000915527344,28.1200008392334,28.145000457763672,3538566
2024-05-08 17:30:00,28.148000717163086,28.229999542236328,28.1200008392334,28.216299057006836,3363180
2024-05-08 18:30:00,28.21500015258789,28.299999237060547,28.184999465942383,28.28499984741211,4577436
2024-05-08 19:30:00,28.290000915527344,28.34000015258789,28.219999313354492,28.280000686645508,6871513
2024-05-09 13:30:00,27.760000228881836,27.829999923706055,27.31999969482422,27.699899673461914,8706899
2024-05-09 14:30:00,27.69499969482422,27.889999389648438,27.600000381469727,27.844999313354492,5016809
2024-05-09 15:30:00,27.844999313354492,27.875,27.799999237060547,27.834999084472656,2454576
2024-05-09 16:30:00,27.829999923706055,28.084999084472656,27.829999923706055,28.070100784301758,5447137
2024-05-09 17:30:00,28.0757999420166,28.1299991607666,28.06999969482422,28.110000610351562,2690878
2024-05-09 18:30:00,28.104999542236328,28.200000762939453,28.06999969482422,28.19499969482422,8892768
2024-05-09 19:30:00,28.199899673461914,28.25,28.1299991607666,28.190000534057617,8212191
2024-05-10 13:30:00,28.239999771118164,28.280000686645508,27.985000610351562,28.040000915527344,5790248
2024-05-10 14:30:00,28.03499984741211,28.100000381469727,27.969999313354492,27.9950008392334,3019580
2024-05-10 15:30:00,27.9950008392334,28.049999237060547,27.979999542236328,28.010000228881836,2486295
2024-05-10 16:30:00,28.00200080871582,28.059999465942383,28.0,28.03499984741211,1651094
2024-05-10 17:30:00,28.030000686645508,28.040000915527344,27.934999465942383,27.950000762939453,2382836
2024-05-10 18:30:00,27.94499969482422,28.020000457763672,27.920000076293945,28.014999389648438,2363639
2024-05-10 19:30:00,28.014999389648438,28.06999969482422,27.989999771118164,28.010000228881836,4186385
2024-05-13 13:30:00,28.190000534057617,28.649999618530273,28.170000076293945,28.559999465942383,8066265
2024-05-13 14:30:00,28.559999465942383,28.6299991607666,28.489999771118164,28.489999771118164,3751433
2024-05-13 15:30:00,28.479999542236328,28.485000610351562,28.302499771118164,28.31999969482422,4509734
2024-05-13 16:30:00,28.325000762939453,28.40999984741211,28.299999237060547,28.34670066833496,2536209
2024-05-13 17:30:00,28.344999313354492,28.385000228881836,28.313800811767578,28.3799991607666,2503273
2024-05-13 18:30:00,28.375,28.43000030517578,28.34000015258789,28.36479949951172,3993277
2024-05-13 19:30:00,28.364999771118164,28.469999313354492,28.360000610351562,28.454999923706055,4905506
2024-05-14 13:30:00,28.549999237060547,28.68000030517578,28.3700008392334,28.43000030517578,4233268
2024-05-14 14:30:00,28.424999237060547,28.469999313354492,28.329999923706055,28.3700008392334,3146104
2024-05-14 15:30:00,28.3700008392334,28.3799991607666,28.225000381469727,28.235000610351562,2382076
2024-05-14 16:30:00,28.235000610351562,28.25,28.190000534057617,28.23310089111328,3129114
2024-05-14 17:30:00,28.235000610351562,28.34000015258789,28.219999313354492,28.34000015258789,1935042
2024-05-14 18:30:00,28.334999084472656,28.395000457763672,28.299999237060547,28.362499237060547,2394501
2024-05-14 19:30:00,28.368600845336914,28.389999389648438,28.31999969482422,28.354999542236328,2814500
2024-05-15 13:30:00,28.489999771118164,28.719999313354492,28.479999542236328,28.625,6738208
2024-05-15 14:30:00,28.625,28.75,28.600000381469727,28.7450008392334,3413630
2024-05-15 15:30:00,28.7450008392334,28.940000534057617,28.718700408935547,28.915000915527344,4858016
2024-05-15 16:30:00,28.90999984741211,28.985000610351562,28.899999618530273,28.92009925842285,3181090
2024-05-15 17:30:00,28.924999237060547,28.940000534057617,28.815000534057617,28.844999313354492,2575519
2024-05-15 18:30:00,28.844999313354492,28.850000381469727,28.75,28.815000534057617,2520894
2024-05-15 19:30:00,28.815000534057617,28.8700008392334,28.770000457763672,28.81999969482422,3851495
2024-05-16 13:30:00,28.8700008392334,28.950000762939453,28.709999084472656,28.81999969482422,10921708
2024-05-16 14:30:00,28.825000762939453,28.8700008392334,28.670000076293945,28.704999923706055,2797400
2024-05-16 15:30:00,28.704999923706055,28.829999923706055,28.700000762939453,28.80500030517578,2537092
2024-05-16 16:30:00,28.80500030517578,28.8700008392334,28.770000457763672,28.815000534057617,2464232
2024-05-16 17:30:00,28.815000534057617,28.920000076293945,28.790000915527344,28.915000915527344,2314204
2024-05-16 18:30:00,28.915000915527344,28.950000762939453,28.889999389648438,28.92300033569336,3389330
2024-05-16 19:30:00,28.924999237060547,29.030000686645508,28.899999618530273,28.920000076293945,5038258
2024-05-17 13:30:00,28.895000457763672,28.90999984741211,28.6200008392334,28.6200008392334,4131506
2024-05-17 14:30:00,28.6200008392334,28.635000228881836,28.510000228881836,28.53499984741211,3407396
2024-05-17 15:30:00,28.53499984741211,28.610000610351562,28.520000457763672,28.59000015258789,3360540
2024-05-17 16:30:00,28.594999313354492,28.65999984741211,28.59000015258789,28.604999542236328,2354474
2024-05-17 17:30:00,28.604999542236328,28.639999389648438,28.559999465942383,28.59000015258789,2249453
2024-05-17 18:30:00,28.594999313354492,28.649999618530273,28.56999969482422,28.649999618530273,2039719
2024-05-17 19:30:00,28.649900436401367,28.670000076293945,28.55500030517578,28.649999618530273,3953606
2024-05-20 13:30:00,28.625,28.70989990234375,28.479999542236328,28.69499969482422,7653107
2024-05-20 14:30:00,28.69499969482422,28.709999084472656,28.559999465942383,28.594999313354492,2070355
2024-05-20 15:30:00,28.600000381469727,28.704999923706055,28.579999923706055,28.645000457763672,1910768
2024-05-20 16:30:00,28.639999389648438,28.700000762939453,28.579999923706055,28.69499969482422,1450492
2024-05-20 17:30:00,28.6924991607666,28.700000762939453,28.610000610351562,28.635000228881836,1233034
2024-05-20 18:30:00,28.635000228881836,28.639999389648438,28.530000686645508,28.55500030517578,1660165
2024-05-20 19:30:00,28.549999237060547,28.56999969482422,28.459999084472656,28.540000915527344,3512224
2024-05-21 13:30:00,28.469999313354492,28.670000076293945,28.40999984741211,28.43000030517578,5022508
2024-05-21 14:30:00,28.43000030517578,28.469999313354492,28.395000457763672,28.450000762939453,3282497
2024-05-21 15:30:00,28.450000762939453,28.459999084472656,28.31999969482422,28.364999771118164,2261043
2024-05-21 16:30:00,28.3700008392334,28.459999084472656,28.350000381469727,28.43000030517578,4356954
2024-05-21 17:30:00,28.43000030517578,28.520000457763672,28.420000076293945,28.5049991607666,1548771
2024-05-21 18:30:00,28.5,28.540000915527344,28.479999542236328,28.53499984741211,1592219
2024-05-21 19:30:00,28.530000686645508,28.645000457763672,28.530000686645508,28.559999465942383,3913104
2024-05-22 13:30:00,28.469999313354492,28.950000762939453,28.415000915527344,28.875,5162821
2024-05-22 14:30:00,28.8799991607666,29.559999465942383,28.875,29.225000381469727,10833591
2024-05-22 15:30:00,29.225000381469727,29.299999237060547,29.111000061035156,29.2450008392334,3829896
2024-05-22 16:30:00,29.245100021362305,29.344999313354492,29.190000534057617,29.33009910583496,4005477
2024-05-22 17:30:00,29.334999084472656,29.385000228881836,29.135000228881836,29.155000686645508,3594248
2024-05-22 18:30:00,29.155000686645508,29.440000534057617,29.059999465942383,29.395000457763672,5093056
2024-05-22 19:30:00,29.395000457763672,29.6299991607666,29.3700008392334,29.604999542236328,9014845
2024-05-23 13:30:00,29.43000030517578,29.43000030517578,28.790000915527344,28.950000762939453,11973146
2024-05-23 14:30:00,28.950000762939453,29.045000076293945,28.770000457763672,28.825000762939453,4599266
2024-05-23 15:30:00,28.81999969482422,28.93000030517578,28.75,28.87619972229004,3287321
2024-05-23 16:30:00,28.875,28.899999618530273,28.670000076293945,28.815000534057617,4685507
2024-05-23 17:30:00,28.809999465942383,28.84000015258789,28.719999313354492,28.7450008392334,3416634
2024-05-23 18:30:00,28.7450008392334,28.829999923706055,28.700000762939453,28.809999465942383,3500744
2024-05-23 19:30:00,28.809999465942383,28.829999923706055,28.670000076293945,28.690000534057617,6131992
2024-05-24 13:30:00,28.665000915527344,28.989999771118164,28.665000915527344,28.864999771118164,4467461
2024-05-24 14:30:00,28.864999771118164,28.8700008392334,28.700000762939453,28.7450008392334,2118921
2024-05-24 15:30:00,28.75,28.759899139404297,28.549999237060547,28.594999313354492,2695757
2024-05-24 16:30:00,28.594999313354492,28.700000762939453,28.56999969482422,28.66629981994629,1717866
2024-05-24 17:30:00,28.665000915527344,28.760000228881836,28.649999618530273,28.739999771118164,2407394
2024-05-24 18:30:00,28.739999771118164,28.790000915527344,28.704999923706055,28.7450008392334,2382713
2024-05-24 19:30:00,28.7450008392334,28.895000457763672,28.739999771118164,28.8799991607666,3658593
2024-05-28 13:30:00,28.799999237060547,28.834999084472656,28.139999389648438,28.329999923706055,7800967
2024-05-28 14:30:00,28.33970069885254,28.40999984741211,28.209999084472656,28.2549991607666,4060401
2024-05-28 15:30:00,28.2549991607666,28.334999084472656,28.25,28.27519989013672,2674324
2024-05-28 16:30:00,28.270000457763672,28.31999969482422,28.15999984741211,28.165000915527344,2722205
2024-05-28 17:30:00,28.16080093383789,28.235000610351562,28.1299991607666,28.184999465942383,2829627
2024-05-28 18:30:00,28.184999465942383,28.21500015258789,28.149999618530273,28.174999237060547,2689742
2024-05-28 19:30:00,28.174999237060547,28.329999923706055,28.170000076293945,28.309999465942383,5259472
2024-05-29 13:30:00,28.15999984741211,28.170000076293945,27.690000534057617,27.709999084472656,5902069
2024-05-29 14:30:00,27.71500015258789,27.826000213623047,27.709999084472656,27.80500030517578,3348468
2024-05-29 15:30:00,27.809999465942383,27.920000076293945,27.780000686645508,27.80500030517578,2703920
2024-05-29 16:30:00,27.80500030517578,27.950000762939453,27.799999237060547,27.94499969482422,1376517
2024-05-29 17:30:00,27.940000534057617,27.950000762939453,27.850000381469727,27.854999542236328,1663066
2024-05-29 18:30:00,27.854999542236328,27.90999984741211,27.799999237060547,27.875,2095601
2024-05-29 19:30:00,27.875,27.920000076293945,27.809999465942383,27.829999923706055,3571741
2024-05-30 13:30:00,27.90999984741211,28.0,27.78499984741211,27.8799991607666,2569991
2024-05-30 14:30:00,27.875,28.0,27.860000610351562,27.959999084472656,2993560
2024-05-30 15:30:00,27.959999084472656,27.9950008392334,27.940000534057617,27.94499969482422,1547888
2024-05-30 16:30:00,27.94499969482422,28.09000015258789,27.940000534057617,28.075000762939453,2707946
2024-05-30 17:30:00,28.06999969482422,28.079999923706055,27.940099716186523,28.0,2366215
2024-05-30 18:30:00,28.0,28.09000015258789,27.90999984741211,28.084999084472656,3319147
2024-05-30 19:30:00,28.084999084472656,28.200000762939453,28.030000686645508,28.200000762939453,4074275
2024-05-31 13:30:00,28.34000015258789,28.700000762939453,28.235000610351562,28.635000228881836,7241447
2024-05-31 14:30:00,28.635000228881836,28.75,28.479999542236328,28.540000915527344,5413309
2024-05-31 15:30:00,28.540000915527344,28.549999237060547,28.40999984741211,28.5,3028879
2024-05-31 16:30:00,28.493600845336914,28.5049991607666,28.309999465942383,28.325000762939453,2073518
2024-05-31 17:30:00,28.31999969482422,28.440000534057617,28.30500030517578,28.426000595092773,2096315
2024-05-31 18:30:00,28.424999237060547,28.530000686645508,28.40999984741211,28.44499969482422,3252919
2024-05-31 19:30:00,28.44499969482422,28.68000030517578,28.389999389648438,28.68000030517578,8672648
2024-06-03 13:30:00,28.65999984741211,29.429500579833984,28.639999389648438,29.299699783325195,9304318
2024-06-03 14:30:00,29.290000915527344,29.530000686645508,29.165000915527344,29.51020050048828,5027391
2024-06-03 15:30:00,29.510099411010742,29.520000457763672,29.065000534057617,29.079999923706055,2986710
2024-06-03 16:30:00,29.084999084472656,29.2549991607666,29.049999237060547,29.229999542236328,2507965
2024-06-03 17:30:00,29.219999313354492,29.30500030517578,29.209999084472656,29.280000686645508,2208432
2024-06-03 18:30:00,29.280000686645508,29.3799991607666,29.280000686645508,29.295000076293945,2544083
2024-06-03 19:30:00,29.295000076293945,29.34000015258789,29.219999313354492,29.31999969482422,4411522
2024-06-04 13:30:00,29.299999237060547,29.729999542236328,29.170000076293945,29.538999557495117,6502084
2024-06-04 14:30:00,29.530000686645508,29.549999237060547,29.299999237060547,29.315000534057617,4705641
2024-06-04 15:30:00,29.309999465942383,29.3700008392334,29.200000762939453,29.354999542236328,2381357
2024-06-04 16:30:00,29.360000610351562,29.674999237060547,29.329999923706055,29.649999618530273,4440098
2024-06-04 17:30:00,29.645000457763672,29.670000076293945,29.529499053955078,29.628000259399414,2445334
2024-06-04 18:30:00,29.6299991607666,29.709999084472656,29.440000534057617,29.44499969482422,5669567
2024-06-04 19:30:00,29.44499969482422,29.510000228881836,29.399999618530273,29.5,6956677
2024-06-05 13:30:00,29.559999465942383,29.56999969482422,29.170000076293945,29.21500015258789,7005473
2024-06-05 14:30:00,29.219999313354492,29.469999313354492,29.200000762939453,29.424999237060547,2955248
2024-06-05 15:30:00,29.424999237060547,29.510000228881836,29.344999313354492,29.3799991607666,2269146
2024-06-05 16:30:00,29.3799991607666,29.479999542236328,29.370100021362305,29.459999084472656,1990649
2024-06-05 17:30:00,29.454999923706055,29.459999084472656,29.350000381469727,29.3700008392334,2007242
2024-06-05 18:30:00,29.364999771118164,29.600000381469727,29.315000534057617,29.475000381469727,3458847
2024-06-05 19:30:00,29.47010040283203,29.6200008392334,29.469999313354492,29.549999237060547,3403983
2024-06-06 13:30:00,29.360000610351562,29.540000915527344,29.18000030517578,29.334999084472656,5460110
2024-06-06 14:30:00,29.34000015258789,29.360000610351562,29.200000762939453,29.360000610351562,2620833
2024-06-06 15:30:00,29.358800888061523,29.395000457763672,29.200000762939453,29.21500015258789,2141267
2024-06-06 16:30:00,29.21500015258789,29.219999313354492,28.81999969482422,28.82990074157715,6758252
2024-06-06 17:30:00,28.829999923706055,28.899999618530273,28.809999465942383,28.875,2503576
2024-06-06 18:30:00,28.875,28.950000762939453,28.860000610351562,28.943099975585938,2365936
2024-06-06 19:30:00,28.94499969482422,28.94499969482422,28.790000915527344,28.815000534057617,6617546
2024-06-07 13:30:00,28.75,28.898700714111328,28.65999984741211,28.895000457763672,4277248
2024-06-07 14:30:00,28.889999389648438,29.049999237060547,28.81999969482422,29.03499984741211,2374941
2024-06-07 15:30:00,29.040000915527344,29.040000915527344,28.834699630737305,28.844999313354492,2025211
2024-06-07 16:30:00,28.850000381469727,28.8799991607666,28.780000686645508,28.790000915527344,1267739
2024-06-07 17:30:00,28.790000915527344,28.799999237060547,28.68000030517578,28.719999313354492,1520660
2024-06-07 18:30:00,28.725000381469727,28.75,28.610000610351562,28.614999771118164,5256080
2024-06-07 19:30:00,28.6200008392334,28.674999237060547,28.549999237060547,28.59000015258789,5461425
2024-06-10 13:30:00,28.350000381469727,28.350000381469727,27.6299991607666,27.975000381469727,9824376
2024-06-10 14:30:00,27.975000381469727,28.125,27.969999313354492,28.038999557495117,3481131
2024-06-10 15:30:00,28.040000915527344,28.139999389648438,27.979999542236328,28.010000228881836,2943574
2024-06-10 16:30:00,28.010000228881836,28.059999465942383,28.0,28.03660011291504,2185290
2024-06-10 17:30:00,28.03499984741211,28.190000534057617,28.020000457763672,28.114999771118164,1758618
2024-06-10 18:30:00,28.110000610351562,28.15999984741211,28.049999237060547,28.107500076293945,2361882
2024-06-10 19:30:00,28.104999542236328,28.149999618530273,28.059999465942383,28.06999969482422,4904790
2024-06-11 13:30:00,27.920000076293945,28.329999923706055,27.90999984741211,28.149999618530273,5623467
2024-06-11 14:30:00,28.145999908447266,28.270000457763672,28.079999923706055,28.084999084472656,4752970
2024-06-11 15:30:00,28.084999084472656,28.190000534057617,28.06999969482422,28.094999313354492,3078493
2024-06-11 16:30:00,28.094999313354492,28.1299991607666,27.959999084472656,28.0,2587875
2024-06-11 17:30:00,28.0,28.06999969482422,27.989999771118164,28.045000076293945,1824904
2024-06-11 18:30:00,28.049999237060547,28.129899978637695,27.9950008392334,28.014999389648438,2746573
2024-06-11 19:30:00,28.010000228881836,28.059999465942383,27.950000762939453,28.040000915527344,3921098
2024-06-12 13:30:00,28.170000076293945,28.229900360107422,27.639999389648438,27.71500015258789,7880232
2024-06-12 14:30:00,27.709999084472656,27.81999969482422,27.649999618530273,27.774999618530273,4074405
2024-06-12 15:30:00,27.780000686645508,27.860000610351562,27.760000228881836,27.80500030517578,2699060
2024-06-12 16:30:00,27.80500030517578,27.81999969482422,27.75,27.764999389648438,1769707
2024-06-12 17:30:00,27.764999389648438,27.799999237060547,27.71500015258789,27.735000610351562,1985529
2024-06-12 18:30:00,27.739900588989258,27.764999389648438,27.559999465942383,27.587499618530273,4102355
2024-06-12 19:30:00,27.584999084472656,27.684999465942383,27.559999465942383,27.65999984741211,4147416
2024-06-13 13:30:00,27.5,27.594999313354492,27.200000762939453,27.219999313354492,8563477
2024-06-13 14:30:00,27.229999542236328,27.559999465942383,27.219999313354492,27.540000915527344,4762828
2024-06-13 15:30:00,27.539899826049805,27.649999618530273,27.520000457763672,27.594999313354492,3057757
2024-06-13 16:30:00,27.594999313354492,27.690000534057617,27.59000015258789,27.684999465942383,2136806
2024-06-13 17:30:00,27.684999465942383,27.719999313354492,27.6200008392334,27.625,2530619
2024-06-13 18:30:00,27.625,27.700000762939453,27.579999923706055,27.684999465942383,3101456
2024-06-13 19:30:00,27.684999465942383,27.700000762939453,27.59000015258789,27.639999389648438,3222075
2024-06-14 13:30:00,27.7450008392334,28.219999313354492,27.43000030517578,27.479999542236328,7959108
2024-06-14 14:30:00,27.485000610351562,27.600000381469727,27.469999313354492,27.584999084472656,2585224
2024-06-14 15:30:00,27.584999084472656,27.649999618530273,27.5,27.5049991607666,2469522
2024-06-14 16:30:00,27.5049991607666,27.579999923706055,27.479999542236328,27.524999618530273,2364095
2024-06-14 17:30:00,27.524999618530273,27.6200008392334,27.48430061340332,27.545000076293945,2754041
2024-06-14 18:30:00,27.545000076293945,27.549999237060547,27.479999542236328,27.5049991607666,2559577
2024-06-14 19:30:00,27.5049991607666,27.55500030517578,27.489999771118164,27.530000686645508,3543279
2024-06-17 13:30:00,27.450000762939453,27.475799560546875,27.1299991607666,27.219999313354492,4842859
2024-06-17 14:30:00,27.229999542236328,27.269899368286133,27.094999313354492,27.1299991607666,2844157
2024-06-17 15:30:00,27.125,27.149999618530273,27.010000228881836,27.020000457763672,4080937
2024-06-17 16:30:00,27.024999618530273,27.06999969482422,26.8700008392334,26.884700775146484,4378873
2024-06-17 17:30:00,26.885000228881836,27.0,26.8700008392334,26.969999313354492,3192243
2024-06-17 18:30:00,26.96500015258789,26.989999771118164,26.90999984741211,26.985000610351562,3382237
2024-06-17 19:30:00,26.980300903320312,27.0,26.920000076293945,26.989999771118164,4361010
2024-06-18 13:30:00,26.979999542236328,27.3799991607666,26.950000762939453,27.19499969482422,6412283
2024-06-18 14:30:00,27.19499969482422,27.360000610351562,27.170000076293945,27.31999969482422,2878566
2024-06-18 15:30:00,27.315000534057617,27.399999618530273,27.200000762939453,27.204999923706055,2516844
2024-06-18 16:30:00,27.200000762939453,27.399999618530273,27.190000534057617,27.315000534057617,3622326
2024-06-18 17:30:00,27.319799423217773,27.43000030517578,27.280000686645508,27.30500030517578,2332195
2024-06-18 18:30:00,27.30500030517578,27.385000228881836,27.270000457763672,27.325000762939453,2855113
2024-06-18 19:30:00,27.329999923706055,27.459999084472656,27.31999969482422,27.424999237060547,3434234
2024-06-20 13:30:00,27.200000762939453,27.81999969482422,27.149999618530273,27.645000457763672,7086010
2024-06-20 14:30:00,27.645000457763672,27.709999084472656,27.530000686645508,27.614999771118164,3059696
2024-06-20 15:30:00,27.610000610351562,27.88949966430664,27.604999542236328,27.885000228881836,2824720
2024-06-20 16:30:00,27.880199432373047,27.959999084472656,27.78499984741211,27.915000915527344,3609387
2024-06-20 17:30:00,27.920000076293945,27.922500610351562,27.81999969482422,27.864999771118164,2241493
2024-06-20 18:30:00,27.8700008392334,27.8799991607666,27.75,27.806900024414062,3005470
2024-06-20 19:30:00,27.809999465942383,27.829999923706055,27.729999542236328,27.739999771118164,3571708
2024-06-21 13:30:00,27.770000457763672,27.870100021362305,27.559999465942383,27.82990074157715,6829914
2024-06-21 14:30:00,27.825000762939453,27.889999389648438,27.639999389648438,27.645000457763672,2586719
2024-06-21 15:30:00,27.639999389648438,27.719999313354492,27.559999465942383,27.610000610351562,5714028
2024-06-21 16:30:00,27.617900848388672,27.68000030517578,27.579999923706055,27.670000076293945,3543338
2024-06-21 17:30:00,27.674999237060547,27.770000457763672,27.649999618530273,27.700000762939453,1979685
2024-06-21 18:30:00,27.709999084472656,27.72800064086914,27.6299991607666,27.644899368286133,2237768
2024-06-21 19:30:00,27.645000457763672,27.829999923706055,27.6299991607666,27.739999771118164,4889961
2024-06-24 13:30:00,27.950000762939453,28.219999313354492,27.729999542236328,27.850000381469727,6454280
2024-06-24 14:30:00,27.844999313354492,27.989999771118164,27.81999969482422,27.950000762939453,2882195
2024-06-24 15:30:00,27.94499969482422,28.059999465942383,27.940000534057617,27.9950008392334,2732106
2024-06-24 16:30:00,27.9950008392334,28.030000686645508,27.860000610351562,28.024999618530273,2394653
2024-06-24 17:30:00,28.024999618530273,28.270000457763672,28.020000457763672,28.264999389648438,3074570
2024-06-24 18:30:00,28.264999389648438,28.34000015258789,28.229999542236328,28.259899139404297,3565166
2024-06-24 19:30:00,28.2549991607666,28.405000686645508,28.229999542236328,28.350000381469727,5532272
2024-06-25 13:30:00,28.399999618530273,28.450000762939453,28.079999923706055,28.235000610351562,5327725
2024-06-25 14:30:00,28.239900588989258,28.28499984741211,28.149999618530273,28.165000915527344,2592033
2024-06-25 15:30:00,28.15999984741211,28.165000915527344,28.030000686645508,28.077199935913086,1970964
2024-06-25 16:30:00,28.06999969482422,28.1200008392334,28.020000457763672,28.118999481201172,1505335
2024-06-25 17:30:00,28.1200008392334,28.139999389648438,27.969999313354492,28.014999389648438,1935209
2024-06-25 18:30:00,28.014999389648438,28.030000686645508,27.93000030517578,28.020000457763672,1877066
2024-06-25 19:30:00,28.014999389648438,28.040000915527344,27.950000762939453,27.989999771118164,2889068
2024-06-26 13:30:00,27.90999984741211,27.93000030517578,27.71109962463379,27.799999237060547,3197576
2024-06-26 14:30:00,27.795000076293945,27.834999084472656,27.760000228881836,27.769500732421875,1597108
2024-06-26 15:30:00,27.764999389648438,27.8799991607666,27.760099411010742,27.850000381469727,1407466
2024-06-26 16:30:00,27.850000381469727,27.860000610351562,27.06999969482422,27.344999313354492,7347267
2024-06-26 17:30:00,27.344999313354492,27.530000686645508,27.270000457763672,27.440000534057617,4878882
2024-06-26 18:30:00,27.434999465942383,27.524999618530273,27.309999465942383,27.35110092163086,3048689
2024-06-26 19:30:00,27.350900650024414,27.459999084472656,27.350000381469727,27.420000076293945,3495527
2024-06-27 13:30:00,27.3700008392334,27.3700008392334,27.06999969482422,27.149999618530273,5936651
2024-06-27 14:30:00,27.149999618530273,27.520000457763672,27.139999389648438,27.4950008392334,4342064
2024-06-27 15:30:00,27.4950008392334,27.75,27.489999771118164,27.74220085144043,3749208
2024-06-27 16:30:00,27.739999771118164,27.739999771118164,27.600000381469727,27.70989990234375,2187078
2024-06-27 17:30:00,27.709999084472656,27.799999237060547,27.690000534057617,27.704999923706055,2320578
2024-06-27 18:30:00,27.704999923706055,27.829999923706055,27.690000534057617,27.725000381469727,2334318
2024-06-27 19:30:00,27.725000381469727,27.829999923706055,27.709999084472656,27.815000534057617,3147039
2024-06-28 13:30:00,27.780000686645508,28.079999923706055,27.639999389648438,27.9950008392334,4003130
2024-06-28 14:30:00,28.0,28.110000610351562,27.90999984741211,27.979999542236328,2580293
2024-06-28 15:30:00,27.975000381469727,28.010000228881836,27.8799991607666,27.985000610351562,1904917
2024-06-28 16:30:00,27.985000610351562,28.049999237060547,27.959999084472656,27.985000610351562,1770531
2024-06-28 17:30:00,27.985000610351562,28.1200008392334,27.8799991607666,28.104700088500977,2900649
2024-06-28 18:30:00,28.104999542236328,28.1200008392334,27.954999923706055,28.0,3201709
2024-06-28 19:30:00,28.0049991607666,28.020000457763672,27.875,27.985000610351562,4104256
2024-07-01 13:30:00,27.950000762939453,28.6299991607666,27.940000534057617,28.53499984741211,6363121
2024-07-01 14:30:00,28.53499984741211,28.53569984436035,28.260000228881836,28.280000686645508,2789016
2024-07-01 15:30:00,28.280000686645508,28.290000915527344,28.19499969482422,28.239999771118164,2916478
2024-07-01 16:30:00,28.2367000579834,28.25,28.170000076293945,28.195100784301758,1971023
2024-07-01 17:30:00,28.19499969482422,28.31999969482422,28.190000534057617,28.219999313354492,1583497
2024-07-01 18:30:00,28.225000381469727,28.280000686645508,28.170000076293945,28.18000030517578,2517553
2024-07-01 19:30:00,28.184999465942383,28.260000228881836,28.18000030517578,28.225000381469727,3104204
2024-07-02 13:30:00,28.219999313354492,28.280000686645508,27.8799991607666,27.958900451660156,3757040
2024-07-02 14:30:00,27.954999923706055,28.020000457763672,27.770000457763672,27.81999969482422,2521014
2024-07-02 15:30:00,27.829999923706055,27.8700008392334,27.690000534057617,27.80500030517578,2987982
2024-07-02 16:30:00,27.809999465942383,27.864999771118164,27.729999542236328,27.805299758911133,1688231
2024-07-02 17:30:00,27.80500030517578,27.920000076293945,27.799999237060547,27.875,1147600
2024-07-02 18:30:00,27.875,27.90999984741211,27.81999969482422,27.8799991607666,1780190
2024-07-02 19:30:00,27.8799991607666,27.889999389648438,27.809999465942383,27.84000015258789,3007718
2024-07-03 13:30:00,27.920000076293945,28.049999237060547,27.889999389648438,27.9950008392334,2968082
2024-07-03 14:30:00,27.9950008392334,28.030000686645508,27.690000534057617,27.704999923706055,2744474
2024-07-03 15:30:00,27.704999923706055,27.799999237060547,27.614999771118164,27.65999984741211,2477390
2024-07-05 13:30:00,27.760000228881836,27.93000030517578,27.670000076293945,27.905000686645508,3702202
2024-07-05 14:30:00,27.905000686645508,27.979999542236328,27.809999465942383,27.93000030517578,2053591
2024-07-05 15:30:00,27.924999237060547,28.059999465942383,27.920000076293945,27.96500015258789,1868435
2024-07-05 16:30:00,27.969999313354492,28.09000015258789,27.959999084472656,28.040000915527344,1361690
2024-07-05 17:30:00,28.040000915527344,28.09000015258789,28.0,28.03499984741211,1165102
2024-07-05 18:30:00,28.03499984741211,28.040000915527344,27.954999923706055,27.979999542236328,1493766
2024-07-05 19:30:00,27.979999542236328,28.06999969482422,27.954999923706055,28.049999237060547,2230321
2024-07-08 13:30:00,28.049999237060547,28.1200008392334,27.8700008392334,27.969999313354492,2625062
2024-07-08 14:30:00,27.969999313354492,27.985000610351562,27.829999923706055,27.834999084472656,1885625
2024-07-08 15:30:00,27.83919906616211,27.950000762939453,27.809999465942383,27.94499969482422,1448883
2024-07-08 16:30:00,27.94499969482422,28.010000228881836,27.790000915527344,27.885000228881836,7622891
2024-07-08 17:30:00,27.88990020751953,27.959999084472656,27.8799991607666,27.8799991607666,1526751
2024-07-08 18:30:00,27.885000228881836,27.93000030517578,27.84000015258789,27.920000076293945,1940976
2024-07-08 19:30:00,27.927099227905273,27.940000534057617,27.829999923706055,27.93000030517578,3060634
2024-07-09 13:30:00,27.8799991607666,27.940000534057617,27.295000076293945,27.334999084472656,6684926
2024-07-09 14:30:00,27.329999923706055,27.469999313354492,27.309999465942383,27.454999923706055,3964326
2024-07-09 15:30:00,27.459999084472656,27.690000534057617,27.31999969482422,27.655000686645508,3402697
2024-07-09 16:30:00,27.655000686645508,27.829999923706055,27.643800735473633,27.690000534057617,2854547
2024-07-09 17:30:00,27.69499969482422,27.735000610351562,27.6299991607666,27.6742000579834,1713113
2024-07-09 18:30:00,27.674999237060547,27.719999313354492,27.610000610351562,27.6299991607666,2130290
2024-07-09 19:30:00,27.635000228881836,27.739999771118164,27.6299991607666,27.71500015258789,4403337
2024-07-10 13:30:00,27.829999923706055,28.190000534057617,27.799999237060547,28.125,5855308
2024-07-10 14:30:00,28.1299991607666,28.184999465942383,28.0,28.100200653076172,3424965
2024-07-10 15:30:00,28.100000381469727,28.260000228881836,28.09000015258789,28.204999923706055,3388007
2024-07-10 16:30:00,28.209999084472656,28.40999984741211,28.190000534057617,28.325000762939453,2933497
2024-07-10 17:30:00,28.325000762939453,28.33989906311035,28.149999618530273,28.16990089416504,1540799
2024-07-10 18:30:00,28.165000915527344,28.260000228881836,28.139999389648438,28.21500015258789,2339089
2024-07-10 19:30:00,28.219999313354492,28.360000610351562,28.219999313354492,28.34000015258789,3093643
2024-07-11 13:30:00,28.780000686645508,29.229999542236328,28.440000534057617,28.5,16801215
2024-07-11 14:30:00,28.5049991607666,28.6200008392334,28.420000076293945,28.5,4298960
2024-07-11 15:30:00,28.4950008392334,28.790000915527344,28.469999313354492,28.75,3817803
2024-07-11 16:30:00,28.7549991607666,28.895000457763672,28.649999618530273,28.665000915527344,4267483
2024-07-11 17:30:00,28.665000915527344,28.709999084472656,28.570100784301758,28.665000915527344,2402484
2024-07-11 18:30:00,28.665000915527344,28.75,28.610000610351562,28.674999237060547,2833747
2024-07-11 19:30:00,28.68000030517578,28.709999084472656,28.6200008392334,28.649999618530273,3811049
2024-07-12 13:30:00,28.899999618530273,29.1299991607666,28.790000915527344,29.1299991607666,6342296
2024-07-12 14:30:00,29.1299991607666,29.139999389648438,28.920000076293945,28.975000381469727,3108181
2024-07-12 15:30:00,28.975000381469727,29.049999237060547,28.889999389648438,28.9950008392334,2752060
2024-07-12 16:30:00,28.9950008392334,29.110000610351562,28.959999084472656,29.010000228881836,2248228
2024-07-12 17:30:00,29.0,29.1200008392334,29.0,29.039899826049805,2159827
2024-07-12 18:30:00,29.03499984741211,29.139999389648438,29.0,29.010000228881836,2277320
2024-07-12 19:30:00,29.009899139404297,29.020000457763672,28.899999618530273,28.93000030517578,3130988
2024-07-15 13:30:00,29.030000686645508,29.200000762939453,28.899999618530273,28.924999237060547,5041328
2024-07-15 14:30:00,28.920000076293945,28.959999084472656,28.829999923706055,28.850000381469727,2705247
2024-07-15 15:30:00,28.850000381469727,28.979999542236328,28.850000381469727,28.920000076293945,1962917
2024-07-15 16:30:00,28.920000076293945,28.93000030517578,28.860000610351562,28.86989974975586,1540232
2024-07-15 17:30:00,28.860000610351562,29.079999923706055,28.860000610351562,29.065000534057617,2317731
2024-07-15 18:30:00,29.065000534057617,29.270000457763672,29.059999465942383,29.225000381469727,4493085
2024-07-15 19:30:00,29.225000381469727,29.229999542236328,29.049999237060547,29.1200008392334,3956336
2024-07-16 13:30:00,29.200000762939453,29.559999465942383,29.1200008392334,29.360000610351562,7064954
2024-07-16 14:30:00,29.361099243164062,29.469999313354492,29.290000915527344,29.344999313354492,3601783
2024-07-16 15:30:00,29.34000015258789,29.427200317382812,29.270000457763672,29.360000610351562,2458516
2024-07-16 16:30:00,29.364999771118164,29.3700008392334,29.280000686645508,29.314699172973633,1965728
2024-07-16 17:30:00,29.31999969482422,29.5,29.31399917602539,29.45009994506836,2214460
2024-07-16 18:30:00,29.450000762939453,29.510000228881836,29.40999984741211,29.459999084472656,2567518
2024-07-16 19:30:00,29.450000762939453,29.5,29.389999389648438,29.489999771118164,3082946
2024-07-17 13:30:00,29.420000076293945,30.299999237060547,29.309999465942383,30.18000030517578,12109822
2024-07-17 14:30:00,30.184999465942383,30.190000534057617,29.690000534057617,29.764999389648438,5235442
2024-07-17 15:30:00,29.770000457763672,29.829999923706055,29.655000686645508,29.74049949645996,4419166
2024-07-17 16:30:00,29.739999771118164,29.8700008392334,29.655000686645508,29.864999771118164,5485932
2024-07-17 17:30:00,29.864999771118164,30.020000457763672,29.81999969482422,29.96500015258789,2963803
2024-07-17 18:30:00,29.959999084472656,29.989999771118164,29.905000686645508,29.95210075378418,3078525
2024-07-17 19:30:00,29.951000213623047,30.049999237060547,29.940000534057617,30.024999618530273,4650858
2024-07-18 13:30:00,29.90999984741211,30.610000610351562,29.860000610351562,30.604999542236328,11427024
2024-07-18 14:30:00,30.606199264526367,30.690000534057617,30.469999313354492,30.524999618530273,7275580
2024-07-18 15:30:00,30.520999908447266,30.524999618530273,30.15999984741211,30.329999923706055,4664118
2024-07-18 16:30:00,30.334999084472656,30.520000457763672,30.31999969482422,30.3799991607666,3259018
2024-07-18 17:30:00,30.375,30.375,29.889999389648438,29.889999389648438,3157698
2024-07-18 18:30:00,29.895000457763672,29.899999618530273,29.630300521850586,29.7450008392334,6050533
2024-07-18 19:30:00,29.7450008392334,29.780000686645508,29.645000457763672,29.700000762939453,4157460
2024-07-19 13:30:00,29.940000534057617,29.989999771118164,29.550100326538086,29.729999542236328,5555773
2024-07-19 14:30:00,29.725000381469727,29.780000686645508,29.610000610351562,29.700000762939453,3003196
2024-07-19 15:30:00,29.704999923706055,29.790000915527344,29.6200008392334,29.760000228881836,2566430
2024-07-19 16:30:00,29.760000228881836,29.81999969482422,29.690000534057617,29.80500030517578,4358148
2024-07-19 17:30:00,29.80500030517578,30.0,29.799999237060547,29.9950008392334,3424909
2024-07-19 18:30:00,29.99250030517578,30.0,29.850000381469727,29.940000534057617,2661445
2024-07-19 19:30:00,29.94499969482422,30.0,29.8799991607666,29.950000762939453,3707620
2024-07-22 13:30:00,30.110000610351562,30.229999542236328,29.3799991607666,29.69499969482422,20053657
2024-07-22 14:30:00,29.69499969482422,29.780000686645508,29.630199432373047,29.68000030517578,3000406
2024-07-22 15:30:00,29.674999237060547,29.725000381469727,29.5,29.53499984741211,2531869
2024-07-22 16:30:00,29.53499984741211,29.649999618530273,29.510000228881836,29.56999969482422,1925784
2024-07-22 17:30:00,29.565000534057617,29.645000457763672,29.520000457763672,29.545000076293945,1685619
2024-07-22 18:30:00,29.545000076293945,29.65999984741211,29.540000915527344,29.57390022277832,2492331
2024-07-22 19:30:00,29.575000762939453,29.639999389648438,29.530000686645508,29.614999771118164,3901250
2024-07-23 13:30:00,29.6200008392334,29.639999389648438,29.399999618530273,29.459999084472656,3598247
2024-07-23 14:30:00,29.46500015258789,29.520000457763672,29.350000381469727,29.399999618530273,2721323
2024-07-23 15:30:00,29.390100479125977,29.5,29.360000610351562,29.475000381469727,2516203
2024-07-23 16:30:00,29.469999313354492,29.514999389648438,29.40999984741211,29.475000381469727,1370653
2024-07-23 17:30:00,29.469999313354492,29.58989906311035,29.450000762939453,29.584999084472656,1578939
2024-07-23 18:30:00,29.59000015258789,29.594999313354492,29.450000762939453,29.5,2186514
2024-07-23 19:30:00,29.5,29.530000686645508,29.440000534057617,29.479999542236328,3455084
2024-07-24 13:30:00,29.510000228881836,29.719999313354492,29.34000015258789,29.405000686645508,5249573
2024-07-24 14:30:00,29.399999618530273,29.559999465942383,29.309999465942383,29.43000030517578,3219960
2024-07-24 15:30:00,29.439899444580078,29.700000762939453,29.420000076293945,29.694799423217773,2228770
2024-07-24 16:30:00,29.69499969482422,29.7450008392334,29.6200008392334,29.700000762939453,1973735
2024-07-24 17:30:00,29.69499969482422,29.969999313354492,29.665000915527344,29.90999984741211,3605010
2024-07-24 18:30:00,29.90999984741211,29.950000762939453,29.844999313354492,29.950000762939453,2830143
2024-07-24 19:30:00,29.940000534057617,29.989999771118164,29.8799991607666,29.989999771118164,3949198
2024-07-25 13:30:00,29.969999313354492,30.93000030517578,29.969999313354492,30.65999984741211,10231769
2024-07-25 14:30:00,30.655000686645508,30.65999984741211,30.270000457763672,30.459999084472656,5585854
2024-07-25 15:30:00,30.450000762939453,30.549999237060547,30.3799991607666,30.479999542236328,3709308
2024-07-25 16:30:00,30.469999313354492,30.520000457763672,30.399999618530273,30.41010093688965,3295272
2024-07-25 17:30:00,30.415000915527344,30.459999084472656,30.270000457763672,30.274999618530273,2437442
2024-07-25 18:30:00,30.272499084472656,30.399999618530273,30.272499084472656,30.375,3486320
2024-07-25 19:30:00,30.375,30.38990020751953,30.18000030517578,30.200000762939453,5275558
2024-07-26 13:30:00,30.149999618530273,30.65999984741211,30.010000228881836,30.540000915527344,10517740
2024-07-26 14:30:00,30.540000915527344,30.709999084472656,30.3700008392334,30.68000030517578,4667439
2024-07-26 15:30:00,30.674999237060547,30.799999237060547,30.549999237060547,30.725000381469727,3302088
2024-07-26 16:30:00,30.729999542236328,30.78499984741211,30.610000610351562,30.75,2376551
2024-07-26 17:30:00,30.75,30.850000381469727,30.6299991607666,30.774999618530273,2824934
2024-07-26 18:30:00,30.779699325561523,30.8799991607666,30.684999465942383,30.760000228881836,3119934
2024-07-26 19:30:00,30.760000228881836,30.799999237060547,30.68000030517578,30.774999618530273,3681731
2024-07-29 13:30:00,30.690000534057617,30.8700008392334,30.440000534057617,30.665000915527344,8765240
2024-07-29 14:30:00,30.665000915527344,30.760000228881836,30.485000610351562,30.637399673461914,5347453
2024-07-29 15:30:00,30.639999389648438,30.8700008392334,30.6299991607666,30.80500030517578,4247686
2024-07-29 16:30:00,30.80500030517578,30.850000381469727,30.739999771118164,30.80500030517578,2975770
2024-07-29 17:30:00,30.80500030517578,30.93000030517578,30.790000915527344,30.834999084472656,4306202
2024-07-29 18:30:00,30.829999923706055,30.8799991607666,30.649999618530273,30.674999237060547,4263507
2024-07-29 19:30:00,30.670000076293945,30.850000381469727,30.610000610351562,30.739999771118164,6414252
2024-07-30 13:30:00,31.010000228881836,31.200000762939453,30.079999923706055,30.094999313354492,20116981
2024-07-30 14:30:00,30.09000015258789,30.5,29.780000686645508,30.42009925842285,13271334
2024-07-30 15:30:00,30.424999237060547,30.739900588989258,29.8799991607666,30.499900817871094,5120211
2024-07-30 16:30:00,30.5,31.09000015258789,30.459999084472656,31.069900512695312,7065592
2024-07-30 17:30:00,31.06999969482422,31.540000915527344,30.979999542236328,31.434999465942383,9214992
2024-07-30 18:30:00,31.439899444580078,31.469999313354492,31.09000015258789,31.21500015258789,5257178
2024-07-30 19:30:00,31.209999084472656,31.530000686645508,31.190000534057617,31.385000228881836,8062193
2024-07-31 13:30:00,31.200000762939453,31.260000228881836,30.469999313354492,30.940000534057617,9256896
2024-07-31 14:30:00,30.94499969482422,31.049999237060547,30.825000762939453,30.940000534057617,4033019
2024-07-31 15:30:00,30.940000534057617,31.100000381469727,30.84000015258789,31.100000381469727,3292111
2024-07-31 16:30:00,31.100000381469727,31.1299991607666,30.860000610351562,30.934999465942383,2690496
2024-07-31 17:30:00,30.940000534057617,30.989999771118164,30.829999923706055,30.860000610351562,2431192
2024-07-31 18:30:00,30.862899780273438,30.920000076293945,30.579999923706055,30.584999084472656,3945717
2024-07-31 19:30:00,30.579999923706055,30.670000076293945,30.510000228881836,30.53499984741211,4524370
2024-08-01 13:30:00,30.719999313354492,30.809999465942383,30.1299991607666,30.2450008392334,7402318
2024-08-01 14:30:00,30.240999221801758,30.56999969482422,29.90999984741211,30.450000762939453,7685642
2024-08-01 15:30:00,30.440200805664062,30.68000030517578,30.440000534057617,30.575000762939453,3397425
2024-08-01 16:30:00,30.56999969482422,30.649999618530273,30.450000762939453,30.584999084472656,2530488
2024-08-01 17:30:00,30.584999084472656,30.729999542236328,30.520000457763672,30.725000381469727,7094574
2024-08-01 18:30:00,30.725000381469727,30.760000228881836,30.639999389648438,30.704999923706055,2528921
2024-08-01 19:30:00,30.704999923706055,30.739999771118164,30.635000228881836,30.649999618530273,5069319
2024-08-02 13:30:00,30.8799991607666,31.31999969482422,30.489999771118164,30.514999389648438,10265391
2024-08-02 14:30:00,30.514999389648438,30.584999084472656,30.094999313354492,30.149999618530273,6467916
2024-08-02 15:30:00,30.15999984741211,30.329999923706055,30.010000228881836,30.264999389648438,3693940
2024-08-02 16:30:00,30.270000457763672,30.3799991607666,30.239999771118164,30.298799514770508,2384415
2024-08-02 17:30:00,30.295000076293945,30.295000076293945,30.114999771118164,30.155000686645508,3223683
2024-08-02 18:30:00,30.15999984741211,30.280000686645508,30.06999969482422,30.184999465942383,5009528
2024-08-02 19:30:00,30.190000534057617,30.440000534057617,30.18000030517578,30.420000076293945,6893004
2024-08-05 13:30:00,29.459999084472656,29.950000762939453,29.18000030517578,29.625,13963924
2024-08-05 14:30:00,29.625,29.934999465942383,29.510000228881836,29.68000030517578,5010802
2024-08-05 15:30:00,29.674999237060547,30.010000228881836,29.649999618530273,29.975000381469727,2574321
2024-08-05 16:30:00,29.969999313354492,30.0049991607666,29.8700008392334,29.90999984741211,2067790
2024-08-05 17:30:00,29.90999984741211,29.989999771118164,29.844999313354492,29.989999771118164,1820667
2024-08-05 18:30:00,29.989999771118164,30.0,29.809999465942383,29.850099563598633,2567126
2024-08-05 19:30:00,29.860000610351562,29.8700008392334,29.68000030517578,29.75,3903915
2024-08-06 13:30:00,29.729999542236328,30.049999237060547,29.2450008392334,29.885000228881836,5907071
2024-08-06 14:30:00,29.889999389648438,30.0,29.719999313354492,29.780000686645508,3160395
2024-08-06 15:30:00,29.77989959716797,29.850000381469727,29.6299991607666,29.65180015563965,2182443
2024-08-06 16:30:00,29.655000686645508,29.690000534057617,29.579999923706055,29.614999771118164,2091919
2024-08-06 17:30:00,29.614999771118164,29.68000030517578,29.549999237060547,29.584999084472656,2155579
2024-08-06 18:30:00,29.584999084472656,29.63990020751953,29.40999984741211,29.43000030517578,3064252
2024-08-06 19:30:00,29.434999465942383,29.469999313354492,29.299999237060547,29.30500030517578,4259550
2024-08-07 13:30:00,29.6299991607666,29.809999465942383,29.415000915527344,29.454999923706055,4631369
2024-08-07 14:30:00,29.454999923706055,29.594999313354492,29.31999969482422,29.405000686645508,3413670
2024-08-07 15:30:00,29.405000686645508,29.520000457763672,29.219999313354492,29.238100051879883,3342303
2024-08-07 16:30:00,29.235000610351562,29.264999389648438,29.020000457763672,29.040000915527344,3318446
2024-08-07 17:30:00,29.040000915527344,29.1299991607666,28.81999969482422,28.899900436401367,4096653
2024-08-07 18:30:00,28.889999389648438,28.895000457763672,28.739999771118164,28.825000762939453,3492339
2024-08-07 19:30:00,28.825000762939453,28.920000076293945,28.809999465942383,28.860000610351562,5505081
2024-08-08 13:30:00,28.93000030517578,29.0049991607666,28.719999313354492,28.872499465942383,5023375
2024-08-08 14:30:00,28.8799991607666,28.93000030517578,28.729999542236328,28.80500030517578,3559728
2024-08-08 15:30:00,28.80459976196289,28.84000015258789,28.700000762939453,28.715999603271484,2733401
2024-08-08 16:30:00,28.71500015258789,28.75,28.53499984741211,28.638999938964844,4593644
2024-08-08 17:30:00,28.639999389648438,28.75,28.59000015258789,28.7450008392334,3175155
2024-08-08 18:30:00,28.74489974975586,28.770000457763672,28.68000030517578,28.702800750732422,3584944
2024-08-08 19:30:00,28.704999923706055,28.790000915527344,28.65999984741211,28.7549991607666,4800223
2024-08-09 13:30:00,28.649999618530273,28.75,28.469999313354492,28.58139991760254,5654589
2024-08-09 14:30:00,28.584999084472656,28.600000381469727,28.479999542236328,28.545000076293945,2628311
2024-08-09 15:30:00,28.549999237060547,28.579999923706055,28.510000228881836,28.53499984741211,1806264
2024-08-09 16:30:00,28.53499984741211,28.579999923706055,28.479999542236328,28.575000762939453,2731967
2024-08-09 17:30:00,28.579999923706055,28.584999084472656,28.450000762939453,28.530000686645508,2368366
2024-08-09 18:30:00,28.53499984741211,28.604999542236328,28.5,28.53499984741211,2844685
2024-08-09 19:30:00,28.540000915527344,28.600000381469727,28.510000228881836,28.549999237060547,4184277
2024-08-12 13:30:00,28.579999923706055,28.600000381469727,28.31999969482422,28.510000228881836,5779568
2024-08-12 14:30:00,28.5049991607666,28.59000015258789,28.479999542236328,28.56049919128418,2226470
2024-08-12 15:30:00,28.565000534057617,28.610000610351562,28.530000686645508,28.545000076293945,1735320
2024-08-12 16:30:00,28.545000076293945,28.59000015258789,28.43000030517578,28.475000381469727,1621405
2024-08-12 17:30:00,28.475000381469727,28.510000228881836,28.3799991607666,28.395000457763672,1571567
2024-08-12 18:30:00,28.395000457763672,28.469999313354492,28.360000610351562,28.454999923706055,2020154
2024-08-12 19:30:00,28.454999923706055,28.510000228881836,28.40999984741211,28.459999084472656,3455747
2024-08-13 13:30:00,28.549999237060547,28.790000915527344,28.309999465942383,28.78499984741211,5428912
2024-08-13 14:30:00,28.780000686645508,28.93000030517578,28.729999542236328,28.764999389648438,3955215
2024-08-13 15:30:00,28.770000457763672,28.864999771118164,28.739999771118164,28.809999465942383,3340314
2024-08-13 16:30:00,28.80500030517578,28.8700008392334,28.75,28.764999389648438,2483822
2024-08-13 17:30:00,28.764999389648438,28.850000381469727,28.760099411010742,28.809999465942383,2274456
2024-08-13 18:30:00,28.80500030517578,28.950000762939453,28.799999237060547,28.885000228881836,3662099
2024-08-13 19:30:00,28.885000228881836,28.950000762939453,28.81999969482422,28.850000381469727,4746360
2024-08-14 13:30:00,28.799999237060547,29.18000030517578,28.665000915527344,28.854999542236328,8537996
2024-08-14 14:30:00,28.851999282836914,28.969999313354492,28.760000228881836,28.854999542236328,2230624
2024-08-14 15:30:00,28.854999542236328,28.920000076293945,28.729999542236328,28.81999969482422,2058396
2024-08-14 16:30:00,28.815000534057617,28.8799991607666,28.78499984741211,28.859899520874023,1026138
2024-08-14 17:30:00,28.854999542236328,28.940000534057617,28.84000015258789,28.920000076293945,1325192
2024-08-14 18:30:00,28.915000915527344,29.0,28.8799991607666,28.89620018005371,2125583
2024-08-14 19:30:00,28.895000457763672,28.940000534057617,28.850000381469727,28.850000381469727,2922068
2024-08-15 13:30:00,28.93000030517578,29.010000228881836,28.600000381469727,28.655000686645508,5896568
2024-08-15 14:30:00,28.65999984741211,28.80500030517578,28.579999923706055,28.725000381469727,3459732
2024-08-15 15:30:00,28.725000381469727,28.7549991607666,28.649999618530273,28.690000534057617,2682700
2024-08-15 16:30:00,28.69499969482422,28.700000762939453,28.520000457763672,28.549999237060547,3288937
2024-08-15 17:30:00,28.55500030517578,28.670000076293945,28.545000076293945,28.651500701904297,2463439
2024-08-15 18:30:00,28.655000686645508,28.704999923706055,28.6299991607666,28.684999465942383,2216704
2024-08-15 19:30:00,28.680999755859375,28.709999084472656,28.6299991607666,28.690000534057617,3465537
2024-08-16 13:30:00,28.649999618530273,28.649999618530273,27.854999542236328,27.915000915527344,13739657
2024-08-16 14:30:00,27.915000915527344,28.299999237060547,27.850000381469727,28.280000686645508,7700501
2024-08-16 15:30:00,28.286785125732422,28.290000915527344,28.155000686645508,28.15999984741211,4019715
2024-08-16 16:30:00,28.15999984741211,28.199899673461914,28.075000762939453,28.149999618530273,5342081
2024-08-16 17:30:00,28.149999618530273,28.200000762939453,28.11009979248047,28.184999465942383,2502021
2024-08-16 18:30:00,28.184999465942383,28.334999084472656,28.18000030517578,28.280000686645508,3707881
2024-08-16 19:30:00,28.28499984741211,28.3799991607666,28.239999771118164,28.290000915527344,6580247
2024-08-19 13:30:00,28.350000381469727,28.739999771118164,28.280000686645508,28.692899703979492,5265838
2024-08-19 14:30:00,28.69499969482422,28.889999389648438,28.65999984741211,28.829999923706055,3911959
2024-08-19 15:30:00,28.825000762939453,28.829999923706055,28.690000534057617,28.760000228881836,2058433
2024-08-19 16:30:00,28.760000228881836,28.809999465942383,28.739999771118164,28.764999389648438,1522230
2024-08-19 17:30:00,28.769899368286133,28.799999237060547,28.700000762939453,28.7549991607666,1533311
2024-08-19 18:30:00,28.759899139404297,28.84000015258789,28.75,28.799999237060547,4002120
2024-08-19 19:30:00,28.795000076293945,28.8799991607666,28.760000228881836,28.815000534057617,4673586
2024-08-20 13:30:00,28.799999237060547,29.100000381469727,28.799999237060547,29.09000015258789,4440812
2024-08-20 14:30:00,29.077999114990234,29.190000534057617,29.030000686645508,29.05500030517578,2897952
2024-08-20 15:30:00,29.059999465942383,29.100000381469727,28.940000534057617,29.084999084472656,3195350
2024-08-20 16:30:00,29.084999084472656,29.100000381469727,28.979999542236328,29.0049991607666,1778304
2024-08-20 17:30:00,29.0049991607666,29.100000381469727,28.989999771118164,29.065000534057617,1135372
2024-08-20 18:30:00,29.065000534057617,29.079999923706055,28.979999542236328,28.9950008392334,1461758
2024-08-20 19:30:00,28.9950008392334,29.0,28.885000228881836,28.90999984741211,3798154
2024-08-21 13:30:00,28.979999542236328,29.170000076293945,28.93000030517578,29.05500030517578,3108620
2024-08-21 14:30:00,29.05590057373047,29.100000381469727,28.975000381469727,29.059999465942383,1467518
2024-08-21 15:30:00,29.065000534057617,29.100000381469727,28.989999771118164,29.0049991607666,1316970
2024-08-21 16:30:00,29.0049991607666,29.059999465942383,28.979999542236328,29.014999389648438,1244900
2024-08-21 17:30:00,29.014999389648438,29.06999969482422,28.979999542236328,29.059999465942383,1123717
2024-08-21 18:30:00,29.06999969482422,29.09000015258789,28.93000030517578,28.979999542236328,1983106
2024-08-21 19:30:00,28.975000381469727,29.020000457763672,28.950000762939453,29.014999389648438,2055030
2024-08-22 13:30:00,29.020000457763672,29.1299991607666,28.770000457763672,28.855300903320312,2944150
2024-08-22 14:30:00,28.854999542236328,28.899999618530273,28.700000762939453,28.753599166870117,1940268
2024-08-22 15:30:00,28.75,28.799999237060547,28.65999984741211,28.690000534057617,1846736
2024-08-22 16:30:00,28.69499969482422,28.700000762939453,28.56999969482422,28.575000762939453,1924747
2024-08-22 17:30:00,28.575000762939453,28.719999313354492,28.540000915527344,28.684999465942383,3078479
2024-08-22 18:30:00,28.684999465942383,28.75,28.65999984741211,28.75,1960533
2024-08-22 19:30:00,28.7450008392334,28.799999237060547,28.68000030517578,28.799999237060547,3084135
2024-08-23 13:30:00,28.81999969482422,28.84000015258789,28.639999389648438,28.80500030517578,2746442
2024-08-23 14:30:00,28.80500030517578,28.940000534057617,28.719999313354492,28.924999237060547,2367942
2024-08-23 15:30:00,28.93000030517578,28.93000030517578,28.760000228881836,28.785999298095703,1650568
2024-08-23 16:30:00,28.78499984741211,28.8799991607666,28.780000686645508,28.825000762939453,1559935
2024-08-23 17:30:00,28.829999923706055,28.860000610351562,28.760000228881836,28.764999389648438,1357068
2024-08-23 18:30:00,28.770000457763672,28.850000381469727,28.739999771118164,28.834999084472656,2703207
2024-08-23 19:30:00,28.829999923706055,28.93000030517578,28.809999465942383,28.899999618530273,3197187
2024-08-26 13:30:00,28.920000076293945,28.995399475097656,28.770000457763672,28.989999771118164,3391833
2024-08-26 14:30:00,28.985000610351562,29.049999237060547,28.81999969482422,28.860000610351562,1752812
2024-08-26 15:30:00,28.854999542236328,28.899999618530273,28.84000015258789,28.889999389648438,1223675
2024-08-26 16:30:00,28.8799991607666,28.969999313354492,28.850000381469727,28.934999465942383,2067577
2024-08-26 17:30:00,28.934099197387695,28.950000762939453,28.8799991607666,28.924999237060547,1300712
2024-08-26 18:30:00,28.92639923095703,29.0,28.8799991607666,28.950000762939453,2767480
2024-08-26 19:30:00,28.954999923706055,28.959999084472656,28.8799991607666,28.920000076293945,2025398
2024-08-27 13:30:00,28.979999542236328,29.040000915527344,28.66010093688965,28.679899215698242,2852949
2024-08-27 14:30:00,28.670000076293945,28.700000762939453,28.610000610351562,28.674999237060547,1962666
2024-08-27 15:30:00,28.674999237060547,28.674999237060547,28.56999969482422,28.604999542236328,1908381
2024-08-27 16:30:00,28.604999542236328,28.68000030517578,28.559999465942383,28.674999237060547,1591753
2024-08-27 17:30:00,28.671600341796875,28.81999969482422,28.6299991607666,28.78499984741211,1821944
2024-08-27 18:30:00,28.78499984741211,28.790000915527344,28.709999084472656,28.740100860595703,1443892
2024-08-27 19:30:00,28.7450008392334,28.850000381469727,28.729999542236328,28.829999923706055,2434808
2024-08-28 13:30:00,28.780000686645508,29.079999923706055,28.760000228881836,29.020000457763672,3248958
2024-08-28 14:30:00,29.020000457763672,29.040000915527344,28.950000762939453,28.9950008392334,2340632
2024-08-28 15:30:00,28.99720001220703,29.0,28.81999969482422,28.825000762939453,1926950
2024-08-28 16:30:00,28.829999923706055,28.850000381469727,28.75,28.764999389648438,1537844
2024-08-28 17:30:00,28.760000228881836,28.790000915527344,28.68000030517578,28.69420051574707,1857420
2024-08-28 18:30:00,28.69499969482422,28.729999542236328,28.635000228881836,28.71500015258789,2321152
2024-08-28 19:30:00,28.71500015258789,28.809999465942383,28.69499969482422,28.760000228881836,2794003
2024-08-29 13:30:00,28.8700008392334,28.889999389648438,28.530000686645508,28.799999237060547,4219520
2024-08-29 14:30:00,28.795000076293945,28.799999237060547,28.670000076293945,28.690000534057617,1641590
2024-08-29 15:30:00,28.69499969482422,28.770000457763672,28.670000076293945,28.759899139404297,1417452
2024-08-29 16:30:00,28.75160026550293,28.780000686645508,28.700000762939453,28.764999389648438,1084040
2024-08-29 17:30:00,28.764999389648438,28.799999237060547,28.739999771118164,28.770000457763672,1107034
2024-08-29 18:30:00,28.770000457763672,28.809999465942383,28.709999084472656,28.788999557495117,1590897
2024-08-29 19:30:00,28.790000915527344,28.799999237060547,28.670000076293945,28.704999923706055,3174517
2024-08-30 13:30:00,28.719999313354492,28.889999389648438,28.670000076293945,28.854999542236328,3751511
2024-08-30 14:30:00,28.854999542236328,28.899999618530273,28.729999542236328,28.77989959716797,3109638
2024-08-30 15:30:00,28.780000686645508,28.84000015258789,28.719999313354492,28.770000457763672,1534653
2024-08-30 16:30:00,28.764999389648438,28.836299896240234,28.739999771118164,28.790000915527344,1428982
2024-08-30 17:30:00,28.795000076293945,28.860000610351562,28.75,28.854999542236328,1451378
2024-08-30 18:30:00,28.854999542236328,28.94499969482422,28.829999923706055,28.920000076293945,2431220
2024-08-30 19:30:00,28.93000030517578,29.049999237060547,28.850000381469727,29.0,7018888
2024-09-03 13:30:00,28.649999618530273,28.920000076293945,28.3700008392334,28.524999618530273,13304547
2024-09-03 14:30:00,28.524999618530273,28.770000457763672,28.5,28.700000762939453,4171548
2024-09-03 15:30:00,28.69499969482422,28.780000686645508,28.56999969482422,28.69499969482422,3793304
2024-09-03 16:30:00,28.696199417114258,28.719999313354492,28.450000762939453,28.485000610351562,2928873
2024-09-03 17:30:00,28.485000610351562,28.5,28.3700008392334,28.434999465942383,3334429
2024-09-03 18:30:00,28.434999465942383,28.440000534057617,28.209999084472656,28.27989959716797,4524285
2024-09-03 19:30:00,28.274999618530273,28.315000534057617,28.139999389648438,28.299999237060547,7072073
2024-09-04 13:30:00,28.290000915527344,28.40999984741211,28.209999084472656,28.280000686645508,4291732
2024-09-04 14:30:00,28.290000915527344,28.479999542236328,28.200000762939453,28.460100173950195,3080907
2024-09-04 15:30:00,28.46500015258789,28.540000915527344,28.420000076293945,28.434999465942383,2629762
2024-09-04 16:30:00,28.434999465942383,28.53499984741211,28.43000030517578,28.46540069580078,1444447
2024-09-04 17:30:00,28.469999313354492,28.479999542236328,28.290000915527344,28.30500030517578,1999693
2024-09-04 18:30:00,28.299999237060547,28.309999465942383,28.209999084472656,28.235000610351562,2603284
2024-09-04 19:30:00,28.239999771118164,28.43000030517578,28.229999542236328,28.3799991607666,3915270
2024-09-05 13:30:00,28.43000030517578,28.764999389648438,28.399999618530273,28.594999313354492,6102487
2024-09-05 14:30:00,28.59000015258789,28.69499969482422,28.549999237060547,28.614999771118164,2529207
2024-09-05 15:30:00,28.614999771118164,28.616100311279297,28.3700008392334,28.399999618530273,2460159
2024-09-05 16:30:00,28.399999618530273,28.540000915527344,28.350000381469727,28.520299911499023,2231970
2024-09-05 17:30:00,28.520000457763672,28.6200008392334,28.510000228881836,28.604999542236328,1648163
2024-09-05 18:30:00,28.600000381469727,28.65999984741211,28.389999389648438,28.407699584960938,1936856
2024-09-05 19:30:00,28.405000686645508,28.530000686645508,28.354999542236328,28.510000228881836,4667559
2024-09-06 13:30:00,28.559999465942383,28.770000457763672,28.510000228881836,28.524999618530273,4223144
2024-09-06 14:30:00,28.530000686645508,28.700000762939453,28.520000457763672,28.55500030517578,4555942
2024-09-06 15:30:00,28.549999237060547,28.56999969482422,28.329999923706055,28.334999084472656,4073329
2024-09-06 16:30:00,28.34000015258789,28.43000030517578,28.280000686645508,28.389999389648438,3412598
2024-09-06 17:30:00,28.395000457763672,28.45989990234375,28.3700008392334,28.424999237060547,2915628
2024-09-06 18:30:00,28.424999237060547,28.469999313354492,28.350000381469727,28.46500015258789,3175057
2024-09-06 19:30:00,28.46500015258789,28.579999923706055,28.44499969482422,28.575000762939453,4177713
2024-09-09 13:30:00,28.565000534057617,29.239999771118164,28.452999114990234,29.135000228881836,6348323
2024-09-09 14:30:00,29.135000228881836,29.299999237060547,29.04315757751465,29.135000228881836,5405219
2024-09-09 15:30:00,29.135000228881836,29.440000534057617,29.110000610351562,29.424999237060547,3698606
2024-09-09 16:30:00,29.424999237060547,29.5,29.34000015258789,29.375,2903831
2024-09-09 17:30:00,29.3799991607666,29.5,29.354999542236328,29.439699172973633,2794134
2024-09-09 18:30:00,29.434999465942383,29.59000015258789,29.431299209594727,29.545000076293945,3886328
2024-09-09 19:30:00,29.549999237060547,29.549999237060547,29.34000015258789,29.40999984741211,5943442
2024-09-10 13:30:00,29.420000076293945,29.7549991607666,29.190000534057617,29.549999237060547,4376767
2024-09-10 14:30:00,29.549999237060547,29.700000762939453,29.5049991607666,29.69499969482422,3199753
2024-09-10 15:30:00,29.69499969482422,29.700000762939453,29.489999771118164,29.56999969482422,3335992
2024-09-10 16:30:00,29.565000534057617,29.719999313354492,29.530000686645508,29.674999237060547,2113839
2024-09-10 17:30:00,29.674999237060547,29.719999313354492,29.639999389648438,29.665000915527344,2013101
2024-09-10 18:30:00,29.665000915527344,29.75,29.649999618530273,29.735000610351562,2380410
2024-09-10 19:30:00,29.735000610351562,29.75,29.649999618530273,29.735000610351562,3246798
2024-09-11 13:30:00,29.68000030517578,29.700000762939453,29.165000915527344,29.260000228881836,7904777
2024-09-11 14:30:00,29.260000228881836,29.440000534057617,29.21500015258789,29.415000915527344,3322668
2024-09-11 15:30:00,29.415000915527344,29.604999542236328,29.389999389648438,29.549999237060547,3277129
2024-09-11 16:30:00,29.549999237060547,29.610000610351562,29.524999618530273,29.549999237060547,2043158
2024-09-11 17:30:00,29.559999465942383,29.559999465942383,29.440000534057617,29.46500015258789,2167145
2024-09-11 18:30:00,29.46179962158203,29.540000915527344,29.450000762939453,29.5049991607666,2334388
2024-09-11 19:30:00,29.5049991607666,29.68000030517578,29.454999923706055,29.6299991607666,3768322
2024-09-12 13:30:00,29.579999923706055,29.70800018310547,28.760000228881836,29.114999771118164,7837075
2024-09-12 14:30:00,29.110000610351562,29.170000076293945,28.989999771118164,29.135000228881836,3007911
2024-09-12 15:30:00,29.135000228881836,29.219999313354492,29.079999923706055,29.084999084472656,2265541
2024-09-12 16:30:00,29.084999084472656,29.229999542236328,29.059999465942383,29.184999465942383,1918673
2024-09-12 17:30:00,29.1825008392334,29.2549991607666,29.1299991607666,29.225000381469727,1898112
2024-09-12 18:30:00,29.219999313354492,29.239999771118164,29.139999389648438,29.204999923706055,2674974
2024-09-12 19:30:00,29.209999084472656,29.209999084472656,29.1299991607666,29.18000030517578,3663394
2024-09-13 13:30:00,29.15999984741211,29.299999237060547,29.020000457763672,29.094999313354492,4416740
2024-09-13 14:30:00,29.114999771118164,29.1200008392334,28.989999771118164,29.009899139404297,2924982
2024-09-13 15:30:00,29.010000228881836,29.1200008392334,29.0049991607666,29.088699340820312,2432884
2024-09-13 16:30:00,29.084999084472656,29.15999984741211,29.06999969482422,29.137500762939453,1231945
2024-09-13 17:30:00,29.135000228881836,29.219999313354492,29.1200008392334,29.14189910888672,1494651
2024-09-13 18:30:00,29.145000457763672,29.200000762939453,29.114999771118164,29.18000030517578,1679238
2024-09-13 19:30:00,29.184999465942383,29.280000686645508,29.170000076293945,29.260000228881836,2998644
2024-09-16 13:30:00,29.56999969482422,29.829999923706055,29.440000534057617,29.535999298095703,4315678
2024-09-16 14:30:00,29.524999618530273,29.889999389648438,29.521699905395508,29.75,4258894
2024-09-16 15:30:00,29.75,29.889999389648438,29.739999771118164,29.790000915527344,2640530
2024-09-16 16:30:00,29.78499984741211,29.84000015258789,29.760000228881836,29.834999084472656,1694481
2024-09-16 17:30:00,29.84000015258789,30.0,29.81999969482422,29.985000610351562,2778289
2024-09-16 18:30:00,29.985000610351562,30.129899978637695,29.979999542236328,30.03499984741211,3704417
2024-09-16 19:30:00,30.03499984741211,30.139999389648438,30.0,30.06999969482422,5650871
2024-09-17 13:30:00,30.045000076293945,30.139999389648438,29.829999923706055,29.880800247192383,4322205
2024-09-17 14:30:00,29.844999313354492,29.920000076293945,29.809999465942383,29.844999313354492,2761801
2024-09-17 15:30:00,29.844999313354492,29.93000030517578,29.770000457763672,29.850000381469727,2599386
2024-09-17 16:30:00,29.855600357055664,29.860000610351562,29.600000381469727,29.69499969482422,3234446
2024-09-17 17:30:00,29.69499969482422,29.729999542236328,29.614999771118164,29.684999465942383,1875028
2024-09-17 18:30:00,29.68000030517578,29.729999542236328,29.639999389648438,29.725000381469727,2310854
2024-09-17 19:30:00,29.72010040283203,29.860000610351562,29.709999084472656,29.84000015258789,4842742
2024-09-18 13:30:00,30.0,30.139999389648438,29.8700008392334,29.921300888061523,5021867
2024-09-18 14:30:00,29.920000076293945,29.950000762939453,29.799999237060547,29.809999465942383,3127837
2024-09-18 15:30:00,29.809999465942383,29.899999618530273,29.799999237060547,29.844999313354492,2922754
2024-09-18 16:30:00,29.84000015258789,29.950000762939453,29.829999923706055,29.864999771118164,2434082
2024-09-18 17:30:00,29.864999771118164,30.09000015258789,29.81999969482422,29.915000915527344,3231971
2024-09-18 18:30:00,29.90999984741211,29.959999084472656,29.75,29.875,2731160
2024-09-18 19:30:00,29.875,29.8799991607666,29.730100631713867,29.75,2657108
2024-09-19 13:30:00,29.93000030517578,30.000499725341797,29.75,29.80470085144043,4323223
2024-09-19 14:30:00,29.799999237060547,29.854999542236328,29.729999542236328,29.739999771118164,2215692
2024-09-19 15:30:00,29.7450008392334,29.81999969482422,29.709999084472656,29.815000534057617,2001692
2024-09-19 16:30:00,29.81999969482422,30.350000381469727,29.690000534057617,29.729999542236328,2143377
2024-09-19 17:30:00,29.725000381469727,29.809999465942383,29.700000762939453,29.742399215698242,1698331
2024-09-19 18:30:00,29.7450008392334,29.79949951171875,29.6200008392334,29.625,2117109
2024-09-19 19:30:00,29.62619972229004,29.709999084472656,29.520000457763672,29.65999984741211,4456576
2024-09-20 13:30:00,29.459999084472656,29.479900360107422,29.280000686645508,29.30500030517578,10979945
2024-09-20 14:30:00,29.299999237060547,29.350000381469727,29.239999771118164,29.31999969482422,2892643
2024-09-20 15:30:00,29.315000534057617,29.329999923706055,29.229999542236328,29.264999389648438,2145040
2024-09-20 16:30:00,29.262699127197266,29.350000381469727,29.260000228881836,29.33530044555664,1422218
2024-09-20 17:30:00,29.334800720214844,29.440000534057617,29.295000076293945,29.334999084472656,1602243
2024-09-20 18:30:00,29.334999084472656,29.406700134277344,29.315000534057617,29.385000228881836,1878024
2024-09-20 19:30:00,29.3799991607666,29.489999771118164,29.350000381469727,29.420000076293945,4757670
2024-09-23 13:30:00,29.43000030517578,29.469999313354492,29.18000030517578,29.30270004272461,4142917
2024-09-23 14:30:00,29.299999237060547,29.40999984741211,29.290000915527344,29.329999923706055,4375703
2024-09-23 15:30:00,29.334999084472656,29.33989906311035,29.239999771118164,29.268999099731445,2233143
2024-09-23 16:30:00,29.263999938964844,29.280000686645508,29.200000762939453,29.275999069213867,1353444
2024-09-23 17:30:00,29.274999618530273,29.34000015258789,29.25,29.28499984741211,3105997
2024-09-23 18:30:00,29.28499984741211,29.31999969482422,29.260000228881836,29.309999465942383,1500142
2024-09-23 19:30:00,29.309900283813477,29.31999969482422,29.26118278503418,29.299999237060547,2225524
2024-09-24 13:30:00,29.2450008392334,29.559999465942383,29.149999618530273,29.559999465942383,4890753
2024-09-24 14:30:00,29.55500030517578,29.59000015258789,29.469999313354492,29.5,1965384
2024-09-24 15:30:00,29.4950008392334,29.549999237060547,29.360000610351562,29.36079978942871,1789359
2024-09-24 16:30:00,29.361900329589844,29.41670036315918,29.329999923706055,29.3700008392334,1544049
2024-09-24 17:30:00,29.364999771118164,29.40999984741211,29.350000381469727,29.39310073852539,1448578
2024-09-24 18:30:00,29.395000457763672,29.450000762939453,29.3700008392334,29.43000030517578,1588882
2024-09-24 19:30:00,29.434999465942383,29.520000457763672,29.40999984741211,29.510000228881836,2857398
2024-09-25 13:30:00,29.600000381469727,29.700000762939453,29.260000228881836,29.325000762939453,6293243
2024-09-25 14:30:00,29.32296371459961,29.34000015258789,29.229999542236328,29.309999465942383,3270507
2024-09-25 15:30:00,29.31599998474121,29.34000015258789,29.260000228881836,29.282400131225586,2078576
2024-09-25 16:30:00,29.285999298095703,29.309999465942383,28.93000030517578,29.014999389648438,4487937
2024-09-25 17:30:00,29.014999389648438,29.100000381469727,28.979999542236328,29.09000015258789,2110067
2024-09-25 18:30:00,29.09000015258789,29.100000381469727,29.0,29.010000228881836,1979987
2024-09-25 19:30:00,29.0039005279541,29.020000457763672,28.90999984741211,28.940000534057617,4095879
2024-09-26 13:30:00,28.479999542236328,28.8700008392334,28.309999465942383,28.78499984741211,8266802
2024-09-26 14:30:00,28.78499984741211,28.8799991607666,28.684499740600586,28.690000534057617,4619269
2024-09-26 15:30:00,28.69499969482422,28.844999313354492,28.690000534057617,28.821399688720703,3649011
2024-09-26 16:30:00,28.825000762939453,28.93000030517578,28.780000686645508,28.924999237060547,2718047
2024-09-26 17:30:00,28.920000076293945,28.979999542236328,28.799999237060547,28.80500030517578,2343736
2024-09-26 18:30:00,28.799999237060547,28.90999984741211,28.780000686645508,28.8700008392334,2455316
2024-09-26 19:30:00,28.8700008392334,29.009899139404297,28.860000610351562,28.969999313354492,3355770
2024-09-27 13:30:00,29.020000457763672,29.09000015258789,28.920000076293945,29.010099411010742,5925332
2024-09-27 14:30:00,29.017099380493164,29.187700271606445,28.989999771118164,29.149999618530273,3079900
2024-09-27 15:30:00,29.155000686645508,29.229999542236328,29.1200008392334,29.135000228881836,3203190
2024-09-27 16:30:00,29.135000228881836,29.229999542236328,29.1200008392334,29.216299057006836,1898277
2024-09-27 17:30:00,29.21500015258789,29.229999542236328,29.139999389648438,29.145000457763672,1689673
2024-09-27 18:30:00,29.149999618530273,29.15999984741211,29.09000015258789,29.125,1941241
2024-09-27 19:30:00,29.1200008392334,29.149999618530273,29.06999969482422,29.110000610351562,3174314
2024-09-30 13:30:00,29.110000610351562,29.190000534057617,29.010000228881836,29.100000381469727,3490193
2024-09-30 14:30:00,29.104999542236328,29.1299991607666,28.989999771118164,28.9950008392334,1870723
2024-09-30 15:30:00,28.985000610351562,29.010000228881836,28.8700008392334,28.905000686645508,1857117
2024-09-30 16:30:00,28.90999984741211,28.93000030517578,28.780000686645508,28.809999465942383,2392403
2024-09-30 17:30:00,28.817699432373047,28.899999618530273,28.780000686645508,28.815000534057617,2207123
2024-09-30 18:30:00,28.825000762939453,28.885000228881836,28.799999237060547,28.866100311279297,2675844
2024-09-30 19:30:00,28.864999771118164,28.959999084472656,28.860000610351562,28.940000534057617,5321383
2024-10-01 13:30:00,29.049999237060547,29.079999923706055,28.600000381469727,28.65999984741211,5946536
2024-10-01 14:30:00,28.665000915527344,28.7450008392334,28.631999969482422,28.686500549316406,3247826
2024-10-01 15:30:00,28.690000534057617,28.799999237060547,28.665000915527344,28.735000610351562,2192612
2024-10-01 16:30:00,28.729999542236328,28.739999771118164,28.530000686645508,28.549999237060547,2599678
2024-10-01 17:30:00,28.549999237060547,28.700000762939453,28.540000915527344,28.670000076293945,2120122
2024-10-01 18:30:00,28.665000915527344,28.737499237060547,28.65999984741211,28.715999603271484,2263458
2024-10-01 19:30:00,28.71500015258789,28.729999542236328,28.65999984741211,28.68000030517578,3431828
2024-10-02 13:30:00,28.600000381469727,28.709999084472656,28.3799991607666,28.565000534057617,5949887
2024-10-02 14:30:00,28.559999465942383,28.770000457763672,28.549999237060547,28.6210994720459,3372896
2024-10-02 15:30:00,28.625,28.729999542236328,28.600000381469727,28.610000610351562,2244680
2024-10-02 16:30:00,28.60260009765625,28.610000610351562,28.524999618530273,28.559999465942383,2189555
2024-10-02 17:30:00,28.55500030517578,28.68000030517578,28.530000686645508,28.60650062561035,2152377
2024-10-02 18:30:00,28.604999542236328,28.68000030517578,28.579999923706055,28.645000457763672,2365327
2024-10-02 19:30:00,28.645000457763672,28.65999984741211,28.559999465942383,28.604999542236328,3124970
2024-10-03 13:30:00,28.5,28.520000457763672,28.270000457763672,28.30500030517578,5947193
2024-10-03 14:30:00,28.30500030517578,28.34000015258789,28.260000228881836,28.264999389648438,3466131
2024-10-03 15:30:00,28.266199111938477,28.454999923706055,28.26409912109375,28.44300079345703,2458743
2024-10-03 16:30:00,28.44499969482422,28.459999084472656,28.34000015258789,28.344999313354492,2374696
2024-10-03 17:30:00,28.344999313354492,28.510000228881836,28.34000015258789,28.471900939941406,2664224
2024-10-03 18:30:00,28.475000381469727,28.475000381469727,28.3799991607666,28.394100189208984,1788770
2024-10-03 19:30:00,28.395000457763672,28.405000686645508,28.290000915527344,28.350000381469727,4007593
2024-10-04 13:30:00,28.290000915527344,28.559999465942383,28.239999771118164,28.46500015258789,6559764
2024-10-04 14:30:00,28.46500015258789,28.510000228881836,28.350000381469727,28.364999771118164,3389081
2024-10-04 15:30:00,28.364999771118164,28.514999389648438,28.360000610351562,28.43790054321289,2512321
2024-10-04 16:30:00,28.43400001525879,28.540000915527344,28.43000030517578,28.535499572753906,2782640
2024-10-04 17:30:00,28.540000915527344,28.579999923706055,28.469999313354492,28.485000610351562,2797526
2024-10-04 18:30:00,28.485000610351562,28.56999969482422,28.450000762939453,28.496000289916992,3141596
2024-10-04 19:30:00,28.489999771118164,28.59000015258789,28.479999542236328,28.579999923706055,3371628
2024-10-07 13:30:00,29.3700008392334,29.84000015258789,29.110000610351562,29.69499969482422,20325381
2024-10-07 14:30:00,29.69300079345703,29.700000762939453,29.299999237060547,29.5,6523486
2024-10-07 15:30:00,29.4950008392334,29.530000686645508,29.3700008392334,29.395000457763672,4011829
2024-10-07 16:30:00,29.399999618530273,29.420000076293945,29.209999084472656,29.350000381469727,4195355
2024-10-07 17:30:00,29.353500366210938,29.3799991607666,29.239999771118164,29.274999618530273,3026602
2024-10-07 18:30:00,29.270000457763672,29.290000915527344,29.170000076293945,29.184999465942383,4466679
2024-10-07 19:30:00,29.184999465942383,29.229999542236328,29.110000610351562,29.200000762939453,4832067
2024-10-08 13:30:00,29.209999084472656,29.489999771118164,29.135000228881836,29.21500015258789,6005557
2024-10-08 14:30:00,29.209999084472656,29.260000228881836,29.15999984741211,29.225000381469727,3188477
2024-10-08 15:30:00,29.229999542236328,29.23710060119629,29.0,29.04800033569336,3060065
2024-10-08 16:30:00,29.04490089416504,29.170000076293945,29.030000686645508,29.155000686645508,2870347
2024-10-08 17:30:00,29.155000686645508,29.229999542236328,29.135000228881836,29.18000030517578,1986087
2024-10-08 18:30:00,29.17650032043457,29.229999542236328,29.15999984741211,29.215999603271484,3126263
2024-10-08 19:30:00,29.209999084472656,29.25,29.18000030517578,29.18000030517578,3730240
2024-10-09 13:30:00,29.219999313354492,30.0,29.100000381469727,29.942399978637695,11285591
2024-10-09 14:30:00,29.94499969482422,30.350000381469727,29.940000534057617,30.30500030517578,10341260
2024-10-09 15:30:00,30.30500030517578,30.43000030517578,30.139999389648438,30.219999313354492,5039762
2024-10-09 16:30:00,30.219999313354492,30.31999969482422,30.149999618530273,30.2450008392334,3128440
2024-10-09 17:30:00,30.2450008392334,30.260000228881836,30.104999542236328,30.133899688720703,2296999
2024-10-09 18:30:00,30.135000228881836,30.18000030517578,30.079999923706055,30.084999084472656,2984102
2024-10-09 19:30:00,30.09000015258789,30.209999084472656,30.045000076293945,30.200000762939453,4069622
2024-10-10 13:30:00,29.889999389648438,30.079999923706055,29.280000686645508,29.655000686645508,10050935
2024-10-10 14:30:00,29.655000686645508,29.790000915527344,29.499799728393555,29.529499053955078,4709019
2024-10-10 15:30:00,29.530000686645508,29.59000015258789,29.489999771118164,29.524999618530273,2711505
2024-10-10 16:30:00,29.52280044555664,29.540000915527344,29.34000015258789,29.375900268554688,3558302
2024-10-10 17:30:00,29.375,29.459999084472656,29.360000610351562,29.399999618530273,2449144
2024-10-10 18:30:00,29.395000457763672,29.434999465942383,29.31999969482422,29.334999084472656,2784294
2024-10-10 19:30:00,29.34000015258789,29.3799991607666,29.309999465942383,29.34000015258789,3604748
2024-10-11 13:30:00,29.360000610351562,29.440000534057617,28.969999313354492,29.1200008392334,7871565
2024-10-11 14:30:00,29.1200008392334,29.125,29.0049991607666,29.066099166870117,4078357
2024-10-11 15:30:00,29.06290054321289,29.079999923706055,28.979999542236328,29.0132999420166,2447081
2024-10-11 16:30:00,29.020000457763672,29.030000686645508,28.950000762939453,29.030000686645508,2827942
2024-10-11 17:30:00,29.030000686645508,29.135000228881836,29.020099639892578,29.049100875854492,2409405
2024-10-11 18:30:00,29.04990005493164,29.110000610351562,29.020000457763672,29.104999542236328,2135548
2024-10-11 19:30:00,29.104999542236328,29.15999984741211,29.059999465942383,29.155000686645508,3217843
2024-10-14 13:30:00,29.15999984741211,29.170000076293945,28.850000381469727,29.014999389648438,4553205
2024-10-14 14:30:00,29.014999389648438,29.039899826049805,28.940000534057617,28.975000381469727,2687256
2024-10-14 15:30:00,28.969999313354492,29.020000457763672,28.950000762939453,28.985000610351562,1839632
2024-10-14 16:30:00,28.985000610351562,29.020000457763672,28.920000076293945,28.924999237060547,1965697
2024-10-14 17:30:00,28.93000030517578,28.989999771118164,28.90999984741211,28.98579978942871,1542052
2024-10-14 18:30:00,28.979999542236328,29.094999313354492,28.979999542236328,29.06450080871582,2285334
2024-10-14 19:30:00,29.065000534057617,29.1299991607666,29.059999465942383,29.100000381469727,3018346
2024-10-15 13:30:00,29.09000015258789,29.53499984741211,29.06999969482422,29.510000228881836,5673372
2024-10-15 14:30:00,29.5049991607666,29.739999771118164,29.49020004272461,29.55500030517578,4565658
2024-10-15 15:30:00,29.55500030517578,29.576799392700195,29.489999771118164,29.4950008392334,2231076
2024-10-15 16:30:00,29.489999771118164,29.5,29.40999984741211,29.420000076293945,1978415
2024-10-15 17:30:00,29.420000076293945,29.440000534057617,29.31999969482422,29.3700008392334,1740467
2024-10-15 18:30:00,29.3700008392334,29.3799991607666,29.309999465942383,29.364999771118164,1843170
2024-10-15 19:30:00,29.364999771118164,29.459999084472656,29.344499588012695,29.450000762939453,3697282
2024-10-16 13:30:00,29.5,29.770000457763672,29.43000030517578,29.600200653076172,4538012
2024-10-16 14:30:00,29.600000381469727,29.690000534057617,29.59000015258789,29.606822967529297,2018304
2024-10-16 15:30:00,29.607500076293945,29.809999465942383,29.579999923706055,29.80500030517578,2700698
2024-10-16 16:30:00,29.805999755859375,29.81999969482422,29.75,29.790000915527344,2494845
2024-10-16 17:30:00,29.78499984741211,29.81999969482422,29.719999313354492,29.735000610351562,2133235
2024-10-16 18:30:00,29.735000610351562,29.790000915527344,29.7101993560791,29.749900817871094,1890038
2024-10-16 19:30:00,29.7450008392334,29.75,29.639999389648438,29.65999984741211,3726610
2024-10-17 13:30:00,29.479999542236328,29.530000686645508,29.219999313354492,29.354999542236328,4399635
2024-10-17 14:30:00,29.354999542236328,29.3700008392334,29.280000686645508,29.295000076293945,1946376
2024-10-17 15:30:00,29.295000076293945,29.31999969482422,29.260000228881836,29.290000915527344,2046488
2024-10-17 16:30:00,29.29450035095215,29.3700008392334,29.290000915527344,29.344999313354492,1250299
2024-10-17 17:30:00,29.344999313354492,29.360000610351562,29.25,29.264999389648438,1502961
2024-10-17 18:30:00,29.260000228881836,29.329999923706055,29.260000228881836,29.317399978637695,1908673
2024-10-17 19:30:00,29.315000534057617,29.360000610351562,29.270000457763672,29.274999618530273,2733548
2024-10-18 13:30:00,29.299999237060547,29.364999771118164,29.079999923706055,29.155000686645508,5920958
2024-10-18 14:30:00,29.15999984741211,29.229900360107422,29.1200008392334,29.1200008392334,5337831
2024-10-18 15:30:00,29.1200008392334,29.219999313354492,29.1200008392334,29.20359992980957,1636095
2024-10-18 16:30:00,29.204999923706055,29.2450008392334,29.15999984741211,29.165000915527344,2003393
2024-10-18 17:30:00,29.170000076293945,29.260000228881836,29.15999984741211,29.2549991607666,1417798
2024-10-18 18:30:00,29.2549991607666,29.260000228881836,29.200000762939453,29.209999084472656,1239873
2024-10-18 19:30:00,29.20400047302246,29.239900588989258,29.190000534057617,29.229999542236328,2415517
2024-10-21 13:30:00,29.219999313354492,29.219999313354492,28.920000076293945,29.045000076293945,5207222
2024-10-21 14:30:00,29.047100067138672,29.1200008392334,28.93000030517578,28.93000030517578,2717255
2024-10-21 15:30:00,28.93000030517578,28.969999313354492,28.8799991607666,28.914100646972656,2913618
2024-10-21 16:30:00,28.915000915527344,29.030000686645508,28.90999984741211,28.969999313354492,2057196
2024-10-21 17:30:00,28.97010040283203,28.989999771118164,28.920000076293945,28.942800521850586,1961560
2024-10-21 18:30:00,28.949899673461914,29.0,28.93000030517578,28.985000610351562,1764662
2024-10-21 19:30:00,28.979999542236328,28.985000610351562,28.899999618530273,28.940000534057617,3141750
2024-10-22 13:30:00,28.899999618530273,28.985000610351562,28.600000381469727,28.75,8586974
2024-10-22 14:30:00,28.75,28.889999389648438,28.729999542236328,28.81439971923828,3012119
2024-10-22 15:30:00,28.809999465942383,28.8799991607666,28.760000228881836,28.837200164794922,1900062
2024-10-22 16:30:00,28.83989906311035,28.916900634765625,28.799999237060547,28.905000686645508,1853907
2024-10-22 17:30:00,28.905000686645508,28.946800231933594,28.850000381469727,28.854999542236328,1697989
2024-10-22 18:30:00,28.854999542236328,28.8700008392334,28.799999237060547,28.850000381469727,1684278
2024-10-22 19:30:00,28.844999313354492,28.90999984741211,28.829999923706055,28.84000015258789,2676424
2024-10-23 13:30:00,28.8700008392334,29.110000610351562,28.84000015258789,28.905000686645508,4414702
2024-10-23 14:30:00,28.905000686645508,28.920000076293945,28.670000076293945,28.739999771118164,4603485
2024-10-23 15:30:00,28.736000061035156,28.889999389648438,28.733999252319336,28.864999771118164,2019349
2024-10-23 16:30:00,28.864999771118164,28.8700008392334,28.799999237060547,28.815000534057617,1403859
2024-10-23 17:30:00,28.815000534057617,28.829999923706055,28.75,28.78499984741211,1654798
2024-10-23 18:30:00,28.78499984741211,28.850000381469727,28.780000686645508,28.83009910583496,1768921
2024-10-23 19:30:00,28.833599090576172,28.8700008392334,28.809999465942383,28.860000610351562,2741241
2024-10-24 13:30:00,28.860000610351562,28.979999542236328,28.799999237060547,28.940000534057617,2883715
2024-10-24 14:30:00,28.94499969482422,28.950000762939453,28.770000457763672,28.774999618530273,1991280
2024-10-24 15:30:00,28.774999618530273,28.780000686645508,28.600000381469727,28.645000457763672,4569947
2024-10-24 16:30:00,28.639999389648438,28.659900665283203,28.549999237060547,28.592899322509766,5322994
2024-10-24 17:30:00,28.594999313354492,28.66950035095215,28.56999969482422,28.579999923706055,3501809
2024-10-24 18:30:00,28.584999084472656,28.610000610351562,28.5,28.594999313354492,4537617
2024-10-24 19:30:00,28.594999313354492,28.649999618530273,28.579999923706055,28.645000457763672,4428780
2024-10-25 13:30:00,28.68000030517578,28.719999313354492,28.56999969482422,28.703100204467773,4491896
2024-10-25 14:30:00,28.704999923706055,28.729999542236328,28.59000015258789,28.59000015258789,2587627
2024-10-25 15:30:00,28.594999313354492,28.610000610351562,28.530000686645508,28.539899826049805,2461215
2024-10-25 16:30:00,28.540000915527344,28.545000076293945,28.440000534057617,28.485000610351562,3279714
2024-10-25 17:30:00,28.479999542236328,28.510000228881836,28.450000762939453,28.479999542236328,2197154
2024-10-25 18:30:00,28.485000610351562,28.524999618530273,28.469999313354492,28.5,2004336
2024-10-25 19:30:00,28.4950008392334,28.5,28.450000762939453,28.450000762939453,3349553
2024-10-28 13:30:00,28.600000381469727,28.940000534057617,28.559999465942383,28.920000076293945,6276858
2024-10-28 14:30:00,28.905000686645508,28.920000076293945,28.841999053955078,28.875,3723218
2024-10-28 15:30:00,28.8700008392334,28.924999237060547,28.799999237060547,28.8700008392334,3264591
2024-10-28 16:30:00,28.8700008392334,28.88990020751953,28.829999923706055,28.860000610351562,2694688
2024-10-28 17:30:00,28.850099563598633,28.8700008392334,28.790000915527344,28.850000381469727,2732503
2024-10-28 18:30:00,28.847000122070312,28.899999618530273,28.825000762939453,28.854999542236328,4334159
2024-10-28 19:30:00,28.853599548339844,28.8799991607666,28.829999923706055,28.8700008392334,5232826
2024-10-29 13:30:00,29.010000228881836,29.170000076293945,28.549999237060547,28.565000534057617,28688328
2024-10-29 14:30:00,28.565000534057617,28.56999969482422,28.024999618530273,28.215900421142578,18803588
2024-10-29 15:30:00,28.21500015258789,28.40880012512207,28.15999984741211,28.40880012512207,6427113
2024-10-29 16:30:00,28.399999618530273,28.510000228881836,28.3700008392334,28.416500091552734,7568980
2024-10-29 17:30:00,28.420000076293945,28.459999084472656,28.299999237060547,28.39229965209961,3924651
2024-10-29 18:30:00,28.395000457763672,28.489999771118164,28.3799991607666,28.475000381469727,4128451
2024-10-29 19:30:00,28.475000381469727,28.510000228881836,28.420000076293945,28.469999313354492,7263048
2024-10-30 13:30:00,28.309999465942383,28.549999237060547,28.190000534057617,28.379899978637695,11283333
2024-10-30 14:30:00,28.372699737548828,28.389999389648438,28.25,28.344999313354492,4995436
2024-10-30 15:30:00,28.344999313354492,28.420000076293945,28.290000915527344,28.315000534057617,3612090
2024-10-30 16:30:00,28.315000534057617,28.31999969482422,28.219999313354492,28.235000610351562,4850524
2024-10-30 17:30:00,28.235000610351562,28.450000762939453,28.190000534057617,28.440099716186523,5246594
2024-10-30 18:30:00,28.450000762939453,28.540000915527344,28.440000534057617,28.449899673461914,3321711
2024-10-30 19:30:00,28.450000762939453,28.600000381469727,28.440000534057617,28.530000686645508,5197558
2024-10-31 13:30:00,28.450000762939453,28.56999969482422,28.309999465942383,28.395000457763672,5235911
2024-10-31 14:30:00,28.395000457763672,28.540000915527344,28.350000381469727,28.489999771118164,2913707
2024-10-31 15:30:00,28.489999771118164,28.520000457763672,28.43000030517578,28.514999389648438,2642711
2024-10-31 16:30:00,28.510000228881836,28.530000686645508,28.450000762939453,28.524999618530273,1935414
2024-10-31 17:30:00,28.52989959716797,28.639999389648438,28.510000228881836,28.565000534057617,3586702
2024-10-31 18:30:00,28.565000534057617,28.56999969482422,28.4950008392334,28.5,2641315
2024-10-31 19:30:00,28.510000228881836,28.510000228881836,28.290000915527344,28.290000915527344,7361238
2024-11-01 13:30:00,28.479999542236328,28.540000915527344,28.34000015258789,28.415000915527344,5877849
2024-11-01 14:30:00,28.415000915527344,28.420000076293945,28.31999969482422,28.393800735473633,6622986
2024-11-01 15:30:00,28.390300750732422,28.399999618530273,28.239999771118164,28.2549991607666,3247082
2024-11-01 16:30:00,28.259899139404297,28.299999237060547,28.18000030517578,28.225000381469727,3272185
2024-11-01 17:30:00,28.226900100708008,28.229999542236328,28.149999618530273,28.204999923706055,3552776
2024-11-01 18:30:00,28.204999923706055,28.25,28.139999389648438,28.145000457763672,3282907
2024-11-01 19:30:00,28.149999618530273,28.15999984741211,28.049999237060547,28.084999084472656,8223507
2024-11-04 14:30:00,28.100000381469727,28.139999389648438,27.81999969482422,28.023099899291992,9230333
2024-11-04 15:30:00,28.024999618530273,28.030000686645508,27.8799991607666,27.94499969482422,3910606
2024-11-04 16:30:00,27.950000762939453,27.969999313354492,27.75,27.84000015258789,5028211
2024-11-04 17:30:00,27.83989906311035,27.889999389648438,27.829999923706055,27.844999313354492,2882648
2024-11-04 18:30:00,27.844999313354492,27.860300064086914,27.770000457763672,27.774999618530273,2763853
2024-11-04 19:30:00,27.774999618530273,27.84000015258789,27.770000457763672,27.80500030517578,2874543
2024-11-04 20:30:00,27.80500030517578,27.81999969482422,27.729999542236328,27.770000457763672,5328855
2024-11-05 14:30:00,27.739999771118164,27.770000457763672,27.579999923706055,27.747800827026367,6197059
2024-11-05 15:30:00,27.739999771118164,27.809999465942383,27.729999542236328,27.782499313354492,3152050
2024-11-05 16:30:00,27.78499984741211,27.81999969482422,27.739999771118164,27.790000915527344,2262161
2024-11-05 17:30:00,27.790000915527344,27.889999389648438,27.780000686645508,27.864599227905273,5474340
2024-11-05 18:30:00,27.8700008392334,27.899999618530273,27.850000381469727,27.854999542236328,2108589
2024-11-05 19:30:00,27.854999542236328,27.895000457763672,27.84000015258789,27.886199951171875,2446570
2024-11-05 20:30:00,27.889999389648438,28.0,27.834999084472656,27.989999771118164,6387357
2024-11-06 14:30:00,27.93000030517578,27.989999771118164,27.079999923706055,27.383100509643555,20832549
2024-11-06 15:30:00,27.3799991607666,27.3799991607666,27.149999618530273,27.295000076293945,9689518
2024-11-06 16:30:00,27.290000915527344,27.434999465942383,27.280000686645508,27.405000686645508,5352757
2024-11-06 17:30:00,27.409900665283203,27.645000457763672,27.3799991607666,27.604999542236328,4608419
2024-11-06 18:30:00,27.604999542236328,27.65999984741211,27.500099182128906,27.52359962463379,4931503
2024-11-06 19:30:00,27.520099639892578,27.540000915527344,27.440000534057617,27.44029998779297,5240786
2024-11-06 20:30:00,27.44499969482422,27.479900360107422,27.34000015258789,27.350000381469727,5769956
2024-11-07 14:30:00,27.530000686645508,27.59000015258789,27.399999618530273,27.43000030517578,7335267
2024-11-07 15:30:00,27.434999465942383,27.540000915527344,27.3799991607666,27.475000381469727,4329004
2024-11-07 16:30:00,27.475400924682617,27.549999237060547,27.469999313354492,27.4950008392334,3589789
2024-11-07 17:30:00,27.4950008392334,27.510000228881836,27.399999618530273,27.40999984741211,3961758
2024-11-07 18:30:00,27.41010093688965,27.469900131225586,27.34000015258789,27.434999465942383,4476622
2024-11-07 19:30:00,27.434999465942383,27.469999313354492,27.360000610351562,27.450000762939453,8273621
2024-11-07 20:30:00,27.45050048828125,27.459999084472656,27.3799991607666,27.459999084472656,8110580
2024-11-08 14:30:00,27.110000610351562,27.149999618530273,26.89310073852539,26.96500015258789,16363421
2024-11-08 15:30:00,26.959999084472656,26.979999542236328,26.770000457763672,26.825000762939453,7354553
2024-11-08 16:30:00,26.829999923706055,26.860000610351562,26.799999237060547,26.815000534057617,3577264
2024-11-08 17:30:00,26.812000274658203,26.934999465942383,26.809999465942383,26.895000457763672,2889155
2024-11-08 18:30:00,26.895000457763672,26.959999084472656,26.81999969482422,26.83329963684082,4513955
2024-11-08 19:30:00,26.829999923706055,26.899999618530273,26.799999237060547,26.81999969482422,4564031
2024-11-08 20:30:00,26.825000762939453,26.829999923706055,26.709999084472656,26.719999313354492,7231014
2024-11-11 14:30:00,26.719999313354492,26.829999923706055,26.614999771118164,26.664499282836914,9830516
2024-11-11 15:30:00,26.665000915527344,26.66659927368164,26.360000610351562,26.424999237060547,8939179
2024-11-11 16:30:00,26.424999237060547,26.5,26.3700008392334,26.395000457763672,6073656
2024-11-11 17:30:00,26.396699905395508,26.459999084472656,26.360000610351562,26.406200408935547,6238549
2024-11-11 18:30:00,26.405000686645508,26.40999984741211,26.280000686645508,26.350000381469727,7265972
2024-11-11 19:30:00,26.350000381469727,26.3700008392334,26.25,26.2549991607666,4627079
2024-11-11 20:30:00,26.25,26.280000686645508,26.219999313354492,26.229999542236328,6804661
2024-11-12 14:30:00,26.229999542236328,26.440000534057617,26.139999389648438,26.329999923706055,9479703
2024-11-12 15:30:00,26.320100784301758,26.3799991607666,26.079999923706055,26.079999923706055,8248740
2024-11-12 16:30:00,26.066200256347656,26.1299991607666,25.950000762939453,25.9950008392334,6395338
2024-11-12 17:30:00,25.9950008392334,26.094999313354492,25.979999542236328,26.09000015258789,3516900
2024-11-12 18:30:00,26.09000015258789,26.170000076293945,26.079999923706055,26.155000686645508,3640110
2024-11-12 19:30:00,26.155000686645508,26.274999618530273,26.110000610351562,26.264999389648438,4990827
2024-11-12 20:30:00,26.264999389648438,26.299999237060547,26.1299991607666,26.190000534057617,7720344
2024-11-13 14:30:00,26.229999542236328,26.235000610351562,25.975000381469727,26.12420082092285,5756230
2024-11-13 15:30:00,26.12420082092285,26.34000015258789,26.110000610351562,26.30500030517578,3801023
2024-11-13 16:30:00,26.30500030517578,26.43000030517578,26.25,26.375,3645357
2024-11-13 17:30:00,26.37529945373535,26.440000534057617,26.34000015258789,26.434999465942383,3557964
2024-11-13 18:30:00,26.434999465942383,26.5,26.420000076293945,26.485000610351562,3125740
2024-11-13 19:30:00,26.479999542236328,26.65999984741211,26.469999313354492,26.645000457763672,7857561
2024-11-13 20:30:00,26.645000457763672,26.75,26.641000747680664,26.719999313354492,8903881
2024-11-14 14:30:00,26.739999771118164,26.850000381469727,26.450000762939453,26.472700119018555,5767678
2024-11-14 15:30:00,26.475000381469727,26.575000762939453,26.420000076293945,26.551000595092773,5280147
2024-11-14 16:30:00,26.550100326538086,26.579999923706055,26.489999771118164,26.545000076293945,3509006
2024-11-14 17:30:00,26.549999237060547,26.56999969482422,26.440000534057617,26.56999969482422,3257043
2024-11-14 18:30:00,26.559999465942383,26.579999923706055,26.510000228881836,26.546199798583984,2537907
2024-11-14 19:30:00,26.542499542236328,26.545000076293945,26.280000686645508,26.334999084472656,5342894
2024-11-14 20:30:00,26.334999084472656,26.334999084472656,25.84000015258789,26.030000686645508,13125677
2024-11-15 14:30:00,25.700000762939453,25.700000762939453,24.479999542236328,25.1299991607666,49300704
2024-11-15 15:30:00,25.125,25.149999618530273,24.860000610351562,25.049999237060547,14472525
2024-11-15 16:30:00,25.05500030517578,25.05500030517578,24.760000228881836,24.773000717163086,15281815
2024-11-15 17:30:00,24.770000457763672,24.950000762939453,24.700000762939453,24.84670066833496,9609677
2024-11-15 18:30:00,24.844999313354492,24.8799991607666,24.719999313354492,24.78849983215332,8115284
2024-11-15 19:30:00,24.787399291992188,24.8799991607666,24.709999084472656,24.827600479125977,11358712
2024-11-15 20:30:00,24.829999923706055,24.8799991607666,24.790000915527344,24.799999237060547,10995996
2024-11-18 14:30:00,24.969999313354492,25.25,24.84000015258789,24.935400009155273,13445813
2024-11-18 15:30:00,24.934999465942383,24.979900360107422,24.81999969482422,24.844999313354492,8424930
2024-11-18 16:30:00,24.850000381469727,24.8700008392334,24.700000762939453,24.7549991607666,7216154
2024-11-18 17:30:00,24.7549991607666,24.950000762939453,24.7549991607666,24.915000915527344,4964083
2024-11-18 18:30:00,24.915000915527344,25.0674991607666,24.885000228881836,25.027299880981445,5204082
2024-11-18 19:30:00,25.020000457763672,25.045000076293945,24.8799991607666,24.896699905395508,5462516
2024-11-18 20:30:00,24.895000457763672,24.908000946044922,24.81999969482422,24.8799991607666,5835239
2024-11-19 14:30:00,24.700000762939453,24.8799991607666,24.610000610351562,24.80500030517578,7979482
2024-11-19 15:30:00,24.80500030517578,25.094999313354492,24.799999237060547,25.084999084472656,6189768
2024-11-19 16:30:00,25.088699340820312,25.09000015258789,24.969999313354492,24.985000610351562,4059456
2024-11-19 17:30:00,24.985200881958008,25.024999618530273,24.809999465942383,24.86750030517578,5540046
2024-11-19 18:30:00,24.864500045776367,24.920000076293945,24.809999465942383,24.864599227905273,4212404
2024-11-19 19:30:00,24.864999771118164,24.975000381469727,24.829999923706055,24.924999237060547,5847727
2024-11-19 20:30:00,24.924999237060547,25.110000610351562,24.8799991607666,25.110000610351562,7324480
2024-11-20 14:30:00,25.06999969482422,25.100000381469727,24.809999465942383,24.924999237060547,8237648
2024-11-20 15:30:00,24.93000030517578,24.959999084472656,24.65999984741211,24.65999984741211,8802108
2024-11-20 16:30:00,24.665000915527344,24.834999084472656,24.649999618530273,24.777700424194336,5458740
2024-11-20 17:30:00,24.77400016784668,24.979999542236328,24.770000457763672,24.944299697875977,6196513
2024-11-20 18:30:00,24.94099998474121,24.950000762939453,24.780000686645508,24.829999923706055,4042639
2024-11-20 19:30:00,24.825000762939453,24.895000457763672,24.81999969482422,24.8700008392334,3344361
2024-11-20 20:30:00,24.864999771118164,25.0,24.860000610351562,24.950000762939453,4487899
2024-11-21 14:30:00,24.8700008392334,24.916500091552734,24.774999618530273,24.854999542236328,6888099
2024-11-21 15:30:00,24.850000381469727,24.959999084472656,24.809999465942383,24.950000762939453,3697006
2024-11-21 16:30:00,24.950000762939453,24.969999313354492,24.860000610351562,24.958999633789062,3770196
2024-11-21 17:30:00,24.954999923706055,25.21500015258789,24.950000762939453,25.1200008392334,7049000
2024-11-21 18:30:00,25.1200008392334,25.139999389648438,24.989999771118164,25.013399124145508,4498955
2024-11-21 19:30:00,25.014999389648438,25.030000686645508,24.905000686645508,25.024999618530273,5797202
2024-11-21 20:30:00,25.030000686645508,25.139999389648438,25.010000228881836,25.139999389648438,5456337
2024-11-22 14:30:00,25.18000030517578,25.639999389648438,25.099000930786133,25.514999389648438,7465589
2024-11-22 15:30:00,25.514999389648438,25.690000534057617,25.510000228881836,25.671600341796875,6985016
2024-11-22 16:30:00,25.68000030517578,25.75,25.620100021362305,25.729999542236328,4724629
2024-11-22 17:30:00,25.725000381469727,25.75,25.459999084472656,25.46500015258789,5568601
2024-11-22 18:30:00,25.46780014038086,25.600000381469727,25.440000534057617,25.579999923706055,3286584
2024-11-22 19:30:00,25.58300018310547,25.627399444580078,25.559999465942383,25.575000762939453,3185351
2024-11-22 20:30:00,25.575000762939453,25.68000030517578,25.530000686645508,25.6299991607666,6074416
2024-11-25 14:30:00,25.75,26.450000762939453,25.739999771118164,26.209999084472656,11242355
2024-11-25 15:30:00,26.204999923706055,26.239999771118164,26.049999237060547,26.094999313354492,3871996
2024-11-25 16:30:00,26.094999313354492,26.1200008392334,25.981000900268555,25.989999771118164,3455811
2024-11-25 17:30:00,25.991500854492188,26.0,25.889999389648438,25.95989990234375,3022505
2024-11-25 18:30:00,25.950000762939453,26.024999618530273,25.950000762939453,26.010000228881836,2703529
2024-11-25 19:30:00,26.0049991607666,26.010000228881836,25.905000686645508,25.96500015258789,4470251
2024-11-25 20:30:00,25.96500015258789,26.200000762939453,25.959999084472656,26.15999984741211,9551872
2024-11-26 14:30:00,26.15999984741211,26.239999771118164,25.700000762939453,25.764999389648438,7012435
2024-11-26 15:30:00,25.764999389648438,25.790000915527344,25.6200008392334,25.69499969482422,4631013
2024-11-26 16:30:00,25.69499969482422,25.790000915527344,25.610000610351562,25.766000747680664,3475031
2024-11-26 17:30:00,25.764999389648438,25.809999465942383,25.700000762939453,25.709999084472656,2841776
2024-11-26 18:30:00,25.709999084472656,25.790000915527344,25.68000030517578,25.729999542236328,3159002
2024-11-26 19:30:00,25.735000610351562,25.790000915527344,25.709999084472656,25.7450008392334,3080504
2024-11-26 20:30:00,25.75,25.780000686645508,25.700000762939453,25.760000228881836,4522391
2024-11-27 14:30:00,25.760000228881836,25.950000762939453,25.700000762939453,25.844999313354492,5192561
2024-11-27 15:30:00,25.847000122070312,25.90999984741211,25.81999969482422,25.88290023803711,3504057
2024-11-27 16:30:00,25.885000228881836,25.899999618530273,25.809999465942383,25.85449981689453,2255988
2024-11-27 17:30:00,25.850000381469727,25.854999542236328,25.709999084472656,25.71500015258789,2882519
2024-11-27 18:30:00,25.719900131225586,25.799999237060547,25.709999084472656,25.780099868774414,2329542
2024-11-27 19:30:00,25.78499984741211,25.809999465942383,25.7549991607666,25.795000076293945,2766897
2024-11-27 20:30:00,25.795000076293945,25.829999923706055,25.764999389648438,25.829999923706055,3827810
2024-11-29 14:30:00,25.829999923706055,26.100000381469727,25.770000457763672,26.075000762939453,5305885
2024-11-29 15:30:00,26.075000762939453,26.170000076293945,26.049999237060547,26.155000686645508,4734271
2024-11-29 16:30:00,26.155000686645508,26.229999542236328,26.139999389648438,26.184999465942383,4056158
2024-12-02 14:30:00,26.06999969482422,26.219999313354492,25.729999542236328,25.84000015258789,12722919
2024-12-02 15:30:00,25.834999084472656,25.8799991607666,25.770000457763672,25.809999465942383,4018416
2024-12-02 16:30:00,25.815000534057617,25.860000610351562,25.80500030517578,25.823999404907227,3314858
2024-12-02 17:30:00,25.825000762939453,25.8700008392334,25.780000686645508,25.854999542236328,3657735
2024-12-02 18:30:00,25.850000381469727,25.859899520874023,25.780000686645508,25.795000076293945,3181066
2024-12-02 19:30:00,25.79990005493164,25.850000381469727,25.770000457763672,25.840200424194336,3615000
2024-12-02 20:30:00,25.844999313354492,25.899999618530273,25.809999465942383,25.825000762939453,4626810
2024-12-03 14:30:00,25.829999923706055,25.889999389648438,25.719999313354492,25.815000534057617,6375086
2024-12-03 15:30:00,25.81999969482422,25.899999618530273,25.75,25.860000610351562,4050165
2024-12-03 16:30:00,25.844999313354492,25.84760093688965,25.690000534057617,25.739900588989258,3310107
2024-12-03 17:30:00,25.729999542236328,25.739999771118164,25.575000762939453,25.582700729370117,5163476
2024-12-03 18:30:00,25.584999084472656,25.610000610351562,25.540000915527344,25.594999313354492,3052941
2024-12-03 19:30:00,25.594999313354492,25.670000076293945,25.579999923706055,25.610000610351562,4155737
2024-12-03 20:30:00,25.604999542236328,25.610000610351562,25.520000457763672,25.559999465942383,5650520
2024-12-04 14:30:00,25.354999542236328,25.43000030517578,25.209999084472656,25.235000610351562,8636114
2024-12-04 15:30:00,25.235000610351562,25.350000381469727,25.209999084472656,25.290000915527344,5119485
2024-12-04 16:30:00,25.28499984741211,25.299999237060547,25.18000030517578,25.200000762939453,4421812
2024-12-04 17:30:00,25.20199966430664,25.270000457763672,25.18000030517578,25.21500015258789,3596832
2024-12-04 18:30:00,25.21500015258789,25.290000915527344,25.190000534057617,25.260000228881836,3102939
2024-12-04 19:30:00,25.264999389648438,25.280000686645508,25.200000762939453,25.200000762939453,3509688
2024-12-04 20:30:00,25.204999923706055,25.280000686645508,25.200000762939453,25.225000381469727,5212919
2024-12-05 14:30:00,25.229999542236328,25.399999618530273,25.139999389648438,25.260000228881836,6481304
2024-12-05 15:30:00,25.270000457763672,25.450000762939453,25.239999771118164,25.450000762939453,4726665
2024-12-05 16:30:00,25.44499969482422,25.719999313354492,25.389999389648438,25.460100173950195,7643052
2024-12-05 17:30:00,25.46769905090332,25.56999969482422,25.43000030517578,25.514999389648438,4466201
2024-12-05 18:30:00,25.510099411010742,25.549999237060547,25.450000762939453,25.514999389648438,2589246
2024-12-05 19:30:00,25.510000228881836,25.68000030517578,25.5,25.68000030517578,4158724
2024-12-05 20:30:00,25.68000030517578,25.790000915527344,25.670000076293945,25.719999313354492,7005193
2024-12-06 14:30:00,25.739999771118164,26.100000381469727,25.739999771118164,25.875,6970453
2024-12-06 15:30:00,25.875,25.969999313354492,25.774999618530273,25.780000686645508,3506605
2024-12-06 16:30:00,25.78499984741211,25.829999923706055,25.639999389648438,25.657499313354492,2998003
2024-12-06 17:30:00,25.650100708007812,25.770000457763672,25.639999389648438,25.694599151611328,1970906
2024-12-06 18:30:00,25.69499969482422,25.739999771118164,25.59000015258789,25.62619972229004,2798402
2024-12-06 19:30:00,25.625,25.719999313354492,25.610000610351562,25.687400817871094,2867875
2024-12-06 20:30:00,25.690000534057617,25.75,25.639999389648438,25.719999313354492,4433027
2024-12-09 14:30:00,25.760000228881836,26.135000228881836,25.579999923706055,26.128799438476562,6609133
2024-12-09 15:30:00,26.125,26.389999389648438,26.100000381469727,26.3700008392334,6841265
2024-12-09 16:30:00,26.3700008392334,26.440000534057617,26.2549991607666,26.274999618530273,4195371
2024-12-09 17:30:00,26.274999618530273,26.350000381469727,26.149999618530273,26.160200119018555,2539916
2024-12-09 18:30:00,26.16659927368164,26.229999542236328,26.135000228881836,26.186500549316406,3218140
2024-12-09 19:30:00,26.184999465942383,26.200000762939453,26.110000610351562,26.173099517822266,3139899
2024-12-09 20:30:00,26.17020034790039,26.188100814819336,26.079999923706055,26.1200008392334,4460048
2024-12-10 14:30:00,26.100000381469727,26.110000610351562,25.584999084472656,25.740299224853516,9966660
2024-12-10 15:30:00,25.7450008392334,25.959999084472656,25.739999771118164,25.875,5013188
2024-12-10 16:30:00,25.875,25.8799991607666,25.68000030517578,25.735000610351562,3632833
2024-12-10 17:30:00,25.739999771118164,25.790000915527344,25.575000762939453,25.587099075317383,4147808
2024-12-10 18:30:00,25.59000015258789,25.639999389648438,25.510000228881836,25.6200008392334,3909275
2024-12-10 19:30:00,25.625,25.709999084472656,25.59000015258789,25.590299606323242,4453433
2024-12-10 20:30:00,25.59000015258789,25.6299991607666,25.549999237060547,25.56999969482422,5423868
2024-12-11 14:30:00,25.3799991607666,25.513700485229492,25.31999969482422,25.454999923706055,8013804
2024-12-11 15:30:00,25.454999923706055,25.5,25.31999969482422,25.360000610351562,3882369
2024-12-11 16:30:00,25.360000610351562,25.420000076293945,25.200000762939453,25.27120018005371,4387696
2024-12-11 17:30:00,25.274999618530273,25.299999237060547,25.239999771118164,25.295000076293945,3715025
2024-12-11 18:30:00,25.290000915527344,25.299999237060547,25.170000076293945,25.28499984741211,3849450
2024-12-11 19:30:00,25.280000686645508,25.31999969482422,25.229999542236328,25.280000686645508,4262543
2024-12-11 20:30:00,25.274999618530273,25.280000686645508,25.219999313354492,25.25,5416226
2024-12-12 14:30:00,25.18000030517578,25.469999313354492,25.059999465942383,25.44499969482422,6761630
2024-12-12 15:30:00,25.44499969482422,25.479999542236328,25.290000915527344,25.295000076293945,3903284
2024-12-12 16:30:00,25.299699783325195,25.350000381469727,25.18000030517578,25.290000915527344,6936714
2024-12-12 17:30:00,25.28499984741211,25.309999465942383,25.2450008392334,25.280000686645508,3113336
2024-12-12 18:30:00,25.280000686645508,25.329999923706055,25.260000228881836,25.295000076293945,2519025
2024-12-12 19:30:00,25.295000076293945,25.350000381469727,25.270000457763672,25.34000015258789,2659676
2024-12-12 20:30:00,25.350000381469727,25.399999618530273,25.334999084472656,25.3700008392334,4009001
2024-12-13 14:30:00,25.34000015258789,25.5,25.260000228881836,25.46660041809082,5487623
2024-12-13 15:30:00,25.464099884033203,25.600200653076172,25.399999618530273,25.58009910583496,4087145
2024-12-13 16:30:00,25.584999084472656,25.649999618530273,25.510000228881836,25.575000762939453,3058914
2024-12-13 17:30:00,25.575000762939453,25.610000610351562,25.540000915527344,25.594999313354492,2261544
2024-12-13 18:30:00,25.59164810180664,25.6200008392334,25.53339958190918,25.540000915527344,2393156
2024-12-13 19:30:00,25.540000915527344,25.65999984741211,25.520000457763672,25.614999771118164,3320933
2024-12-13 20:30:00,25.614999771118164,25.649999618530273,25.56999969482422,25.57309913635254,3774392
2024-12-16 14:30:00,25.59000015258789,25.739999771118164,25.420000076293945,25.577299118041992,6533765
2024-12-16 15:30:00,25.575000762939453,25.75,25.520000457763672,25.534299850463867,4747533
2024-12-16 16:30:00,25.532899856567383,25.68000030517578,25.530000686645508,25.594999313354492,4531935
2024-12-16 17:30:00,25.594999313354492,25.600000381469727,25.469999313354492,25.485000610351562,3346059
2024-12-16 18:30:00,25.485000610351562,25.520000457763672,25.450000762939453,25.480100631713867,3142961
2024-12-16 19:30:00,25.479999542236328,25.510000228881836,25.270000457763672,25.290000915527344,4642741
2024-12-16 20:30:00,25.290000915527344,25.31999969482422,25.221799850463867,25.260000228881836,6680023
2024-12-17 14:30:00,25.899999618530273,26.450000762939453,25.860000610351562,26.350000381469727,25661326
2024-12-17 15:30:00,26.350000381469727,26.40999984741211,26.1299991607666,26.149999618530273,8651124
2024-12-17 16:30:00,26.155000686645508,26.40999984741211,26.152000427246094,26.34000015258789,6357156
2024-12-17 17:30:00,26.334999084472656,26.420000076293945,26.299999237060547,26.415000915527344,4540210
2024-12-17 18:30:00,26.416799545288086,26.420000076293945,26.325000762939453,26.33679962158203,4033392
2024-12-17 19:30:00,26.334999084472656,26.3799991607666,26.229999542236328,26.334999084472656,4922081
2024-12-17 20:30:00,26.334999084472656,26.459999084472656,26.290000915527344,26.43000030517578,6423160
2024-12-18 14:30:00,26.190000534057617,26.520000457763672,26.1200008392334,26.28499984741211,7153223
2024-12-18 15:30:00,26.28809928894043,26.420000076293945,26.190000534057617,26.39620018005371,3452405
2024-12-18 16:30:00,26.399999618530273,26.450000762939453,26.350000381469727,26.3700008392334,3322372
2024-12-18 17:30:00,26.375,26.40999984741211,26.309999465942383,26.364999771118164,2980630
2024-12-18 18:30:00,26.364999771118164,26.399999618530273,26.15999984741211,26.190000534057617,3330270
2024-12-18 19:30:00,26.190000534057617,26.28499984741211,26.040000915527344,26.149999618530273,5128908
2024-12-18 20:30:00,26.145000457763672,26.184999465942383,25.860000610351562,25.8799991607666,6812355
2024-12-19 14:30:00,25.700000762939453,26.09000015258789,25.661100387573242,25.959999084472656,8368481
2024-12-19 15:30:00,25.959999084472656,26.030000686645508,25.829999923706055,25.875,5012255
2024-12-19 16:30:00,25.875,25.876399993896484,25.600000381469727,25.66119956970215,4688301
2024-12-19 17:30:00,25.665000915527344,25.739999771118164,25.575000762939453,25.719999313354492,5566686
2024-12-19 18:30:00,25.71500015258789,25.770000457763672,25.690000534057617,25.75749969482422,4231700
2024-12-19 19:30:00,25.7549991607666,25.760000228881836,25.690000534057617,25.71500015258789,4683527
2024-12-19 20:30:00,25.71500015258789,25.799999237060547,25.700000762939453,25.770000457763672,9235512
2024-12-20 14:30:00,25.700000762939453,26.354999542236328,25.700000762939453,26.104999542236328,11719459
2024-12-20 15:30:00,26.100000381469727,26.299999237060547,25.979999542236328,26.290000915527344,6337755
2024-12-20 16:30:00,26.290000915527344,26.450000762939453,26.2549991607666,26.415000915527344,4220312
2024-12-20 17:30:00,26.415000915527344,26.489999771118164,26.360000610351562,26.400100708007812,3582648
2024-12-20 18:30:00,26.405000686645508,26.459999084472656,26.309999465942383,26.353099822998047,3426465
2024-12-20 19:30:00,26.350000381469727,26.40999984741211,26.290000915527344,26.315000534057617,6414178
2024-12-20 20:30:00,26.315000534057617,26.40999984741211,26.280000686645508,26.3700008392334,10275426
2024-12-23 14:30:00,26.360000610351562,26.459999084472656,26.190000534057617,26.360000610351562,6156487
2024-12-23 15:30:00,26.354999542236328,26.399999618530273,26.299999237060547,26.334999084472656,3765929
2024-12-23 16:30:00,26.329999923706055,26.420000076293945,26.299999237060547,26.405000686645508,3286602
2024-12-23 17:30:00,26.40999984741211,26.59000015258789,26.389999389648438,26.59000015258789,3297937
2024-12-23 18:30:00,26.587200164794922,26.6200008392334,26.540000915527344,26.56999969482422,3351123
2024-12-23 19:30:00,26.575000762939453,26.6299991607666,26.523799896240234,26.600000381469727,3882380
2024-12-23 20:30:00,26.604999542236328,26.75,26.600000381469727,26.709999084472656,5703571
2024-12-24 14:30:00,26.59000015258789,26.670000076293945,26.381200790405273,26.603200912475586,6626114
2024-12-24 15:30:00,26.604999542236328,26.739999771118164,26.594999313354492,26.68000030517578,3013428
2024-12-24 16:30:00,26.684999465942383,26.770000457763672,26.670000076293945,26.704999923706055,2941308
2024-12-26 14:30:00,26.639999389648438,26.719999313354492,26.56999969482422,26.627500534057617,3703220
2024-12-26 15:30:00,26.6200008392334,26.655000686645508,26.559999465942383,26.589500427246094,3203714
2024-12-26 16:30:00,26.59000015258789,26.6299991607666,26.56999969482422,26.6200008392334,3012856
2024-12-26 17:30:00,26.612899780273438,26.639999389648438,26.540000915527344,26.54050064086914,2564998
2024-12-26 18:30:00,26.540000915527344,26.600000381469727,26.5,26.559999465942383,2502971
2024-12-26 19:30:00,26.559999465942383,26.56999969482422,26.5049991607666,26.520000457763672,2999393
2024-12-26 20:30:00,26.523799896240234,26.649999618530273,26.479999542236328,26.559999465942383,6507770
2024-12-27 14:30:00,26.43000030517578,26.850000381469727,26.422500610351562,26.704999923706055,6776583
2024-12-27 15:30:00,26.709999084472656,26.790000915527344,26.670000076293945,26.729999542236328,2845200
2024-12-27 16:30:00,26.73900032043457,26.7549991607666,26.604999542236328,26.645000457763672,2801654
2024-12-27 17:30:00,26.645000457763672,26.670000076293945,26.59000015258789,26.655000686645508,2465997
2024-12-27 18:30:00,26.65999984741211,26.700000762939453,26.600000381469727,26.649999618530273,2182391
2024-12-27 19:30:00,26.649999618530273,26.68000030517578,26.584999084472656,26.604999542236328,2953094
2024-12-27 20:30:00,26.594999313354492,26.670000076293945,26.565000534057617,26.6299991607666,7097219
2024-12-30 14:30:00,26.479999542236328,26.56999969482422,26.239999771118164,26.29800033569336,5606250
2024-12-30 15:30:00,26.295000076293945,26.420000076293945,26.250200271606445,26.395000457763672,3385863
2024-12-30 16:30:00,26.3971004486084,26.450000762939453,26.3700008392334,26.424999237060547,3136571
2024-12-30 17:30:00,26.424999237060547,26.540000915527344,26.40999984741211,26.514999389648438,3156342
2024-12-30 18:30:00,26.520000457763672,26.579999923706055,26.40999984741211,26.424999237060547,4807410
2024-12-30 19:30:00,26.420000076293945,26.459999084472656,26.385000228881836,26.399999618530273,2927533
2024-12-30 20:30:00,26.405899047851562,26.479999542236328,26.3799991607666,26.40999984741211,4559055
2024-12-31 14:30:00,26.399999618530273,26.649999618530273,26.389999389648438,26.55500030517578,3981417
2024-12-31 15:30:00,26.55500030517578,26.639999389648438,26.440000534057617,26.454999923706055,3191155
2024-12-31 16:30:00,26.454999923706055,26.4768009185791,26.360000610351562,26.40999984741211,2694530
2024-12-31 17:30:00,26.413999557495117,26.520000457763672,26.389999389648438,26.440000534057617,2786919
2024-12-31 18:30:00,26.440000534057617,26.540000915527344,26.424999237060547,26.485000610351562,2261227
2024-12-31 19:30:00,26.485000610351562,26.5,26.440000534057617,26.480499267578125,2675505
2024-12-31 20:30:00,26.489999771118164,26.56999969482422,26.469999313354492,26.549999237060547,5252151
2025-01-02 14:30:00,26.75,26.860000610351562,26.600000381469727,26.795000076293945,5083746
2025-01-02 15:30:00,26.797300338745117,26.850000381469727,26.655000686645508,26.774999618530273,2797570
2025-01-02 16:30:00,26.774999618530273,26.790000915527344,26.639999389648438,26.645000457763672,5612162
2025-01-02 17:30:00,26.639999389648438,26.670000076293945,26.56999969482422,26.594999313354492,2004002
2025-01-02 18:30:00,26.594999313354492,26.649999618530273,26.559999465942383,26.645000457763672,2189706
2025-01-02 19:30:00,26.645000457763672,26.666200637817383,26.579999923706055,26.639999389648438,2568025
2025-01-02 20:30:00,26.639999389648438,26.690000534057617,26.610000610351562,26.6200008392334,4553893
2025-01-03 14:30:00,26.700000762939453,26.84000015258789,26.520099639892578,26.575000762939453,4467977
2025-01-03 15:30:00,26.575000762939453,26.645000457763672,26.549999237060547,26.625,2433441
2025-01-03 16:30:00,26.6200008392334,26.700000762939453,26.610000610351562,26.64620018005371,2309658
2025-01-03 17:30:00,26.645000457763672,26.729999542236328,26.600000381469727,26.725000381469727,2044334
2025-01-03 18:30:00,26.72599983215332,26.729999542236328,26.645000457763672,26.700000762939453,2619837
2025-01-03 19:30:00,26.700000762939453,26.719999313354492,26.635000228881836,26.639999389648438,5244130
2025-01-03 20:30:00,26.649999618530273,26.649999618530273,26.549999237060547,26.59000015258789,4896361
2025-01-06 14:30:00,26.709999084472656,26.809999465942383,26.559999465942383,26.709999084472656,7770622
2025-01-06 15:30:00,26.709999084472656,27.06999969482422,26.690000534057617,26.905000686645508,6507299
2025-01-06 16:30:00,26.905000686645508,27.125,26.8799991607666,27.010000228881836,4095839
2025-01-06 17:30:00,27.01689910888672,27.104999542236328,27.010000228881836,27.09000015258789,2644336
2025-01-06 18:30:00,27.094999313354492,27.25,27.06999969482422,27.075000762939453,4842244
2025-01-06 19:30:00,27.075000762939453,27.079999923706055,26.889999389648438,26.934999465942383,3359284
2025-01-06 20:30:00,26.934999465942383,26.959999084472656,26.84000015258789,26.905000686645508,3502904
2025-01-07 14:30:00,27.010000228881836,27.56999969482422,26.940000534057617,27.44729995727539,8768266
2025-01-07 15:30:00,27.450000762939453,27.530000686645508,27.290000915527344,27.290000915527344,4450224
2025-01-07 16:30:00,27.295000076293945,27.3799991607666,27.229999542236328,27.2549991607666,3366437
2025-01-07 17:30:00,27.2549991607666,27.299999237060547,27.209999084472656,27.219999313354492,2238491
2025-01-07 18:30:00,27.221200942993164,27.229999542236328,27.045000076293945,27.045000076293945,4447400
2025-01-07 19:30:00,27.045000076293945,27.059999465942383,26.950000762939453,27.003299713134766,3859714
2025-01-07 20:30:00,27.0049991607666,27.149999618530273,26.979999542236328,27.1299991607666,3487213
2025-01-08 14:30:00,27.049999237060547,27.139999389648438,26.229999542236328,26.769899368286133,8130798
2025-01-08 15:30:00,26.770000457763672,26.889999389648438,26.75,26.795000076293945,2990467
2025-01-08 16:30:00,26.799999237060547,26.84000015258789,26.719999313354492,26.7450008392334,2594657
2025-01-08 17:30:00,26.739999771118164,26.799999237060547,26.670000076293945,26.73150062561035,3495931
2025-01-08 18:30:00,26.735000610351562,26.940000534057617,26.71500015258789,26.905000686645508,2844738
2025-01-08 19:30:00,26.90999984741211,26.985000610351562,26.8799991607666,26.954999923706055,3067847
2025-01-08 20:30:00,26.959999084472656,26.989999771118164,26.860000610351562,26.860000610351562,4342884
2025-01-10 14:30:00,26.8700008392334,26.979999542236328,26.690000534057617,26.834999084472656,8523390
2025-01-10 15:30:00,26.834999084472656,27.040000915527344,26.760000228881836,26.95009994506836,4027234
2025-01-10 16:30:00,26.954999923706055,27.049999237060547,26.920000076293945,26.920000076293945,2909294
2025-01-10 17:30:00,26.923999786376953,27.010000228881836,26.889999389648438,26.979999542236328,1758877
2025-01-10 18:30:00,26.979999542236328,26.989999771118164,26.8700008392334,26.8700008392334,2100313
2025-01-10 19:30:00,26.875,26.8799991607666,26.735000610351562,26.760000228881836,3341591
2025-01-10 20:30:00,26.770000457763672,26.790000915527344,26.700000762939453,26.700000762939453,3940525
2025-01-13 14:30:00,26.649999618530273,26.770000457763672,26.3700008392334,26.375,6297233
2025-01-13 15:30:00,26.375,26.690000534057617,26.360000610351562,26.565000534057617,4275165
2025-01-13 16:30:00,26.559999465942383,26.59000015258789,26.440000534057617,26.5049991607666,3983092
2025-01-13 17:30:00,26.5049991607666,26.6299991607666,26.489999771118164,26.579999923706055,1987734
2025-01-13 18:30:00,26.584999084472656,26.709999084472656,26.579999923706055,26.674999237060547,1830447
2025-01-13 19:30:00,26.677499771118164,26.790000915527344,26.6299991607666,26.69580078125,2638637
2025-01-13 20:30:00,26.69499969482422,26.809999465942383,26.665000915527344,26.80500030517578,2829553
2025-01-14 14:30:00,26.809999465942383,26.8700008392334,26.610000610351562,26.6200008392334,3380990
2025-01-14 15:30:00,26.6200008392334,26.690000534057617,26.579999923706055,26.59000015258789,1847700
2025-01-14 16:30:00,26.59000015258789,26.610000610351562,26.399999618530273,26.400100708007812,3663556
2025-01-14 17:30:00,26.405000686645508,26.510000228881836,26.389999389648438,26.451200485229492,2545703
2025-01-14 18:30:00,26.459999084472656,26.510000228881836,26.350000381469727,26.364099502563477,3004275
2025-01-14 19:30:00,26.360000610351562,26.446199417114258,26.270000457763672,26.3799991607666,4294413
2025-01-14 20:30:00,26.371000289916992,26.420000076293945,26.31999969482422,26.399999618530273,3814349
2025-01-15 14:30:00,26.514999389648438,26.649999618530273,26.479999542236328,26.5049991607666,4570661
2025-01-15 15:30:00,26.506099700927734,26.510000228881836,26.235000610351562,26.325000762939453,5654967
2025-01-15 16:30:00,26.325000762939453,26.329999923706055,26.225000381469727,26.27589988708496,2648085
2025-01-15 17:30:00,26.274999618530273,26.350000381469727,26.25,26.314300537109375,2043940
2025-01-15 18:30:00,26.315000534057617,26.3799991607666,26.309999465942383,26.344999313354492,1821602
2025-01-15 19:30:00,26.344999313354492,26.360000610351562,26.260000228881836,26.260000228881836,2651126
2025-01-15 20:30:00,26.270000457763672,26.270000457763672,26.209999084472656,26.21500015258789,4609548
2025-01-16 14:30:00,26.06999969482422,26.229999542236328,25.959999084472656,26.135000228881836,6951009
2025-01-16 15:30:00,26.1299991607666,26.239900588989258,26.1200008392334,26.209999084472656,3036244
2025-01-16 16:30:00,26.209999084472656,26.34000015258789,26.200000762939453,26.3125,2821703
2025-01-16 17:30:00,26.315000534057617,26.5049991607666,26.31220054626465,26.459999084472656,4614231
2025-01-16 18:30:00,26.459999084472656,26.53499984741211,26.405000686645508,26.454999923706055,2644929
2025-01-16 19:30:00,26.454999923706055,26.489999771118164,26.420000076293945,26.473499298095703,2161220
2025-01-16 20:30:00,26.479700088500977,26.56999969482422,26.479700088500977,26.5,2562254
2025-01-17 14:30:00,26.395000457763672,26.559999465942383,26.219999313354492,26.46500015258789,7964630
2025-01-17 15:30:00,26.459999084472656,26.530000686645508,26.290000915527344,26.30500030517578,3594982
2025-01-17 16:30:00,26.30500030517578,26.40999984741211,26.299999237060547,26.40999984741211,2176959
2025-01-17 17:30:00,26.405000686645508,26.43000030517578,26.299999237060547,26.315000534057617,3572348
2025-01-17 18:30:00,26.309999465942383,26.34000015258789,26.270000457763672,26.290000915527344,4433185
2025-01-17 19:30:00,26.299999237060547,26.329999923706055,26.280000686645508,26.315000534057617,2200553
2025-01-17 20:30:00,26.315000534057617,26.3700008392334,26.270000457763672,26.299999237060547,3529752
2025-01-21 14:30:00,26.450000762939453,26.639999389648438,26.399999618530273,26.524999618530273,5075284
2025-01-21 15:30:00,26.524999618530273,26.579999923706055,26.389999389648438,26.46500015258789,3830702
2025-01-21 16:30:00,26.459999084472656,26.610000610351562,26.459999084472656,26.584999084472656,4114104
2025-01-21 17:30:00,26.584999084472656,26.6200008392334,26.530000686645508,26.560100555419922,2831168
2025-01-21 18:30:00,26.569900512695312,26.600000381469727,26.489999771118164,26.5,2611058
2025-01-21 19:30:00,26.506799697875977,26.559999465942383,26.489999771118164,26.545000076293945,2588294
2025-01-21 20:30:00,26.545000076293945,26.639999389648438,26.494699478149414,26.635000228881836,5591058
2025-01-22 14:30:00,26.510000228881836,26.600000381469727,26.260000228881836,26.3799991607666,7429356
2025-01-22 15:30:00,26.385000228881836,26.440000534057617,26.31999969482422,26.41673469543457,3164409
2025-01-22 16:30:00,26.420000076293945,26.469999313354492,26.309999465942383,26.344999313354492,3208797
2025-01-22 17:30:00,26.344999313354492,26.3700008392334,26.239999771118164,26.295000076293945,4808068
2025-01-22 18:30:00,26.299999237060547,26.306100845336914,26.1200008392334,26.131799697875977,4314590
2025-01-22 19:30:00,26.1299991607666,26.18000030517578,26.06999969482422,26.075000762939453,5778799
2025-01-22 20:30:00,26.06999969482422,26.110000610351562,25.969999313354492,26.010000228881836,7496351
2025-01-23 14:30:00,26.010000228881836,26.110000610351562,25.850000381469727,26.06999969482422,6589629
2025-01-23 15:30:00,26.06999969482422,26.389999389648438,26.06999969482422,26.344999313354492,6440093
2025-01-23 16:30:00,26.343799591064453,26.350000381469727,26.18000030517578,26.235000610351562,3101857
2025-01-23 17:30:00,26.235200881958008,26.290000915527344,26.200000762939453,26.274999618530273,2717364
2025-01-23 18:30:00,26.272899627685547,26.3799991607666,26.260000228881836,26.34469985961914,4164061
2025-01-23 19:30:00,26.344999313354492,26.40999984741211,26.280000686645508,26.399999618530273,4946660
2025-01-23 20:30:00,26.389999389648438,26.478200912475586,26.370100021362305,26.420000076293945,7946073
2025-01-24 14:30:00,26.020000457763672,26.200000762939453,25.979999542236328,26.03030014038086,6937176
2025-01-24 15:30:00,26.030000686645508,26.149999618530273,26.020000457763672,26.075000762939453,2706070
2025-01-24 16:30:00,26.074800491333008,26.09000015258789,26.0049991607666,26.0049991607666,3501925
2025-01-24 17:30:00,26.0049991607666,26.030000686645508,25.959999084472656,25.96339988708496,3607467
2025-01-24 18:30:00,25.961999893188477,26.075000762939453,25.959999084472656,26.059999465942383,3489145
2025-01-24 19:30:00,26.059999465942383,26.125,26.030000686645508,26.030000686645508,3053491
2025-01-24 20:30:00,26.03499984741211,26.110000610351562,25.979999542236328,26.09000015258789,3661424
2025-01-27 14:30:00,26.239999771118164,26.889999389648438,26.18000030517578,26.665000915527344,14843019
2025-01-27 15:30:00,26.665000915527344,26.760000228881836,26.559999465942383,26.7549991607666,4282364
2025-01-27 16:30:00,26.75,26.7549991607666,26.600000381469727,26.69499969482422,4782925
2025-01-27 17:30:00,26.69499969482422,26.739999771118164,26.674999237060547,26.709999084472656,3760344
2025-01-27 18:30:00,26.71500015258789,26.850000381469727,26.690000534057617,26.810100555419922,4029872
2025-01-27 19:30:00,26.815000534057617,26.969999313354492,26.815000534057617,26.864999771118164,4948054
2025-01-27 20:30:00,26.8700008392334,26.889999389648438,26.78499984741211,26.8799991607666,5951601
2025-01-28 14:30:00,26.780000686645508,26.859899520874023,26.489999771118164,26.545000076293945,10169479
2025-01-28 15:30:00,26.540000915527344,26.799999237060547,26.530000686645508,26.65999984741211,4196819
2025-01-28 16:30:00,26.655799865722656,26.75,26.6299991607666,26.71500015258789,1970815
2025-01-28 17:30:00,26.719900131225586,26.780000686645508,26.709999084472656,26.774999618530273,2268979
2025-01-28 18:30:00,26.77750015258789,26.797199249267578,26.729999542236328,26.7549991607666,2523846
2025-01-28 19:30:00,26.7549991607666,26.829999923706055,26.739999771118164,26.78499984741211,3149977
2025-01-28 20:30:00,26.780000686645508,26.860000610351562,26.75,26.7549991607666,3987744
2025-01-29 14:30:00,26.799999237060547,26.950000762939453,26.610000610351562,26.945199966430664,4252330
2025-01-29 15:30:00,26.940099716186523,27.06999969482422,26.809999465942383,26.875200271606445,4139751
2025-01-29 16:30:00,26.871000289916992,26.899999618530273,26.801000595092773,26.84000015258789,2668476
2025-01-29 17:30:00,26.847700119018555,26.850000381469727,26.590099334716797,26.645000457763672,4120588
2025-01-29 18:30:00,26.649900436401367,26.65999984741211,26.56999969482422,26.600000381469727,2767631
2025-01-29 19:30:00,26.600000381469727,26.774999618530273,26.594999313354492,26.725000381469727,3276183
2025-01-29 20:30:00,26.729999542236328,26.729999542236328,26.604999542236328,26.6200008392334,4834732
2025-01-30 14:30:00,26.65999984741211,26.7549991607666,26.579999923706055,26.670000076293945,3988096
2025-01-30 15:30:00,26.665000915527344,26.8799991607666,26.65999984741211,26.78499984741211,3890703
2025-01-30 16:30:00,26.76580047607422,26.81999969482422,26.729999542236328,26.81999969482422,1939703
2025-01-30 17:30:00,26.815000534057617,27.010000228881836,26.75,26.934999465942383,4051299
2025-01-30 18:30:00,26.932100296020508,26.979999542236328,26.899999618530273,26.9148006439209,2344084
2025-01-30 19:30:00,26.912599563598633,26.920000076293945,26.809999465942383,26.86989974975586,4709616
2025-01-30 20:30:00,26.864999771118164,26.90999984741211,26.700000762939453,26.90999984741211,5837076
2025-01-31 14:30:00,26.959999084472656,27.010000228881836,26.65999984741211,26.670000076293945,5867063
2025-01-31 15:30:00,26.674999237060547,26.75,26.604999542236328,26.684999465942383,4493313
2025-01-31 16:30:00,26.686100006103516,26.760000228881836,26.654800415039062,26.738000869750977,2399823
2025-01-31 17:30:00,26.730499267578125,26.825000762939453,26.68000030517578,26.700000762939453,4820205
2025-01-31 18:30:00,26.700000762939453,26.709999084472656,26.5,26.524999618530273,4157720
2025-01-31 19:30:00,26.524999618530273,26.565000534057617,26.420000076293945,26.5049991607666,4117987
2025-01-31 20:30:00,26.5049991607666,26.549999237060547,26.453100204467773,26.5049991607666,4395329
2025-02-03 14:30:00,26.299999237060547,26.469999313354492,26.149999618530273,26.44499969482422,12081971
2025-02-03 15:30:00,26.44499969482422,26.459999084472656,26.280000686645508,26.354999542236328,4401616
2025-02-03 16:30:00,26.354999542236328,26.389999389648438,26.219999313354492,26.334999084472656,3762540
2025-02-03 17:30:00,26.334999084472656,26.334999084472656,26.190000534057617,26.235000610351562,4105599
2025-02-03 18:30:00,26.235000610351562,26.28499984741211,26.219999313354492,26.247499465942383,3281076
2025-02-03 19:30:00,26.25,26.3799991607666,26.239999771118164,26.260099411010742,4128213
2025-02-03 20:30:00,26.264999389648438,26.31999969482422,26.190000534057617,26.229999542236328,7701316
2025-02-04 14:30:00,26.100000381469727,26.916799545288086,25.600000381469727,25.63800048828125,19087002
2025-02-04 15:30:00,25.639999389648438,25.84000015258789,25.6200008392334,25.800100326538086,10868770
2025-02-04 16:30:00,25.80500030517578,25.94499969482422,25.760000228881836,25.864999771118164,9078130
2025-02-04 17:30:00,25.864999771118164,25.88990020751953,25.6299991607666,25.712499618530273,5980796
2025-02-04 18:30:00,25.71500015258789,25.8700008392334,25.709999084472656,25.86989974975586,5428633
2025-02-04 19:30:00,25.864999771118164,26.0,25.809999465942383,25.885000228881836,5304079
2025-02-04 20:30:00,25.885000228881836,25.939899444580078,25.799999237060547,25.899999618530273,7447548
2025-02-05 14:30:00,25.950000762939453,26.690000534057617,25.700000762939453,26.55500030517578,12869619
2025-02-05 15:30:00,26.550100326538086,26.690000534057617,26.395000457763672,26.415000915527344,6401439
2025-02-05 16:30:00,26.4148006439209,26.479999542236328,26.280000686645508,26.364999771118164,3835688
2025-02-05 17:30:00,26.364999771118164,26.43000030517578,26.315000534057617,26.334999084472656,2942591
2025-02-05 18:30:00,26.334999084472656,26.559999465942383,26.334999084472656,26.545000076293945,3441897
2025-02-05 19:30:00,26.549999237060547,26.559999465942383,26.46500015258789,26.5049991607666,4320485
2025-02-05 20:30:00,26.502899169921875,26.6200008392334,26.440000534057617,26.450000762939453,5489872
2025-02-06 14:30:00,26.420000076293945,26.469999313354492,26.110000610351562,26.1299991607666,6079248
2025-02-06 15:30:00,26.1200008392334,26.149999618530273,26.06999969482422,26.110000610351562,4101174
2025-02-06 16:30:00,26.110000610351562,26.114999771118164,25.950000762939453,25.95800018310547,4955611
2025-02-06 17:30:00,25.954999923706055,26.059999465942383,25.93000030517578,25.959999084472656,3362897
2025-02-06 18:30:00,25.96500015258789,26.010000228881836,25.90369987487793,25.934999465942383,3306550
2025-02-06 19:30:00,25.934999465942383,25.938800811767578,25.799999237060547,25.80500030517578,5274246
2025-02-06 20:30:00,25.80500030517578,25.8700008392334,25.780000686645508,25.81999969482422,5943522
2025-02-07 14:30:00,25.860000610351562,25.95989990234375,25.690000534057617,25.719999313354492,5793022
2025-02-07 15:30:00,25.71500015258789,25.780000686645508,25.56999969482422,25.575000762939453,4592761
2025-02-07 16:30:00,25.575000762939453,25.709699630737305,25.530000686645508,25.655000686645508,5136373
2025-02-07 17:30:00,25.655000686645508,25.799999237060547,25.6299991607666,25.709999084472656,3788890
2025-02-07 18:30:00,25.717906951904297,25.717906951904297,25.6200008392334,25.665000915527344,3139654
2025-02-07 19:30:00,25.665000915527344,25.690000534057617,25.610000610351562,25.630300521850586,3660049
2025-02-07 20:30:00,25.635000228881836,25.780000686645508,25.6200008392334,25.75,5887237
2025-02-10 14:30:00,25.780000686645508,25.780000686645508,25.510000228881836,25.594999313354492,9155639
2025-02-10 15:30:00,25.592899322509766,25.979999542236328,25.592899322509766,25.95009994506836,5348419
2025-02-10 16:30:00,25.951099395751953,26.1200008392334,25.90999984741211,25.96500015258789,5638400
2025-02-10 17:30:00,25.96500015258789,26.059999465942383,25.950000762939453,25.9950008392334,2505580
2025-02-10 18:30:00,25.989999771118164,26.030000686645508,25.959999084472656,25.985000610351562,2497316
2025-02-10 19:30:00,25.979999542236328,26.0,25.889999389648438,25.889999389648438,2609891
2025-02-10 20:30:00,25.89539909362793,25.90999984741211,25.850000381469727,25.8700008392334,3505530
2025-02-11 14:30:00,25.829999923706055,25.90999984741211,25.610000610351562,25.651399612426758,5947513
2025-02-11 15:30:00,25.649999618530273,25.690000534057617,25.56999969482422,25.594999313354492,4697371
2025-02-11 16:30:00,25.594999313354492,25.639999389648438,25.540000915527344,25.550100326538086,4345843
2025-02-11 17:30:00,25.549999237060547,25.579999923706055,25.530000686645508,25.545000076293945,2899867
2025-02-11 18:30:00,25.54800033569336,25.600000381469727,25.520000457763672,25.5447998046875,3088235
2025-02-11 19:30:00,25.549800872802734,25.594999313354492,25.520000457763672,25.520000457763672,3892180
2025-02-11 20:30:00,25.527999877929688,25.545799255371094,25.459999084472656,25.530000686645508,6541026
2025-02-12 14:30:00,25.475000381469727,25.549999237060547,25.170000076293945,25.454999923706055,6951893
2025-02-12 15:30:00,25.454999923706055,25.545000076293945,25.43000030517578,25.510000228881836,3457151
2025-02-12 16:30:00,25.510000228881836,25.579999923706055,25.5,25.510299682617188,2330011
2025-02-12 17:30:00,25.520000457763672,25.614999771118164,25.510000228881836,25.524999618530273,2335694
2025-02-12 18:30:00,25.520099639892578,25.549999237060547,25.479999542236328,25.506608963012695,2435681
2025-02-12 19:30:00,25.5,25.549999237060547,25.459999084472656,25.500099182128906,3921463
2025-02-12 20:30:00,25.500099182128906,25.510000228881836,25.43000030517578,25.459999084472656,3858059
2025-02-13 14:30:00,25.489999771118164,25.56999969482422,25.329999923706055,25.4950008392334,4849293
2025-02-13 15:30:00,25.4950008392334,25.719999313354492,25.485000610351562,25.684099197387695,4538724
2025-02-13 16:30:00,25.688400268554688,25.690000534057617,25.545000076293945,25.6299991607666,3312988
2025-02-13 17:30:00,25.635000228881836,25.639999389648438,25.559999465942383,25.579999923706055,2116329
2025-02-13 18:30:00,25.582199096679688,25.690000534057617,25.56999969482422,25.650100708007812,2427446
2025-02-13 19:30:00,25.655000686645508,25.739999771118164,25.645000457763672,25.71500015258789,3459957
2025-02-13 20:30:00,25.71500015258789,25.739999771118164,25.625,25.639999389648438,4831945
2025-02-14 14:30:00,25.729999542236328,25.829999923706055,25.5,25.524999618530273,5355556
2025-02-14 15:30:00,25.529699325561523,25.700000762939453,25.5,25.604999542236328,2948815
2025-02-14 16:30:00,25.614999771118164,25.65999984741211,25.56999969482422,25.575000762939453,2313128
2025-02-14 17:30:00,25.575000762939453,25.59000015258789,25.530000686645508,25.584999084472656,1955226
2025-02-14 18:30:00,25.584999084472656,25.649999618530273,25.549999237060547,25.55500030517578,1947766
2025-02-14 19:30:00,25.55500030517578,25.579999923706055,25.469999313354492,25.483800888061523,3086112
2025-02-14 20:30:00,25.485000610351562,25.53499984741211,25.469999313354492,25.530000686645508,4691651
2025-02-18 14:30:00,25.604999542236328,25.739999771118164,25.420000076293945,25.54509925842285,9561985
2025-02-18 15:30:00,25.545000076293945,25.6200008392334,25.489999771118164,25.5049991607666,5648266
2025-02-18 16:30:00,25.5049991607666,25.530000686645508,25.43000030517578,25.44499969482422,4341667
2025-02-18 17:30:00,25.44499969482422,25.479999542236328,25.424999237060547,25.47100067138672,2734283
2025-02-18 18:30:00,25.475000381469727,25.587121963500977,25.450000762939453,25.56999969482422,3028560
2025-02-18 19:30:00,25.565000534057617,25.599899291992188,25.520000457763672,25.594999313354492,2904686
2025-02-18 20:30:00,25.594999313354492,25.610000610351562,25.540000915527344,25.55500030517578,3838453
2025-02-19 14:30:00,25.56999969482422,25.75,25.5,25.735000610351562,5420066
2025-02-19 15:30:00,25.739999771118164,25.829999923706055,25.729999542236328,25.739999771118164,5417677
2025-02-19 16:30:00,25.735000610351562,25.8799991607666,25.719999313354492,25.829099655151367,3826801
2025-02-19 17:30:00,25.82990074157715,25.8799991607666,25.739999771118164,25.760000228881836,2290510
2025-02-19 18:30:00,25.756799697875977,25.790000915527344,25.700000762939453,25.780000686645508,2880958
2025-02-19 19:30:00,25.774999618530273,25.8799991607666,25.75,25.854999542236328,4480655
2025-02-19 20:30:00,25.853300094604492,25.915000915527344,25.84000015258789,25.8700008392334,5573405
2025-02-20 14:30:00,25.860000610351562,26.079999923706055,25.825000762939453,25.94499969482422,5182443
2025-02-20 15:30:00,25.94499969482422,26.0,25.854999542236328,25.985000610351562,5848002
2025-02-20 16:30:00,25.985000610351562,26.030000686645508,25.850000381469727,25.8700008392334,3393086
2025-02-20 17:30:00,25.875,25.8799991607666,25.790000915527344,25.850000381469727,3885855
2025-02-20 18:30:00,25.850000381469727,25.899999618530273,25.825000762939453,25.872400283813477,2830447
2025-02-20 19:30:00,25.875,25.905000686645508,25.78499984741211,25.790000915527344,4538234
2025-02-20 20:30:00,25.795000076293945,25.90999984741211,25.75,25.899999618530273,6116228
2025-02-21 14:30:00,25.889999389648438,26.049999237060547,25.844999313354492,25.934999465942383,7451311
2025-02-21 15:30:00,25.934999465942383,26.100000381469727,25.90999984741211,26.09000015258789,5640583
2025-02-21 16:30:00,26.094999313354492,26.200000762939453,25.989999771118164,25.989999771118164,4308357
2025-02-21 17:30:00,25.990699768066406,26.56999969482422,25.979999542236328,26.229999542236328,10184604
2025-02-21 18:30:00,26.229999542236328,26.360000610351562,26.221200942993164,26.28499984741211,4826211
2025-02-21 19:30:00,26.28499984741211,26.399999618530273,26.239999771118164,26.354999542236328,7537421
2025-02-21 20:30:00,26.360000610351562,26.459999084472656,26.280000686645508,26.299999237060547,6664096
2025-02-24 14:30:00,26.399999618530273,26.5,25.8799991607666,26.40999984741211,11088782
2025-02-24 15:30:00,26.405000686645508,26.520000457763672,26.299999237060547,26.34000015258789,7070249
2025-02-24 16:30:00,26.34000015258789,26.489999771118164,26.31999969482422,26.4773006439209,4278463
2025-02-24 17:30:00,26.479999542236328,26.510000228881836,26.40999984741211,26.454999923706055,2364189
2025-02-24 18:30:00,26.450000762939453,26.510000228881836,26.424999237060547,26.5049991607666,3280967
2025-02-24 19:30:00,26.506555557250977,26.739999771118164,26.5,26.67329978942871,5553328
2025-02-24 20:30:00,26.674999237060547,26.690000534057617,26.559999465942383,26.670000076293945,6041391
2025-02-25 14:30:00,26.719999313354492,27.030000686645508,26.59000015258789,26.96500015258789,10199722
2025-02-25 15:30:00,26.96500015258789,27.020000457763672,26.860000610351562,26.975000381469727,5788009
2025-02-25 16:30:00,26.975000381469727,26.979999542236328,26.700000762939453,26.7450008392334,4954308
2025-02-25 17:30:00,26.739999771118164,26.790000915527344,26.6200008392334,26.645000457763672,3525818
2025-02-25 18:30:00,26.645000457763672,26.68000030517578,26.540000915527344,26.559999465942383,3677019
2025-02-25 19:30:00,26.559999465942383,26.790000915527344,26.559999465942383,26.78499984741211,4817911
2025-02-25 20:30:00,26.790000915527344,26.799999237060547,26.670000076293945,26.760000228881836,5238483
2025-02-26 14:30:00,26.68000030517578,26.780000686645508,26.520000457763672,26.579999923706055,4702881
2025-02-26 15:30:00,26.584999084472656,26.704999923706055,26.55500030517578,26.584999084472656,3171748
2025-02-26 16:30:00,26.584999084472656,26.600000381469727,26.459999084472656,26.565000534057617,4708179
2025-02-26 17:30:00,26.565000534057617,26.56999969482422,26.350000381469727,26.40999984741211,2826175
2025-02-26 18:30:00,26.40999984741211,26.43000030517578,26.350000381469727,26.424999237060547,1901179
2025-02-26 19:30:00,26.424999237060547,26.459999084472656,26.360000610351562,26.361900329589844,2341231
2025-02-26 20:30:00,26.364999771118164,26.440000534057617,26.354999542236328,26.420000076293945,4251632
2025-02-27 14:30:00,26.28499984741211,26.5,26.010906219482422,26.08989906311035,7164899
2025-02-27 15:30:00,26.084999084472656,26.239999771118164,26.065000534057617,26.155000686645508,2758524
2025-02-27 16:30:00,26.155000686645508,26.239999771118164,26.1200008392334,26.235000610351562,1989268
2025-02-27 17:30:00,26.239900588989258,26.290000915527344,26.200000762939453,26.25,2344340
2025-02-27 18:30:00,26.2450008392334,26.299999237060547,26.225000381469727,26.239999771118164,2051718
2025-02-27 19:30:00,26.2450008392334,26.280000686645508,26.1200008392334,26.134199142456055,3001236
2025-02-27 20:30:00,26.135000228881836,26.15999984741211,26.06999969482422,26.101299285888672,5390302
2025-02-28 14:30:00,26.05500030517578,26.239999771118164,25.93000030517578,25.954999923706055,5896414
2025-02-28 15:30:00,25.950000762939453,26.020000457763672,25.90999984741211,25.934999465942383,3134979
2025-02-28 16:30:00,25.93000030517578,26.049999237060547,25.93000030517578,25.989999771118164,2740495
2025-02-28 17:30:00,25.989999771118164,26.020000457763672,25.93000030517578,26.020000457763672,2203060
2025-02-28 18:30:00,26.020000457763672,26.1200008392334,26.010000228881836,26.106300354003906,2838051
2025-02-28 19:30:00,26.100000381469727,26.190000534057617,26.079999923706055,26.184999465942383,3016741
2025-02-28 20:30:00,26.18000030517578,26.489999771118164,26.162500381469727,26.43000030517578,9697510
2025-03-03 14:30:00,26.3700008392334,26.895000457763672,26.3700008392334,26.829999923706055,9102356
2025-03-03 15:30:00,26.829999923706055,26.84000015258789,26.09000015258789,26.20829963684082,8891017
2025-03-03 16:30:00,26.209999084472656,26.360000610351562,26.209999084472656,26.274999618530273,3046270
2025-03-03 17:30:00,26.274999618530273,26.309999465942383,26.149999618530273,26.15999984741211,2871890
2025-03-03 18:30:00,26.149999618530273,26.18000030517578,26.040000915527344,26.06999969482422,3527229
2025-03-03 19:30:00,26.065000534057617,26.100000381469727,25.969999313354492,26.045000076293945,9426483
2025-03-03 20:30:00,26.045000076293945,26.25,26.045000076293945,26.239999771118164,7291563
2025-03-04 14:30:00,26.25,26.309999465942383,25.700000762939453,26.170000076293945,11195400
2025-03-04 15:30:00,26.170000076293945,26.195600509643555,25.854999542236328,25.8799991607666,5019984
2025-03-04 16:30:00,25.8799991607666,25.989999771118164,25.829999923706055,25.875,3394288
2025-03-04 17:30:00,25.8799991607666,25.93000030517578,25.829999923706055,25.899999618530273,3143106
2025-03-04 18:30:00,25.895000457763672,25.979999542236328,25.809999465942383,25.836999893188477,4232654
2025-03-04 19:30:00,25.834999084472656,25.899999618530273,25.799999237060547,25.864999771118164,3488537
2025-03-04 20:30:00,25.864999771118164,25.899999618530273,25.670000076293945,25.75,7173263
2025-03-05 14:30:00,25.700000762939453,26.179899215698242,25.66010093688965,26.06999969482422,8498076
2025-03-05 15:30:00,26.075000762939453,26.149999618530273,25.80500030517578,25.829999923706055,4512334
2025-03-05 16:30:00,25.834999084472656,25.889999389648438,25.709999084472656,25.864999771118164,4401143
2025-03-05 17:30:00,25.864999771118164,25.8700008392334,25.690000534057617,25.7450008392334,3065884
2025-03-05 18:30:00,25.739999771118164,25.950000762939453,25.700000762939453,25.876100540161133,2790589
2025-03-05 19:30:00,25.875,25.90999984741211,25.81999969482422,25.854999542236328,2831658
2025-03-05 20:30:00,25.850000381469727,25.94499969482422,25.799999237060547,25.93000030517578,5051658
2025-03-06 14:30:00,25.93000030517578,26.09000015258789,25.899999618530273,25.95989990234375,4972762
2025-03-06 15:30:00,25.959999084472656,26.139999389648438,25.950000762939453,26.1200008392334,3583147
2025-03-06 16:30:00,26.1200008392334,26.149999618530273,26.030000686645508,26.084999084472656,4009636
2025-03-06 17:30:00,26.09000015258789,26.309999465942383,26.059999465942383,26.270000457763672,4971748
2025-03-06 18:30:00,26.27750015258789,26.399999618530273,26.260000228881836,26.344999313354492,4709640
2025-03-06 19:30:00,26.344999313354492,26.456199645996094,26.253999710083008,26.280000686645508,7066739
2025-03-06 20:30:00,26.280000686645508,26.290000915527344,26.170000076293945,26.260000228881836,6730248
2025-03-07 14:30:00,26.399999618530273,26.885000228881836,26.18000030517578,26.834999084472656,13749335
2025-03-07 15:30:00,26.829999923706055,26.8700008392334,26.530000686645508,26.635000228881836,9965182
2025-03-07 16:30:00,26.635000228881836,26.81999969482422,26.59000015258789,26.670000076293945,5203207
2025-03-07 17:30:00,26.670000076293945,26.829999923706055,26.65999984741211,26.750200271606445,4326702
2025-03-07 18:30:00,26.7549991607666,26.780000686645508,26.68000030517578,26.71500015258789,3335224
2025-03-07 19:30:00,26.719999313354492,26.739999771118164,26.6299991607666,26.684999465942383,4266116
2025-03-07 20:30:00,26.684999465942383,26.729999542236328,26.6200008392334,26.729999542236328,8154895
2025-03-10 13:30:00,26.639999389648438,27.239999771118164,26.600000381469727,27.104999542236328,11966705
2025-03-10 14:30:00,27.110000610351562,27.110000610351562,26.81999969482422,26.860000610351562,7358739
2025-03-10 15:30:00,26.860000610351562,26.940000534057617,26.68000030517578,26.940000534057617,5992885
2025-03-10 16:30:00,26.940000534057617,27.049999237060547,26.930099487304688,26.96500015258789,4634088
2025-03-10 17:30:00,26.969999313354492,27.049999237060547,26.850000381469727,26.854400634765625,5032225
2025-03-10 18:30:00,26.854999542236328,26.864999771118164,26.57360076904297,26.613300323486328,4888530
2025-03-10 19:30:00,26.61050033569336,26.65999984741211,26.540000915527344,26.649999618530273,6278617
2025-03-11 13:30:00,26.56999969482422,26.6200008392334,26.18000030517578,26.299999237060547,7349401
2025-03-11 14:30:00,26.299999237060547,26.34000015258789,26.10300064086914,26.187000274658203,4617692
2025-03-11 15:30:00,26.18000030517578,26.25,25.989999771118164,26.030000686645508,4205794
2025-03-11 16:30:00,26.03499984741211,26.049999237060547,25.8700008392334,25.954999923706055,4484558
2025-03-11 17:30:00,25.954999923706055,26.03499984741211,25.90999984741211,25.989999771118164,3421648
2025-03-11 18:30:00,25.989999771118164,26.079999923706055,25.959999084472656,26.014999389648438,4630713
2025-03-11 19:30:00,26.014999389648438,26.075000762939453,25.959999084472656,26.0,6436494
2025-03-12 13:30:00,25.934999465942383,25.969999313354492,25.6200008392334,25.670000076293945,8168255
2025-03-12 14:30:00,25.670000076293945,25.699899673461914,25.510000228881836,25.625,6249264
2025-03-12 15:30:00,25.627500534057617,25.697999954223633,25.559999465942383,25.68000030517578,4043785
2025-03-12 16:30:00,25.683300018310547,25.760000228881836,25.649999618530273,25.7549991607666,3009449
2025-03-12 17:30:00,25.760000228881836,25.799999237060547,25.68000030517578,25.725000381469727,2242012
2025-03-12 18:30:00,25.725000381469727,25.780000686645508,25.709999084472656,25.769899368286133,3180034
2025-03-12 19:30:00,25.76740074157715,25.829999923706055,25.709999084472656,25.709999084472656,4571970
2025-03-13 13:30:00,25.760000228881836,26.06999969482422,25.649999618530273,25.815000534057617,7076758
2025-03-13 14:30:00,25.81999969482422,25.88990020751953,25.75,25.795000076293945,2801357
2025-03-13 15:30:00,25.790000915527344,25.940000534057617,25.704999923706055,25.8799991607666,4876086
2025-03-13 16:30:00,25.8799991607666,25.905000686645508,25.59000015258789,25.6299991607666,4447923
2025-03-13 17:30:00,25.631999969482422,25.63990020751953,25.530000686645508,25.558300018310547,3737163
2025-03-13 18:30:00,25.559999465942383,25.709999084472656,25.559999465942383,25.635000228881836,3798775
2025-03-13 19:30:00,25.635000228881836,25.690000534057617,25.584999084472656,25.610000610351562,5008316
2025-03-14 13:30:00,25.6200008392334,25.739999771118164,25.4950008392334,25.665000915527344,5175309
2025-03-14 14:30:00,25.665000915527344,25.709999084472656,25.610000610351562,25.670000076293945,2813986
2025-03-14 15:30:00,25.665000915527344,25.709999084472656,25.639999389648438,25.674999237060547,2625224
2025-03-14 16:30:00,25.68000030517578,25.760000228881836,25.6200008392334,25.649999618530273,3760578
2025-03-14 17:30:00,25.649999618530273,25.65999984741211,25.56999969482422,25.636600494384766,3100895
2025-03-14 18:30:00,25.635000228881836,25.65999984741211,25.59000015258789,25.639999389648438,3134570
2025-03-14 19:30:00,25.639999389648438,25.739999771118164,25.6200008392334,25.719999313354492,4978590
2025-03-17 13:30:00,25.739999771118164,25.899999618530273,25.584999084472656,25.8799991607666,5689089
2025-03-17 14:30:00,25.8799991607666,25.989999771118164,25.860000610351562,25.9153995513916,4663450
2025-03-17 15:30:00,25.920000076293945,26.049999237060547,25.84000015258789,26.049999237060547,3207451
2025-03-17 16:30:00,26.045000076293945,26.100000381469727,26.020000457763672,26.056299209594727,3124030
2025-03-17 17:30:00,26.049999237060547,26.149999618530273,26.049999237060547,26.094999313354492,2511679
2025-03-17 18:30:00,26.09000015258789,26.1200008392334,26.033199310302734,26.104999542236328,3473254
2025-03-17 19:30:00,26.104999542236328,26.1200008392334,26.049999237060547,26.05500030517578,4880112
2025-03-18 13:30:00,26.209999084472656,26.270000457763672,26.100000381469727,26.2549991607666,5704772
2025-03-18 14:30:00,26.2549991607666,26.34000015258789,26.219999313354492,26.2450008392334,3916403
2025-03-18 15:30:00,26.2450008392334,26.299999237060547,26.209999084472656,26.229999542236328,2776944
2025-03-18 16:30:00,26.229999542236328,26.2549991607666,26.149999618530273,26.21500015258789,2405375
2025-03-18 17:30:00,26.21500015258789,26.299999237060547,26.20240020751953,26.269899368286133,2650436
2025-03-18 18:30:00,26.264999389648438,26.350000381469727,26.260000228881836,26.344999313354492,4765575
2025-03-18 19:30:00,26.350000381469727,26.399999618530273,26.290000915527344,26.329999923706055,4985042
2025-03-19 13:30:00,26.329999923706055,26.489999771118164,26.28499984741211,26.471099853515625,4463849
2025-03-19 14:30:00,26.475000381469727,26.5,26.31999969482422,26.31999969482422,8956023
2025-03-19 15:30:00,26.325000762939453,26.3799991607666,26.280000686645508,26.28499984741211,2796813
2025-03-19 16:30:00,26.290000915527344,26.290000915527344,26.114999771118164,26.16010093688965,4754799
2025-03-19 17:30:00,26.164199829101562,26.18000030517578,26.079999923706055,26.114999771118164,3642017
2025-03-19 18:30:00,26.114999771118164,26.260000228881836,26.09000015258789,26.155000686645508,5238922
2025-03-19 19:30:00,26.155000686645508,26.219999313354492,26.104999542236328,26.20199966430664,6191004
2025-03-20 13:30:00,26.2450008392334,26.295000076293945,26.030000686645508,26.184999465942383,4714112
2025-03-20 14:30:00,26.184999465942383,26.200000762939453,26.030000686645508,26.040700912475586,3596367
2025-03-20 15:30:00,26.049999237060547,26.125,26.014999389648438,26.094999313354492,2938644
2025-03-20 16:30:00,26.100000381469727,26.15999984741211,26.084999084472656,26.094999313354492,2804592
2025-03-20 17:30:00,26.100000381469727,26.149999618530273,26.06999969482422,26.093399047851562,2968271
2025-03-20 18:30:00,26.09000015258789,26.190000534057617,26.079999923706055,26.125,3239510
2025-03-20 19:30:00,26.125,26.200000762939453,26.1200008392334,26.190000534057617,5152581
2025-03-21 13:30:00,26.1299991607666,26.16510009765625,26.010000228881836,26.082599639892578,9812180
2025-03-21 14:30:00,26.082700729370117,26.25,26.06999969482422,26.18000030517578,3861621
2025-03-21 15:30:00,26.171199798583984,26.350000381469727,26.149999618530273,26.325000762939453,4801769
2025-03-21 16:30:00,26.31999969482422,26.329999923706055,26.125,26.145000457763672,2757755
2025-03-21 17:30:00,26.144399642944336,26.280000686645508,26.1299991607666,26.135000228881836,3506207
2025-03-21 18:30:00,26.135000228881836,26.18000030517578,26.030000686645508,26.049999237060547,8117651
2025-03-21 19:30:00,26.049999237060547,26.520000457763672,26.010000228881836,26.25,33110956
2025-03-24 13:30:00,26.100000381469727,26.219999313354492,26.020000457763672,26.06999969482422,7828959
2025-03-24 14:30:00,26.06999969482422,26.1200008392334,26.020000457763672,26.06999969482422,3455526
2025-03-24 15:30:00,26.065399169921875,26.079999923706055,26.03499984741211,26.045000076293945,2682991
2025-03-24 16:30:00,26.045000076293945,26.059999465942383,25.969999313354492,26.02280044555664,4232944
2025-03-24 17:30:00,26.024999618530273,26.049999237060547,25.90999984741211,25.914400100708008,3602472
2025-03-24 18:30:00,25.90999984741211,26.049999237060547,25.889999389648438,26.045000076293945,4142222
2025-03-24 19:30:00,26.044700622558594,26.15999984741211,26.040000915527344,26.1299991607666,5410600
2025-03-25 13:30:00,26.15999984741211,26.200000762939453,25.860000610351562,25.8700008392334,5948438
2025-03-25 14:30:00,25.86989974975586,25.889999389648438,25.809999465942383,25.834999084472656,5431757
2025-03-25 15:30:00,25.834999084472656,25.8700008392334,25.760000228881836,25.770099639892578,6072249
2025-03-25 16:30:00,25.774999618530273,25.775800704956055,25.670000076293945,25.739999771118164,4229376
2025-03-25 17:30:00,25.7450008392334,25.780000686645508,25.65999984741211,25.684999465942383,3709768
2025-03-25 18:30:00,25.684999465942383,25.709999084472656,25.549999237060547,25.559999465942383,6690349
2025-03-25 19:30:00,25.559999465942383,25.579999923706055,25.510000228881836,25.549999237060547,7149903
2025-03-26 13:30:00,25.520000457763672,25.6299991607666,25.420000076293945,25.54560089111328,7906942
2025-03-26 14:30:00,25.545000076293945,25.649999618530273,25.450000762939453,25.450000762939453,5124773
2025-03-26 15:30:00,25.450000762939453,25.489999771118164,25.389999389648438,25.440000534057617,4103656
2025-03-26 16:30:00,25.434999465942383,25.469999313354492,25.360000610351562,25.3799991607666,4047913
2025-03-26 17:30:00,25.375499725341797,25.3799991607666,25.125,25.264999389648438,9680601
2025-03-26 18:30:00,25.26740074157715,25.290000915527344,25.1299991607666,25.204999923706055,5602954
2025-03-26 19:30:00,25.204999923706055,25.25,25.170000076293945,25.190000534057617,5383864
2025-03-27 13:30:00,25.200000762939453,25.229999542236328,24.94499969482422,25.045000076293945,11270767
2025-03-27 14:30:00,25.04990005493164,25.209999084472656,25.030000686645508,25.18000030517578,4877311
2025-03-27 15:30:00,25.190000534057617,25.200000762939453,25.079999923706055,25.104999542236328,3197523
2025-03-27 16:30:00,25.110000610351562,25.139999389648438,24.829999923706055,24.850000381469727,5382373
2025-03-27 17:30:00,24.854999542236328,25.020000457763672,24.850000381469727,24.940000534057617,6566032
2025-03-27 18:30:00,24.94499969482422,25.040000915527344,24.899999618530273,25.040000915527344,6342847
2025-03-27 19:30:00,25.03499984741211,25.084999084472656,25.010000228881836,25.014999389648438,5895063
2025-03-28 13:30:00,25.030000686645508,25.079999923706055,24.809999465942383,24.957700729370117,7121043
2025-03-28 14:30:00,24.95560073852539,25.219999313354492,24.90999984741211,25.139999389648438,4427640
2025-03-28 15:30:00,25.139999389648438,25.149999618530273,25.040000915527344,25.045000076293945,1856832
2025-03-28 16:30:00,25.045000076293945,25.110000610351562,25.020000457763672,25.059999465942383,3070904
2025-03-28 17:30:00,25.049999237060547,25.139999389648438,25.049999237060547,25.05500030517578,2090875
2025-03-28 18:30:00,25.049999237060547,25.110000610351562,25.040000915527344,25.094999313354492,2492753
2025-03-28 19:30:00,25.09280014038086,25.209999084472656,25.079999923706055,25.200000762939453,6096628
2025-03-31 13:30:00,24.799999237060547,24.985000610351562,24.610000610351562,24.8799991607666,10110655
2025-03-31 14:30:00,24.885000228881836,25.030000686645508,24.8799991607666,24.94499969482422,4154346
2025-03-31 15:30:00,24.94499969482422,25.0049991607666,24.899999618530273,24.9950008392334,3284767
2025-03-31 16:30:00,24.990100860595703,25.0,24.93000030517578,24.954999923706055,2620366
2025-03-31 17:30:00,24.959999084472656,25.030000686645508,24.8700008392334,25.014999389648438,4694224
2025-03-31 18:30:00,25.014999389648438,25.25,25.013700485229492,25.209999084472656,4287997
2025-03-31 19:30:00,25.211000442504883,25.424999237060547,25.209999084472656,25.34000015258789,9487278
2025-04-01 13:30:00,25.290000915527344,25.344999313354492,24.719999313354492,24.770099639892578,9278216
2025-04-01 14:30:00,24.774999618530273,25.010000228881836,24.770000457763672,24.954999923706055,4658100
2025-04-01 15:30:00,24.958999633789062,24.979999542236328,24.709999084472656,24.709999084472656,8153089
2025-04-01 16:30:00,24.71500015258789,24.790000915527344,24.670000076293945,24.706100463867188,5531915
2025-04-01 17:30:00,24.704999923706055,24.709999084472656,24.600000381469727,24.60849952697754,4540942
2025-04-01 18:30:00,24.604999542236328,24.6200008392334,24.530000686645508,24.55500030517578,6620535
2025-04-01 19:30:00,24.559999465942383,24.600000381469727,24.520000457763672,24.545000076293945,7851233
2025-04-02 13:30:00,24.5,24.670000076293945,24.309999465942383,24.649999618530273,7822754
2025-04-02 14:30:00,24.657699584960938,24.704999923706055,24.610000610351562,24.684999465942383,3158113
2025-04-02 15:30:00,24.690000534057617,24.71649932861328,24.5,24.514999389648438,3738253
2025-04-02 16:30:00,24.516000747680664,24.65999984741211,24.51223373413086,24.610000610351562,3747090
2025-04-02 17:30:00,24.6200008392334,24.626300811767578,24.524999618530273,24.53499984741211,2540415
2025-04-02 18:30:00,24.53499984741211,24.639999389648438,24.530099868774414,24.633499145507812,5988510
2025-04-02 19:30:00,24.6299991607666,24.735000610351562,24.584999084472656,24.68000030517578,5417950
2025-04-03 13:30:00,24.739999771118164,24.860000610351562,24.3799991607666,24.5049991607666,12677329
2025-04-03 14:30:00,24.510000228881836,24.850000381469727,24.489999771118164,24.764999389648438,5986339
2025-04-03 15:30:00,24.770000457763672,24.8700008392334,24.760000228881836,24.79319953918457,4244080
2025-04-03 16:30:00,24.796899795532227,24.799999237060547,24.540000915527344,24.565000534057617,3416061
2025-04-03 17:30:00,24.565000534057617,24.618000030517578,24.479999542236328,24.507400512695312,3623180
2025-04-03 18:30:00,24.5049991607666,24.519899368286133,24.399999618530273,24.415000915527344,5854813
2025-04-03 19:30:00,24.415000915527344,24.420000076293945,24.280000686645508,24.290000915527344,7774071
2025-04-04 13:30:00,23.940000534057617,24.100000381469727,23.270000457763672,23.385000228881836,17687334
2025-04-04 14:30:00,23.3799991607666,23.639999389648438,23.209999084472656,23.424999237060547,12022505
2025-04-04 15:30:00,23.43000030517578,23.549999237060547,23.209999084472656,23.22610092163086,6725767
2025-04-04 16:30:00,23.225000381469727,23.3799991607666,23.1200008392334,23.350000381469727,7105028
2025-04-04 17:30:00,23.350000381469727,23.395000457763672,23.020000457763672,23.05500030517578,7302034
2025-04-04 18:30:00,23.05500030517578,23.170000076293945,22.979999542236328,23.104999542236328,8558117
2025-04-04 19:30:00,23.104999542236328,23.200000762939453,22.950000762939453,22.989999771118164,11064183
2025-04-07 13:30:00,22.139999389648438,23.155000686645508,21.75,22.3700008392334,27714398
2025-04-07 14:30:00,22.364999771118164,22.670000076293945,22.15999984741211,22.15999984741211,10355596
2025-04-07 15:30:00,22.165000915527344,22.510000228881836,22.165000915527344,22.395000457763672,6905628
2025-04-07 16:30:00,22.395000457763672,22.5669002532959,22.229999542236328,22.53499984741211,6768691
2025-04-07 17:30:00,22.530000686645508,22.729999542236328,22.440000534057617,22.6299991607666,8096494
2025-04-07 18:30:00,22.6299991607666,22.674999237060547,22.479999542236328,22.559999465942383,7327571
2025-04-07 19:30:00,22.55500030517578,22.700000762939453,22.469999313354492,22.639999389648438,9093439
2025-04-08 13:30:00,22.899999618530273,22.989999771118164,22.59000015258789,22.674999237060547,12753581
2025-04-08 14:30:00,22.670000076293945,22.739999771118164,22.165000915527344,22.165000915527344,12571501
2025-04-08 15:30:00,22.165000915527344,22.309999465942383,22.110000610351562,22.202499389648438,5053748
2025-04-08 16:30:00,22.209999084472656,22.229999542236328,21.850000381469727,21.860000610351562,8083064
2025-04-08 17:30:00,21.860000610351562,22.09000015258789,21.829999923706055,21.84000015258789,5829476
2025-04-08 18:30:00,21.844999313354492,22.020000457763672,21.700000762939453,21.770000457763672,7442796
2025-04-08 19:30:00,21.764999389648438,21.889999389648438,21.440000534057617,21.850000381469727,12506914
2025-04-09 13:30:00,21.110000610351562,21.440000534057617,20.915000915527344,21.180099487304688,21962355
2025-04-09 14:30:00,21.184999465942383,21.309999465942383,21.06999969482422,21.225000381469727,11210200
2025-04-09 15:30:00,21.229999542236328,21.31999969482422,21.079999923706055,21.200000762939453,6652607
2025-04-09 16:30:00,21.20989990234375,22.09000015258789,21.06999969482422,21.850000381469727,11759618
2025-04-09 17:30:00,21.854999542236328,22.469999313354492,21.799999237060547,22.420000076293945,14951345
2025-04-09 18:30:00,22.429899215698242,22.489999771118164,22.040000915527344,22.375,9844436
2025-04-09 19:30:00,22.3700008392334,22.53689956665039,22.280000686645508,22.459999084472656,10071516
2025-04-10 13:30:00,22.260000228881836,22.270000457763672,21.690000534057617,21.719999313354492,12961103
2025-04-10 14:30:00,21.719999313354492,21.84000015258789,21.489999771118164,21.545000076293945,8780172
2025-04-10 15:30:00,21.545000076293945,21.549999237060547,21.084999084472656,21.139999389648438,8530071
2025-04-10 16:30:00,21.139999389648438,21.59000015258789,21.1299991607666,21.375,6974419
2025-04-10 17:30:00,21.3700008392334,21.739999771118164,21.295000076293945,21.684999465942383,5892996
2025-04-10 18:30:00,21.684999465942383,21.829999923706055,21.59000015258789,21.6200008392334,7489116
2025-04-10 19:30:00,21.6200008392334,21.75,21.440000534057617,21.59000015258789,9703974
2025-04-11 13:30:00,21.59000015258789,21.674999237060547,21.284900665283203,21.434999465942383,11937291
2025-04-11 14:30:00,21.434999465942383,21.610000610351562,21.309999465942383,21.385000228881836,5663359
2025-04-11 15:30:00,21.389999389648438,21.549999237060547,21.3700008392334,21.477800369262695,4022845
2025-04-11 16:30:00,21.479999542236328,21.81999969482422,21.475000381469727,21.610000610351562,6552576
2025-04-11 17:30:00,21.610000610351562,21.93000030517578,21.579999923706055,21.795000076293945,4713881
2025-04-11 18:30:00,21.797700881958008,22.0,21.780000686645508,21.889999389648438,5530429
2025-04-11 19:30:00,21.889999389648438,21.90999984741211,21.829999923706055,21.90999984741211,6761767
2025-04-14 13:30:00,22.079999923706055,22.199899673461914,21.920000076293945,22.169700622558594,13601188
2025-04-14 14:30:00,22.163000106811523,22.209999084472656,22.049999237060547,22.05500030517578,6929856
2025-04-14 15:30:00,22.05500030517578,22.119600296020508,21.8700008392334,21.96500015258789,5886374
2025-04-14 16:30:00,21.959999084472656,22.06999969482422,21.8700008392334,21.90999984741211,6654744
2025-04-14 17:30:00,21.915000915527344,22.040000915527344,21.8799991607666,22.027999877929688,5502727
2025-04-14 18:30:00,22.024999618530273,22.229999542236328,22.020000457763672,22.204999923706055,8680775
2025-04-14 19:30:00,22.200000762939453,22.209999084472656,22.059999465942383,22.1299991607666,6405253
2025-04-15 13:30:00,22.170000076293945,22.93000030517578,22.139999389648438,22.690000534057617,14421095
2025-04-15 14:30:00,22.697399139404297,22.719999313354492,22.510000228881836,22.610000610351562,10599918
2025-04-15 15:30:00,22.610000610351562,22.649999618530273,22.40999984741211,22.420000076293945,4954540
2025-04-15 16:30:00,22.415000915527344,22.469999313354492,22.3700008392334,22.38640022277832,3532517
2025-04-15 17:30:00,22.385000228881836,22.429899215698242,22.354999542236328,22.40999984741211,3781976
2025-04-15 18:30:00,22.405000686645508,22.5,22.405000686645508,22.469999313354492,2919210
2025-04-15 19:30:00,22.440000534057617,22.479999542236328,22.3799991607666,22.44499969482422,5180945
2025-04-16 13:30:00,22.489999771118164,22.68000030517578,22.209999084472656,22.235000610351562,6634745
2025-04-16 14:30:00,22.235000610351562,22.466400146484375,22.21500015258789,22.457399368286133,3257383
2025-04-16 15:30:00,22.459999084472656,22.459999084472656,22.290000915527344,22.299999237060547,3214716
2025-04-16 16:30:00,22.295000076293945,22.385000228881836,22.27400016784668,22.33099937438965,2263779
2025-04-16 17:30:00,22.33099937438965,22.33099937438965,22.079999923706055,22.15999984741211,4878826
2025-04-16 18:30:00,22.15999984741211,22.170000076293945,21.950000762939453,21.954999923706055,4198818
2025-04-16 19:30:00,21.959999084472656,22.059999465942383,21.950000762939453,22.030000686645508,4436181
2025-04-17 13:30:00,22.149999618530273,22.549999237060547,22.114999771118164,22.354999542236328,12098455
2025-04-17 14:30:00,22.354999542236328,22.469999313354492,22.283700942993164,22.43000030517578,3624473
2025-04-17 15:30:00,22.43000030517578,22.469999313354492,22.235000610351562,22.440000534057617,5885222
2025-04-17 16:30:00,22.450000762939453,22.469999313354492,22.270000457763672,22.290000915527344,7381398
2025-04-17 17:30:00,22.290000915527344,22.399999618530273,22.239999771118164,22.34000015258789,6538850
2025-04-17 18:30:00,22.34000015258789,22.360000610351562,22.139999389648438,22.139999389648438,6193879
2025-04-17 19:30:00,22.139999389648438,22.229999542236328,22.100000381469727,22.139999389648438,5092054
2025-04-21 13:30:00,22.125,22.139999389648438,21.93000030517578,22.079999923706055,6567353
2025-04-21 14:30:00,22.084999084472656,22.170000076293945,22.0,22.00480079650879,4181121
2025-04-21 15:30:00,22.010000228881836,22.010000228881836,21.93000030517578,21.966999053955078,3746519
2025-04-21 16:30:00,21.96500015258789,22.094999313354492,21.940000534057617,21.95009994506836,2904244
2025-04-21 17:30:00,21.950000762939453,22.010000228881836,21.8700008392334,21.93000030517578,3739487
2025-04-21 18:30:00,21.924999237060547,21.989999771118164,21.905000686645508,21.91900062561035,3218932
2025-04-21 19:30:00,21.920000076293945,22.079999923706055,21.913999557495117,22.040000915527344,3999094
2025-04-22 13:30:00,22.174999237060547,22.459999084472656,22.145000457763672,22.385000228881836,6292731
2025-04-22 14:30:00,22.3799991607666,22.479999542236328,22.360000610351562,22.475000381469727,3676706
2025-04-22 15:30:00,22.475000381469727,22.545400619506836,22.360000610351562,22.459999084472656,3743334
2025-04-22 16:30:00,22.45829963684082,22.520000457763672,22.290000915527344,22.295000076293945,4168363
2025-04-22 17:30:00,22.295000076293945,22.434999465942383,22.27400016784668,22.424999237060547,2511119
2025-04-22 18:30:00,22.43000030517578,22.5,22.3700008392334,22.410999298095703,3357120
2025-04-22 19:30:00,22.40999984741211,22.540000915527344,22.399999618530273,22.514999389648438,6410217
2025-04-23 13:30:00,22.77989959716797,23.05500030517578,22.690000534057617,22.799999237060547,15155027
2025-04-23 14:30:00,22.799999237060547,22.829999923706055,22.3700008392334,22.399499893188477,7058978
2025-04-23 15:30:00,22.396900177001953,22.424999237060547,22.235000610351562,22.295000076293945,5609995
2025-04-23 16:30:00,22.290000915527344,22.43000030517578,22.280000686645508,22.364999771118164,4012820
2025-04-23 17:30:00,22.364999771118164,22.5,22.329999923706055,22.375,3794764
2025-04-23 18:30:00,22.375,22.420000076293945,22.34000015258789,22.354400634765625,3335578
2025-04-23 19:30:00,22.360000610351562,22.40999984741211,22.31999969482422,22.350000381469727,6402464
2025-04-24 13:30:00,22.399999618530273,22.68000030517578,22.229999542236328,22.674999237060547,8035489
2025-04-24 14:30:00,22.670000076293945,22.770000457763672,22.6200008392334,22.75,5504005
2025-04-24 15:30:00,22.7549991607666,22.795000076293945,22.690000534057617,22.770000457763672,3363971
2025-04-24 16:30:00,22.760000228881836,22.854999542236328,22.725000381469727,22.735000610351562,3445603
2025-04-24 17:30:00,22.735000610351562,22.780000686645508,22.65999984741211,22.684999465942383,3077183
2025-04-24 18:30:00,22.680099487304688,22.75,22.645000457763672,22.69499969482422,3015574
2025-04-24 19:30:00,22.69580078125,22.81999969482422,22.690000534057617,22.780000686645508,4590051
2025-04-25 13:30:00,22.770000457763672,22.80389976501465,22.475000381469727,22.734699249267578,6337189
2025-04-25 14:30:00,22.729999542236328,22.90999984741211,22.69499969482422,22.895000457763672,4414438
2025-04-25 15:30:00,22.899900436401367,23.010000228881836,22.84000015258789,22.975000381469727,3623760
2025-04-25 16:30:00,22.979900360107422,22.989999771118164,22.90999984741211,22.975799560546875,3779560
2025-04-25 17:30:00,22.975000381469727,23.030000686645508,22.899999618530273,22.985000610351562,2829002
2025-04-25 18:30:00,22.985000610351562,23.104999542236328,22.969999313354492,22.969999313354492,3843008
2025-04-25 19:30:00,22.969999313354492,23.009899139404297,22.90999984741211,22.934999465942383,5534790
2025-04-28 13:30:00,23.030000686645508,23.290000915527344,23.010000228881836,23.18000030517578,16955098
2025-04-28 14:30:00,23.184999465942383,23.25,23.075000762939453,23.09000015258789,4988139
2025-04-28 15:30:00,23.09000015258789,23.104999542236328,23.0,23.014999389648438,3040739
2025-04-28 16:30:00,23.014999389648438,23.030000686645508,22.940000534057617,22.940000534057617,5399214
2025-04-28 17:30:00,22.94499969482422,23.020000457763672,22.899999618530273,23.014999389648438,3762442
2025-04-28 18:30:00,23.013559341430664,23.020000457763672,22.940000534057617,22.985000610351562,5040667
2025-04-28 19:30:00,22.979999542236328,23.06999969482422,22.940000534057617,23.030000686645508,7066374
2025-04-29 13:30:00,22.829999923706055,23.530000686645508,22.459999084472656,23.2549991607666,25636945
2025-04-29 14:30:00,23.2549991607666,23.954999923706055,23.200000762939453,23.885000228881836,17910705
2025-04-29 15:30:00,23.8799991607666,24.077699661254883,23.829999923706055,24.05500030517578,9351133
2025-04-29 16:30:00,24.05500030517578,24.1200008392334,23.790000915527344,23.934999465942383,8524391
2025-04-29 17:30:00,23.934999465942383,24.0,23.760000228881836,23.875,3787386
2025-04-29 18:30:00,23.875,24.100000381469727,23.8700008392334,24.014999389648438,5527990
2025-04-29 19:30:00,24.014999389648438,24.025999069213867,23.780000686645508,23.790000915527344,8043871
2025-04-30 13:30:00,24.19499969482422,24.3700008392334,23.979999542236328,24.31999969482422,17264279
2025-04-30 14:30:00,24.323999404907227,24.350000381469727,24.139999389648438,24.295000076293945,5936326
2025-04-30 15:30:00,24.295000076293945,24.299999237060547,24.149999618530273,24.217599868774414,3251425
2025-04-30 16:30:00,24.21649932861328,24.31999969482422,24.170000076293945,24.299999237060547,3363957
2025-04-30 17:30:00,24.30500030517578,24.350000381469727,24.184999465942383,24.225000381469727,4092899
2025-04-30 18:30:00,24.229999542236328,24.31999969482422,24.190000534057617,24.25,3776525
2025-04-30 19:30:00,24.2450008392334,24.440000534057617,24.190000534057617,24.3799991607666,5651716
2025-05-01 13:30:00,24.299999237060547,24.325000762939453,23.889999389648438,24.156200408935547,12018509
2025-05-01 14:30:00,24.149999618530273,24.155000686645508,24.010000228881836,24.069900512695312,5144597
2025-05-01 15:30:00,24.06999969482422,24.06999969482422,23.799999237060547,23.844999313354492,4003919
2025-05-01 16:30:00,23.850000381469727,24.040000915527344,23.829999923706055,23.9950008392334,3907381
2025-05-01 17:30:00,24.0,24.110000610351562,23.989999771118164,24.094999313354492,3247159
2025-05-01 18:30:00,24.094999313354492,24.114999771118164,23.959999084472656,23.9950008392334,3470804
2025-05-01 19:30:00,23.989999771118164,24.040000915527344,23.8799991607666,23.920000076293945,4109048
2025-05-02 13:30:00,24.274999618530273,24.299999237060547,23.969999313354492,24.096399307250977,9292281
2025-05-02 14:30:00,24.100000381469727,24.139999389648438,23.989999771118164,24.030000686645508,3567241
2025-05-02 15:30:00,24.024999618530273,24.209999084472656,24.020000457763672,24.170000076293945,3434809
2025-05-02 16:30:00,24.165000915527344,24.239999771118164,24.15999984741211,24.196300506591797,2513120
2025-05-02 17:30:00,24.19499969482422,24.239999771118164,24.15999984741211,24.19499969482422,2412531
2025-05-02 18:30:00,24.19499969482422,24.29560089111328,24.18000030517578,24.25,3812769
2025-05-02 19:30:00,24.2450008392334,24.264999389648438,24.170000076293945,24.184999465942383,4524499
2025-05-05 13:30:00,24.200000762939453,24.25,23.979999542236328,24.084999084472656,6114937
2025-05-05 14:30:00,24.09000015258789,24.1200008392334,23.959999084472656,24.0,3174076
2025-05-05 15:30:00,24.0,24.03499984741211,23.920000076293945,24.014999389648438,2905149
2025-05-05 16:30:00,24.01689910888672,24.020000457763672,23.8799991607666,23.885000228881836,4123965
2025-05-05 17:30:00,23.885000228881836,23.959999084472656,23.854999542236328,23.94499969482422,8090359
2025-05-05 18:30:00,23.94499969482422,24.0,23.90999984741211,23.93000030517578,3445852
2025-05-05 19:30:00,23.924999237060547,23.959999084472656,23.850000381469727,23.8799991607666,4271744
2025-05-06 13:30:00,23.829999923706055,23.889999389648438,23.3700008392334,23.4950008392334,12369378
2025-05-06 14:30:00,23.4950008392334,23.540000915527344,23.420000076293945,23.52989959716797,4812001
2025-05-06 15:30:00,23.530000686645508,23.559999465942383,23.435199737548828,23.459999084472656,3599689
2025-05-06 16:30:00,23.459999084472656,23.479999542236328,23.145000457763672,23.15999984741211,8056336
2025-05-06 17:30:00,23.151199340820312,23.187599182128906,23.040000915527344,23.065000534057617,6498166
2025-05-06 18:30:00,23.065000534057617,23.100000381469727,22.950000762939453,23.0,6637723
2025-05-06 19:30:00,23.0,23.049999237060547,22.844999313354492,22.864999771118164,8239960
2025-05-07 13:30:00,22.989999771118164,23.084999084472656,22.84000015258789,22.849899291992188,9185178
2025-05-07 14:30:00,22.841100692749023,22.940000534057617,22.81999969482422,22.90999984741211,5319411
2025-05-07 15:30:00,22.90999984741211,22.969999313354492,22.889999389648438,22.893400192260742,3362195
2025-05-07 16:30:00,22.899999618530273,22.969999313354492,22.889999389648438,22.899999618530273,3961098
2025-05-07 17:30:00,22.895000457763672,22.90999984741211,22.719999313354492,22.825000762939453,7028483
2025-05-07 18:30:00,22.81999969482422,22.889999389648438,22.729999542236328,22.7549991607666,5413854
2025-05-07 19:30:00,22.75,22.875,22.739999771118164,22.780000686645508,6945045
2025-05-08 13:30:00,22.81999969482422,22.954999923706055,22.510000228881836,22.954999923706055,11828735
2025-05-08 14:30:00,22.950000762939453,23.0,22.78499984741211,22.799999237060547,7359595
2025-05-08 15:30:00,22.80500030517578,22.934999465942383,22.770000457763672,22.895000457763672,5560462
2025-05-08 16:30:00,22.89430046081543,23.09000015258789,22.889999389648438,22.989999771118164,4678692
2025-05-08 17:30:00,22.993000030517578,23.05500030517578,22.8700008392334,22.985000610351562,4360331
2025-05-08 18:30:00,22.985000610351562,23.075000762939453,22.969999313354492,23.06999969482422,4438786
2025-05-08 19:30:00,23.06999969482422,23.079999923706055,22.950000762939453,22.979999542236328,5501032
2025-05-09 13:30:00,22.510000228881836,22.600000381469727,22.34000015258789,22.55500030517578,8108090
2025-05-09 14:30:00,22.55500030517578,22.596399307250977,22.43000030517578,22.489999771118164,4900597
2025-05-09 15:30:00,22.485000610351562,22.499900817871094,22.399999618530273,22.405000686645508,3310202
2025-05-09 16:30:00,22.405000686645508,22.43000030517578,22.3700008392334,22.409000396728516,3073845
2025-05-09 17:30:00,22.405000686645508,22.535600662231445,22.3799991607666,22.479999542236328,4378527
2025-05-09 18:30:00,22.479999542236328,22.4950008392334,22.3799991607666,22.40169906616211,3723205
2025-05-09 19:30:00,22.399999618530273,22.407100677490234,22.260000228881836,22.280000686645508,6914301
2025-05-12 13:30:00,22.229999542236328,23.020000457763672,22.18000030517578,22.855600357055664,26191201
2025-05-12 14:30:00,22.850000381469727,22.979999542236328,22.770000457763672,22.899999618530273,8253394
2025-05-12 15:30:00,22.905000686645508,23.020000457763672,22.860000610351562,22.979999542236328,8038515
2025-05-12 16:30:00,22.969999313354492,23.149999618530273,22.969999313354492,23.07360076904297,6047350
2025-05-12 17:30:00,23.076400756835938,23.110000610351562,22.985000610351562,22.9950008392334,4153388
2025-05-12 18:30:00,22.9950008392334,23.079999923706055,22.969999313354492,23.010000228881836,5074194
2025-05-12 19:30:00,23.010000228881836,23.104999542236328,23.0,23.09000015258789,6454866
2025-05-13 13:30:00,22.899999618530273,22.940000534057617,22.489999771118164,22.69849967956543,10123553
2025-05-13 14:30:00,22.700000762939453,22.809999465942383,22.683399200439453,22.78499984741211,5505494
2025-05-13 15:30:00,22.78499984741211,22.899999618530273,22.782155990600586,22.860700607299805,3916668
2025-05-13 16:30:00,22.866500854492188,22.899999618530273,22.800100326538086,22.8572998046875,3505205
2025-05-13 17:30:00,22.860000610351562,22.940000534057617,22.850000381469727,22.914199829101562,3192289
2025-05-13 18:30:00,22.915000915527344,22.979999542236328,22.90999984741211,22.979999542236328,3815581
2025-05-13 19:30:00,22.975200653076172,22.979999542236328,22.860000610351562,22.864999771118164,4543601
2025-05-14 13:30:00,22.860000610351562,22.899999618530273,22.299999237060547,22.30500030517578,9221974
2025-05-14 14:30:00,22.299999237060547,22.350000381469727,22.139999389648438,22.225000381469727,8506031
2025-05-14 15:30:00,22.225000381469727,22.299999237060547,22.100000381469727,22.104999542236328,6999561
2025-05-14 16:30:00,22.110000610351562,22.1299991607666,22.049999237060547,22.065000534057617,6301852
2025-05-14 17:30:00,22.06999969482422,22.1200008392334,22.020000457763672,22.029800415039062,4526481
2025-05-14 18:30:00,22.030000686645508,22.1200008392334,22.010000228881836,22.03499984741211,6611245
2025-05-14 19:30:00,22.03499984741211,22.06999969482422,21.969999313354492,22.0,9413137
2025-05-15 13:30:00,22.200000762939453,22.34000015258789,22.09000015258789,22.298799514770508,6955707
2025-05-15 14:30:00,22.290000915527344,22.530000686645508,22.270000457763672,22.424999237060547,7970911
2025-05-15 15:30:00,22.43000030517578,22.520000457763672,22.3700008392334,22.480100631713867,5707524
2025-05-15 16:30:00,22.479999542236328,22.510000228881836,22.40999984741211,22.44499969482422,3560527
2025-05-15 17:30:00,22.44499969482422,22.5,22.440000534057617,22.450000762939453,4705338
2025-05-15 18:30:00,22.454999923706055,22.514999389648438,22.43000030517578,22.5049991607666,5076123
2025-05-15 19:30:00,22.5,22.600000381469727,22.485000610351562,22.600000381469727,6944526
2025-05-16 13:30:00,22.649999618530273,22.709999084472656,22.450000762939453,22.655000686645508,7648820
2025-05-16 14:30:00,22.655000686645508,22.739999771118164,22.610000610351562,22.625,3244070
2025-05-16 15:30:00,22.6200008392334,22.700000762939453,22.56999969482422,22.69499969482422,2589715
2025-05-16 16:30:00,22.690000534057617,22.770000457763672,22.665000915527344,22.690000534057617,3974631
2025-05-16 17:30:00,22.69499969482422,22.760000228881836,22.69499969482422,22.7450008392334,3647947
2025-05-16 18:30:00,22.75,22.790000915527344,22.719999313354492,22.7450008392334,4893776
2025-05-16 19:30:00,22.75,22.844999313354492,22.739999771118164,22.825000762939453,5073762
2025-05-19 13:30:00,22.739999771118164,22.979999542236328,22.640100479125977,22.863800048828125,6611174
2025-05-19 14:30:00,22.8700008392334,22.93000030517578,22.829999923706055,22.924999237060547,3442974
2025-05-19 15:30:00,22.924999237060547,22.950000762939453,22.8799991607666,22.924999237060547,2206919
2025-05-19 16:30:00,22.924999237060547,22.979999542236328,22.75,22.954999923706055,3900711
2025-05-19 17:30:00,22.954999923706055,22.959999084472656,22.90999984741211,22.934999465942383,2235401
2025-05-19 18:30:00,22.934999465942383,22.979999542236328,22.93000030517578,22.950000762939453,2329391
2025-05-19 19:30:00,22.950000762939453,23.030000686645508,22.940000534057617,23.010000228881836,4832811
2025-05-20 13:30:00,23.170000076293945,23.700000762939453,23.155000686645508,23.53499984741211,15747583
2025-05-20 14:30:00,23.53499984741211,23.559999465942383,23.209999084472656,23.43000030517578,13449309
2025-05-20 15:30:00,23.43000030517578,23.459999084472656,23.329999923706055,23.3700008392334,4753038
2025-05-20 16:30:00,23.364999771118164,23.40999984741211,23.309999465942383,23.3700008392334,3453159
2025-05-20 17:30:00,23.3700008392334,23.514999389648438,23.360000610351562,23.420000076293945,4374584
2025-05-20 18:30:00,23.40999984741211,23.450000762939453,23.3799991607666,23.442399978637695,3474581
2025-05-20 19:30:00,23.440000534057617,23.549999237060547,23.440000534057617,23.530000686645508,6840593
2025-05-21 13:30:00,23.469999313354492,23.469999313354492,23.290000915527344,23.399999618530273,6933900
2025-05-21 14:30:00,23.399999618530273,23.469999313354492,23.350000381469727,23.450000762939453,3335207
2025-05-21 15:30:00,23.44499969482422,23.479999542236328,23.3700008392334,23.399999618530273,2715702
2025-05-21 16:30:00,23.398099899291992,23.427122116088867,23.229999542236328,23.231399536132812,4379602
2025-05-21 17:30:00,23.235000610351562,23.334999084472656,23.145000457763672,23.184999465942383,7033364
2025-05-21 18:30:00,23.184999465942383,23.239999771118164,23.110000610351562,23.110000610351562,4104581
2025-05-21 19:30:00,23.110000610351562,23.170000076293945,23.040000915527344,23.045000076293945,4867450
2025-05-22 13:30:00,23.040000915527344,23.040000915527344,22.84000015258789,22.927600860595703,7873451
2025-05-22 14:30:00,22.93000030517578,22.940000534057617,22.809999465942383,22.825000762939453,4582288
2025-05-22 15:30:00,22.825000762939453,22.954999923706055,22.81999969482422,22.939300537109375,3994265
2025-05-22 16:30:00,22.940000534057617,22.989999771118164,22.850000381469727,22.96500015258789,3428116
2025-05-22 17:30:00,22.96500015258789,23.149999618530273,22.950000762939453,23.137500762939453,3980352
2025-05-22 18:30:00,23.135000228881836,23.15999984741211,23.040000915527344,23.1200008392334,4392601
2025-05-22 19:30:00,23.125,23.149999618530273,22.985000610351562,23.010000228881836,5322271
2025-05-23 13:30:00,22.950000762939453,23.190000534057617,22.8799991607666,23.1200008392334,6351954
2025-05-23 14:30:00,23.1200008392334,23.200000762939453,23.100000381469727,23.16010093688965,4317170
2025-05-23 15:30:00,23.165000915527344,23.229999542236328,23.09000015258789,23.155000686645508,2899710
2025-05-23 16:30:00,23.155000686645508,23.30500030517578,23.110000610351562,23.299999237060547,2689256
2025-05-23 17:30:00,23.295000076293945,23.360000610351562,23.280000686645508,23.299999237060547,3349991
2025-05-23 18:30:00,23.295000076293945,23.360000610351562,23.280000686645508,23.321500778198242,3331291
2025-05-23 19:30:00,23.325000762939453,23.389999389648438,23.280000686645508,23.334999084472656,3640801
2025-05-27 13:30:00,23.549999237060547,23.579999923706055,23.364999771118164,23.37980079650879,6147627
2025-05-27 14:30:00,23.375,23.549999237060547,23.364999771118164,23.4950008392334,4421099
2025-05-27 15:30:00,23.4950008392334,23.549999237060547,23.479999542236328,23.510000228881836,2793476
2025-05-27 16:30:00,23.5049991607666,23.56999969482422,23.5,23.527599334716797,2981914
2025-05-27 17:30:00,23.530000686645508,23.6200008392334,23.530000686645508,23.55500030517578,3193580
2025-05-27 18:30:00,23.55500030517578,23.65999984741211,23.55500030517578,23.6200008392334,3407983
2025-05-27 19:30:00,23.625,23.649999618530273,23.579999923706055,23.610000610351562,4386972
2025-05-28 13:30:00,23.610000610351562,23.635000228881836,23.434999465942383,23.530000686645508,4572164
2025-05-28 14:30:00,23.53580093383789,23.540000915527344,23.360000610351562,23.3700008392334,3555510
2025-05-28 15:30:00,23.3700008392334,23.40999984741211,23.270000457763672,23.354999542236328,3348587
2025-05-28 16:30:00,23.354999542236328,23.450000762939453,23.329999923706055,23.344999313354492,2936697
2025-05-28 17:30:00,23.344999313354492,23.344999313354492,23.110000610351562,23.174999237060547,4624182
2025-05-28 18:30:00,23.174999237060547,23.239999771118164,23.110000610351562,23.229999542236328,3806392
2025-05-28 19:30:00,23.229999542236328,23.235000610351562,23.1200008392334,23.18000030517578,4422185
2025-05-29 13:30:00,23.325000762939453,23.43000030517578,23.15999984741211,23.405000686645508,5552398
2025-05-29 14:30:00,23.408899307250977,23.40999984741211,23.315000534057617,23.395000457763672,3092921
2025-05-29 15:30:00,23.395000457763672,23.399999618530273,23.190000534057617,23.295000076293945,2653720
2025-05-29 16:30:00,23.290000915527344,23.32539939880371,23.260000228881836,23.315000534057617,2016148
2025-05-29 17:30:00,23.315200805664062,23.344999313354492,23.280000686645508,23.334999084472656,1810039
2025-05-29 18:30:00,23.334999084472656,23.38990020751953,23.299999237060547,23.363300323486328,2541246
2025-05-29 19:30:00,23.364999771118164,23.450000762939453,23.350000381469727,23.450000762939453,4060661
2025-05-30 13:30:00,23.479999542236328,23.549999237060547,23.15999984741211,23.434999465942383,4610976
2025-05-30 14:30:00,23.434999465942383,23.56999969482422,23.3799991607666,23.530000686645508,3360331
2025-05-30 15:30:00,23.53499984741211,23.56999969482422,23.450000762939453,23.475000381469727,2827636
2025-05-30 16:30:00,23.479999542236328,23.539899826049805,23.440000534057617,23.469999313354492,2405261
2025-05-30 17:30:00,23.475000381469727,23.600000381469727,23.44499969482422,23.55500030517578,3006745
2025-05-30 18:30:00,23.549999237060547,23.59000015258789,23.514999389648438,23.579999923706055,3354239
2025-05-30 19:30:00,23.575000762939453,23.6200008392334,23.440000534057617,23.469999313354492,6549470
2025-06-02 13:30:00,23.540000915527344,23.559999465942383,23.221900939941406,23.415000915527344,6182755
2025-06-02 14:30:00,23.40999984741211,23.469999313354492,23.350000381469727,23.415000915527344,4274322
2025-06-02 15:30:00,23.415000915527344,23.489999771118164,23.389999389648438,23.424999237060547,2816541
2025-06-02 16:30:00,23.42099952697754,23.450000762939453,23.3700008392334,23.375,2633196
2025-06-02 17:30:00,23.375,23.399999618530273,23.329999923706055,23.389999389648438,2336277
2025-06-02 18:30:00,23.385000228881836,23.450000762939453,23.3799991607666,23.424999237060547,2714817
2025-06-02 19:30:00,23.424999237060547,23.459999084472656,23.3799991607666,23.459999084472656,3904540
2025-06-03 13:30:00,23.3799991607666,23.514999389648438,23.059999465942383,23.389999389648438,7981558
2025-06-03 14:30:00,23.395000457763672,23.540000915527344,23.31999969482422,23.45199966430664,4205163
2025-06-03 15:30:00,23.454999923706055,23.540000915527344,23.3700008392334,23.375,5639877
2025-06-03 16:30:00,23.375,23.399999618530273,23.350000381469727,23.364999771118164,2619832
2025-06-03 17:30:00,23.364999771118164,23.43000030517578,23.354999542236328,23.424999237060547,3346979
2025-06-03 18:30:00,23.424999237060547,23.489999771118164,23.389999389648438,23.40999984741211,2813120
2025-06-03 19:30:00,23.405000686645508,23.43000030517578,23.329999923706055,23.350000381469727,3997836
2025-06-04 13:30:00,23.40999984741211,23.53499984741211,23.350000381469727,23.453699111938477,4588515
2025-06-04 14:30:00,23.454999923706055,23.510000228881836,23.424999237060547,23.485000610351562,2742340
2025-06-04 15:30:00,23.485000610351562,23.510000228881836,23.43000030517578,23.485000610351562,2463309
2025-06-04 16:30:00,23.485000610351562,23.540000915527344,23.469999313354492,23.5,1785661
2025-06-04 17:30:00,23.4950008392334,23.510000228881836,23.450000762939453,23.454999923706055,1903269
2025-06-04 18:30:00,23.451000213623047,23.459999084472656,23.360000610351562,23.395000457763672,2891323
2025-06-04 19:30:00,23.395000457763672,23.459999084472656,23.395000457763672,23.399999618530273,3855213
2025-06-05 13:30:00,23.440000534057617,23.440000534057617,23.18000030517578,23.309999465942383,6281374
2025-06-05 14:30:00,23.309999465942383,23.3799991607666,23.260000228881836,23.354999542236328,3447128
2025-06-05 15:30:00,23.354999542236328,23.3700008392334,23.280000686645508,23.318899154663086,2635905
2025-06-05 16:30:00,23.315000534057617,23.34000015258789,23.200000762939453,23.209999084472656,3050840
2025-06-05 17:30:00,23.209999084472656,23.219999313354492,23.1200008392334,23.16349983215332,4537947
2025-06-05 18:30:00,23.165000915527344,23.209999084472656,23.079999923706055,23.114999771118164,4273001
2025-06-05 19:30:00,23.110000610351562,23.18000030517578,23.09000015258789,23.110000610351562,5042127
2025-06-06 13:30:00,23.270000457763672,23.579999923706055,23.2450008392334,23.540000915527344,5539461
2025-06-06 14:30:00,23.535400390625,23.540000915527344,23.3799991607666,23.46500015258789,3465981
2025-06-06 15:30:00,23.469999313354492,23.528200149536133,23.450000762939453,23.5,2175761
2025-06-06 16:30:00,23.5049991607666,23.520000457763672,23.389999389648438,23.424999237060547,3084164
2025-06-06 17:30:00,23.424999237060547,23.440000534057617,23.389999389648438,23.399999618530273,1576094
2025-06-06 18:30:00,23.40999984741211,23.434999465942383,23.3700008392334,23.3799991607666,5684487
2025-06-06 19:30:00,23.380199432373047,23.389999389648438,23.329999923706055,23.334999084472656,4620490
2025-06-09 13:30:00,23.440000534057617,23.93000030517578,23.420000076293945,23.84000015258789,10898786
2025-06-09 14:30:00,23.84000015258789,23.93000030517578,23.744600296020508,23.924999237060547,4241492
2025-06-09 15:30:00,23.93000030517578,24.059999465942383,23.90999984741211,24.059999465942383,4996325
2025-06-09 16:30:00,24.058399200439453,24.139999389648438,24.049999237060547,24.100000381469727,5261010
2025-06-09 17:30:00,24.094999313354492,24.1299991607666,24.049999237060547,24.114999771118164,4045079
2025-06-09 18:30:00,24.114999771118164,24.1200008392334,24.010000228881836,24.010000228881836,3149136
2025-06-09 19:30:00,24.010000228881836,24.049999237060547,23.950000762939453,23.959999084472656,5045759
2025-06-10 13:30:00,23.969999313354492,24.190000534057617,23.959999084472656,24.189699172973633,7315783
2025-06-10 14:30:00,24.190000534057617,24.329999923706055,24.190000534057617,24.315000534057617,5578891
2025-06-10 15:30:00,24.315000534057617,24.3799991607666,24.270000457763672,24.295000076293945,5222920
2025-06-10 16:30:00,24.295000076293945,24.40999984741211,24.293100357055664,24.405000686645508,2945641
2025-06-10 17:30:00,24.40999984741211,24.420000076293945,24.253599166870117,24.2549991607666,3620012
2025-06-10 18:30:00,24.257099151611328,24.40999984741211,24.25,24.364999771118164,4240914
2025-06-10 19:30:00,24.364999771118164,24.364999771118164,24.290000915527344,24.299999237060547,5134556
2025-06-11 13:30:00,24.329999923706055,24.65999984741211,24.329999923706055,24.59280014038086,8946952
2025-06-11 14:30:00,24.600000381469727,24.690000534057617,24.559999465942383,24.59000015258789,4682897
2025-06-11 15:30:00,24.59000015258789,24.600000381469727,24.489999771118164,24.514999389648438,3778332
2025-06-11 16:30:00,24.518699645996094,24.56999969482422,24.5,24.55500030517578,2834087
2025-06-11 17:30:00,24.550100326538086,24.56999969482422,24.350000381469727,24.3700008392334,4275873
2025-06-11 18:30:00,24.364999771118164,24.440000534057617,24.322599411010742,24.375,4513384
2025-06-11 19:30:00,24.375,24.489999771118164,24.31999969482422,24.485000610351562,5356932
2025-06-12 13:30:00,24.530000686645508,24.75,24.530000686645508,24.739999771118164,8012940
2025-06-12 14:30:00,24.7450008392334,24.8799991607666,24.742399215698242,24.84000015258789,7234692
2025-06-12 15:30:00,24.84000015258789,24.850000381469727,24.709999084472656,24.774999618530273,4479750
2025-06-12 16:30:00,24.774999618530273,24.850000381469727,24.709999084472656,24.739999771118164,6473972
2025-06-12 17:30:00,24.735000610351562,24.838600158691406,24.729999542236328,24.834999084472656,3437237
2025-06-12 18:30:00,24.834999084472656,24.8799991607666,24.790000915527344,24.875,3807455
2025-06-12 19:30:00,24.875,24.8799991607666,24.809999465942383,24.854999542236328,4438079
2025-06-13 13:30:00,24.78499984741211,24.950000762939453,24.683300018310547,24.91010093688965,10918987
2025-06-13 14:30:00,24.920000076293945,24.940000534057617,24.665000915527344,24.7549991607666,7063093
2025-06-13 15:30:00,24.7549991607666,24.780000686645508,24.665000915527344,24.680099487304688,5203408
2025-06-13 16:30:00,24.684999465942383,24.799999237060547,24.68000030517578,24.735000610351562,4502337
2025-06-13 17:30:00,24.739999771118164,24.770000457763672,24.530000686645508,24.538999557495117,4560450
2025-06-13 18:30:00,24.540000915527344,24.559999465942383,24.459999084472656,24.475000381469727,5546643
2025-06-13 19:30:00,24.475000381469727,24.549999237060547,24.469999313354492,24.530000686645508,4364601
2025-06-16 13:30:00,24.5,24.59000015258789,24.329999923706055,24.454999923706055,6396561
2025-06-16 14:30:00,24.454999923706055,24.510000228881836,24.280000686645508,24.334999084472656,5524650
2025-06-16 15:30:00,24.34000015258789,24.3700008392334,24.290000915527344,24.354999542236328,4246142
2025-06-16 16:30:00,24.360000610351562,24.3799991607666,24.31999969482422,24.375,2482936
2025-06-16 17:30:00,24.3799991607666,24.399999618530273,24.329999923706055,24.385000228881836,3516750
2025-06-16 18:30:00,24.38990020751953,24.40999984741211,24.309999465942383,24.325000762939453,3416324
2025-06-16 19:30:00,24.325000762939453,24.440000534057617,24.31220054626465,24.399999618530273,5336467
2025-06-17 13:30:00,24.270000457763672,24.31999969482422,23.981700897216797,24.200000762939453,7362142
2025-06-17 14:30:00,24.19499969482422,24.26759910583496,24.1200008392334,24.139999389648438,5091774
2025-06-17 15:30:00,24.145000457763672,24.18000030517578,24.100000381469727,24.160999298095703,2913856
2025-06-17 16:30:00,24.170000076293945,24.190000534057617,24.110000610351562,24.155000686645508,2852619
2025-06-17 17:30:00,24.149999618530273,24.219999313354492,24.020000457763672,24.024999618530273,3870098
2025-06-17 18:30:00,24.020000457763672,24.079999923706055,23.979999542236328,23.989999771118164,4535757
2025-06-17 19:30:00,23.985000610351562,24.030000686645508,23.90999984741211,23.989999771118164,7391812
2025-06-18 13:30:00,23.959999084472656,23.979999542236328,23.770000457763672,23.90999984741211,6344679
2025-06-18 14:30:00,23.915000915527344,24.079999923706055,23.90999984741211,24.03499984741211,4602894
2025-06-18 15:30:00,24.030000686645508,24.049999237060547,23.8799991607666,23.920000076293945,4681836
2025-06-18 16:30:00,23.915000915527344,23.959999084472656,23.899999618530273,23.920000076293945,2398114
2025-06-18 17:30:00,23.929899215698242,24.030000686645508,23.860000610351562,23.934999465942383,3422267
2025-06-18 18:30:00,23.939899444580078,23.969999313354492,23.809999465942383,23.838300704956055,4492042
2025-06-18 19:30:00,23.829999923706055,23.969999313354492,23.825000762939453,23.889999389648438,4763063
2025-06-20 13:30:00,24.0,24.09000015258789,23.809999465942383,23.895000457763672,10908738
2025-06-20 14:30:00,23.891700744628906,23.899999618530273,23.770000457763672,23.834999084472656,5409596
2025-06-20 15:30:00,23.849899291992188,23.90999984741211,23.81999969482422,23.864999771118164,3771095
2025-06-20 16:30:00,23.863500595092773,23.924999237060547,23.860000610351562,23.87070083618164,2305185
2025-06-20 17:30:00,23.875,24.020000457763672,23.860000610351562,23.98780059814453,3065000
2025-06-20 18:30:00,23.985000610351562,24.0,23.899999618530273,23.959999084472656,4034746
2025-06-20 19:30:00,23.950000762939453,24.010000228881836,23.899999618530273,23.969999313354492,4580407
2025-06-23 13:30:00,23.8700008392334,24.084999084472656,23.850000381469727,23.975000381469727,5162923
2025-06-23 14:30:00,23.975000381469727,23.988800048828125,23.8799991607666,23.895000457763672,3272806
2025-06-23 15:30:00,23.895000457763672,23.91790008544922,23.809999465942383,23.834999084472656,3730393
2025-06-23 16:30:00,23.834999084472656,23.969999313354492,23.764999389648438,23.95009994506836,3363708
2025-06-23 17:30:00,23.956300735473633,24.010000228881836,23.950000762939453,23.983600616455078,2483094
2025-06-23 18:30:00,23.985000610351562,23.989999771118164,23.860000610351562,23.974599838256836,4541547
2025-06-23 19:30:00,23.979999542236328,24.045000076293945,23.93000030517578,24.024999618530273,3603988
2025-06-24 13:30:00,24.139999389648438,24.31999969482422,24.114999771118164,24.295000076293945,6628311
2025-06-24 14:30:00,24.295000076293945,24.31999969482422,24.165000915527344,24.196500778198242,4335883
2025-06-24 15:30:00,24.19499969482422,24.219999313354492,24.139999389648438,24.209999084472656,2672637
2025-06-24 16:30:00,24.204999923706055,24.280000686645508,24.170000076293945,24.264999389648438,3775035
2025-06-24 17:30:00,24.264999389648438,24.360000610351562,24.260099411010742,24.30500030517578,3183843
2025-06-24 18:30:00,24.30500030517578,24.34000015258789,24.264799118041992,24.320100784301758,3770474
2025-06-24 19:30:00,24.31999969482422,24.399999618530273,24.299999237060547,24.309999465942383,4209285
2025-06-25 13:30:00,24.209999084472656,24.239999771118164,24.06999969482422,24.184999465942383,5858584
2025-06-25 14:30:00,24.184999465942383,24.219999313354492,24.15999984741211,24.170000076293945,2494447
2025-06-25 15:30:00,24.170000076293945,24.31719970703125,24.15999984741211,24.28499984741211,2862572
2025-06-25 16:30:00,24.28499984741211,24.329999923706055,24.243000030517578,24.2544002532959,1897157
2025-06-25 17:30:00,24.2549991607666,24.290000915527344,24.229999542236328,24.274999618530273,1306862
2025-06-25 18:30:00,24.278600692749023,24.3700008392334,24.219999313354492,24.364999771118164,3441868
2025-06-25 19:30:00,24.360000610351562,24.3700008392334,24.260000228881836,24.280000686645508,3424280
2025-06-26 13:30:00,24.315000534057617,24.420000076293945,24.299999237060547,24.325000762939453,5244346
2025-06-26 14:30:00,24.329999923706055,24.43000030517578,24.260000228881836,24.274999618530273,4055824
2025-06-26 15:30:00,24.274999618530273,24.34000015258789,24.239999771118164,24.325000762939453,2684074
2025-06-26 16:30:00,24.320100784301758,24.34000015258789,24.25,24.270000457763672,2246935
2025-06-26 17:30:00,24.274999618530273,24.299999237060547,24.200000762939453,24.204999923706055,2420886
2025-06-26 18:30:00,24.204999923706055,24.219999313354492,24.15999984741211,24.200000762939453,2276002
2025-06-26 19:30:00,24.204999923706055,24.309999465942383,24.15999984741211,24.25,5528051
2025-06-27 13:30:00,24.350000381469727,24.420000076293945,24.260000228881836,24.309999465942383,5873059
2025-06-27 14:30:00,24.309999465942383,24.389999389648438,24.290000915527344,24.299999237060547,3208537
2025-06-27 15:30:00,24.299999237060547,24.3700008392334,24.270000457763672,24.364999771118164,2685497
2025-06-27 16:30:00,24.364999771118164,24.389999389648438,24.239999771118164,24.260000228881836,2554085
2025-06-27 17:30:00,24.264999389648438,24.290000915527344,24.1299991607666,24.135000228881836,3313899
2025-06-27 18:30:00,24.135000228881836,24.18000030517578,24.079999923706055,24.174999237060547,2875189
2025-06-27 19:30:00,24.18000030517578,24.239999771118164,24.1299991607666,24.190000534057617,5320026
2025-06-30 13:30:00,24.209999084472656,24.329999923706055,24.135000228881836,24.31999969482422,5250964
2025-06-30 14:30:00,24.329999923706055,24.3799991607666,24.309999465942383,24.344999313354492,3188309
2025-06-30 15:30:00,24.34000015258789,24.350000381469727,24.231700897216797,24.2450008392334,3416377
2025-06-30 16:30:00,24.247900009155273,24.290000915527344,24.229999542236328,24.264999389648438,10193739
2025-06-30 17:30:00,24.264999389648438,24.270000457763672,24.1200008392334,24.184999465942383,3186811
2025-06-30 18:30:00,24.18000030517578,24.219999313354492,24.139999389648438,24.195199966430664,3410789
2025-06-30 19:30:00,24.19499969482422,24.309999465942383,24.190000534057617,24.235000610351562,4759144
2025-07-01 13:30:00,24.274999618530273,24.729999542236328,24.260000228881836,24.719999313354492,5873702
2025-07-01 14:30:00,24.719999313354492,25.1299991607666,24.700000762939453,25.114999771118164,11028516
2025-07-01 15:30:00,25.11989974975586,25.350000381469727,25.079999923706055,25.19499969482422,8470565
2025-07-01 16:30:00,25.19499969482422,25.200000762939453,24.829999923706055,24.975000381469727,8702760
2025-07-01 17:30:00,24.978803634643555,25.079999923706055,24.950000762939453,25.05500030517578,4140700
2025-07-01 18:30:00,25.05500030517578,25.110000610351562,25.010000228881836,25.075000762939453,4890330
2025-07-01 19:30:00,25.075000762939453,25.100000381469727,25.020000457763672,25.040000915527344,5526299
2025-07-02 13:30:00,25.1299991607666,25.309999465942383,25.024999618530273,25.19499969482422,8996265
2025-07-02 14:30:00,25.190000534057617,25.360000610351562,25.162500381469727,25.325000762939453,6071235
2025-07-02 15:30:00,25.325000762939453,25.360000610351562,25.184999465942383,25.21500015258789,4310992
2025-07-02 16:30:00,25.209999084472656,25.290000915527344,25.209999084472656,25.280099868774414,2628044
2025-07-02 17:30:00,25.28499984741211,25.329999923706055,25.219999313354492,25.325000762939453,2917007
2025-07-02 18:30:00,25.328800201416016,25.34000015258789,25.229999542236328,25.239900588989258,3638286
2025-07-02 19:30:00,25.235000610351562,25.329999923706055,25.235000610351562,25.329999923706055,4012287
2025-07-03 13:30:00,25.350000381469727,25.420000076293945,25.229999542236328,25.290000915527344,7713088
2025-07-03 14:30:00,25.28499984741211,25.469999313354492,25.260000228881836,25.434999465942383,6983336
2025-07-03 15:30:00,25.433500289916992,25.520000457763672,25.40999984741211,25.489999771118164,4685588
2025-07-07 13:30:00,25.360000610351562,25.530000686645508,25.314300537109375,25.389999389648438,6319207
2025-07-07 14:30:00,25.392000198364258,25.40999984741211,25.290000915527344,25.29990005493164,4124897
2025-07-07 15:30:00,25.292400360107422,25.31999969482422,25.139999389648438,25.19499969482422,3656460
2025-07-07 16:30:00,25.190000534057617,25.3700008392334,25.18000030517578,25.320100784301758,3975211
2025-07-07 17:30:00,25.325000762939453,25.3700008392334,25.149999618530273,25.174999237060547,3839946
2025-07-07 18:30:00,25.174999237060547,25.31719970703125,25.165000915527344,25.200000762939453,3553044
2025-07-07 19:30:00,25.19499969482422,25.25,25.174999237060547,25.239999771118164,4345615
2025-07-08 13:30:00,25.239999771118164,25.770000457763672,25.209999084472656,25.75189971923828,7434895
2025-07-08 14:30:00,25.760000228881836,25.959999084472656,25.670000076293945,25.700000762939453,8457987
2025-07-08 15:30:00,25.704999923706055,25.84000015258789,25.62030029296875,25.684999465942383,4563701
2025-07-08 16:30:00,25.690000534057617,25.700000762939453,25.309999465942383,25.479900360107422,9962777
2025-07-08 17:30:00,25.475000381469727,25.6200008392334,25.459999084472656,25.577299118041992,4556129
2025-07-08 18:30:00,25.575000762939453,25.638999938964844,25.549999237060547,25.614900588989258,3292315
2025-07-08 19:30:00,25.61989974975586,25.670000076293945,25.579999923706055,25.6200008392334,5149699
2025-07-09 13:30:00,25.690000534057617,25.83989906311035,25.5,25.575000762939453,6461763
2025-07-09 14:30:00,25.575000762939453,25.575000762939453,25.3700008392334,25.420000076293945,6789683
2025-07-09 15:30:00,25.420000076293945,25.469999313354492,25.3700008392334,25.413299560546875,4237575
2025-07-09 16:30:00,25.411800384521484,25.489999771118164,25.40999984741211,25.434999465942383,2563434
2025-07-09 17:30:00,25.434999465942383,25.479999542236328,25.34000015258789,25.399999618530273,4110185
2025-07-09 18:30:00,25.405000686645508,25.5,25.399999618530273,25.499900817871094,2931115
2025-07-09 19:30:00,25.4950008392334,25.56999969482422,25.469999313354492,25.55500030517578,4230321
2025-07-10 13:30:00,25.579999923706055,26.020000457763672,25.545000076293945,25.9950008392334,8480909
2025-07-10 14:30:00,25.990100860595703,26.049999237060547,25.90999984741211,25.96500015258789,6782972
2025-07-10 15:30:00,25.969900131225586,25.979999542236328,25.809999465942383,25.809999465942383,3196671
2025-07-10 16:30:00,25.809999465942383,25.90999984741211,25.783899307250977,25.85810089111328,2544850
2025-07-10 17:30:00,25.854999542236328,25.920000076293945,25.81999969482422,25.885000228881836,2558112
2025-07-10 18:30:00,25.885000228881836,25.889999389648438,25.799999237060547,25.815000534057617,3507345
2025-07-10 19:30:00,25.815000534057617,25.81999969482422,25.709999084472656,25.780000686645508,5282899
2025-07-11 13:30:00,25.649999618530273,25.709999084472656,25.459999084472656,25.55500030517578,5585014
2025-07-11 14:30:00,25.559999465942383,25.559999465942383,25.420000076293945,25.510000228881836,4173891
2025-07-11 15:30:00,25.514999389648438,25.6299991607666,25.5,25.577800750732422,3579325
2025-07-11 16:30:00,25.578800201416016,25.639999389648438,25.559999465942383,25.625,1803494
2025-07-11 17:30:00,25.629899978637695,25.71500015258789,25.6200008392334,25.625,2224782
2025-07-11 18:30:00,25.6200008392334,25.68000030517578,25.603300094604492,25.674999237060547,2788653
2025-07-11 19:30:00,25.670000076293945,25.709999084472656,25.6200008392334,25.639999389648438,3212664
2025-07-14 13:30:00,25.579999923706055,25.6299991607666,25.440000534057617,25.4552001953125,4500887
2025-07-14 14:30:00,25.459999084472656,25.579999923706055,25.389999389648438,25.450000762939453,4956440
2025-07-14 15:30:00,25.454999923706055,25.559999465942383,25.44499969482422,25.459999084472656,2962791
2025-07-14 16:30:00,25.46500015258789,25.520000457763672,25.459999084472656,25.5,1532173
2025-07-14 17:30:00,25.5,25.520000457763672,25.459999084472656,25.482099533081055,1697766
2025-07-14 18:30:00,25.485000610351562,25.510000228881836,25.399999618530273,25.415000915527344,2945290
2025-07-14 19:30:00,25.420000076293945,25.439899444580078,25.34000015258789,25.360000610351562,4155389
2025-07-15 13:30:00,25.334999084472656,25.440000534057617,24.989999771118164,25.0049991607666,12885163
2025-07-15 14:30:00,25.0049991607666,25.030000686645508,24.700000762939453,24.76129913330078,7647049
2025-07-15 15:30:00,24.76129913330078,24.809999465942383,24.68000030517578,24.72319984436035,4982672
2025-07-15 16:30:00,24.719999313354492,24.760000228881836,24.68000030517578,24.735000610351562,3308877
2025-07-15 17:30:00,24.735000610351562,24.817899703979492,24.549999237060547,24.559999465942383,5745642
2025-07-15 18:30:00,24.565000534057617,24.639999389648438,24.530000686645508,24.56999969482422,5107139
2025-07-15 19:30:00,24.579999923706055,24.665000915527344,24.540000915527344,24.584999084472656,8261126
2025-07-16 13:30:00,24.674999237060547,24.959999084472656,24.65999984741211,24.836700439453125,6223846
2025-07-16 14:30:00,24.834999084472656,24.93000030517578,24.719999313354492,24.764999389648438,4631789
2025-07-16 15:30:00,24.76810073852539,24.85650062561035,24.6299991607666,24.65999984741211,5188315
2025-07-16 16:30:00,24.658599853515625,24.739999771118164,24.604299545288086,24.700000762939453,3119354
2025-07-16 17:30:00,24.690099716186523,24.725000381469727,24.600000381469727,24.610000610351562,3504676
2025-07-16 18:30:00,24.614700317382812,24.6973819732666,24.610000610351562,24.6299991607666,4087225
2025-07-16 19:30:00,24.639999389648438,24.649999618530273,24.530000686645508,24.600000381469727,6118594
2025-07-17 13:30:00,24.489999771118164,24.674999237060547,24.479999542236328,24.665000915527344,13863139
2025-07-17 14:30:00,24.66010093688965,24.739999771118164,24.5,24.70989990234375,7585632
2025-07-17 15:30:00,24.704999923706055,24.780000686645508,24.56999969482422,24.594999313354492,3927693
2025-07-17 16:30:00,24.59000015258789,24.639999389648438,24.5049991607666,24.540000915527344,4030395
2025-07-17 17:30:00,24.545000076293945,24.600000381469727,24.450000762939453,24.530000686645508,4734622
2025-07-17 18:30:00,24.53529930114746,24.61520004272461,24.530000686645508,24.559999465942383,3881561
2025-07-17 19:30:00,24.565000534057617,24.610000610351562,24.530000686645508,24.600000381469727,5806920
2025-07-18 13:30:00,24.729999542236328,24.780000686645508,24.549999237060547,24.579999923706055,6633874
2025-07-18 14:30:00,24.584999084472656,24.6200008392334,24.469999313354492,24.54509925842285,5824981
2025-07-18 15:30:00,24.549999237060547,24.56999969482422,24.420000076293945,24.450000762939453,3514957
2025-07-18 16:30:00,24.454999923706055,24.515199661254883,24.399999618530273,24.420000076293945,3230659
2025-07-18 17:30:00,24.42729949951172,24.479999542236328,24.389999389648438,24.41230010986328,3159372
2025-07-18 18:30:00,24.415000915527344,24.510000228881836,24.399999618530273,24.5,3015974
2025-07-18 19:30:00,24.490100860595703,24.510000228881836,24.44499969482422,24.459999084472656,4334348
2025-07-21 13:30:00,24.59000015258789,24.649999618530273,24.420000076293945,24.475000381469727,5049530
2025-07-21 14:30:00,24.475000381469727,24.488800048828125,24.3700008392334,24.41349983215332,4819350
2025-07-21 15:30:00,24.415000915527344,24.440000534057617,24.360000610351562,24.375,3153489
2025-07-21 16:30:00,24.375,24.459999084472656,24.360000610351562,24.454999923706055,2522694
2025-07-21 17:30:00,24.459999084472656,24.5,24.420000076293945,24.46500015258789,3140839
2025-07-21 18:30:00,24.463499069213867,24.479999542236328,24.329999923706055,24.354999542236328,5301229
2025-07-21 19:30:00,24.354999542236328,24.3700008392334,24.2549991607666,24.274999618530273,6165472
2025-07-22 13:30:00,24.3700008392334,24.924999237060547,24.34000015258789,24.75,6966811
2025-07-22 14:30:00,24.7549991607666,24.790000915527344,24.6299991607666,24.780000686645508,5219941
2025-07-22 15:30:00,24.78499984741211,24.8700008392334,24.739999771118164,24.844999313354492,4876957
2025-07-22 16:30:00,24.844999313354492,24.93000030517578,24.81999969482422,24.91010093688965,4004012
2025-07-22 17:30:00,24.91990089416504,24.979999542236328,24.8700008392334,24.94499969482422,6048567
2025-07-22 18:30:00,24.94499969482422,25.079999923706055,24.940000534057617,25.075000762939453,9622843
2025-07-22 19:30:00,25.078399658203125,25.139999389648438,25.059999465942383,25.114999771118164,6505974
2025-07-23 13:30:00,25.3799991607666,25.5,25.270000457763672,25.3799991607666,7634173
2025-07-23 14:30:00,25.375,25.399999618530273,25.25,25.30069923400879,6278058
2025-07-23 15:30:00,25.30500030517578,25.530000686645508,25.299999237060547,25.510000228881836,5769724
2025-07-23 16:30:00,25.510000228881836,25.510000228881836,25.370100021362305,25.424999237060547,4249858
2025-07-23 17:30:00,25.424999237060547,25.440000534057617,25.290000915527344,25.315000534057617,3235620
2025-07-23 18:30:00,25.315000534057617,25.34000015258789,25.260000228881836,25.334999084472656,3756370
2025-07-23 19:30:00,25.34000015258789,25.389999389648438,25.309999465942383,25.360000610351562,5267910
2025-07-24 13:30:00,25.389999389648438,25.540000915527344,25.270000457763672,25.42060089111328,5198994
2025-07-24 14:30:00,25.424999237060547,25.440000534057617,25.31999969482422,25.360000610351562,3122680
2025-07-24 15:30:00,25.360000610351562,25.3799991607666,25.309999465942383,25.334999084472656,2252284
2025-07-24 16:30:00,25.334999084472656,25.350000381469727,25.270000457763672,25.310100555419922,2099584
2025-07-24 17:30:00,25.315000534057617,25.329999923706055,25.280000686645508,25.310300827026367,1926213
2025-07-24 18:30:00,25.309999465942383,25.34000015258789,25.260000228881836,25.334999084472656,3031912
2025-07-24 19:30:00,25.334999084472656,25.40999984741211,25.309999465942383,25.364999771118164,3864814
2025-07-25 13:30:00,24.969999313354492,24.969999313354492,24.68000030517578,24.690000534057617,5833657
2025-07-25 14:30:00,24.690000534057617,24.799999237060547,24.670000076293945,24.69499969482422,7323121
2025-07-25 15:30:00,24.700000762939453,24.729999542236328,24.6200008392334,24.684999465942383,3059153
2025-07-25 16:30:00,24.68000030517578,24.780000686645508,24.68000030517578,24.770000457763672,2202531
2025-07-25 17:30:00,24.774999618530273,24.905000686645508,24.760000228881836,24.815000534057617,3617916
2025-07-25 18:30:00,24.809999465942383,24.860000610351562,24.790000915527344,24.844999313354492,2720109
2025-07-25 19:30:00,24.844999313354492,24.850000381469727,24.7549991607666,24.809999465942383,4515313
2025-07-28 13:30:00,24.674999237060547,24.729999542236328,24.360000610351562,24.510000228881836,7411654
2025-07-28 14:30:00,24.510000228881836,24.530000686645508,24.469999313354492,24.515199661254883,2681172
2025-07-28 15:30:00,24.517200469970703,24.610000610351562,24.500099182128906,24.584999084472656,2699455
2025-07-28 16:30:00,24.584999084472656,24.59000015258789,24.450000762939453,24.454700469970703,1968908
2025-07-28 17:30:00,24.454999923706055,24.479999542236328,24.3700008392334,24.395000457763672,2860973
2025-07-28 18:30:00,24.395000457763672,24.415000915527344,24.31999969482422,24.364999771118164,3250131
2025-07-28 19:30:00,24.364999771118164,24.3799991607666,24.235000610351562,24.309999465942383,4803716
2025-07-29 13:30:00,24.309999465942383,24.309999465942383,23.93000030517578,24.17770004272461,11198776
2025-07-29 14:30:00,24.174999237060547,24.25,24.1299991607666,24.219999313354492,4545207
2025-07-29 15:30:00,24.219999313354492,24.280000686645508,24.139999389648438,24.25200080871582,3364629
2025-07-29 16:30:00,24.2549991607666,24.260000228881836,24.18000030517578,24.219999313354492,2215768
2025-07-29 17:30:00,24.219999313354492,24.309999465942383,24.21299934387207,24.299999237060547,3370459
2025-07-29 18:30:00,24.295000076293945,24.329999923706055,24.270000457763672,24.277099609375,3665448
2025-07-29 19:30:00,24.270000457763672,24.329999923706055,24.260000228881836,24.299999237060547,4508145
2025-07-30 13:30:00,24.31999969482422,24.395000457763672,24.15999984741211,24.21500015258789,4187556
2025-07-30 14:30:00,24.209999084472656,24.229999542236328,24.100000381469727,24.104700088500977,3883400
2025-07-30 15:30:00,24.104999542236328,24.15999984741211,24.06999969482422,24.155000686645508,3115140
2025-07-30 16:30:00,24.149999618530273,24.170000076293945,24.100000381469727,24.114999771118164,2176750
2025-07-30 17:30:00,24.1200008392334,24.184999465942383,24.110000610351562,24.174999237060547,2280153
2025-07-30 18:30:00,24.170000076293945,24.239999771118164,23.850000381469727,23.860000610351562,7904880
2025-07-30 19:30:00,23.860000610351562,23.895000457763672,23.795000076293945,23.829999923706055,7731412
2025-07-31 13:30:00,23.600000381469727,23.77549934387207,23.469999313354492,23.719999313354492,10976833
2025-07-31 14:30:00,23.729900360107422,23.815000534057617,23.649999618530273,23.68589973449707,5412031
2025-07-31 15:30:00,23.68000030517578,23.760000228881836,23.670000076293945,23.739999771118164,5466010
2025-07-31 16:30:00,23.7450008392334,23.84000015258789,23.703399658203125,23.71500015258789,6582840
2025-07-31 17:30:00,23.71500015258789,23.719999313354492,23.3700008392334,23.434999465942383,6896580
2025-07-31 18:30:00,23.434999465942383,23.459999084472656,23.28499984741211,23.3031005859375,6929347
2025-07-31 19:30:00,23.309999465942383,23.329999923706055,23.139999389648438,23.28499984741211,10434495
2025-08-01 13:30:00,23.299999237060547,23.510000228881836,23.170000076293945,23.18000030517578,9641909
2025-08-01 14:30:00,23.18000030517578,23.350000381469727,23.110000610351562,23.299999237060547,8753737
2025-08-01 15:30:00,23.299999237060547,23.416000366210938,23.219999313354492,23.389999389648438,5774562
2025-08-01 16:30:00,23.385000228881836,23.487699508666992,23.31999969482422,23.434999465942383,5813838
2025-08-01 17:30:00,23.440000534057617,23.5,23.40999984741211,23.489999771118164,4600001
2025-08-01 18:30:00,23.48870086669922,23.520000457763672,23.40999984741211,23.420000076293945,5458170
2025-08-01 19:30:00,23.420000076293945,23.520000457763672,23.395000457763672,23.46500015258789,6966214
2025-08-04 13:30:00,23.440000534057617,23.659799575805664,23.399999618530273,23.475000381469727,6472215
2025-08-04 14:30:00,23.475000381469727,23.65999984741211,23.40999984741211,23.565000534057617,6586096
2025-08-04 15:30:00,23.559999465942383,23.649999618530273,23.559999465942383,23.578100204467773,4772813
2025-08-04 16:30:00,23.579999923706055,23.68000030517578,23.540000915527344,23.639999389648438,6518641
2025-08-04 17:30:00,23.635000228881836,23.68000030517578,23.579999923706055,23.655000686645508,5712046
2025-08-04 18:30:00,23.655000686645508,23.66990089416504,23.530000686645508,23.545000076293945,10212015
2025-08-04 19:30:00,23.549999237060547,23.59000015258789,23.489999771118164,23.540000915527344,9898970
2025-08-05 13:30:00,24.270000457763672,24.690000534057617,24.270000457763672,24.5049991607666,36828985
2025-08-05 14:30:00,24.5049991607666,24.790000915527344,24.324600219726562,24.434999465942383,15368468
2025-08-05 15:30:00,24.438600540161133,24.584999084472656,24.299999237060547,24.364999771118164,9610039
2025-08-05 16:30:00,24.364999771118164,24.579999923706055,24.360000610351562,24.49530029296875,8153939
2025-08-05 17:30:00,24.4950008392334,24.799999237060547,24.489999771118164,24.75,9272760
2025-08-05 18:30:00,24.75,24.889999389648438,24.700000762939453,24.84000015258789,8323606
2025-08-05 19:30:00,24.834999084472656,24.850000381469727,24.65999984741211,24.739999771118164,11929492
2025-08-06 13:30:00,24.68000030517578,24.709999084472656,24.170000076293945,24.200000762939453,12668324
2025-08-06 14:30:00,24.200000762939453,24.280000686645508,24.010000228881836,24.075000762939453,8879970
2025-08-06 15:30:00,24.07990074157715,24.09000015258789,23.920000076293945,23.954999923706055,6306405
2025-08-06 16:30:00,23.954999923706055,24.0,23.889999389648438,23.969900131225586,5316855
2025-08-06 17:30:00,23.959999084472656,24.110000610351562,23.950000762939453,24.075000762939453,5466304
2025-08-06 18:30:00,24.075000762939453,24.07550048828125,23.959999084472656,23.98150062561035,4939532
2025-08-06 19:30:00,23.985000610351562,24.020000457763672,23.860000610351562,23.954999923706055,11891589
2025-08-07 13:30:00,24.170000076293945,24.27989959716797,23.940000534057617,23.96500015258789,6450649
2025-08-07 14:30:00,23.96579933166504,24.170000076293945,23.951499938964844,24.114999771118164,5995449
2025-08-07 15:30:00,24.114999771118164,24.350000381469727,24.110000610351562,24.344999313354492,7535049
2025-08-07 16:30:00,24.350000381469727,24.469999313354492,24.200000762939453,24.264999389648438,7862082
2025-08-07 17:30:00,24.264999389648438,24.309999465942383,24.209999084472656,24.2450008392334,3521685
2025-08-07 18:30:00,24.2450008392334,24.295000076293945,24.200000762939453,24.224199295043945,4977163
2025-08-07 19:30:00,24.225000381469727,24.299999237060547,24.220199584960938,24.2549991607666,4918763
2025-08-08 13:30:00,24.289899826049805,24.540000915527344,24.15999984741211,24.3799991607666,6803214
2025-08-08 14:30:00,24.3799991607666,24.459999084472656,24.3700008392334,24.402599334716797,5107665
2025-08-08 15:30:00,24.405000686645508,24.479999542236328,24.30150032043457,24.43000030517578,3336684
2025-08-08 16:30:00,24.424999237060547,24.489999771118164,24.40999984741211,24.467500686645508,3109299
2025-08-08 17:30:00,24.46500015258789,24.520000457763672,24.450000762939453,24.510000228881836,3186189
2025-08-08 18:30:00,24.510000228881836,24.610000610351562,24.4950008392334,24.584999084472656,5101274
2025-08-08 19:30:00,24.584999084472656,24.600000381469727,24.545000076293945,24.579999923706055,3947561
2025-08-11 13:30:00,24.600000381469727,24.920000076293945,24.530000686645508,24.829999923706055,10002333
2025-08-11 14:30:00,24.825000762939453,24.829999923706055,24.579999923706055,24.6200008392334,4831508
2025-08-11 15:30:00,24.620100021362305,24.75,24.59000015258789,24.655000686645508,3815000
2025-08-11 16:30:00,24.655000686645508,24.65999984741211,24.579999923706055,24.6200008392334,3193751
2025-08-11 17:30:00,24.614999771118164,24.68000030517578,24.559999465942383,24.665000915527344,4103700
2025-08-11 18:30:00,24.670000076293945,24.700000762939453,24.579999923706055,24.614999771118164,2713409
2025-08-11 19:30:00,24.614999771118164,24.6299991607666,24.549999237060547,24.614999771118164,4878532
2025-08-12 13:30:00,24.655000686645508,24.768400192260742,24.530000686645508,24.565000534057617,5009278
2025-08-12 14:30:00,24.566699981689453,24.670000076293945,24.469999313354492,24.545299530029297,5220899
2025-08-12 15:30:00,24.549999237060547,24.6299991607666,24.540000915527344,24.565000534057617,4792371
2025-08-12 16:30:00,24.559999465942383,24.579999923706055,24.479999542236328,24.514999389648438,3074604
2025-08-12 17:30:00,24.510000228881836,24.610000610351562,24.48259925842285,24.584999084472656,3975261
2025-08-12 18:30:00,24.581899642944336,24.6200008392334,24.530000686645508,24.60569953918457,3906381
2025-08-12 19:30:00,24.604999542236328,24.649999618530273,24.559999465942383,24.6299991607666,4071647
2025-08-13 13:30:00,24.7450008392334,25.170000076293945,24.743000030517578,24.973846435546875,9792579
2025-08-13 14:30:00,24.979900360107422,25.149999618530273,24.940000534057617,25.110000610351562,5793990
2025-08-13 15:30:00,25.104999542236328,25.1200008392334,25.0,25.030099868774414,4539938
2025-08-13 16:30:00,25.03499984741211,25.118499755859375,25.020000457763672,25.065000534057617,3304909
2025-08-13 17:30:00,25.067800521850586,25.079999923706055,24.979999542236328,25.07509994506836,3025202
2025-08-13 18:30:00,25.075000762939453,25.135000228881836,25.020000457763672,25.125,3167660
2025-08-13 19:30:00,25.125,25.19499969482422,25.1200008392334,25.139999389648438,5578235
2025-08-14 13:30:00,25.09000015258789,25.09000015258789,24.815000534057617,24.940000534057617,9119397
2025-08-14 14:30:00,24.940000534057617,25.030000686645508,24.850000381469727,25.00510025024414,4861804
2025-08-14 15:30:00,25.0049991607666,25.1200008392334,24.979999542236328,25.065000534057617,3269847
2025-08-14 16:30:00,25.065000534057617,25.100000381469727,25.020000457763672,25.082599639892578,1893301
2025-08-14 17:30:00,25.084999084472656,25.149999618530273,25.079999923706055,25.139999389648438,2174329
2025-08-14 18:30:00,25.145000457763672,25.18000030517578,25.110000610351562,25.155000686645508,2960376
2025-08-14 19:30:00,25.155000686645508,25.15999984741211,25.059999465942383,25.100000381469727,3394219
2025-08-15 13:30:00,25.219999313354492,25.299999237060547,24.969999313354492,25.08989906311035,6862494
2025-08-15 14:30:00,25.084999084472656,25.18000030517578,25.010000228881836,25.040000915527344,6635769
2025-08-15 15:30:00,25.03499984741211,25.084999084472656,25.0,25.06410026550293,3868875
2025-08-15 16:30:00,25.065000534057617,25.200000762939453,25.059999465942383,25.190000534057617,2158742
2025-08-15 17:30:00,25.190000534057617,25.200000762939453,25.1299991607666,25.199899673461914,2681897
2025-08-15 18:30:00,25.195600509643555,25.229999542236328,25.139999389648438,25.166500091552734,1858179
2025-08-15 19:30:00,25.170000076293945,25.204999923706055,25.1299991607666,25.155000686645508,3783376
2025-08-18 13:30:00,25.139999389648438,25.200000762939453,25.024999618530273,25.084999084472656,4788626
2025-08-18 14:30:00,25.080699920654297,25.18000030517578,25.079999923706055,25.159900665283203,9130682
2025-08-18 15:30:00,25.155000686645508,25.170000076293945,25.079999923706055,25.135000228881836,2702482
2025-08-18 16:30:00,25.139999389648438,25.229999542236328,25.1299991607666,25.204999923706055,2499468
2025-08-18 17:30:00,25.204999923706055,25.225299835205078,25.1200008392334,25.126100540161133,3865529
2025-08-18 18:30:00,25.125,25.149999618530273,25.1200008392334,25.135000228881836,1693321
2025-08-18 19:30:00,25.135000228881836,25.149999618530273,25.010000228881836,25.05500030517578,3210849
2025-08-19 13:30:00,25.139999389648438,25.43000030517578,25.100000381469727,25.405000686645508,6201125
2025-08-19 14:30:00,25.405000686645508,25.420000076293945,25.219999313354492,25.225000381469727,4362649
2025-08-19 15:30:00,25.219999313354492,25.309999465942383,25.18000030517578,25.30500030517578,2974244
2025-08-19 16:30:00,25.30500030517578,25.389999389648438,25.299999237060547,25.3700008392334,3160256
2025-08-19 17:30:00,25.3612003326416,25.3700008392334,25.239999771118164,25.274999618530273,1910590
2025-08-19 18:30:00,25.27440071105957,25.3700008392334,25.270000457763672,25.315000534057617,2846520
2025-08-19 19:30:00,25.315000534057617,25.329999923706055,25.2450008392334,25.31999969482422,3547169
2025-08-20 13:30:00,25.389999389648438,25.690000534057617,25.344999313354492,25.432300567626953,8723033
2025-08-20 14:30:00,25.434999465942383,25.549999237060547,25.395000457763672,25.4950008392334,4585909
2025-08-20 15:30:00,25.4950008392334,25.540000915527344,25.450000762939453,25.5049991607666,3027224
2025-08-20 16:30:00,25.503000259399414,25.594999313354492,25.481199264526367,25.5049991607666,3381690
2025-08-20 17:30:00,25.5,25.520000457763672,25.405000686645508,25.469999313354492,2876382
2025-08-20 18:30:00,25.471799850463867,25.489999771118164,25.34000015258789,25.354999542236328,4141663
2025-08-20 19:30:00,25.354999542236328,25.440000534057617,25.350000381469727,25.375,4594903
2025-08-21 13:30:00,25.40999984741211,25.719999313354492,25.3700008392334,25.604999542236328,6434701
2025-08-21 14:30:00,25.604999542236328,25.829999923706055,25.600000381469727,25.815000534057617,5671288
2025-08-21 15:30:00,25.815000534057617,25.8799991607666,25.75,25.81999969482422,4163824
2025-08-21 16:30:00,25.815000534057617,25.8700008392334,25.760099411010742,25.795000076293945,3752338
2025-08-21 17:30:00,25.795000076293945,25.885000228881836,25.780000686645508,25.815000534057617,2471121
2025-08-21 18:30:00,25.809999465942383,25.82990074157715,25.735000610351562,25.75,3017301
2025-08-21 19:30:00,25.7549991607666,25.7549991607666,25.670000076293945,25.71500015258789,4020443
2025-08-22 13:30:00,25.899999618530273,26.110000610351562,25.899999618530273,26.024999618530273,7643168
2025-08-22 14:30:00,26.02720069885254,26.06999969482422,25.834999084472656,25.924999237060547,4749869
2025-08-22 15:30:00,25.924999237060547,25.940000534057617,25.804000854492188,25.809999465942383,3663898
2025-08-22 16:30:00,25.809999465942383,25.8700008392334,25.791200637817383,25.840099334716797,2666015
2025-08-22 17:30:00,25.844999313354492,25.850000381469727,25.770000457763672,25.80500030517578,2196618
2025-08-22 18:30:00,25.80500030517578,25.8700008392334,25.760000228881836,25.815000534057617,3020532
2025-08-22 19:30:00,25.81999969482422,25.8799991607666,25.799999237060547,25.8700008392334,4483840
2025-08-25 13:30:00,25.8799991607666,25.889999389648438,25.309999465942383,25.354999542236328,6962504
2025-08-25 14:30:00,25.35740089416504,25.360000610351562,25.260000228881836,25.299999237060547,4690505
2025-08-25 15:30:00,25.309999465942383,25.338199615478516,25.229999542236328,25.2549991607666,3469993
2025-08-25 16:30:00,25.2549991607666,25.290000915527344,25.18000030517578,25.25,2982175
2025-08-25 17:30:00,25.2549991607666,25.309999465942383,25.200000762939453,25.235000610351562,2680054
2025-08-25 18:30:00,25.235000610351562,25.270000457763672,25.18000030517578,25.19499969482422,2682464
2025-08-25 19:30:00,25.19499969482422,25.19499969482422,25.110000610351562,25.139999389648438,5398115
2025-08-26 13:30:00,25.139999389648438,25.239999771118164,24.969999313354492,25.094999313354492,7809281
2025-08-26 14:30:00,25.100000381469727,25.1299991607666,25.040000915527344,25.074899673461914,2915525
2025-08-26 15:30:00,25.075000762939453,25.110000610351562,25.020000457763672,25.06999969482422,2170324
2025-08-26 16:30:00,25.065000534057617,25.06999969482422,24.979999542236328,25.014999389648438,2260459
2025-08-26 17:30:00,25.013900756835938,25.030000686645508,24.940000534057617,24.96649932861328,2004852
2025-08-26 18:30:00,24.964599609375,25.0,24.93000030517578,24.979999542236328,3015166
2025-08-26 19:30:00,24.969999313354492,25.0,24.8700008392334,24.920000076293945,5814935
2025-08-27 13:30:00,25.010000228881836,25.170000076293945,24.899999618530273,24.905000686645508,5282287
2025-08-27 14:30:00,24.899999618530273,24.979999542236328,24.850000381469727,24.934999465942383,4349484
2025-08-27 15:30:00,24.940000534057617,24.979999542236328,24.8799991607666,24.979999542236328,2798372
2025-08-27 16:30:00,24.979999542236328,25.155000686645508,24.950000762939453,25.024999618530273,4296117
2025-08-27 17:30:00,25.025100708007812,25.049999237060547,24.979999542236328,25.045000076293945,1874813
2025-08-27 18:30:00,25.045000076293945,25.09000015258789,25.020000457763672,25.075000762939453,2665949
2025-08-27 19:30:00,25.075000762939453,25.104999542236328,25.05500030517578,25.06999969482422,2408064
2025-08-28 13:30:00,25.06999969482422,25.06999969482422,24.649999618530273,24.735000610351562,11421944
2025-08-28 14:30:00,24.735300064086914,24.739999771118164,24.56999969482422,24.600000381469727,4172585
2025-08-28 15:30:00,24.610000610351562,24.614999771118164,24.510000228881836,24.525800704956055,2858611
2025-08-28 16:30:00,24.524999618530273,24.635000228881836,24.510000228881836,24.584199905395508,4066260
2025-08-28 17:30:00,24.584999084472656,24.639999389648438,24.520000457763672,24.53499984741211,4198573
2025-08-28 18:30:00,24.53499984741211,24.65999984741211,24.530000686645508,24.639999389648438,3722020
2025-08-28 19:30:00,24.635000228881836,24.649999618530273,24.565000534057617,24.610000610351562,5201639
2025-08-29 13:30:00,24.68000030517578,24.864999771118164,24.51099967956543,24.7549991607666,9041272
2025-08-29 14:30:00,24.7549991607666,24.8799991607666,24.704999923706055,24.730100631713867,6121693
2025-08-29 15:30:00,24.735000610351562,24.80500030517578,24.719999313354492,24.764999389648438,3565704
2025-08-29 16:30:00,24.760000228881836,24.780000686645508,24.65999984741211,24.690000534057617,3047470
2025-08-29 17:30:00,24.684999465942383,24.709999084472656,24.665000915527344,24.69499969482422,2453243
2025-08-29 18:30:00,24.69499969482422,24.75,24.670000076293945,24.7450008392334,2263507
2025-08-29 19:30:00,24.7450008392334,24.760000228881836,24.704999923706055,24.760000228881836,3310011
2025-09-02 13:30:00,24.729999542236328,25.065000534057617,24.729999542236328,24.825000762939453,10420747
2025-09-02 14:30:00,24.81999969482422,24.8799991607666,24.799999237060547,24.844999313354492,7448220
2025-09-02 15:30:00,24.84830093383789,24.889999389648438,24.719999313354492,24.725000381469727,4948579
2025-09-02 16:30:00,24.729999542236328,24.790000915527344,24.709999084472656,24.7450008392334,2824362
2025-09-02 17:30:00,24.742300033569336,24.84000015258789,24.739999771118164,24.780000686645508,2473316
2025-09-02 18:30:00,24.780000686645508,24.825000762939453,24.719999313354492,24.81999969482422,2792215
2025-09-02 19:30:00,24.81999969482422,24.979999542236328,24.799999237060547,24.979999542236328,5991604
2025-09-03 13:30:00,24.8799991607666,25.1200008392334,24.81999969482422,24.889999389648438,5892346
2025-09-03 14:30:00,24.889999389648438,24.93950080871582,24.770000457763672,24.795000076293945,4960091
2025-09-03 15:30:00,24.799999237060547,24.81999969482422,24.75,24.764999389648438,3346310
2025-09-03 16:30:00,24.764999389648438,24.829999923706055,24.75,24.774999618530273,2973230
2025-09-03 17:30:00,24.779800415039062,24.84000015258789,24.75,24.80500030517578,3462711
2025-09-03 18:30:00,24.809900283813477,24.84000015258789,24.719999313354492,24.75,3004875
2025-09-03 19:30:00,24.75,24.81999969482422,24.739999771118164,24.780000686645508,3475278
2025-09-04 13:30:00,24.780000686645508,24.780000686645508,24.510000228881836,24.53499984741211,8120512
2025-09-04 14:30:00,24.53499984741211,24.604999542236328,24.459999084472656,24.55500030517578,6519140
2025-09-04 15:30:00,24.55500030517578,24.604999542236328,24.40999984741211,24.415000915527344,4944853
2025-09-04 16:30:00,24.415000915527344,24.520000457763672,24.350000381469727,24.516300201416016,5539515
2025-09-04 17:30:00,24.514999389648438,24.549999237060547,24.479999542236328,24.514999389648438,3740897
2025-09-04 18:30:00,24.514999389648438,24.579999923706055,24.485000610351562,24.51609992980957,4506126
2025-09-04 19:30:00,24.520000457763672,24.559999465942383,24.489999771118164,24.520000457763672,5052276
2025-09-05 13:30:00,24.56999969482422,24.84000015258789,24.5049991607666,24.614999771118164,8114702
2025-09-05 14:30:00,24.614999771118164,24.690000534057617,24.540000915527344,24.670000076293945,3877007
2025-09-05 15:30:00,24.66309928894043,24.729999542236328,24.649999618530273,24.704999923706055,3532103
2025-09-05 16:30:00,24.709999084472656,24.719999313354492,24.6299991607666,24.650100708007812,2165909
2025-09-05 17:30:00,24.655000686645508,24.790000915527344,24.625,24.739999771118164,4895595
2025-09-05 18:30:00,24.735000610351562,24.809999465942383,24.729999542236328,24.780099868774414,3580605
2025-09-05 19:30:00,24.78499984741211,24.889999389648438,24.75,24.889999389648438,4733544
2025-09-08 13:30:00,24.899999618530273,24.96500015258789,24.40999984741211,24.59000015258789,9600090
2025-09-08 14:30:00,24.59000015258789,24.780000686645508,24.56999969482422,24.735000610351562,5294772
2025-09-08 15:30:00,24.735000610351562,24.739999771118164,24.510000228881836,24.565000534057617,4521708
2025-09-08 16:30:00,24.565000534057617,24.604999542236328,24.520000457763672,24.530000686645508,3433757
2025-09-08 17:30:00,24.53499984741211,24.540000915527344,24.309999465942383,24.434200286865234,10652925
2025-09-08 18:30:00,24.440000534057617,24.510000228881836,24.403099060058594,24.46500015258789,6012461
2025-09-08 19:30:00,24.46500015258789,24.56999969482422,24.450000762939453,24.56999969482422,5341860
2025-09-09 13:30:00,24.549999237060547,24.790000915527344,24.510000228881836,24.760000228881836,5949112
2025-09-09 14:30:00,24.760000228881836,24.780000686645508,24.610000610351562,24.645000457763672,4271502
2025-09-09 15:30:00,24.645000457763672,24.719999313354492,24.610000610351562,24.655000686645508,3407488
2025-09-09 16:30:00,24.649999618530273,24.725000381469727,24.639999389648438,24.6658992767334,3451408
2025-09-09 17:30:00,24.66510009765625,24.770000457763672,24.65999984741211,24.760000228881836,4198190
2025-09-09 18:30:00,24.760000228881836,24.770000457763672,24.690000534057617,24.729999542236328,3289783
2025-09-09 19:30:00,24.7268009185791,24.770000457763672,24.700000762939453,24.719999313354492,4573205
2025-09-10 13:30:00,24.639999389648438,24.639999389648438,24.459999084472656,24.4950008392334,6523307
2025-09-10 14:30:00,24.4950008392334,24.549999237060547,24.479999542236328,24.53499984741211,3643327
2025-09-10 15:30:00,24.540000915527344,24.600000381469727,24.489999771118164,24.5,4385902
2025-09-10 16:30:00,24.509899139404297,24.584999084472656,24.450000762939453,24.565000534057617,4638662
2025-09-10 17:30:00,24.565000534057617,24.58799934387207,24.5,24.575000762939453,3167733
2025-09-10 18:30:00,24.575000762939453,24.649999618530273,24.56999969482422,24.578399658203125,4008549
2025-09-10 19:30:00,24.577899932861328,24.6299991607666,24.559999465942383,24.59000015258789,3492595
2025-09-11 13:30:00,24.600000381469727,24.809999465942383,24.540000915527344,24.790000915527344,6606221
2025-09-11 14:30:00,24.780000686645508,24.799999237060547,24.700000762939453,24.774999618530273,5238925
2025-09-11 15:30:00,24.774999618530273,24.84000015258789,24.75,24.760000228881836,4920383
2025-09-11 16:30:00,24.766799926757812,24.79990005493164,24.700000762939453,24.719999313354492,2993013
2025-09-11 17:30:00,24.725000381469727,24.799999237060547,24.690000534057617,24.774999618530273,4262285
2025-09-11 18:30:00,24.774999618530273,24.827999114990234,24.764999389648438,24.813844680786133,4151502
2025-09-11 19:30:00,24.815000534057617,24.860000610351562,24.809999465942383,24.850000381469727,4337521
2025-09-12 13:30:00,24.809999465942383,24.84000015258789,24.565000534057617,24.655000686645508,9883828
2025-09-12 14:30:00,24.649999618530273,24.695499420166016,24.469999313354492,24.479999542236328,5808157
2025-09-12 15:30:00,24.485000610351562,24.489999771118164,23.969999313354492,24.065000534057617,21940427
2025-09-12 16:30:00,24.065000534057617,24.239999771118164,24.059999465942383,24.11590003967285,7858668
2025-09-12 17:30:00,24.114999771118164,24.1299991607666,23.93000030517578,23.95009994506836,8221727
2025-09-12 18:30:00,23.950000762939453,24.030000686645508,23.90999984741211,23.924999237060547,7676494
2025-09-12 19:30:00,23.93000030517578,24.009899139404297,23.84000015258789,23.88990020751953,12796133
2025-09-15 13:30:00,23.989999771118164,24.1200008392334,23.885000228881836,23.920000076293945,13265456
2025-09-15 14:30:00,23.93000030517578,23.969900131225586,23.719999313354492,23.73590087890625,7711296
2025-09-15 15:30:00,23.729999542236328,23.829999923706055,23.68000030517578,23.7549991607666,6241344
2025-09-15 16:30:00,23.7549991607666,23.84000015258789,23.75,23.834999084472656,3834216
2025-09-15 17:30:00,23.834999084472656,23.93000030517578,23.809999465942383,23.890100479125977,4725061
2025-09-15 18:30:00,23.895000457763672,23.989999771118164,23.8700008392334,23.94499969482422,4790212
2025-09-15 19:30:00,23.940000534057617,24.010000228881836,23.940000534057617,23.975000381469727,6629251
2025-09-16 13:30:00,23.959999084472656,24.219999313354492,23.920000076293945,24.079999923706055,8438381
2025-09-16 14:30:00,24.075000762939453,24.084999084472656,23.969999313354492,23.979900360107422,5368096
2025-09-16 15:30:00,23.975000381469727,24.030000686645508,23.93000030517578,23.989999771118164,6002455
2025-09-16 16:30:00,23.989999771118164,24.0,23.8799991607666,23.930999755859375,6118039
2025-09-16 17:30:00,23.934999465942383,23.959999084472656,23.8700008392334,23.918899536132812,4166940
2025-09-16 18:30:00,23.915000915527344,24.0,23.889999389648438,23.915000915527344,6193893
2025-09-16 19:30:00,23.915000915527344,23.940000534057617,23.8700008392334,23.8700008392334,7212343
2025-09-17 13:30:00,23.979999542236328,24.3700008392334,23.899999618530273,24.334999084472656,7647374
2025-09-17 14:30:00,24.334999084472656,24.389999389648438,24.139999389648438,24.325000762939453,10131658
2025-09-17 15:30:00,24.31999969482422,24.344999313354492,24.170000076293945,24.174999237060547,5542888
2025-09-17 16:30:00,24.170000076293945,24.190000534057617,24.09000015258789,24.1299991607666,3746964
2025-09-17 17:30:00,24.135000228881836,24.290000915527344,24.100000381469727,24.186599731445312,6462407
2025-09-17 18:30:00,24.185300827026367,24.190000534057617,24.0,24.031600952148438,4595903
2025-09-17 19:30:00,24.03499984741211,24.06999969482422,24.0,24.040000915527344,4001109
2025-09-18 13:30:00,24.049999237060547,24.149999618530273,23.954999923706055,24.13010025024414,6281642
2025-09-18 14:30:00,24.135000228881836,24.149999618530273,24.020000457763672,24.07990074157715,4796105
2025-09-18 15:30:00,24.079999923706055,24.139999389648438,24.049999237060547,24.135000228881836,3951377
2025-09-18 16:30:00,24.135000228881836,24.190000534057617,24.1299991607666,24.18000030517578,2449204
2025-09-18 17:30:00,24.174999237060547,24.219999313354492,24.149999618530273,24.21380043029785,3428600
2025-09-18 18:30:00,24.219999313354492,24.239999771118164,24.1200008392334,24.125,4872323
2025-09-18 19:30:00,24.1200008392334,24.15999984741211,24.100000381469727,24.139999389648438,3872182
2025-09-19 13:30:00,24.25,24.25,24.100000381469727,24.125,10949003
2025-09-19 14:30:00,24.125,24.139999389648438,23.81999969482422,23.834999084472656,8846655
2025-09-19 15:30:00,23.829999923706055,23.979999542236328,23.815000534057617,23.924999237060547,10120734
2025-09-19 16:30:00,23.924999237060547,23.969999313354492,23.8799991607666,23.93000030517578,5688396
2025-09-19 17:30:00,23.924999237060547,23.950000762939453,23.8799991607666,23.94499969482422,7069881
2025-09-19 18:30:00,23.94300079345703,24.059999465942383,23.90999984741211,24.04439926147461,8264463
2025-09-19 19:30:00,24.045000076293945,24.1299991607666,24.0,24.030000686645508,10557309
2025-09-22 13:30:00,24.280000686645508,24.799999237060547,24.229999542236328,24.6299991607666,24663581
2025-09-22 14:30:00,24.635000228881836,24.68000030517578,24.5,24.55500030517578,8237792
2025-09-22 15:30:00,24.549999237060547,24.59000015258789,24.350000381469727,24.354999542236328,6540283
2025-09-22 16:30:00,24.354999542236328,24.36750030517578,24.200000762939453,24.21500015258789,5707213
2025-09-22 17:30:00,24.21500015258789,24.22559928894043,24.1200008392334,24.170000076293945,5249478
2025-09-22 18:30:00,24.170000076293945,24.190000534057617,24.079999923706055,24.125,5886230
2025-09-22 19:30:00,24.126399993896484,24.139999389648438,24.030000686645508,24.049999237060547,5735338
2025-09-23 13:30:00,24.125,24.219999313354492,24.049999237060547,24.162500381469727,7041855
2025-09-23 14:30:00,24.15999984741211,24.360000610351562,24.1299991607666,24.334999084472656,6020315
2025-09-23 15:30:00,24.334999084472656,24.350000381469727,24.219999313354492,24.256200790405273,4755578
2025-09-23 16:30:00,24.2549991607666,24.270000457763672,24.190000534057617,24.204999923706055,3486403
2025-09-23 17:30:00,24.200000762939453,24.25,24.145000457763672,24.149900436401367,2997379
2025-09-23 18:30:00,24.143999099731445,24.219999313354492,24.079999923706055,24.094999313354492,4921554
2025-09-23 19:30:00,24.09000015258789,24.139999389648438,24.059999465942383,24.139999389648438,5124046
2025-09-24 13:30:00,24.125,24.18000030517578,24.030000686645508,24.115100860595703,6961794
2025-09-24 14:30:00,24.114999771118164,24.170000076293945,24.059999465942383,24.110000610351562,4704964
2025-09-24 15:30:00,24.100000381469727,24.15999984741211,24.079999923706055,24.081199645996094,3746023
2025-09-24 16:30:00,24.084999084472656,24.1299991607666,24.079999923706055,24.114999771118164,2495466
2025-09-24 17:30:00,24.114999771118164,24.1299991607666,23.979999542236328,24.0,4744036
2025-09-24 18:30:00,24.000099182128906,24.059900283813477,23.979999542236328,23.9950008392334,3959881
2025-09-24 19:30:00,23.9950008392334,24.09000015258789,23.979999542236328,24.07390022277832,6378484
2025-09-25 13:30:00,24.09000015258789,24.145000457763672,23.844999313354492,23.854999542236328,11538012
2025-09-25 14:30:00,23.850000381469727,23.859899520874023,23.700000762939453,23.709999084472656,10413600
2025-09-25 15:30:00,23.71489906311035,23.770000457763672,23.670000076293945,23.7549991607666,5588652
2025-09-25 16:30:00,23.7549991607666,23.81999969482422,23.739999771118164,23.75,6065148
2025-09-25 17:30:00,23.75,23.760000228881836,23.649999618530273,23.655000686645508,5429165
2025-09-25 18:30:00,23.652000427246094,23.709999084472656,23.6200008392334,23.674999237060547,4641051
2025-09-25 19:30:00,23.674999237060547,23.690000534057617,23.584999084472656,23.604999542236328,8508400
2025-09-26 13:30:00,23.729999542236328,23.809999465942383,23.610000610351562,23.674999237060547,6673088
2025-09-26 14:30:00,23.670000076293945,23.690000534057617,23.6299991607666,23.665000915527344,3668717
2025-09-26 15:30:00,23.670000076293945,23.69499969482422,23.6200008392334,23.67729949951172,4278192
2025-09-26 16:30:00,23.67009925842285,23.739999771118164,23.65999984741211,23.68000030517578,3622366
2025-09-26 17:30:00,23.68000030517578,23.719999313354492,23.65999984741211,23.709699630737305,2592536
2025-09-26 18:30:00,23.709999084472656,23.790000915527344,23.69499969482422,23.739999771118164,3371922
2025-09-26 19:30:00,23.735000610351562,23.760000228881836,23.709999084472656,23.760000228881836,4645294
2025-09-29 13:30:00,23.790000915527344,23.860000610351562,23.639999389648438,23.78820037841797,12072945
2025-09-29 14:30:00,23.78499984741211,23.829999923706055,23.760000228881836,23.764999389648438,4026260
2025-09-29 15:30:00,23.764999389648438,23.84000015258789,23.739999771118164,23.80500030517578,3765408
2025-09-29 16:30:00,23.809900283813477,23.81999969482422,23.709999084472656,23.729999542236328,2657506
2025-09-29 17:30:00,23.729999542236328,23.84000015258789,23.719999313354492,23.833799362182617,3494752
2025-09-29 18:30:00,23.834999084472656,23.860000610351562,23.780000686645508,23.795000076293945,3506218
2025-09-29 19:30:00,23.795700073242188,23.850000381469727,23.770000457763672,23.850000381469727,4335771
2025-09-30 13:30:00,23.875,24.860000610351562,23.809999465942383,24.854700088500977,35442211
2025-09-30 14:30:00,24.854999542236328,24.940000534057617,24.299999237060547,24.565000534057617,23424785
2025-09-30 15:30:00,24.559999465942383,25.040000915527344,24.5,24.934999465942383,22031853
2025-09-30 16:30:00,24.934999465942383,25.190000534057617,24.860000610351562,25.094999313354492,18638631
2025-09-30 17:30:00,25.094999313354492,25.40999984741211,24.989999771118164,25.3700008392334,20232367
2025-09-30 18:30:00,25.364999771118164,25.559999465942383,25.229999542236328,25.530000686645508,16423375
2025-09-30 19:30:00,25.530000686645508,25.6299991607666,25.420000076293945,25.479999542236328,17228206
2025-10-01 13:30:00,25.75,26.520000457763672,25.579999923706055,26.514999389648438,38803817
2025-10-01 14:30:00,26.514999389648438,27.100000381469727,26.399999618530273,26.976900100708008,24249489
2025-10-01 15:30:00,26.975000381469727,27.024999618530273,26.844999313354492,26.969999313354492,15012800
2025-10-01 16:30:00,26.96500015258789,27.270000457763672,26.96190071105957,27.155000686645508,15938890
2025-10-01 17:30:00,27.155000686645508,27.450000762939453,27.149999618530273,27.405000686645508,17282379
2025-10-01 18:30:00,27.405000686645508,27.40999984741211,27.25,27.28499984741211,13103744
2025-10-01 19:30:00,27.28499984741211,27.43000030517578,27.059999465942383,27.225000381469727,15288190
2025-10-02 13:30:00,26.93000030517578,27.170000076293945,26.6200008392334,26.885000228881836,24673111
2025-10-02 14:30:00,26.885000228881836,26.954999923706055,26.6299991607666,26.71500015258789,11320010
2025-10-02 15:30:00,26.71500015258789,26.959999084472656,26.7106990814209,26.895000457763672,6361403
2025-10-02 16:30:00,26.899999618530273,26.989999771118164,26.81999969482422,26.854999542236328,4364898
2025-10-02 17:30:00,26.854999542236328,27.058799743652344,26.850000381469727,27.0049991607666,5734693
2025-10-02 18:30:00,27.0049991607666,27.049999237060547,26.940000534057617,26.986000061035156,5737125
2025-10-02 19:30:00,26.989999771118164,27.100000381469727,26.959999084472656,27.09000015258789,6850965
2025-10-03 13:30:00,27.200000762939453,27.649999618530273,27.03499984741211,27.601200103759766,17105162
2025-10-03 14:30:00,27.60449981689453,27.690000534057617,27.229999542236328,27.274999618530273,11427673
2025-10-03 15:30:00,27.274999618530273,27.350000381469727,27.200000762939453,27.209999084472656,5344136
2025-10-03 16:30:00,27.209999084472656,27.6200008392334,27.204999923706055,27.614999771118164,8367231
2025-10-03 17:30:00,27.6200008392334,27.63990020751953,27.3700008392334,27.469900131225586,6945973
2025-10-03 18:30:00,27.46500015258789,27.600000381469727,27.440000534057617,27.469999313354492,6605423
2025-10-03 19:30:00,27.469999313354492,27.540000915527344,27.31999969482422,27.364999771118164,7286903
2025-10-06 13:30:00,27.270000457763672,27.360000610351562,26.790000915527344,27.0,15202082
2025-10-06 14:30:00,26.99250030517578,27.049999237060547,26.895000457763672,26.94499969482422,6216309
2025-10-06 15:30:00,26.940099716186523,27.079999923706055,26.90999984741211,27.040000915527344,4781866
2025-10-06 16:30:00,27.040000915527344,27.059999465942383,26.889999389648438,26.905000686645508,3886798
2025-10-06 17:30:00,26.899999618530273,26.920000076293945,26.690000534057617,26.780000686645508,9845479
2025-10-06 18:30:00,26.774999618530273,26.81999969482422,26.540000915527344,26.579999923706055,6730467
2025-10-06 19:30:00,26.579999923706055,26.58989906311035,26.391347885131836,26.440000534057617,10498922
2025-10-07 13:30:00,26.420000076293945,26.579999923706055,26.049999237060547,26.249900817871094,12683696
2025-10-07 14:30:00,26.239999771118164,26.459999084472656,26.145000457763672,26.440099716186523,6268010
2025-10-07 15:30:00,26.450000762939453,26.520000457763672,26.3799991607666,26.46929931640625,4344523
2025-10-07 16:30:00,26.46500015258789,26.5,26.389999389648438,26.409900665283203,4222947
2025-10-07 17:30:00,26.409700393676758,26.420000076293945,26.190000534057617,26.225000381469727,4835751
2025-10-07 18:30:00,26.22369956970215,26.31999969482422,26.219999313354492,26.235000610351562,4302584
2025-10-07 19:30:00,26.235000610351562,26.295000076293945,26.18000030517578,26.264999389648438,4991678
2025-10-08 13:30:00,26.420000076293945,26.5,26.1299991607666,26.155000686645508,6782639
2025-10-08 14:30:00,26.149999618530273,26.246200561523438,25.920000076293945,25.920000076293945,5860192
2025-10-08 15:30:00,25.924999237060547,26.010000228881836,25.829999923706055,25.9143009185791,7438303
2025-10-08 16:30:00,25.920000076293945,26.079999923706055,25.899999618530273,26.014999389648438,4152752
2025-10-08 17:30:00,26.014999389648438,26.024999618530273,25.809999465942383,25.825000762939453,4483928
2025-10-08 18:30:00,25.825000762939453,25.850000381469727,25.709999084472656,25.735000610351562,6359295
2025-10-08 19:30:00,25.739999771118164,25.739999771118164,25.6299991607666,25.68000030517578,7768560
2025-10-09 13:30:00,25.780000686645508,25.899999618530273,25.389999389648438,25.390100479125977,9377069
2025-10-09 14:30:00,25.389999389648438,25.420000076293945,25.260000228881836,25.295000076293945,7352713
2025-10-09 15:30:00,25.290000915527344,25.405000686645508,25.2549991607666,25.344999313354492,5464605
2025-10-09 16:30:00,25.350000381469727,25.469999313354492,25.34000015258789,25.395000457763672,3961969
2025-10-09 17:30:00,25.395000457763672,25.450000762939453,25.280000686645508,25.309999465942383,3039318
2025-10-09 18:30:00,25.315000534057617,25.329999923706055,25.209999084472656,25.219999313354492,4975414
2025-10-09 19:30:00,25.22010040283203,25.280000686645508,25.209999084472656,25.235000610351562,6827389
2025-10-10 13:30:00,25.260000228881836,25.420000076293945,25.049999237060547,25.135000228881836,13034522
2025-10-10 14:30:00,25.13520050048828,25.239999771118164,24.979999542236328,25.010000228881836,7611689
2025-10-10 15:30:00,25.0049991607666,25.110000610351562,24.950000762939453,25.034000396728516,6463724
2025-10-10 16:30:00,25.030000686645508,25.100000381469727,24.8700008392334,24.916000366210938,6600707
2025-10-10 17:30:00,24.915000915527344,24.936500549316406,24.84000015258789,24.854999542236328,4545336
2025-10-10 18:30:00,24.850000381469727,24.860000610351562,24.6200008392334,24.69499969482422,9946173
2025-10-10 19:30:00,24.700000762939453,24.81999969482422,24.68000030517578,24.790000915527344,7994737
2025-10-13 13:30:00,24.84000015258789,24.950000762939453,24.610000610351562,24.674999237060547,9771639
2025-10-13 14:30:00,24.670000076293945,24.90999984741211,24.66349983215332,24.90999984741211,6488381
2025-10-13 15:30:00,24.904199600219727,24.920000076293945,24.760000228881836,24.850000381469727,8899426
2025-10-13 16:30:00,24.849300384521484,24.8799991607666,24.799999237060547,24.815000534057617,3040677
2025-10-13 17:30:00,24.815000534057617,24.8700008392334,24.7549991607666,24.844999313354492,3475099
2025-10-13 18:30:00,24.844999313354492,24.8700008392334,24.684999465942383,24.764999389648438,4484940
2025-10-13 19:30:00,24.760000228881836,24.764999389648438,24.68000030517578,24.704999923706055,4867365
2025-10-14 13:30:00,24.649999618530273,24.790000915527344,24.510000228881836,24.624399185180664,9294871
2025-10-14 14:30:00,24.625,24.760000228881836,24.590099334716797,24.594999313354492,6147379
2025-10-14 15:30:00,24.594999313354492,24.670000076293945,24.559999465942383,24.600000381469727,4330367
2025-10-14 16:30:00,24.604999542236328,24.719999313354492,24.575000762939453,24.69499969482422,4417367
2025-10-14 17:30:00,24.69499969482422,24.719900131225586,24.6299991607666,24.64900016784668,3322544
2025-10-14 18:30:00,24.645000457763672,24.670000076293945,24.559999465942383,24.575000762939453,4509307
2025-10-14 19:30:00,24.575000762939453,24.594999313354492,24.479999542236328,24.520000457763672,6843068
2025-10-15 13:30:00,24.489999771118164,24.579999923706055,24.350000381469727,24.46500015258789,10168950
2025-10-15 14:30:00,24.469900131225586,24.520000457763672,24.3799991607666,24.385000228881836,5414783
2025-10-15 15:30:00,24.385000228881836,24.479999542236328,24.360000610351562,24.434999465942383,4723100
2025-10-15 16:30:00,24.434999465942383,24.440000534057617,24.209999084472656,24.2450008392334,10148567
2025-10-15 17:30:00,24.24169921875,24.385099411010742,24.229999542236328,24.3700008392334,4165264
2025-10-15 18:30:00,24.375,24.469999313354492,24.34000015258789,24.424999237060547,4442059
2025-10-15 19:30:00,24.420000076293945,24.43000030517578,24.34000015258789,24.399999618530273,5021413
2025-10-16 13:30:00,24.440000534057617,24.604999542236328,24.329999923706055,24.53499984741211,8900612
2025-10-16 14:30:00,24.540000915527344,24.545000076293945,24.40999984741211,24.460100173950195,4929006
2025-10-16 15:30:00,24.46500015258789,24.469999313354492,24.350000381469727,24.36989974975586,4658442
2025-10-16 16:30:00,24.364999771118164,24.399999618530273,24.280000686645508,24.395000457763672,4399578
2025-10-16 17:30:00,24.399999618530273,24.440000534057617,24.299999237060547,24.334999084472656,4098011
2025-10-16 18:30:00,24.334999084472656,24.389999389648438,24.239999771118164,24.2450008392334,5480326
2025-10-16 19:30:00,24.2450008392334,24.270000457763672,24.209999084472656,24.229999542236328,4767868
2025-10-17 13:30:00,24.200000762939453,24.450000762939453,24.15999984741211,24.235000610351562,10179099
2025-10-17 14:30:00,24.235000610351562,24.3257999420166,24.200000762939453,24.309999465942383,4403145
2025-10-17 15:30:00,24.304800033569336,24.420000076293945,24.295000076293945,24.375,4539768
2025-10-17 16:30:00,24.37299919128418,24.399999618530273,24.290000915527344,24.31999969482422,3230205
2025-10-17 17:30:00,24.315000534057617,24.425500869750977,24.309999465942383,24.409900665283203,4169392
2025-10-17 18:30:00,24.405000686645508,24.530000686645508,24.399999618530273,24.520000457763672,4234597
2025-10-17 19:30:00,24.514999389648438,24.520000457763672,24.469999313354492,24.519899368286133,4085156
2025-10-20 13:30:00,24.56999969482422,24.719999313354492,24.510000228881836,24.690000534057617,8327355
2025-10-20 14:30:00,24.68000030517578,24.719999313354492,24.559999465942383,24.60849952697754,4981322
2025-10-20 15:30:00,24.610000610351562,24.68000030517578,24.549999237060547,24.665000915527344,4848529
2025-10-20 16:30:00,24.665000915527344,24.729999542236328,24.6200008392334,24.670000076293945,3681029
2025-10-20 17:30:00,24.67099952697754,24.700000762939453,24.59000015258789,24.59510040283203,3289282
2025-10-20 18:30:00,24.594999313354492,24.649999618530273,24.579999923706055,24.635000228881836,3348076
2025-10-20 19:30:00,24.635799407958984,24.690000534057617,24.610000610351562,24.690000534057617,3625766
2025-10-21 13:30:00,24.719999313354492,24.819900512695312,24.600000381469727,24.740100860595703,10108271
2025-10-21 14:30:00,24.74180030822754,24.809999465942383,24.729999542236328,24.78499984741211,3281021
2025-10-21 15:30:00,24.78580093383789,24.809999465942383,24.729999542236328,24.774999618530273,3673744
2025-10-21 16:30:00,24.779699325561523,24.959999084472656,24.774200439453125,24.875,7089723
2025-10-21 17:30:00,24.8799991607666,24.899999618530273,24.790000915527344,24.81999969482422,3169354
2025-10-21 18:30:00,24.815000534057617,24.8799991607666,24.75,24.750099182128906,4098111
2025-10-21 19:30:00,24.7549991607666,24.889999389648438,24.75,24.829999923706055,4496303
2025-10-22 13:30:00,24.790000915527344,24.8700008392334,24.700000762939453,24.864999771118164,7399264
2025-10-22 14:30:00,24.860000610351562,24.93000030517578,24.770000457763672,24.860000610351562,6120313
2025-10-22 15:30:00,24.864999771118164,24.93000030517578,24.829999923706055,24.834999084472656,5901190
2025-10-22 16:30:00,24.831300735473633,24.857200622558594,24.670000076293945,24.690000534057617,7517744
2025-10-22 17:30:00,24.684999465942383,24.75,24.649999618530273,24.735000610351562,5126878
2025-10-22 18:30:00,24.73710060119629,24.739999771118164,24.6200008392334,24.645000457763672,5705384
2025-10-22 19:30:00,24.645000457763672,24.78499984741211,24.639999389648438,24.735000610351562,5076912
2025-10-23 13:30:00,24.760000228881836,24.780000686645508,24.56439971923828,24.59000015258789,7503771
2025-10-23 14:30:00,24.594999313354492,24.6299991607666,24.510000228881836,24.629899978637695,4793999
2025-10-23 15:30:00,24.6200008392334,24.670000076293945,24.600000381469727,24.649999618530273,4240220
2025-10-23 16:30:00,24.645000457763672,24.690000534057617,24.610000610351562,24.645000457763672,2933045
2025-10-23 17:30:00,24.645000457763672,24.670000076293945,24.610000610351562,24.614999771118164,2730690
2025-10-23 18:30:00,24.614999771118164,24.68000030517578,24.610000610351562,24.639999389648438,2703524
2025-10-23 19:30:00,24.6299991607666,24.700000762939453,24.579999923706055,24.684999465942383,4501387
2025-10-24 13:30:00,24.69499969482422,24.82900047302246,24.68000030517578,24.700000762939453,6300681
2025-10-24 14:30:00,24.69499969482422,24.790000915527344,24.68000030517578,24.78580093383789,5183510
2025-10-24 15:30:00,24.7898006439209,24.81999969482422,24.75,24.7549991607666,2988286
2025-10-24 16:30:00,24.7549991607666,24.770000457763672,24.709999084472656,24.764999389648438,2144542
2025-10-24 17:30:00,24.764699935913086,24.770000457763672,24.719999313354492,24.729999542236328,1864832
2025-10-24 18:30:00,24.735000610351562,24.770000457763672,24.729999542236328,24.759899139404297,2356022
2025-10-24 19:30:00,24.7549991607666,24.819799423217773,24.719999313354492,24.774999618530273,2964494
2025-10-27 13:30:00,24.739999771118164,24.795000076293945,24.649999618530273,24.7450008392334,7758228
2025-10-27 14:30:00,24.75,24.756500244140625,24.6299991607666,24.740100860595703,4557781
2025-10-27 15:30:00,24.741600036621094,24.770000457763672,24.674999237060547,24.704999923706055,3421055
2025-10-27 16:30:00,24.704999923706055,24.719999313354492,24.68000030517578,24.71500015258789,2478182
2025-10-27 17:30:00,24.71500015258789,24.739999771118164,24.709999084472656,24.725000381469727,1575250
2025-10-27 18:30:00,24.729999542236328,24.760000228881836,24.670000076293945,24.674999237060547,3086229
2025-10-27 19:30:00,24.674999237060547,24.770000457763672,24.670000076293945,24.75,3338553
2025-10-28 13:30:00,24.780000686645508,24.780000686645508,24.520000457763672,24.59000015258789,7340947
2025-10-28 14:30:00,24.584999084472656,24.68000030517578,24.56999969482422,24.579999923706055,7785281
2025-10-28 15:30:00,24.56999969482422,24.599899291992188,24.510000228881836,24.549999237060547,5914730
2025-10-28 16:30:00,24.54509925842285,24.639999389648438,24.540000915527344,24.545000076293945,4975503
2025-10-28 17:30:00,24.545000076293945,24.54990005493164,24.479999542236328,24.510000228881836,5217692
2025-10-28 18:30:00,24.5049991607666,24.520000457763672,24.420000076293945,24.459999084472656,5838661
2025-10-28 19:30:00,24.459999084472656,24.540000915527344,24.3799991607666,24.524999618530273,6326362
2025-10-29 13:30:00,24.530000686645508,24.6200008392334,24.459999084472656,24.530000686645508,8696638
2025-10-29 14:30:00,24.53499984741211,24.540000915527344,24.389999389648438,24.415000915527344,6574436
2025-10-29 15:30:00,24.420000076293945,24.579999923706055,24.360000610351562,24.575000762939453,9876789
2025-10-29 16:30:00,24.57990074157715,24.625,24.479999542236328,24.524999618530273,7555966
2025-10-29 17:30:00,24.524999618530273,24.600000381469727,24.450000762939453,24.475000381469727,9642970
2025-10-29 18:30:00,24.475000381469727,24.5,24.280000686645508,24.30500030517578,9894870
2025-10-29 19:30:00,24.30500030517578,24.350000381469727,24.229999542236328,24.30500030517578,8390387
2025-10-30 13:30:00,24.309999465942383,24.440000534057617,24.170000076293945,24.177600860595703,11293301
2025-10-30 14:30:00,24.174999237060547,24.549999237060547,24.149999618530273,24.450000762939453,16698374
2025-10-30 15:30:00,24.456499099731445,24.700000762939453,24.399999618530273,24.57990074157715,24927153
2025-10-30 16:30:00,24.56999969482422,24.575000762939453,24.364999771118164,24.475000381469727,20578576
2025-10-30 17:30:00,24.47410011291504,24.489999771118164,24.31999969482422,24.345500946044922,24332407
2025-10-30 18:30:00,24.344999313354492,24.450000762939453,24.280000686645508,24.420000076293945,37106297
2025-10-30 19:30:00,24.420000076293945,24.450000762939453,24.260000228881836,24.309999465942383,17558943
2025-10-31 13:30:00,24.280000686645508,24.674999237060547,24.15999984741211,24.464099884033203,12488274
2025-10-31 14:30:00,24.46500015258789,24.53860092163086,24.350000381469727,24.514999389648438,13782940
2025-10-31 15:30:00,24.514999389648438,24.6200008392334,24.440099716186523,24.565000534057617,23285438
2025-10-31 16:30:00,24.56999969482422,24.604999542236328,24.5,24.584999084472656,21836246
2025-10-31 17:30:00,24.584999084472656,24.670000076293945,24.489999771118164,24.520000457763672,15938232
2025-10-31 18:30:00,24.518199920654297,24.65999984741211,24.510000228881836,24.610000610351562,23278388
2025-10-31 19:30:00,24.610200881958008,24.729999542236328,24.610000610351562,24.649999618530273,15359872
2025-11-03 14:30:00,24.59000015258789,24.690000534057617,24.405000686645508,24.510000228881836,18954867
2025-11-03 15:30:00,24.5137996673584,24.649999618530273,24.40999984741211,24.440000534057617,16774851
2025-11-03 16:30:00,24.434999465942383,24.6299991607666,24.420000076293945,24.59000015258789,20043949
2025-11-03 17:30:00,24.584999084472656,24.670000076293945,24.5049991607666,24.524999618530273,11552178
2025-11-03 18:30:00,24.524099349975586,24.690000534057617,24.502500534057617,24.665000915527344,16464490
2025-11-03 19:30:00,24.66510009765625,24.739999771118164,24.63249969482422,24.703500747680664,23799418
2025-11-03 20:30:00,24.704999923706055,24.75,24.635000228881836,24.684999465942383,22016525
2025-11-04 14:30:00,24.389999389648438,25.200000762939453,24.309999465942383,24.986099243164062,43287982
2025-11-04 15:30:00,24.979999542236328,24.979999542236328,24.3700008392334,24.484500885009766,20617461
2025-11-04 16:30:00,24.485000610351562,24.790000915527344,24.44499969482422,24.68239974975586,24955478
2025-11-04 17:30:00,24.684999465942383,24.790000915527344,24.299999237060547,24.325000762939453,21514032
2025-11-04 18:30:00,24.329299926757812,24.350000381469727,24.200000762939453,24.270000457763672,13614075
2025-11-04 19:30:00,24.274999618530273,24.350000381469727,24.239999771118164,24.30500030517578,18000429
2025-11-04 20:30:00,24.309999465942383,24.399999618530273,24.274999618530273,24.315000534057617,15646325
2025-11-05 14:30:00,24.3799991607666,24.520000457763672,24.209999084472656,24.424999237060547,16573652
2025-11-05 15:30:00,24.424999237060547,24.549999237060547,24.15999984741211,24.190000534057617,14783196
2025-11-05 16:30:00,24.190000534057617,24.40999984741211,24.190000534057617,24.405000686645508,13724921
2025-11-05 17:30:00,24.409299850463867,24.540000915527344,24.399999618530273,24.518600463867188,8121423
2025-11-05 18:30:00,24.51449966430664,24.56999969482422,24.360000610351562,24.545000076293945,15972463
2025-11-05 19:30:00,24.545000076293945,24.6299991607666,24.524999618530273,24.579999923706055,13496958
2025-11-05 20:30:00,24.584999084472656,24.670000076293945,24.559999465942383,24.6299991607666,14152333
2025-11-06 14:30:00,24.75,24.875,24.54319953918457,24.700000762939453,15439725
2025-11-06 15:30:00,24.700000762939453,24.989999771118164,24.639999389648438,24.940000534057617,17563838
2025-11-06 16:30:00,24.934999465942383,25.1299991607666,24.850000381469727,24.96380043029785,18548636
2025-11-06 17:30:00,24.96500015258789,24.989999771118164,24.700000762939453,24.715499877929688,12042339
2025-11-06 18:30:00,24.71500015258789,24.920000076293945,24.709999084472656,24.824199676513672,15115531
2025-11-06 19:30:00,24.825000762939453,24.934999465942383,24.760000228881836,24.914100646972656,16786791
2025-11-06 20:30:00,24.90999984741211,24.959999084472656,24.850000381469727,24.885000228881836,16191734
2025-11-07 14:30:00,24.329999923706055,24.6299991607666,24.280000686645508,24.42930030822754,12942741
2025-11-07 15:30:00,24.424999237060547,24.459999084472656,24.219999313354492,24.354400634765625,12120331
2025-11-07 16:30:00,24.354999542236328,24.459999084472656,24.219999313354492,24.2450008392334,14882054
2025-11-07 17:30:00,24.239999771118164,24.25,24.11090087890625,24.1658992767334,16130697
2025-11-07 18:30:00,24.165000915527344,24.360000610351562,24.149999618530273,24.344999313354492,12549530
2025-11-07 19:30:00,24.344999313354492,24.450000762939453,24.34000015258789,24.405000686645508,25570932
2025-11-07 20:30:00,24.40999984741211,24.459999084472656,24.309999465942383,24.434999465942383,17713912
2025-11-10 14:30:00,24.65999984741211,24.885000228881836,24.299999237060547,24.321800231933594,22863469
2025-11-10 15:30:00,24.329999923706055,24.329999923706055,24.040000915527344,24.06999969482422,26227615
2025-11-10 16:30:00,24.06999969482422,24.079999923706055,23.90999984741211,24.030000686645508,20320284
2025-11-10 17:30:00,24.03499984741211,24.290000915527344,24.014999389648438,24.274999618530273,12192644
2025-11-10 18:30:00,24.274999618530273,24.350000381469727,24.229999542236328,24.266586303710938,13361405
2025-11-10 19:30:00,24.270000457763672,24.440000534057617,24.25,24.360000610351562,24233112
2025-11-10 20:30:00,24.364999771118164,24.440000534057617,24.334999084472656,24.389999389648438,16201103
2025-11-11 14:30:00,24.489999771118164,24.799999237060547,24.44379997253418,24.684999465942383,14780890
2025-11-11 15:30:00,24.684999465942383,24.850000381469727,24.684799194335938,24.78499984741211,20418235
2025-11-11 16:30:00,24.780000686645508,25.049999237060547,24.770000457763672,25.03499984741211,25737246
2025-11-11 17:30:00,25.03499984741211,25.200000762939453,24.989999771118164,25.1742000579834,17150426
2025-11-11 18:30:00,25.18000030517578,25.34000015258789,25.09000015258789,25.333499908447266,18056393
2025-11-11 19:30:00,25.334999084472656,25.420000076293945,25.299999237060547,25.385499954223633,19322334
2025-11-11 20:30:00,25.389999389648438,25.510000228881836,25.364999771118164,25.510000228881836,16314664
2025-11-12 14:30:00,25.395000457763672,25.614999771118164,25.25,25.4950008392334,16135899
2025-11-12 15:30:00,25.494199752807617,25.729999542236328,25.400999069213867,25.69499969482422,12968575
2025-11-12 16:30:00,25.69499969482422,25.94499969482422,25.684999465942383,25.825000762939453,12704763
2025-11-12 17:30:00,25.825000762939453,25.940000534057617,25.810100555419922,25.875,9049826
2025-11-12 18:30:00,25.875,25.94499969482422,25.75,25.78499984741211,10505469
2025-11-12 19:30:00,25.78499984741211,25.81999969482422,25.729999542236328,25.75,13826113
2025-11-12 20:30:00,25.7549991607666,25.8799991607666,25.740100860595703,25.875,13404894
2025-11-13 14:30:00,25.940000534057617,26.475000381469727,25.770200729370117,26.204999923706055,17531916
2025-11-13 15:30:00,26.204999923706055,26.280000686645508,26.079999923706055,26.135000228881836,12880692
2025-11-13 16:30:00,26.135000228881836,26.287399291992188,26.079999923706055,26.200000762939453,9351119
2025-11-13 17:30:00,26.19499969482422,26.20549964904785,25.8799991607666,25.8799991607666,12489808
2025-11-13 18:30:00,25.885000228881836,25.989999771118164,25.809999465942383,25.864999771118164,11912357
2025-11-13 19:30:00,25.864999771118164,25.889999389648438,25.670000076293945,25.80500030517578,25130350
2025-11-13 20:30:00,25.80500030517578,25.809999465942383,25.700000762939453,25.80500030517578,19037886
2025-11-14 14:30:00,25.670000076293945,25.770000457763672,24.969999313354492,25.114999771118164,17349250
2025-11-14 15:30:00,25.11989974975586,25.21500015258789,25.041000366210938,25.209999084472656,8315055
2025-11-14 16:30:00,25.20669937133789,25.5,25.18000030517578,25.440799713134766,12911645
2025-11-14 17:30:00,25.44499969482422,25.549999237060547,25.200000762939453,25.23509979248047,9359465
2025-11-14 18:30:00,25.235000610351562,25.260000228881836,25.030000686645508,25.079999923706055,12855182
2025-11-14 19:30:00,25.085599899291992,25.239999771118164,25.040000915527344,25.145000457763672,17653630
2025-11-14 20:30:00,25.145000457763672,25.229999542236328,25.049999237060547,25.084999084472656,13384517
2025-11-17 14:30:00,25.110000610351562,25.5,24.950000762939453,25.454999923706055,18667082
2025-11-17 15:30:00,25.454999923706055,25.479999542236328,25.334999084472656,25.475000381469727,7822498
2025-11-17 16:30:00,25.475000381469727,25.559999465942383,25.462299346923828,25.549999237060547,8307521
2025-11-17 17:30:00,25.545000076293945,25.56999969482422,25.360000610351562,25.385000228881836,5510350
2025-11-17 18:30:00,25.385000228881836,25.450000762939453,25.350000381469727,25.375,5953278
2025-11-17 19:30:00,25.375,25.3799991607666,25.049999237060547,25.084999084472656,15652841
2025-11-17 20:30:00,25.084999084472656,25.15999984741211,25.040000915527344,25.065000534057617,10878576
2025-11-18 14:30:00,25.049999237060547,25.459999084472656,24.979999542236328,25.385000228881836,10440556
2025-11-18 15:30:00,25.389999389648438,25.395000457763672,25.010000228881836,25.19499969482422,7963861
2025-11-18 16:30:00,25.19339942932129,25.399999618530273,25.1299991607666,25.239999771118164,8830265
2025-11-18 17:30:00,25.235000610351562,25.450000762939453,25.200000762939453,25.420000076293945,6784046
2025-11-18 18:30:00,25.43000030517578,25.5,25.389999389648438,25.45009994506836,6736431
2025-11-18 19:30:00,25.454999923706055,25.5,25.405000686645508,25.43000030517578,8476669
2025-11-18 20:30:00,25.434999465942383,25.510000228881836,25.420000076293945,25.440000534057617,9069692
2025-11-19 14:30:00,25.350000381469727,25.5,25.174999237060547,25.235000610351562,8620393
2025-11-19 15:30:00,25.239999771118164,25.309999465942383,25.014999389648438,25.079999923706055,9069112
2025-11-19 16:30:00,25.077699661254883,25.079999923706055,24.899999618530273,25.020000457763672,6538558
2025-11-19 17:30:00,25.014999389648438,25.059999465942383,24.790000915527344,24.799999237060547,6744777
2025-11-19 18:30:00,24.795000076293945,24.989999771118164,24.719999313354492,24.75,7247126
2025-11-19 19:30:00,24.75,24.905500411987305,24.725000381469727,24.895000457763672,6956323
2025-11-19 20:30:00,24.891300201416016,25.0,24.84000015258789,24.895000457763672,10277983
2025-11-20 14:30:00,24.889999389648438,25.0,24.579999923706055,24.690500259399414,9141668
2025-11-20 15:30:00,24.694499969482422,24.709999084472656,24.600000381469727,24.635000228881836,6724717
2025-11-20 16:30:00,24.635000228881836,24.635000228881836,24.329999923706055,24.405000686645508,9709489
2025-11-20 17:30:00,24.400100708007812,24.51569938659668,24.280000686645508,24.420299530029297,5627885
2025-11-20 18:30:00,24.420000076293945,24.485000610351562,24.34000015258789,24.450000762939453,4281976
2025-11-20 19:30:00,24.454999923706055,24.515499114990234,24.399999618530273,24.46500015258789,5304426
2025-11-20 20:30:00,24.46500015258789,24.485000610351562,24.389999389648438,24.415000915527344,6609486
2025-11-21 14:30:00,24.584999084472656,25.09510040283203,24.584999084472656,25.076499938964844,16634845
2025-11-21 15:30:00,25.07509994506836,25.280000686645508,25.049999237060547,25.27560043334961,7245734
2025-11-21 16:30:00,25.280000686645508,25.520000457763672,25.25,25.469999313354492,10131996
2025-11-21 17:30:00,25.479900360107422,25.510000228881836,25.170000076293945,25.251800537109375,7690554
2025-11-21 18:30:00,25.260000228881836,25.41550064086914,25.219999313354492,25.235000610351562,7583294
2025-11-21 19:30:00,25.235000610351562,25.260000228881836,25.03499984741211,25.04010009765625,7990038
2025-11-21 20:30:00,25.040199279785156,25.110000610351562,24.975000381469727,25.040000915527344,9501855
2025-11-24 14:30:00,25.110000610351562,25.309999465942383,25.045000076293945,25.30500030517578,8212139
2025-11-24 15:30:00,25.30500030517578,25.440000534057617,25.264999389648438,25.429800033569336,6170891
2025-11-24 16:30:00,25.424999237060547,25.459999084472656,25.309999465942383,25.315000534057617,7896833
2025-11-24 17:30:00,25.315000534057617,25.450000762939453,25.281400680541992,25.420000076293945,3569933
2025-11-24 18:30:00,25.420000076293945,25.469999313354492,25.290000915527344,25.311800003051758,6626983
2025-11-24 19:30:00,25.31999969482422,25.389999389648438,25.270000457763672,25.35420036315918,6253217
2025-11-24 20:30:00,25.350000381469727,25.375,25.229999542236328,25.229999542236328,7600836
2025-11-25 14:30:00,25.3700008392334,25.969999313354492,25.360000610351562,25.655000686645508,9832350
2025-11-25 15:30:00,25.65570068359375,25.690000534057617,25.540000915527344,25.594999313354492,3416579
2025-11-25 16:30:00,25.594999313354492,25.71500015258789,25.579999923706055,25.65999984741211,4362392
2025-11-25 17:30:00,25.65999984741211,25.677600860595703,25.530000686645508,25.584999084472656,2511680
2025-11-25 18:30:00,25.584999084472656,25.649999618530273,25.579999923706055,25.625,2793409
2025-11-25 19:30:00,25.629899978637695,25.725000381469727,25.613500595092773,25.678300857543945,4384994
2025-11-25 20:30:00,25.674999237060547,25.770000457763672,25.674999237060547,25.709999084472656,6694736
2025-11-26 14:30:00,25.700000762939453,25.75,25.579999923706055,25.722400665283203,6328564
2025-11-26 15:30:00,25.729999542236328,25.80660057067871,25.65999984741211,25.742000579833984,4747287
2025-11-26 16:30:00,25.7450008392334,25.760000228881836,25.690000534057617,25.69499969482422,2832070
2025-11-26 17:30:00,25.69499969482422,25.7450008392334,25.68000030517578,25.700000762939453,2845832
2025-11-26 18:30:00,25.704999923706055,25.770000457763672,25.65999984741211,25.7450008392334,3585274
2025-11-26 19:30:00,25.739999771118164,25.770000457763672,25.709999084472656,25.7450008392334,3026175
2025-11-26 20:30:00,25.742700576782227,25.75,25.690000534057617,25.69499969482422,3544511
2025-11-28 14:30:00,25.850000381469727,25.850000381469727,25.65999984741211,25.829999923706055,5002706
2025-11-28 15:30:00,25.834999084472656,25.860000610351562,25.729999542236328,25.7549991607666,5718889
2025-11-28 16:30:00,25.750099182128906,25.770000457763672,25.684999465942383,25.71500015258789,3651684
2025-12-01 14:30:00,25.760000228881836,25.940000534057617,25.729999542236328,25.760000228881836,10412547
2025-12-01 15:30:00,25.75,25.780000686645508,25.479999542236328,25.48349952697754,6715113
2025-12-01 16:30:00,25.480100631713867,25.5,25.270000457763672,25.295000076293945,7998152
2025-12-01 17:30:00,25.295799255371094,25.360000610351562,25.290000915527344,25.338199615478516,3317990
2025-12-01 18:30:00,25.334999084472656,25.399999618530273,25.25,25.259899139404297,3508615
2025-12-01 19:30:00,25.2549991607666,25.31999969482422,25.234399795532227,25.30500030517578,5240321
2025-12-01 20:30:00,25.302000045776367,25.350000381469727,25.280000686645508,25.290000915527344,6045306
2025-12-02 14:30:00,25.315000534057617,25.315000534057617,25.06999969482422,25.139999389648438,7938752
2025-12-02 15:30:00,25.139999389648438,25.189800262451172,25.040000915527344,25.135000228881836,6325363
2025-12-02 16:30:00,25.135000228881836,25.219999313354492,25.06999969482422,25.139999389648438,4783947
2025-12-02 17:30:00,25.135000228881836,25.149999618530273,25.049999237060547,25.094999313354492,3087882
2025-12-02 18:30:00,25.09000015258789,25.209999084472656,25.05500030517578,25.199800491333008,3739592
2025-12-02 19:30:00,25.19499969482422,25.270000457763672,25.190000534057617,25.204999923706055,6414391
2025-12-02 20:30:00,25.204999923706055,25.2549991607666,25.139999389648438,25.155000686645508,5915492
2025-12-03 14:30:00,25.31999969482422,25.889999389648438,25.299999237060547,25.704999923706055,10104463
2025-12-03 15:30:00,25.70989990234375,25.725000381469727,25.510000228881836,25.645000457763672,8547197
2025-12-03 16:30:00,25.644100189208984,25.709999084472656,25.610000610351562,25.679899215698242,7854157
2025-12-03 17:30:00,25.68000030517578,25.700000762939453,25.6200008392334,25.644500732421875,3279979
2025-12-03 18:30:00,25.649999618530273,25.739999771118164,25.610000610351562,25.735000610351562,4261756
2025-12-03 19:30:00,25.735000610351562,25.75,25.670000076293945,25.674999237060547,4153129
2025-12-03 20:30:00,25.68000030517578,25.719999313354492,25.575000762939453,25.610000610351562,6564318
2025-12-04 14:30:00,25.6299991607666,25.684999465942383,25.350000381469727,25.525100708007812,4661829
2025-12-04 15:30:00,25.520000457763672,25.600000381469727,25.5,25.53499984741211,3232162
2025-12-04 16:30:00,25.53499984741211,25.6200008392334,25.479999542236328,25.614999771118164,2582139
2025-12-04 17:30:00,25.610300064086914,25.739999771118164,25.530000686645508,25.729999542236328,4456773
2025-12-04 18:30:00,25.735000610351562,25.739700317382812,25.610000610351562,25.62820053100586,5084509
2025-12-04 19:30:00,25.625,25.690000534057617,25.600000381469727,25.616300582885742,5125127
2025-12-04 20:30:00,25.610000610351562,25.700000762939453,25.600000381469727,25.69499969482422,3929970
2025-12-05 14:30:00,25.770000457763672,25.78499984741211,25.639999389648438,25.667600631713867,4527257
2025-12-05 15:30:00,25.670000076293945,25.959999084472656,25.65999984741211,25.940000534057617,7163326
2025-12-05 16:30:00,25.93779945373535,25.950000762939453,25.799999237060547,25.895000457763672,4869865
2025-12-05 17:30:00,25.895000457763672,25.934999465942383,25.834999084472656,25.91510009765625,4387078
2025-12-05 18:30:00,25.90999984741211,26.03499984741211,25.90999984741211,25.984399795532227,6462093
2025-12-05 19:30:00,25.985000610351562,26.09000015258789,25.979999542236328,26.065000534057617,6924230
2025-12-05 20:30:00,26.059999465942383,26.1200008392334,26.010000228881836,26.020000457763672,8137469
2025-12-08 14:30:00,26.040000915527344,26.100000381469727,25.790000915527344,25.90220069885254,6696333
2025-12-08 15:30:00,25.899999618530273,26.1299991607666,25.889999389648438,26.049999237060547,6204027
2025-12-08 16:30:00,26.05500030517578,26.100000381469727,25.959999084472656,26.090200424194336,5563474
2025-12-08 17:30:00,26.094999313354492,26.190000534057617,26.024999618530273,26.03499984741211,6754303
2025-12-08 18:30:00,26.030000686645508,26.06999969482422,25.889999389648438,25.905000686645508,4148053
2025-12-08 19:30:00,25.905000686645508,25.940000534057617,25.81999969482422,25.854999542236328,3964337
2025-12-08 20:30:00,25.853099822998047,25.90999984741211,25.764999389648438,25.78499984741211,6148722
2025-12-09 14:30:00,26.0,26.1299991607666,25.649999618530273,25.665000915527344,7095574
2025-12-09 15:30:00,25.665000915527344,25.719999313354492,25.510000228881836,25.68670082092285,4440066
2025-12-09 16:30:00,25.690000534057617,25.73590087890625,25.559999465942383,25.575000762939453,4323751
2025-12-09 17:30:00,25.579999923706055,25.599899291992188,25.520000457763672,25.549999237060547,3393581
2025-12-09 18:30:00,25.55500030517578,25.59000015258789,25.1299991607666,25.565000534057617,9528900
2025-12-09 19:30:00,25.565000534057617,25.56999969482422,25.395000457763672,25.424999237060547,4565931
2025-12-09 20:30:00,25.424999237060547,25.43000030517578,25.325000762939453,25.34000015258789,5918295
2025-12-10 14:30:00,25.489999771118164,25.489999771118164,25.219999313354492,25.315000534057617,5214522
2025-12-10 15:30:00,25.315000534057617,25.6200008392334,25.309999465942383,25.545000076293945,5867541
2025-12-10 16:30:00,25.545000076293945,25.56999969482422,25.43000030517578,25.464399337768555,2961285
2025-12-10 17:30:00,25.46500015258789,25.59000015258789,25.459999084472656,25.524999618530273,2325842
2025-12-10 18:30:00,25.524999618530273,25.6200008392334,25.5,25.604999542236328,2856285
2025-12-10 19:30:00,25.608200073242188,25.780000686645508,25.58449935913086,25.723100662231445,5761616
2025-12-10 20:30:00,25.725000381469727,25.790000915527344,25.690000534057617,25.780000686645508,5720083
2025-12-11 14:30:00,25.799999237060547,25.979999542236328,25.729999542236328,25.96500015258789,5089833
2025-12-11 15:30:00,25.959999084472656,26.040000915527344,25.920000076293945,25.959999084472656,4652821
2025-12-11 16:30:00,25.96500015258789,26.020000457763672,25.8700008392334,25.8799991607666,3862937
2025-12-11 17:30:00,25.875,25.899999618530273,25.680200576782227,25.704999923706055,2991276
2025-12-11 18:30:00,25.704999923706055,25.709999084472656,25.610000610351562,25.645000457763672,4365466
2025-12-11 19:30:00,25.645000457763672,25.75,25.639999389648438,25.721200942993164,4733977
2025-12-11 20:30:00,25.725000381469727,25.81999969482422,25.719999313354492,25.81999969482422,4467969
2025-12-12 14:30:00,25.834999084472656,25.96500015258789,25.731000900268555,25.885000228881836,8129614
2025-12-12 15:30:00,25.885000228881836,26.040000915527344,25.829999923706055,25.97439956665039,8052165
2025-12-12 16:30:00,25.975000381469727,25.989999771118164,25.719999313354492,25.759899139404297,5484321
2025-12-12 17:30:00,25.75,25.875,25.75,25.875,4925792
2025-12-12 18:30:00,25.875,25.8799991607666,25.729999542236328,25.81999969482422,6497529
2025-12-12 19:30:00,25.819000244140625,25.84000015258789,25.760000228881836,25.834999084472656,7100680
2025-12-12 20:30:00,25.834999084472656,25.8700008392334,25.774999618530273,25.860000610351562,6531096
2025-12-15 14:30:00,25.81999969482422,26.350000381469727,25.809999465942383,26.30430030822754,12414953
2025-12-15 15:30:00,26.30500030517578,26.350000381469727,26.18000030517578,26.270000457763672,6116341
2025-12-15 16:30:00,26.274999618530273,26.3700008392334,26.25,26.354999542236328,6127940
2025-12-15 17:30:00,26.35099983215332,26.420000076293945,26.290000915527344,26.415000915527344,4635247
2025-12-15 18:30:00,26.415000915527344,26.520000457763672,26.40999984741211,26.489999771118164,4890586
2025-12-15 19:30:00,26.489999771118164,26.56999969482422,26.460100173950195,26.52989959716797,5732648
2025-12-15 20:30:00,26.52869987487793,26.649999618530273,26.43000030517578,26.450000762939453,11615147
2025-12-16 14:30:00,26.440000534057617,26.5049991607666,25.25,25.28499984741211,23893089
2025-12-16 15:30:00,25.28499984741211,25.30500030517578,24.920000076293945,25.125,22562683
2025-12-16 16:30:00,25.1299991607666,25.264999389648438,25.040000915527344,25.08970069885254,14290514
2025-12-16 17:30:00,25.08799934387207,25.2549991607666,25.05500030517578,25.065000534057617,9747711
2025-12-16 18:30:00,25.065500259399414,25.149999618530273,25.0,25.149799346923828,8482914
2025-12-16 19:30:00,25.149799346923828,25.450000762939453,25.139999389648438,25.416500091552734,9771235
2025-12-16 20:30:00,25.415000915527344,25.594999313354492,25.40999984741211,25.530000686645508,11754306
2025-12-17 14:30:00,25.399999618530273,25.489999771118164,25.110000610351562,25.2549991607666,10128510
2025-12-17 15:30:00,25.25,25.290000915527344,25.110000610351562,25.209999084472656,6576655
2025-12-17 16:30:00,25.209999084472656,25.299999237060547,25.170000076293945,25.190099716186523,6801713
2025-12-17 17:30:00,25.190000534057617,25.229999542236328,25.079999923706055,25.114999771118164,5024745
2025-12-17 18:30:00,25.114999771118164,25.209999084472656,25.06999969482422,25.184499740600586,6944398
2025-12-17 19:30:00,25.18000030517578,25.239999771118164,25.075000762939453,25.094999313354492,7177368
2025-12-17 20:30:00,25.094999313354492,25.15999984741211,25.030000686645508,25.065000534057617,9321853
2025-12-18 14:30:00,25.0,25.225000381469727,24.979999542236328,25.05500030517578,7044377
2025-12-18 15:30:00,25.05500030517578,25.159900665283203,25.045000076293945,25.145000457763672,5820127
2025-12-18 16:30:00,25.144399642944336,25.155000686645508,24.9950008392334,25.028600692749023,4279345
2025-12-18 17:30:00,25.024200439453125,25.079999923706055,25.0,25.045000076293945,3995296
2025-12-18 18:30:00,25.04199981689453,25.079999923706055,25.0,25.055599212646484,4199593
2025-12-18 19:30:00,25.05500030517578,25.109899520874023,25.030000686645508,25.075000762939453,5925853
2025-12-18 20:30:00,25.06999969482422,25.1299991607666,25.030000686645508,25.045000076293945,6416464
2025-12-19 14:30:00,25.010000228881836,25.31999969482422,24.979999542236328,25.30500030517578,13231283
2025-12-19 15:30:00,25.299999237060547,25.366500854492188,25.219999313354492,25.360000610351562,5893355
2025-12-19 16:30:00,25.354999542236328,25.399999618530273,25.280000686645508,25.354999542236328,5541384
2025-12-19 17:30:00,25.360000610351562,25.520000457763672,25.31999969482422,25.485599517822266,6565472
2025-12-19 18:30:00,25.489999771118164,25.510000228881836,25.38010025024414,25.386499404907227,7419870
2025-12-19 19:30:00,25.385099411010742,25.450000762939453,25.282899856567383,25.309999465942383,9077041
2025-12-19 20:30:00,25.309999465942383,25.315000534057617,25.154399871826172,25.19499969482422,10717240
2025-12-22 14:30:00,25.200000762939453,25.399999618530273,25.1299991607666,25.295000076293945,7309483
2025-12-22 15:30:00,25.295000076293945,25.350000381469727,25.225000381469727,25.260000228881836,5121056
2025-12-22 16:30:00,25.2549991607666,25.299999237060547,25.229999542236328,25.2450008392334,4911801
2025-12-22 17:30:00,25.2450008392334,25.280000686645508,25.235000610351562,25.254499435424805,4375495
2025-12-22 18:30:00,25.2549991607666,25.270000457763672,25.200000762939453,25.224000930786133,4094178
2025-12-22 19:30:00,25.225000381469727,25.25,25.18000030517578,25.21500015258789,3737621
2025-12-22 20:30:00,25.215599060058594,25.260000228881836,25.209999084472656,25.21500015258789,3742054
2025-12-23 14:30:00,25.260000228881836,25.34000015258789,25.125,25.165000915527344,4958468
2025-12-23 15:30:00,25.165000915527344,25.188199996948242,25.06999969482422,25.092500686645508,4450072
2025-12-23 16:30:00,25.100000381469727,25.104999542236328,25.010000228881836,25.020000457763672,7975672
2025-12-23 17:30:00,25.02560043334961,25.059900283813477,24.989999771118164,25.045000076293945,3841562
2025-12-23 18:30:00,25.045000076293945,25.04990005493164,24.969999313354492,24.975000381469727,4377304
2025-12-23 19:30:00,24.975799560546875,24.979999542236328,24.8700008392334,24.895000457763672,5962248
2025-12-23 20:30:00,24.895000457763672,24.90999984741211,24.829999923706055,24.8799991607666,7747794
2025-12-24 14:30:00,24.920000076293945,25.139999389648438,24.905000686645508,25.074399948120117,5439378
2025-12-24 15:30:00,25.079999923706055,25.110000610351562,25.030000686645508,25.05500030517578,5421568
2025-12-24 16:30:00,25.05500030517578,25.084999084472656,25.030000686645508,25.065000534057617,3579993
2025-12-26 14:30:00,25.014999389648438,25.059999465942383,24.969999313354492,24.989999771118164,3157120
2025-12-26 15:30:00,24.9950008392334,25.010000228881836,24.950000762939453,24.959999084472656,3159575
2025-12-26 16:30:00,24.959999084472656,24.969999313354492,24.920000076293945,24.954999923706055,2468598
2025-12-26 17:30:00,24.954999923706055,24.959999084472656,24.920000076293945,24.958200454711914,1807263
2025-12-26 18:30:00,24.954999923706055,24.979999542236328,24.940000534057617,24.979999542236328,1899459
2025-12-26 19:30:00,24.974000930786133,25.030000686645508,24.969999313354492,25.024999618530273,2321121
2025-12-26 20:30:00,25.025100708007812,25.110000610351562,25.01099967956543,25.104999542236328,3332119
2025-12-29 14:30:00,25.049999237060547,25.200000762939453,25.040000915527344,25.145000457763672,5749702
2025-12-29 15:30:00,25.14150047302246,25.145099639892578,25.0,25.0049991607666,4058705
2025-12-29 16:30:00,25.0049991607666,25.040000915527344,24.989999771118164,25.010000228881836,4150419
2025-12-29 17:30:00,25.000099182128906,25.06999969482422,24.989999771118164,25.065000534057617,2915731
2025-12-29 18:30:00,25.065000534057617,25.079999923706055,25.049999237060547,25.05500030517578,2506381
2025-12-29 19:30:00,25.049999237060547,25.104999542236328,25.049999237060547,25.079999923706055,3512542
2025-12-29 20:30:00,25.070100784301758,25.084999084472656,24.969999313354492,25.010000228881836,4347811
2025-12-30 14:30:00,25.010000228881836,25.040000915527344,24.920000076293945,24.94499969482422,5749146
2025-12-30 15:30:00,24.94499969482422,25.0,24.93000030517578,24.959999084472656,3765049
2025-12-30 16:30:00,24.96500015258789,24.979999542236328,24.920000076293945,24.96500015258789,3632220
2025-12-30 17:30:00,24.96500015258789,25.020000457763672,24.959999084472656,25.010099411010742,2771449
2025-12-30 18:30:00,25.010000228881836,25.040000915527344,24.989999771118164,25.00510025024414,2947281
2025-12-30 19:30:00,25.00510025024414,25.047500610351562,25.0,25.040000915527344,2322771
2025-12-30 20:30:00,25.03499984741211,25.040000915527344,24.979999542236328,24.989999771118164,3341196
2025-12-31 14:30:00,24.96500015258789,25.020000457763672,24.899999618530273,24.925500869750977,5578917
2025-12-31 15:30:00,24.926000595092773,24.93000030517578,24.8799991607666,24.922500610351562,4499725
2025-12-31 16:30:00,24.924999237060547,24.969999313354492,24.90999984741211,24.96500015258789,2881049
2025-12-31 17:30:00,24.96500015258789,24.989999771118164,24.940000534057617,24.950000762939453,2259442
2025-12-31 18:30:00,24.954999923706055,24.989999771118164,24.950000762939453,24.955299377441406,2321049
2025-12-31 19:30:00,24.954999923706055,24.969999313354492,24.889999389648438,24.89825439453125,3070852
2025-12-31 20:30:00,24.889999389648438,24.950000762939453,24.889999389648438,24.899999618530273,4233588
2026-01-02 14:30:00,24.979999542236328,25.030000686645508,24.829999923706055,25.02989959716797,5564237
2026-01-02 15:30:00,25.020999908447266,25.299999237060547,24.959999084472656,25.186100006103516,6926287
2026-01-02 16:30:00,25.186500549316406,25.239999771118164,25.09000015258789,25.094999313354492,4335393
2026-01-02 17:30:00,25.094999313354492,25.1299991607666,25.065000534057617,25.094999313354492,3133936
2026-01-02 18:30:00,25.092100143432617,25.15999984741211,25.06999969482422,25.145000457763672,3501433
2026-01-02 19:30:00,25.145000457763672,25.200000762939453,25.139999389648438,25.16990089416504,2993854
2026-01-02 20:30:00,25.165000915527344,25.190000534057617,25.139999389648438,25.18000030517578,3878182
2026-01-05 14:30:00,25.200000762939453,25.399999618530273,24.96430015563965,24.979700088500977,13281502
2026-01-05 15:30:00,24.975000381469727,25.15999984741211,24.950000762939453,25.084999084472656,8085456
2026-01-05 16:30:00,25.084999084472656,25.190000534057617,25.049999237060547,25.16550064086914,4658886
2026-01-05 17:30:00,25.165000915527344,25.200000762939453,25.09000015258789,25.094999313354492,4171547
2026-01-05 18:30:00,25.094999313354492,25.1299991607666,24.969999313354492,24.9950008392334,5516774
2026-01-05 19:30:00,24.990299224853516,25.15999984741211,24.98240089416504,25.155000686645508,5943659
2026-01-05 20:30:00,25.1560001373291,25.198999404907227,25.1200008392334,25.165000915527344,5427346
2026-01-06 14:30:00,25.295000076293945,26.0,25.295000076293945,25.704999923706055,11879470
2026-01-06 15:30:00,25.690000534057617,25.799999237060547,25.6299991607666,25.709999084472656,5447741
2026-01-06 16:30:00,25.7450008392334,25.75,25.59000015258789,25.645000457763672,4481134
2026-01-06 17:30:00,25.639699935913086,25.645099639892578,25.485000610351562,25.4950008392334,3672737
2026-01-06 18:30:00,25.489999771118164,25.520000457763672,25.405000686645508,25.47100067138672,3266535
2026-01-06 19:30:00,25.469999313354492,25.514999389648438,25.43000030517578,25.46500015258789,3574909
2026-01-06 20:30:00,25.454999923706055,25.489999771118164,25.415000915527344,25.43000030517578,5739066
2026-01-07 14:30:00,25.59000015258789,25.809999465942383,25.56999969482422,25.655000686645508,6889735
2026-01-07 15:30:00,25.655000686645508,25.739900588989258,25.530000686645508,25.575000762939453,7627162
2026-01-07 16:30:00,25.575000762939453,25.600000381469727,25.40999984741211,25.420000076293945,5275641
2026-01-07 17:30:00,25.42140007019043,25.43000030517578,25.260000228881836,25.28499984741211,4800558
2026-01-07 18:30:00,25.28499984741211,25.290000915527344,25.15999984741211,25.200000762939453,6834330
2026-01-07 19:30:00,25.19499969482422,25.329999923706055,25.139999389648438,25.225000381469727,7666091
2026-01-07 20:30:00,25.225000381469727,25.31999969482422,25.190000534057617,25.260000228881836,7329209
2026-01-08 14:30:00,25.18000030517578,25.5,25.1200008392334,25.43000030517578,7050216
2026-01-08 15:30:00,25.43000030517578,25.559999465942383,25.399999618530273,25.450000762939453,3608683
2026-01-08 16:30:00,25.454999923706055,25.48509979248047,25.389999389648438,25.405000686645508,2748323
2026-01-08 17:30:00,25.405000686645508,25.43000030517578,25.219999313354492,25.25,4261715
2026-01-08 18:30:00,25.25,25.280000686645508,25.219999313354492,25.2450008392334,3845394
2026-01-08 19:30:00,25.2450008392334,25.269699096679688,25.170000076293945,25.18600082397461,4804192
2026-01-08 20:30:00,25.184999465942383,25.354999542236328,25.18000030517578,25.274999618530273,5001519
2026-01-09 14:30:00,25.361900329589844,25.549999237060547,25.309999465942383,25.385000228881836,6460800
2026-01-09 15:30:00,25.385000228881836,25.415000915527344,25.270099639892578,25.29010009765625,5049801
2026-01-09 16:30:00,25.290000915527344,25.479400634765625,25.229999542236328,25.399999618530273,4621086
2026-01-09 17:30:00,25.405000686645508,25.416799545288086,25.360000610351562,25.408899307250977,2783489
2026-01-09 18:30:00,25.405000686645508,25.459999084472656,25.370100021362305,25.4064998626709,2440383
2026-01-09 19:30:00,25.405000686645508,25.5,25.399999618530273,25.46500015258789,4045558
2026-01-09 20:30:00,25.46500015258789,25.4950008392334,25.450000762939453,25.469999313354492,4488224
2026-01-12 14:30:00,25.575000762939453,25.770000457763672,25.264999389648438,25.415000915527344,8517941
2026-01-12 15:30:00,25.420000076293945,25.56999969482422,25.3799991607666,25.405000686645508,5176630
2026-01-12 16:30:00,25.405000686645508,25.450000762939453,25.360000610351562,25.425899505615234,4236560
2026-01-12 17:30:00,25.43000030517578,25.440000534057617,25.084999084472656,25.264999389648438,10530871
2026-01-12 18:30:00,25.264999389648438,25.315000534057617,25.200000762939453,25.265399932861328,4524463
2026-01-12 19:30:00,25.260000228881836,25.3700008392334,25.162200927734375,25.165000915527344,5636518
2026-01-12 20:30:00,25.165000915527344,25.299999237060547,25.15999984741211,25.280000686645508,6125249
2026-01-13 14:30:00,25.31999969482422,25.389999389648438,25.010000228881836,25.030000686645508,10332912
2026-01-13 15:30:00,25.024999618530273,25.1200008392334,25.020099639892578,25.060100555419922,5278615
2026-01-13 16:30:00,25.065799713134766,25.139999389648438,25.020000457763672,25.099300384521484,5373465
2026-01-13 17:30:00,25.094999313354492,25.100000381469727,24.974599838256836,25.055099487304688,5924106
2026-01-13 18:30:00,25.055099487304688,25.15999984741211,25.050100326538086,25.104999542236328,4168640
2026-01-13 19:30:00,25.104999542236328,25.1299991607666,25.06999969482422,25.094999313354492,3366799
2026-01-13 20:30:00,25.09000015258789,25.139999389648438,25.059999465942383,25.1299991607666,4577898
2026-01-14 14:30:00,25.229999542236328,25.450000762939453,25.203500747680664,25.264999389648438,10428202
2026-01-14 15:30:00,25.260000228881836,25.530000686645508,25.225000381469727,25.525100708007812,6492746
2026-01-14 16:30:00,25.524999618530273,25.6200008392334,25.450000762939453,25.524999618530273,9828734
2026-01-14 17:30:00,25.524999618530273,25.639999389648438,25.489999771118164,25.637500762939453,5366381
2026-01-14 18:30:00,25.635000228881836,25.709999084472656,25.594999313354492,25.69770050048828,4942712
2026-01-14 19:30:00,25.690000534057617,25.700000762939453,25.5049991607666,25.55500030517578,4974004
2026-01-14 20:30:00,25.550100326538086,25.59000015258789,25.470199584960938,25.584999084472656,5928659
2026-01-15 14:30:00,25.549999237060547,25.600000381469727,25.280000686645508,25.299999237060547,7925895
2026-01-15 15:30:00,25.299999237060547,25.459999084472656,25.25,25.43000030517578,5715127
2026-01-15 16:30:00,25.424999237060547,25.540000915527344,25.395000457763672,25.4950008392334,5011418
2026-01-15 17:30:00,25.4950008392334,25.68000030517578,25.4950008392334,25.674999237060547,4004473
2026-01-15 18:30:00,25.68000030517578,25.850000381469727,25.635000228881836,25.825000762939453,6777601
2026-01-15 19:30:00,25.825000762939453,25.8799991607666,25.780000686645508,25.860000610351562,8278031
2026-01-15 20:30:00,25.860000610351562,25.889999389648438,25.790000915527344,25.8799991607666,7497158
2026-01-16 14:30:00,25.889999389648438,25.889999389648438,25.549999237060547,25.725000381469727,8509431
2026-01-16 15:30:00,25.725000381469727,25.760000228881836,25.59000015258789,25.65999984741211,4747451
2026-01-16 16:30:00,25.65999984741211,25.729999542236328,25.58139991760254,25.71500015258789,6960465
2026-01-16 17:30:00,25.714099884033203,25.760000228881836,25.649999618530273,25.670000076293945,4696995
2026-01-16 18:30:00,25.670000076293945,25.719999313354492,25.56999969482422,25.700000762939453,4211904
2026-01-16 19:30:00,25.700000762939453,25.809999465942383,25.6200008392334,25.635000228881836,9385454
2026-01-16 20:30:00,25.635000228881836,25.729999542236328,25.6200008392334,25.665000915527344,6873039
2026-01-20 14:30:00,25.43000030517578,25.549999237060547,25.089000701904297,25.530000686645508,13889896
2026-01-20 15:30:00,25.53499984741211,25.6299991607666,25.46500015258789,25.594999313354492,4945627
2026-01-20 16:30:00,25.59000015258789,25.649999618530273,25.549999237060547,25.635000228881836,4476716
2026-01-20 17:30:00,25.6299991607666,25.639999389648438,25.54490089416504,25.614999771118164,4461812
2026-01-20 18:30:00,25.614999771118164,25.639999389648438,25.469999313354492,25.475000381469727,5115709
2026-01-20 19:30:00,25.475000381469727,25.579999923706055,25.43000030517578,25.574100494384766,4638883
2026-01-20 20:30:00,25.575000762939453,25.600000381469727,25.5,25.53499984741211,5187344
2026-01-21 14:30:00,25.469999313354492,25.6200008392334,25.3799991607666,25.489999771118164,6980484
2026-01-21 15:30:00,25.485000610351562,25.547500610351562,25.469999313354492,25.53499984741211,4843645
2026-01-21 16:30:00,25.53499984741211,25.690000534057617,25.510000228881836,25.690000534057617,4945592
2026-01-21 17:30:00,25.690000534057617,25.780000686645508,25.65999984741211,25.670000076293945,5462387
2026-01-21 18:30:00,25.674999237060547,25.790000915527344,25.649999618530273,25.773393630981445,4294564
2026-01-21 19:30:00,25.780000686645508,25.850000381469727,25.75,25.790000915527344,4969719
2026-01-21 20:30:00,25.782100677490234,25.920000076293945,25.780000686645508,25.90999984741211,7667886
2026-01-22 14:30:00,25.899999618530273,26.309999465942383,25.75,26.251399993896484,12241970
2026-01-22 15:30:00,26.2549991607666,26.309999465942383,26.06100082397461,26.084999084472656,5491078
2026-01-22 16:30:00,26.079999923706055,26.139999389648438,26.030000686645508,26.075000762939453,4611668
2026-01-22 17:30:00,26.075000762939453,26.110000610351562,26.020000457763672,26.049999237060547,3966072
2026-01-22 18:30:00,26.042400360107422,26.149999618530273,26.040000915527344,26.094999313354492,5135775
2026-01-22 19:30:00,26.098600387573242,26.1200008392334,26.040000915527344,26.040000915527344,4522974
2026-01-22 20:30:00,26.040000915527344,26.100000381469727,26.020000457763672,26.09000015258789,5796406
2026-01-23 14:30:00,25.579999923706055,25.684999465942383,25.510000228881836,25.584999084472656,10421614
2026-01-23 15:30:00,25.579999923706055,25.610000610351562,25.545000076293945,25.60610008239746,3731858
2026-01-23 16:30:00,25.604999542236328,25.68000030517578,25.579999923706055,25.604999542236328,4897869
2026-01-23 17:30:00,25.604999542236328,25.6299991607666,25.56999969482422,25.614999771118164,3262412
2026-01-23 18:30:00,25.6200008392334,25.649999618530273,25.575000762939453,25.61400032043457,3494378
2026-01-23 19:30:00,25.61989974975586,25.68000030517578,25.579999923706055,25.665000915527344,4024869
2026-01-23 20:30:00,25.665000915527344,25.684999465942383,25.6200008392334,25.649999618530273,5932714
2026-01-26 14:30:00,25.6299991607666,25.69499969482422,25.594999313354492,25.66990089416504,8881263
2026-01-26 15:30:00,25.670000076293945,25.84000015258789,25.649999618530273,25.825000762939453,5740317
2026-01-26 16:30:00,25.825000762939453,25.8799991607666,25.760000228881836,25.83769989013672,4701256
2026-01-26 17:30:00,25.83989906311035,25.889999389648438,25.81999969482422,25.854999542236328,2940337
2026-01-26 18:30:00,25.854999542236328,25.879899978637695,25.770000457763672,25.815000534057617,2805365
2026-01-26 19:30:00,25.815000534057617,25.875,25.795000076293945,25.854999542236328,4066161
2026-01-26 20:30:00,25.854999542236328,25.920000076293945,25.850000381469727,25.8700008392334,4729056
2026-01-27 14:30:00,25.940000534057617,26.46500015258789,25.899999618530273,26.41699981689453,18790097
2026-01-27 15:30:00,26.415000915527344,26.729999542236328,26.415000915527344,26.71500015258789,13815845
2026-01-27 16:30:00,26.71500015258789,26.829999923706055,26.520000457763672,26.5613956451416,10932011
2026-01-27 17:30:00,26.565500259399414,26.579999923706055,26.344999313354492,26.44499969482422,8412234
2026-01-27 18:30:00,26.44499969482422,26.579999923706055,26.44499969482422,26.559999465942383,6387430
2026-01-27 19:30:00,26.55500030517578,26.584999084472656,26.395000457763672,26.43000030517578,5103409
2026-01-27 20:30:00,26.43000030517578,26.520000457763672,26.415000915527344,26.485000610351562,6255876
2026-01-28 14:30:00,26.264999389648438,26.389999389648438,25.979999542236328,25.985599517822266,8362919
2026-01-28 15:30:00,25.98240089416504,26.149999618530273,25.969999313354492,26.049999237060547,5206991
2026-01-28 16:30:00,26.049999237060547,26.1200008392334,25.989999771118164,26.040000915527344,6833023
2026-01-28 17:30:00,26.047100067138672,26.049999237060547,25.94499969482422,25.951200485229492,4088692
2026-01-28 18:30:00,25.954999923706055,25.969999313354492,25.774999618530273,25.774999618530273,4658718
2026-01-28 19:30:00,25.774999618530273,25.969999313354492,25.7549991607666,25.809999465942383,6246029
2026-01-28 20:30:00,25.80500030517578,25.920000076293945,25.80500030517578,25.864999771118164,5297856
2026-01-29 14:30:00,25.899999618530273,26.110000610351562,25.8799991607666,25.96500015258789,7057791
2026-01-29 15:30:00,25.959999084472656,26.1299991607666,25.950000762939453,26.065000534057617,6123603
2026-01-29 16:30:00,26.062700271606445,26.1200008392334,26.040000915527344,26.089000701904297,4555517
2026-01-29 17:30:00,26.084999084472656,26.170000076293945,26.020000457763672,26.159900665283203,4671904
2026-01-29 18:30:00,26.15999984741211,26.190000534057617,26.049999237060547,26.185100555419922,4727282
2026-01-29 19:30:00,26.18000030517578,26.229999542236328,26.139999389648438,26.1825008392334,5026280
2026-01-29 20:30:00,26.184999465942383,26.205799102783203,26.030000686645508,26.084999084472656,5364778
2026-01-30 14:30:00,26.1299991607666,26.209999084472656,25.899999618530273,25.96500015258789,6800551
2026-01-30 15:30:00,25.96969985961914,26.170000076293945,25.950000762939453,26.149999618530273,3518879
2026-01-30 16:30:00,26.149999618530273,26.264999389648438,26.135000228881836,26.2549991607666,4479047
2026-01-30 17:30:00,26.25,26.295400619506836,26.170000076293945,26.2450008392334,5846089
2026-01-30 18:30:00,26.240999221801758,26.459999084472656,26.190000534057617,26.40999984741211,5989524
2026-01-30 19:30:00,26.40999984741211,26.434999465942383,26.30500030517578,26.424999237060547,5640377
2026-01-30 20:30:00,26.420000076293945,26.469999313354492,26.3700008392334,26.459999084472656,7038557
2026-02-02 14:30:00,26.420000076293945,26.545000076293945,26.3533992767334,26.40999984741211,10828850
2026-02-02 15:30:00,26.416200637817383,26.579999923706055,26.40999984741211,26.511499404907227,4466238
2026-02-02 16:30:00,26.514999389648438,26.575000762939453,26.43000030517578,26.49227523803711,6740161
2026-02-02 17:30:00,26.4950008392334,26.549999237060547,26.399999618530273,26.434999465942383,3693414
2026-02-02 18:30:00,26.434999465942383,26.5,26.40999984741211,26.434999465942383,4244526
2026-02-02 19:30:00,26.434999465942383,26.559999465942383,26.420000076293945,26.557100296020508,6353236
2026-02-02 20:30:00,26.55500030517578,26.684999465942383,26.514999389648438,26.649999618530273,7953365
2026-02-03 14:30:00,25.360000610351562,25.954999923706055,25.260000228881836,25.7549991607666,28277712
2026-02-03 15:30:00,25.7549991607666,25.920000076293945,25.579999923706055,25.915000915527344,11227566
2026-02-03 16:30:00,25.920000076293945,26.104999542236328,25.639999389648438,25.639999389648438,12566501
2026-02-03 17:30:00,25.649999618530273,25.770000457763672,25.549999237060547,25.674999237060547,7884806
2026-02-03 18:30:00,25.674999237060547,25.775100708007812,25.610000610351562,25.725000381469727,7782020
2026-02-03 19:30:00,25.729999542236328,25.8799991607666,25.714799880981445,25.834999084472656,8310589
2026-02-03 20:30:00,25.834999084472656,25.84000015258789,25.719999313354492,25.729999542236328,7877510
2026-02-04 14:30:00,25.8799991607666,26.485000610351562,25.860000610351562,26.469999313354492,15412649
2026-02-04 15:30:00,26.473800659179688,26.670000076293945,26.334999084472656,26.655000686645508,10375308
2026-02-04 16:30:00,26.65999984741211,26.940000534057617,26.475000381469727,26.63129997253418,11534067
2026-02-04 17:30:00,26.639999389648438,26.780000686645508,26.600000381469727,26.684999465942383,9558566
2026-02-04 18:30:00,26.684999465942383,26.809999465942383,26.614999771118164,26.71500015258789,6680538
2026-02-04 19:30:00,26.719999313354492,26.920000076293945,26.69499969482422,26.895000457763672,10233121
2026-02-04 20:30:00,26.895000457763672,26.979999542236328,26.770000457763672,26.774999618530273,10322593
2026-02-05 14:30:00,26.760000228881836,27.190000534057617,26.56999969482422,26.99020004272461,16127975
2026-02-05 15:30:00,26.989999771118164,27.0,26.760000228881836,26.844999313354492,7111187
2026-02-05 16:30:00,26.850000381469727,26.954999923706055,26.739999771118164,26.954999923706055,6727620
2026-02-05 17:30:00,26.959999084472656,27.170000076293945,26.950000762939453,27.135000228881836,6922356
2026-02-05 18:30:00,27.135000228881836,27.145000457763672,26.899999618530273,27.045000076293945,7393567
2026-02-05 19:30:00,27.045900344848633,27.045900344848633,26.639999389648438,26.662799835205078,10549867
2026-02-05 20:30:00,26.665000915527344,26.700000762939453,26.459999084472656,26.479999542236328,11972237
2026-02-06 14:30:00,26.670000076293945,27.049999237060547,26.520000457763672,26.969999313354492,8605150
2026-02-06 15:30:00,26.96500015258789,27.239999771118164,26.899999618530273,27.144500732421875,6618318
2026-02-06 16:30:00,27.145000457763672,27.295000076293945,27.06999969482422,27.104999542236328,6028081
2026-02-06 17:30:00,27.104999542236328,27.204999923706055,27.040000915527344,27.155000686645508,5996310
2026-02-06 18:30:00,27.15999984741211,27.270000457763672,27.150100708007812,27.250200271606445,4724943
2026-02-06 19:30:00,27.25349998474121,27.3700008392334,27.149999618530273,27.15999984741211,7250747
2026-02-06 20:30:00,27.165000915527344,27.2549991607666,27.149999618530273,27.209999084472656,6199262
2026-02-09 14:30:00,27.18000030517578,27.364999771118164,26.860000610351562,26.975000381469727,9422070
2026-02-09 15:30:00,26.969999313354492,27.030000686645508,26.90999984741211,26.915000915527344,4423462
2026-02-09 16:30:00,26.915000915527344,26.93000030517578,26.790000915527344,26.864999771118164,4856988
2026-02-09 17:30:00,26.860000610351562,27.024999618530273,26.850000381469727,26.973499298095703,4340505
2026-02-09 18:30:00,26.97599983215332,27.06999969482422,26.959999084472656,27.065000534057617,4351400
2026-02-09 19:30:00,27.065000534057617,27.135000228881836,27.030000686645508,27.065000534057617,6540953
2026-02-09 20:30:00,27.059999465942383,27.104999542236328,27.020000457763672,27.023099899291992,4587052
2026-02-10 14:30:00,27.174999237060547,27.485000610351562,27.09000015258789,27.399999618530273,6941106
2026-02-10 15:30:00,27.405000686645508,27.549999237060547,27.360000610351562,27.53499984741211,5450197
2026-02-10 16:30:00,27.53499984741211,27.6299991607666,27.510000228881836,27.55500030517578,5822427
2026-02-10 17:30:00,27.55500030517578,27.575000762939453,27.479999542236328,27.5049991607666,3787502
2026-02-10 18:30:00,27.5049991607666,27.6299991607666,27.489999771118164,27.559900283813477,4133286
2026-02-10 19:30:00,27.55500030517578,27.700000762939453,27.545000076293945,27.6825008392334,5914425
2026-02-10 20:30:00,27.68869972229004,27.729999542236328,27.579999923706055,27.594999313354492,6572323
2026-02-11 14:30:00,27.549999237060547,27.770000457763672,27.309999465942383,27.7549991607666,7355507
2026-02-11 15:30:00,27.7549991607666,27.78499984741211,27.649999618530273,27.7549991607666,3953204
2026-02-11 16:30:00,27.7549991607666,27.940000534057617,27.75,27.864999771118164,5227155
2026-02-11 17:30:00,27.864999771118164,27.940000534057617,27.80500030517578,27.825000762939453,7563328
2026-02-11 18:30:00,27.825000762939453,27.90999984741211,27.700000762939453,27.704999923706055,3290262
2026-02-11 19:30:00,27.704999923706055,27.81999969482422,27.67009925842285,27.813499450683594,3556549
2026-02-11 20:30:00,27.815000534057617,27.82990074157715,27.709999084472656,27.71500015258789,4457426
2026-02-12 14:30:00,27.649999618530273,27.690000534057617,27.40999984741211,27.684999465942383,7827428
2026-02-12 15:30:00,27.683000564575195,27.889999389648438,27.594999313354492,27.625,5882306
2026-02-12 16:30:00,27.6299991607666,27.674999237060547,27.540000915527344,27.579999923706055,6009724
2026-02-12 17:30:00,27.584999084472656,27.655000686645508,27.530000686645508,27.604999542236328,7313126
2026-02-12 18:30:00,27.600000381469727,27.690000534057617,27.530000686645508,27.674999237060547,6193195
2026-02-12 19:30:00,27.674999237060547,27.799999237060547,27.67009925842285,27.799999237060547,4976553
2026-02-12 20:30:00,27.799999237060547,27.799999237060547,27.450000762939453,27.46500015258789,5932428
2026-02-13 14:30:00,27.600000381469727,27.8700008392334,27.549999237060547,27.795000076293945,6895127
2026-02-13 15:30:00,27.795000076293945,27.940000534057617,27.780000686645508,27.920000076293945,4462841
2026-02-13 16:30:00,27.924999237060547,27.940000534057617,27.670000076293945,27.700000762939453,3954283
2026-02-13 17:30:00,27.69499969482422,27.860000610351562,27.69499969482422,27.840099334716797,3370550
2026-02-13 18:30:00,27.844999313354492,27.844999313354492,27.709999084472656,27.7549991607666,2664498
2026-02-13 19:30:00,27.760000228881836,27.825000762939453,27.709999084472656,27.795000076293945,3730211
2026-02-13 20:30:00,27.795000076293945,27.80500030517578,27.559999465942383,27.579999923706055,3725142
2026-02-17 14:30:00,27.84000015258789,27.8700008392334,27.450000762939453,27.475000381469727,8134745
2026-02-17 15:30:00,27.469999313354492,27.479999542236328,27.299999237060547,27.43000030517578,3863091
2026-02-17 16:30:00,27.434999465942383,27.454999923706055,27.329999923706055,27.364999771118164,2769592
2026-02-17 17:30:00,27.360000610351562,27.450000762939453,27.200000762939453,27.270000457763672,3113305
2026-02-17 18:30:00,27.274999618530273,27.459999084472656,27.25,27.434999465942383,3204430
2026-02-17 19:30:00,27.438400268554688,27.440000534057617,27.329999923706055,27.364999771118164,2814842
2026-02-17 20:30:00,27.364999771118164,27.469999313354492,27.354999542236328,27.385000228881836,3911403
2026-02-18 14:30:00,27.440000534057617,27.479999542236328,27.204999923706055,27.30500030517578,5921978
2026-02-18 15:30:00,27.309999465942383,27.385000228881836,27.280000686645508,27.315000534057617,2964689
2026-02-18 16:30:00,27.31999969482422,27.415000915527344,27.30389976501465,27.40329933166504,1892330
2026-02-18 17:30:00,27.405000686645508,27.459999084472656,27.3700008392334,27.434999465942383,1838060
2026-02-18 18:30:00,27.434999465942383,27.475000381469727,27.399999618530273,27.44499969482422,2463728
2026-02-18 19:30:00,27.4424991607666,27.46649932861328,27.333345413208008,27.34000015258789,2595486
2026-02-18 20:30:00,27.329999923706055,27.440000534057617,27.309999465942383,27.359899520874023,3156134
2026-02-19 14:30:00,27.3700008392334,27.399999618530273,26.78499984741211,26.795000076293945,6735145
2026-02-19 15:30:00,26.790000915527344,26.84000015258789,26.65999984741211,26.670000076293945,5160701
2026-02-19 16:30:00,26.670000076293945,26.709999084472656,26.579999923706055,26.665000915527344,3935941
2026-02-19 17:30:00,26.665000915527344,26.790000915527344,26.634899139404297,26.684999465942383,3631587
2026-02-19 18:30:00,26.684999465942383,26.75,26.670000076293945,26.725000381469727,2693068
2026-02-19 19:30:00,26.719999313354492,26.844999313354492,26.639999389648438,26.71500015258789,4749105
2026-02-19 20:30:00,26.71500015258789,26.895000457763672,26.700000762939453,26.858999252319336,5699797
2026-02-20 14:30:00,26.709999084472656,26.774999618530273,26.3700008392334,26.475000381469727,7170935
2026-02-20 15:30:00,26.475000381469727,26.510000228881836,26.354999542236328,26.395000457763672,3551857
2026-02-20 16:30:00,26.390100479125977,26.514999389648438,26.3799991607666,26.452999114990234,4491548
2026-02-20 17:30:00,26.458200454711914,26.610000610351562,26.450000762939453,26.56999969482422,7365223
2026-02-20 18:30:00,26.575000762939453,26.69729995727539,26.545000076293945,26.684999465942383,5622227
2026-02-20 19:30:00,26.684999465942383,26.719900131225586,26.4950008392334,26.594999313354492,5888481
2026-02-20 20:30:00,26.594999313354492,26.69499969482422,26.56999969482422,26.674999237060547,5320103
2026-02-23 14:30:00,26.55500030517578,26.950000762939453,26.5,26.860000610351562,6401205
2026-02-23 15:30:00,26.854938507080078,27.049999237060547,26.84000015258789,27.04010009765625,4765965
2026-02-23 16:30:00,27.045000076293945,27.104999542236328,27.0,27.020000457763672,3163221
2026-02-23 17:30:00,27.014999389648438,27.079999923706055,26.969999313354492,27.016000747680664,1999692
2026-02-23 18:30:00,27.010000228881836,27.06999969482422,27.0,27.0049991607666,2425205
2026-02-23 19:30:00,27.0,27.059999465942383,26.950000762939453,27.040000915527344,3741615
2026-02-23 20:30:00,27.049999237060547,27.059999465942383,27.020000457763672,27.059999465942383,4455899
2026-02-24 14:30:00,27.139999389648438,27.420000076293945,27.1299991607666,27.30500030517578,5530562
2026-02-24 15:30:00,27.30500030517578,27.34000015258789,27.190000534057617,27.2549991607666,3376712
2026-02-24 16:30:00,27.2549991607666,27.34000015258789,27.209999084472656,27.290000915527344,2204625
2026-02-24 17:30:00,27.295000076293945,27.329999923706055,27.170000076293945,27.174999237060547,2499823
2026-02-24 18:30:00,27.172199249267578,27.19499969482422,27.1200008392334,27.135000228881836,2398505
2026-02-24 19:30:00,27.135000228881836,27.15999984741211,27.079999923706055,27.12700080871582,3277942
2026-02-24 20:30:00,27.129899978637695,27.229999542236328,27.125,27.139999389648438,4958288
2026-02-25 14:30:00,27.05500030517578,27.290000915527344,26.940000534057617,26.969999313354492,5297393
2026-02-25 15:30:00,26.969999313354492,26.989999771118164,26.729999542236328,26.920000076293945,4945878
2026-02-25 16:30:00,26.924999237060547,27.02669906616211,26.924999237060547,26.979999542236328,2742679
2026-02-25 17:30:00,26.985000610351562,27.174999237060547,26.979999542236328,27.09630012512207,3753457
2026-02-25 18:30:00,27.100000381469727,27.11549949645996,26.975000381469727,26.9950008392334,3554379
2026-02-25 19:30:00,27.0,27.100000381469727,26.989999771118164,27.084999084472656,2502242
2026-02-25 20:30:00,27.084999084472656,27.155000686645508,27.079999923706055,27.110000610351562,3383323
2026-02-26 14:30:00,27.260000228881836,27.270000457763672,26.8700008392334,26.954999923706055,4642118
2026-02-26 15:30:00,26.954999923706055,27.15999984741211,26.905000686645508,27.065000534057617,3569720
2026-02-26 16:30:00,27.065000534057617,27.100000381469727,26.940000534057617,27.024999618530273,3485354
2026-02-26 17:30:00,27.024999618530273,27.139999389648438,26.975000381469727,27.130699157714844,2739610
2026-02-26 18:30:00,27.135000228881836,27.190000534057617,27.079999923706055,27.145099639892578,3129513
2026-02-26 19:30:00,27.145000457763672,27.190000534057617,27.100000381469727,27.162500381469727,3034692
2026-02-26 20:30:00,27.165000915527344,27.209999084472656,27.094999313354492,27.114999771118164,3952744
2026-02-27 14:30:00,27.155000686645508,27.33650016784668,27.090099334716797,27.325000762939453,4322449
2026-02-27 15:30:00,27.321399688720703,27.559999465942383,27.315000534057617,27.530000686645508,3695329
2026-02-27 16:30:00,27.520000457763672,27.614999771118164,27.440000534057617,27.469999313354492,3254134
2026-02-27 17:30:00,27.469999313354492,27.5,27.360000610351562,27.45009994506836,2996838
2026-02-27 18:30:00,27.450000762939453,27.489999771118164,27.3799991607666,27.450000762939453,4058802
2026-02-27 19:30:00,27.450000762939453,27.59000015258789,27.413799285888672,27.584999084472656,4895026
2026-02-27 20:30:00,27.584999084472656,27.670000076293945,27.559999465942383,27.6299991607666,6510132
2026-03-02 14:30:00,27.56999969482422,27.610000610351562,27.184999465942383,27.219999313354492,8164412
2026-03-02 15:30:00,27.209999084472656,27.459999084472656,27.209999084472656,27.44499969482422,3893763
2026-03-02 16:30:00,27.440000534057617,27.46500015258789,27.219999313354492,27.284500122070312,3742754
2026-03-02 17:30:00,27.28499984741211,27.350000381469727,27.18000030517578,27.264999389648438,3709954
2026-03-02 18:30:00,27.260000228881836,27.309999465942383,27.170000076293945,27.249900817871094,5862457
2026-03-02 19:30:00,27.2450008392334,27.3799991607666,27.170000076293945,27.19499969482422,5639509
2026-03-02 20:30:00,27.19499969482422,27.31999969482422,27.19499969482422,27.229999542236328,5149275
2026-03-03 14:30:00,26.719999313354492,26.950000762939453,26.350000381469727,26.5049991607666,7528580
2026-03-03 15:30:00,26.5049991607666,26.6200008392334,26.44499969482422,26.545000076293945,4442569
2026-03-03 16:30:00,26.545000076293945,26.68000030517578,26.489999771118164,26.665000915527344,4374968
2026-03-03 17:30:00,26.665000915527344,26.799999237060547,26.6200008392334,26.725000381469727,3033641
2026-03-03 18:30:00,26.721099853515625,26.815000534057617,26.700000762939453,26.7007999420166,3399184
2026-03-03 19:30:00,26.700000762939453,26.850000381469727,26.639999389648438,26.825000762939453,6414076
2026-03-03 20:30:00,26.825000762939453,26.829999923706055,26.59000015258789,26.594999313354492,2907775
2026-03-04 14:30:00,26.764999389648438,26.780000686645508,26.350000381469727,26.610000610351562,5200146
2026-03-04 15:30:00,26.61989974975586,26.700000762939453,26.52400016784668,26.555099487304688,2454238
2026-03-04 16:30:00,26.55500030517578,26.579999923706055,26.5,26.507200241088867,3901148
2026-03-04 17:30:00,26.5049991607666,26.6299991607666,26.469999313354492,26.6299991607666,3336877
2026-03-04 18:30:00,26.635000228881836,26.639999389648438,26.549999237060547,26.56999969482422,2606837
2026-03-04 19:30:00,26.577600479125977,26.674999237060547,26.56999969482422,26.665000915527344,3324975
2026-03-04 20:30:00,26.65999984741211,26.68000030517578,26.59000015258789,26.594999313354492,5216301
2026-03-05 14:30:00,26.389999389648438,26.594999313354492,26.200000762939453,26.5049991607666,7025110
2026-03-05 15:30:00,26.510000228881836,26.709999084472656,26.43000030517578,26.4950008392334,5862187
2026-03-05 16:30:00,26.489999771118164,26.489999771118164,26.344999313354492,26.405000686645508,4576525
2026-03-05 17:30:00,26.405000686645508,26.4950008392334,26.389999389648438,26.485000610351562,2934917
2026-03-05 18:30:00,26.479999542236328,26.594999313354492,26.43000030517578,26.454999923706055,3877164
2026-03-05 19:30:00,26.452800750732422,26.56999969482422,26.420000076293945,26.545000076293945,4423484
2026-03-05 20:30:00,26.545000076293945,26.670000076293945,26.540000915527344,26.594999313354492,4384591
2026-03-06 14:30:00,26.540000915527344,26.56999969482422,26.229999542236328,26.30500030517578,9349585
2026-03-06 15:30:00,26.30500030517578,26.469999313354492,26.30500030517578,26.405000686645508,5179369
2026-03-06 16:30:00,26.405000686645508,26.54680061340332,26.360000610351562,26.485000610351562,5040266
2026-03-06 17:30:00,26.485000610351562,26.69499969482422,26.420000076293945,26.65690040588379,7546570
2026-03-06 18:30:00,26.655000686645508,26.81999969482422,26.6299991607666,26.795000076293945,4651634
2026-03-06 19:30:00,26.795000076293945,26.989999771118164,26.780000686645508,26.989999771118164,5319726
2026-03-06 20:30:00,26.985000610351562,27.1299991607666,26.959999084472656,27.03499984741211,8320023
2026-03-09 13:30:00,26.90999984741211,27.110000610351562,26.3700008392334,26.375,8843066
2026-03-09 14:30:00,26.3799991607666,26.68000030517578,26.354999542236328,26.659900665283203,8636965
2026-03-09 15:30:00,26.655000686645508,26.674999237060547,26.545000076293945,26.655000686645508,3392235
2026-03-09 16:30:00,26.6578369140625,26.725000381469727,26.56999969482422,26.604999542236328,3055842
2026-03-09 17:30:00,26.604999542236328,26.674999237060547,26.475000381469727,26.594999313354492,4744774
2026-03-09 18:30:00,26.59000015258789,26.790000915527344,26.575000762939453,26.78499984741211,4498267
2026-03-09 19:30:00,26.78499984741211,26.8700008392334,26.71500015258789,26.800100326538086,5277248
2026-03-10 13:30:00,26.81999969482422,26.834999084472656,26.520000457763672,26.834999084472656,4771880
2026-03-10 14:30:00,26.834999084472656,27.040000915527344,26.799999237060547,27.024999618530273,3939639
2026-03-10 15:30:00,27.030000686645508,27.290000915527344,27.010000228881836,27.128700256347656,7906098
2026-03-10 16:30:00,27.125,27.25,27.094999313354492,27.219999313354492,3536693
2026-03-10 17:30:00,27.21500015258789,27.219999313354492,27.075000762939453,27.125,5150314
2026-03-10 18:30:00,27.1299991607666,27.270000457763672,27.084999084472656,27.174999237060547,6511661
2026-03-10 19:30:00,27.170000076293945,27.18000030517578,27.045000076293945,27.155000686645508,5925335
2026-03-11 13:30:00,27.200000762939453,27.3700008392334,27.040000915527344,27.05500030517578,5347428
2026-03-11 14:30:00,27.059999465942383,27.40999984741211,27.059999465942383,27.220199584960938,4428209
2026-03-11 15:30:00,27.223899841308594,27.280000686645508,27.0,27.155000686645508,5847506
2026-03-11 16:30:00,27.159900665283203,27.25,27.149999618530273,27.219900131225586,4316229
2026-03-11 17:30:00,27.21500015258789,27.239999771118164,27.1200008392334,27.204999923706055,4170782
2026-03-11 18:30:00,27.204999923706055,27.229999542236328,27.030000686645508,27.199899673461914,6684462
2026-03-11 19:30:00,27.19610023498535,27.350000381469727,27.18000030517578,27.299999237060547,4971315
2026-03-12 13:30:00,27.110000610351562,27.1200008392334,26.739999771118164,26.815000534057617,4473890
2026-03-12 14:30:00,26.809999465942383,26.985000610351562,26.809999465942383,26.854999542236328,4683239
2026-03-12 15:30:00,26.850000381469727,26.938100814819336,26.6299991607666,26.774999618530273,5104522
2026-03-12 16:30:00,26.774999618530273,26.950000762939453,26.75,26.94499969482422,3762165
2026-03-12 17:30:00,26.94499969482422,27.06999969482422,26.90999984741211,26.90999984741211,4330799
2026-03-12 18:30:00,26.920000076293945,26.969999313354492,26.850000381469727,26.924999237060547,4758165
2026-03-12 19:30:00,26.93000030517578,27.030000686645508,26.84000015258789,26.860000610351562,5113798
2026-03-13 13:30:00,27.020000457763672,27.280000686645508,26.860000610351562,26.885000228881836,4532455
2026-03-13 14:30:00,26.88990020751953,26.989999771118164,26.709999084472656,26.713899612426758,3339591
2026-03-13 15:30:00,26.71500015258789,26.769899368286133,26.665000915527344,26.71500015258789,5115667
2026-03-13 16:30:00,26.71500015258789,26.780000686645508,26.665000915527344,26.735000610351562,4947060
2026-03-13 17:30:00,26.735000610351562,26.825000762939453,26.670000076293945,26.674999237060547,5529635
2026-03-13 18:30:00,26.68000030517578,26.829999923706055,26.6299991607666,26.645000457763672,3807802
2026-03-13 19:30:00,26.645000457763672,26.700000762939453,26.575000762939453,26.600000381469727,3710953
2026-03-16 13:30:00,26.69499969482422,26.889999389648438,26.645000457763672,26.65999984741211,4109232
2026-03-16 14:30:00,26.655000686645508,26.68000030517578,26.524999618530273,26.590099334716797,4008974
2026-03-16 15:30:00,26.594999313354492,26.639999389648438,26.520000457763672,26.540000915527344,5070601
2026-03-16 16:30:00,26.545000076293945,26.690000534057617,26.545000076293945,26.674999237060547,2540578
2026-03-16 17:30:00,26.674999237060547,26.690000534057617,26.59000015258789,26.625,2357158
2026-03-16 18:30:00,26.625,26.659900665283203,26.56999969482422,26.625,2972712
2026-03-16 19:30:00,26.620100021362305,26.65999984741211,26.559999465942383,26.6200008392334,3628301
2026-03-17 13:30:00,26.815000534057617,27.257200241088867,26.815000534057617,27.145000457763672,7768341
2026-03-17 14:30:00,27.149999618530273,27.454999923706055,27.110200881958008,27.30500030517578,5590027
2026-03-17 15:30:00,27.30500030517578,27.325000762939453,27.06999969482422,27.104999542236328,3932908
2026-03-17 16:30:00,27.100000381469727,27.170000076293945,27.030000686645508,27.145000457763672,3554405
2026-03-17 17:30:00,27.139999389648438,27.584999084472656,27.1299991607666,27.575000762939453,7229915
2026-03-17 18:30:00,27.575000762939453,27.760000228881836,27.520000457763672,27.549999237060547,11401761
2026-03-17 19:30:00,27.545000076293945,27.665000915527344,27.440000534057617,27.469999313354492,11563973
2026-03-18 13:30:00,27.139999389648438,27.239999771118164,26.834999084472656,27.014999389648438,8373821
2026-03-18 14:30:00,27.014999389648438,27.25,27.0049991607666,27.18400001525879,4384680
2026-03-18 15:30:00,27.18000030517578,27.347900390625,27.1200008392334,27.344999313354492,4738920
2026-03-18 16:30:00,27.344999313354492,27.3799991607666,27.225000381469727,27.295000076293945,2949091
2026-03-18 17:30:00,27.299800872802734,27.3700008392334,27.225000381469727,27.28499984741211,4754403
2026-03-18 18:30:00,27.28499984741211,27.299999237060547,27.200000762939453,27.2549991607666,4877975
2026-03-18 19:30:00,27.2549991607666,27.34000015258789,27.200000762939453,27.329999923706055,7272877
2026-03-19 13:30:00,27.290000915527344,27.579999923706055,27.264999389648438,27.364999771118164,7416594
2026-03-19 14:30:00,27.36989974975586,27.43000030517578,27.25,27.385000228881836,4836003
2026-03-19 15:30:00,27.385000228881836,27.389999389648438,27.25,27.385000228881836,4041214
2026-03-19 16:30:00,27.385000228881836,27.440000534057617,27.290000915527344,27.405000686645508,4888820
2026-03-19 17:30:00,27.405000686645508,27.526100158691406,27.3799991607666,27.420000076293945,4295417
2026-03-19 18:30:00,27.415000915527344,27.729999542236328,27.360000610351562,27.65999984741211,8071271
2026-03-19 19:30:00,27.665000915527344,27.68000030517578,27.389999389648438,27.424999237060547,7124721
2026-03-20 13:30:00,27.40999984741211,27.549999237060547,26.920000076293945,27.079999923706055,9953600
2026-03-20 14:30:00,27.084999084472656,27.219999313354492,27.040000915527344,27.05500030517578,3170964
2026-03-20 15:30:00,27.059900283813477,27.110000610351562,26.899999618530273,27.075000762939453,4032640
2026-03-20 16:30:00,27.075000762939453,27.079999923706055,26.905000686645508,26.940000534057617,2864740
2026-03-20 17:30:00,26.940000534057617,26.969999313354492,26.80500030517578,26.860000610351562,3557588
2026-03-20 18:30:00,26.859899520874023,26.969999313354492,26.84000015258789,26.8799991607666,5190791
2026-03-20 19:30:00,26.8700008392334,27.020000457763672,26.799999237060547,26.985000610351562,9513406
2026-03-23 13:30:00,27.030000686645508,27.190000534057617,26.760000228881836,26.8799991607666,6113110
2026-03-23 14:30:00,26.875,26.909900665283203,26.75,26.86009979248047,3670790
2026-03-23 15:30:00,26.860000610351562,26.8700008392334,26.655000686645508,26.665000915527344,3740809
2026-03-23 16:30:00,26.665000915527344,26.790000915527344,26.6299991607666,26.774999618530273,2671347
2026-03-23 17:30:00,26.774999618530273,26.920000076293945,26.770000457763672,26.825000762939453,4745788
2026-03-23 18:30:00,26.825000762939453,26.90999984741211,26.799999237060547,26.83009910583496,3842887
2026-03-23 19:30:00,26.834999084472656,26.90999984741211,26.7549991607666,26.780000686645508,4788706
2026-03-24 13:30:00,26.600000381469727,26.950000762939453,26.440000534057617,26.915000915527344,5800026
2026-03-24 14:30:00,26.90999984741211,26.989999771118164,26.815000534057617,26.989999771118164,3083988
2026-03-24 15:30:00,26.989900588989258,27.1299991607666,26.986417770385742,27.125,4880570
2026-03-24 16:30:00,27.125,27.1299991607666,26.954999923706055,27.019800186157227,3278630
2026-03-24 17:30:00,27.01729965209961,27.040000915527344,26.940000534057617,27.03499984741211,3590898
2026-03-24 18:30:00,27.03499984741211,27.110000610351562,27.020000457763672,27.050100326538086,3356271
2026-03-24 19:30:00,27.05500030517578,27.079999923706055,26.959999084472656,26.989999771118164,4014736
2026-03-25 13:30:00,27.18000030517578,27.375,27.040000915527344,27.290000915527344,5351591
2026-03-25 14:30:00,27.290000915527344,27.389999389648438,27.209999084472656,27.3799991607666,3324658
2026-03-25 15:30:00,27.3799991607666,27.459999084472656,27.360000610351562,27.375,4237434
2026-03-25 16:30:00,27.3799991607666,27.530000686645508,27.350000381469727,27.450000762939453,3765382
2026-03-25 17:30:00,27.459999084472656,27.479999542236328,27.309999465942383,27.315000534057617,3356367
2026-03-25 18:30:00,27.31999969482422,27.399999618530273,27.299999237060547,27.31760025024414,3366572
2026-03-25 19:30:00,27.309999465942383,27.354999542236328,27.280000686645508,27.299999237060547,5488745
2026-03-26 13:30:00,27.25,27.80500030517578,27.239999771118164,27.69499969482422,5228306
2026-03-26 14:30:00,27.69499969482422,27.729999542236328,27.570100784301758,27.645000457763672,3244153
2026-03-26 15:30:00,27.639999389648438,27.690000534057617,27.594999313354492,27.665000915527344,2570171
2026-03-26 16:30:00,27.665000915527344,27.729999542236328,27.610000610351562,27.670000076293945,2219282
2026-03-26 17:30:00,27.665000915527344,27.68000030517578,27.59000015258789,27.610000610351562,3549731
2026-03-26 18:30:00,27.604999542236328,27.614999771118164,27.5,27.565000534057617,3015585
2026-03-26 19:30:00,27.56999969482422,27.579999923706055,27.5,27.559999465942383,4164315
2026-03-27 13:30:00,27.729999542236328,27.770000457763672,27.489999771118164,27.5,4844940
2026-03-27 14:30:00,27.500099182128906,27.540000915527344,27.334999084472656,27.395000457763672,4197147
2026-03-27 15:30:00,27.399999618530273,27.450000762939453,27.260000228881836,27.315000534057617,2580342
2026-03-27 16:30:00,27.315000534057617,27.334999084472656,27.239999771118164,27.242599487304688,2556382
2026-03-27 17:30:00,27.240100860595703,27.329999923706055,27.21500015258789,27.235000610351562,2135169
2026-03-27 18:30:00,27.235000610351562,27.25,27.1299991607666,27.155000686645508,2578498
2026-03-27 19:30:00,27.155000686645508,27.18000030517578,27.020000457763672,27.030000686645508,4269195
2026-03-30 13:30:00,27.420000076293945,27.489999771118164,27.149999618530273,27.295000076293945,5582332
2026-03-30 14:30:00,27.299999237060547,27.530000686645508,27.28499984741211,27.405000686645508,4655908
2026-03-30 15:30:00,27.40999984741211,27.549999237060547,27.34000015258789,27.53499984741211,5590724
2026-03-30 16:30:00,27.530000686645508,27.579999923706055,27.44499969482422,27.479999542236328,3115767
2026-03-30 17:30:00,27.479999542236328,27.600000381469727,27.459999084472656,27.59000015258789,3558086
2026-03-30 18:30:00,27.594999313354492,27.68000030517578,27.579999923706055,27.635000228881836,4446708
2026-03-30 19:30:00,27.639999389648438,27.81999969482422,27.610000610351562,27.764999389648438,9056531
2026-03-31 13:30:00,27.989999771118164,28.309999465942383,27.799999237060547,28.229999542236328,12557320
2026-03-31 14:30:00,28.235000610351562,28.239999771118164,27.829999923706055,27.878299713134766,4138006
2026-03-31 15:30:00,27.8700008392334,28.020000457763672,27.844999313354492,27.951400756835938,2662834
2026-03-31 16:30:00,27.954999923706055,28.03499984741211,27.78499984741211,27.84000015258789,2937391
2026-03-31 17:30:00,27.844999313354492,27.93000030517578,27.834999084472656,27.875,2321488
2026-03-31 18:30:00,27.870100021362305,28.0,27.809999465942383,27.9950008392334,2635474
2026-03-31 19:30:00,27.992000579833984,28.079999923706055,27.979999542236328,28.079999923706055,4892973
2026-04-01 13:30:00,28.270000457763672,28.385000228881836,28.040000915527344,28.186599731445312,6526991
2026-04-01 14:30:00,28.184999465942383,28.25,28.094999313354492,28.174999237060547,4693002
2026-04-01 15:30:00,28.174999237060547,28.325000762939453,28.15999984741211,28.25,5113301
2026-04-01 16:30:00,28.2549991607666,28.43000030517578,28.239999771118164,28.354999542236328,3648990
2026-04-01 17:30:00,28.354999542236328,28.43000030517578,28.309999465942383,28.42449951171875,3460290
2026-04-01 18:30:00,28.424999237060547,28.6299991607666,28.420000076293945,28.56999969482422,7060724
2026-04-01 19:30:00,28.56999969482422,28.639999389648438,28.479999542236328,28.55500030517578,6056942
2026-04-02 13:30:00,28.5,28.7450008392334,28.424999237060547,28.545000076293945,5703511
2026-04-02 14:30:00,28.545000076293945,28.739999771118164,28.520000457763672,28.559999465942383,3332379
2026-04-02 15:30:00,28.56999969482422,28.59000015258789,28.329999923706055,28.375,2960008
2026-04-02 16:30:00,28.375,28.43000030517578,28.290000915527344,28.315000534057617,1813899
2026-04-02 17:30:00,28.3174991607666,28.434999465942383,28.219999313354492,28.38279914855957,1988703
2026-04-02 18:30:00,28.385000228881836,28.450000762939453,28.299999237060547,28.325000762939453,1993255
2026-04-02 19:30:00,28.325000762939453,28.3799991607666,28.270000457763672,28.334999084472656,3620834
2026-04-06 13:30:00,28.190000534057617,28.217500686645508,27.899999618530273,28.19499969482422,4252980
2026-04-06 14:30:00,28.193099975585938,28.229999542236328,28.079999923706055,28.099300384521484,2605175
2026-04-06 15:30:00,28.090099334716797,28.18000030517578,28.065000534057617,28.15839958190918,2337638
2026-04-06 16:30:00,28.155000686645508,28.15999984741211,28.014999389648438,28.024999618530273,2354879
2026-04-06 17:30:00,28.030000686645508,28.040000915527344,27.84000015258789,27.885000228881836,3092247
2026-04-06 18:30:00,27.885000228881836,27.920000076293945,27.829999923706055,27.875,2575972
2026-04-06 19:30:00,27.875,27.905000686645508,27.809999465942383,27.84000015258789,4127412
2026-04-07 13:30:00,27.65999984741211,27.68000030517578,26.924999237060547,27.024999618530273,10709580
2026-04-07 14:30:00,27.024999618530273,27.09000015258789,26.80500030517578,26.885000228881836,6145811
2026-04-07 15:30:00,26.889299392700195,26.940000534057617,26.780000686645508,26.860000610351562,5527575
2026-04-07 16:30:00,26.854999542236328,27.15999984741211,26.84000015258789,27.114999771118164,3766007
2026-04-07 17:30:00,27.114999771118164,27.34000015258789,27.075000762939453,27.31999969482422,4363076
2026-04-07 18:30:00,27.315000534057617,27.3799991607666,27.1200008392334,27.19499969482422,4700891
2026-04-07 19:30:00,27.200000762939453,27.200000762939453,27.079999923706055,27.114999771118164,5338064
2026-04-08 13:30:00,27.25,27.350000381469727,27.0049991607666,27.079999923706055,7813559
2026-04-08 14:30:00,27.075000762939453,27.107799530029297,26.96500015258789,26.989999771118164,4228455
2026-04-08 15:30:00,26.985000610351562,27.1299991607666,26.979999542236328,27.125,2994336
2026-04-08 16:30:00,27.125,27.280000686645508,27.100000381469727,27.21500015258789,2449893
2026-04-08 17:30:00,27.21500015258789,27.299999237060547,27.209999084472656,27.259899139404297,2823755
2026-04-08 18:30:00,27.2549991607666,27.3799991607666,27.200000762939453,27.3700008392334,2692999
2026-04-08 19:30:00,27.364999771118164,27.489999771118164,27.350000381469727,27.475000381469727,4551268
2026-04-09 13:30:00,27.209999084472656,27.489999771118164,27.180200576782227,27.385000228881836,3470360
2026-04-09 14:30:00,27.3799991607666,27.40999984741211,27.18000030517578,27.315000534057617,3279776
2026-04-09 15:30:00,27.309999465942383,27.454999923706055,27.299999237060547,27.450000762939453,3173877
2026-04-09 16:30:00,27.44499969482422,27.479999542236328,27.375,27.415000915527344,1747896
2026-04-09 17:30:00,27.414899826049805,27.5,27.31999969482422,27.375,2144468
2026-04-09 18:30:00,27.375,27.399999618530273,27.190000534057617,27.21500015258789,2681779
2026-04-09 19:30:00,27.21500015258789,27.299999237060547,27.19499969482422,27.204999923706055,4230292
2026-04-10 13:30:00,27.31999969482422,27.360000610351562,27.024999618530273,27.135000228881836,4439308
2026-04-10 14:30:00,27.135000228881836,27.15999984741211,26.989999771118164,26.9950008392334,3230920
2026-04-10 15:30:00,26.9950008392334,27.049999237060547,26.969999313354492,26.993600845336914,2302530
2026-04-10 16:30:00,26.989999771118164,27.030000686645508,26.899999618530273,26.899999618530273,2339348
2026-04-10 17:30:00,26.899999618530273,26.940000534057617,26.850000381469727,26.899999618530273,2136844
2026-04-10 18:30:00,26.895000457763672,26.93000030517578,26.790000915527344,26.815000534057617,3133471
2026-04-10 19:30:00,26.815000534057617,26.93000030517578,26.770000457763672,26.90999984741211,5255859
2026-04-13 13:30:00,26.829999923706055,27.110000610351562,26.68000030517578,27.075000762939453,3880269
2026-04-13 14:30:00,27.079999923706055,27.110000610351562,26.780000686645508,26.815000534057617,3939091
2026-04-13 15:30:00,26.81999969482422,26.895000457763672,26.729999542236328,26.895000457763672,3519933
2026-04-13 16:30:00,26.899999618530273,26.93000030517578,26.8799991607666,26.90999984741211,2175009
2026-04-13 17:30:00,26.917600631713867,27.045000076293945,26.905000686645508,27.014999389648438,2948590
2026-04-13 18:30:00,27.020000457763672,27.43000030517578,26.950000762939453,27.3700008392334,6586119
2026-04-13 19:30:00,27.375,27.56999969482422,27.260000228881836,27.31999969482422,11747118
2026-04-14 13:30:00,27.200000762939453,27.270000457763672,27.075000762939453,27.2450008392334,4468626
2026-04-14 14:30:00,27.2450008392334,27.299999237060547,27.1299991607666,27.2549991607666,2475647
2026-04-14 15:30:00,27.2549991607666,27.280000686645508,27.209999084472656,27.219999313354492,1553253
2026-04-14 16:30:00,27.225000381469727,27.274999618530273,27.200000762939453,27.254199981689453,1959516
2026-04-14 17:30:00,27.260000228881836,27.309999465942383,27.229999542236328,27.229999542236328,2000909
2026-04-14 18:30:00,27.229999542236328,27.270000457763672,27.19499969482422,27.2549991607666,1741008
2026-04-14 19:30:00,27.2549991607666,27.260000228881836,27.079999923706055,27.1299991607666,4506649
2026-04-15 13:30:00,27.18000030517578,27.344999313354492,27.079999923706055,27.229999542236328,4417459
2026-04-15 14:30:00,27.225000381469727,27.229999542236328,26.969999313354492,27.065000534057617,3960449
2026-04-15 15:30:00,27.065000534057617,27.114999771118164,27.010000228881836,27.084999084472656,3260277
2026-04-15 16:30:00,27.09000015258789,27.19499969482422,27.079999923706055,27.170000076293945,2601481
2026-04-15 17:30:00,27.170000076293945,27.295000076293945,27.139999389648438,27.239999771118164,2862106
2026-04-15 18:30:00,27.249900817871094,27.360000610351562,27.219999313354492,27.354999542236328,3095973
2026-04-15 19:30:00,27.354999542236328,27.360000610351562,27.18000030517578,27.190000534057617,3616023
2026-04-16 13:30:00,27.204999923706055,27.479999542236328,27.15999984741211,27.299999237060547,3891049
2026-04-16 14:30:00,27.298599243164062,27.299999237060547,27.19499969482422,27.235000610351562,2605624
2026-04-16 15:30:00,27.239900588989258,27.309999465942383,27.190000534057617,27.30500030517578,2927321
2026-04-16 16:30:00,27.30500030517578,27.329999923706055,27.219999313354492,27.25,1800997
2026-04-16 17:30:00,27.25,27.260000228881836,27.149999618530273,27.25,2518580
2026-04-16 18:30:00,27.2450008392334,27.260000228881836,27.190000534057617,27.235000610351562,2019632
2026-04-16 19:30:00,27.235000610351562,27.25,27.200000762939453,27.200000762939453,2768230
2026-04-17 13:30:00,27.329999923706055,27.440000534057617,27.1200008392334,27.364999771118164,6465597
2026-04-17 14:30:00,27.36989974975586,27.399999618530273,27.290000915527344,27.364999771118164,2419727
2026-04-17 15:30:00,27.36989974975586,27.670000076293945,27.360000610351562,27.63599967956543,4308796
2026-04-17 16:30:00,27.63990020751953,27.649999618530273,27.510000228881836,27.514999389648438,3367631
2026-04-17 17:30:00,27.510000228881836,27.540000915527344,27.475000381469727,27.530099868774414,1866908
2026-04-17 18:30:00,27.53499984741211,27.56999969482422,27.489999771118164,27.545000076293945,2739720
2026-04-17 19:30:00,27.545000076293945,27.600000381469727,27.53499984741211,27.559999465942383,3960925
2026-04-20 13:30:00,27.584999084472656,27.760000228881836,27.514999389648438,27.7549991607666,3487713
2026-04-20 14:30:00,27.7549991607666,27.825000762939453,27.690000534057617,27.774999618530273,2616034
2026-04-20 15:30:00,27.774999618530273,27.84000015258789,27.760000228881836,27.834999084472656,1915340
2026-04-20 16:30:00,27.831600189208984,27.844999313354492,27.709999084472656,27.774999618530273,2388037
2026-04-20 17:30:00,27.774999618530273,27.78499984741211,27.649999618530273,27.670000076293945,1796088
2026-04-20 18:30:00,27.67009925842285,27.690000534057617,27.559999465942383,27.57990074157715,2006652
2026-04-20 19:30:00,27.575000762939453,27.579999923706055,27.510000228881836,27.520000457763672,3210228
2026-04-21 13:30:00,27.520000457763672,27.559999465942383,27.200000762939453,27.434999465942383,5150781
2026-04-21 14:30:00,27.434999465942383,27.440000534057617,27.219999313354492,27.364999771118164,4541116
2026-04-21 15:30:00,27.3700008392334,27.6200008392334,27.35110092163086,27.56999969482422,4433031
2026-04-21 16:30:00,27.574739456176758,27.579999923706055,27.440000534057617,27.5,2033933
2026-04-21 17:30:00,27.5,27.559999465942383,27.3799991607666,27.454999923706055,2905144
2026-04-21 18:30:00,27.454999923706055,27.549999237060547,27.43000030517578,27.485000610351562,2098929
2026-04-21 19:30:00,27.485000610351562,27.485000610351562,27.280000686645508,27.31999969482422,3649764
2026-04-22 13:30:00,27.350000381469727,27.389999389648438,26.799999237060547,26.885000228881836,8043693
2026-04-22 14:30:00,26.885000228881836,26.91990089416504,26.760000228881836,26.864999771118164,3824563
2026-04-22 15:30:00,26.864999771118164,26.864999771118164,26.739999771118164,26.80500030517578,3702999
2026-04-22 16:30:00,26.809999465942383,26.8799991607666,26.760000228881836,26.8799991607666,1959913
2026-04-22 17:30:00,26.87179946899414,26.889999389648438,26.799999237060547,26.834999084472656,2842870
2026-04-22 18:30:00,26.834999084472656,26.90999984741211,26.81999969482422,26.905000686645508,2552947
2026-04-22 19:30:00,26.899999618530273,26.920000076293945,26.770000457763672,26.780000686645508,5776153
2026-04-23 13:30:00,26.760000228881836,26.829999923706055,26.475000381469727,26.565000534057617,7296734
2026-04-23 14:30:00,26.559999465942383,26.589599609375,26.420000076293945,26.510000228881836,3961617
2026-04-23 15:30:00,26.507999420166016,26.520000457763672,26.3799991607666,26.405000686645508,3649970
2026-04-23 16:30:00,26.399999618530273,26.4950008392334,26.3799991607666,26.46500015258789,3029328
2026-04-23 17:30:00,26.46500015258789,26.530000686645508,26.389999389648438,26.514999389648438,3643653
2026-04-23 18:30:00,26.520000457763672,26.579999923706055,26.479999542236328,26.56999969482422,3844592
2026-04-23 19:30:00,26.565000534057617,26.65999984741211,26.479999542236328,26.656999588012695,7119302
2026-04-24 13:30:00,26.690000534057617,27.0,26.579999923706055,26.985000610351562,8635080
2026-04-24 14:30:00,26.989999771118164,27.299030303955078,26.709999084472656,26.71500015258789,9996933
2026-04-24 15:30:00,26.71500015258789,26.899999618530273,26.69499969482422,26.84000015258789,3023703
2026-04-24 16:30:00,26.834999084472656,26.899999618530273,26.735000610351562,26.89069938659668,2721216
2026-04-24 17:30:00,26.895000457763672,27.0,26.8799991607666,26.969999313354492,3085332
2026-04-24 18:30:00,26.969999313354492,27.059999465942383,26.969999313354492,27.020000457763672,3120573
2026-04-24 19:30:00,27.020000457763672,27.1299991607666,26.969999313354492,26.985000610351562,6151250
2026-04-27 13:30:00,27.05500030517578,27.344999313354492,26.899999618530273,27.060100555419922,7515123
2026-04-27 14:30:00,27.065000534057617,27.135000228881836,26.940000534057617,26.94499969482422,3170034
2026-04-27 15:30:00,26.94499969482422,26.959999084472656,26.895000457763672,26.950000762939453,2125893
2026-04-27 16:30:00,26.950000762939453,26.969999313354492,26.8700008392334,26.889999389648438,2741072
2026-04-27 17:30:00,26.889999389648438,26.920000076293945,26.84000015258789,26.864999771118164,2043164
2026-04-27 18:30:00,26.864999771118164,26.920000076293945,26.84000015258789,26.860000610351562,4168109
2026-04-27 19:30:00,26.854999542236328,26.889999389648438,26.799999237060547,26.81049919128418,3301529
2026-04-28 13:30:00,27.530000686645508,27.579999923706055,26.3799991607666,26.424999237060547,20264816
2026-04-28 14:30:00,26.43000030517578,26.84000015258789,26.399999618530273,26.774999618530273,7018216
2026-04-28 15:30:00,26.774999618530273,26.81999969482422,26.674999237060547,26.774999618530273,3981534
2026-04-28 16:30:00,26.774999618530273,26.774999618530273,26.559999465942383,26.600000381469727,2736217
2026-04-28 17:30:00,26.601696014404297,26.639799118041992,26.489999771118164,26.5049991607666,3009789
2026-04-28 18:30:00,26.5049991607666,26.518600463867188,26.360000610351562,26.405000686645508,5192496
2026-04-28 19:30:00,26.399999618530273,26.479999542236328,26.31999969482422,26.479999542236328,7130446
2026-04-29 13:30:00,26.360000610351562,26.549999237060547,26.200000762939453,26.259899139404297,6004407
2026-04-29 14:30:00,26.260000228881836,26.40999984741211,26.25,26.375,3325176
2026-04-29 15:30:00,26.3799991607666,26.450000762939453,26.270000457763672,26.441999435424805,2228227
2026-04-29 16:30:00,26.440000534057617,26.469999313354492,26.299999237060547,26.30500030517578,1708667
2026-04-29 17:30:00,26.299999237060547,26.309999465942383,26.2450008392334,26.264999389648438,2271585
2026-04-29 18:30:00,26.260000228881836,26.280000686645508,26.219999313354492,26.250099182128906,3041548
2026-04-29 19:30:00,26.25,26.299999237060547,26.209999084472656,26.270000457763672,3971412
2026-04-30 13:30:00,26.388999938964844,26.84000015258789,26.274999618530273,26.834999084472656,7363464
2026-04-30 14:30:00,26.84000015258789,26.90999984741211,26.649999618530273,26.71500015258789,5574483
2026-04-30 15:30:00,26.71500015258789,26.790000915527344,26.670000076293945,26.7549991607666,2369911
2026-04-30 16:30:00,26.7549991607666,26.780000686645508,26.68000030517578,26.700000762939453,1777541
2026-04-30 17:30:00,26.700000762939453,26.719999313354492,26.600000381469727,26.647199630737305,1866807
2026-04-30 18:30:00,26.649999618530273,26.729999542236328,26.635000228881836,26.649999618530273,2019654
2026-04-30 19:30:00,26.655000686645508,26.75,26.6200008392334,26.700000762939453,5272338
2026-05-01 13:30:00,26.600000381469727,26.610000610351562,26.290000915527344,26.485000610351562,7152556
2026-05-01 14:30:00,26.485000610351562,26.540000915527344,26.415000915527344,26.454999923706055,3107390
2026-05-01 15:30:00,26.454999923706055,26.489999771118164,26.389999389648438,26.420000076293945,2781856
2026-05-01 16:30:00,26.420000076293945,26.450000762939453,26.375,26.44499969482422,2064068
2026-05-01 17:30:00,26.44499969482422,26.488300323486328,26.420000076293945,26.44499969482422,1970812
2026-05-01 18:30:00,26.440000534057617,26.520000457763672,26.399999618530273,26.405000686645508,2655881
2026-05-01 19:30:00,26.405000686645508,26.420000076293945,26.31999969482422,26.334999084472656,5529154
2026-05-04 13:30:00,26.239999771118164,26.510000228881836,26.149999618530273,26.38010025024414,7913305
2026-05-04 14:30:00,26.385000228881836,26.485000610351562,26.364999771118164,26.405000686645508,3241636
2026-05-04 15:30:00,26.405000686645508,26.489999771118164,26.309999465942383,26.315000534057617,3159109
2026-05-04 16:30:00,26.315000534057617,26.40999984741211,26.299999237060547,26.402099609375,2666677
2026-05-04 17:30:00,26.405000686645508,26.416900634765625,26.329999923706055,26.349300384521484,2607411
2026-05-04 18:30:00,26.344999313354492,26.389999389648438,26.280000686645508,26.290000915527344,4101410
2026-05-04 19:30:00,26.28499984741211,26.385000228881836,26.25,26.31999969482422,5853723
2026-05-05 13:30:00,26.59000015258789,26.75,26.010000228881836,26.028099060058594,13697063
2026-05-05 14:30:00,26.020000457763672,26.3799991607666,26.010000228881836,26.2450008392334,7412156
2026-05-05 15:30:00,26.239999771118164,26.2450008392334,26.06999969482422,26.155000686645508,4641885
2026-05-05 16:30:00,26.155000686645508,26.200000762939453,26.045000076293945,26.084999084472656,4627521
2026-05-05 17:30:00,26.084999084472656,26.440000534057617,26.084999084472656,26.325000762939453,5766667
2026-05-05 18:30:00,26.325000762939453,26.674999237060547,26.31999969482422,26.55500030517578,7462049
2026-05-05 19:30:00,26.55500030517578,26.575000762939453,26.3799991607666,26.440000534057617,5249931
2026-05-06 13:30:00,26.559999465942383,26.68000030517578,26.3799991607666,26.53849983215332,7510581
2026-05-06 14:30:00,26.540000915527344,26.610000610351562,26.43000030517578,26.485000610351562,3912472
2026-05-06 15:30:00,26.485000610351562,26.514999389648438,26.280000686645508,26.28499984741211,4058648
2026-05-06 16:30:00,26.28499984741211,26.32990074157715,26.209999084472656,26.295000076293945,3838884
2026-05-06 17:30:00,26.295000076293945,26.479999542236328,26.295000076293945,26.46500015258789,2973308
2026-05-06 18:30:00,26.46500015258789,26.5,26.420000076293945,26.485000610351562,3197186
2026-05-06 19:30:00,26.485000610351562,26.540000915527344,26.469999313354492,26.5049991607666,4738358
2026-05-07 13:30:00,26.510000228881836,26.719999313354492,26.190000534057617,26.204999923706055,10238956
2026-05-07 14:30:00,26.204999923706055,26.3700008392334,26.165000915527344,26.174999237060547,6744943
2026-05-07 15:30:00,26.174999237060547,26.270000457763672,26.15999984741211,26.219999313354492,5648007
2026-05-07 16:30:00,26.219999313354492,26.34000015258789,26.190000534057617,26.320100784301758,4136434
2026-05-07 17:30:00,26.31999969482422,26.440000534057617,26.299999237060547,26.420000076293945,3068597
2026-05-07 18:30:00,26.424999237060547,26.530000686645508,26.3799991607666,26.46500015258789,3575026
2026-05-07 19:30:00,26.459999084472656,26.510000228881836,26.43000030517578,26.485000610351562,5481998
2026-05-08 13:30:00,26.15999984741211,26.19499969482422,25.7549991607666,25.90999984741211,8623008
2026-05-08 14:30:00,25.915000915527344,25.979999542236328,25.790000915527344,25.81999969482422,4664410
2026-05-08 15:30:00,25.825000762939453,25.860000610351562,25.7549991607666,25.78660011291504,3947525
2026-05-08 16:30:00,25.78499984741211,25.860000610351562,25.75,25.80500030517578,3281198
2026-05-08 17:30:00,25.80500030517578,25.81999969482422,25.729999542236328,25.7450008392334,2865230
2026-05-08 18:30:00,25.7450008392334,25.760000228881836,25.68000030517578,25.704999923706055,3435780
2026-05-08 19:30:00,25.704999923706055,25.75,25.600000381469727,25.670000076293945,5622842
2026-05-11 13:30:00,25.790000915527344,26.15999984741211,25.790000915527344,26.155000686645508,9694234
2026-05-11 14:30:00,26.149999618530273,26.18000030517578,25.950000762939453,25.95210075378418,4456902
2026-05-11 15:30:00,25.950000762939453,25.969999313354492,25.75,25.7549991607666,3560708
2026-05-11 16:30:00,25.7549991607666,25.81999969482422,25.719999313354492,25.78499984741211,2490459
2026-05-11 17:30:00,25.78499984741211,25.8700008392334,25.68000030517578,25.69499969482422,2890011
2026-05-11 18:30:00,25.69499969482422,25.79990005493164,25.690000534057617,25.725000381469727,3011350
2026-05-11 19:30:00,25.725000381469727,25.81999969482422,25.68000030517578,25.81999969482422,3312389
2026-05-12 13:30:00,25.81999969482422,26.049999237060547,25.799999237060547,25.885000228881836,4672788
2026-05-12 14:30:00,25.885499954223633,25.959999084472656,25.739999771118164,25.94499969482422,4000251
2026-05-12 15:30:00,25.950000762939453,26.025100708007812,25.889999389648438,25.969999313354492,2544702
2026-05-12 16:30:00,25.979999542236328,26.09000015258789,25.959999084472656,26.075000762939453,2922591
2026-05-12 17:30:00,26.06999969482422,26.06999969482422,25.959999084472656,26.010000228881836,2202522
2026-05-12 18:30:00,26.014999389648438,26.030000686645508,25.920000076293945,25.936899185180664,2325423
2026-05-12 19:30:00,25.940000534057617,25.94499969482422,25.84000015258789,25.889999389648438,3126943
2026-05-13 13:30:00,25.799999237060547,26.09000015258789,25.75,25.859899520874023,3983468
2026-05-13 14:30:00,25.854999542236328,25.8799991607666,25.639999389648438,25.764999389648438,3785014
2026-05-13 15:30:00,25.76849937438965,25.81999969482422,25.700000762939453,25.795000076293945,2294444
2026-05-13 16:30:00,25.795000076293945,25.850000381469727,25.739999771118164,25.844999313354492,1924844
2026-05-13 17:30:00,25.844100952148438,25.899999618530273,25.809999465942383,25.885000228881836,4979821
2026-05-13 18:30:00,25.885000228881836,26.0049991607666,25.860000610351562,25.954999923706055,3752597
2026-05-13 19:30:00,25.954999923706055,25.969999313354492,25.885000228881836,25.959999084472656,3003044
2026-05-14 13:30:00,26.06999969482422,26.100000381469727,25.81999969482422,25.905000686645508,5586373
2026-05-14 14:30:00,25.905000686645508,25.915000915527344,25.75,25.75,2357653
2026-05-14 15:30:00,25.75510025024414,25.8700008392334,25.75,25.834999084472656,2268911
2026-05-14 16:30:00,25.830400466918945,25.84000015258789,25.764400482177734,25.789100646972656,1479773
2026-05-14 17:30:00,25.78499984741211,25.815000534057617,25.760000228881836,25.767499923706055,1853676
2026-05-14 18:30:00,25.76140022277832,25.799999237060547,25.729999542236328,25.735000610351562,2600701
2026-05-14 19:30:00,25.735000610351562,25.770000457763672,25.719999313354492,25.75,3521908
2026-05-15 13:30:00,25.75,25.829999923706055,25.450000762939453,25.562400817871094,7193317
2026-05-15 14:30:00,25.565000534057617,25.56999969482422,25.329999923706055,25.344999313354492,5246141
2026-05-15 15:30:00,25.350000381469727,25.40999984741211,25.280000686645508,25.364999771118164,3589906
2026-05-15 16:30:00,25.360700607299805,25.420000076293945,25.329999923706055,25.364999771118164,2952945
2026-05-15 17:30:00,25.364999771118164,25.389999389648438,25.264999389648438,25.325000762939453,3846055
2026-05-15 18:30:00,25.320100784301758,25.34000015258789,25.239999771118164,25.309999465942383,3763528
2026-05-15 19:30:00,25.315000534057617,25.334999084472656,25.2450008392334,25.329999923706055,5476349
2026-05-18 13:30:00,25.31999969482422,25.3700008392334,25.200000762939453,25.344999313354492,6576678
2026-05-18 14:30:00,25.350000381469727,25.388500213623047,25.21500015258789,25.270000457763672,3946443
2026-05-18 15:30:00,25.263700485229492,25.3700008392334,25.229999542236328,25.290000915527344,2894798
2026-05-18 16:30:00,25.295000076293945,25.346799850463867,25.260000228881836,25.325000762939453,1595059
2026-05-18 17:30:00,25.329999923706055,25.350000381469727,25.200000762939453,25.2450008392334,2400452
2026-05-18 18:30:00,25.2450008392334,25.290000915527344,25.190000534057617,25.274999618530273,3405223
2026-05-18 19:30:00,25.274999618530273,25.329999923706055,25.2450008392334,25.329999923706055,4314115
2026-05-19 13:30:00,25.299999237060547,25.735000610351562,25.239999771118164,25.725000381469727,6535511
2026-05-19 14:30:00,25.725000381469727,25.959999084472656,25.690000534057617,25.834999084472656,6990635
2026-05-19 15:30:00,25.829999923706055,25.834999084472656,25.68000030517578,25.71500015258789,3827314
2026-05-19 16:30:00,25.71500015258789,25.719999313354492,25.59000015258789,25.592100143432617,2278169
2026-05-19 17:30:00,25.594999313354492,25.68000030517578,25.59000015258789,25.6299991607666,2677535
2026-05-19 18:30:00,25.625,25.670000076293945,25.610000610351562,25.6299991607666,2297573
2026-05-19 19:30:00,25.635000228881836,25.690000534057617,25.575000762939453,25.684999465942383,4560628
2026-05-20 13:30:00,25.760000228881836,26.024999618530273,25.7450008392334,25.8799991607666,7361929
2026-05-20 14:30:00,25.885000228881836,25.934999465942383,25.674999237060547,25.69499969482422,3460492
2026-05-20 15:30:00,25.69499969482422,25.799999237060547,25.670000076293945,25.735000610351562,2708935
2026-05-20 16:30:00,25.735000610351562,25.940000534057617,25.690099716186523,25.920000076293945,3508521
2026-05-20 17:30:00,25.915000915527344,25.934999465942383,25.770000457763672,25.774999618530273,3785345
2026-05-20 18:30:00,25.774999618530273,25.934999465942383,25.764999389648438,25.915000915527344,3852080
2026-05-20 19:30:00,25.90999984741211,25.94499969482422,25.75,25.78499984741211,4679415
