Date,open,high,low,close,volume
2021-05-21,34.24798416325039,34.28679296639783,32.80239140561426,33.122554779052734,25100300
2021-05-24,33.9569282757526,36.03315129816536,33.86961031214592,35.44132995605469,21577500
2021-05-25,36.217491641565644,36.624973008485796,35.159975716591426,35.839111328125,19468200
2021-05-26,35.92641787689181,36.55704783123032,35.11145170099775,36.07194900512695,13436700
2021-05-27,35.78090719715035,37.11977791913523,35.615971594550665,36.7317008972168,16449400
2021-05-28,36.935431808404445,38.09966996718776,36.751095549493094,37.624271392822266,15891400
2021-06-01,38.34222151527919,39.33182381903063,36.61527043475814,37.1973876953125,18159400
2021-06-02,37.12947251102639,38.40043303878223,36.780200689596626,38.02205276489258,12370500
2021-06-03,36.70258377577919,37.13916981575515,35.431623352242276,36.01374053955078,16945800
2021-06-04,36.945128474056375,38.79820584682377,36.91602002772314,38.55565643310547,15960500
2021-06-07,38.08996833142668,38.26460425136843,37.01305175980096,37.75040054321289,11453800
2021-06-08,38.61387920186465,38.778814784434694,36.18838423062928,37.03245544433594,13475800
2021-06-09,37.41083258321339,37.730995967628914,36.49884418303612,36.57646179199219,11721000
2021-06-10,36.673478887028374,38.196689252713405,36.40182466670579,37.87652587890625,17601900
2021-06-11,37.88622474983761,38.313114166259766,37.42053023274974,38.313114166259766,7971500
2021-06-14,38.62356944208615,39.94303512573242,37.89592121093087,39.94303512573242,18513300
2021-06-15,39.584070364838595,40.360227881597986,38.55566304301152,38.84672164916992,13301400
2021-06-16,39.28331644553527,39.671393403165894,36.93543549267248,38.01235580444336,18089300
2021-06-17,37.53695738023473,39.94304785385037,37.49815227497544,39.108680725097656,18466200
2021-06-18,38.11907767221169,38.40043596099784,35.654774034381745,36.207786560058594,21346600
2021-06-21,36.43092765926907,37.022748925829696,35.49953863370365,36.98394012451172,12722000
2021-06-22,36.77050278105825,37.67278714599424,36.28540381930819,37.44963836669922,10500400
2021-06-23,37.4496406365111,38.448947074971606,37.4496406365111,37.88623046875,8615400
2021-06-24,38.6914974338646,40.001263258794296,38.6914974338646,39.855735778808594,12716800
2021-06-25,39.94304143439033,40.447544731794494,39.089270039716396,39.4482421875,9244100
2021-06-28,40.263216811304716,42.76632941605937,40.214707651734386,42.349143981933594,18209300
2021-06-29,42.01927383523282,43.35814431882968,41.602088427717284,43.309635162353516,13090200
2021-06-30,43.04768039693299,43.39695223804585,42.368541117103696,43.212615966796875,9830900
2021-07-01,42.83423338837128,43.04767438289011,40.87443343226599,41.30131912231445,11578200
2021-07-02,42.27151826340771,42.3976450149245,40.9908574509615,42.028968811035156,10933300
2021-07-06,42.33944155800849,42.8245405743945,40.12739122761209,41.75732421875,10020300
2021-07-07,42.494659618092655,42.60138196001263,39.477344100947015,40.010955810546875,10623800
2021-07-08,37.40112801417727,39.176591933866675,36.63467079089022,38.5944709777832,14764300
2021-07-09,38.98254712384094,40.69009358939463,38.080262891726804,40.52516174316406,9799600
2021-07-12,40.90354002469059,42.038673400878906,40.56397226741814,42.038673400878906,9021800
2021-07-13,41.47595738207936,42.02896985109287,40.84532730990064,41.349830627441406,9289300
2021-07-14,42.242407766785924,43.45515486366648,40.61247537249763,40.903533935546875,15361500
2021-07-15,40.54456481084311,40.55426515988646,37.40112247626713,38.24519348144531,14968000
2021-07-16,38.83702218111326,39.24450723862654,35.49954261472386,35.66447448730469,14425600
2021-07-19,34.16066481370462,35.82940627088669,33.67556589717598,35.742088317871094,17527800
2021-07-20,36.13017148395908,37.915335770940075,34.78159329188821,37.1973876953125,12487200
2021-07-21,37.51755338987265,40.602783203125,37.44963982865735,40.602783203125,12599700
2021-07-22,39.68109899142245,40.37963902260579,38.71090100826798,39.5258674621582,8148900
2021-07-23,40.059471977473294,40.369935007828666,38.75940664998094,40.31172180175781,8740400
2021-07-26,39.37062775771136,40.544566185321,39.37062775771136,40.214698791503906,7703500
2021-07-27,39.58406604457238,39.632575190135924,35.61595724090138,37.98324203491211,17917400
2021-07-28,38.36162347962448,40.263210357671866,37.85712015873232,39.9527473449707,12983000
2021-07-29,40.00126113725981,42.387947212155495,40.00126113725981,42.15510177612305,15318400
2021-07-30,40.93264184124432,43.17379998164408,40.816219147239735,43.06707763671875,13599200
2021-08-02,43.843235981299415,45.49257293378809,43.542477040647015,43.862640380859375,17018600
2021-08-03,43.94026360860225,44.609698824638464,42.31033084685113,44.599998474121094,10801400
2021-08-04,44.78432882901178,46.715024016042605,44.677606482355344,46.19111633300781,13768900
2021-08-05,46.73442662867201,46.75383102895075,45.05598486517609,45.76422882080078,8580700
2021-08-06,44.94927489874119,45.86125968195913,44.82314812306891,45.240333557128906,6202000
2021-08-09,45.502279875431135,45.861252037573635,44.18281022959695,44.77463150024414,5943700
2021-08-10,44.988075744431654,45.182116065314155,42.2036087979533,43.12529754638672,9994500
2021-08-11,43.71710911635016,43.7753186089338,41.16548816280393,42.85363006591797,10016600
2021-08-12,42.14539255482965,42.203605757203555,40.321423292579595,41.349830627441406,9746100
2021-08-13,41.23340314954675,42.3006191624249,41.02966251634447,42.18419647216797,7655800
2021-08-16,41.63118072121214,42.13568393979181,40.68038747500787,41.72819900512695,6658600
2021-08-17,40.6803879017652,40.69979229895378,38.16757583150388,39.25419616699219,13983700
2021-08-18,39.08927425945528,39.739305075640814,37.43023673953781,37.507850646972656,10760100
2021-08-19,37.04215271128087,39.06016223315686,36.03314609983741,38.44894027709961,14855300
2021-08-20,38.76910350236728,39.53556065859243,37.84741484497091,39.22509765625,10732300
2021-08-23,40.16619659086884,42.484969098079226,40.16619659086884,42.38794708251953,12229000
2021-08-24,42.669303474374445,43.11559362302369,42.08718621100686,42.426753997802734,8557100
2021-08-25,42.86333647978877,44.28952834292728,42.79542293402129,43.44545364379883,10125800
2021-08-26,43.193202961001816,43.97906444697465,42.40734147502899,43.34843444824219,9529400
2021-08-27,43.5133724774392,46.084398283111994,43.35814096810495,45.890357971191406,12358300
2021-08-30,46.356054401263165,47.53969702163566,45.725427987909455,46.3172492980957,10291100
2021-08-31,46.346346905667865,46.540387195635745,44.01787082807473,45.16270446777344,9620800
2021-09-01,45.82244956184634,45.89036312349182,44.46417462792532,44.59029769897461,7246900
2021-09-02,44.96867135591028,45.32764724500597,44.33804493911458,44.920162200927734,7168600
2021-09-03,44.76492589053327,46.4239632399458,44.5902899904887,45.83214569091797,7374000
2021-09-07,45.94857662041524,45.9970857788914,44.551489169827704,45.37615966796875,5660800
2021-09-08,44.72611881639006,44.98807267656637,42.455855729206476,43.61039352416992,11787400
2021-09-09,43.57157894152239,44.881344367618055,43.552174543230755,44.1925048828125,8643000
2021-09-10,45.25003198464856,47.180727541649624,45.12390521433907,45.20152282714844,14399600
2021-09-13,46.37546107365721,46.73443327735576,44.5611919511137,46.44337463378906,11356400
2021-09-14,46.95758206180207,47.51059459488224,45.73513057740589,46.44337463378906,10129200
2021-09-15,46.62771068399345,47.24863672489539,45.36645049977383,47.14191436767578,9321800
2021-09-16,46.31725127445635,48.053902773928144,45.61870757347731,47.60761260986328,9094400
2021-09-17,47.190423873078856,47.20012792435918,44.5999973329073,45.35675048828125,14478900
2021-09-20,42.446157044834145,42.8827468289261,39.93334439973952,42.00956726074219,19454600
2021-09-21,42.7275142707436,43.19320879536887,41.08787753296783,42.30062484741211,9972400
2021-09-22,43.13499605942217,45.1821141405532,42.698406281288115,44.881351470947266,11093200
2021-09-23,45.492580552637584,47.103108975728865,45.03658633913808,46.66651916503906,11819600
2021-09-24,45.46348009721387,46.79265035674623,45.3858624786368,46.52099609375,7465000
2021-09-27,45.13360799519044,46.744136405507135,44.202218873780836,46.26873779296875,10241300
2021-09-28,43.56188479547124,44.42536028683752,40.796818711881514,40.97145462036133,23988000
2021-09-29,41.29162457452025,41.40804728798,38.59447185545486,38.924339294433594,19889700
2021-09-30,39.836323870917255,40.699799339625265,38.807912848079205,38.84672164916992,14470200
2021-10-01,39.29301316341889,39.48705347479849,36.92573172741889,38.87582778930664,16368700
2021-10-04,38.13847509179124,38.34221573215411,35.4801316139232,35.91672134399414,20555400
2021-10-05,36.479439128067824,38.21609423676705,36.14957169792949,37.49814987182617,15194100
2021-10-06,36.20778527223426,37.97354515124268,35.81970463246946,37.895931243896484,16403200
2021-10-07,39.32211784839992,40.777414629773844,39.06986803473999,39.1862907409668,13234300
2021-10-08,39.681092997829424,39.846024853568146,37.915333231276726,38.15788269042969,10297000
2021-10-11,37.6048671297718,39.186290665432956,37.21679020942679,37.2361946105957,9446400
2021-10-12,38.04145456860215,38.13847656849162,35.383114688815404,35.94582748413086,19847400
2021-10-13,36.576455619073094,37.15857278395589,36.1301655459289,36.52794647216797,11660600
2021-10-14,38.458639470560996,39.85572664471552,38.167580876282415,39.82661819458008,14800900
2021-10-15,40.77741870635024,41.029672246239414,40.069174646065434,40.593082427978516,10988500
2021-10-18,39.91393829008745,41.689402102414164,39.23479906623006,41.582679748535156,8498200
2021-10-19,41.825234974956196,43.15440515427093,41.3595403946345,43.10589599609375,11476200
2021-10-20,42.81483409365507,43.396951349584654,42.32973514671,42.882747650146484,9908200
2021-10-21,42.038670324143126,44.35744235669645,42.00956187492804,44.23131561279297,10019700
2021-10-22,43.50367806530752,44.852252680661294,42.46556651099871,42.737220764160156,12691700
2021-10-25,43.27081970130689,44.30893103447336,42.84393400855974,43.71711349487305,9706700
2021-10-26,44.64850925381531,45.06569466046051,43.2126167592503,43.62009811401367,12067800
2021-10-27,42.91184714639427,44.25072111224798,42.261816413595135,42.77602005004883,13076300
2021-10-28,44.47387099115672,45.69631869216918,44.21191711929451,45.599300384521484,15904400
2021-10-29,44.60000180876519,46.22993469238281,44.26043029908813,46.22993469238281,12735000
2021-11-01,46.36575699775228,48.47108459472656,46.03588957460756,48.47108459472656,14647400
2021-11-02,48.33525441189014,50.27565002441406,48.325554062272325,50.27565002441406,12421100
2021-11-03,50.5182033645502,52.206349305833584,49.88757326153366,52.070518493652344,11472200
2021-11-04,53.76836609229726,58.04694240422393,52.94369935385542,57.31929397583008,20539200
2021-11-05,58.25067837810294,60.54034584028586,57.445412405805136,59.094749450683594,19536100
2021-11-08,60.249293899272985,62.781511253769125,59.657476232251526,61.64638137817383,15603900
2021-11-09,63.324805098500704,63.674076887352186,59.579844820620686,61.51054000854492,16385900
2021-11-10,58.26037921219801,60.63736464654477,55.369190109972074,56.222965240478516,17648300
2021-11-11,58.91041730318967,60.142569072590334,57.60064792578995,59.80299758911133,13055700
2021-11-12,60.36570766567192,62.3352079946422,59.346997025573366,61.46202850341797,13052700
2021-11-15,62.800902859068366,62.81059950699633,59.43431182172501,61.316497802734375,11837400
2021-11-16,60.520949745416225,64.45025074089826,60.1619738356995,64.17859649658203,12693000
2021-11-17,64.03305637557624,64.15917942795174,61.801602120872,62.59716033935547,11636600
2021-11-18,65.84732580907517,66.84662833535549,64.06215804981915,65.95404815673828,14102700
2021-11-19,65.83763623603448,67.78773626975902,64.88683894833089,66.5652847290039,14527400
2021-11-22,67.46755500091534,70.32963551195573,63.286004907301425,63.48004150390625,16809800
2021-11-23,62.89793338734013,64.62488451317107,59.521641344305216,62.810611724853516,16233700
2021-11-24,61.11276763542983,64.90624129414142,59.38581284866066,64.88683319091797,14762200
2021-11-26,61.21948420117852,63.04346093659287,58.066341119322026,59.54104232788086,14919700
2021-11-29,62.04414633728001,66.63318121253603,61.33590242978492,66.37123107910156,18352700
2021-11-30,65.274907934213,67.27351306830359,61.01574011034659,62.74269104003906,22246300
2021-12-01,65.52717038588469,68.8452455961024,61.17097996495501,61.27770233154297,24798700
2021-12-02,59.43431410593604,62.81060192096664,57.901403544984646,61.36500930786133,21014200
2021-12-03,63.93603893075364,65.92494005514307,58.89100943877881,61.05455017089844,18842800
2021-12-06,60.21047483258758,61.403817643465885,55.0878280993166,60.734378814697266,13816300
2021-12-07,64.77041975411012,70.35875483576322,64.73161094634574,69.84455108642578,21654500
2021-12-08,68.81612786205693,69.07807800207728,66.44884294355833,68.58328247070312,12500700
2021-12-09,67.36084821006675,69.45647206509365,63.70320496493016,63.93605041503906,14533000
2021-12-10,67.38994935027175,68.35044325720617,63.22779921752529,65.58538055419922,12329100
2021-12-13,65.9928646311608,66.6623036190784,60.15227593441878,60.48214340209961,13561500
2021-12-14,58.21186439048957,60.51123199763093,57.183453453893755,59.68656539916992,13311200
2021-12-15,59.997043652499435,66.30332686576635,57.47453036719268,66.08988952636719,19005700
2021-12-16,66.95335434456523,67.42874920886733,56.290878560646256,57.46481704711914,27692100
2021-12-17,55.63114979532976,59.7447906721966,55.16545523019583,57.2028694152832,17729000
2021-12-20,54.46690584474722,57.00882313523117,53.81687507202109,55.83488464355469,15681400
2021-12-21,59.36144193701398,61.806935893734924,57.03240271769285,61.622554779052734,20477000
2021-12-22,60.622994594835426,63.59251935599968,59.78842101817253,63.44695281982422,13011600
2021-12-23,64.04863119094604,66.71732415723547,63.9709947095548,65.41694641113281,14507000
2021-12-27,66.08654178879543,70.84166899673825,65.98949988737262,70.83196258544922,15598000
2021-12-28,71.88004097528162,71.88004097528162,67.51308828564403,68.43499755859375,14401800
2021-12-29,68.33797190962261,70.09446277740513,67.54221619295306,68.90082550048828,10702000
2021-12-30,68.4155953037037,69.23075628965714,65.88276203419686,66.3388671875,11188200
2021-12-31,66.66880084794053,68.02740968435651,65.82452815823208,65.99920654296875,10152000
2022-01-03,67.00847288060409,69.97799864972025,66.36798286555796,69.96829223632812,15794800
2022-01-04,70.43408416428764,72.01588852965591,64.08744647762836,68.9687271118164,21988000
2022-01-05,67.53249307455899,69.30838892864227,62.0495436366971,62.11747741699219,20821000
2022-01-06,62.19510785639325,64.42710888694315,60.02133789702643,63.60224151611328,19343100
2022-01-07,63.155841677896376,64.09716377068187,57.391461788515976,57.973724365234375,22625900
2022-01-10,55.644681954005016,58.41041718664977,52.22875406023134,58.226036071777344,25112700
2022-01-11,57.34293910074589,61.56432507038087,56.16871497426592,61.41876220703125,22053900
2022-01-12,63.068490155178374,64.43680535760255,60.78797222162702,62.670616149902344,19392000
2022-01-13,65.5042910908,67.13462040965729,57.81845604639708,58.42012405395508,28866500
2022-01-14,57.02269485083482,62.63180536085979,56.82861103060889,62.57358169555664,23880600
2022-01-18,59.109125484869935,59.565230577665524,53.85907851959489,54.324886322021484,29055200
2022-01-19,55.78054123077551,56.44043659197721,49.230112276247276,49.31745147705078,28683300
2022-01-20,50.57901378952279,51.627084177571234,44.455578254823955,44.63025665283203,32438800
2022-01-21,43.88302868412009,47.483338101348394,42.11683901899254,42.41767120361328,45826500
2022-01-24,39.78778877236833,44.13533207692457,35.53728737429719,44.10622024536133,53548700
2022-01-25,40.53502297030699,42.0683065514467,38.215686626119506,39.00173568725586,40326300
2022-01-26,42.4855959128854,45.70743623719137,38.91439878441659,40.87467575073242,46405000
2022-01-27,42.11683701108112,42.16535797061845,34.93562394219789,35.28498077392578,50033700
2022-01-28,35.29468211764829,37.27436828613281,32.12136262161299,37.27436828613281,43946700
2022-01-31,37.837214984901536,43.426911969318134,37.167613302631956,43.261940002441406,39362500
2022-02-01,44.533214625004305,44.73700487177395,41.03965378756646,44.5526237487793,37795600
2022-02-02,47.03693384329877,48.03647960810828,45.0863595679596,47.88121032714844,40548600
2022-02-03,44.232379147557666,46.386739898419734,40.90379055870409,41.369598388671875,32875300
2022-02-04,40.83586033924536,43.20371772547545,39.176415554747415,42.17505645751953,30575600
2022-02-07,42.34973668568749,44.17415353529856,41.592799394661405,42.12653732299805,28382000
2022-02-08,41.486052082898446,45.49394540253014,41.28226183831848,45.22222137451172,33686800
2022-02-09,46.998115437203644,49.71532969568446,45.32896789614742,49.511539459228516,35302800
2022-02-10,46.17324560757715,50.66635178911041,44.23237785513244,45.04753875732422,51371000
2022-02-11,45.18341167196489,46.2411849572796,37.284075225552144,38.37096405029297,51212800
2022-02-14,38.57474482045726,40.61265438681124,36.74062547035642,38.41947555541992,43218400
2022-02-15,40.66118180667625,44.921386026560185,40.43797875245567,44.649662017822266,39910800
2022-02-16,42.76702360520181,45.12517838468335,41.76747782774422,44.737003326416016,35357600
2022-02-17,42.81554271931293,43.07756031707992,39.46754501706126,39.6616325378418,41858900
2022-02-18,39.92364737669764,40.127437593574136,36.65328638952007,38.45829391479492,46904100
2022-02-22,37.099690322247085,40.33123722739826,35.74108498197469,37.46845626831055,49765600
2022-02-23,38.88528681266665,40.07892008802418,34.57656154782154,34.84828186035156,52830600
2022-02-24,30.86950786714203,38.86588454209665,30.61719478177025,38.75913619995117,68362100
2022-02-25,38.81735616089148,40.602954692368954,37.03175762941401,40.54472732543945,40949000
2022-02-28,39.01144388385671,40.98142353459955,37.41993286533425,39.79749298095703,43350600
2022-03-01,39.57429782465148,40.078923955119684,34.3048408433514,35.498477935791016,46635000
2022-03-02,36.36215617390201,39.67133532962807,36.129250429837434,38.93380355834961,41485400
2022-03-03,39.44813997957405,39.661632922784335,35.73137632195686,36.43979263305664,45902800
2022-03-04,35.54699688842235,36.313636901149884,32.37367740418009,33.74198913574219,46799000
2022-03-07,33.7905104780133,34.54744778862983,28.62780206312189,28.70543670654297,50665800
2022-03-08,28.792775478716283,33.32470211628153,27.63795855560985,30.23872184753418,68456500
2022-03-09,33.11119473398911,34.60566342686168,32.09224015317983,33.897247314453125,46482400
2022-03-10,32.09225206942527,32.218409525903915,29.889366446185782,31.781713485717773,43831500
2022-03-11,33.15002261021561,33.40233380096336,29.59823460561792,29.782617568969727,34118300
2022-03-14,29.122721836413675,29.937886468195938,26.492844980056276,27.084810256958008,49351500
2022-03-15,27.608845686740793,30.78216318949038,27.18185424487395,30.578372955322266,42082900
2022-03-16,32.063129627558176,35.32378737977232,31.112105066814166,35.226741790771484,55754000
2022-03-17,34.20778689129641,35.906045814977794,33.30528328141574,35.85752487182617,37147500
2022-03-18,35.527596498299104,38.497122768035354,34.54745588753194,38.011905670166016,39797700
2022-03-21,37.555798170567584,38.78824984829407,35.789608510055515,37.846927642822266,38312100
2022-03-22,37.6498793598215,39.814334419270764,37.49458225204947,38.42636489868164,34654100
2022-03-23,37.378116885997876,38.81462015471396,35.514551082111275,35.611610412597656,38313200
2022-03-24,36.708393496921715,41.00818714330111,36.20367690315663,40.85289001464844,44687200
2022-03-25,40.83348348688046,41.124665183610915,38.581672935053255,40.775245666503906,36316000
2022-03-28,39.98905338976936,41.55173298133926,38.16430917390736,41.45466995239258,35741000
2022-03-29,43.52207043896073,44.64797576671395,41.84291875117391,44.24032211303711,40148500
2022-03-30,43.39588324661345,43.87148280073588,39.48433415040473,40.134639739990234,38435700
2022-03-31,40.047282121397,40.6102365058874,37.29075541363557,37.640174865722656,38547400
2022-04-01,37.92167131061069,38.17403157749584,33.60246302849463,35.22338104248047,57428500
2022-04-04,35.50484381600522,37.096640406304424,35.10689096585459,36.84428024291992,28200500
2022-04-05,35.99985008768625,36.14544276556032,31.573876370706742,31.913591384887695,57649600
2022-04-06,29.943263391131516,31.15652179190463,28.691177922385865,29.613256454467773,69146900
2022-04-07,29.36089809988443,30.496509769865373,27.817630911159345,29.613256454467773,55657300
2022-04-08,28.982358126486215,29.0794174543442,27.322617331824933,27.45850372314453,71608900
2022-04-11,26.24524418645504,26.895549843003668,25.56581776885085,25.711408615112305,60558200
2022-04-12,27.215851371673907,27.99233709287214,25.099925467298736,25.4687557220459,66793200
2022-04-13,25.983177966610896,27.701154660993748,25.536697300532172,27.206144332885742,50484000
2022-04-14,27.710857349621953,27.77880146394399,24.789328931423796,24.857271194458008,51193200
2022-04-18,24.517557165843915,26.856722189328046,24.420496000084825,26.187002182006836,49251700
2022-04-19,25.89582323321779,28.040866148602422,25.44934256473751,27.90498161315918,45358800
2022-04-20,29.18618503597508,29.94326001434769,27.409972301317204,27.662330627441406,51891900
2022-04-21,28.730005257611303,29.671494616172257,25.051399013483756,25.43964195251465,53808500
2022-04-22,25.332874065089047,25.77935294273977,23.653722344951536,23.73137092590332,57459200
2022-04-25,23.187827080905592,25.00286505533438,22.984000267079455,24.915510177612305,58210600
2022-04-26,23.983730048524947,24.168146142687288,21.693095734286597,21.77074432373047,55039200
2022-04-27,20.984547130638084,22.89664434773874,20.84866074298105,21.304847717285156,52406400
2022-04-28,22.518105557748534,25.526988772124504,21.74161807396782,24.82815170288086,63555800
2022-04-29,23.585774846708507,25.187279608352807,21.450438249995994,21.586322784423828,48104400
2022-05-02,21.722206026727005,23.828425441511637,21.16895976799394,23.779895782470703,57669900
2022-05-03,23.614894262179018,24.925215526555448,23.051941655794298,24.37196922302246,53115700
2022-05-04,24.934922916092532,27.31291167976279,22.615168269494614,27.196439743041992,77054200
2022-05-05,25.7502369121465,25.83759180062316,22.081337149991782,23.28489112854004,64302700
2022-05-06,22.55692882080165,24.139020836008974,21.29513921037687,22.6636962890625,73607500
2022-05-09,21.178671926016627,21.935747034888024,18.75215127727433,19.14039421081543,72482100
2022-05-10,20.819542770646738,21.49896727391094,19.140389488976684,20.470123291015625,72934500
2022-05-11,19.926587118909776,21.353380514067815,18.412436985893805,18.587146759033203,76546000
2022-05-12,17.965957267994817,19.4024569008247,17.432121669095938,18.83950424194336,79889100
2022-05-13,19.965408074433913,22.236631148511556,19.586871512516975,21.828975677490234,65885900
2022-05-16,21.217493417095415,21.848388304662336,20.576892226484322,20.74189567565918,49300800
2022-05-17,22.401633774139203,24.01284299293377,22.168688063730247,23.857545852661133,65619700
2022-05-18,22.712230802222024,23.634309304013176,19.926586391720466,20.237180709838867,61497800
2022-05-19,19.945992697498905,21.39220017688229,19.315097898184238,19.907169342041016,62522000
2022-05-20,20.906903305817387,21.013668958078327,17.1409421308075,19.761585235595703,86718200
2022-05-23,19.344220804023134,20.21776777230215,18.878329334446075,20.023645401000977,54498700
2022-05-24,19.111275141507043,19.295689358523603,17.898014944506894,18.538616180419922,57291400
2022-05-25,18.179489770255767,20.110999720390794,18.16978346683341,19.59657859802246,54536300
2022-05-26,19.03362604314387,22.158983558799278,18.90744594938046,21.87750816345215,60520000
2022-05-27,22.906351652375687,24.6922707139998,22.896645349169376,24.517560958862305,54680400
2022-05-31,24.401085394790375,24.847566053327753,23.051940819254554,24.129316329956055,48671900
2022-06-01,24.595207015394998,24.96403724303714,22.04250692338659,23.01311492919922,52378500
2022-06-02,22.712229694418973,25.507582123715874,22.61516851191915,25.429933547973633,49439000
2022-06-03,23.82842813108364,24.216672852384516,22.809290365888923,23.226652145385742,42093200
2022-06-06,24.507852118018533,24.82815268550944,22.789875505436466,23.207237243652344,40514000
2022-06-07,22.343396388557125,24.012841465973032,21.877504997364937,23.876956939697266,37067500
2022-06-08,23.449889505408898,23.74107116953173,21.761031780663163,22.236629486083984,38501600
2022-06-09,21.731912976569053,22.86752443408229,20.411887328173066,20.470123291015625,37937200
2022-06-10,19.39274476381963,19.907167600468757,18.11154267390303,18.25713348388672,58924000
2022-06-13,16.432396906105545,16.89828839166949,14.889129740297818,15.092957496643066,77061300
2022-06-14,15.53943449662806,15.743261290560755,14.76294790178167,15.296782493591309,52253400
2022-06-15,15.869444921878017,16.91770173563994,15.015309568878646,16.121803283691406,77001800
2022-06-16,14.695006454457687,14.743536117249059,12.60819855688929,13.171151161193848,90753100
2022-06-17,13.248801216127404,13.607927055380095,12.404372215105429,13.297331809997559,64012800
2022-06-21,14.112640511208092,14.976481978410208,14.064109925294456,14.364998817443848,57522800
2022-06-22,13.644855341119243,14.548681528141929,13.54766939076892,13.887819290161133,49362200
2022-06-23,14.169657268839085,14.179376049127635,12.96455631807604,13.615699768066406,47625300
2022-06-24,14.227967639944103,15.403913062304582,14.159937111374715,15.365038871765137,60548200
2022-06-27,15.850965670744236,15.996743652461094,14.937421736528737,15.35531997680664,43426900
2022-06-28,15.549689672683396,16.11336584917147,14.111343822840372,14.15021800994873,56957600
2022-06-29,13.605979784216233,13.644853975097783,12.663279496796353,13.168644905090332,61516700
2022-06-30,12.663280310879834,13.440765105326783,12.031574436735745,12.731310844421387,70274900
2022-07-01,12.138479202283792,12.245383937708892,10.8167555953816,11.273528099060059,92067100
2022-07-05,10.437730467345643,11.565082982008603,10.233640724047428,11.516490936279297,82942200
2022-07-06,11.584521225522671,12.148197516124117,11.195779275740266,11.749736785888672,77177800
2022-07-07,12.546657665641591,13.499076788776948,12.546657665641591,13.324142456054688,75926300
2022-07-08,12.76046553445812,13.771195431898674,12.595249990246641,13.518512725830078,77437200
2022-07-11,12.877087686180719,13.071458635699708,12.29397391078996,12.546656608581543,52520600
2022-07-12,12.809059733289608,13.071460317186483,12.362006028470935,12.60496997833252,53368400
2022-07-13,11.837203599643948,13.178364676235017,11.788610625676771,12.915963172912598,70014100
2022-07-14,12.799340461597414,13.858663390628971,12.187071220225947,13.674010276794434,78227900
2022-07-15,14.334869536908743,14.723611390904995,13.644852050940127,14.684737205505371,74112400
2022-07-18,15.384477326392789,15.724627229039738,14.218250545199409,14.500088691711426,83926600
2022-07-19,15.170667923626386,16.686763301411958,15.063764124788081,16.47295570373535,78348500
2022-07-20,16.356333284059005,17.92102173859405,16.03562093941737,17.687776565551758,85890600
2022-07-21,17.99876844148816,18.581882246237072,17.18240948557322,18.56244468688965,80210800
2022-07-22,18.30976037673434,18.377789974839192,16.66732382872308,17.15325164794922,65689500
2022-07-25,16.745071220715946,16.88113226259014,15.967587497152332,16.813100814819336,43336800
2022-07-26,16.45352017434011,16.754794974988418,15.792657886207328,15.967592239379883,48959700
2022-07-27,16.832543259293555,18.58188492580061,16.686765250501622,18.20285987854004,78797600
2022-07-28,18.329199623960946,18.970624256172282,17.085223624752572,18.824846267700195,69548100
2022-07-29,18.047361663263416,19.427396954587692,17.804397716577224,19.271900177001953,61313500
2022-08-01,18.863722570115847,20.029950372999384,18.494418149614592,19.446836471557617,61205100
2022-08-02,18.883158256937936,20.282631110648687,18.572164701372838,19.35936737060547,60816500
2022-08-03,19.417675960092303,21.10870461376091,19.310773096234566,20.94348907470703,57214600
2022-08-04,20.865742526288198,21.643228247472873,20.622778585980694,21.448856353759766,56294600
2022-08-05,20.370095117289974,21.49744946427582,19.99107197750802,20.953208923339844,60067800
2022-08-08,20.06881883101048,20.787991790618342,19.019214801627715,19.961915969848633,59477700
2022-08-09,18.68878398753263,18.68878398753263,16.43407914198747,17.192127227783203,65153600
2022-08-10,18.543007336635647,19.456552245921273,17.872426360929452,19.349647521972656,69125300
2022-08-11,19.8938877365885,20.992085838463556,19.126122611629732,19.223308563232422,70069200
2022-08-12,19.670360094253915,21.108706154744567,19.417677377627005,20.992084503173828,57238400
2022-08-15,20.64221403585745,21.351668224148476,20.21459702560403,21.167016983032227,48991600
2022-08-16,20.875459769305827,21.128142471061043,19.816136919268338,20.545028686523438,48777200
2022-08-17,19.612050863279187,19.631488424677507,18.183421612856534,18.999780654907227,67988800
2022-08-18,19.164991856676334,20.758836308821042,18.95118429097029,20.30206298828125,50790800
2022-08-19,19.495427077790346,19.806420641172657,18.358355703131352,18.630475997924805,49700800
2022-08-22,17.590587449029265,17.6391794895465,16.29801952239512,16.560420989990234,51389400
2022-08-23,16.5992982989058,17.551716613135056,16.53126868412771,16.842262268066406,49723200
2022-08-24,16.764509051086925,17.09494010241624,16.298018809328173,16.920005798339844,42087500
2022-08-25,16.968600462916942,18.83456357240963,16.929727196921124,18.77625274658203,58659800
2022-08-26,18.708221946994804,18.785970327692752,15.501097999286076,15.530253410339355,84676900
2022-08-29,15.044326909622777,15.598284403221124,14.529243609841267,14.626429557800293,61062700
2022-08-30,15.06376386971636,15.131793474476632,13.567106077153378,14.062752723693848,77063100
2022-08-31,14.276560405538728,14.286279185373916,13.275549253360854,13.644854545593262,86870500
2022-09-01,12.663279710621083,12.886807007089716,11.63311317144829,12.847932815551758,113345600
2022-09-02,13.450482088289487,13.742038963107019,12.274536737097982,12.498063087463379,100737200
2022-09-06,12.54665600312858,12.66327856721222,11.73029712770935,12.070446968078613,79919100
2022-09-07,12.0704483847776,12.945118181481078,11.885795274847268,12.624405860900879,79632700
2022-09-08,12.284256479549855,13.41160895223999,12.02185499357862,13.265830039978027,103258300
2022-09-09,13.858663941764863,14.432059012526844,13.79063340546221,14.237687110900879,81908900
2022-09-12,14.412619993806786,14.626428507868452,13.897536730999597,14.36402702331543,67153300
2022-09-13,12.779903416229004,13.110334536961007,11.613676640047872,11.749736785888672,85975600
2022-09-14,11.93438821826388,12.381441895384269,11.603957118631351,12.109322547912598,65846900
2022-09-15,11.885794977963421,12.313412012611892,11.263807912051227,11.574801445007324,94630600
2022-09-16,11.147185999125458,11.759455248615406,10.865347861439663,11.7205810546875,87622100
2022-09-19,11.292964235207332,12.089885691122241,11.244371260053857,11.914952278137207,75532200
2022-09-20,11.554186452067567,11.739443034927776,11.144670921673889,11.407930374145508,70577400
2022-09-21,11.466435206084936,12.597477963784275,11.09592103893037,11.115421295166016,125021300
2022-09-22,10.89116396263658,11.03741914872322,9.994129798973443,10.247639656066895,112096100
2022-09-23,9.818621610690503,9.886874828261437,9.214098824249415,9.779620170593262,120047000
2022-09-26,9.662615542149217,10.101381961717324,9.26285056143455,9.311602592468262,96464800
2022-09-27,9.789370147953232,10.023378773832365,9.155596553730344,9.565112113952637,115839400
2022-09-28,9.331102788539921,10.091632236221855,9.214098472712156,9.916125297546387,119412700
2022-09-29,9.457858064761917,9.49685950488983,8.58032519695003,9.058093070983887,128122600
2022-09-30,8.677827808010655,9.37010402585367,8.521822056925068,8.638826370239258,109534300
2022-10-03,8.863084996201245,9.750368369001572,8.658327223257508,9.457857131958008,126786100
2022-10-04,10.315891068178933,10.822910738913881,10.27688962657376,10.764408111572266,114533100
2022-10-05,10.267139687918146,11.368931645804052,9.955128135195686,11.134922981262207,110030200
2022-10-06,11.008167676539351,11.622441097215816,10.774159020053387,10.910663604736328,117138000
2022-10-07,9.92587516741111,10.023378291905628,8.775331417355734,8.98008918762207,134873300
2022-10-10,8.843584230296962,8.86308541429132,7.66379002973353,8.073305130004883,163448700
2022-10-11,7.61503922595135,7.819797506462298,7.020266501421143,7.381030559539795,186475200
2022-10-12,7.303027323077136,7.4297822518858245,7.049517930393657,7.156772136688232,110516500
2022-10-13,6.259737860444034,8.151309305655161,6.054980045200807,7.800296306610107,284532700
2022-10-14,8.053805754658327,8.063556347719429,6.698504004800472,6.7570061683654785,177216100
2022-10-17,7.2835263464769495,7.478534029749136,7.020266369253298,7.147021293640137,113321500
2022-10-18,7.83929688575582,8.005053238366825,6.8642599550405805,7.215273380279541,185506400
2022-10-19,7.088519261591459,7.605289097317814,7.020266501421143,7.381030559539795,134272400
2022-10-20,7.507784366607666,8.20981123448471,7.400530636323164,7.507784366607666,170614600
2022-10-21,7.459032011288215,8.424318736598687,7.361528419068421,8.365816116333008,178616600
2022-10-24,8.424319292654452,8.59007564283592,7.878298210315321,8.4633207321167,147205700
2022-10-25,8.580324958415103,9.233599759797226,8.531572927143609,9.028841972351074,127146900
2022-10-26,8.521822403998035,9.428607031448667,8.336565799505758,8.785082817077637,143571600
2022-10-27,8.931338921823052,9.20434902606363,8.268313453085316,8.307315826416016,129662300
2022-10-28,8.346317322947327,9.321354345588157,8.278064099052388,9.26285171508789,129291600
2022-10-31,9.067843667492035,9.116595700140401,8.531573168095361,8.6973295211792,118351000
2022-11-01,9.175098015744016,9.282352680795347,8.716830365654614,8.87283706665039,108638200
2022-11-02,9.038591247823307,9.52610962978053,7.9953012781249395,8.034302711486816,174985600
2022-11-03,7.585787595992983,8.083056193510838,7.342028361050113,7.6930413246154785,135668700
2022-11-04,8.50232443792763,8.83383722665741,8.209813099056182,8.765583992004395,173041700
2022-11-07,9.038592545617249,9.448107189782798,8.658327818338519,9.350604057312012,105846700
2022-11-08,9.857622674698682,10.296390021387355,9.370104227149175,9.916125297546387,147373300
2022-11-09,9.496858712089468,9.574861585833592,8.95083859588059,9.009340286254883,107444900
2022-11-10,10.53039831816131,11.8661987103825,10.296389693947587,11.77844524383545,196270300
2022-11-11,11.973453634137725,13.075245512886815,11.534687187169466,12.889988899230957,166468400
2022-11-14,12.66572891123009,13.172748537696434,12.412219097996918,12.451221466064453,108739600
2022-11-15,13.982030340581513,14.079533479953787,12.977742518827545,13.523762702941895,159797700
2022-11-16,12.607225722498919,12.665727407921324,11.573686338071996,11.82719612121582,112310400
2022-11-17,11.05691903133773,12.265964611906083,11.027668183545764,12.061206817626953,128795400
2022-11-18,12.665730676200846,12.704732119835601,11.768696542733705,12.17821216583252,117064100
2022-11-21,11.768694283559189,11.895449183506612,11.446932202872494,11.593188285827637,84238200
2022-11-22,11.836948854819822,12.616977667437526,11.55418817777898,12.57797622680664,86949600
2022-11-23,12.577976022751532,13.40675778504696,12.519474327688135,12.987491607666016,113790600
2022-11-25,12.802234209416715,12.928989114048678,12.509722962563544,12.538973808288574,41754500
2022-11-28,12.051456128887999,12.441471459094702,11.31042876824385,11.544437408447266,87803100
2022-11-29,11.651689833926003,11.875948786459391,11.212923450112505,11.43718147277832,75056000
2022-11-30,11.544438082659257,13.504262651021739,11.232426544166108,13.475010871887207,133385800
2022-12-01,13.738270121403426,13.777271560355278,12.61697712426933,13.16299819946289,112133900
2022-12-02,12.178210166319545,12.80223409188631,11.992953571938262,12.704730033874512,98017700
2022-12-05,12.480473632620658,12.831486613555224,11.895451067861982,12.275715827941895,71095100
2022-12-06,12.22696299433733,12.28546561894098,11.095920310853225,11.427433013916016,86923400
2022-12-07,11.12516973933726,11.632189321678975,11.047166869725851,11.407930374145508,86276700
2022-12-08,11.593189458723906,12.402470038068419,11.359179888294179,12.30496597290039,101888300
2022-12-09,12.178211343291396,12.665729820731734,11.8759504080043,12.012454986572266,88787400
2022-12-12,11.836949792069076,12.685231890358544,11.64194164360622,12.655980110168457,73482200
2022-12-13,14.352543322116466,14.537799922603314,12.81198510591005,13.289752960205078,180078900
2022-12-14,13.172748938495577,13.679767650521033,12.226962871036589,12.675479888916016,139612300
2022-12-15,11.924701921101498,12.070958027273626,11.037418410487973,11.115421295166016,107181700
2022-12-16,10.920413191940144,11.193423266025041,10.501147953490966,10.832659721374512,88813800
2022-12-19,10.842411508719302,10.871662358842759,10.091633489765497,10.423145294189453,82876800
2022-12-20,10.02978278670052,10.519040483612741,9.94171625194672,10.186345100402832,88304000
2022-12-21,10.401616589898667,11.027866647939888,10.372261395467223,10.900659561157227,83240400
2022-12-22,10.31354934062438,10.333120090978012,8.914272418620916,9.569877624511719,135617300
2022-12-23,9.383960846411298,9.599234450076597,9.03169477983448,9.560093879699707,92378600
2022-12-27,9.374176232660826,9.383961609346823,8.933844546824732,9.070837020874023,78142100
2022-12-28,8.904488713528574,9.2273986556083,8.552222643489008,8.669644355773926,83917300
2022-12-29,9.080620859783467,9.61880441027726,8.982769898993118,9.462242126464844,90966000
2022-12-30,9.070836416933806,9.491597321383466,8.865348186133806,9.462242126464844,64369800
2023-01-03,9.951500947175127,9.990641522915656,8.99255544175476,9.158903121948242,97509800
2023-01-04,9.6677316360807,10.049352953241696,9.374176848509547,9.853649139404297,114576600
2023-01-05,9.589448382886985,9.785151220663304,9.325248852000401,9.364389419555664,83312800
2023-01-06,9.736226229334719,10.832163161160407,9.354605891675629,10.636460304260254,123492600
2023-01-09,11.282280921936035,12.006382938666404,11.037652101831357,11.282280921936035,136968300
2023-01-10,11.135503541664239,11.732397502036326,10.949585123506065,11.712827682495117,90401400
2023-01-11,11.722612309065351,12.162944920441904,11.399702349512456,12.133588790893555,80469400
2023-01-12,12.319508077899169,12.798980362672584,11.566050830525286,12.54456615447998,135343400
2023-01-13,12.104234157122908,12.720698908517889,12.006383186968334,12.671772956848145,74389800
2023-01-17,12.60327636725231,13.141459934355007,12.39778813011073,12.779409408569336,74500500
2023-01-18,13.161030920553628,13.464371081580953,12.534781710460981,12.54456615447998,82050400
2023-01-19,12.211869061556992,12.251010564816598,11.370346338356269,11.51712417602539,99618400
2023-01-20,11.849817669588687,12.583704003540081,11.49755256523852,12.51520824432373,89921600
2023-01-23,12.896830023755173,14.589660791644796,12.84790407943561,14.42331314086914,125178200
2023-01-24,13.98298476193571,14.530953786084153,13.855777650380087,14.129761695861816,75816000
2023-01-25,13.415443707565055,14.315677784890786,13.043607811870963,14.217825889587402,93424800
2023-01-26,14.697301107778806,14.971285146404325,13.992769789556787,14.91257381439209,111443300
2023-01-27,14.188471420455283,15.02999421703228,14.041694503172803,14.658158302307129,101402600
2023-01-30,14.04169602622611,14.30589469262825,13.435015671585672,13.503512382507324,81286700
2023-01-31,13.376304691226501,14.23739829717966,13.346949492496547,14.208043098449707,97363300
2023-02-01,14.413528339072439,16.90874320002475,14.364603325990274,16.439054489135742,150219900
2023-02-02,16.957669953181643,18.004681018081513,16.64454535803811,17.53499412536621,116420900
2023-02-03,16.419484396677817,17.740478316482086,16.243351376338723,16.566261291503906,94867600
2023-02-06,15.773668694000877,16.497769848812574,15.519253538903142,15.754097938537598,77254800
2023-02-07,15.87151707013576,17.466498011696608,15.783450546178669,17.21208381652832,119100900
2023-02-08,16.957670409523754,17.309936521724847,15.998725844498395,16.135717391967773,72392900
2023-02-09,16.95766796960537,17.515421322759362,15.861730148427483,16.22378158569336,84793400
2023-02-10,15.71495595999035,15.871518266297933,14.922359051011979,15.460542678833008,78447700
2023-02-13,15.64645696889474,16.262922556369443,15.235480532701446,16.067218780517578,60332300
2023-02-14,15.71495355521894,17.153372090565338,15.333333225287673,16.95766830444336,111460800
2023-02-15,16.448842692279555,17.212085345588157,16.077007676382507,17.16316032409668,74638200
2023-02-16,16.292280740612874,16.80110918729369,15.832379182864814,15.930231094360352,81774100
2023-02-17,15.636671373911668,15.773664761632268,14.71686755969882,15.166984558105469,82871000
2023-02-21,14.472239296121662,14.981067631365674,13.591576018272916,13.70899772644043,68114400
2023-02-22,13.806850499735553,14.100405275366485,13.24909707926622,13.532866477966309,70471500
2023-02-23,14.80493791888288,15.010426187502357,13.973199466569518,14.756011962890625,94198000
2023-02-24,13.98298509115172,14.227613942244776,13.660075082363685,14.002555847167969,74689200
2023-02-27,14.638587883754523,14.687513831910298,14.188470840454102,14.188470840454102,61896900
2023-02-28,14.090620119150083,14.941929261770099,14.002554524947765,14.335248947143555,59300500
2023-03-01,14.491812051352513,14.89300317636487,14.16890114275839,14.364604949951172,63832600
2023-03-02,13.708999043212655,14.912572367423488,13.366518328272974,14.687514305114746,73485400
2023-03-03,14.726654893652173,15.431186144249649,14.335248228571409,15.343119621276855,72055200
2023-03-06,15.489896060971406,15.900872533412864,14.716869064366728,14.844076156616211,56252700
2023-03-07,14.86364717828206,15.088706185292216,14.17868664653732,14.335248947143555,66744300
2023-03-08,14.540737091341798,15.558392970863654,14.530952647515704,15.470327377319336,71670200
2023-03-09,15.41161552942549,16.184643489933524,14.48202620793839,14.589662551879883,87945700
2023-03-10,14.785363993091336,14.922356453860184,13.513295009146171,13.748138427734375,128656300
2023-03-13,13.317592293579693,14.227611779962217,12.867475238648913,13.71878433227539,121199400
2023-03-14,14.442885453397915,15.20612709447459,14.227611835027874,14.8930025100708,107012500
2023-03-15,14.286321209967651,14.530949991417886,13.454582979762952,14.37438678741455,126199700
2023-03-16,14.168898873684793,16.165070668443512,13.992766781876783,16.067218780517578,108646600
2023-03-17,16.135716213112932,16.53690731542262,15.489896298840277,15.78345012664795,79179200
2023-03-20,15.793236117005254,16.42927254592874,15.440970950031884,16.25313949584961,62536400
2023-03-21,16.66963599966323,17.17923142787849,15.621045694556184,16.33643913269043,76051300
2023-03-22,16.346237190598337,17.659424236694665,15.875842332971208,15.915040969848633,95075000
2023-03-23,16.679437001016233,17.806425583423632,16.29723947524531,17.140031814575195,97514400
2023-03-24,16.75783314229391,16.87543092199674,15.719044032064877,16.23843765258789,90583300
2023-03-27,16.42463726583589,16.58143556061183,15.493646689660098,15.650444984436035,64605200
2023-03-28,15.55244482139476,15.562244947986292,14.60185403762096,15.31724739074707,75621600
2023-03-29,16.013040998175253,17.120429169551336,15.973840490566785,16.73823356628418,90012500
2023-03-30,17.404627360505785,17.924022874751113,17.228228813434423,17.5908260345459,80622200
2023-03-31,17.208629998168703,17.973023142988183,17.081232075290416,17.933822631835938,68287500
2023-04-03,17.561428082421145,17.79662555465022,16.787234767465005,17.453628540039062,57147300
2023-04-04,17.512428106907965,17.54182662067737,16.179640653320224,16.454038619995117,64093400
2023-04-05,15.924842886350417,15.98364178286718,15.072251410124496,15.601446151733398,86953300
2023-04-06,15.140849271387367,15.689644226080212,14.788053115607955,15.346647262573242,65901100
2023-04-10,14.91545254421996,16.169839859514866,14.837053395426,16.062040328979492,63177700
2023-04-11,16.385435367489922,16.454036251169857,15.787642620314152,15.885640144348145,52220200
2023-04-12,16.326637548159926,16.405036694029793,14.964451687727355,15.023250579833984,76962300
2023-04-13,15.082051149461842,15.630845197584055,14.73905416844177,15.35644817352295,59431400
2023-04-14,15.327048386335884,15.86604322973985,14.778253415784748,15.268248558044434,56858500
2023-04-17,14.797853670079087,15.307448132041545,14.650854566646244,15.268248558044434,56761700
2023-04-18,15.699445133347208,16.032641986553067,15.101650449210256,15.46424674987793,56833200
2023-04-19,14.895851054889382,15.072249592348488,14.680252946282861,14.95465087890625,53185600
2023-04-20,14.494056223127538,15.581845098923896,14.454856649258973,14.895852088928223,65191000
2023-04-21,14.788053702776988,14.788053702776988,14.19025902461997,14.562655448913574,68276000
2023-04-24,14.48425554805198,14.739053235854067,14.072659570707541,14.337257385253906,48740200
2023-04-25,14.131460533804018,14.131460533804018,12.90647262993468,12.935872077941895,89382800
2023-04-26,13.347467005165438,13.514065421338325,12.916271709218366,13.102469444274902,68911200
2023-04-27,13.063269777242004,13.327867589690083,12.269478209080805,13.269067764282227,87997600
2023-04-28,13.484666250628477,13.984461509336445,13.269068130963786,13.945261001586914,65456800
2023-05-01,14.170659389337887,14.49405610476039,14.033460414622578,14.366657257080078,57191000
2023-05-02,14.366656943615608,14.61165450659566,13.631664254675451,14.062860488891602,61126500
2023-05-03,13.837463516612814,14.327458687603036,13.533667033970186,13.563066482543945,71240700
2023-05-04,13.229868111053127,13.719863226277317,12.955471108213203,13.32786750793457,62383900
2023-05-05,13.347466945388135,14.386257010132008,13.17106840326767,14.180459022521973,62636200
2023-05-08,14.170659556895838,14.40585700096751,13.7884630093357,14.356857299804688,41012800
2023-05-09,13.788463959590148,13.837463664129865,13.465067218056296,13.661065101623535,57414300
2023-05-10,14.09226159377964,14.347059313577006,13.631665859467729,14.023662567138672,78346700
2023-05-11,14.043259359084963,14.141258751999377,13.367066538668222,13.788461685180664,54962200
2023-05-12,13.89626402633318,14.082461789173506,13.31806954682068,13.739465713500977,46243600
2023-05-15,13.817863912316833,14.837053809686317,13.690465058321697,14.807653427124023,64054000
2023-05-16,14.680253729360809,15.25844813557097,14.670454536994866,14.74885368347168,54294600
2023-05-17,15.17024892246732,16.013041152332093,14.837053015911545,15.817042350769043,77302900
2023-05-18,16.013043842930163,17.443828979526128,15.993443585643897,17.316431045532227,91302200
2023-05-19,17.23802720844023,17.287025969177826,16.71863174638032,17.042028427124023,49521200
2023-05-22,16.581436927331026,17.365428465830945,16.552036543693553,17.179231643676758,43944400
2023-05-23,16.85583411754909,17.198829231473272,16.45403823908089,16.581436157226562,41287200
2023-05-24,15.57204480825363,15.905240695343547,15.180048162620174,15.709243774414062,87475800
2023-05-25,17.796624944899015,19.00201264971757,17.277229376615836,18.766815185546875,124768700
2023-05-26,19.64880399575627,22.79457370720323,19.62920561110506,22.422176361083984,112964600
2023-05-30,24.0783606496744,24.30375796330941,22.13798036248215,22.412378311157227,99439100
2023-05-31,21.27558926036791,22.216380953267773,20.667996299846717,20.726795196533203,73938700
2023-06-01,21.050191448228443,22.294779592781065,20.413198119414194,21.716585159301758,74757400
2023-06-02,22.23597929983052,22.431976228355584,21.099190759162756,21.57938575744629,65015000
2023-06-05,21.314789074248257,21.314789074248257,20.24659949524553,20.550395965576172,35747700
2023-06-06,20.13879823972039,21.618583693752978,20.021200460259116,21.29518699645996,49445200
2023-06-07,21.70678260848817,22.637774048405536,21.059989224463695,21.206987380981445,65066100
2023-06-08,21.353987756534977,22.02037953494546,21.03058919004137,21.834182739257812,43045900
2023-06-09,22.569175197948383,23.019969797115692,21.647983877636637,21.951780319213867,50142100
2023-06-12,22.735775357994566,24.186160531083527,22.6671744679358,24.10776138305664,52761000
2023-06-13,25.273950749160797,25.558146964353696,24.225359557426565,25.048551559448242,82626800
2023-06-14,24.803552375340516,26.16574007582826,24.34295763685192,26.1069393157959,84622000
2023-06-15,25.23474918623469,26.03834090008627,24.911352475314345,25.430747985839844,64797200
2023-06-16,26.23434268196568,26.25394293799093,24.6271572023774,24.734956741333008,55392600
2023-06-20,24.362558186333725,25.03875011227794,23.500165720540053,24.15675926208496,43349100
2023-06-21,23.722935414007747,24.03701617813082,22.280126201791496,22.358646392822266,59099400
2023-06-22,21.86789514356695,22.947547322598613,21.80900359513067,22.672727584838867,44637500
2023-06-23,21.54399514475996,21.86789111318736,21.121948485764232,21.485103607177734,44294000
2023-06-26,21.907153236938527,22.88865653158322,21.642146898087905,21.681407928466797,47524300
2023-06-27,21.877708527024666,24.037014572134584,21.60288694074425,23.919235229492188,54471000
2023-06-28,22.75124868417478,23.987943169593184,22.68254374699639,23.281259536743164,55584500
2023-06-29,23.66404477505179,23.66404477505179,22.741431163961227,23.369592666625977,45213700
2023-06-30,24.11553456197035,24.70443688660394,23.840714849991855,24.370725631713867,47598800
2023-07-03,24.792775032321476,25.27371145279432,24.223503159917996,25.01852035522461,25289900
2023-07-05,24.527770664637583,24.71425684183675,23.389226827545514,23.408857345581055,38292000
2023-07-06,22.181974568268473,22.623649922338373,21.63233325401598,22.55494499206543,49420400
2023-07-07,22.653097695346844,23.58552664528879,22.407721852948345,22.535316467285156,41284000
2023-07-10,22.731615509441475,23.98794036489686,22.65309532297982,23.870159149169922,39943500
2023-07-11,24.22350084062561,24.282390512251247,22.84939664625769,23.889789581298828,44231000
2023-07-12,24.969445031360614,25.37186124354259,24.537583045579098,25.214820861816406,54237000
2023-07-13,26.019651736400313,26.94226532814079,25.72519963415008,26.775409698486328,42645500
2023-07-14,26.834300346230428,27.511538146765293,25.420935071396052,25.744831085205078,47910200
2023-07-17,25.793908452753044,28.002290968061967,25.293341524634737,27.540983200073242,50068600
2023-07-18,27.236716794973994,28.02191869248799,26.588924761507702,27.73728370666504,45800100
2023-07-19,27.884511490721977,27.91395726671597,26.53985287883897,26.785228729248047,49085500
2023-07-20,25.31297031835394,25.57797477938673,23.42848395863439,23.840715408325195,67340600
2023-07-21,24.54739610978087,25.116667910682878,24.04682923573566,24.459060668945312,43146400
2023-07-24,24.449251218182617,24.969448729743483,24.05665020571654,24.439435958862305,29911500
2023-07-25,24.841846564559148,26.098171389969178,24.841846564559148,25.646678924560547,39288500
2023-07-26,24.73388735535072,25.254082978712805,23.762197305530673,24.59647560119629,54225500
2023-07-27,26.500587991055788,27.53116566410262,25.519084732127798,25.9705753326416,83083300
2023-07-28,27.472279751504082,27.913957027279533,26.647816751436014,27.62932014465332,60636000
2023-07-31,27.93358254827929,28.218219399071714,27.433017521142517,27.88450813293457,37007400
2023-08-01,27.295605269587586,28.188773090779563,26.932450109974447,28.002288818359375,36908400
2023-08-02,26.99134340641743,26.99134340641743,24.331470100232764,24.812406539916992,81886500
2023-08-03,23.840717128112946,25.12648598477638,23.624785194274693,24.6848087310791,51031600
2023-08-04,24.360912037174266,25.470011834141975,23.63459980698121,24.419801712036133,59250900
2023-08-07,24.989075691935618,25.303158352807152,24.517954508732068,25.18537712097168,40030800
2023-08-08,24.046831298048268,24.095905715135046,22.996623047011486,24.007570266723633,52987700
2023-08-09,23.948681225578255,23.987942257941885,22.52550249963984,22.662912368774414,49811500
2023-08-10,23.222368327421847,23.958495815075715,21.89733847523108,22.388090133666992,65350400
2023-08-11,21.524370067855873,21.593075006983383,20.621386856317436,20.748981475830078,66258400
2023-08-14,20.474161036276662,22.535316629616116,20.277859612116178,22.50587272644043,55110100
2023-08-15,22.20160670807362,22.397906255781447,21.29862354682418,21.396772384643555,45574800
2023-08-16,21.30843310319803,21.377139898219674,20.09136938670299,20.15026092529297,54398900
2023-08-17,20.238597233526413,20.366191828500714,19.345427580431014,19.541728973388672,50769000
2023-08-18,18.864490192221574,20.052109997542328,18.756526116878756,19.77728843688965,63687900
2023-08-21,20.13063546940133,21.622521124549948,20.01285423470256,21.47529411315918,60272400
2023-08-22,22.28993847184251,22.39790443113125,20.709719472440696,20.955095291137695,59640500
2023-08-23,20.562497916288436,22.466613251208777,20.513421620809506,22.181978225708008,67010200
2023-08-24,23.44811540492938,23.477561180595487,19.865628403262466,20.03248405456543,87095000
2023-08-25,19.963777966728372,20.778425659204466,19.041164308431778,20.27785873413086,73315300
2023-08-28,20.866761417565737,21.190657447747075,20.376009743226195,21.023801803588867,57976500
2023-08-29,20.699905757089482,22.878842515494505,20.58212453163045,22.643281936645508,62384100
2023-08-30,22.49605157460084,23.261624681782028,21.956225607684623,22.967172622680664,58519900
2023-08-31,22.741429110643697,23.830898256520324,22.711983340839083,23.41866683959961,57584100
2023-09-01,23.899604385181956,24.05664475458371,23.075141509788303,23.575708389282227,50183300
2023-09-05,23.310702063890936,24.12534968218837,22.947545039606332,23.575708389282227,39873800
2023-09-06,23.428484009626935,23.84071546021497,22.240864072809696,23.006437301635742,45032300
2023-09-07,21.455663639033826,21.642147925983753,20.611570166487024,21.465478897094727,61690800
2023-09-08,21.318251683715484,21.779559447590145,20.82750001802349,21.10232162475586,40693000
2023-09-11,21.828632141518554,21.89733706975874,20.20915214703956,21.053245544433594,55474600
2023-09-12,20.611572559721008,21.573445496544696,20.46434741585114,20.552682876586914,49005100
2023-09-13,20.493786200461034,21.465476025751773,20.405452633867046,20.837312698364258,56098900
2023-09-14,21.455664643161082,21.524369580733723,20.660645551642748,21.249547958374023,54201500
2023-09-15,20.84713083014726,20.876576604452005,19.090240815483625,19.423952102661133,77383000
2023-09-18,18.933201638181266,19.806739072205357,18.844866181699146,19.561363220214844,41631100
2023-09-19,19.426670891589616,19.475826696850493,18.758141439068556,19.102237701416016,50047300
2023-09-20,19.32835952186431,19.58397386258653,18.128940115559118,18.168264389038086,58695600
2023-09-21,17.460411088937033,17.824168598504496,17.09665170419554,17.12614631652832,68048000
2023-09-22,17.59804602528309,18.060118834788096,17.332600182610904,17.539058685302734,65378900
2023-09-25,17.312940419016638,17.971638374699562,17.04749455437414,17.912649154663086,56510100
2023-09-26,17.440746172286282,17.617710077247313,16.703397818397875,16.949180603027344,70947400
2023-09-27,17.34243349608766,17.775011742355353,16.605085107646193,17.381759643554688,80980900
2023-09-28,17.2736170307727,18.895783337344064,17.05732881495458,18.3255672454834,88909800
2023-09-29,19.102240207480502,19.328359941623717,18.345228706036856,18.551687240600586,75732800
2023-10-02,18.630338139851016,19.249710008999347,18.11910943425851,18.75814437866211,65982800
2023-10-03,18.286240917186667,19.062913599531683,17.234290820434797,17.58821678161621,77741000
2023-10-04,17.87332773736164,18.49269964526191,17.47024404527949,18.3255672454834,74018800
2023-10-05,18.266580721578542,18.551689718056693,17.519400657730667,18.089616775512695,63584100
2023-10-06,17.716024328440863,19.456166968536234,17.362096503289557,19.141563415527344,92805900
2023-10-09,18.600845792246364,19.20055653434844,18.138774718519336,19.053085327148438,62652500
2023-10-10,19.230046467076637,20.27216692822713,18.964602458268512,19.711780548095703,67622800
2023-10-11,19.967395442847913,20.33115483553267,19.48566134860394,20.16402244567871,62660000
2023-10-12,20.321322332437042,21.206140052791074,19.751106301526757,20.331153869628906,83392100
2023-10-13,20.44913070283359,20.537612671634122,18.532025754228414,18.659832000732422,88671200
2023-10-16,18.807298667661158,19.662623620217126,18.777805932342137,19.475828170776367,65688500
2023-10-17,18.315735833513273,19.42667528533957,17.607881951722266,18.97443389892578,90214600
2023-10-18,18.060121594255566,18.47303678755622,17.67669913786452,17.97163963317871,81406400
2023-10-19,18.443541187602698,18.61067356344328,16.939349805037413,17.135976791381836,115930900
2023-10-20,17.12614552960243,17.489904897629614,16.29048363697831,16.359302520751953,83690500
2023-10-23,16.074197298605892,16.968846640974203,15.562968567202812,16.113521575927734,89594500
2023-10-24,16.378964956701346,16.841035926305988,16.14301370359426,16.75255584716797,79093400
2023-10-25,16.1036878558798,16.241327495792557,14.461859652696853,14.717473983764648,107436500
2023-10-26,14.874773655318037,15.41549594782842,14.235737877774175,14.481520652770996,101804700
2023-10-27,15.04190668853188,15.307351609828112,14.678148277815161,14.845280647277832,91507300
2023-10-30,14.570003903884153,14.855111910856685,13.783499703675075,14.284895896911621,104353000
2023-10-31,14.294727102186517,14.776461148035533,13.773667847239354,14.648653984069824,75873100
2023-11-01,14.697810436318962,15.749761399463681,14.67814830095602,15.680941581726074,100044400
2023-11-02,16.614919524697576,17.1163167407755,16.103690770048605,16.79188346862793,89974100
2023-11-03,17.30310899024253,18.443540998958223,17.204795498075892,18.069950103759766,88065900
2023-11-06,18.138769455672694,18.325563013626976,17.43091386705015,17.942142486572266,52668800
2023-11-07,17.853661396310514,18.56151514378943,17.755347907033872,18.286239624023438,56719500
2023-11-08,18.34522713350994,18.64016572883467,17.971638121087025,18.355058670043945,50269100
2023-11-09,18.71881730257693,19.36768368752341,17.971637431238058,18.07978057861328,75784400
2023-11-10,18.738481306946625,20.42946827573757,18.512361566990556,20.252504348754883,95598900
2023-11-13,19.770771090762594,19.85925305799003,19.249710825442584,19.682289123535156,57461900
2023-11-14,21.14715155323853,22.012306152096546,21.019343451878104,21.766523361206055,94381100
2023-11-15,22.22859548584943,22.78897993084163,21.805848799227576,22.24825668334961,78026200
2023-11-16,21.99264794718379,22.5235378726716,21.76652632365696,22.336742401123047,61404400
2023-11-17,22.09095783981448,22.897127015414533,21.992646217947094,22.739824295043945,54090800
2023-11-20,22.70049877180072,24.008063147507343,22.661172625079256,23.772111892700195,56824400
2023-11-21,23.172402990131825,23.201897602347838,22.071297053170355,22.4547176361084,63297900
2023-11-22,22.83813639459328,23.71312440202857,22.435052769045402,22.612016677856445,64858200
2023-11-24,22.58252201693406,22.75948592534496,22.36623383730622,22.700498580932617,21933500
2023-11-27,22.405559409893577,23.142907759273022,22.218763969668778,22.582521438598633,40671500
2023-11-28,22.120450542130403,22.503871084805038,21.599390365408752,22.15977668762207,53548300
2023-11-29,23.064255538265705,23.890085842082396,22.74965387494008,22.828304290771484,69262600
2023-11-30,23.05442764698053,23.074088846067422,21.81568209615548,22.425222396850586,58913500
2023-12-01,22.00247654386368,22.80864574378785,21.471586644100398,22.680837631225586,54913400
2023-12-04,21.982816289558848,22.06146671791325,20.930866107128374,21.933658599853516,55773300
2023-12-05,21.314285323488313,21.717368976962348,20.9800205559478,21.560068130493164,51980900
2023-12-06,22.444885267751243,22.50387261482542,21.048838885835977,21.107826232910156,60117400
2023-12-07,21.648552117466032,23.005272514053583,21.451925103387058,22.788984298706055,77337000
2023-12-08,22.621848025687004,23.634473787002793,22.562860681633556,23.300209045410156,69286800
2023-12-11,23.978570619069508,25.93500158412895,23.89992019397274,25.669557571411133,80772700
2023-12-12,25.315625658670474,26.269262144342306,25.168156369674133,26.200443267822266,55752100
2023-12-13,26.249602942864655,27.920924803818437,25.974325540686603,27.44902229309082,80992700
2023-12-14,28.137216976825457,29.97567134964101,28.12738543938258,29.68073272705078,86502800
2023-12-15,29.94617435362448,31.0571136189776,29.838031200708976,30.054319381713867,66922000
2023-12-18,30.044491029597143,30.191960344784736,28.963046259597977,29.7790470123291,46100400
2023-12-19,29.8183717880093,30.457406747988017,29.779047511714392,30.231287002563477,39361100
2023-12-20,29.690561919859352,30.10347708398259,27.576828415910708,27.625986099243164,59562600
2023-12-21,29.31387670182487,29.964201211077366,28.91974092036694,29.8164005279541,62019200
2023-12-22,30.171120730641576,30.624376365299376,29.4419672567693,30.062732696533203,42657600
2023-12-26,30.47657155506006,32.05311431301078,30.456864300738875,31.688539505004883,48619700
2023-12-27,32.08268153717952,32.260043091970076,31.383088946548686,31.875757217407227,47991500
2023-12-28,32.112242190041854,32.299455503576304,31.580157498385862,31.74766731262207,34883800
2023-12-29,31.69839448914147,31.875756037366106,30.437160154010577,30.93968391418457,53294900
2024-01-02,29.451820513107947,29.461674141483055,26.86037639085253,27.628942489624023,79763800
2024-01-03,26.20019872895847,26.65345436488029,25.50060613863406,25.865182876586914,62304900
2024-01-04,24.594093812293874,25.94401089558368,24.436439509347444,25.205005645751953,75067000
2024-01-05,25.273979288240827,26.229760618697775,25.02764420379523,25.549875259399414,73944700
2024-01-08,26.10166303412223,28.24970508288137,26.042543145266553,28.01322364807129,73206500
2024-01-09,27.096857169989928,28.712814596178088,26.94905650675837,28.00337028503418,67616000
2024-01-10,28.220143532402144,28.259558043633493,26.692866930546764,27.757034301757812,62528400
2024-01-11,27.83586317849272,28.61428290930699,26.38741362950108,28.042783737182617,77551200
2024-01-12,28.16102361850622,28.555159333513032,27.205244274691285,27.688060760498047,48992100
2024-01-16,27.737330108434172,29.392702175162597,27.29392808445248,28.7620849609375,77707000
2024-01-17,27.954103759215613,28.131463425782638,26.564772275701884,28.01322364807129,77075400
2024-01-18,30.269654043178758,30.85100498404595,29.372994499682754,30.732765197753906,99590300
2024-01-19,31.944731867330056,34.477059987212606,31.432356321290683,34.34896469116211,91848600
2024-01-22,35.156940255568244,36.0338924725452,33.71834439943134,34.74309539794922,73322100
2024-01-23,34.71354147217469,35.4821057732019,33.71834933260806,35.39342498779297,50847400
2024-01-24,36.5561208718213,38.34943978198463,35.72843493184017,36.871429443359375,97248200
2024-01-25,38.92093936922869,38.950498373536654,35.98462591343858,36.575828552246094,82851400
2024-01-26,34.35881444416539,35.028846133961245,33.20596812302464,33.51142120361328,70933100
2024-01-29,33.72820195129169,34.615009828220195,33.018755649748876,34.526329040527344,54398800
2024-01-30,34.05336286496694,34.6150065475326,32.56549687455437,33.03845977783203,55768200
2024-01-31,31.452061563820177,33.37347396697899,30.6834954749242,31.62942123413086,85888800
2024-02-01,31.8067829533969,32.24033508109243,30.74261740830985,31.974292755126953,60671300
2024-02-02,31.87575849978205,33.422742533088346,31.69839693785616,33.15670394897461,67828900
2024-02-05,34.043501443706745,35.078107849845786,32.93006602132599,34.5854377746582,65899800
2024-02-06,34.85148570401536,34.959873739493766,32.181214366651744,33.33406448364258,62828900
2024-02-07,33.93511783239457,34.96972813165694,32.969484810687895,34.84163284301758,63261800
2024-02-08,35.21606282866441,37.39366391862101,35.117526546609355,36.60539245605469,59516900
2024-02-09,37.30498761765686,38.96035976694063,36.6251003456589,38.74358367919922,65860900
2024-02-12,38.832259506678994,40.72411476095002,38.08340256273877,38.576072692871094,72207900
2024-02-13,35.18650256751852,37.403518327996125,34.64456613337901,36.2999382019043,86489300
2024-02-14,37.58087581361523,38.694311327240776,37.058646693928104,38.5465087890625,62424100
2024-02-15,39.413615396590004,39.5318551903227,37.93560481921788,38.53666305541992,60937300
2024-02-16,39.255955213955815,40.18217368408478,37.413370022212405,37.76809310913086,77150800
2024-02-20,36.69407567114176,37.1177685564476,34.15189580665624,35.88609313964844,80980100
2024-02-21,34.59529593012024,35.62005066708417,34.07306681324087,35.61019515991211,64615200
2024-02-22,39.85701246403649,41.433555305140985,39.285513334901964,40.81278991699219,96865500
2024-02-23,41.52224120426123,42.054325888404726,38.83226253501366,39.581119537353516,68430000
2024-02-26,40.61572861588408,41.187224038797666,39.80774986567093,40.605873107910156,49475100
2024-02-27,41.197074545051734,41.54194210676945,40.182171597129795,40.5073356628418,48124600
2024-02-28,39.1574308986537,39.906287982236925,38.57607988633923,39.216548919677734,46281900
2024-02-29,40.60587315910137,42.49772850355803,40.1723247770764,42.211978912353516,67431600
2024-03-01,43.749110460352505,48.23240803638206,43.59145616401218,47.621498107910156,90615500
2024-03-04,49.26701784568557,50.6563475985829,48.28167748877186,49.04039001464844,81255500
2024-03-05,47.30618963235725,48.28167825504477,44.59650360783943,46.153343200683594,76835800
2024-03-06,49.040391242547244,51.089897281681274,48.00578459363786,49.483795166015625,91762300
2024-03-07,51.38549500342293,55.23817519026581,51.33622498441858,54.5090217590332,91590800
2024-03-08,55.11993730775677,56.15454767255236,48.08460787628737,48.2324104309082,129037200
2024-03-11,46.25187571848782,47.08941729013343,44.438849283266116,46.08436965942383,76456400
2024-03-12,47.72988123911165,48.96155657437875,45.32565233782921,48.853172302246094,89505900
2024-03-13,47.19780287865534,47.33574992218913,44.4289952235306,45.404483795166016,79513600
2024-03-14,44.83298250619921,45.66066848743388,41.56165309436095,42.89186096191406,77822900
2024-03-15,41.197078519554815,43.49291942071305,41.009861460468066,42.11344528198242,72496500
2024-03-18,44.04471696572461,44.59650518829234,41.7094612524746,41.9163818359375,65139200
2024-03-19,40.146238166504894,41.36906803214302,38.41061268436455,40.846405029296875,83450200
2024-03-20,41.014052283497,43.19344679334294,40.0574838623618,42.798988342285156,79396800
2024-03-21,46.96054613619341,48.084758549750866,45.42215178579708,45.6686897277832,82495700
2024-03-22,45.0474154019582,46.84221141195066,44.623369818753,45.78702926635742,57152800
2024-03-25,43.883747369446574,46.52663402882576,43.5287321820867,45.25449752807617,54917700
2024-03-26,46.171622677845306,46.71400536499149,44.2584897181745,44.406410217285156,55697600
2024-03-27,45.58979099784553,45.89549936810997,43.3019194371835,45.85605239868164,56643600
2024-03-28,45.6686845696048,46.6449726029528,45.37283606314053,45.88563537597656,45684700
2024-04-01,46.08286716666169,49.2977237230192,46.07300730516763,47.32542037963867,63270000
2024-04-02,45.195333518477575,45.520761618277554,43.7654128231943,45.2446403503418,57411500
2024-04-03,43.676660372601795,46.526638227861866,43.59776642968167,45.55034637451172,54158200
2024-04-04,47.46348512977576,47.8185003642851,41.39865031793887,41.78324890136719,82719300
2024-04-05,42.108676276682814,43.91333184298079,41.35919891480201,43.015933990478516,71151400
2024-04-08,43.883750438690186,44.56419375414043,42.89759874343872,43.39067459106445,42780900
2024-04-09,44.741701532904976,45.21505389702805,42.57216704260493,44.76142501831055,66283900
2024-04-10,42.513001989585014,44.15001372274644,41.60574043525259,42.49327850341797,74894000
2024-04-11,43.104687684168155,45.41228269379691,42.0692292048705,45.16574478149414,64703800
2024-04-12,42.72009381023644,42.94690826291109,40.461805383966116,40.935157775878906,79978400
2024-04-15,42.39466031556396,42.79898233421547,38.55852730705339,39.22911071777344,62077800
2024-04-16,39.19953115169792,40.599864798463344,38.66700831622221,39.97859191894531,62696200
2024-04-17,40.037761794015736,40.2842997453628,36.13260154752711,36.54678726196289,85426600
2024-04-18,35.540904167654844,36.29037772001407,34.05181316173316,34.426551818847656,91529700
2024-04-19,33.48971025061201,34.10112700259625,29.781781577889856,30.363611221313477,105240100
2024-04-22,31.1426708980207,32.39508213906219,30.077627127434205,31.625885009765625,65096900
2024-04-23,32.365497712187,34.18001694688397,32.13868327808364,33.63763427734375,66511500
2024-04-24,36.39886121672595,36.96096741751851,34.12084930276054,34.99852752685547,80370100
2024-04-25,34.791429352548825,37.65127067060203,34.16029289220137,36.89193344116211,80677600
2024-04-26,36.803180777078104,39.73205250075175,36.49747239884481,39.248836517333984,59041700
2024-04-29,39.05160359884908,40.26457343145184,38.17392923756137,40.0476188659668,51120700
2024-04-30,39.524961535563556,40.9154352678011,37.59210136440309,37.65127182006836,56304200
2024-05-01,35.58035372346264,37.53293356020827,33.18400488703164,33.8940315246582,97290300
2024-05-02,35.48173609501773,36.3988574351055,33.647493414842195,35.945228576660156,56653400
2024-05-03,38.21338140354229,39.03188918510955,37.57238124299274,38.430335998535156,58599400
2024-05-06,39.41648565262599,40.80695943442155,38.93326965214598,40.728065490722656,48404800
2024-05-07,40.95487827691125,41.32961697055922,39.7221886705812,39.801082611083984,51508400
2024-05-08,38.51908805287419,39.939145194401824,38.42047062243249,39.85039138793945,53735100
2024-05-09,39.84053302688307,40.05748385828813,38.76562744672689,39.40662384033203,39132700
2024-05-10,40.58014052410947,41.6550459365795,39.95886395238498,40.46179962158203,47048400
2024-05-13,41.023914474673624,41.48740703689359,40.51111883537705,40.698486328125,30565400
2024-05-14,40.60973110744252,42.83843250279437,40.4815303211211,42.61161804199219,41581500
2024-05-15,44.05139351478887,46.41815903944216,43.3808138367362,46.34912872314453,58063500
2024-05-16,46.30968796841871,47.36487010129053,45.57007411293637,45.619380950927734,46325500
2024-05-17,46.368854566818854,46.723869789763235,43.71610778050494,44.77128982543945,40965800
2024-05-20,45.32352942118778,48.61727611827447,45.17560892921047,47.581817626953125,55103200
2024-05-21,45.90536581833147,47.522654178321694,45.76730516738654,47.3155632019043,36437200
2024-05-22,48.567973840354846,49.30758765518258,47.433897819537485,48.69617462158203,55487800
2024-05-23,52.41396206151404,52.46326889197801,46.89151052653897,48.134063720703125,81175900
2024-05-24,49.32731216136626,51.34892254464552,48.66658851695569,50.72764587402344,48477400
2024-05-28,52.601330495769844,54.129864839668926,51.03334918202134,53.2916374206543,50658400
2024-05-29,50.44166126547572,51.200994768632285,49.94858541248718,50.27401351928711,42965600
2024-05-30,50.13595039766718,50.62902622621943,48.301707713553625,49.30758285522461,38260500
2024-05-31,49.60342891874788,50.0176145819158,43.76541275917633,47.917110443115234,72522600
2024-06-03,50.10636838388963,50.2247055325647,45.48131458151021,47.917110443115234,53127300
2024-06-04,47.78890480326984,47.97627601161271,45.78701829383207,46.93095397949219,46692500
2024-06-05,49.33716804423933,53.12399069946059,48.88353916787375,52.778839111328125,66560100
2024-06-06,53.04509832946455,53.04509832946455,50.520548742952336,51.78282165527344,43947600
2024-06-07,51.50670667711746,52.16743032151762,50.10637296448235,51.15169143676758,50248700
2024-06-10,49.82038406077002,53.82416129497089,49.72176663419157,53.202884674072266,43759400
2024-06-11,52.6407771769939,53.72554250881457,50.984042071103005,53.41983413696289,37695700
2024-06-12,56.457185611003794,58.62672013358235,56.02328021123618,57.906829833984375,73759300
2024-06-13,59.23813586280631,60.63847331677372,57.49264679793341,60.01719665527344,45660700
2024-06-14,58.13364700196802,59.71148831315455,57.54195368887026,59.26771926879883,39112000
2024-06-17,60.15525252237505,62.275480140616644,58.13364232932499,61.8021240234375,54196500
2024-06-18,62.541744277893144,65.27338893034843,62.226176008253866,64.33654022216797,47069100
2024-06-20,64.61265412446724,64.91836625838869,57.97585759696558,59.18882369995117,60852900
2024-06-21,57.61098234751255,59.3466115015692,55.254080311168515,57.3940315246582,50012300
2024-06-24,55.66826358285927,56.69386224201819,52.295622851128606,52.482994079589844,54326400
2024-06-25,53.62914954513871,54.83563356620868,51.769978251057324,54.687294006347656,43610200
2024-06-26,54.54884835923988,55.597105326828505,52.26444090873479,54.173057556152344,41093400
2024-06-27,53.72804499867152,54.96419544934114,52.23477314170082,53.203914642333984,35417000
2024-06-28,54.26205898702584,57.93095638224363,53.490702314966185,54.74663162231445,55584600
2024-07-01,54.74663162231445,54.93452513225848,51.67108870535405,54.74663162231445,43335000
2024-07-02,53.75771482103244,57.11015445285783,53.67859937639098,56.961814880371094,45011700
2024-07-03,57.45626923056191,60.838378695310844,56.54646434459292,59.72089767456055,40242700
2024-07-05,61.174619065180295,61.68885814703521,59.12755405472957,60.136253356933594,38395400
2024-07-08,61.57017954507851,63.78536279664596,61.510846738228665,63.59746551513672,42861600
2024-07-09,64.40838276206539,65.41708579246753,61.728409390680035,63.53813552856445,41789800
2024-07-10,65.15995817721162,68.23550092389203,64.28971102650692,67.83003997802734,48280800
2024-07-11,69.23431889193103,69.3035430177119,60.54170772386126,61.30317687988281,75368500
2024-07-12,62.1437564799151,66.5543442169095,60.96694259242196,63.2315673828125,51046400
2024-07-15,64.2204872567927,66.02032191670489,62.35142470463933,63.42934799194336,48228700
2024-07-16,64.29958831489272,64.86327252912007,61.54050381404402,64.57649230957031,39846400
2024-07-17,57.950727120415905,58.64297207354677,50.65249814228523,50.97883987426758,99429800
2024-07-18,53.55992839626352,53.569815940334976,48.57576870436416,51.08762741088867,94172600
2024-07-19,51.206293663401354,51.78975681108584,46.23202559288512,46.47925567626953,75969100
2024-07-22,49.495460123353865,52.36333049437916,48.2692010673137,52.34355163574219,73675300
2024-07-23,49.94047596219758,51.493080556653545,49.44601580415602,49.97014236450195,50181600
2024-07-24,47.893415006144856,48.24942695174442,41.78188666650424,42.424686431884766,90534800
2024-07-25,41.050084318499124,43.21582241805501,36.97573330947338,39.33925247192383,143325900
2024-07-26,41.77199384556406,42.52357159055047,40.25894326790272,41.455535888671875,82759200
2024-07-29,42.88947307572044,44.50141424809911,40.802850604053845,41.34675979614258,80788400
2024-07-30,41.910446512309825,42.197230553762054,36.37249015366993,36.827396392822266,108596000
2024-07-31,41.83133057745573,44.26407376371696,40.961079602212436,43.89817428588867,96880500
2024-08-01,41.58410102599633,42.938920883847665,33.04971713105749,34.612213134765625,163864400
2024-08-02,30.22140325184231,31.239991820061334,27.828216096957878,29.014921188354492,198233900
2024-08-05,23.25940706140535,29.815948145406196,23.239628201733343,27.58098793029785,220042200
2024-08-06,28.283120762241943,30.45874427551239,26.86896444119748,28.263341903686523,137309500
2024-08-07,30.972982955219404,31.58611436048475,25.652592663738787,25.929489135742188,146256500
2024-08-08,28.25345731092755,31.24988699124459,26.57229365646093,31.11143684387207,149988600
2024-08-09,30.369742749053284,31.437778527478986,29.25226359430856,30.666419982910156,96949800
2024-08-12,30.76531158339545,32.228913195959635,29.89506065047591,31.061986923217773,89135100
2024-08-13,32.2981401689837,35.037450134414975,31.833346373001305,34.88911056518555,103380000
2024-08-14,35.779136410522426,36.234038838749,32.901378516190334,34.66165542602539,112421600
2024-08-15,36.93617423582019,40.02160850013051,36.451605368062104,39.477699279785156,107522700
2024-08-16,38.36022256397333,39.78426655749283,37.64819868099764,39.2898063659668,82364600
2024-08-19,38.84478901839337,41.28742341949109,37.470190375201774,41.13908386230469,77684200
2024-08-20,40.59517942929852,41.45553907362403,38.6667840010392,39.645816802978516,83644600
2024-08-21,40.298505274895426,41.89066768198346,39.88316052822821,41.26764678955078,83611500
2024-08-22,42.03900428245429,42.4049075443277,36.69883641915383,37.09440231323242,107889900
2024-08-23,38.72611831735454,40.75340415275374,38.162434055132124,39.9523811340332,87128100
2024-08-26,39.309583133300755,39.84360101709901,36.50104924407458,36.95595169067383,86603000
2024-08-27,36.105483269003976,38.53823039584501,35.12645415506401,38.06354904174805,74033300
2024-08-28,37.667977749451445,38.42944690130018,34.899001416094514,36.19448471069336,101998500
2024-08-29,36.64938773147869,38.49866763899343,35.23523139854637,35.789024353027344,97333200
2024-08-30,38.2514438229361,38.78546177851157,36.649393728641904,38.360225677490234,85280800
2024-09-03,36.39226917435753,36.40216049070439,29.07425875069189,29.736835479736328,140077900
2024-09-04,28.74791701759871,31.33888941192354,28.41168391559741,29.96428871154785,108759900
2024-09-05,28.728136519863057,30.854316863254105,28.510574713518462,29.420381546020508,100075900
2024-09-06,28.78747360387801,28.846808300059667,25.217470336907137,25.672372817993164,156147600
2024-09-09,26.878858975815284,27.42276448588775,25.860270201330778,27.126089096069336,84474500
2024-09-10,27.234865673021748,28.075446409963895,25.949268165187366,28.035890579223633,81557500
2024-09-11,28.569907713445176,32.06079526913069,26.779962445329744,31.863014221191406,143140900
2024-09-12,31.398221078079516,32.32780484798502,30.013732966840443,31.457555770874023,98895800
2024-09-13,32.15969477939382,33.34640012158145,32.00146765193095,33.05961227416992,78147300
2024-09-16,31.67512160923072,32.278363702610996,30.498307601976112,31.803682327270508,79670100
2024-09-17,32.94094238257092,33.18817250133777,31.01254670170303,31.803682327270508,86913700
2024-09-18,32.17947108753364,33.623293982578325,30.70597801489763,30.794981002807617,113735500
2024-09-19,34.295760919540925,36.03625922181711,33.5046253275972,34.73088455200195,123984300
2024-09-20,33.67274009475958,34.01886451085426,31.68501167806628,33.178279876708984,108589600
2024-09-23,33.59362704676029,33.99908425807169,32.82226657291447,33.5441780090332,59731600
2024-09-24,34.51503893881536,35.3670181128592,33.26679293020189,34.74289321899414,83369600
2024-09-25,34.38625119795308,36.11992855847301,34.326813249941395,35.406646728515625,73587500
2024-09-26,39.82504348716567,40.13214960700666,36.36759408474286,39.280174255371094,138171800
2024-09-27,39.626905183501016,39.636810246985775,36.753953046050725,37.30873107910156,85253500
2024-09-30,35.91188956784306,37.06106988284937,34.72308143322212,36.3378791809082,74316700
2024-10-01,36.24871256517892,36.64498313847084,32.434624358488314,33.51445770263672,124928300
2024-10-02,33.53426770101786,35.713748287501716,32.85070493279252,34.633914947509766,81729100
2024-10-03,33.7522179165613,36.26852743159097,33.66305722416682,34.88158416748047,86857200
2024-10-04,36.962004112929655,37.1799495625764,35.11935207113473,36.3378791809082,100846900
2024-10-07,35.58496132615804,36.89265275798347,35.23822739518081,36.07039260864258,73150200
2024-10-08,36.08030268156222,37.4771550008574,35.327392993011536,37.11060333251953,66629700
2024-10-09,36.94219011834065,38.39847658422603,36.189276663857996,38.2498779296875,67182800
2024-10-10,36.753955568523985,38.06164322699858,36.020859888620926,37.477149963378906,79999000
2024-10-11,36.58554255757607,38.68576759151997,36.5161957719588,38.30931091308594,58434500
2024-10-14,39.072136587644316,40.677029356173655,38.98297587828158,40.439266204833984,69661800
2024-10-15,40.11234131494459,40.80580921673138,33.32623070919076,34.14849090576172,131664200
2024-10-16,35.41654901177641,35.41654901177641,33.68287178742372,34.138580322265625,70233000
2024-10-17,36.82330171394208,37.011531941839515,34.88158416748047,34.88158416748047,97549000
2024-10-18,35.91188744339468,35.99114307793541,34.52494407186519,34.9410285949707,56704300
2024-10-21,34.515034782940916,35.04999891326862,33.41538755252826,34.76270294189453,59115800
2024-10-22,34.079147564853535,34.70326873963115,33.53427447384877,34.36643981933594,51493100
2024-10-23,34.089052247540714,34.55466969130719,31.988826886476513,33.4847412109375,81658300
2024-10-24,34.25746506817407,34.41597255496984,33.21725567076548,33.97016906738281,60128300
2024-10-25,34.86177466012249,36.526105275455976,34.84196075052128,34.95093536376953,82300500
2024-10-28,34.97074605078395,35.75337840188578,34.42587681386974,35.02027893066406,51661100
2024-10-29,35.129255651895875,38.091368908363826,34.61410535602681,37.62575149536133,72288200
2024-10-30,34.643828280703126,35.367018955665266,33.59371377479162,33.692779541015625,89440100
2024-10-31,32.70210596755935,32.71201481141098,28.957364164371338,29.809343338012695,135437800
2024-11-01,30.40374873455701,31.53311512091324,30.096638806342828,30.542442321777344,80726000
2024-11-04,30.324492553290824,31.374605107048556,29.730088543586316,30.066917419433594,60422400
2024-11-05,30.076825998435307,31.196285400724214,29.967851388726718,31.087310791015625,63174900
2024-11-06,32.93986974239501,34.17821071015422,32.09779939596543,33.801753997802734,97893100
2024-11-07,35.43636637746934,36.03076854360806,35.109442540711285,35.87226104736328,77945800
2024-11-08,35.22832578836633,35.94160762768043,34.51504016993544,35.0797233581543,62666300
2024-11-11,34.02960488656804,34.08904660757082,31.186375366470955,32.4643440246582,99155700
2024-11-12,32.0680768999496,32.24639830306542,30.096638290223837,31.37460708618164,75694800
2024-11-13,30.542442804980446,30.928804598097273,29.195127172181447,29.413076400756836,92269200
2024-11-14,30.30467936315905,30.552347548938673,29.10596436141537,29.32391357421875,68994200
2024-11-15,27.748745566942603,28.22426806108492,26.183482606555323,26.41133689880371,113560200
2024-11-18,26.4509611062019,27.57042039449398,26.054690525635834,27.41191291809082,70256700
2024-11-19,27.114714193892784,27.768558062430035,26.83732514165703,27.59023666381836,57030600
2024-11-20,27.084993480365526,27.30294080789425,25.75749182733074,26.876951217651367,90911700
2024-11-21,27.788369518861,28.65025563151354,26.223106669880007,28.224266052246094,106013200
2024-11-22,27.986504822097395,28.42240135548249,27.580329151065246,28.224266052246094,52604100
2024-11-25,29.30410092038141,29.81925122235078,28.471935629371924,29.056432723999023,70536000
2024-11-26,29.759811018322797,29.96785139373759,27.203873449112294,27.867624282836914,73204200
2024-11-27,27.421821349476467,27.491168137945564,25.341408247612176,26.728349685668945,84235700
2024-11-29,27.29303357081088,28.769137634590802,27.24350068901781,27.798276901245117,54303400
2024-12-02,28.29361320049878,30.512719932934143,28.19454554762362,29.918317794799805,89389800
2024-12-03,29.30410102813932,29.997572736383407,29.125779623758934,29.452701568603516,59730300
2024-12-04,31.2458180758809,31.265630093950374,29.95794242345348,30.59197235107422,67498800
2024-12-05,30.463188303446845,30.582069869695257,28.610629354075442,28.848392486572266,59282100
2024-12-06,28.92764467207055,29.581488527232025,28.63044171727824,29.333820343017578,49152300
2024-12-09,28.798855644755097,30.037196543752536,28.343147100912002,28.95736312866211,54963000
2024-12-10,29.155499063081336,29.254566715069625,26.312267465676424,26.80760383605957,77681700
2024-12-11,28.065760075203002,29.35363394684244,27.53079775098113,28.848392486572266,77277400
2024-12-12,28.184640681094937,28.561095497197297,27.481262041338567,28.19454574584961,59937600
2024-12-13,30.086732393899414,31.017963422905208,29.214939311545418,30.413654327392578,103693900
2024-12-16,30.829735467626524,32.642666445523766,30.106542955584075,32.20676803588867,85469700
2024-12-17,31.285445059958594,31.790688384207993,30.265051457310797,30.839641571044922,64499000
2024-12-18,31.483579147282313,32.177048904891905,26.74816295186018,27.57042121887207,102912200
2024-12-19,27.709114803122535,27.748742618202527,25.816930092891972,26.054691314697266,86520100
2024-12-20,25.57916921429822,28.105385772796925,25.351314943205665,27.045364379882812,108080200
2024-12-23,27.70801134591942,29.56581004094517,27.678208314893535,29.39691925048828,79330900
2024-12-24,30.062546994663883,30.370523645117398,29.466461749180844,30.281110763549805,39963700
2024-12-26,29.70489714579624,30.89706770408288,29.56581127546052,30.370525360107422,45184100
2024-12-27,29.7843740251432,29.98306974294368,28.40344466062855,29.496267318725586,59316300
2024-12-30,28.055728298880407,28.59220560376609,27.141731401406982,27.757686614990234,64859000
2024-12-31,28.01598973151629,28.38357434130036,26.754276298143342,27.13179588317871,61199500
2025-01-02,27.94644605837084,28.860442975288812,26.863560239917526,27.48944854736328,80996300
2025-01-03,28.13520553568182,29.923461281025997,27.976249722082706,29.625417709350586,72119600
2025-01-06,31.60243477485362,33.410560612277074,31.60243477485362,32.27799987792969,95159500
2025-01-07,33.3509503095888,33.50990613351172,30.400330696253793,30.946741104125977,79205700
2025-01-08,30.599025647378078,30.80765635821857,28.989597397593556,29.98307228088379,69523500
2025-01-10,28.870378375863858,28.900183303286745,27.26095019308561,27.876903533935547,85395000
2025-01-13,26.26747459080296,27.68814387682134,26.078713845727755,27.66827392578125,68286400
2025-01-14,28.284228585881795,28.771031039959652,27.002647001657007,27.936513900756836,79759400
2025-01-15,29.456527929315257,30.26124200008208,29.10881136457066,29.74463653564453,69461300
2025-01-16,31.25471891975573,31.5130226168078,29.7943115234375,29.7943115234375,78881100
2025-01-17,31.820998561949615,32.49656177012277,31.27458814675817,32.27799987792969,69688900
2025-01-21,33.112517501657315,34.30468425136276,32.2879315836452,33.47016525268555,60897500
2025-01-22,34.46363777205301,35.91411378978334,34.18546605431547,34.92063903808594,57709400
2025-01-23,33.22180005554129,34.692142486572266,32.79460553553429,34.692142486572266,44900600
2025-01-24,34.71201304576106,34.71201304576106,32.09917668173287,32.43695831298828,60111500
2025-01-27,27.47951358409628,27.89677308754927,23.68444004525868,24.8964786529541,198431800
2025-01-28,25.27400117427477,25.631650838245992,23.59502811666357,25.204458236694336,103185300
2025-01-29,25.93962848696295,26.128387340837133,24.68784997043066,25.512434005737305,94141700
2025-01-30,26.406560912748624,27.489448629333843,25.96943145685755,26.972841262817383,87140400
2025-01-31,27.44970924149052,29.05913933047405,26.525779223727213,26.843690872192383,102136600
2025-02-03,24.638176064051994,26.317149128060393,24.151373604231217,25.44289207458496,103914300
2025-02-04,25.174652424134546,26.426430941317815,25.035566553859585,26.07871437072754,60520500
2025-02-05,25.91975953578168,27.76762340219632,25.37334911469708,27.519254684448242,70330700
2025-02-06,26.992711925293982,27.61860025109444,26.545647481934438,27.509319305419922,59735100
2025-02-07,27.688143798411602,28.095468319065816,25.631649349253887,26.158191680908203,87930800
2025-02-10,26.744342912607205,27.37023123142018,26.72447296092352,27.171537399291992,53330500
2025-02-11,26.505909270723407,27.71794790416547,26.505909270723407,27.221210479736328,43880500
2025-02-12,26.009169947226383,27.36029624938965,25.78067120344958,27.36029624938965,57999300
2025-02-13,27.31062434656509,28.363707193525567,27.221211455370966,28.284229278564453,61026300
2025-02-14,28.304098627521004,28.631945256608006,27.92657901323106,28.363706588745117,43089600
2025-02-18,29.009467350962684,30.03274526804642,28.522662990620315,29.7943115234375,60222200
2025-02-19,29.993007510911383,31.68191368985484,29.56581300429711,31.2646541595459,58412700
2025-02-20,31.850806089741127,32.42701955075566,30.499679643491987,31.493154525756836,50903200
2025-02-21,31.701781624548595,31.751454608010423,28.214684749267608,28.62200927734375,61966500
2025-02-24,28.969725453215833,29.069073313694368,26.486038415766583,26.585386276245117,63724100
2025-02-25,26.486039185286472,26.744342872074238,24.658045321021444,24.906414031982422,90907500
2025-02-26,25.820410395955516,26.823820193546908,25.353477911788428,26.118453979492188,75869500
2025-02-27,26.605259532613537,26.724475464076253,21.58820995673351,21.60807991027832,144841600
2025-02-28,21.657750319359405,23.068484639641536,20.882841172449975,22.581682205200195,110939400
2025-03-03,23.56522253295515,23.57515750874785,19.58138819542212,20.376169204711914,141822100
2025-03-04,20.14767034637099,22.11475006591027,18.87602187474917,20.515254974365234,154119800
2025-03-05,21.111339126401337,22.015401026810302,19.988713456025213,21.806772232055664,117702400
2025-03-06,19.58138826813236,20.88284167826499,18.885957014187234,19.104520797729492,164277600
2025-03-07,19.372759013707057,20.95238413103232,18.627652897795247,20.74375343322754,139349200
2025-03-10,19.21380340163376,19.670800914780447,16.98842000543922,17.87261199951172,169215200
2025-03-11,17.93221952623711,18.379283947793205,16.402269307283788,17.296396255493164,161267000
2025-03-12,18.419025316321072,18.98530569878156,17.783200100045345,18.18058967590332,137654500
2025-03-13,18.260064849045154,19.14425865431968,17.465285816677508,17.97195816040039,117160200
2025-03-14,18.935630005193737,19.79995395364759,18.86608706926468,19.670801162719727,99718700
2025-03-17,19.382695975111197,21.141147043597275,19.372760998492836,20.65434455871582,82794200
2025-03-18,20.058257141215282,20.266885943808276,19.39262893619032,19.79995346069336,79140900
2025-03-19,19.760214450473892,21.230558690204308,19.33301995551253,20.24701690673828,83249700
2025-03-20,19.48204182155956,20.435776738960964,19.462171870387984,19.79995346069336,80380600
2025-03-21,18.697194507442468,19.3628226662949,18.25013200651044,19.154193878173828,84348300
2025-03-24,20.346364872604248,21.230558794994153,20.23708392549313,20.862972259521484,91671300
2025-03-25,20.758331124722066,20.9476779328972,20.279983094287513,20.479293823242188,57784400
2025-03-26,20.230156358917185,20.439434834766406,18.13738300514297,18.725353240966797,94328400
2025-03-27,18.10748368717075,18.346657706003953,17.300271136010412,17.698894500732422,103112800
2025-03-28,17.27037424736848,17.5294799182836,15.685844656517018,15.974847793579102,138232400
2025-03-31,15.018150126130802,15.925019044508081,14.350455239995044,15.895122528076172,111345600
2025-04-01,15.67587918999155,15.934984866783093,14.77897609388928,15.895122528076172,106085000
2025-04-02,15.137736600683398,16.831887360707203,14.978287251560182,16.204055786132812,141655200
2025-04-03,13.762485969296437,14.071418856399118,11.360776975585509,11.370742797851562,302517400
2025-04-04,10.015422694040804,10.394115400277597,8.151856630733826,8.699963569641113,499158100
2025-04-07,7.85288796715422,10.942221450805665,7.205124280170803,9.118517875671387,723467300
2025-04-08,10.37418293398558,10.802703769043243,7.57385114933806,8.221614837646484,488735500
2025-04-09,8.450823079267838,13.064893118923933,8.211649056358693,12.72606372833252,787748800
2025-04-10,10.882428124870264,11.101671446909306,8.321270912007417,9.596866607666016,686331800
2025-04-11,9.317830841840046,10.354252587797594,8.879344170246593,10.194802284240723,412972900
2025-04-14,11.111636869103616,11.121602691143487,9.935697429798923,10.433977127075195,358849500
2025-04-15,10.563529968261719,10.98208499023693,10.374183150971785,10.563529968261719,230001400
2025-04-16,9.098586694195626,9.716453357770812,8.301339049120442,9.30786418914795,362439300
2025-04-17,9.517142579565649,9.517142579565649,8.869378391197154,9.168346405029297,233659100
2025-04-21,8.640170390657476,8.709929247088052,8.12195902747851,8.680032730102539,255318100
2025-04-22,8.929172232114828,9.367657948473516,8.819551040623432,9.148415565490723,249211900
2025-04-23,10.543598912906946,10.86249763302124,10.065250832735504,10.254596710205078,368456100
2025-04-24,11.011981355487706,12.048403074216367,10.812669669269326,11.958712577819824,339636700
2025-04-25,11.589986291952414,12.546683383346387,11.470399274327308,12.2975435256958,274438500
2025-04-28,12.118162160202356,12.486889024406675,11.410604947704039,12.24771499633789,203468900
2025-04-29,11.769366631613797,12.227783981922729,11.580019818229086,11.819193840026855,184045100
2025-04-30,10.952187580810651,12.167990315243204,10.713013552841558,12.118162155151367,229393200
2025-05-01,12.496854384786708,12.76592586921754,12.008540524589723,12.058368682861328,203349500
2025-05-02,12.845650767043248,13.642897511765348,12.845650767043248,13.244274139404297,223410600
2025-05-05,12.885513237301284,13.363861289072709,12.825719255633308,13.00510025024414,127572300
2025-05-06,12.28757706161929,12.905443762279619,12.078299554105866,12.596510887145996,158548700
2025-05-07,12.566613385066985,13.353895253831174,12.18792070826492,13.234308242797852,189249300
2025-05-08,13.79238282708169,14.290662548,13.333965445821121,13.613001823425293,203277000
2025-05-09,14.161109186280452,14.420214859733619,13.692725999714053,14.061452865600586,149644500
2025-05-12,16.831888054469797,17.409892444061697,16.443230487560868,17.071062088012695,263806000
2025-05-13,17.30027160557032,18.795110689440026,17.22054693046205,18.5360050201416,212931800
2025-05-14,18.904730792618317,19.303356066054874,18.36658971473684,18.775178909301758,179343100
2025-05-15,18.256966751201485,18.84493691214227,17.758687082660895,18.406450271606445,141287600
2025-05-16,18.466246523172128,18.536005377639004,17.698895322464026,18.32672691345215,113068600
2025-05-19,17.090992978868627,18.14734538895564,17.031199948316655,17.997861862182617,123632000
2025-05-20,17.559376450834304,17.93806816463062,17.379995465062223,17.908170700073242,84252500
2025-05-21,17.499581960383853,18.52603879315104,16.592713088057813,16.941509246826172,149964800
2025-05-22,16.911611973764956,17.370030276416667,16.423298106252727,16.453195571899414,144981100
2025-05-23,15.157668143580743,15.944950012428686,15.048046954386805,15.675878524780273,179062600
2025-05-27,16.682403818705748,17.44975499867197,16.293746268160906,17.230512619018555,136539700
2025-05-28,17.37003038516124,17.50954809081356,16.841853226813452,16.981372833251953,126785300
2025-05-29,18.11745117271238,18.147346739820666,16.841854387670736,17.140823364257812,179820200
2025-05-30,16.841852486946348,16.841852486946348,15.187564132536341,16.114364624023438,194058700
2025-06-02,16.004744016797403,17.041166743058895,15.984814272666435,16.841854095458984,103937000
2025-06-03,16.87175047583928,18.316760425089065,16.522954315404455,18.237035751342773,158644000
2025-06-04,18.61572950178645,19.193733865511064,18.157311199088355,19.02431869506836,146325300
2025-06-05,19.422943871581793,19.921223607335413,18.35662554119486,18.745283126831055,187397100
2025-06-06,19.33325031466264,19.881359077925552,19.084110486121148,19.1140079498291,114398700
2025-06-09,19.642185861911404,20.9875415005816,19.61229029489213,20.509193420410156,162686000
2025-06-10,20.76829734016564,22.023962369460044,20.618813815418097,21.81468391418457,142811000
2025-06-11,22.28306809031861,22.52224211069011,20.917780918980228,21.56554412841797,160395000
2025-06-12,21.166921127500245,21.99406534172979,21.01743759977899,21.615373611450195,100384500
2025-06-13,20.25008759761186,20.987541358065037,19.771739520688655,19.971052169799805,166989600
2025-06-16,20.758333403764194,22.143550440107674,20.71847201391135,21.82465171813965,121972300
2025-06-17,21.535648847217605,22.452483554431318,21.26657735796456,21.346302032470703,122379500
2025-06-18,21.64527049990767,22.30299958272349,21.156956599076914,21.5356502532959,113893800
2025-06-20,22.063824470335497,22.25317128823457,20.29991577992402,21.13702392578125,137078900
2025-06-23,21.10712729704216,21.904374015213698,20.210224263902653,21.50575065612793,125143700
2025-06-24,22.653418418166655,24.023021350795894,22.623426444998547,23.943044662475586,137608000
2025-06-25,24.392912693283197,24.59285536644894,23.863067850944873,24.572860717773438,107621600
2025-06-26,25.172687616935164,25.35263564704744,24.582858810142564,25.19268226623535,92382200
2025-06-27,25.202676336746812,25.83249440846949,24.272948075528156,25.102706909179688,113655600
2025-06-30,25.482595691600736,25.49259301571637,24.67283150618047,25.102706909179688,78035000
2025-07-01,24.37291766079532,25.16268910988898,23.573150794315957,24.702821731567383,107277300
2025-07-02,24.502881083149415,26.382334181579118,24.44289904458108,26.04243278503418,107157100
2025-07-03,26.392331254532774,26.71223799957766,26.222380557878356,26.42232322692871,62695800
2025-07-07,25.722527084919683,26.04243384604381,24.61285074561972,24.96274757385254,93297600
2025-07-08,25.622554203061377,27.022149058925116,25.352634081356992,26.362340927124023,90457500
2025-07-09,26.62226494879365,27.40203909804375,25.88248009751289,26.64225959777832,86818700
2025-07-10,27.382043751812745,27.72194514871833,26.652256243607365,27.362051010131836,87602500
2025-07-11,26.842201247738284,27.532001356977897,26.542287244819295,27.282073974609375,71855400
2025-07-14,26.632262579177482,26.762225892275897,25.312646239747203,26.4923038482666,99670600
2025-07-15,28.041851539030432,28.45173229357124,27.202095381728626,27.282073974609375,108926200
2025-07-16,26.592274624637962,27.04214278166927,24.902764937685024,27.02215003967285,125700900
2025-07-17,26.952169069437875,27.502010476555657,26.41232689362179,27.31206512451172,85334100
2025-07-18,27.651965609257267,27.891895669047564,26.752227408345014,27.32206153869629,68274300
2025-07-21,27.55199406171186,28.491721552068537,27.432029986139707,27.49201202392578,79860300
2025-07-22,27.112123825294706,27.272077200693936,25.33264014048495,26.312355041503906,118871600
2025-07-23,25.64254912887495,25.902473836156613,24.832784941401634,25.772512435913086,105639200
2025-07-24,25.652547663873605,25.7825109770463,24.94275477751167,25.612560272216797,77503300
2025-07-25,25.162690113571628,25.612560185657202,24.82278870506135,25.592565536499023,68037900
2025-07-28,26.372337598180764,26.982161045605782,26.33235020694346,26.8721923828125,88108400
2025-07-29,27.402038832730046,28.15182100124355,26.492303287477228,27.02215003967285,101714500
2025-07-30,27.741940847738732,28.121829649186566,26.922179297144957,27.60198211669922,96772200
2025-07-31,26.692245626582178,26.732233016867493,24.192971762924472,24.97274398803711,133413800
2025-08-01,23.573150905660285,24.8227878321834,22.56344404021425,24.07300567626953,132665200
2025-08-04,24.58285796122887,25.17268674765306,24.232959237737376,24.992738723754883,85963800
2025-08-05,25.41261662406106,25.67254133369566,23.603142887644964,24.51287841796875,99733400
2025-08-06,23.833076173227532,24.112995537768896,22.943335270884685,23.9830322265625,103447500
2025-08-07,25.47259884962026,25.87248228784141,24.52287592219436,24.992738723754883,117228400
2025-08-08,25.152692320528757,25.82249780049524,24.89276760669755,25.702531814575195,71389900
2025-08-11,26.022440034101567,26.882188942590087,25.44260857669528,25.602561950683594,75943500
2025-08-12,26.20238607705687,28.071843752201985,25.672541242238367,27.991867065429688,125315900
2025-08-13,28.641678636047008,29.32148144486316,28.30177723163893,29.261499404907227,89497100
2025-08-14,28.111833496960347,29.651385218559238,27.941882796511642,29.411455154418945,84286800
2025-08-15,28.701660042484015,28.701660042484015,27.062137003382695,27.362051010131836,93664700
2025-08-18,27.09212966204187,27.641969161478084,27.02215029740032,27.522005081176758,50310400
2025-08-19,27.561991613104468,27.851908293918136,26.092419281061535,26.232378005981445,75595100
2025-08-20,26.10241659331272,26.10241659331272,23.6531274675658,25.792505264282227,117636500
2025-08-21,25.39262273159801,25.89247751728614,24.902765270439005,25.34263801574707,67871100
2025-08-22,25.5525756902088,28.31177429064181,25.33264027456941,27.442028045654297,117140900
2025-08-25,27.34205701117022,27.57198975371707,26.80221293027448,27.292070388793945,55018700
2025-08-26,27.522004011403848,28.211802213310893,27.51200668730155,27.931884765625,57544300
2025-08-27,27.601981724715657,28.22180058776959,27.272077644239936,28.171815872192383,61375200
2025-08-28,28.401747275594417,29.10154470144835,27.95187722943195,28.521713256835938,74466400
2025-08-29,27.312065315321185,27.342057289051766,25.662544896033207,26.032438278198242,108411300
2025-09-02,24.073005989776714,25.272658217580048,23.793086628144028,25.242666244506836,101906700
2025-09-03,25.40262005980842,25.40262005980842,24.112995704079392,24.90276527404785,79482200
2025-09-04,24.402909904552708,25.722526202307314,23.973034493994387,25.642549514770508,81641200
2025-09-05,26.81220942278001,26.96216547166643,25.592564476563957,26.442317962646484,110749400
2025-09-08,26.952168035258033,27.422032735085224,26.67225058698101,27.072134017944336,72341700
2025-09-09,27.162108464900452,27.362051136993564,26.562282355415753,27.17210578918457,55882300
2025-09-10,28.471727891645088,28.821626619993015,28.061847123430127,28.591693878173828,86721600
2025-09-11,29.051558973053435,29.601400369326566,28.961584961059554,29.161527633666992,69919800
2025-09-12,29.361469916701267,29.54141603150683,28.781638461986578,29.291488647460938,52502600
2025-09-15,29.131536387302912,30.021279205122845,28.91160096738507,29.991287231445312,61268000
2025-09-16,30.321189583645697,30.641096324096765,29.78134743583317,30.471145629882812,54148200
2025-09-17,30.271205774628864,31.2409233489337,29.15153024281344,30.461149215698242,80483900
2025-09-18,32.75048444418803,34.13008474424554,32.42058226302025,33.63022994995117,104513300
2025-09-19,33.550254389443126,33.59023987373328,32.110670174495844,33.01041030883789,66106100
2025-09-22,33.19035594947621,34.739904901802845,33.18035671893057,34.41999816894531,62948200
2025-09-23,34.70000076293945,35.29999923706055,33.66999816894531,34.29999923706055,63661700
2025-09-24,33.959999084472656,34.38999938964844,32.810001373291016,34.20000076293945,58369900
2025-09-25,32.439998626708984,34.060001373291016,31.360000610351562,33.849998474121094,79969600
2025-09-26,33.93000030517578,34.22999954223633,32.83000183105469,34.02000045776367,60944500
2025-09-29,35.029998779296875,35.4900016784668,33.9900016784668,34.02000045776367,56593700
2025-09-30,34.06999969482422,34.959999084472656,33.56999969482422,34.84000015258789,60696800
2025-10-01,34.18000030517578,36.97999954223633,33.97999954223633,36.86000061035156,67094700
2025-10-02,38.959999084472656,39.31999969482422,38.13999938964844,39.08000183105469,68834400
2025-10-03,39.47999954223633,40.060001373291016,37.619998931884766,38.22999954223633,69252500
2025-10-06,42.83000183105469,43.369998931884766,41.65999984741211,41.709999084472656,99880300
2025-10-07,42.779998779296875,43.02000045776367,38.70000076293945,38.83000183105469,96375900
2025-10-08,38.869998931884766,42.939998626708984,38.68000030517578,42.779998779296875,77149800
2025-10-09,42.58000183105469,42.84000015258789,41.0099983215332,42.2400016784668,63095700
2025-10-10,42.52000045776367,42.84000015258789,34.16999816894531,34.209999084472656,204858900
2025-10-13,38.22999954223633,39.470001220703125,37.369998931884766,39.13999938964844,89274100
2025-10-14,36.619998931884766,39.0099983215332,35.95000076293945,36.630001068115234,100358200
2025-10-15,39.54999923706055,40.16999816894531,37.709999084472656,39.97999954223633,96059800
2025-10-16,41.45000076293945,41.93000030517578,39.279998779296875,40.56999969482422,89397000
2025-10-17,39.61000061035156,40.79999923706055,38.31999969482422,40.290000915527344,92083400
2025-10-20,41.15999984741211,43.040000915527344,41.130001068115234,42.2400016784668,62424500
2025-10-21,41.810001373291016,42.029998779296875,40.52000045776367,41.5099983215332,54386700
2025-10-22,40.08000183105469,40.810001373291016,35.970001220703125,38.38999938964844,110646700
2025-10-23,37.72999954223633,41.470001220703125,37.54999923706055,41.16999816894531,72467000
2025-10-24,43.43000030517578,44.15999984741211,42.959999084472656,43.13999938964844,69872500
2025-10-27,45.4900016784668,47.15999984741211,45.13999938964844,46.84000015258789,72684100
2025-10-28,46.439998626708984,47.61000061035156,45.939998626708984,46.959999084472656,53995000
2025-10-29,49.369998931884766,50.7599983215332,48.04999923706055,49.380001068115234,88268800
2025-10-30,48.5,49.970001220703125,47.27000045776367,47.38999938964844,76956300
2025-10-31,48.77000045776367,49.9900016784668,46.709999084472656,47.779998779296875,75650400
2025-11-03,49.5,50.189998626708984,48.029998779296875,48.58000183105469,52610600
2025-11-04,44.77000045776367,46.880001068115234,42.529998779296875,42.79999923706055,87734300
2025-11-05,43.220001220703125,48.43000030517578,43.209999084472656,46.83000183105469,76488900
2025-11-06,46.459999084472656,46.9900016784668,42.150001525878906,43.0099983215332,106419600
2025-11-07,41.099998474121094,41.7400016784668,37.040000915527344,41.7400016784668,143013500
2025-11-10,45.060001373291016,45.52000045776367,43.459999084472656,44.959999084472656,74223300
2025-11-11,43.720001220703125,44.040000915527344,41.650001525878906,41.810001373291016,80862700
2025-11-12,44.0099983215332,44.630001068115234,42.849998474121094,43.709999084472656,77730900
2025-11-13,42.16999816894531,42.63999938964844,38.0,39.220001220703125,126123700
2025-11-14,35.7400016784668,40.599998474121094,35.150001525878906,38.86000061035156,125398600
2025-11-17,37.900001525878906,40.08000183105469,35.529998779296875,36.84000015258789,101936600
2025-11-18,35.310001373291016,36.0099983215332,33.150001525878906,34.349998474121094,153515800
2025-11-19,34.720001220703125,37.29999923706055,34.20000076293945,35.959999084472656,120458900
2025-11-20,38.790000915527344,39.189998626708984,30.40999984741211,30.809999465942383,228883600
2025-11-21,30.850000381469727,33.040000915527344,28.1200008392334,31.729999542236328,205537900
2025-11-24,32.689998626708984,36.310001373291016,32.650001525878906,35.86000061035156,108832500
2025-11-25,34.34000015258789,36.45000076293945,32.04999923706055,36.16999816894531,108634700
2025-11-26,37.439998626708984,40.150001525878906,37.29999923706055,39.189998626708984,104203900
2025-11-28,39.650001525878906,41.33000183105469,39.25,41.2599983215332,57190400
2025-12-01,39.58000183105469,42.36000061035156,39.459999084472656,41.310001373291016,79426200
2025-12-02,42.790000915527344,44.61000061035156,42.029998779296875,43.79999923706055,111736200
2025-12-03,44.45000076293945,46.68000030517578,43.150001525878906,46.58000183105469,94299300
2025-12-04,45.88999938964844,46.099998474121094,44.439998626708984,45.15999984741211,77656900
2025-12-05,46.470001220703125,48.04999923706055,46.29999923706055,46.5,77049800
2025-12-08,47.560001373291016,48.599998474121094,46.70000076293945,47.9900016784668,69225000
2025-12-09,47.040000915527344,48.04999923706055,46.470001220703125,47.790000915527344,56373300
2025-12-10,47.650001525878906,50.09000015258789,47.0099983215332,49.650001525878906,91153100
2025-12-11,48.0099983215332,48.900001525878906,44.65999984741211,48.790000915527344,88063000
2025-12-12,46.91999816894531,47.380001068115234,41.060001373291016,41.709999084472656,138088200
2025-12-15,43.11000061035156,43.41999816894531,40.79999923706055,41.18000030517578,78218600
2025-12-16,40.75,41.65999984741211,39.2400016784668,40.4900016784668,94566700
2025-12-17,41.0,41.31999969482422,35.70000076293945,36.0099983215332,126113900
2025-12-18,39.970001220703125,40.41999816894531,38.11000061035156,38.58000183105469,97164000
2025-12-19,39.599998474121094,42.36000061035156,39.5,41.720001220703125,92529100
2025-12-22,44.45000076293945,44.560001373291016,42.72999954223633,43.2599983215332,62717400
2025-12-23,42.619998931884766,43.79999923706055,42.220001220703125,43.70000076293945,44455700
2025-12-24,43.720001220703125,44.36000061035156,43.59000015258789,44.209999084472656,30717800
2025-12-26,44.75,44.790000915527344,43.810001373291016,44.209999084472656,38006400
2025-12-29,42.97999954223633,44.33000183105469,42.349998474121094,43.81999969482422,54612100
2025-12-30,44.150001525878906,44.75,43.56999969482422,43.66999816894531,40697400
2025-12-31,43.88999938964844,44.150001525878906,42.0099983215332,42.029998779296875,44754800
2026-01-02,45.130001068115234,48.09000015258789,45.08000183105469,47.2400016784668,132719700
2026-01-05,50.349998474121094,51.220001220703125,48.630001068115234,49.220001220703125,94987500
2026-01-06,51.11000061035156,54.29999923706055,51.06999969482422,54.0099983215332,92678600
2026-01-07,52.20000076293945,52.7400016784668,50.84000015258789,52.290000915527344,65698500
2026-01-08,51.79999923706055,51.810001373291016,48.130001068115234,49.650001525878906,79844800
2026-01-09,51.09000015258789,54.7599983215332,50.310001373291016,53.95000076293945,87214400
2026-01-12,52.38999938964844,55.150001525878906,52.349998474121094,54.650001525878906,53193700
2026-01-13,55.689998626708984,57.630001068115234,55.43000030517578,56.06999969482422,61895400
2026-01-14,54.88999938964844,55.439998626708984,53.0,55.380001068115234,70434900
2026-01-15,60.959999084472656,61.66999816894531,58.0099983215332,58.08000183105469,89664300
2026-01-16,61.189998626708984,62.189998626708984,59.5,60.75,58559500
2026-01-20,57.34000015258789,61.04999923706055,57.220001220703125,57.939998626708984,71408300
2026-01-21,60.2400016784668,65.11000061035156,59.459999084472656,63.47999954223633,103027300
2026-01-22,66.9000015258789,66.95999908447266,63.040000915527344,63.720001220703125,62594200
2026-01-23,62.47999954223633,63.36000061035156,60.150001525878906,61.599998474121094,58613600
2026-01-26,60.75,61.959999084472656,59.599998474121094,60.70000076293945,42592400
2026-01-27,63.310001373291016,65.98999786376953,62.540000915527344,64.95999908447266,61155400
2026-01-28,69.0,70.93000030517578,67.9800033569336,70.08999633789062,74205500
2026-01-29,70.4000015258789,71.9800033569336,62.650001525878906,70.47000122070312,78058200
2026-01-30,67.12000274658203,69.86000061035156,60.290000915527344,61.790000915527344,83504200
2026-02-02,59.459999084472656,66.94000244140625,59.099998474121094,65.19999694824219,66961000
2026-02-03,66.80999755859375,67.62000274658203,57.02000045776367,61.20000076293945,101338500
2026-02-04,59.439998626708984,61.029998779296875,49.33000183105469,53.189998626708984,139149400
2026-02-05,51.310001373291016,55.4900016784668,50.0099983215332,53.25,109350300
2026-02-06,56.400001525878906,62.25,55.66999816894531,61.75,108594200
2026-02-09,59.9900016784668,65.05000305175781,59.290000915527344,64.02999877929688,66670500
2026-02-10,64.66999816894531,65.20999908447266,61.41999816894531,63.34000015258789,58273900
2026-02-11,67.20999908447266,69.0999984741211,63.22999954223633,68.05000305175781,89724200
2026-02-12,69.66999816894531,70.86000061035156,62.77000045776367,63.099998474121094,90896100
2026-02-13,63.93000030517578,66.25,61.43000030517578,64.58999633789062,79931300
2026-02-17,62.02000045776367,65.95999908447266,59.560001373291016,64.3499984741211,79420400
2026-02-18,65.26000213623047,68.44999694824219,64.06999969482422,66.29000091552734,69349000
2026-02-19,64.33000183105469,65.51000213623047,62.959999084472656,65.2300033569336,68827500
2026-02-20,63.7599983215332,68.22000122070312,63.58000183105469,67.11000061035156,81017900
2026-02-23,65.8499984741211,67.6500015258789,63.470001220703125,65.86000061035156,66926300
2026-02-24,68.11000061035156,70.0,66.3499984741211,68.52999877929688,66892100
2026-02-25,70.88999938964844,72.36000061035156,70.4800033569336,71.86000061035156,52929300
2026-02-26,71.02999877929688,71.11000061035156,61.630001068115234,65.33999633789062,97787900
2026-02-27,61.5099983215332,63.7599983215332,60.65999984741211,62.77000045776367,70112700
2026-03-02,58.11000061035156,62.81999969482422,58.04999923706055,62.7599983215332,81699800
2026-03-03,55.119998931884766,55.86000061035156,51.36000061035156,53.41999816894531,131198300
2026-03-04,55.959999084472656,57.720001220703125,54.380001068115234,56.619998931884766,78143300
2026-03-05,55.31999969482422,57.689998626708984,51.130001068115234,54.79999923706055,110055800
2026-03-06,50.09000015258789,53.36000061035156,46.79999923706055,47.88999938964844,125241500
2026-03-09,45.5099983215332,53.779998779296875,44.529998779296875,53.31999969482422,114897700
2026-03-10,53.36000061035156,57.779998779296875,53.36000061035156,54.59000015258789,104717600
2026-03-11,55.5,57.7400016784668,55.349998474121094,56.09000015258789,83007700
2026-03-12,53.529998779296875,53.880001068115234,49.529998779296875,50.279998779296875,105674400
2026-03-13,51.880001068115234,53.959999084472656,50.040000915527344,50.720001220703125,83244300
2026-03-16,54.060001373291016,55.68000030517578,53.0099983215332,53.689998626708984,79819200
2026-03-17,55.099998474121094,55.400001525878906,53.29999923706055,54.95000076293945,59567700
2026-03-18,55.029998779296875,56.47999954223633,54.0,54.02000045776367,75470000
2026-03-19,49.529998779296875,56.11000061035156,48.5,54.849998474121094,93732700
2026-03-20,54.689998626708984,55.36000061035156,49.0,51.13999938964844,101773000
2026-03-23,54.630001068115234,56.810001373291016,52.279998779296875,53.029998779296875,115257400
2026-03-24,51.540000915527344,56.09000015258789,51.540000915527344,54.959999084472656,92153500
2026-03-25,56.63999938964844,58.25,55.59000015258789,57.040000915527344,84440300
2026-03-26,54.189998626708984,54.439998626708984,48.869998931884766,48.970001220703125,116603800
2026-03-27,48.040000915527344,49.380001068115234,45.959999084472656,46.61000061035156,99401400
2026-03-30,47.86000061035156,48.290000915527344,39.52000045776367,40.619998931884766,139746200
2026-03-31,42.880001068115234,48.18000030517578,42.61000061035156,47.90999984741211,138002100
2026-04-01,50.040000915527344,54.09000015258789,49.619998931884766,52.2599983215332,121955600
2026-04-02,46.060001373291016,53.06999969482422,46.04999923706055,52.75,104471700
2026-04-06,53.75,55.599998474121094,52.880001068115234,54.810001373291016,68780400
2026-04-07,54.31999969482422,56.599998474121094,52.130001068115234,56.54999923706055,107326500
2026-04-08,66.33000183105469,67.9800033569336,63.560001373291016,67.5,111697300
2026-04-09,68.12000274658203,72.27999877929688,68.12000274658203,71.9800033569336,79331600
2026-04-10,74.30000305175781,78.30000305175781,74.30000305175781,76.38999938964844,78863600
2026-04-13,75.58999633789062,80.73999786376953,75.25,80.55999755859375,64504600
2026-04-14,83.2699966430664,85.56999969482422,80.70999908447266,85.30999755859375,61657000
2026-04-15,84.66000366210938,85.9800033569336,79.76000213623047,85.95999908447266,68425400
2026-04-16,85.01000213623047,89.38999938964844,83.30999755859375,88.37000274658203,63777500
2026-04-17,93.19999694824219,94.75,90.66000366210938,94.68000030517578,67081400
2026-04-20,95.97000122070312,96.93000030517578,92.02999877929688,95.94000244140625,49367800
2026-04-21,97.97000122070312,99.94999694824219,95.31999969482422,98.08999633789062,65206900
2026-04-22,102.94000244140625,106.08999633789062,99.5999984741211,105.63999938964844,58165200
2026-04-23,108.62000274658203,116.7699966430664,107.45999908447266,112.7699966430664,96510200
2026-04-24,125.20999908447266,130.1199951171875,120.23999786376953,128.32000732421875,83092400
2026-04-27,128.3300018310547,129.58999633789062,117.79000091552734,123.38999938964844,73334600
2026-04-28,108.75,115.62000274658203,103.98999786376953,109.55999755859375,94099700
2026-04-29,114.76000213623047,118.31999969482422,112.30000305175781,117.97000122070312,55503700
2026-04-30,122.80999755859375,127.44999694824219,117.5,126.9800033569336,58536700
2026-05-01,124.38999938964844,131.3800048828125,121.66000366210938,130.39999389648438,40940300
2026-05-04,132.1999969482422,133.6699981689453,123.80000305175781,127.55000305175781,46455700
2026-05-05,135.0,147.25999450683594,134.02000427246094,144.16000366210938,52130100
2026-05-06,157.83999633789062,166.0,149.05999755859375,165.85000610351562,65579200
2026-05-07,162.1199951171875,162.89999389648438,147.61000061035156,152.10000610351562,72375200
2026-05-08,163.0,177.5,161.50999450683594,176.94000244140625,47016500
2026-05-11,181.0,191.2899932861328,178.94000244140625,190.4199981689453,50496000
2026-05-12,177.6199951171875,182.24000549316406,150.5800018310547,172.52000427246094,91705600
2026-05-13,183.83999633789062,188.49000549316406,172.25999450683594,184.24000549316406,59522300
2026-05-14,182.6699981689453,189.55999755859375,178.27999877929688,186.19000244140625,43319000
2026-05-15,167.0,174.39999389648438,161.13999938964844,164.17999267578125,62126600
2026-05-18,172.9499969482422,174.61000061035156,142.69000244140625,151.75,75610500
2026-05-19,141.24000549316406,160.60000610351562,135.02000427246094,151.88999938964844,85384000
2026-05-20,161.0,173.69000244140625,161.0399932861328,173.1999969482422,56569177
