Datetime,open,high,low,close,volume
2023-06-23 13:30:00,15.630000114440918,15.729999542236328,15.574999809265137,15.690799713134766,4122885
2023-06-23 14:30:00,15.690999984741211,15.729999542236328,15.680000305175781,15.720000267028809,3060536
2023-06-23 15:30:00,15.719599723815918,15.725000381469727,15.631500244140625,15.645000457763672,2106609
2023-06-23 16:30:00,15.645500183105469,15.649999618530273,15.595000267028809,15.614999771118164,2011540
2023-06-23 17:30:00,15.610899925231934,15.619999885559082,15.539999961853027,15.539999961853027,2390421
2023-06-23 18:30:00,15.539999961853027,15.550000190734863,15.5,15.505000114440918,3511650
2023-06-23 19:30:00,15.505000114440918,15.520000457763672,15.420000076293945,15.4399995803833,9184471
2023-06-26 13:30:00,15.460000038146973,15.529999732971191,15.430000305175781,15.529999732971191,3426038
2023-06-26 14:30:00,15.524999618530273,15.59000015258789,15.510000228881836,15.545000076293945,2601387
2023-06-26 15:30:00,15.545000076293945,15.640000343322754,15.539999961853027,15.625,2927853
2023-06-26 16:30:00,15.630000114440918,15.630000114440918,15.5600004196167,15.5600004196167,2968784
2023-06-26 17:30:00,15.5649995803833,15.59000015258789,15.5600004196167,15.574999809265137,2040699
2023-06-26 18:30:00,15.574999809265137,15.600000381469727,15.569999694824219,15.595000267028809,2523170
2023-06-26 19:30:00,15.595000267028809,15.649999618530273,15.579999923706055,15.640000343322754,6161747
2023-06-27 13:30:00,15.550000190734863,15.744999885559082,15.529999732971191,15.720399856567383,8990937
2023-06-27 14:30:00,15.727999687194824,15.819999694824219,15.720000267028809,15.760000228881836,3673797
2023-06-27 15:30:00,15.760000228881836,15.789999961853027,15.720000267028809,15.78499984741211,2444375
2023-06-27 16:30:00,15.78499984741211,15.869999885559082,15.78499984741211,15.864999771118164,2827434
2023-06-27 17:30:00,15.864999771118164,15.880000114440918,15.84000015258789,15.875,2643576
2023-06-27 18:30:00,15.869999885559082,15.890000343322754,15.850000381469727,15.864999771118164,3124663
2023-06-27 19:30:00,15.869999885559082,15.869999885559082,15.829999923706055,15.84000015258789,4497044
2023-06-28 13:30:00,15.8100004196167,15.84000015258789,15.609999656677246,15.635000228881836,4975045
2023-06-28 14:30:00,15.630000114440918,15.744999885559082,15.614999771118164,15.738100051879883,3824101
2023-06-28 15:30:00,15.739999771118164,15.75,15.699999809265137,15.73799991607666,2960391
2023-06-28 16:30:00,15.739999771118164,15.739999771118164,15.6899995803833,15.725000381469727,1652780
2023-06-28 17:30:00,15.720000267028809,15.75,15.699999809265137,15.729999542236328,2036500
2023-06-28 18:30:00,15.734999656677246,15.760000228881836,15.729999542236328,15.739999771118164,1977836
2023-06-28 19:30:00,15.744999885559082,15.800000190734863,15.739999771118164,15.800000190734863,3596732
2023-06-29 13:30:00,15.739999771118164,15.970000267028809,15.739999771118164,15.923199653625488,4589115
2023-06-29 14:30:00,15.925000190734863,15.949999809265137,15.850000381469727,15.85219955444336,2814634
2023-06-29 15:30:00,15.856800079345703,15.96500015258789,15.850000381469727,15.9399995803833,2867698
2023-06-29 16:30:00,15.9350004196167,15.970000267028809,15.880000114440918,15.885000228881836,2355403
2023-06-29 17:30:00,15.885000228881836,15.949999809265137,15.869999885559082,15.944999694824219,1855671
2023-06-29 18:30:00,15.944999694824219,15.989999771118164,15.9399995803833,15.975299835205078,2481851
2023-06-29 19:30:00,15.975000381469727,16.010000228881836,15.970000267028809,15.989999771118164,5753451
2023-06-30 13:30:00,16.0,16.03499984741211,15.90999984741211,15.920000076293945,6462364
2023-06-30 14:30:00,15.925000190734863,15.930000305175781,15.829999923706055,15.899999618530273,6868512
2023-06-30 15:30:00,15.895000457763672,15.9399995803833,15.859999656677246,15.904999732971191,3611623
2023-06-30 16:30:00,15.904999732971191,15.960000038146973,15.904999732971191,15.9350004196167,2263379
2023-06-30 17:30:00,15.9350004196167,15.970000267028809,15.930000305175781,15.944999694824219,2837770
2023-06-30 18:30:00,15.9399995803833,15.988900184631348,15.930000305175781,15.95930004119873,5358358
2023-06-30 19:30:00,15.954999923706055,15.979999542236328,15.930000305175781,15.9399995803833,4627774
2023-07-03 13:30:00,15.949999809265137,16.040000915527344,15.949999809265137,15.975000381469727,5073147
2023-07-03 14:30:00,15.975000381469727,16.059999465942383,15.970000267028809,16.05500030517578,3873390
2023-07-03 15:30:00,16.05500030517578,16.09000015258789,16.049999237060547,16.075000762939453,2899855
2023-07-05 13:30:00,16.05500030517578,16.1299991607666,16.0,16.104999542236328,7150631
2023-07-05 14:30:00,16.100000381469727,16.229999542236328,16.100000381469727,16.184999465942383,6093230
2023-07-05 15:30:00,16.180099487304688,16.204999923706055,16.110000610351562,16.110000610351562,2671008
2023-07-05 16:30:00,16.1200008392334,16.149999618530273,16.110000610351562,16.139999389648438,2466598
2023-07-05 17:30:00,16.135000228881836,16.149999618530273,16.06999969482422,16.08609962463379,2316420
2023-07-05 18:30:00,16.084999084472656,16.126699447631836,16.079999923706055,16.100000381469727,2695741
2023-07-05 19:30:00,16.100000381469727,16.110000610351562,16.06999969482422,16.079999923706055,4742753
2023-07-06 13:30:00,16.010000228881836,16.030000686645508,15.930000305175781,15.930000305175781,6408125
2023-07-06 14:30:00,15.930000305175781,15.9399995803833,15.850000381469727,15.861000061035156,4340106
2023-07-06 15:30:00,15.864999771118164,15.890000343322754,15.84000015258789,15.869999885559082,3167801
2023-07-06 16:30:00,15.864999771118164,15.93910026550293,15.850000381469727,15.9350004196167,2843843
2023-07-06 17:30:00,15.9350004196167,15.960000038146973,15.90999984741211,15.930000305175781,3086855
2023-07-06 18:30:00,15.931300163269043,15.954999923706055,15.90999984741211,15.90999984741211,3170426
2023-07-06 19:30:00,15.90999984741211,15.930000305175781,15.869999885559082,15.869999885559082,5484040
2023-07-07 13:30:00,15.539999961853027,15.65999984741211,15.529999732971191,15.585000038146973,6916120
2023-07-07 14:30:00,15.585000038146973,15.6766996383667,15.579999923706055,15.675000190734863,3242839
2023-07-07 15:30:00,15.675000190734863,15.699999809265137,15.649999618530273,15.680000305175781,2641366
2023-07-07 16:30:00,15.680000305175781,15.75,15.680000305175781,15.725000381469727,2665003
2023-07-07 17:30:00,15.725000381469727,15.739999771118164,15.680000305175781,15.734999656677246,2044928
2023-07-07 18:30:00,15.739999771118164,15.739999771118164,15.6899995803833,15.694000244140625,2326128
2023-07-07 19:30:00,15.694999694824219,15.697500228881836,15.59000015258789,15.609999656677246,4577107
2023-07-10 13:30:00,15.520000457763672,15.545000076293945,15.34000015258789,15.40999984741211,8280778
2023-07-10 14:30:00,15.414999961853027,15.420000076293945,15.350000381469727,15.375,4669060
2023-07-10 15:30:00,15.375,15.420000076293945,15.369999885559082,15.385000228881836,3379347
2023-07-10 16:30:00,15.385000228881836,15.420000076293945,15.34000015258789,15.345000267028809,3902183
2023-07-10 17:30:00,15.345000267028809,15.390000343322754,15.34000015258789,15.355999946594238,3641705
2023-07-10 18:30:00,15.350000381469727,15.359999656677246,15.25,15.265000343322754,7060541
2023-07-10 19:30:00,15.265000343322754,15.279999732971191,15.220000267028809,15.270000457763672,8406252
2023-07-11 13:30:00,15.289999961853027,15.345000267028809,15.15999984741211,15.161800384521484,6833506
2023-07-11 14:30:00,15.165800094604492,15.199999809265137,15.109999656677246,15.194999694824219,7537100
2023-07-11 15:30:00,15.194999694824219,15.260000228881836,15.1899995803833,15.239999771118164,3737422
2023-07-11 16:30:00,15.239899635314941,15.260000228881836,15.170000076293945,15.175000190734863,4907612
2023-07-11 17:30:00,15.170000076293945,15.199999809265137,15.15999984741211,15.194999694824219,3496965
2023-07-11 18:30:00,15.194999694824219,15.25,15.149999618530273,15.220000267028809,4056070
2023-07-11 19:30:00,15.220000267028809,15.239999771118164,15.180000305175781,15.220000267028809,5206717
2023-07-12 13:30:00,15.239999771118164,15.265000343322754,15.15999984741211,15.1850004196167,8836918
2023-07-12 14:30:00,15.1850004196167,15.1899995803833,15.100000381469727,15.135000228881836,7987676
2023-07-12 15:30:00,15.135000228881836,15.149999618530273,15.109999656677246,15.135000228881836,4927928
2023-07-12 16:30:00,15.135000228881836,15.15999984741211,15.119999885559082,15.130000114440918,3991936
2023-07-12 17:30:00,15.130000114440918,15.140000343322754,15.109999656677246,15.109999656677246,3290754
2023-07-12 18:30:00,15.114999771118164,15.149999618530273,15.109999656677246,15.125,5889883
2023-07-12 19:30:00,15.119999885559082,15.149999618530273,15.104999542236328,15.140000343322754,6250723
2023-07-13 13:30:00,15.135000228881836,15.15999984741211,15.010000228881836,15.0649995803833,9277680
2023-07-13 14:30:00,15.0649995803833,15.109999656677246,15.050000190734863,15.085000038146973,4517544
2023-07-13 15:30:00,15.085000038146973,15.170000076293945,15.079999923706055,15.145000457763672,4712030
2023-07-13 16:30:00,15.145000457763672,15.15999984741211,15.109999656677246,15.115400314331055,2665136
2023-07-13 17:30:00,15.109999656677246,15.130000114440918,15.09000015258789,15.093500137329102,3145579
2023-07-13 18:30:00,15.09000015258789,15.100000381469727,15.050000190734863,15.085000038146973,4108712
2023-07-13 19:30:00,15.085000038146973,15.140000343322754,15.069999694824219,15.114999771118164,5482827
2023-07-14 13:30:00,14.800000190734863,14.8100004196167,14.289999961853027,14.425000190734863,39933353
2023-07-14 14:30:00,14.425000190734863,14.520000457763672,14.399999618530273,14.430000305175781,15037232
2023-07-14 15:30:00,14.4350004196167,14.520000457763672,14.430000305175781,14.5,9235121
2023-07-14 16:30:00,14.5,14.550000190734863,14.479999542236328,14.494999885559082,5801388
2023-07-14 17:30:00,14.494999885559082,14.529999732971191,14.489999771118164,14.515000343322754,5894651
2023-07-14 18:30:00,14.515000343322754,14.539999961853027,14.5,14.510000228881836,8799303
2023-07-14 19:30:00,14.510000228881836,14.529999732971191,14.470000267028809,14.5,12184396
2023-07-17 13:30:00,14.119999885559082,14.210000038146973,13.829999923706055,13.895000457763672,41071681
2023-07-17 14:30:00,13.899999618530273,13.899999618530273,13.720000267028809,13.733099937438965,20098319
2023-07-17 15:30:00,13.744999885559082,13.8100004196167,13.640000343322754,13.645000457763672,18888195
2023-07-17 16:30:00,13.645000457763672,13.649999618530273,13.510000228881836,13.581999778747559,21196004
2023-07-17 17:30:00,13.582500457763672,13.600000381469727,13.479999542236328,13.51609992980957,18247832
2023-07-17 18:30:00,13.515000343322754,13.630000114440918,13.479999542236328,13.595800399780273,19527996
2023-07-17 19:30:00,13.595000267028809,13.600000381469727,13.5,13.520000457763672,17560492
2023-07-18 13:30:00,13.529999732971191,13.989999771118164,13.510000228881836,13.854999542236328,32954227
2023-07-18 14:30:00,13.85789966583252,13.880000114440918,13.699999809265137,13.755999565124512,17081183
2023-07-18 15:30:00,13.755800247192383,13.760000228881836,13.545000076293945,13.5600004196167,15311086
2023-07-18 16:30:00,13.5600004196167,13.609999656677246,13.510000228881836,13.585000038146973,9749501
2023-07-18 17:30:00,13.587499618530273,13.59000015258789,13.520000457763672,13.524999618530273,9083576
2023-07-18 18:30:00,13.524999618530273,13.569999694824219,13.505000114440918,13.520000457763672,14055618
2023-07-18 19:30:00,13.524999618530273,13.529999732971191,13.430000305175781,13.449999809265137,22974120
2023-07-19 13:30:00,14.319999694824219,14.59000015258789,14.270000457763672,14.505000114440918,57541825
2023-07-19 14:30:00,14.505000114440918,14.640000343322754,14.470000267028809,14.5600004196167,15619694
2023-07-19 15:30:00,14.558899879455566,14.600000381469727,14.430000305175781,14.489999771118164,13576474
2023-07-19 16:30:00,14.494999885559082,14.600000381469727,14.460000038146973,14.5649995803833,8548735
2023-07-19 17:30:00,14.5649995803833,14.59000015258789,14.5,14.514200210571289,9182614
2023-07-19 18:30:00,14.515000343322754,14.630000114440918,14.510000228881836,14.550000190734863,14638533
2023-07-19 19:30:00,14.555000305175781,14.604999542236328,14.520000457763672,14.600000381469727,15908716
2023-07-20 13:30:00,14.59000015258789,14.640000343322754,14.451600074768066,14.630000114440918,12380822
2023-07-20 14:30:00,14.625,14.630000114440918,14.460000038146973,14.53499984741211,12196822
2023-07-20 15:30:00,14.53499984741211,14.630000114440918,14.479999542236328,14.619999885559082,10353085
2023-07-20 16:30:00,14.624699592590332,14.649999618530273,14.593400001525879,14.6451997756958,4687074
2023-07-20 17:30:00,14.649999618530273,14.649999618530273,14.550000190734863,14.5649995803833,4988918
2023-07-20 18:30:00,14.5649995803833,14.604999542236328,14.539999961853027,14.595000267028809,7173639
2023-07-20 19:30:00,14.595000267028809,14.65999984741211,14.579999923706055,14.65999984741211,10384946
2023-07-21 13:30:00,14.609999656677246,14.765000343322754,14.600000381469727,14.6850004196167,8407651
2023-07-21 14:30:00,14.6850004196167,14.720000267028809,14.630000114440918,14.694999694824219,5802283
2023-07-21 15:30:00,14.699999809265137,14.770000457763672,14.6899995803833,14.734999656677246,8831388
2023-07-21 16:30:00,14.738499641418457,14.744999885559082,14.699999809265137,14.729399681091309,4170335
2023-07-21 17:30:00,14.725000381469727,14.75,14.710000038146973,14.743499755859375,3697659
2023-07-21 18:30:00,14.744999885559082,14.770000457763672,14.739999771118164,14.755000114440918,4914946
2023-07-21 19:30:00,14.755000114440918,14.779999732971191,14.710000038146973,14.765000343322754,9019032
2023-07-24 13:30:00,14.779999732971191,15.050000190734863,14.779999732971191,15.020099639892578,9817098
2023-07-24 14:30:00,15.024999618530273,15.09000015258789,14.970000267028809,15.001500129699707,7384204
2023-07-24 15:30:00,15.005000114440918,15.039999961853027,14.960000038146973,15.005000114440918,4636332
2023-07-24 16:30:00,15.005000114440918,15.069999694824219,14.989999771118164,15.039999961853027,6664950
2023-07-24 17:30:00,15.03499984741211,15.050000190734863,15.0,15.024999618530273,4808923
2023-07-24 18:30:00,15.024999618530273,15.0600004196167,14.930000305175781,14.9399995803833,6691182
2023-07-24 19:30:00,14.9399995803833,14.949999809265137,14.920000076293945,14.949999809265137,6049327
2023-07-25 13:30:00,15.079999923706055,15.109999656677246,14.720000267028809,14.864999771118164,12186059
2023-07-25 14:30:00,14.869999885559082,14.890000343322754,14.729999542236328,14.765000343322754,6407129
2023-07-25 15:30:00,14.765000343322754,14.8100004196167,14.720000267028809,14.78499984741211,5136410
2023-07-25 16:30:00,14.789999961853027,14.8100004196167,14.729999542236328,14.760000228881836,5475689
2023-07-25 17:30:00,14.75,14.8100004196167,14.729999542236328,14.795000076293945,5597550
2023-07-25 18:30:00,14.795000076293945,14.850000381469727,14.789999961853027,14.8149995803833,6988394
2023-07-25 19:30:00,14.8149995803833,14.829999923706055,14.760000228881836,14.78499984741211,10287269
2023-07-26 13:30:00,14.90999984741211,14.970000267028809,14.529999732971191,14.595000267028809,19326963
2023-07-26 14:30:00,14.595000267028809,14.829999923706055,14.59000015258789,14.819999694824219,9186043
2023-07-26 15:30:00,14.8193998336792,14.859999656677246,14.789999961853027,14.854999542236328,5509386
2023-07-26 16:30:00,14.854999542236328,14.90999984741211,14.850000381469727,14.875,4450798
2023-07-26 17:30:00,14.875,14.90999984741211,14.779999732971191,14.8149995803833,5078249
2023-07-26 18:30:00,14.8149995803833,14.869999885559082,14.779999732971191,14.854999542236328,6245682
2023-07-26 19:30:00,14.854999542236328,14.899999618530273,14.84000015258789,14.895000457763672,7182332
2023-07-27 13:30:00,14.890000343322754,14.920000076293945,14.760000228881836,14.854999542236328,10563332
2023-07-27 14:30:00,14.853099822998047,14.859999656677246,14.739999771118164,14.767499923706055,6986542
2023-07-27 15:30:00,14.765000343322754,14.800000190734863,14.630000114440918,14.675000190734863,7579449
2023-07-27 16:30:00,14.680000305175781,14.680000305175781,14.59000015258789,14.635000228881836,5016278
2023-07-27 17:30:00,14.635000228881836,14.640000343322754,14.529999732971191,14.61989974975586,6794261
2023-07-27 18:30:00,14.613800048828125,14.619999885559082,14.550000190734863,14.5649995803833,5838109
2023-07-27 19:30:00,14.5649995803833,14.5649995803833,14.5,14.5,9418108
2023-07-28 13:30:00,14.59000015258789,14.670000076293945,14.539999961853027,14.590100288391113,10039693
2023-07-28 14:30:00,14.595000267028809,14.640000343322754,14.569999694824219,14.57289981842041,4982254
2023-07-28 15:30:00,14.574999809265137,14.600000381469727,14.550000190734863,14.574999809265137,4235234
2023-07-28 16:30:00,14.579999923706055,14.59000015258789,14.529999732971191,14.559000015258789,5444922
2023-07-28 17:30:00,14.555000305175781,14.5649995803833,14.529999732971191,14.53499984741211,3940526
2023-07-28 18:30:00,14.53499984741211,14.539999961853027,14.479999542236328,14.484999656677246,5876048
2023-07-28 19:30:00,14.479999542236328,14.5,14.4399995803833,14.449999809265137,9084394
2023-07-31 13:30:00,14.460000038146973,14.565999984741211,14.40999984741211,14.46500015258789,6688898
2023-07-31 14:30:00,14.46500015258789,14.558500289916992,14.460000038146973,14.550000190734863,5037830
2023-07-31 15:30:00,14.545000076293945,14.59000015258789,14.539999961853027,14.574999809265137,4164186
2023-07-31 16:30:00,14.574999809265137,14.579999923706055,14.520000457763672,14.539999961853027,4151279
2023-07-31 17:30:00,14.545000076293945,14.5600004196167,14.479999542236328,14.479999542236328,5815904
2023-07-31 18:30:00,14.484999656677246,14.5,14.449999809265137,14.470000267028809,5714849
2023-07-31 19:30:00,14.470000267028809,14.529999732971191,14.4399995803833,14.529999732971191,7945260
2023-08-01 13:30:00,14.5600004196167,14.569999694824219,14.300000190734863,14.300000190734863,12822603
2023-08-01 14:30:00,14.305000305175781,14.319999694824219,14.260000228881836,14.28499984741211,6629226
2023-08-01 15:30:00,14.28499984741211,14.319999694824219,14.260000228881836,14.3100004196167,4688302
2023-08-01 16:30:00,14.3100004196167,14.319999694824219,14.289999961853027,14.3100004196167,3541543
2023-08-01 17:30:00,14.3149995803833,14.329999923706055,14.300000190734863,14.305000305175781,3326964
2023-08-01 18:30:00,14.308199882507324,14.350000381469727,14.300000190734863,14.329999923706055,4330578
2023-08-01 19:30:00,14.335000038146973,14.34000015258789,14.289999961853027,14.3100004196167,5997497
2023-08-02 13:30:00,14.289999961853027,14.5,14.210000038146973,14.4350004196167,9389306
2023-08-02 14:30:00,14.4399995803833,14.479999542236328,14.40999984741211,14.479999542236328,5088622
2023-08-02 15:30:00,14.475000381469727,14.539999961853027,14.460000038146973,14.524999618530273,5265108
2023-08-02 16:30:00,14.524999618530273,14.5600004196167,14.4399995803833,14.45009994506836,5113197
2023-08-02 17:30:00,14.454999923706055,14.470000267028809,14.380000114440918,14.385000228881836,3476255
2023-08-02 18:30:00,14.385000228881836,14.390000343322754,14.329999923706055,14.354999542236328,4300559
2023-08-02 19:30:00,14.354999542236328,14.369999885559082,14.329999923706055,14.345000267028809,5021591
2023-08-03 13:30:00,14.239999771118164,14.260000228881836,14.0600004196167,14.0649995803833,8649729
2023-08-03 14:30:00,14.06190013885498,14.119999885559082,14.029999732971191,14.109999656677246,5027044
2023-08-03 15:30:00,14.104999542236328,14.119999885559082,14.0600004196167,14.100000381469727,4982725
2023-08-03 16:30:00,14.104999542236328,14.149999618530273,14.079999923706055,14.114999771118164,4734425
2023-08-03 17:30:00,14.109999656677246,14.119999885559082,14.050000190734863,14.075699806213379,3889022
2023-08-03 18:30:00,14.074399948120117,14.109999656677246,14.069999694824219,14.100000381469727,4430838
2023-08-03 19:30:00,14.109999656677246,14.130000114440918,14.079999923706055,14.09000015258789,5398612
2023-08-04 13:30:00,14.069999694824219,14.109999656677246,14.020000457763672,14.039899826049805,7293904
2023-08-04 14:30:00,14.030099868774414,14.0600004196167,14.020000457763672,14.020000457763672,4381515
2023-08-04 15:30:00,14.024999618530273,14.050000190734863,14.020000457763672,14.045000076293945,2911293
2023-08-04 16:30:00,14.045000076293945,14.069999694824219,14.029999732971191,14.04520034790039,3474607
2023-08-04 17:30:00,14.045000076293945,14.069999694824219,14.024999618530273,14.039999961853027,3841498
2023-08-04 18:30:00,14.039999961853027,14.050000190734863,14.0,14.020000457763672,4603404
2023-08-04 19:30:00,14.015000343322754,14.020000457763672,14.0,14.020000457763672,4921961
2023-08-07 13:30:00,14.010000228881836,14.09000015258789,14.0,14.03499984741211,7196342
2023-08-07 14:30:00,14.035900115966797,14.055000305175781,13.930000305175781,13.93179988861084,5851600
2023-08-07 15:30:00,13.9350004196167,13.949999809265137,13.920000076293945,13.920000076293945,3849193
2023-08-07 16:30:00,13.925000190734863,13.930000305175781,13.890000343322754,13.899999618530273,3970987
2023-08-07 17:30:00,13.895000457763672,13.930000305175781,13.890000343322754,13.925000190734863,2928705
2023-08-07 18:30:00,13.925000190734863,13.979999542236328,13.920000076293945,13.975000381469727,5001722
2023-08-07 19:30:00,13.979999542236328,14.015000343322754,13.970000267028809,14.010000228881836,5036026
2023-08-08 13:30:00,13.979999542236328,14.069999694824219,13.954999923706055,14.020000457763672,5965400
2023-08-08 14:30:00,14.017499923706055,14.069999694824219,13.979999542236328,14.0649995803833,3868112
2023-08-08 15:30:00,14.0600004196167,14.100000381469727,14.03499984741211,14.095000267028809,5473005
2023-08-08 16:30:00,14.095000267028809,14.149999618530273,14.09000015258789,14.135000228881836,4226861
2023-08-08 17:30:00,14.135000228881836,14.15999984741211,14.109999656677246,14.135000228881836,3942811
2023-08-08 18:30:00,14.135000228881836,14.1899995803833,14.119999885559082,14.1850004196167,5655566
2023-08-08 19:30:00,14.1899995803833,14.199999809265137,14.15999984741211,14.170000076293945,5644056
2023-08-09 13:30:00,14.170000076293945,14.300000190734863,14.149999618530273,14.247900009155273,5453899
2023-08-09 14:30:00,14.244999885559082,14.3100004196167,14.199999809265137,14.20009994506836,3980913
2023-08-09 15:30:00,14.204999923706055,14.239999771118164,14.149999618530273,14.234999656677246,3119750
2023-08-09 16:30:00,14.229999542236328,14.279999732971191,14.220000267028809,14.279999732971191,2297055
2023-08-09 17:30:00,14.274999618530273,14.329999923706055,14.270000457763672,14.329999923706055,2899461
2023-08-09 18:30:00,14.324999809265137,14.350000381469727,14.295000076293945,14.305299758911133,4354271
2023-08-09 19:30:00,14.305000305175781,14.319999694824219,14.260000228881836,14.279999732971191,3631603
2023-08-10 13:30:00,14.289999961853027,14.350000381469727,14.220000267028809,14.274999618530273,4581632
2023-08-10 14:30:00,14.274999618530273,14.289999961853027,14.229999542236328,14.278300285339355,3324174
2023-08-10 15:30:00,14.277799606323242,14.350000381469727,14.270000457763672,14.285799980163574,3410193
2023-08-10 16:30:00,14.289999961853027,14.3100004196167,14.239999771118164,14.260000228881836,2453627
2023-08-10 17:30:00,14.260000228881836,14.28499984741211,14.225000381469727,14.273900032043457,5525542
2023-08-10 18:30:00,14.279899597167969,14.279999732971191,14.199999809265137,14.199999809265137,3952232
2023-08-10 19:30:00,14.199999809265137,14.210000038146973,14.170000076293945,14.1850004196167,4448620
2023-08-11 13:30:00,14.145000457763672,14.210000038146973,14.119999885559082,14.194999694824219,3920070
2023-08-11 14:30:00,14.194999694824219,14.239999771118164,14.15999984741211,14.225000381469727,3180438
2023-08-11 15:30:00,14.225000381469727,14.34000015258789,14.210000038146973,14.300000190734863,5409981
2023-08-11 16:30:00,14.295000076293945,14.3100004196167,14.244999885559082,14.306699752807617,3749089
2023-08-11 17:30:00,14.3100004196167,14.369999885559082,14.29010009765625,14.364999771118164,2753915
2023-08-11 18:30:00,14.369999885559082,14.390000343322754,14.34000015258789,14.364999771118164,4390320
2023-08-11 19:30:00,14.364999771118164,14.399999618530273,14.359999656677246,14.380000114440918,4612347
2023-08-14 13:30:00,14.3100004196167,14.319999694824219,14.180000305175781,14.244999885559082,4761991
2023-08-14 14:30:00,14.248299598693848,14.289999961853027,14.239999771118164,14.289999961853027,2335179
2023-08-14 15:30:00,14.28499984741211,14.319999694824219,14.260000228881836,14.274999618530273,2197708
2023-08-14 16:30:00,14.279999732971191,14.369999885559082,14.270000457763672,14.345000267028809,2679154
2023-08-14 17:30:00,14.345000267028809,14.350000381469727,14.289999961853027,14.3149995803833,2748663
2023-08-14 18:30:00,14.316200256347656,14.329999923706055,14.25,14.25,3671360
2023-08-14 19:30:00,14.260000228881836,14.279999732971191,14.25,14.270000457763672,4506913
2023-08-15 13:30:00,14.199999809265137,14.210000038146973,14.100000381469727,14.168299674987793,4342107
2023-08-15 14:30:00,14.170000076293945,14.210000038146973,14.15999984741211,14.1899995803833,2363623
2023-08-15 15:30:00,14.1850004196167,14.210000038146973,14.15999984741211,14.1850004196167,2475712
2023-08-15 16:30:00,14.1850004196167,14.1899995803833,14.149999618530273,14.164999961853027,2210600
2023-08-15 17:30:00,14.164999961853027,14.1899995803833,14.119999885559082,14.176400184631348,4223287
2023-08-15 18:30:00,14.177399635314941,14.210000038146973,14.170000076293945,14.175000190734863,3378138
2023-08-15 19:30:00,14.170000076293945,14.180000305175781,14.130000114440918,14.140000343322754,4362873
2023-08-16 13:30:00,14.149999618530273,14.1899995803833,14.079999923706055,14.104999542236328,3643052
2023-08-16 14:30:00,14.104999542236328,14.130000114440918,14.079999923706055,14.114999771118164,2818381
2023-08-16 15:30:00,14.119999885559082,14.119999885559082,14.069999694824219,14.095000267028809,2960402
2023-08-16 16:30:00,14.095000267028809,14.100000381469727,14.010000228881836,14.029999732971191,4226484
2023-08-16 17:30:00,14.029999732971191,14.140000343322754,14.020000457763672,14.140000343322754,4395374
2023-08-16 18:30:00,14.135000228881836,14.180000305175781,14.070099830627441,14.104999542236328,4477748
2023-08-16 19:30:00,14.100000381469727,14.130000114440918,14.079999923706055,14.100000381469727,3818091
2023-08-17 13:30:00,14.130000114440918,14.154999732971191,14.0,14.005000114440918,4741848
2023-08-17 14:30:00,14.005000114440918,14.079999923706055,14.0,14.024999618530273,3304334
2023-08-17 15:30:00,14.024999618530273,14.069999694824219,14.020000457763672,14.055000305175781,4292194
2023-08-17 16:30:00,14.050100326538086,14.079999923706055,14.0,14.011899948120117,4285513
2023-08-17 17:30:00,14.015600204467773,14.039999961853027,13.989999771118164,14.03499984741211,5469222
2023-08-17 18:30:00,14.039999961853027,14.069999694824219,14.010000228881836,14.0600004196167,5640882
2023-08-17 19:30:00,14.0600004196167,14.069999694824219,14.0,14.0,4422025
2023-08-18 13:30:00,13.970000267028809,14.109999656677246,13.949999809265137,14.104999542236328,5292305
2023-08-18 14:30:00,14.109999656677246,14.140000343322754,14.039999961853027,14.085000038146973,3916221
2023-08-18 15:30:00,14.085000038146973,14.140000343322754,14.069999694824219,14.079999923706055,3425570
2023-08-18 16:30:00,14.079999923706055,14.100000381469727,14.020000457763672,14.056300163269043,4155738
2023-08-18 17:30:00,14.0600004196167,14.0600004196167,14.010000228881836,14.015000343322754,2318828
2023-08-18 18:30:00,14.015000343322754,14.050000190734863,14.015000343322754,14.039999961853027,3604359
2023-08-18 19:30:00,14.036700248718262,14.100000381469727,14.020000457763672,14.069999694824219,4604406
2023-08-21 13:30:00,14.020000457763672,14.050000190734863,13.920000076293945,13.996399879455566,6736590
2023-08-21 14:30:00,14.0,14.100000381469727,13.970000267028809,14.0600004196167,6738937
2023-08-21 15:30:00,14.056400299072266,14.09000015258789,14.010000228881836,14.085000038146973,3671557
2023-08-21 16:30:00,14.09000015258789,14.109999656677246,14.050000190734863,14.085000038146973,4718298
2023-08-21 17:30:00,14.079999923706055,14.109999656677246,14.0600004196167,14.109999656677246,8712819
2023-08-21 18:30:00,14.104999542236328,14.130000114440918,14.0600004196167,14.104999542236328,6810974
2023-08-21 19:30:00,14.104999542236328,14.140000343322754,14.100000381469727,14.100000381469727,6272819
2023-08-22 13:30:00,14.09000015258789,14.119999885559082,14.029999732971191,14.104999542236328,6182813
2023-08-22 14:30:00,14.104999542236328,14.239999771118164,14.100000381469727,14.225000381469727,4495710
2023-08-22 15:30:00,14.225000381469727,14.279999732971191,14.1899995803833,14.21500015258789,7297778
2023-08-22 16:30:00,14.220000267028809,14.229999542236328,14.180000305175781,14.225000381469727,4104044
2023-08-22 17:30:00,14.225000381469727,14.229999542236328,14.149999618530273,14.164999961853027,4134218
2023-08-22 18:30:00,14.170000076293945,14.229999542236328,14.149999618530273,14.225000381469727,5698134
2023-08-22 19:30:00,14.225000381469727,14.319999694824219,14.220000267028809,14.270000457763672,7611745
2023-08-23 13:30:00,14.260000228881836,14.350000381469727,14.204999923706055,14.305000305175781,4535996
2023-08-23 14:30:00,14.305000305175781,14.329999923706055,14.220000267028809,14.265000343322754,4249663
2023-08-23 15:30:00,14.270000457763672,14.270000457763672,14.180000305175781,14.234999656677246,3356711
2023-08-23 16:30:00,14.239999771118164,14.260000228881836,14.199999809265137,14.255000114440918,2404200
2023-08-23 17:30:00,14.255000114440918,14.270000457763672,14.180000305175781,14.190299987792969,2354607
2023-08-23 18:30:00,14.194999694824219,14.199999809265137,14.149999618530273,14.157999992370605,4618664
2023-08-23 19:30:00,14.15999984741211,14.1899995803833,14.140000343322754,14.170000076293945,3471556
2023-08-24 13:30:00,14.069999694824219,14.260000228881836,14.039999961853027,14.234999656677246,4818048
2023-08-24 14:30:00,14.234999656677246,14.279999732971191,14.1899995803833,14.204999923706055,3262425
2023-08-24 15:30:00,14.204999923706055,14.220000267028809,14.140000343322754,14.154999732971191,2620128
2023-08-24 16:30:00,14.154199600219727,14.199999809265137,14.069999694824219,14.086999893188477,4244075
2023-08-24 17:30:00,14.085000038146973,14.109999656677246,14.050000190734863,14.095000267028809,4263102
2023-08-24 18:30:00,14.090100288391113,14.1850004196167,14.09000015258789,14.164999961853027,2918210
2023-08-24 19:30:00,14.164999961853027,14.1899995803833,14.140000343322754,14.140000343322754,3683493
2023-08-25 13:30:00,14.170000076293945,14.210000038146973,14.069999694824219,14.074999809265137,3051973
2023-08-25 14:30:00,14.0733003616333,14.15999984741211,14.050000190734863,14.156999588012695,3588457
2023-08-25 15:30:00,14.154999732971191,14.15999984741211,14.100000381469727,14.135000228881836,2420313
2023-08-25 16:30:00,14.140000343322754,14.149999618530273,14.100000381469727,14.104999542236328,1395791
2023-08-25 17:30:00,14.104999542236328,14.119999885559082,14.069999694824219,14.104999542236328,1793505
2023-08-25 18:30:00,14.104999542236328,14.130000114440918,14.100000381469727,14.114999771118164,3435987
2023-08-25 19:30:00,14.114999771118164,14.149999618530273,14.100000381469727,14.109999656677246,3675533
2023-08-28 13:30:00,14.180000305175781,14.265000343322754,14.149999618530273,14.149999618530273,4209762
2023-08-28 14:30:00,14.154999732971191,14.170000076293945,14.109999656677246,14.140000343322754,2284286
2023-08-28 15:30:00,14.145000457763672,14.15999984741211,14.114999771118164,14.154999732971191,2234222
2023-08-28 16:30:00,14.154999732971191,14.220000267028809,14.149999618530273,14.210000038146973,3333206
2023-08-28 17:30:00,14.204999923706055,14.229999542236328,14.180000305175781,14.194999694824219,2858778
2023-08-28 18:30:00,14.199999809265137,14.225000381469727,14.180100440979004,14.21500015258789,2674345
2023-08-28 19:30:00,14.21500015258789,14.229999542236328,14.199999809265137,14.210000038146973,4238944
2023-08-29 13:30:00,14.449999809265137,14.680000305175781,14.449999809265137,14.680000305175781,11615036
2023-08-29 14:30:00,14.6766996383667,14.6899995803833,14.529999732971191,14.586299896240234,5392019
2023-08-29 15:30:00,14.588500022888184,14.619999885559082,14.569999694824219,14.585000038146973,3334680
2023-08-29 16:30:00,14.585000038146973,14.640000343322754,14.569999694824219,14.630000114440918,3009557
2023-08-29 17:30:00,14.635000228881836,14.65999984741211,14.619999885559082,14.654999732971191,3086954
2023-08-29 18:30:00,14.654999732971191,14.770000457763672,14.649999618530273,14.768400192260742,6713267
2023-08-29 19:30:00,14.770000457763672,14.8100004196167,14.75,14.78499984741211,7287677
2023-08-30 13:30:00,14.880000114440918,14.989999771118164,14.789999961853027,14.789999961853027,6906644
2023-08-30 14:30:00,14.795000076293945,14.8100004196167,14.720000267028809,14.729999542236328,4054196
2023-08-30 15:30:00,14.734999656677246,14.75,14.699999809265137,14.704999923706055,2693927
2023-08-30 16:30:00,14.704999923706055,14.770000457763672,14.699999809265137,14.765000343322754,2043759
2023-08-30 17:30:00,14.765000343322754,14.767499923706055,14.720000267028809,14.744999885559082,2161826
2023-08-30 18:30:00,14.744999885559082,14.770000457763672,14.729999542236328,14.75,2183038
2023-08-30 19:30:00,14.744999885559082,14.75,14.710000038146973,14.739999771118164,2747248
2023-08-31 13:30:00,14.800000190734863,14.859999656677246,14.720000267028809,14.744999885559082,5884210
2023-08-31 14:30:00,14.75,14.779999732971191,14.699999809265137,14.725000381469727,4021833
2023-08-31 15:30:00,14.721599578857422,14.779999732971191,14.699999809265137,14.765000343322754,2663762
2023-08-31 16:30:00,14.765000343322754,14.819999694824219,14.75,14.8149995803833,2260871
2023-08-31 17:30:00,14.819999694824219,14.880000114440918,14.8100004196167,14.854999542236328,3311830
2023-08-31 18:30:00,14.854999542236328,14.869999885559082,14.819999694824219,14.833600044250488,3610968
2023-08-31 19:30:00,14.835000038146973,14.869999885559082,14.789999961853027,14.789999961853027,7259600
2023-09-01 13:30:00,14.8100004196167,14.859999656677246,14.770000457763672,14.78499984741211,3538849
2023-09-01 14:30:00,14.78499984741211,14.789999961853027,14.699999809265137,14.704999923706055,2550229
2023-09-01 15:30:00,14.704999923706055,14.739999771118164,14.6899995803833,14.725000381469727,2228469
2023-09-01 16:30:00,14.725000381469727,14.729999542236328,14.680000305175781,14.680000305175781,1473163
2023-09-01 17:30:00,14.680000305175781,14.720000267028809,14.680000305175781,14.694999694824219,1460403
2023-09-01 18:30:00,14.694999694824219,14.699999809265137,14.654999732971191,14.664999961853027,2299235
2023-09-01 19:30:00,14.65999984741211,14.680000305175781,14.640000343322754,14.649999618530273,3353388
2023-09-05 13:30:00,14.649999618530273,14.75,14.619999885559082,14.680000305175781,6370853
2023-09-05 14:30:00,14.675000190734863,14.680000305175781,14.569999694824219,14.579999923706055,3757490
2023-09-05 15:30:00,14.579999923706055,14.609999656677246,14.539999961853027,14.5649995803833,2557106
2023-09-05 16:30:00,14.569999694824219,14.579999923706055,14.520000457763672,14.524999618530273,2068951
2023-09-05 17:30:00,14.520000457763672,14.5600004196167,14.510000228881836,14.510000228881836,2741776
2023-09-05 18:30:00,14.510000228881836,14.520000457763672,14.479999542236328,14.494999885559082,3493193
2023-09-05 19:30:00,14.494999885559082,14.510000228881836,14.470000267028809,14.479999542236328,4119862
2023-09-06 13:30:00,14.430000305175781,14.579999923706055,14.319999694824219,14.545000076293945,7607579
2023-09-06 14:30:00,14.550000190734863,14.59000015258789,14.460000038146973,14.569999694824219,7311016
2023-09-06 15:30:00,14.5649995803833,14.75,14.5600004196167,14.635000228881836,7839502
2023-09-06 16:30:00,14.630000114440918,14.640000343322754,14.529999732971191,14.545000076293945,3592338
2023-09-06 17:30:00,14.539999961853027,14.649999618530273,14.539999961853027,14.643600463867188,3336727
2023-09-06 18:30:00,14.645000457763672,14.649999618530273,14.579999923706055,14.595000267028809,3786794
2023-09-06 19:30:00,14.600000381469727,14.630000114440918,14.574999809265137,14.609999656677246,5494942
2023-09-07 13:30:00,14.600000381469727,14.670000076293945,14.569999694824219,14.585000038146973,3616933
2023-09-07 14:30:00,14.574999809265137,14.75,14.550000190734863,14.744999885559082,3812079
2023-09-07 15:30:00,14.734999656677246,14.760000228881836,14.680000305175781,14.704999923706055,3892553
2023-09-07 16:30:00,14.704999923706055,14.75,14.6899995803833,14.720000267028809,3175722
2023-09-07 17:30:00,14.720000267028809,14.739999771118164,14.65999984741211,14.664999961853027,3054176
2023-09-07 18:30:00,14.66100025177002,14.680000305175781,14.630000114440918,14.680000305175781,3843488
2023-09-07 19:30:00,14.670000076293945,14.6899995803833,14.59000015258789,14.609999656677246,4855365
2023-09-08 13:30:00,14.609999656677246,14.609999656677246,14.390000343322754,14.4399995803833,4666246
2023-09-08 14:30:00,14.4399995803833,14.470000267028809,14.430000305175781,14.430000305175781,2986638
2023-09-08 15:30:00,14.4350004196167,14.4399995803833,14.399999618530273,14.404999732971191,2462022
2023-09-08 16:30:00,14.404999732971191,14.40999984741211,14.359999656677246,14.379300117492676,2113830
2023-09-08 17:30:00,14.375,14.420000076293945,14.369999885559082,14.404999732971191,2900392
2023-09-08 18:30:00,14.404999732971191,14.4350004196167,14.385000228881836,14.395700454711914,4268504
2023-09-08 19:30:00,14.395000457763672,14.420000076293945,14.380000114440918,14.40999984741211,4055055
2023-09-11 13:30:00,14.470000267028809,14.59000015258789,14.4350004196167,14.510000228881836,4656763
2023-09-11 14:30:00,14.515000343322754,14.529999732971191,14.479999542236328,14.515000343322754,3285183
2023-09-11 15:30:00,14.515000343322754,14.550000190734863,14.5,14.515000343322754,2246452
2023-09-11 16:30:00,14.520000457763672,14.569999694824219,14.505000114440918,14.560099601745605,2702603
2023-09-11 17:30:00,14.5649995803833,14.569999694824219,14.510000228881836,14.515000343322754,2815107
2023-09-11 18:30:00,14.515000343322754,14.539999961853027,14.510000228881836,14.520000457763672,3127544
2023-09-11 19:30:00,14.520000457763672,14.529999732971191,14.489999771118164,14.529999732971191,3728032
2023-09-12 13:30:00,14.529999732971191,14.539999961853027,14.380000114440918,14.404999732971191,4616872
2023-09-12 14:30:00,14.406000137329102,14.529999732971191,14.399999618530273,14.515000343322754,3163976
2023-09-12 15:30:00,14.515000343322754,14.5600004196167,14.494999885559082,14.5,2832215
2023-09-12 16:30:00,14.500200271606445,14.5600004196167,14.47249984741211,14.555000305175781,3063855
2023-09-12 17:30:00,14.555000305175781,14.569999694824219,14.520000457763672,14.539999961853027,2563042
2023-09-12 18:30:00,14.53499984741211,14.539999961853027,14.470000267028809,14.470000267028809,4205619
2023-09-12 19:30:00,14.475000381469727,14.479999542236328,14.460000038146973,14.460000038146973,3325182
2023-09-13 13:30:00,14.550000190734863,14.649999618530273,14.470000267028809,14.600000381469727,6679727
2023-09-13 14:30:00,14.600000381469727,14.640000343322754,14.5600004196167,14.574999809265137,4124740
2023-09-13 15:30:00,14.579999923706055,14.649999618530273,14.574999809265137,14.645000457763672,2675255
2023-09-13 16:30:00,14.649999618530273,14.675000190734863,14.620100021362305,14.63129997253418,3180445
2023-09-13 17:30:00,14.630000114440918,14.640000343322754,14.579999923706055,14.619999885559082,2533220
2023-09-13 18:30:00,14.619999885559082,14.640000343322754,14.59000015258789,14.614999771118164,3598135
2023-09-13 19:30:00,14.614999771118164,14.630000114440918,14.59000015258789,14.614999771118164,3411587
2023-09-14 13:30:00,14.899999618530273,15.154999732971191,14.864999771118164,14.994999885559082,14141601
2023-09-14 14:30:00,14.992400169372559,15.119999885559082,14.989999771118164,15.005000114440918,7845365
2023-09-14 15:30:00,15.005000114440918,15.010000228881836,14.920000076293945,14.954999923706055,4919881
2023-09-14 16:30:00,14.954999923706055,15.069999694824219,14.949999809265137,15.059499740600586,4903367
2023-09-14 17:30:00,15.055000305175781,15.100000381469727,15.024999618530273,15.085000038146973,5405022
2023-09-14 18:30:00,15.09000015258789,15.095399856567383,15.0,15.024999618530273,4611430
2023-09-14 19:30:00,15.024999618530273,15.079999923706055,15.010000228881836,15.0600004196167,6924786
2023-09-15 13:30:00,15.0,15.270000457763672,14.954999923706055,15.239999771118164,13019824
2023-09-15 14:30:00,15.239999771118164,15.289999961853027,15.21500015258789,15.259900093078613,9811476
2023-09-15 15:30:00,15.255000114440918,15.300000190734863,15.220000267028809,15.274999618530273,5590771
2023-09-15 16:30:00,15.274999618530273,15.289999961853027,15.170000076293945,15.1850004196167,5619373
2023-09-15 17:30:00,15.1850004196167,15.229999542236328,15.15999984741211,15.211899757385254,4755581
2023-09-15 18:30:00,15.210000038146973,15.234999656677246,15.1899995803833,15.220000267028809,4855151
2023-09-15 19:30:00,15.218000411987305,15.25,15.199999809265137,15.220000267028809,10390605
2023-09-18 13:30:00,15.170000076293945,15.220000267028809,15.020000457763672,15.119999885559082,5969653
2023-09-18 14:30:00,15.114999771118164,15.140000343322754,15.079999923706055,15.140000343322754,3235263
2023-09-18 15:30:00,15.140000343322754,15.180000305175781,15.130000114440918,15.151000022888184,2479249
2023-09-18 16:30:00,15.154999732971191,15.15999984741211,15.109999656677246,15.149999618530273,2703200
2023-09-18 17:30:00,15.149900436401367,15.180000305175781,15.119999885559082,15.135000228881836,2838713
2023-09-18 18:30:00,15.135000228881836,15.140000343322754,15.09000015258789,15.095000267028809,2540318
2023-09-18 19:30:00,15.095000267028809,15.109999656677246,15.069999694824219,15.085000038146973,4913829
2023-09-19 13:30:00,15.0600004196167,15.140000343322754,15.045000076293945,15.095000267028809,4605409
2023-09-19 14:30:00,15.09749984741211,15.220000267028809,15.079999923706055,15.220000267028809,5020382
2023-09-19 15:30:00,15.21500015258789,15.234999656677246,15.100000381469727,15.130000114440918,5107051
2023-09-19 16:30:00,15.135000228881836,15.194999694824219,15.130000114440918,15.15999984741211,3350215
2023-09-19 17:30:00,15.15999984741211,15.210000038146973,15.149999618530273,15.204999923706055,2388260
2023-09-19 18:30:00,15.204999923706055,15.229999542236328,15.170000076293945,15.194999694824219,3581763
2023-09-19 19:30:00,15.194999694824219,15.244999885559082,15.160099983215332,15.220000267028809,5502520
2023-09-20 13:30:00,15.279999732971191,15.449999809265137,15.270000457763672,15.449999809265137,6239951
2023-09-20 14:30:00,15.449999809265137,15.579999923706055,15.430000305175781,15.553199768066406,7305367
2023-09-20 15:30:00,15.555000305175781,15.729999542236328,15.550000190734863,15.675000190734863,8742104
2023-09-20 16:30:00,15.675000190734863,15.710000038146973,15.640000343322754,15.654999732971191,4434562
2023-09-20 17:30:00,15.654999732971191,15.670000076293945,15.569999694824219,15.604999542236328,4050558
2023-09-20 18:30:00,15.604999542236328,15.609999656677246,15.5600004196167,15.574999809265137,4181070
2023-09-20 19:30:00,15.569999694824219,15.59000015258789,15.529999732971191,15.550000190734863,6040101
2023-09-21 13:30:00,15.40999984741211,15.539999961853027,15.364999771118164,15.5,6005337
2023-09-21 14:30:00,15.5,15.520000457763672,15.470000267028809,15.5,4731426
2023-09-21 15:30:00,15.494999885559082,15.5,15.430000305175781,15.489999771118164,3020032
2023-09-21 16:30:00,15.484999656677246,15.5,15.359999656677246,15.390000343322754,2712414
2023-09-21 17:30:00,15.385000228881836,15.390000343322754,15.329999923706055,15.350000381469727,2004906
2023-09-21 18:30:00,15.345000267028809,15.420000076293945,15.319999694824219,15.324999809265137,4908327
2023-09-21 19:30:00,15.324999809265137,15.329999923706055,15.289999961853027,15.300000190734863,4842870
2023-09-22 13:30:00,15.329999923706055,15.359999656677246,15.050000190734863,15.171199798583984,7140766
2023-09-22 14:30:00,15.170000076293945,15.1899995803833,15.050000190734863,15.085000038146973,4110940
2023-09-22 15:30:00,15.085000038146973,15.149999618530273,15.0600004196167,15.149999618530273,3111078
2023-09-22 16:30:00,15.149999618530273,15.199999809265137,15.130000114440918,15.154999732971191,2813833
2023-09-22 17:30:00,15.154999732971191,15.220000267028809,15.09000015258789,15.204999923706055,4879360
2023-09-22 18:30:00,15.204999923706055,15.210000038146973,15.149999618530273,15.199999809265137,3019902
2023-09-22 19:30:00,15.194999694824219,15.205900192260742,15.119999885559082,15.125,4762317
2023-09-25 13:30:00,15.050000190734863,15.0600004196167,14.850000381469727,14.875,6682220
2023-09-25 14:30:00,14.875,15.0,14.869999885559082,14.975000381469727,4432337
2023-09-25 15:30:00,14.973400115966797,15.069999694824219,14.960000038146973,15.045000076293945,3539804
2023-09-25 16:30:00,15.050000190734863,15.079999923706055,15.020000457763672,15.050000190734863,2672685
2023-09-25 17:30:00,15.050000190734863,15.09000015258789,15.020000457763672,15.0649995803833,2559326
2023-09-25 18:30:00,15.0649995803833,15.100000381469727,15.050000190734863,15.055000305175781,2455223
2023-09-25 19:30:00,15.058600425720215,15.109999656677246,15.050000190734863,15.0600004196167,4543700
2023-09-26 13:30:00,14.800000190734863,15.050000190734863,14.674300193786621,14.970000267028809,7796556
2023-09-26 14:30:00,14.96500015258789,14.979999542236328,14.899999618530273,14.96500015258789,3308145
2023-09-26 15:30:00,14.96500015258789,15.079999923706055,14.949999809265137,15.045000076293945,3550911
2023-09-26 16:30:00,15.045000076293945,15.0600004196167,15.0,15.024999618530273,3014654
2023-09-26 17:30:00,15.024999618530273,15.0600004196167,14.994999885559082,15.024999618530273,3915327
2023-09-26 18:30:00,15.024999618530273,15.039999961853027,14.979999542236328,14.984999656677246,3631833
2023-09-26 19:30:00,14.984999656677246,15.039999961853027,14.98009967803955,15.022500038146973,4482506
2023-09-27 13:30:00,15.010000228881836,15.010000228881836,14.869999885559082,14.954999923706055,5080158
2023-09-27 14:30:00,14.949999809265137,14.960000038146973,14.859999656677246,14.869999885559082,3214397
2023-09-27 15:30:00,14.864999771118164,14.890000343322754,14.800000190734863,14.800000190734863,2500958
2023-09-27 16:30:00,14.805000305175781,14.850000381469727,14.800000190734863,14.8149995803833,2710476
2023-09-27 17:30:00,14.8149995803833,14.869999885559082,14.800000190734863,14.854999542236328,3399695
2023-09-27 18:30:00,14.854999542236328,14.899999618530273,14.829999923706055,14.895000457763672,3411463
2023-09-27 19:30:00,14.895000457763672,14.899999618530273,14.829999923706055,14.880000114440918,3734390
2023-09-28 13:30:00,14.890000343322754,15.0,14.885000228881836,14.90999984741211,4000618
2023-09-28 14:30:00,14.90999984741211,14.930000305175781,14.880000114440918,14.895000457763672,2527610
2023-09-28 15:30:00,14.895000457763672,14.970000267028809,14.890000343322754,14.96500015258789,3692361
2023-09-28 16:30:00,14.96500015258789,14.970000267028809,14.880000114440918,14.925000190734863,3885011
2023-09-28 17:30:00,14.925000190734863,14.989999771118164,14.899999618530273,14.989999771118164,4190748
2023-09-28 18:30:00,14.989999771118164,15.020000457763672,14.970000267028809,15.010000228881836,2774467
2023-09-28 19:30:00,15.005000114440918,15.020000457763672,14.960000038146973,15.005000114440918,3459516
2023-09-29 13:30:00,15.039999961853027,15.100000381469727,14.9399995803833,14.975000381469727,3630576
2023-09-29 14:30:00,14.975000381469727,15.039999961853027,14.9399995803833,15.024999618530273,3349095
2023-09-29 15:30:00,15.024999618530273,15.039999961853027,14.90999984741211,14.994999885559082,2992197
2023-09-29 16:30:00,14.994999885559082,15.010000228881836,14.930000305175781,14.960000038146973,1694800
2023-09-29 17:30:00,14.96560001373291,15.0,14.942700386047363,14.960000038146973,2792015
2023-09-29 18:30:00,14.960000038146973,15.020000457763672,14.930000305175781,15.015000343322754,2874140
2023-09-29 19:30:00,15.015000343322754,15.050000190734863,14.984999656677246,15.024999618530273,4943020
2023-10-02 13:30:00,15.039999961853027,15.085000038146973,14.869999885559082,14.869999885559082,4759239
2023-10-02 14:30:00,14.875,14.890000343322754,14.8100004196167,14.880000114440918,3831819
2023-10-02 15:30:00,14.885000228881836,14.899999618530273,14.800000190734863,14.8100004196167,4086530
2023-10-02 16:30:00,14.805000305175781,14.835000038146973,14.770000457763672,14.806099891662598,3684155
2023-10-02 17:30:00,14.800000190734863,14.819999694824219,14.680000305175781,14.6899995803833,4858700
2023-10-02 18:30:00,14.6850004196167,14.729999542236328,14.65999984741211,14.725000381469727,4296331
2023-10-02 19:30:00,14.725000381469727,14.729999542236328,14.670000076293945,14.680000305175781,5364814
2023-10-03 13:30:00,14.670000076293945,14.789999961853027,14.59000015258789,14.725000381469727,6043557
2023-10-03 14:30:00,14.720000267028809,14.770000457763672,14.670000076293945,14.699999809265137,3621991
2023-10-03 15:30:00,14.699999809265137,14.704999923706055,14.579999923706055,14.614999771118164,4821909
2023-10-03 16:30:00,14.614999771118164,14.699999809265137,14.600000381469727,14.694999694824219,3079183
2023-10-03 17:30:00,14.694999694824219,14.774999618530273,14.680000305175781,14.774399757385254,4768741
2023-10-03 18:30:00,14.774999618530273,14.819999694824219,14.739999771118164,14.805000305175781,5450146
2023-10-03 19:30:00,14.809900283813477,14.819999694824219,14.760000228881836,14.78499984741211,4716891
2023-10-04 13:30:00,14.65999984741211,14.729999542236328,14.520000457763672,14.545000076293945,8101126
2023-10-04 14:30:00,14.539999961853027,14.550000190734863,14.449999809265137,14.536100387573242,5499812
2023-10-04 15:30:00,14.53499984741211,14.59000015258789,14.489999771118164,14.58329963684082,2481257
2023-10-04 16:30:00,14.59000015258789,14.609999656677246,14.555000305175781,14.575599670410156,3522791
2023-10-04 17:30:00,14.574000358581543,14.574999809265137,14.5,14.533100128173828,3635620
2023-10-04 18:30:00,14.53499984741211,14.600000381469727,14.529999732971191,14.585000038146973,2445341
2023-10-04 19:30:00,14.585000038146973,14.680000305175781,14.579999923706055,14.649999618530273,4875550
2023-10-05 13:30:00,14.630000114440918,14.729999542236328,14.630000114440918,14.687199592590332,4585846
2023-10-05 14:30:00,14.680000305175781,14.739999771118164,14.65999984741211,14.6850004196167,4345960
2023-10-05 15:30:00,14.6850004196167,14.6899995803833,14.625,14.654999732971191,2930263
2023-10-05 16:30:00,14.654999732971191,14.694999694824219,14.649999618530273,14.6850004196167,2375355
2023-10-05 17:30:00,14.680000305175781,14.829999923706055,14.670000076293945,14.829999923706055,3245016
2023-10-05 18:30:00,14.829999923706055,14.869999885559082,14.8100004196167,14.869999885559082,3952127
2023-10-05 19:30:00,14.869999885559082,14.880000114440918,14.829999923706055,14.84000015258789,5922389
2023-10-06 13:30:00,14.420000076293945,14.449999809265137,14.130000114440918,14.145000457763672,10905502
2023-10-06 14:30:00,14.145000457763672,14.229999542236328,14.119999885559082,14.21500015258789,8607646
2023-10-06 15:30:00,14.21500015258789,14.350000381469727,14.199999809265137,14.274999618530273,6818141
2023-10-06 16:30:00,14.274999618530273,14.300000190734863,14.25,14.2923002243042,3565481
2023-10-06 17:30:00,14.300000190734863,14.449999809265137,14.279999732971191,14.444999694824219,6249076
2023-10-06 18:30:00,14.449999809265137,14.510000228881836,14.420000076293945,14.444999694824219,5382590
2023-10-06 19:30:00,14.444999694824219,14.470000267028809,14.40999984741211,14.449999809265137,5880044
2023-10-09 13:30:00,14.470000267028809,14.619999885559082,14.460000038146973,14.555000305175781,5214171
2023-10-09 14:30:00,14.556900024414062,14.670000076293945,14.53499984741211,14.635000228881836,4322676
2023-10-09 15:30:00,14.635000228881836,14.6899995803833,14.630000114440918,14.664999961853027,2547983
2023-10-09 16:30:00,14.664299964904785,14.6899995803833,14.640000343322754,14.675000190734863,2464685
2023-10-09 17:30:00,14.680000305175781,14.739999771118164,14.680000305175781,14.734999656677246,3521629
2023-10-09 18:30:00,14.734999656677246,14.75,14.6899995803833,14.704999923706055,2763448
2023-10-09 19:30:00,14.70989990234375,14.75,14.699999809265137,14.739999771118164,3972867
2023-10-10 13:30:00,14.6899995803833,14.859999656677246,14.6899995803833,14.824999809265137,5057713
2023-10-10 14:30:00,14.824999809265137,14.880000114440918,14.75,14.864999771118164,3646785
2023-10-10 15:30:00,14.864999771118164,14.90999984741211,14.862899780273438,14.895000457763672,3681447
2023-10-10 16:30:00,14.899999618530273,14.949999809265137,14.864999771118164,14.899999618530273,3603330
2023-10-10 17:30:00,14.898300170898438,14.944999694824219,14.874500274658203,14.930000305175781,3690047
2023-10-10 18:30:00,14.930000305175781,14.930000305175781,14.850000381469727,14.864999771118164,3908680
2023-10-10 19:30:00,14.864999771118164,14.979999542236328,14.859999656677246,14.949999809265137,6588469
2023-10-11 13:30:00,14.949999809265137,15.050000190734863,14.680000305175781,14.899999618530273,7782088
2023-10-11 14:30:00,14.899999618530273,14.930000305175781,14.850000381469727,14.854999542236328,3739972
2023-10-11 15:30:00,14.854999542236328,14.880000114440918,14.8100004196167,14.829999923706055,2974331
2023-10-11 16:30:00,14.829999923706055,14.84000015258789,14.779999732971191,14.795000076293945,2317974
2023-10-11 17:30:00,14.795000076293945,14.800000190734863,14.739999771118164,14.774100303649902,2920751
2023-10-11 18:30:00,14.774999618530273,14.800000190734863,14.770000457763672,14.780099868774414,3221887
2023-10-11 19:30:00,14.78499984741211,14.8100004196167,14.760000228881836,14.770000457763672,4565440
2023-10-12 13:30:00,14.640000343322754,14.670000076293945,14.470000267028809,14.475000381469727,5408394
2023-10-12 14:30:00,14.475000381469727,14.489999771118164,14.359999656677246,14.420000076293945,6243646
2023-10-12 15:30:00,14.417400360107422,14.470000267028809,14.359999656677246,14.460000038146973,4238699
2023-10-12 16:30:00,14.460000038146973,14.46500015258789,14.385000228881836,14.390000343322754,4245890
2023-10-12 17:30:00,14.385000228881836,14.399999618530273,14.300000190734863,14.314299583435059,4297390
2023-10-12 18:30:00,14.3149995803833,14.34000015258789,14.284099578857422,14.324999809265137,4390321
2023-10-12 19:30:00,14.324999809265137,14.479999542236328,14.319999694824219,14.4399995803833,6119416
2023-10-13 13:30:00,14.479999542236328,14.630000114440918,14.319999694824219,14.425000190734863,7135651
2023-10-13 14:30:00,14.425000190734863,14.449999809265137,14.359999656677246,14.380000114440918,3702337
2023-10-13 15:30:00,14.375,14.449999809265137,14.350000381469727,14.430000305175781,3710904
2023-10-13 16:30:00,14.425000190734863,14.449999809265137,14.380000114440918,14.420599937438965,2786354
2023-10-13 17:30:00,14.42389965057373,14.489999771118164,14.420000076293945,14.444999694824219,3378062
2023-10-13 18:30:00,14.444999694824219,14.460000038146973,14.390000343322754,14.404999732971191,3782591
2023-10-13 19:30:00,14.404999732971191,14.420000076293945,14.34000015258789,14.369999885559082,4585267
2023-10-16 13:30:00,14.399999618530273,14.46500015258789,14.229999542236328,14.34000015258789,5504424
2023-10-16 14:30:00,14.335000038146973,14.4399995803833,14.334199905395508,14.416399955749512,4640309
2023-10-16 15:30:00,14.414999961853027,14.470000267028809,14.350000381469727,14.4350004196167,4279802
2023-10-16 16:30:00,14.4350004196167,14.479999542236328,14.420000076293945,14.460000038146973,3188237
2023-10-16 17:30:00,14.46500015258789,14.5,14.414999961853027,14.420000076293945,3609572
2023-10-16 18:30:00,14.425000190734863,14.460000038146973,14.40999984741211,14.444999694824219,3241074
2023-10-16 19:30:00,14.449999809265137,14.449999809265137,14.399999618530273,14.399999618530273,4070075
2023-10-17 13:30:00,14.319999694824219,14.529999732971191,14.28499984741211,14.444999694824219,6500900
2023-10-17 14:30:00,14.447699546813965,14.529999732971191,14.430000305175781,14.520000457763672,3567798
2023-10-17 15:30:00,14.515000343322754,14.579999923706055,14.510000228881836,14.576800346374512,3481656
2023-10-17 16:30:00,14.574999809265137,14.579999923706055,14.475000381469727,14.515000343322754,2930465
2023-10-17 17:30:00,14.520000457763672,14.520000457763672,14.4399995803833,14.475000381469727,2358883
2023-10-17 18:30:00,14.475500106811523,14.510000228881836,14.449999809265137,14.484999656677246,3871622
2023-10-17 19:30:00,14.484999656677246,14.59000015258789,14.470000267028809,14.579000473022461,5545652
2023-10-18 13:30:00,14.470000267028809,14.524999618530273,14.399999618530273,14.494999885559082,5053766
2023-10-18 14:30:00,14.489999771118164,14.515000343322754,14.40999984741211,14.454999923706055,3480237
2023-10-18 15:30:00,14.454999923706055,14.460000038146973,14.369999885559082,14.404999732971191,2967667
2023-10-18 16:30:00,14.406999588012695,14.484999656677246,14.390000343322754,14.425000190734863,4366959
2023-10-18 17:30:00,14.425000190734863,14.430000305175781,14.380000114440918,14.385000228881836,3111142
2023-10-18 18:30:00,14.385000228881836,14.40999984741211,14.350000381469727,14.354999542236328,3940050
2023-10-18 19:30:00,14.350000381469727,14.395000457763672,14.3100004196167,14.329099655151367,6419720
2023-10-19 13:30:00,15.369999885559082,15.654999732971191,15.15999984741211,15.295000076293945,33478245
2023-10-19 14:30:00,15.295000076293945,15.444999694824219,15.1899995803833,15.330100059509277,14710357
2023-10-19 15:30:00,15.335000038146973,15.399999618530273,15.25,15.392399787902832,7666002
2023-10-19 16:30:00,15.399999618530273,15.489999771118164,15.369999885559082,15.454999923706055,7121461
2023-10-19 17:30:00,15.489999771118164,15.489999771118164,15.369999885559082,15.385000228881836,6512409
2023-10-19 18:30:00,15.385000228881836,15.420000076293945,15.25,15.270000457763672,7572952
2023-10-19 19:30:00,15.274999618530273,15.289999961853027,15.234999656677246,15.239999771118164,13267279
2023-10-20 13:30:00,15.1899995803833,15.90999984741211,15.1899995803833,15.8100004196167,22833902
2023-10-20 14:30:00,15.8149995803833,15.8149995803833,15.460000038146973,15.5,11428277
2023-10-20 15:30:00,15.5,15.6899995803833,15.489999771118164,15.678199768066406,7036659
2023-10-20 16:30:00,15.675000190734863,15.710000038146973,15.460000038146973,15.494999885559082,4758172
2023-10-20 17:30:00,15.494999885559082,15.520000457763672,15.4399995803833,15.494999885559082,3873687
2023-10-20 18:30:00,15.494999885559082,15.539999961853027,15.420000076293945,15.444999694824219,3923559
2023-10-20 19:30:00,15.444999694824219,15.449999809265137,15.380000114440918,15.385000228881836,6431164
2023-10-23 13:30:00,15.28030014038086,15.329999923706055,15.119999885559082,15.15999984741211,8084596
2023-10-23 14:30:00,15.149999618530273,15.210000038146973,15.09000015258789,15.09000015258789,6502791
2023-10-23 15:30:00,15.095000267028809,15.119999885559082,15.0,15.015000343322754,5886816
2023-10-23 16:30:00,15.015000343322754,15.100000381469727,15.010000228881836,15.100000381469727,4357581
2023-10-23 17:30:00,15.093799591064453,15.13700008392334,14.949999809265137,15.009099960327148,7727655
2023-10-23 18:30:00,15.010000228881836,15.020000457763672,14.880000114440918,14.885000228881836,6072628
2023-10-23 19:30:00,14.890000343322754,14.960000038146973,14.859999656677246,14.9399995803833,9585696
2023-10-24 13:30:00,15.180000305175781,15.5,15.180000305175781,15.404999732971191,14332786
2023-10-24 14:30:00,15.40999984741211,15.5,15.260000228881836,15.475000381469727,9430104
2023-10-24 15:30:00,15.475000381469727,15.510000228881836,15.420000076293945,15.475000381469727,8051280
2023-10-24 16:30:00,15.475000381469727,15.539999961853027,15.449999809265137,15.475000381469727,7541198
2023-10-24 17:30:00,15.479999542236328,15.520000457763672,15.4399995803833,15.475000381469727,5043763
2023-10-24 18:30:00,15.479999542236328,15.520000457763672,15.460000038146973,15.515000343322754,5347710
2023-10-24 19:30:00,15.515000343322754,15.569999694824219,15.479999542236328,15.529999732971191,10305101
2023-10-25 13:30:00,15.5,15.585000038146973,15.3100004196167,15.3100004196167,7128455
2023-10-25 14:30:00,15.3149995803833,15.385000228881836,15.260000228881836,15.319999694824219,6157695
2023-10-25 15:30:00,15.319999694824219,15.335000038146973,15.229999542236328,15.229999542236328,3495503
2023-10-25 16:30:00,15.234999656677246,15.289999961853027,15.170000076293945,15.180000305175781,3313657
2023-10-25 17:30:00,15.1850004196167,15.1899995803833,15.074999809265137,15.125,7097599
2023-10-25 18:30:00,15.119999885559082,15.147500038146973,15.069999694824219,15.119999885559082,4633397
2023-10-25 19:30:00,15.114999771118164,15.220000267028809,15.109999656677246,15.1899995803833,6583994
2023-10-26 13:30:00,15.170000076293945,15.289999961853027,14.979999542236328,15.095000267028809,8315133
2023-10-26 14:30:00,15.095000267028809,15.239999771118164,15.0600004196167,15.194999694824219,5967673
2023-10-26 15:30:00,15.1899995803833,15.199999809265137,15.09000015258789,15.114999771118164,5954059
2023-10-26 16:30:00,15.114999771118164,15.149999618530273,15.069999694824219,15.114999771118164,3668295
2023-10-26 17:30:00,15.114999771118164,15.180000305175781,15.09000015258789,15.154999732971191,3467462
2023-10-26 18:30:00,15.154999732971191,15.25,15.145000457763672,15.17020034790039,4042321
2023-10-26 19:30:00,15.175000190734863,15.1899995803833,15.119999885559082,15.130000114440918,5090338
2023-10-27 13:30:00,15.100000381469727,15.180000305175781,14.960000038146973,14.960000038146973,4493983
2023-10-27 14:30:00,14.960000038146973,15.010000228881836,14.9399995803833,14.975000381469727,4730212
2023-10-27 15:30:00,14.975000381469727,14.979999542236328,14.880000114440918,14.890000343322754,4320651
2023-10-27 16:30:00,14.890299797058105,14.90999984741211,14.8100004196167,14.855600357055664,4116644
2023-10-27 17:30:00,14.850799560546875,14.898500442504883,14.8100004196167,14.819999694824219,3338446
2023-10-27 18:30:00,14.8149995803833,14.850000381469727,14.739999771118164,14.800000190734863,5206102
2023-10-27 19:30:00,14.796299934387207,14.84000015258789,14.779999732971191,14.829999923706055,5659125
2023-10-30 13:30:00,14.949999809265137,15.380000114440918,14.90999984741211,15.220000267028809,10921439
2023-10-30 14:30:00,15.21500015258789,15.220000267028809,15.119999885559082,15.210000038146973,4840895
2023-10-30 15:30:00,15.210000038146973,15.239999771118164,15.140000343322754,15.234999656677246,3768458
2023-10-30 16:30:00,15.234999656677246,15.279999732971191,15.199999809265137,15.270000457763672,4884452
2023-10-30 17:30:00,15.270000457763672,15.3100004196167,15.239999771118164,15.300000190734863,3130663
2023-10-30 18:30:00,15.295000076293945,15.329999923706055,15.270000457763672,15.274999618530273,3381151
2023-10-30 19:30:00,15.279999732971191,15.300000190734863,15.260000228881836,15.260000228881836,6670430
2023-10-31 13:30:00,15.279999732971191,15.380000114440918,15.25,15.309900283813477,5330645
2023-10-31 14:30:00,15.305000305175781,15.414999961853027,15.300000190734863,15.390000343322754,5405267
2023-10-31 15:30:00,15.395000457763672,15.4399995803833,15.350000381469727,15.354999542236328,3079506
2023-10-31 16:30:00,15.359999656677246,15.380000114440918,15.34000015258789,15.371199607849121,2343038
2023-10-31 17:30:00,15.369999885559082,15.390000343322754,15.34000015258789,15.350000381469727,2618334
2023-10-31 18:30:00,15.345000267028809,15.430000305175781,15.34000015258789,15.425000190734863,3127864
2023-10-31 19:30:00,15.425000190734863,15.4399995803833,15.390000343322754,15.390000343322754,4785814
2023-11-01 13:30:00,15.489999771118164,15.699999809265137,15.430000305175781,15.675000190734863,10484866
2023-11-01 14:30:00,15.672499656677246,15.680000305175781,15.609999656677246,15.610099792480469,4893636
2023-11-01 15:30:00,15.614999771118164,15.645000457763672,15.510000228881836,15.515000343322754,4334328
2023-11-01 16:30:00,15.515000343322754,15.539999961853027,15.479999542236328,15.505000114440918,3244782
2023-11-01 17:30:00,15.505000114440918,15.5600004196167,15.479999542236328,15.53499984741211,3303767
2023-11-01 18:30:00,15.539999961853027,15.630000114440918,15.510000228881836,15.600000381469727,5370150
2023-11-01 19:30:00,15.600000381469727,15.635000228881836,15.539999961853027,15.569999694824219,5045883
2023-11-02 13:30:00,15.619999885559082,15.710000038146973,15.5600004196167,15.638999938964844,5224146
2023-11-02 14:30:00,15.640000343322754,15.75,15.630599975585938,15.718999862670898,5376614
2023-11-02 15:30:00,15.71500015258789,15.75,15.6899995803833,15.734999656677246,4277033
2023-11-02 16:30:00,15.734999656677246,15.779999732971191,15.729999542236328,15.729999542236328,3448418
2023-11-02 17:30:00,15.734999656677246,15.739999771118164,15.680000305175781,15.704999923706055,3039512
2023-11-02 18:30:00,15.703399658203125,15.710000038146973,15.670000076293945,15.675000190734863,3402897
2023-11-02 19:30:00,15.675000190734863,15.739999771118164,15.664999961853027,15.734999656677246,6017712
2023-11-03 13:30:00,15.899999618530273,16.040000915527344,15.859999656677246,15.914999961853027,10264423
2023-11-03 14:30:00,15.914999961853027,15.920000076293945,15.829999923706055,15.880000114440918,5374858
2023-11-03 15:30:00,15.880000114440918,15.920000076293945,15.850000381469727,15.90999984741211,3282940
2023-11-03 16:30:00,15.90999984741211,15.960000038146973,15.859999656677246,15.864999771118164,4750336
2023-11-03 17:30:00,15.864999771118164,15.890000343322754,15.834600448608398,15.880000114440918,3755360
2023-11-03 18:30:00,15.875,15.890000343322754,15.850000381469727,15.885000228881836,3263610
2023-11-03 19:30:00,15.885000228881836,15.904999732971191,15.850000381469727,15.880000114440918,7615657
2023-11-06 14:30:00,15.829999923706055,15.895000457763672,15.710000038146973,15.75,5789994
2023-11-06 15:30:00,15.753399848937988,15.770000457763672,15.710000038146973,15.734999656677246,2859935
2023-11-06 16:30:00,15.734999656677246,15.744999885559082,15.640000343322754,15.694999694824219,4066460
2023-11-06 17:30:00,15.699999809265137,15.770000457763672,15.680000305175781,15.765000343322754,2931994
2023-11-06 18:30:00,15.765000343322754,15.765000343322754,15.710000038146973,15.739999771118164,2814433
2023-11-06 19:30:00,15.734999656677246,15.770000457763672,15.720000267028809,15.734999656677246,2783317
2023-11-06 20:30:00,15.739999771118164,15.760000228881836,15.699999809265137,15.739999771118164,6305990
2023-11-07 14:30:00,15.710000038146973,15.960000038146973,15.710000038146973,15.9399995803833,4816567
2023-11-07 15:30:00,15.939900398254395,15.960000038146973,15.850000381469727,15.869999885559082,2976827
2023-11-07 16:30:00,15.864999771118164,15.90999984741211,15.829999923706055,15.84000015258789,2128590
2023-11-07 17:30:00,15.84000015258789,15.869999885559082,15.800000190734863,15.824999809265137,2541966
2023-11-07 18:30:00,15.824999809265137,15.859999656677246,15.819999694824219,15.850000381469727,1916942
2023-11-07 19:30:00,15.845000267028809,15.859999656677246,15.819999694824219,15.835000038146973,2484830
2023-11-07 20:30:00,15.835000038146973,15.859999656677246,15.829999923706055,15.850000381469727,4965146
2023-11-08 14:30:00,15.84000015258789,15.84000015258789,15.65999984741211,15.699999809265137,4590360
2023-11-08 15:30:00,15.692000389099121,15.699999809265137,15.630000114440918,15.654999732971191,3056864
2023-11-08 16:30:00,15.654999732971191,15.670000076293945,15.600000381469727,15.600000381469727,2653502
2023-11-08 17:30:00,15.60200023651123,15.6899995803833,15.59000015258789,15.635000228881836,3106218
2023-11-08 18:30:00,15.640000343322754,15.680000305175781,15.579999923706055,15.628499984741211,2176244
2023-11-08 19:30:00,15.630000114440918,15.649999618530273,15.585000038146973,15.635000228881836,2067428
2023-11-08 20:30:00,15.630000114440918,15.6899995803833,15.619999885559082,15.65999984741211,4249151
2023-11-09 14:30:00,15.680000305175781,15.75,15.65999984741211,15.720000267028809,4041105
2023-11-09 15:30:00,15.720000267028809,15.720000267028809,15.619999885559082,15.664999961853027,3382440
2023-11-09 16:30:00,15.65999984741211,15.739999771118164,15.649999618530273,15.71500015258789,3227744
2023-11-09 17:30:00,15.71500015258789,15.729999542236328,15.619999885559082,15.630000114440918,2052196
2023-11-09 18:30:00,15.625,15.630000114440918,15.5600004196167,15.5649995803833,2595424
2023-11-09 19:30:00,15.5649995803833,15.619999885559082,15.550000190734863,15.600000381469727,3472533
2023-11-09 20:30:00,15.604999542236328,15.640000343322754,15.600000381469727,15.630000114440918,3639619
2023-11-10 14:30:00,15.720000267028809,15.725000381469727,15.460000038146973,15.475000381469727,4274083
2023-11-10 15:30:00,15.475000381469727,15.569999694824219,15.460000038146973,15.550000190734863,2910624
2023-11-10 16:30:00,15.550000190734863,15.5600004196167,15.479999542236328,15.529999732971191,2614795
2023-11-10 17:30:00,15.53499984741211,15.59000015258789,15.529999732971191,15.574999809265137,2308861
2023-11-10 18:30:00,15.574999809265137,15.649999618530273,15.569999694824219,15.635000228881836,2036986
2023-11-10 19:30:00,15.640000343322754,15.65999984741211,15.609999656677246,15.65999984741211,2119055
2023-11-10 20:30:00,15.65999984741211,15.680000305175781,15.619999885559082,15.649999618530273,3959941
2023-11-13 14:30:00,15.609999656677246,15.710000038146973,15.510000228881836,15.680000305175781,4323231
2023-11-13 15:30:00,15.6850004196167,15.739999771118164,15.630000114440918,15.640000343322754,3449078
2023-11-13 16:30:00,15.645000457763672,15.670000076293945,15.604999542236328,15.609999656677246,2428171
2023-11-13 17:30:00,15.609999656677246,15.609999656677246,15.550000190734863,15.5649995803833,1605018
2023-11-13 18:30:00,15.5649995803833,15.600000381469727,15.550000190734863,15.5649995803833,1572530
2023-11-13 19:30:00,15.5600004196167,15.569999694824219,15.520000457763672,15.546099662780762,2057516
2023-11-13 20:30:00,15.545000076293945,15.579999923706055,15.529999732971191,15.579999923706055,3510068
2023-11-14 14:30:00,15.710000038146973,15.75,15.515000343322754,15.635000228881836,6868892
2023-11-14 15:30:00,15.630000114440918,15.680000305175781,15.609999656677246,15.680000305175781,2706794
2023-11-14 16:30:00,15.680000305175781,15.710000038146973,15.609999656677246,15.640000343322754,3516880
2023-11-14 17:30:00,15.645000457763672,15.670000076293945,15.609999656677246,15.65999984741211,2419942
2023-11-14 18:30:00,15.654999732971191,15.680000305175781,15.619999885559082,15.625,2941459
2023-11-14 19:30:00,15.619999885559082,15.649999618530273,15.600000381469727,15.640000343322754,3158963
2023-11-14 20:30:00,15.63010025024414,15.65999984741211,15.600000381469727,15.619999885559082,3600842
2023-11-15 14:30:00,15.649999618530273,15.770000457763672,15.640000343322754,15.734999656677246,4561531
2023-11-15 15:30:00,15.739999771118164,15.760000228881836,15.720000267028809,15.734999656677246,2330419
2023-11-15 16:30:00,15.734999656677246,15.75,15.710000038146973,15.75,2132200
2023-11-15 17:30:00,15.744999885559082,15.760000228881836,15.720000267028809,15.760000228881836,1865321
2023-11-15 18:30:00,15.760000228881836,15.770000457763672,15.720000267028809,15.739999771118164,1894653
2023-11-15 19:30:00,15.734299659729004,15.779999732971191,15.729999542236328,15.774999618530273,2564089
2023-11-15 20:30:00,15.774800300598145,15.800000190734863,15.760000228881836,15.770000457763672,4229982
2023-11-16 14:30:00,15.890000343322754,15.930000305175781,15.819999694824219,15.871000289916992,4917720
2023-11-16 15:30:00,15.875,15.877799987792969,15.763400077819824,15.779999732971191,3095830
2023-11-16 16:30:00,15.78499984741211,15.800000190734863,15.75,15.765000343322754,2626072
2023-11-16 17:30:00,15.765000343322754,15.84000015258789,15.763500213623047,15.835000038146973,1980921
2023-11-16 18:30:00,15.84000015258789,15.859999656677246,15.819999694824219,15.859999656677246,2164454
2023-11-16 19:30:00,15.854999542236328,15.869999885559082,15.830300331115723,15.845000267028809,2577264
2023-11-16 20:30:00,15.845000267028809,15.890000343322754,15.84000015258789,15.880000114440918,4444436
2023-11-17 14:30:00,15.90999984741211,15.956000328063965,15.84000015258789,15.9350004196167,7112490
2023-11-17 15:30:00,15.9399995803833,15.960000038146973,15.880000114440918,15.885000228881836,3617799
2023-11-17 16:30:00,15.885000228881836,15.90999984741211,15.859999656677246,15.899999618530273,2230484
2023-11-17 17:30:00,15.904999732971191,15.920000076293945,15.880000114440918,15.90999984741211,1407069
2023-11-17 18:30:00,15.904999732971191,15.930000305175781,15.869999885559082,15.895000457763672,1764272
2023-11-17 19:30:00,15.895000457763672,15.920000076293945,15.869999885559082,15.914999961853027,2243039
2023-11-17 20:30:00,15.90999984741211,15.920000076293945,15.890000343322754,15.914999961853027,3502071
2023-11-20 14:30:00,15.899999618530273,15.930000305175781,15.850000381469727,15.920000076293945,3129026
2023-11-20 15:30:00,15.914999961853027,16.040000915527344,15.899999618530273,16.010099411010742,4682886
2023-11-20 16:30:00,16.020000457763672,16.079999923706055,16.014400482177734,16.045000076293945,3137890
2023-11-20 17:30:00,16.045000076293945,16.100000381469727,16.020000457763672,16.065000534057617,3509003
2023-11-20 18:30:00,16.06999969482422,16.110000610351562,16.059999465942383,16.104999542236328,2343306
2023-11-20 19:30:00,16.104999542236328,16.149999618530273,16.100000381469727,16.134700775146484,3853316
2023-11-20 20:30:00,16.135000228881836,16.170000076293945,16.100000381469727,16.104999542236328,5331491
2023-11-21 14:30:00,16.06999969482422,16.18000030517578,16.024999618530273,16.174999237060547,3959285
2023-11-21 15:30:00,16.174999237060547,16.25,16.155000686645508,16.225000381469727,4598097
2023-11-21 16:30:00,16.225000381469727,16.225000381469727,16.139999389648438,16.155000686645508,2613586
2023-11-21 17:30:00,16.155000686645508,16.190000534057617,16.139999389648438,16.174999237060547,1968993
2023-11-21 18:30:00,16.17639923095703,16.200000762939453,16.170000076293945,16.184999465942383,2469866
2023-11-21 19:30:00,16.190000534057617,16.200000762939453,16.12179946899414,16.159900665283203,2583840
2023-11-21 20:30:00,16.156099319458008,16.219999313354492,16.1299991607666,16.190000534057617,3593169
2023-11-22 14:30:00,16.25,16.280000686645508,16.200000762939453,16.274999618530273,3623009
2023-11-22 15:30:00,16.27989959716797,16.280000686645508,16.18000030517578,16.18000030517578,2525510
2023-11-22 16:30:00,16.184999465942383,16.219999313354492,16.139999389648438,16.145200729370117,2379599
2023-11-22 17:30:00,16.145000457763672,16.149999618530273,16.100000381469727,16.114999771118164,2160682
2023-11-22 18:30:00,16.114999771118164,16.200000762939453,16.100099563598633,16.200000762939453,2352860
2023-11-22 19:30:00,16.19499969482422,16.200000762939453,16.1200008392334,16.174999237060547,2093477
2023-11-22 20:30:00,16.18000030517578,16.190000534057617,16.149999618530273,16.174999237060547,2524000
2023-11-24 14:30:00,16.209999084472656,16.31999969482422,16.200000762939453,16.274999618530273,3241290
2023-11-24 15:30:00,16.270099639892578,16.299999237060547,16.25,16.26099967956543,2193801
2023-11-24 16:30:00,16.270000457763672,16.270000457763672,16.219999313354492,16.235000610351562,2741120
2023-11-27 14:30:00,16.190000534057617,16.270000457763672,16.17009925842285,16.21500015258789,5379487
2023-11-27 15:30:00,16.21500015258789,16.219999313354492,16.1200008392334,16.149999618530273,3617294
2023-11-27 16:30:00,16.149999618530273,16.149999618530273,16.084999084472656,16.137300491333008,2502021
2023-11-27 17:30:00,16.13010025024414,16.200000762939453,16.1299991607666,16.195499420166016,1904149
2023-11-27 18:30:00,16.19499969482422,16.219999313354492,16.170000076293945,16.21500015258789,2282308
2023-11-27 19:30:00,16.21500015258789,16.239999771118164,16.190000534057617,16.204999923706055,3351028
2023-11-27 20:30:00,16.204999923706055,16.239999771118164,16.200000762939453,16.209999084472656,4689754
2023-11-28 14:30:00,16.170000076293945,16.190000534057617,16.030000686645508,16.110000610351562,3569224
2023-11-28 15:30:00,16.110000610351562,16.190000534057617,16.100000381469727,16.140899658203125,3293019
2023-11-28 16:30:00,16.149999618530273,16.18000030517578,16.1299991607666,16.165000915527344,2315899
2023-11-28 17:30:00,16.165800094604492,16.200000762939453,16.1200008392334,16.200000762939453,2122311
2023-11-28 18:30:00,16.19499969482422,16.200000762939453,16.110000610351562,16.1299991607666,2133642
2023-11-28 19:30:00,16.125,16.149999618530273,16.100000381469727,16.149999618530273,2805795
2023-11-28 20:30:00,16.139999389648438,16.190000534057617,16.1299991607666,16.18000030517578,4021010
2023-11-29 14:30:00,16.190000534057617,16.239999771118164,16.149999618530273,16.219999313354492,4306598
2023-11-29 15:30:00,16.21500015258789,16.25,16.18000030517578,16.249000549316406,3362875
2023-11-29 16:30:00,16.25,16.260000228881836,16.219999313354492,16.229999542236328,2322154
2023-11-29 17:30:00,16.229999542236328,16.270000457763672,16.209999084472656,16.2637996673584,2320115
2023-11-29 18:30:00,16.264999389648438,16.329999923706055,16.260000228881836,16.315000534057617,2999327
2023-11-29 19:30:00,16.315000534057617,16.31999969482422,16.260000228881836,16.264999389648438,2942791
2023-11-29 20:30:00,16.264999389648438,16.309999465942383,16.260000228881836,16.295799255371094,4646150
2023-11-30 14:30:00,16.290000915527344,16.549999237060547,16.290000915527344,16.480100631713867,5859278
2023-11-30 15:30:00,16.485000610351562,16.530000686645508,16.43000030517578,16.479999542236328,5493582
2023-11-30 16:30:00,16.479999542236328,16.5,16.43000030517578,16.43000030517578,2560803
2023-11-30 17:30:00,16.434999465942383,16.469999313354492,16.43000030517578,16.44499969482422,1929104
2023-11-30 18:30:00,16.44499969482422,16.5,16.440000534057617,16.489999771118164,2825024
2023-11-30 19:30:00,16.489999771118164,16.510000228881836,16.479999542236328,16.5049991607666,2980234
2023-11-30 20:30:00,16.510000228881836,16.600000381469727,16.5,16.56999969482422,7951852
2023-12-01 14:30:00,16.600000381469727,16.700000762939453,16.524999618530273,16.665000915527344,5526499
2023-12-01 15:30:00,16.661500930786133,16.690000534057617,16.6200008392334,16.6200008392334,4087017
2023-12-01 16:30:00,16.625,16.670000076293945,16.6200008392334,16.6299991607666,4269182
2023-12-01 17:30:00,16.635000228881836,16.68000030517578,16.610000610351562,16.625,3759536
2023-12-01 18:30:00,16.625,16.690000534057617,16.610000610351562,16.665000915527344,3298501
2023-12-01 19:30:00,16.670000076293945,16.739999771118164,16.65999984741211,16.690000534057617,4154582
2023-12-01 20:30:00,16.69499969482422,16.770000457763672,16.690000534057617,16.770000457763672,4500953
2023-12-04 14:30:00,16.600000381469727,16.770000457763672,16.575000762939453,16.604999542236328,8713656
2023-12-04 15:30:00,16.604999542236328,16.700000762939453,16.59000015258789,16.6200008392334,4697214
2023-12-04 16:30:00,16.614999771118164,16.690000534057617,16.600000381469727,16.655000686645508,4220982
2023-12-04 17:30:00,16.655000686645508,16.690000534057617,16.6200008392334,16.659700393676758,3075878
2023-12-04 18:30:00,16.655000686645508,16.65999984741211,16.600000381469727,16.614999771118164,4617168
2023-12-04 19:30:00,16.614999771118164,16.639999389648438,16.549999237060547,16.611499786376953,5749229
2023-12-04 20:30:00,16.6200008392334,16.68000030517578,16.610000610351562,16.665000915527344,5719238
2023-12-05 14:30:00,16.979999542236328,17.274999618530273,16.959999084472656,17.084999084472656,19772368
2023-12-05 15:30:00,17.09000015258789,17.139999389648438,17.030000686645508,17.06999969482422,9318606
2023-12-05 16:30:00,17.06999969482422,17.184999465942383,17.020999908447266,17.15250015258789,7144370
2023-12-05 17:30:00,17.155000686645508,17.280000686645508,17.139999389648438,17.223800659179688,9241056
2023-12-05 18:30:00,17.225000381469727,17.31999969482422,17.200000762939453,17.31999969482422,5387682
2023-12-05 19:30:00,17.318500518798828,17.34000015258789,17.239999771118164,17.2549991607666,7208755
2023-12-05 20:30:00,17.2549991607666,17.270000457763672,17.209999084472656,17.229999542236328,8030146
2023-12-06 14:30:00,17.170000076293945,17.260000228881836,16.854999542236328,17.209999084472656,11533326
2023-12-06 15:30:00,17.204999923706055,17.280000686645508,17.079999923706055,17.084999084472656,5117632
2023-12-06 16:30:00,17.079999923706055,17.087499618530273,16.959999084472656,16.979999542236328,5781758
2023-12-06 17:30:00,16.979999542236328,17.010000228881836,16.950000762939453,16.96500015258789,3622726
2023-12-06 18:30:00,16.96500015258789,17.040000915527344,16.959999084472656,17.01580047607422,4128776
2023-12-06 19:30:00,17.014999389648438,17.030000686645508,16.969999313354492,16.985000610351562,4725814
2023-12-06 20:30:00,16.985000610351562,17.0,16.93000030517578,16.940000534057617,5504700
2023-12-07 14:30:00,17.020000457763672,17.06999969482422,16.899999618530273,16.9950008392334,4572748
2023-12-07 15:30:00,16.9950008392334,17.059999465942383,16.959999084472656,17.020000457763672,3473021
2023-12-07 16:30:00,17.020000457763672,17.100000381469727,17.0,17.084999084472656,3633293
2023-12-07 17:30:00,17.084999084472656,17.1299991607666,17.06999969482422,17.072500228881836,3056890
2023-12-07 18:30:00,17.079999923706055,17.100000381469727,17.06999969482422,17.079999923706055,3253639
2023-12-07 19:30:00,17.084999084472656,17.100000381469727,17.030000686645508,17.030000686645508,3621196
2023-12-07 20:30:00,17.030000686645508,17.110000610351562,17.020000457763672,17.09000015258789,5193194
2023-12-08 14:30:00,17.09000015258789,17.110000610351562,16.950000762939453,16.985000610351562,5244765
2023-12-08 15:30:00,16.985000610351562,16.985000610351562,16.8700008392334,16.924999237060547,5041634
2023-12-08 16:30:00,16.93000030517578,16.959999084472656,16.889999389648438,16.905000686645508,3080733
2023-12-08 17:30:00,16.90019989013672,16.94499969482422,16.8700008392334,16.90880012512207,3325680
2023-12-08 18:30:00,16.905000686645508,16.920000076293945,16.809999465942383,16.829999923706055,4129462
2023-12-08 19:30:00,16.829999923706055,16.979999542236328,16.81999969482422,16.979999542236328,3550352
2023-12-08 20:30:00,16.975000381469727,17.0,16.90999984741211,16.93000030517578,4876829
2023-12-11 14:30:00,16.90999984741211,16.940000534057617,16.559999465942383,16.569700241088867,8389580
2023-12-11 15:30:00,16.565000534057617,16.700000762939453,16.530000686645508,16.684999465942383,6884159
2023-12-11 16:30:00,16.6825008392334,16.75,16.6200008392334,16.665000915527344,4282427
2023-12-11 17:30:00,16.665000915527344,16.709999084472656,16.649999618530273,16.684999465942383,2968875
2023-12-11 18:30:00,16.690000534057617,16.719999313354492,16.65999984741211,16.68000030517578,3088761
2023-12-11 19:30:00,16.68000030517578,16.700000762939453,16.639999389648438,16.67530059814453,4443031
2023-12-11 20:30:00,16.670000076293945,16.68000030517578,16.6200008392334,16.622499465942383,6055478
2023-12-12 14:30:00,16.559999465942383,16.579999923706055,16.34000015258789,16.450000762939453,6841739
2023-12-12 15:30:00,16.450000762939453,16.579999923706055,16.450000762939453,16.554500579833984,5398879
2023-12-12 16:30:00,16.55500030517578,16.56999969482422,16.489999771118164,16.524999618530273,3858174
2023-12-12 17:30:00,16.524999618530273,16.530000686645508,16.40999984741211,16.40999984741211,3282388
2023-12-12 18:30:00,16.415000915527344,16.459999084472656,16.399999618530273,16.44499969482422,3321188
2023-12-12 19:30:00,16.44499969482422,16.450000762939453,16.3700008392334,16.399999618530273,4408073
2023-12-12 20:30:00,16.405000686645508,16.440000534057617,16.3799991607666,16.40999984741211,7880009
2023-12-13 14:30:00,16.329999923706055,16.329999923706055,16.100000381469727,16.184999465942383,7392821
2023-12-13 15:30:00,16.184999465942383,16.229999542236328,16.100000381469727,16.174999237060547,5125826
2023-12-13 16:30:00,16.18000030517578,16.229999542236328,16.139999389648438,16.225000381469727,4813295
2023-12-13 17:30:00,16.225000381469727,16.239999771118164,16.200000762939453,16.225000381469727,3369570
2023-12-13 18:30:00,16.225000381469727,16.389999389648438,16.18000030517578,16.364999771118164,4706236
2023-12-13 19:30:00,16.364999771118164,16.5,16.354900360107422,16.406299591064453,8765418
2023-12-13 20:30:00,16.405000686645508,16.475000381469727,16.3799991607666,16.459999084472656,5378660
2023-12-14 14:30:00,16.510000228881836,16.719999313354492,16.510000228881836,16.635000228881836,11300578
2023-12-14 15:30:00,16.6382999420166,16.75,16.610000610351562,16.704999923706055,10646137
2023-12-14 16:30:00,16.703800201416016,16.75,16.670000076293945,16.7450008392334,5364838
2023-12-14 17:30:00,16.75,16.809999465942383,16.700000762939453,16.739999771118164,5626335
2023-12-14 18:30:00,16.739999771118164,16.780000686645508,16.610000610351562,16.625,5311329
2023-12-14 19:30:00,16.625,16.670000076293945,16.610000610351562,16.659900665283203,4450020
2023-12-14 20:30:00,16.655000686645508,16.670000076293945,16.600000381469727,16.655000686645508,6144738
2023-12-15 14:30:00,16.565000534057617,16.655000686645508,16.5,16.59000015258789,11887098
2023-12-15 15:30:00,16.579999923706055,16.6200008392334,16.520000457763672,16.594999313354492,3815661
2023-12-15 16:30:00,16.600000381469727,16.610000610351562,16.549999237060547,16.60260009765625,2772614
2023-12-15 17:30:00,16.606000900268555,16.649999618530273,16.559999465942383,16.575000762939453,3492840
2023-12-15 18:30:00,16.575000762939453,16.579999923706055,16.479999542236328,16.479999542236328,3799229
2023-12-15 19:30:00,16.485000610351562,16.510000228881836,16.459999084472656,16.482799530029297,3809732
2023-12-15 20:30:00,16.485000610351562,16.540000915527344,16.450000762939453,16.520000457763672,6286414
2023-12-18 14:30:00,16.600000381469727,16.75,16.5,16.5049991607666,5780614
2023-12-18 15:30:00,16.5049991607666,16.540000915527344,16.479999542236328,16.53499984741211,3698180
2023-12-18 16:30:00,16.530000686645508,16.540000915527344,16.5,16.514999389648438,3183674
2023-12-18 17:30:00,16.514999389648438,16.520000457763672,16.420000076293945,16.46500015258789,3398349
2023-12-18 18:30:00,16.46500015258789,16.485000610351562,16.43000030517578,16.434999465942383,3320197
2023-12-18 19:30:00,16.434999465942383,16.459999084472656,16.40999984741211,16.424999237060547,4055968
2023-12-18 20:30:00,16.43000030517578,16.479999542236328,16.40999984741211,16.454999923706055,5830182
2023-12-19 14:30:00,16.43000030517578,16.540000915527344,16.40999984741211,16.521499633789062,4853844
2023-12-19 15:30:00,16.520000457763672,16.56999969482422,16.5049991607666,16.549999237060547,3892584
2023-12-19 16:30:00,16.540000915527344,16.600000381469727,16.530000686645508,16.559999465942383,3536383
2023-12-19 17:30:00,16.559999465942383,16.600000381469727,16.540000915527344,16.575000762939453,2204922
2023-12-19 18:30:00,16.575000762939453,16.600000381469727,16.559999465942383,16.59000015258789,2682964
2023-12-19 19:30:00,16.59000015258789,16.610000610351562,16.56999969482422,16.5856990814209,3216283
2023-12-19 20:30:00,16.584999084472656,16.6200008392334,16.579999923706055,16.6200008392334,3732304
2023-12-20 14:30:00,16.56999969482422,16.611000061035156,16.479999542236328,16.496200561523438,4929985
2023-12-20 15:30:00,16.493600845336914,16.610000610351562,16.489999771118164,16.575000762939453,3728013
2023-12-20 16:30:00,16.575000762939453,16.579999923706055,16.520000457763672,16.565000534057617,3312716
2023-12-20 17:30:00,16.56999969482422,16.579999923706055,16.53219985961914,16.54010009765625,2721636
2023-12-20 18:30:00,16.54990005493164,16.56999969482422,16.540000915527344,16.564599990844727,2744727
2023-12-20 19:30:00,16.565000534057617,16.56999969482422,16.420000076293945,16.43000030517578,3942948
2023-12-20 20:30:00,16.424999237060547,16.459999084472656,16.399999618530273,16.399999618530273,5601539
2023-12-21 14:30:00,16.459999084472656,16.479999542236328,16.3799991607666,16.385000228881836,4694165
2023-12-21 15:30:00,16.385000228881836,16.479999542236328,16.3799991607666,16.479999542236328,3948497
2023-12-21 16:30:00,16.475000381469727,16.5,16.450000762939453,16.475000381469727,3828667
2023-12-21 17:30:00,16.479999542236328,16.5,16.360000610351562,16.376399993896484,4347944
2023-12-21 18:30:00,16.373699188232422,16.407499313354492,16.350000381469727,16.389999389648438,3533844
2023-12-21 19:30:00,16.384599685668945,16.450000762939453,16.3700008392334,16.450000762939453,3572977
2023-12-21 20:30:00,16.450000762939453,16.510000228881836,16.440000534057617,16.479999542236328,4747431
2023-12-22 14:30:00,16.5,16.649999618530273,16.5,16.60140037536621,5621299
2023-12-22 15:30:00,16.610000610351562,16.709999084472656,16.584999084472656,16.709999084472656,5114647
2023-12-22 16:30:00,16.704999923706055,16.729999542236328,16.65999984741211,16.674999237060547,3210116
2023-12-22 17:30:00,16.67650032043457,16.690000534057617,16.639999389648438,16.674999237060547,1771261
2023-12-22 18:30:00,16.674999237060547,16.68000030517578,16.52400016784668,16.533899307250977,2429912
2023-12-22 19:30:00,16.530000686645508,16.579999923706055,16.5,16.549999237060547,2539949
2023-12-22 20:30:00,16.549999237060547,16.56999969482422,16.530000686645508,16.559999465942383,3291787
2023-12-26 14:30:00,16.5,16.549999237060547,16.440000534057617,16.540199279785156,3868169
2023-12-26 15:30:00,16.545000076293945,16.594999313354492,16.520000457763672,16.584999084472656,3221650
2023-12-26 16:30:00,16.59000015258789,16.600000381469727,16.549999237060547,16.584999084472656,2467474
2023-12-26 17:30:00,16.584999084472656,16.610000610351562,16.56999969482422,16.59000015258789,2112724
2023-12-26 18:30:00,16.584999084472656,16.610000610351562,16.565000534057617,16.584999084472656,2383249
2023-12-26 19:30:00,16.59000015258789,16.599899291992188,16.55500030517578,16.561100006103516,2349483
2023-12-26 20:30:00,16.565000534057617,16.600000381469727,16.549999237060547,16.559999465942383,3212094
2023-12-27 14:30:00,16.489999771118164,16.56999969482422,16.450000762939453,16.555599212646484,5134264
2023-12-27 15:30:00,16.549999237060547,16.56999969482422,16.520000457763672,16.549999237060547,2704580
2023-12-27 16:30:00,16.55500030517578,16.617000579833984,16.549999237060547,16.575000762939453,2962909
2023-12-27 17:30:00,16.56999969482422,16.579999923706055,16.530000686645508,16.545000076293945,2442056
2023-12-27 18:30:00,16.545000076293945,16.579999923706055,16.510000228881836,16.55470085144043,2873861
2023-12-27 19:30:00,16.559999465942383,16.56999969482422,16.489999771118164,16.534700393676758,3653559
2023-12-27 20:30:00,16.53499984741211,16.600000381469727,16.514999389648438,16.594999313354492,4082199
2023-12-28 14:30:00,16.540000915527344,16.84000015258789,16.530000686645508,16.823200225830078,7260233
2023-12-28 15:30:00,16.825000762939453,16.8700008392334,16.760000228881836,16.78179931640625,5272795
2023-12-28 16:30:00,16.78499984741211,16.790000915527344,16.75,16.760000228881836,2995627
2023-12-28 17:30:00,16.764999389648438,16.780000686645508,16.729999542236328,16.7450008392334,2619623
2023-12-28 18:30:00,16.7450008392334,16.770000457763672,16.714000701904297,16.735000610351562,2503548
2023-12-28 19:30:00,16.735000610351562,16.770000457763672,16.719999313354492,16.739999771118164,3098153
2023-12-28 20:30:00,16.739999771118164,16.770000457763672,16.725000381469727,16.75,5231266
2023-12-29 14:30:00,16.6299991607666,16.75,16.610000610351562,16.704999923706055,4486579
2023-12-29 15:30:00,16.704999923706055,16.780000686645508,16.68000030517578,16.768999099731445,4793803
2023-12-29 16:30:00,16.770000457763672,16.81999969482422,16.75,16.780000686645508,4736527
2023-12-29 17:30:00,16.78499984741211,16.790000915527344,16.739999771118164,16.7450008392334,2578205
2023-12-29 18:30:00,16.7460994720459,16.770000457763672,16.719999313354492,16.755800247192383,2444329
2023-12-29 19:30:00,16.7549991607666,16.799999237060547,16.75,16.790000915527344,2903269
2023-12-29 20:30:00,16.78499984741211,16.829999923706055,16.770000457763672,16.809999465942383,5541910
2024-01-02 14:30:00,16.84000015258789,17.200000762939453,16.829999923706055,17.197500228881836,9433193
2024-01-02 15:30:00,17.19499969482422,17.280000686645508,17.135000228881836,17.135000228881836,8730266
2024-01-02 16:30:00,17.139999389648438,17.25,17.110000610351562,17.240100860595703,4029844
2024-01-02 17:30:00,17.25,17.360000610351562,17.239999771118164,17.325000762939453,4816217
2024-01-02 18:30:00,17.325000762939453,17.3799991607666,17.235000610351562,17.25320053100586,4675771
2024-01-02 19:30:00,17.2549991607666,17.270000457763672,17.18000030517578,17.197099685668945,3981412
2024-01-02 20:30:00,17.200000762939453,17.270000457763672,17.190000534057617,17.264999389648438,5937291
2024-01-03 14:30:00,17.31999969482422,17.375,17.239999771118164,17.30459976196289,8281481
2024-01-03 15:30:00,17.302900314331055,17.309999465942383,17.219999313354492,17.28499984741211,4903282
2024-01-03 16:30:00,17.28499984741211,17.299999237060547,17.25,17.28619956970215,3254418
2024-01-03 17:30:00,17.28499984741211,17.31999969482422,17.280000686645508,17.319900512695312,2142009
2024-01-03 18:30:00,17.31999969482422,17.350000381469727,17.280000686645508,17.334999084472656,2167202
2024-01-03 19:30:00,17.33530044555664,17.350000381469727,17.25,17.26460075378418,2868366
2024-01-03 20:30:00,17.264999389648438,17.295000076293945,17.219999313354492,17.235000610351562,4397463
2024-01-04 14:30:00,17.260000228881836,17.299999237060547,17.200000762939453,17.264999389648438,5805181
2024-01-04 15:30:00,17.264999389648438,17.290000915527344,17.190000534057617,17.235000610351562,5005144
2024-01-04 16:30:00,17.235000610351562,17.299999237060547,17.209999084472656,17.214399337768555,3457599
2024-01-04 17:30:00,17.21500015258789,17.219999313354492,17.190000534057617,17.19499969482422,2268236
2024-01-04 18:30:00,17.19540023803711,17.28499984741211,17.190000534057617,17.2549991607666,3279084
2024-01-04 19:30:00,17.252500534057617,17.290000915527344,17.229999542236328,17.25,2630878
2024-01-04 20:30:00,17.239999771118164,17.25,17.149999618530273,17.149999618530273,5913582
2024-01-05 14:30:00,17.15999984741211,17.514999389648438,17.094999313354492,17.3799991607666,8574424
2024-01-05 15:30:00,17.385000228881836,17.479999542236328,17.360000610351562,17.450000762939453,5316633
2024-01-05 16:30:00,17.450000762939453,17.469999313354492,17.3700008392334,17.405000686645508,3818482
2024-01-05 17:30:00,17.40999984741211,17.440000534057617,17.3799991607666,17.435100555419922,2118704
2024-01-05 18:30:00,17.434999465942383,17.489999771118164,17.430099487304688,17.469999313354492,2516558
2024-01-05 19:30:00,17.475000381469727,17.489999771118164,17.420000076293945,17.43950080871582,2862916
2024-01-05 20:30:00,17.434999465942383,17.479999542236328,17.420000076293945,17.46500015258789,3748903
2024-01-08 14:30:00,17.450000762939453,17.485000610351562,17.239999771118164,17.304500579833984,8300375
2024-01-08 15:30:00,17.309999465942383,17.399999618530273,17.3085994720459,17.395000457763672,5410830
2024-01-08 16:30:00,17.395000457763672,17.43000030517578,17.344999313354492,17.360000610351562,4749960
2024-01-08 17:30:00,17.364999771118164,17.399999618530273,17.350000381469727,17.360000610351562,2957759
2024-01-08 18:30:00,17.364999771118164,17.375,17.31999969482422,17.325000762939453,3797207
2024-01-08 19:30:00,17.325000762939453,17.360000610351562,17.299999237060547,17.315000534057617,4633668
2024-01-08 20:30:00,17.315000534057617,17.350000381469727,17.299999237060547,17.309999465942383,5543472
2024-01-09 14:30:00,16.969999313354492,16.979999542236328,16.829999923706055,16.875,6444142
2024-01-09 15:30:00,16.875,16.940000534057617,16.860000610351562,16.895000457763672,4208426
2024-01-09 16:30:00,16.889999389648438,16.920000076293945,16.881000518798828,16.899999618530273,2457759
2024-01-09 17:30:00,16.90999984741211,16.920000076293945,16.8799991607666,16.892499923706055,2258157
2024-01-09 18:30:00,16.897600173950195,16.93000030517578,16.8799991607666,16.915000915527344,3001045
2024-01-09 19:30:00,16.915000915527344,16.959999084472656,16.899999618530273,16.94499969482422,3138520
2024-01-09 20:30:00,16.94499969482422,16.979999542236328,16.922500610351562,16.950000762939453,3287516
2024-01-10 14:30:00,16.899999618530273,16.899999618530273,16.780000686645508,16.842500686645508,4645038
2024-01-10 15:30:00,16.844999313354492,16.8799991607666,16.799999237060547,16.80500030517578,2936974
2024-01-10 16:30:00,16.80500030517578,16.829999923706055,16.760000228881836,16.802499771118164,3475644
2024-01-10 17:30:00,16.809999465942383,16.850000381469727,16.79010009765625,16.799999237060547,3005401
2024-01-10 18:30:00,16.80500030517578,16.829999923706055,16.774999618530273,16.793100357055664,2331175
2024-01-10 19:30:00,16.795000076293945,16.8799991607666,16.795000076293945,16.84000015258789,3149025
2024-01-10 20:30:00,16.829999923706055,16.8799991607666,16.81999969482422,16.875,3337708
2024-01-11 14:30:00,16.799999237060547,16.799999237060547,16.559999465942383,16.574100494384766,5582195
2024-01-11 15:30:00,16.575000762939453,16.670000076293945,16.56999969482422,16.6200008392334,6480067
2024-01-11 16:30:00,16.6200008392334,16.62779998779297,16.565000534057617,16.571199417114258,4068525
2024-01-11 17:30:00,16.575000762939453,16.59000015258789,16.559999465942383,16.575000762939453,2208158
2024-01-11 18:30:00,16.56999969482422,16.610000610351562,16.549999237060547,16.604999542236328,2292017
2024-01-11 19:30:00,16.604999542236328,16.639999389648438,16.190000534057617,16.19499969482422,9598492
2024-01-11 20:30:00,16.200000762939453,16.290000915527344,16.149999618530273,16.239999771118164,21910108
2024-01-12 14:30:00,16.34000015258789,16.59000015258789,16.325000762939453,16.559999465942383,7166078
2024-01-12 15:30:00,16.559900283813477,16.6200008392334,16.549999237060547,16.610000610351562,4767366
2024-01-12 16:30:00,16.610000610351562,16.6200008392334,16.469999313354492,16.4950008392334,3543254
2024-01-12 17:30:00,16.49650001525879,16.520000457763672,16.479999542236328,16.5,3132726
2024-01-12 18:30:00,16.4950008392334,16.520000457763672,16.469999313354492,16.510000228881836,2278205
2024-01-12 19:30:00,16.520000457763672,16.520000457763672,16.420000076293945,16.450000762939453,3115138
2024-01-12 20:30:00,16.44499969482422,16.485000610351562,16.440000534057617,16.479999542236328,4588049
2024-01-16 14:30:00,16.420000076293945,16.600000381469727,16.34000015258789,16.575000762939453,7576479
2024-01-16 15:30:00,16.579999923706055,16.579999923706055,16.485000610351562,16.510000228881836,5358158
2024-01-16 16:30:00,16.510000228881836,16.559999465942383,16.462499618530273,16.46500015258789,3228425
2024-01-16 17:30:00,16.469999313354492,16.510000228881836,16.440000534057617,16.5049991607666,3076789
2024-01-16 18:30:00,16.50670051574707,16.510000228881836,16.40999984741211,16.424999237060547,3565950
2024-01-16 19:30:00,16.424999237060547,16.440000534057617,16.399999618530273,16.399999618530273,2702554
2024-01-16 20:30:00,16.405000686645508,16.440000534057617,16.3700008392334,16.440000534057617,4713498
2024-01-17 14:30:00,16.3799991607666,16.6299991607666,16.3700008392334,16.56999969482422,9818714
2024-01-17 15:30:00,16.56999969482422,16.600000381469727,16.459999084472656,16.459999084472656,4632707
2024-01-17 16:30:00,16.46500015258789,16.489999771118164,16.420000076293945,16.459999084472656,3654454
2024-01-17 17:30:00,16.454999923706055,16.489999771118164,16.43000030517578,16.434499740600586,3116247
2024-01-17 18:30:00,16.434999465942383,16.449899673461914,16.3799991607666,16.389999389648438,5003353
2024-01-17 19:30:00,16.395000457763672,16.40999984741211,16.360000610351562,16.364999771118164,3673800
2024-01-17 20:30:00,16.360000610351562,16.420000076293945,16.350000381469727,16.40999984741211,6187154
2024-01-18 14:30:00,16.290000915527344,16.329999923706055,16.190000534057617,16.274999618530273,7276011
2024-01-18 15:30:00,16.280000686645508,16.329999923706055,16.200000762939453,16.25,4891398
2024-01-18 16:30:00,16.2549991607666,16.260000228881836,16.219999313354492,16.234500885009766,2928424
2024-01-18 17:30:00,16.23349952697754,16.290000915527344,16.229999542236328,16.28420066833496,3176647
2024-01-18 18:30:00,16.28499984741211,16.34000015258789,16.270000457763672,16.325000762939453,3544073
2024-01-18 19:30:00,16.325000762939453,16.360000610351562,16.31999969482422,16.350000381469727,3085553
2024-01-18 20:30:00,16.354999542236328,16.420000076293945,16.350000381469727,16.399999618530273,5112013
2024-01-19 14:30:00,16.65999984741211,16.670000076293945,16.395000457763672,16.604999542236328,14093139
2024-01-19 15:30:00,16.600000381469727,16.65999984741211,16.549999237060547,16.604999542236328,5464261
2024-01-19 16:30:00,16.600000381469727,16.764999389648438,16.559999465942383,16.735000610351562,4918177
2024-01-19 17:30:00,16.735000610351562,16.780000686645508,16.709999084472656,16.7549991607666,5202583
2024-01-19 18:30:00,16.760000228881836,16.760000228881836,16.68000030517578,16.725000381469727,5074453
2024-01-19 19:30:00,16.729999542236328,16.780000686645508,16.700000762939453,16.700000762939453,5280229
2024-01-19 20:30:00,16.704999923706055,16.719999313354492,16.639999389648438,16.670000076293945,6824167
2024-01-22 14:30:00,16.719999313354492,16.8700008392334,16.639999389648438,16.85810089111328,10524531
2024-01-22 15:30:00,16.860000610351562,16.8700008392334,16.709999084472656,16.75,5533704
2024-01-22 16:30:00,16.75,16.809999465942383,16.739999771118164,16.795000076293945,4112665
2024-01-22 17:30:00,16.795000076293945,16.809999465942383,16.739999771118164,16.769899368286133,2949678
2024-01-22 18:30:00,16.764999389648438,16.81999969482422,16.760000228881836,16.80500030517578,3793307
2024-01-22 19:30:00,16.80500030517578,16.8799991607666,16.799999237060547,16.8799991607666,4346515
2024-01-22 20:30:00,16.875,16.899999618530273,16.780000686645508,16.790000915527344,7435845
2024-01-23 14:30:00,17.040000915527344,17.219999313354492,16.979999542236328,17.174999237060547,13230597
2024-01-23 15:30:00,17.174999237060547,17.209999084472656,17.100000381469727,17.165000915527344,8869790
2024-01-23 16:30:00,17.165000915527344,17.204999923706055,17.15250015258789,17.174699783325195,4399709
2024-01-23 17:30:00,17.18000030517578,17.190000534057617,17.135000228881836,17.184499740600586,4954720
2024-01-23 18:30:00,17.184499740600586,17.229999542236328,17.18000030517578,17.190000534057617,5810493
2024-01-23 19:30:00,17.184999465942383,17.25,17.15999984741211,17.21500015258789,5901637
2024-01-23 20:30:00,17.21500015258789,17.239999771118164,17.170000076293945,17.190000534057617,10428412
2024-01-24 14:30:00,16.559999465942383,17.038999557495117,16.459999084472656,16.690000534057617,22239157
2024-01-24 15:30:00,16.69499969482422,16.739999771118164,16.579999923706055,16.667299270629883,8034829
2024-01-24 16:30:00,16.665000915527344,16.799999237060547,16.610000610351562,16.610000610351562,7077467
2024-01-24 17:30:00,16.614999771118164,16.690000534057617,16.579999923706055,16.677799224853516,7199106
2024-01-24 18:30:00,16.68000030517578,16.704999923706055,16.59000015258789,16.604999542236328,5467882
2024-01-24 19:30:00,16.604999542236328,16.649999618530273,16.56999969482422,16.639999389648438,7929366
2024-01-24 20:30:00,16.635000228881836,16.760000228881836,16.6299991607666,16.68000030517578,11979266
2024-01-25 14:30:00,16.770000457763672,17.15999984741211,16.690000534057617,17.03499984741211,13311266
2024-01-25 15:30:00,17.033000946044922,17.095800399780273,16.989999771118164,16.995899200439453,6494144
2024-01-25 16:30:00,16.9950008392334,17.0,16.8799991607666,16.969999313354492,6031831
2024-01-25 17:30:00,16.975799560546875,17.040000915527344,16.940000534057617,17.00040054321289,4111637
2024-01-25 18:30:00,17.0,17.049999237060547,16.969999313354492,17.049999237060547,4176591
2024-01-25 19:30:00,17.045000076293945,17.079999923706055,17.010000228881836,17.024999618530273,6438381
2024-01-25 20:30:00,17.024999618530273,17.190000534057617,17.010000228881836,17.18000030517578,8516011
2024-01-26 14:30:00,17.149999618530273,17.3799991607666,17.1200008392334,17.295000076293945,7129604
2024-01-26 15:30:00,17.295000076293945,17.3700008392334,17.260000228881836,17.295000076293945,4994249
2024-01-26 16:30:00,17.295000076293945,17.350000381469727,17.280000686645508,17.31599998474121,4734014
2024-01-26 17:30:00,17.31999969482422,17.31999969482422,17.219999313354492,17.235000610351562,3888406
2024-01-26 18:30:00,17.235000610351562,17.260000228881836,17.219999313354492,17.2450008392334,2302468
2024-01-26 19:30:00,17.2450008392334,17.260000228881836,17.209999084472656,17.209999084472656,4267355
2024-01-26 20:30:00,17.21500015258789,17.290000915527344,17.190000534057617,17.290000915527344,6096328
2024-01-29 14:30:00,17.219999313354492,17.219999313354492,17.049999237060547,17.08449935913086,7669004
2024-01-29 15:30:00,17.084999084472656,17.170000076293945,17.06999969482422,17.165000915527344,4576916
2024-01-29 16:30:00,17.164499282836914,17.209999084472656,17.13010025024414,17.184999465942383,4795854
2024-01-29 17:30:00,17.185699462890625,17.219999313354492,17.149999618530273,17.165000915527344,3525851
2024-01-29 18:30:00,17.165000915527344,17.200000762939453,17.149999618530273,17.174999237060547,2733758
2024-01-29 19:30:00,17.174999237060547,17.270000457763672,17.170000076293945,17.270000457763672,5132456
2024-01-29 20:30:00,17.264999389648438,17.280000686645508,17.219999313354492,17.25,5340613
2024-01-30 14:30:00,17.25,17.360000610351562,17.18000030517578,17.350000381469727,7526333
2024-01-30 15:30:00,17.344999313354492,17.459999084472656,17.329999923706055,17.3700008392334,6848430
2024-01-30 16:30:00,17.375,17.489999771118164,17.3700008392334,17.469999313354492,4731757
2024-01-30 17:30:00,17.469999313354492,17.530000686645508,17.440000534057617,17.514999389648438,5624818
2024-01-30 18:30:00,17.517499923706055,17.55500030517578,17.479999542236328,17.549999237060547,4135191
2024-01-30 19:30:00,17.55500030517578,17.59000015258789,17.530000686645508,17.53499984741211,6522209
2024-01-30 20:30:00,17.530000686645508,17.540000915527344,17.479999542236328,17.520000457763672,8554335
2024-01-31 14:30:00,17.510000228881836,17.75,17.5,17.735000610351562,7947978
2024-01-31 15:30:00,17.739999771118164,17.81999969482422,17.690000534057617,17.70009994506836,7693972
2024-01-31 16:30:00,17.700000762939453,17.780000686645508,17.670000076293945,17.719999313354492,4342811
2024-01-31 17:30:00,17.71500015258789,17.75,17.700000762939453,17.735000610351562,3379523
2024-01-31 18:30:00,17.735000610351562,17.739999771118164,17.639999389648438,17.725000381469727,3517975
2024-01-31 19:30:00,17.725000381469727,17.75,17.620100021362305,17.700000762939453,5815486
2024-01-31 20:30:00,17.700000762939453,17.719999313354492,17.68000030517578,17.68000030517578,6634607
2024-02-01 14:30:00,18.1299991607666,18.139999389648438,17.81999969482422,17.954999923706055,17992698
2024-02-01 15:30:00,17.954999923706055,18.075700759887695,17.90999984741211,18.05500030517578,10693940
2024-02-01 16:30:00,18.05500030517578,18.149999618530273,18.020000457763672,18.076000213623047,9014995
2024-02-01 17:30:00,18.075000762939453,18.110000610351562,18.020000457763672,18.05500030517578,4417860
2024-02-01 18:30:00,18.05500030517578,18.06999969482422,18.010000228881836,18.032800674438477,3985425
2024-02-01 19:30:00,18.03499984741211,18.06999969482422,17.959999084472656,18.014999389648438,6097505
2024-02-01 20:30:00,18.020000457763672,18.09000015258789,18.010000228881836,18.059999465942383,7080301
2024-02-02 14:30:00,17.875,17.90999984741211,17.7549991607666,17.829999923706055,6709555
2024-02-02 15:30:00,17.829999923706055,17.950000762939453,17.829999923706055,17.950000762939453,6152861
2024-02-02 16:30:00,17.950000762939453,17.979999542236328,17.850000381469727,17.873199462890625,3638113
2024-02-02 17:30:00,17.8799991607666,17.899999618530273,17.799999237060547,17.823200225830078,2943190
2024-02-02 18:30:00,17.829999923706055,17.899700164794922,17.809999465942383,17.889999389648438,2214823
2024-02-02 19:30:00,17.885000228881836,17.959999084472656,17.8799991607666,17.94499969482422,2843347
2024-02-02 20:30:00,17.950000762939453,17.950000762939453,17.829999923706055,17.829999923706055,4233469
2024-02-05 14:30:00,17.709999084472656,17.799999237060547,17.579999923706055,17.684999465942383,5840815
2024-02-05 15:30:00,17.684999465942383,17.729999542236328,17.670000076293945,17.709999084472656,2904533
2024-02-05 16:30:00,17.704999923706055,17.719999313354492,17.649999618530273,17.665000915527344,2088298
2024-02-05 17:30:00,17.670000076293945,17.690000534057617,17.610000610351562,17.6200008392334,2040219
2024-02-05 18:30:00,17.614999771118164,17.709999084472656,17.611600875854492,17.704599380493164,2223996
2024-02-05 19:30:00,17.704999923706055,17.860000610351562,17.700000762939453,17.854999542236328,4991774
2024-02-05 20:30:00,17.850000381469727,17.8700008392334,17.719999313354492,17.729999542236328,3991524
2024-02-06 14:30:00,17.65999984741211,17.770000457763672,17.610000610351562,17.625,5103808
2024-02-06 15:30:00,17.624099731445312,17.68000030517578,17.6200008392334,17.640100479125977,4008969
2024-02-06 16:30:00,17.645000457763672,17.649999618530273,17.610000610351562,17.627500534057617,2603184
2024-02-06 17:30:00,17.6299991607666,17.6299991607666,17.600000381469727,17.610000610351562,1456157
2024-02-06 18:30:00,17.614999771118164,17.6299991607666,17.559999465942383,17.559999465942383,1658898
2024-02-06 19:30:00,17.565000534057617,17.600000381469727,17.549999237060547,17.594999313354492,1927174
2024-02-06 20:30:00,17.594999313354492,17.6200008392334,17.579999923706055,17.6200008392334,3410784
2024-02-07 14:30:00,17.600000381469727,17.6200008392334,17.329999923706055,17.3799991607666,6274617
2024-02-07 15:30:00,17.375,17.420000076293945,17.360000610351562,17.3700008392334,3847584
2024-02-07 16:30:00,17.375,17.43000030517578,17.3700008392334,17.389999389648438,2516935
2024-02-07 17:30:00,17.395000457763672,17.420000076293945,17.364999771118164,17.405500411987305,1883578
2024-02-07 18:30:00,17.405000686645508,17.40999984741211,17.329999923706055,17.364999771118164,2579590
2024-02-07 19:30:00,17.3700008392334,17.3799991607666,17.299999237060547,17.350000381469727,5238648
2024-02-07 20:30:00,17.350000381469727,17.360000610351562,17.329999923706055,17.34000015258789,4429608
2024-02-08 14:30:00,17.299999237060547,17.299999237060547,16.979999542236328,17.049999237060547,9310722
2024-02-08 15:30:00,17.040000915527344,17.049999237060547,16.920000076293945,16.94499969482422,6695218
2024-02-08 16:30:00,16.94499969482422,17.010000228881836,16.940000534057617,16.985000610351562,5301380
2024-02-08 17:30:00,16.989900588989258,17.030000686645508,16.93000030517578,16.934999465942383,5158668
2024-02-08 18:30:00,16.93000030517578,16.940000534057617,16.780000686645508,16.809999465942383,10490102
2024-02-08 19:30:00,16.809999465942383,16.829999923706055,16.739999771118164,16.76449966430664,9523492
2024-02-08 20:30:00,16.760000228881836,16.84000015258789,16.75,16.81999969482422,12556174
2024-02-09 14:30:00,16.729999542236328,16.8799991607666,16.6200008392334,16.81999969482422,11467866
2024-02-09 15:30:00,16.81999969482422,16.829999923706055,16.700000762939453,16.71500015258789,5194521
2024-02-09 16:30:00,16.709999084472656,16.719999313354492,16.56999969482422,16.625,7558845
2024-02-09 17:30:00,16.6299991607666,16.780000686645508,16.59000015258789,16.769899368286133,5672118
2024-02-09 18:30:00,16.770000457763672,16.799999237060547,16.7450008392334,16.764999389648438,2804639
2024-02-09 19:30:00,16.766000747680664,16.850000381469727,16.760000228881836,16.825000762939453,3491101
2024-02-09 20:30:00,16.825000762939453,16.84000015258789,16.799999237060547,16.834999084472656,3811910
2024-02-12 14:30:00,16.84000015258789,16.899999618530273,16.760000228881836,16.826799392700195,4704603
2024-02-12 15:30:00,16.825000762939453,16.920000076293945,16.770000457763672,16.920000076293945,4589597
2024-02-12 16:30:00,16.915000915527344,16.969999313354492,16.899999618530273,16.959999084472656,3009589
2024-02-12 17:30:00,16.954999923706055,17.010000228881836,16.940000534057617,16.96500015258789,2495722
2024-02-12 18:30:00,16.96500015258789,17.049999237060547,16.959999084472656,17.024999618530273,3001105
2024-02-12 19:30:00,17.024999618530273,17.049999237060547,17.0,17.014999389648438,3175935
2024-02-12 20:30:00,17.015600204467773,17.059999465942383,17.0,17.030000686645508,5894354
2024-02-13 14:30:00,17.020000457763672,17.190000534057617,16.850000381469727,16.895000457763672,6930010
2024-02-13 15:30:00,16.899900436401367,16.899999618530273,16.760000228881836,16.760000228881836,4400825
2024-02-13 16:30:00,16.770000457763672,16.829999923706055,16.75,16.815000534057617,2777943
2024-02-13 17:30:00,16.815000534057617,16.860000610351562,16.790000915527344,16.854999542236328,2040125
2024-02-13 18:30:00,16.854999542236328,16.8700008392334,16.81999969482422,16.81999969482422,2251462
2024-02-13 19:30:00,16.823400497436523,16.850000381469727,16.799999237060547,16.825000762939453,2658953
2024-02-13 20:30:00,16.829999923706055,16.920000076293945,16.829999923706055,16.899999618530273,4244597
2024-02-14 14:30:00,16.969999313354492,17.09000015258789,16.875,17.019899368286133,4156420
2024-02-14 15:30:00,17.014999389648438,17.059999465942383,17.0,17.014999389648438,2349026
2024-02-14 16:30:00,17.014999389648438,17.040000915527344,16.93000030517578,16.953399658203125,2196802
2024-02-14 17:30:00,16.954999923706055,16.979999542236328,16.93000030517578,16.975000381469727,1636173
2024-02-14 18:30:00,16.975000381469727,16.979999542236328,16.850000381469727,16.86319923400879,1788277
2024-02-14 19:30:00,16.864999771118164,16.899999618530273,16.84000015258789,16.889999389648438,2512405
2024-02-14 20:30:00,16.895999908447266,16.920000076293945,16.850000381469727,16.920000076293945,3676226
2024-02-15 14:30:00,16.940000534057617,17.190000534057617,16.940000534057617,17.15999984741211,4569269
2024-02-15 15:30:00,17.165000915527344,17.209999084472656,17.059999465942383,17.145000457763672,4781773
2024-02-15 16:30:00,17.145299911499023,17.219999313354492,17.139999389648438,17.17289924621582,2961975
2024-02-15 17:30:00,17.18000030517578,17.18000030517578,17.06999969482422,17.104999542236328,2512909
2024-02-15 18:30:00,17.104999542236328,17.1200008392334,17.06999969482422,17.094999313354492,2009281
2024-02-15 19:30:00,17.094999313354492,17.1299991607666,17.079999923706055,17.10650062561035,1927559
2024-02-15 20:30:00,17.104999542236328,17.104999542236328,17.059999465942383,17.09000015258789,3572897
2024-02-16 14:30:00,16.899999618530273,17.020000457763672,16.760000228881836,16.985000610351562,7362602
2024-02-16 15:30:00,16.979999542236328,16.989999771118164,16.920000076293945,16.975000381469727,2481204
2024-02-16 16:30:00,16.969999313354492,17.020000457763672,16.889999389648438,16.979999542236328,4216239
2024-02-16 17:30:00,16.979999542236328,17.030000686645508,16.940000534057617,17.030000686645508,2629821
2024-02-16 18:30:00,17.030000686645508,17.06999969482422,17.020000457763672,17.045000076293945,2547613
2024-02-16 19:30:00,17.040000915527344,17.049999237060547,16.969999313354492,16.989999771118164,2726992
2024-02-16 20:30:00,16.985000610351562,17.0,16.959999084472656,16.96540069580078,2901476
2024-02-20 14:30:00,16.899999618530273,17.1299991607666,16.8700008392334,17.084999084472656,5659912
2024-02-20 15:30:00,17.09000015258789,17.1299991607666,17.049999237060547,17.06999969482422,2999342
2024-02-20 16:30:00,17.065000534057617,17.09000015258789,17.030000686645508,17.03499984741211,1909223
2024-02-20 17:30:00,17.030000686645508,17.040000915527344,17.0,17.014999389648438,1884197
2024-02-20 18:30:00,17.014999389648438,17.030000686645508,16.959999084472656,16.96500015258789,2065345
2024-02-20 19:30:00,16.96500015258789,16.969999313354492,16.90999984741211,16.92009925842285,3013203
2024-02-20 20:30:00,16.924999237060547,16.93000030517578,16.8700008392334,16.90999984741211,4739709
2024-02-21 14:30:00,16.920000076293945,16.940000534057617,16.84000015258789,16.920000076293945,4593653
2024-02-21 15:30:00,16.920000076293945,16.969999313354492,16.889999389648438,16.915000915527344,3061981
2024-02-21 16:30:00,16.915000915527344,16.989999771118164,16.90999984741211,16.97010040283203,2725501
2024-02-21 17:30:00,16.969999313354492,16.979999542236328,16.934600830078125,16.96500015258789,2011359
2024-02-21 18:30:00,16.969999313354492,16.979999542236328,16.90999984741211,16.954999923706055,1683783
2024-02-21 19:30:00,16.954999923706055,16.979999542236328,16.940000534057617,16.96500015258789,1840453
2024-02-21 20:30:00,16.96500015258789,17.010000228881836,16.950000762939453,17.010000228881836,3099897
2024-02-22 14:30:00,16.670000076293945,16.704999923706055,16.420000076293945,16.65999984741211,17191685
2024-02-22 15:30:00,16.65999984741211,16.670000076293945,16.450000762939453,16.614999771118164,11006336
2024-02-22 16:30:00,16.6200008392334,16.719999313354492,16.600000381469727,16.69499969482422,4573996
2024-02-22 17:30:00,16.69499969482422,16.69499969482422,16.600000381469727,16.610000610351562,3858183
2024-02-22 18:30:00,16.610000610351562,16.649999618530273,16.600000381469727,16.645000457763672,3167106
2024-02-22 19:30:00,16.645000457763672,16.649999618530273,16.549999237060547,16.59000015258789,5751904
2024-02-22 20:30:00,16.59000015258789,16.600000381469727,16.55500030517578,16.59000015258789,6724314
2024-02-23 14:30:00,16.6299991607666,16.739999771118164,16.540000915527344,16.729999542236328,7013637
2024-02-23 15:30:00,16.725000381469727,16.860000610351562,16.709999084472656,16.780000686645508,4150188
2024-02-23 16:30:00,16.780000686645508,16.81999969482422,16.770000457763672,16.78499984741211,3101180
2024-02-23 17:30:00,16.785499572753906,16.799999237060547,16.75,16.78499984741211,2693202
2024-02-23 18:30:00,16.78499984741211,16.799999237060547,16.760000228881836,16.799999237060547,2446412
2024-02-23 19:30:00,16.795000076293945,16.850000381469727,16.770000457763672,16.834999084472656,3851868
2024-02-23 20:30:00,16.834999084472656,16.84000015258789,16.780000686645508,16.809999465942383,4563294
2024-02-26 14:30:00,16.799999237060547,16.829999923706055,16.610000610351562,16.635000228881836,5199875
2024-02-26 15:30:00,16.635000228881836,16.65999984741211,16.579999923706055,16.639999389648438,3351690
2024-02-26 16:30:00,16.646499633789062,16.670000076293945,16.610000610351562,16.625,2256442
2024-02-26 17:30:00,16.6200008392334,16.6299991607666,16.549999237060547,16.565000534057617,2147349
2024-02-26 18:30:00,16.56999969482422,16.579999923706055,16.520000457763672,16.565000534057617,2378722
2024-02-26 19:30:00,16.565000534057617,16.6200008392334,16.549999237060547,16.614999771118164,2814608
2024-02-26 20:30:00,16.614999771118164,16.639999389648438,16.59000015258789,16.595600128173828,3733603
2024-02-27 14:30:00,16.610000610351562,16.674999237060547,16.55500030517578,16.56999969482422,3646110
2024-02-27 15:30:00,16.570999145507812,16.65999984741211,16.540000915527344,16.639999389648438,2641006
2024-02-27 16:30:00,16.64069938659668,16.65999984741211,16.600000381469727,16.613300323486328,3061643
2024-02-27 17:30:00,16.61750030517578,16.75,16.600000381469727,16.7450008392334,3431585
2024-02-27 18:30:00,16.75,16.809999465942383,16.739999771118164,16.774999618530273,3454197
2024-02-27 19:30:00,16.774999618530273,16.84000015258789,16.739999771118164,16.770000457763672,4096257
2024-02-27 20:30:00,16.774999618530273,16.850000381469727,16.760000228881836,16.834999084472656,4483052
2024-02-28 14:30:00,16.81999969482422,17.020000457763672,16.809999465942383,16.985000610351562,5444820
2024-02-28 15:30:00,16.989999771118164,17.040000915527344,16.969999313354492,16.9867000579834,3950796
2024-02-28 16:30:00,16.985000610351562,17.040000915527344,16.969999313354492,16.990400314331055,3084720
2024-02-28 17:30:00,16.989999771118164,17.020000457763672,16.979999542236328,17.010099411010742,2615671
2024-02-28 18:30:00,17.010000228881836,17.040000915527344,16.9950008392334,16.9950008392334,3041715
2024-02-28 19:30:00,16.9950008392334,17.0,16.940000534057617,16.96500015258789,4115777
2024-02-28 20:30:00,16.96500015258789,16.979999542236328,16.9325008392334,16.959999084472656,6766007
2024-02-29 14:30:00,17.020000457763672,17.1200008392334,16.989999771118164,17.059999465942383,5725930
2024-02-29 15:30:00,17.05500030517578,17.059999465942383,16.969999313354492,17.0049991607666,3506774
2024-02-29 16:30:00,17.010000228881836,17.010000228881836,16.950000762939453,16.950000762939453,3307523
2024-02-29 17:30:00,16.950000762939453,17.040000915527344,16.940000534057617,17.024999618530273,3008811
2024-02-29 18:30:00,17.030000686645508,17.040000915527344,16.979999542236328,16.979999542236328,2068514
2024-02-29 19:30:00,16.989900588989258,16.989999771118164,16.959999084472656,16.985000610351562,2098959
2024-02-29 20:30:00,16.989999771118164,17.010000228881836,16.90999984741211,16.90999984741211,8980560
2024-03-01 14:30:00,16.8700008392334,17.030000686645508,16.809999465942383,17.0049991607666,6232301
2024-03-01 15:30:00,17.010000228881836,17.049999237060547,16.940000534057617,16.94499969482422,4601359
2024-03-01 16:30:00,16.950000762939453,17.0,16.920000076293945,16.985000610351562,2501369
2024-03-01 17:30:00,16.979999542236328,16.989999771118164,16.954999923706055,16.975000381469727,1718887
2024-03-01 18:30:00,16.975000381469727,17.0,16.969999313354492,16.979700088500977,1740605
2024-03-01 19:30:00,16.979999542236328,17.020000457763672,16.959999084472656,17.020000457763672,2734116
2024-03-01 20:30:00,17.014999389648438,17.030000686645508,16.979999542236328,17.0,4271139
2024-03-04 14:30:00,16.8700008392334,16.985000610351562,16.760000228881836,16.90999984741211,5537809
2024-03-04 15:30:00,16.90999984741211,16.950000762939453,16.8799991607666,16.885000228881836,2551484
2024-03-04 16:30:00,16.885000228881836,16.959999084472656,16.860000610351562,16.861499786376953,2685159
2024-03-04 17:30:00,16.864999771118164,16.885000228881836,16.780000686645508,16.78499984741211,3134212
2024-03-04 18:30:00,16.78499984741211,16.809999465942383,16.709999084472656,16.770000457763672,3833112
2024-03-04 19:30:00,16.77120018005371,16.81999969482422,16.760000228881836,16.790000915527344,3122626
2024-03-04 20:30:00,16.795000076293945,16.809999465942383,16.739999771118164,16.795000076293945,6352293
2024-03-05 14:30:00,17.030000686645508,17.329999923706055,17.0,17.30500030517578,10768247
2024-03-05 15:30:00,17.30500030517578,17.354999542236328,17.209999084472656,17.266700744628906,6916818
2024-03-05 16:30:00,17.269899368286133,17.350000381469727,17.25,17.315000534057617,4371625
2024-03-05 17:30:00,17.315000534057617,17.329999923706055,17.225000381469727,17.2549991607666,2977758
2024-03-05 18:30:00,17.2549991607666,17.280000686645508,17.190000534057617,17.209999084472656,2997509
2024-03-05 19:30:00,17.219999313354492,17.219999313354492,17.139999389648438,17.165000915527344,3256979
2024-03-05 20:30:00,17.163000106811523,17.190000534057617,17.139999389648438,17.170000076293945,5356320
2024-03-06 14:30:00,17.100000381469727,17.219999313354492,17.024999618530273,17.090200424194336,5785139
2024-03-06 15:30:00,17.09000015258789,17.170000076293945,17.049999237060547,17.170000076293945,4355605
2024-03-06 16:30:00,17.170000076293945,17.200000762939453,17.110000610351562,17.170000076293945,4753552
2024-03-06 17:30:00,17.165000915527344,17.18000030517578,17.1200008392334,17.165000915527344,3670836
2024-03-06 18:30:00,17.165000915527344,17.200000762939453,17.100000381469727,17.145000457763672,2819080
2024-03-06 19:30:00,17.145000457763672,17.17620086669922,17.1200008392334,17.165000915527344,2502558
2024-03-06 20:30:00,17.165000915527344,17.219999313354492,17.15999984741211,17.18000030517578,3423910
2024-03-07 14:30:00,17.190000534057617,17.299999237060547,17.15999984741211,17.280000686645508,3686538
2024-03-07 15:30:00,17.280000686645508,17.290000915527344,17.1200008392334,17.13170051574707,2283209
2024-03-07 16:30:00,17.135000228881836,17.139999389648438,17.020000457763672,17.065000534057617,4872324
2024-03-07 17:30:00,17.065000534057617,17.09000015258789,17.020000457763672,17.075000762939453,2800838
2024-03-07 18:30:00,17.079999923706055,17.110000610351562,17.060100555419922,17.08609962463379,2548234
2024-03-07 19:30:00,17.086999893188477,17.09000015258789,17.010000228881836,17.040000915527344,2734162
2024-03-07 20:30:00,17.03499984741211,17.079999923706055,17.030000686645508,17.05500030517578,3345617
2024-03-08 14:30:00,17.030000686645508,17.170000076293945,16.975000381469727,17.0049991607666,4390641
2024-03-08 15:30:00,17.000099182128906,17.149999618530273,17.0,17.123600006103516,3214309
2024-03-08 16:30:00,17.125,17.19499969482422,17.09000015258789,17.18000030517578,3782141
2024-03-08 17:30:00,17.1742000579834,17.280000686645508,17.170000076293945,17.274999618530273,3713196
2024-03-08 18:30:00,17.280000686645508,17.309999465942383,17.239999771118164,17.30500030517578,3817086
2024-03-08 19:30:00,17.30500030517578,17.309999465942383,17.219999313354492,17.236000061035156,4005354
2024-03-08 20:30:00,17.235000610351562,17.31999969482422,17.200000762939453,17.200000762939453,5085240
2024-03-11 13:30:00,17.219999313354492,17.440000534057617,17.219999313354492,17.31999969482422,5080411
2024-03-11 14:30:00,17.315000534057617,17.350000381469727,17.280000686645508,17.34000015258789,3819008
2024-03-11 15:30:00,17.334999084472656,17.34000015258789,17.260000228881836,17.325000762939453,3022917
2024-03-11 16:30:00,17.325000762939453,17.350000381469727,17.264999389648438,17.325000762939453,3647276
2024-03-11 17:30:00,17.329999923706055,17.3700008392334,17.309999465942383,17.32509994506836,2574357
2024-03-11 18:30:00,17.325000762939453,17.360000610351562,17.280000686645508,17.313800811767578,3448945
2024-03-11 19:30:00,17.315000534057617,17.34000015258789,17.28499984741211,17.334999084472656,4010477
2024-03-12 13:30:00,17.299999237060547,17.34000015258789,17.2450008392334,17.31879997253418,3760859
2024-03-12 14:30:00,17.315000534057617,17.31999969482422,17.200000762939453,17.200000762939453,4377592
2024-03-12 15:30:00,17.204999923706055,17.25,17.200000762939453,17.2450008392334,2446271
2024-03-12 16:30:00,17.2450008392334,17.25,17.200000762939453,17.200000762939453,2425745
2024-03-12 17:30:00,17.204999923706055,17.25,17.200000762939453,17.2450008392334,1917836
2024-03-12 18:30:00,17.2450008392334,17.260000228881836,17.229999542236328,17.25,2380148
2024-03-12 19:30:00,17.2549991607666,17.260000228881836,17.170000076293945,17.194499969482422,5980916
2024-03-13 13:30:00,17.270000457763672,17.434999465942383,17.235000610351562,17.375,4507728
2024-03-13 14:30:00,17.3799991607666,17.389999389648438,17.260000228881836,17.265300750732422,3398954
2024-03-13 15:30:00,17.260000228881836,17.309999465942383,17.239999771118164,17.264999389648438,2012016
2024-03-13 16:30:00,17.264999389648438,17.290000915527344,17.229999542236328,17.24690055847168,2482657
2024-03-13 17:30:00,17.2450008392334,17.2450008392334,17.1299991607666,17.155000686645508,2831866
2024-03-13 18:30:00,17.155000686645508,17.200000762939453,17.1299991607666,17.145000457763672,3138126
2024-03-13 19:30:00,17.149999618530273,17.209999084472656,17.139999389648438,17.19499969482422,4926050
2024-03-14 13:30:00,17.149999618530273,17.170000076293945,16.8799991607666,16.94499969482422,6510603
2024-03-14 14:30:00,16.940000534057617,16.979999542236328,16.93000030517578,16.979999542236328,2427785
2024-03-14 15:30:00,16.975000381469727,17.040000915527344,16.950000762939453,16.950000762939453,3656413
2024-03-14 16:30:00,16.954999923706055,16.959999084472656,16.860000610351562,16.86479949951172,2919647
2024-03-14 17:30:00,16.864999771118164,16.889999389648438,16.829999923706055,16.875,2596505
2024-03-14 18:30:00,16.870100021362305,16.90999984741211,16.850000381469727,16.895000457763672,3078332
2024-03-14 19:30:00,16.89900016784668,17.030000686645508,16.889999389648438,17.020000457763672,5493218
2024-03-15 13:30:00,16.889999389648438,17.110000610351562,16.885000228881836,17.06999969482422,9570718
2024-03-15 14:30:00,17.065000534057617,17.139999389648438,17.049999237060547,17.125,3758612
2024-03-15 15:30:00,17.1299991607666,17.139999389648438,17.030000686645508,17.049999237060547,2563415
2024-03-15 16:30:00,17.045000076293945,17.100000381469727,17.0049991607666,17.075000762939453,2397761
2024-03-15 17:30:00,17.075000762939453,17.079999923706055,17.020000457763672,17.045000076293945,2422866
2024-03-15 18:30:00,17.047000885009766,17.1200008392334,17.020000457763672,17.030000686645508,3299401
2024-03-15 19:30:00,17.024999618530273,17.09000015258789,16.959999084472656,17.045000076293945,10006490
2024-03-18 13:30:00,17.100000381469727,17.139999389648438,16.93000030517578,17.059999465942383,5950030
2024-03-18 14:30:00,17.059999465942383,17.174999237060547,17.030000686645508,17.1299991607666,3759984
2024-03-18 15:30:00,17.135000228881836,17.200000762939453,17.122900009155273,17.19499969482422,2865713
2024-03-18 16:30:00,17.200000762939453,17.219999313354492,17.170000076293945,17.184999465942383,2290807
2024-03-18 17:30:00,17.190000534057617,17.25,17.18000030517578,17.24410057067871,3617709
2024-03-18 18:30:00,17.2450008392334,17.290000915527344,17.22010040283203,17.2549991607666,3707535
2024-03-18 19:30:00,17.260000228881836,17.31999969482422,17.25,17.299999237060547,4711355
2024-03-19 13:30:00,17.299999237060547,17.315000534057617,17.190000534057617,17.25,3990052
2024-03-19 14:30:00,17.25,17.270000457763672,17.210100173950195,17.235000610351562,1652804
2024-03-19 15:30:00,17.229999542236328,17.25,17.200000762939453,17.236099243164062,2133855
2024-03-19 16:30:00,17.235000610351562,17.25,17.200000762939453,17.25,2579274
2024-03-19 17:30:00,17.25,17.280000686645508,17.229999542236328,17.2450008392334,1547895
2024-03-19 18:30:00,17.2450008392334,17.270000457763672,17.209999084472656,17.225000381469727,2362694
2024-03-19 19:30:00,17.225000381469727,17.229999542236328,17.155000686645508,17.170000076293945,4151452
2024-03-20 13:30:00,17.104999542236328,17.309999465942383,17.100000381469727,17.299999237060547,3816019
2024-03-20 14:30:00,17.296899795532227,17.309999465942383,17.149999618530273,17.180999755859375,3718400
2024-03-20 15:30:00,17.184999465942383,17.209999084472656,17.170000076293945,17.18899917602539,2637241
2024-03-20 16:30:00,17.18429946899414,17.200000762939453,17.1200008392334,17.1299991607666,2001698
2024-03-20 17:30:00,17.12030029296875,17.139999389648438,17.079999923706055,17.1299991607666,3180538
2024-03-20 18:30:00,17.125,17.219999313354492,17.114999771118164,17.204999923706055,3833385
2024-03-20 19:30:00,17.204500198364258,17.229999542236328,17.15999984741211,17.209999084472656,4669716
2024-03-21 13:30:00,17.190000534057617,17.266000747680664,17.1200008392334,17.229999542236328,4718823
2024-03-21 14:30:00,17.229999542236328,17.269899368286133,17.200000762939453,17.204999923706055,3661416
2024-03-21 15:30:00,17.204999923706055,17.219999313354492,17.149999618530273,17.155000686645508,2189761
2024-03-21 16:30:00,17.155000686645508,17.15999984741211,17.059999465942383,17.114999771118164,3860325
2024-03-21 17:30:00,17.110000610351562,17.15999984741211,17.110000610351562,17.13990020751953,2078480
2024-03-21 18:30:00,17.139999389648438,17.190000534057617,17.1299991607666,17.18829917907715,2276164
2024-03-21 19:30:00,17.184999465942383,17.209999084472656,17.149999618530273,17.149999618530273,4185241
2024-03-22 13:30:00,17.190000534057617,17.200000762939453,17.03499984741211,17.1299991607666,4274337
2024-03-22 14:30:00,17.1200008392334,17.155000686645508,17.06999969482422,17.06999969482422,2802714
2024-03-22 15:30:00,17.06999969482422,17.084999084472656,17.020000457763672,17.03499984741211,2527416
2024-03-22 16:30:00,17.040000915527344,17.040000915527344,17.0,17.014999389648438,2718345
2024-03-22 17:30:00,17.010000228881836,17.030000686645508,16.989999771118164,17.019899368286133,2697729
2024-03-22 18:30:00,17.010000228881836,17.040000915527344,17.0,17.030000686645508,2397606
2024-03-22 19:30:00,17.030000686645508,17.030000686645508,16.979999542236328,16.979999542236328,4371969
2024-03-25 13:30:00,17.03499984741211,17.100000381469727,16.969999313354492,16.985000610351562,5699911
2024-03-25 14:30:00,16.985000610351562,17.020000457763672,16.96500015258789,17.014999389648438,2616245
2024-03-25 15:30:00,17.010000228881836,17.040000915527344,16.989999771118164,17.040000915527344,1835644
2024-03-25 16:30:00,17.040000915527344,17.06999969482422,17.03499984741211,17.059999465942383,2006327
2024-03-25 17:30:00,17.053499221801758,17.059999465942383,17.030000686645508,17.05500030517578,1249615
2024-03-25 18:30:00,17.059999465942383,17.09000015258789,17.030000686645508,17.09000015258789,1794638
2024-03-25 19:30:00,17.09000015258789,17.1299991607666,17.084999084472656,17.1200008392334,3666206
2024-03-26 13:30:00,17.1299991607666,17.149999618530273,17.045000076293945,17.144399642944336,5517122
2024-03-26 14:30:00,17.142499923706055,17.25,17.139999389648438,17.235000610351562,3961011
2024-03-26 15:30:00,17.239999771118164,17.280000686645508,17.209999084472656,17.223499298095703,2663306
2024-03-26 16:30:00,17.221900939941406,17.260000228881836,17.200000762939453,17.2450008392334,1969348
2024-03-26 17:30:00,17.249900817871094,17.25,17.229999542236328,17.2450008392334,2339155
2024-03-26 18:30:00,17.239999771118164,17.25,17.200000762939453,17.219999313354492,2347867
2024-03-26 19:30:00,17.222400665283203,17.239999771118164,17.170000076293945,17.19499969482422,5286456
2024-03-27 13:30:00,17.290000915527344,17.59000015258789,17.290000915527344,17.537200927734375,10626030
2024-03-27 14:30:00,17.53499984741211,17.540000915527344,17.440000534057617,17.450000762939453,4535023
2024-03-27 15:30:00,17.454999923706055,17.479999542236328,17.434999465942383,17.464500427246094,2712071
2024-03-27 16:30:00,17.469999313354492,17.489999771118164,17.440000534057617,17.479999542236328,2332794
2024-03-27 17:30:00,17.479999542236328,17.489999771118164,17.430099487304688,17.475000381469727,1868531
2024-03-27 18:30:00,17.479999542236328,17.5,17.459999084472656,17.479999542236328,3033835
2024-03-27 19:30:00,17.485000610351562,17.579999923706055,17.479999542236328,17.575000762939453,5853110
2024-03-28 13:30:00,17.549999237060547,17.700000762939453,17.520000457763672,17.553499221801758,5763667
2024-03-28 14:30:00,17.55500030517578,17.59000015258789,17.540000915527344,17.555200576782227,2587114
2024-03-28 15:30:00,17.559999465942383,17.6200008392334,17.54010009765625,17.604999542236328,2453289
2024-03-28 16:30:00,17.600099563598633,17.65999984741211,17.59000015258789,17.645000457763672,2533980
2024-03-28 17:30:00,17.64430046081543,17.690000534057617,17.625,17.649999618530273,2778628
2024-03-28 18:30:00,17.645000457763672,17.670000076293945,17.6200008392334,17.670000076293945,2028723
2024-03-28 19:30:00,17.670000076293945,17.674999237060547,17.600000381469727,17.600000381469727,3595472
2024-04-01 13:30:00,17.190000534057617,17.41860008239746,17.149999618530273,17.30500030517578,12217571
2024-04-01 14:30:00,17.30500030517578,17.3799991607666,17.280000686645508,17.34000015258789,3211777
2024-04-01 15:30:00,17.344999313354492,17.389999389648438,17.34000015258789,17.385000228881836,2233371
2024-04-01 16:30:00,17.385000228881836,17.43000030517578,17.364999771118164,17.43000030517578,2260882
2024-04-01 17:30:00,17.424999237060547,17.479999542236328,17.420000076293945,17.479999542236328,2149494
2024-04-01 18:30:00,17.475000381469727,17.489999771118164,17.450000762939453,17.489999771118164,2368091
2024-04-01 19:30:00,17.485000610351562,17.53499984741211,17.459999084472656,17.5,4249767
2024-04-02 13:30:00,17.479999542236328,17.69499969482422,17.479999542236328,17.55500030517578,5107382
2024-04-02 14:30:00,17.5575008392334,17.600000381469727,17.530000686645508,17.540000915527344,2614817
2024-04-02 15:30:00,17.549999237060547,17.6200008392334,17.530000686645508,17.56999969482422,2766803
2024-04-02 16:30:00,17.56999969482422,17.59000015258789,17.549999237060547,17.584999084472656,2257090
2024-04-02 17:30:00,17.584999084472656,17.6299991607666,17.559999465942383,17.604999542236328,2232912
2024-04-02 18:30:00,17.604999542236328,17.610000610351562,17.559999465942383,17.575000762939453,2229786
2024-04-02 19:30:00,17.575000762939453,17.59000015258789,17.510000228881836,17.540000915527344,8173727
2024-04-03 13:30:00,17.59000015258789,17.709999084472656,17.489999771118164,17.545000076293945,11704052
2024-04-03 14:30:00,17.549999237060547,17.575000762939453,17.5,17.510000228881836,3158309
2024-04-03 15:30:00,17.514999389648438,17.55500030517578,17.5,17.53499984741211,3368815
2024-04-03 16:30:00,17.537700653076172,17.540000915527344,17.5,17.524999618530273,2067865
2024-04-03 17:30:00,17.520000457763672,17.559999465942383,17.520000457763672,17.53499984741211,2292610
2024-04-03 18:30:00,17.530000686645508,17.565000534057617,17.520000457763672,17.545000076293945,3320668
2024-04-03 19:30:00,17.545000076293945,17.6299991607666,17.542299270629883,17.610000610351562,4771320
2024-04-04 13:30:00,17.6200008392334,17.8799991607666,17.6200008392334,17.853700637817383,7003061
2024-04-04 14:30:00,17.860000610351562,17.867599487304688,17.71500015258789,17.735000610351562,3445252
2024-04-04 15:30:00,17.739999771118164,17.75,17.700000762939453,17.709999084472656,2939888
2024-04-04 16:30:00,17.713899612426758,17.729999542236328,17.700000762939453,17.725000381469727,1698928
2024-04-04 17:30:00,17.725000381469727,17.739999771118164,17.655000686645508,17.65999984741211,2368580
2024-04-04 18:30:00,17.65999984741211,17.66119956970215,17.600000381469727,17.6200008392334,3390334
2024-04-04 19:30:00,17.6299991607666,17.6299991607666,17.559999465942383,17.56999969482422,4580167
2024-04-05 13:30:00,17.520000457763672,17.540000915527344,17.280000686645508,17.334999084472656,7410029
2024-04-05 14:30:00,17.34000015258789,17.524999618530273,17.31999969482422,17.524999618530273,4443847
2024-04-05 15:30:00,17.520000457763672,17.540000915527344,17.5,17.514999389648438,2445544
2024-04-05 16:30:00,17.514999389648438,17.520000457763672,17.459999084472656,17.490100860595703,1961908
2024-04-05 17:30:00,17.4950008392334,17.53499984741211,17.462499618530273,17.5049991607666,2682666
2024-04-05 18:30:00,17.5049991607666,17.530000686645508,17.479999542236328,17.4950008392334,2611644
2024-04-05 19:30:00,17.49180030822754,17.5,17.420000076293945,17.43000030517578,3626938
2024-04-08 13:30:00,17.399999618530273,17.459999084472656,17.329999923706055,17.354000091552734,6060259
2024-04-08 14:30:00,17.359899520874023,17.40999984741211,17.34000015258789,17.399999618530273,2659814
2024-04-08 15:30:00,17.395000457763672,17.420000076293945,17.360000610351562,17.375,2576483
2024-04-08 16:30:00,17.375,17.399999618530273,17.3700008392334,17.395000457763672,1652652
2024-04-08 17:30:00,17.389999389648438,17.399999618530273,17.3700008392334,17.389999389648438,1807818
2024-04-08 18:30:00,17.389999389648438,17.389999389648438,17.329999923706055,17.364999771118164,2917845
2024-04-08 19:30:00,17.364999771118164,17.3700008392334,17.21500015258789,17.260000228881836,5790355
2024-04-09 13:30:00,17.0,17.079999923706055,16.889999389648438,16.933799743652344,7236463
2024-04-09 14:30:00,16.940000534057617,16.94499969482422,16.850000381469727,16.905000686645508,4603167
2024-04-09 15:30:00,16.905000686645508,16.920000076293945,16.8700008392334,16.895000457763672,2694909
2024-04-09 16:30:00,16.897300720214844,16.920000076293945,16.8799991607666,16.895000457763672,2470381
2024-04-09 17:30:00,16.892099380493164,16.899999618530273,16.850000381469727,16.864999771118164,2182870
2024-04-09 18:30:00,16.866199493408203,16.8799991607666,16.809999465942383,16.875,2944978
2024-04-09 19:30:00,16.8700008392334,16.920000076293945,16.854999542236328,16.915000915527344,4868674
2024-04-10 13:30:00,16.770000457763672,16.78499984741211,16.510000228881836,16.75,8458661
2024-04-10 14:30:00,16.739999771118164,16.790000915527344,16.639999389648438,16.655000686645508,3748732
2024-04-10 15:30:00,16.65999984741211,16.670000076293945,16.610000610351562,16.649999618530273,3472255
2024-04-10 16:30:00,16.65489959716797,16.690000534057617,16.59000015258789,16.604999542236328,3877789
2024-04-10 17:30:00,16.600000381469727,16.61989974975586,16.540000915527344,16.565000534057617,4006735
2024-04-10 18:30:00,16.565000534057617,16.6299991607666,16.549999237060547,16.625,4330378
2024-04-10 19:30:00,16.6299991607666,16.7549991607666,16.610000610351562,16.719999313354492,6441486
2024-04-11 13:30:00,16.670000076293945,16.69499969482422,16.420000076293945,16.44499969482422,8432543
2024-04-11 14:30:00,16.446399688720703,16.5,16.420000076293945,16.475000381469727,4634621
2024-04-11 15:30:00,16.474199295043945,16.540000915527344,16.469999313354492,16.480100631713867,3610552
2024-04-11 16:30:00,16.479999542236328,16.530000686645508,16.46500015258789,16.524999618530273,3346261
2024-04-11 17:30:00,16.524999618530273,16.56999969482422,16.469999313354492,16.485000610351562,4246555
2024-04-11 18:30:00,16.485000610351562,16.530000686645508,16.459999084472656,16.469999313354492,3442987
2024-04-11 19:30:00,16.475000381469727,16.489999771118164,16.420000076293945,16.420000076293945,6187575
2024-04-12 13:30:00,16.40999984741211,16.450000762939453,16.329999923706055,16.385000228881836,5836766
2024-04-12 14:30:00,16.38249969482422,16.459999084472656,16.3700008392334,16.405000686645508,3713994
2024-04-12 15:30:00,16.405000686645508,16.43000030517578,16.395000457763672,16.405000686645508,2313058
2024-04-12 16:30:00,16.405000686645508,16.40999984741211,16.299999237060547,16.317800521850586,3182673
2024-04-12 17:30:00,16.315000534057617,16.3700008392334,16.280000686645508,16.33009910583496,3537050
2024-04-12 18:30:00,16.334999084472656,16.34000015258789,16.290000915527344,16.30470085144043,3133537
2024-04-12 19:30:00,16.309900283813477,16.31999969482422,16.252500534057617,16.309999465942383,4864708
2024-04-15 13:30:00,16.459999084472656,16.540000915527344,16.329999923706055,16.334999084472656,4887368
2024-04-15 14:30:00,16.338499069213867,16.360000610351562,16.280000686645508,16.318899154663086,5880027
2024-04-15 15:30:00,16.315000534057617,16.40999984741211,16.280000686645508,16.295000076293945,3744809
2024-04-15 16:30:00,16.299999237060547,16.299999237060547,16.202499389648438,16.209999084472656,2849402
2024-04-15 17:30:00,16.209999084472656,16.229999542236328,16.174999237060547,16.209999084472656,3838836
2024-04-15 18:30:00,16.209999084472656,16.229999542236328,16.1299991607666,16.16990089416504,3816814
2024-04-15 19:30:00,16.170000076293945,16.295000076293945,16.161500930786133,16.239999771118164,5991840
2024-04-16 13:30:00,16.219999313354492,16.229999542236328,16.030000686645508,16.049999237060547,11411551
2024-04-16 14:30:00,16.05500030517578,16.059999465942383,15.940099716186523,15.979999542236328,6722333
2024-04-16 15:30:00,15.979999542236328,16.09000015258789,15.979999542236328,16.065000534057617,3659477
2024-04-16 16:30:00,16.065000534057617,16.084999084472656,16.020000457763672,16.030000686645508,2607211
2024-04-16 17:30:00,16.030000686645508,16.059999465942383,15.949999809265137,15.960000038146973,3328160
2024-04-16 18:30:00,15.95989990234375,16.079999923706055,15.952500343322754,16.075300216674805,3971691
2024-04-16 19:30:00,16.079999923706055,16.1299991607666,16.040000915527344,16.090099334716797,6302523
2024-04-17 13:30:00,16.110000610351562,16.25,16.079999923706055,16.180500030517578,4411358
2024-04-17 14:30:00,16.18000030517578,16.200000762939453,16.079999923706055,16.079999923706055,3125641
2024-04-17 15:30:00,16.086000442504883,16.1200008392334,16.059999465942383,16.110000610351562,2919844
2024-04-17 16:30:00,16.110000610351562,16.1200008392334,16.059999465942383,16.114999771118164,2396767
2024-04-17 17:30:00,16.114999771118164,16.139999389648438,16.075000762939453,16.114999771118164,2810910
2024-04-17 18:30:00,16.114999771118164,16.170000076293945,16.110000610351562,16.145000457763672,3666369
2024-04-17 19:30:00,16.139999389648438,16.15999984741211,16.100000381469727,16.114999771118164,3956043
2024-04-18 13:30:00,16.110000610351562,16.190000534057617,16.09000015258789,16.145000457763672,4599696
2024-04-18 14:30:00,16.145000457763672,16.229999542236328,16.1200008392334,16.140300750732422,4982335
2024-04-18 15:30:00,16.139999389648438,16.219999313354492,16.1200008392334,16.202499389648438,3676382
2024-04-18 16:30:00,16.20009994506836,16.239999771118164,16.15999984741211,16.209999084472656,3186454
2024-04-18 17:30:00,16.209999084472656,16.2549991607666,16.1924991607666,16.209999084472656,2480996
2024-04-18 18:30:00,16.21500015258789,16.280000686645508,16.204999923706055,16.274999618530273,2256786
2024-04-18 19:30:00,16.274999618530273,16.344999313354492,16.260000228881836,16.329999923706055,5447547
2024-04-19 13:30:00,16.329999923706055,16.424999237060547,16.299999237060547,16.385000228881836,7807702
2024-04-19 14:30:00,16.385000228881836,16.415000915527344,16.260000228881836,16.290000915527344,8403112
2024-04-19 15:30:00,16.290000915527344,16.3700008392334,16.280000686645508,16.30500030517578,5171800
2024-04-19 16:30:00,16.30500030517578,16.389999389648438,16.280000686645508,16.364999771118164,3070160
2024-04-19 17:30:00,16.364999771118164,16.469999313354492,16.350000381469727,16.454999923706055,3606911
2024-04-19 18:30:00,16.454999923706055,16.510000228881836,16.420000076293945,16.434999465942383,6104096
2024-04-19 19:30:00,16.434999465942383,16.524999618530273,16.43000030517578,16.510000228881836,6264335
2024-04-22 13:30:00,16.690000534057617,16.729999542236328,16.299999237060547,16.329999923706055,9421614
2024-04-22 14:30:00,16.334999084472656,16.40999984741211,16.299999237060547,16.315000534057617,6764815
2024-04-22 15:30:00,16.315000534057617,16.329999923706055,16.18000030517578,16.18000030517578,6742920
2024-04-22 16:30:00,16.184999465942383,16.260000228881836,16.170000076293945,16.25,5561483
2024-04-22 17:30:00,16.25,16.354999542236328,16.229999542236328,16.325000762939453,4718817
2024-04-22 18:30:00,16.329999923706055,16.3799991607666,16.260000228881836,16.30500030517578,5916329
2024-04-22 19:30:00,16.309900283813477,16.329999923706055,16.270000457763672,16.30500030517578,7866288
2024-04-23 13:30:00,16.3799991607666,16.489999771118164,16.290000915527344,16.389999389648438,7753576
2024-04-23 14:30:00,16.395000457763672,16.469999313354492,16.3700008392334,16.420000076293945,6333404
2024-04-23 15:30:00,16.424999237060547,16.479999542236328,16.399999618530273,16.454999923706055,4084309
2024-04-23 16:30:00,16.454999923706055,16.530000686645508,16.454999923706055,16.4950008392334,4160996
2024-04-23 17:30:00,16.4950008392334,16.5,16.450000762939453,16.46500015258789,4240652
2024-04-23 18:30:00,16.46500015258789,16.489999771118164,16.434999465942383,16.454999923706055,4610532
2024-04-23 19:30:00,16.454999923706055,16.520000457763672,16.440000534057617,16.520000457763672,7994434
2024-04-24 13:30:00,16.899999618530273,17.030000686645508,16.395000457763672,16.489999771118164,22855557
2024-04-24 14:30:00,16.4950008392334,16.549999237060547,16.3799991607666,16.5,9925068
2024-04-24 15:30:00,16.4950008392334,16.719999313354492,16.43000030517578,16.709999084472656,6832487
2024-04-24 16:30:00,16.704999923706055,16.850000381469727,16.700000762939453,16.735000610351562,7279319
2024-04-24 17:30:00,16.729999542236328,16.860000610351562,16.719999313354492,16.834999084472656,5807658
2024-04-24 18:30:00,16.829999923706055,16.950000762939453,16.790000915527344,16.93000030517578,6638671
2024-04-24 19:30:00,16.934999465942383,16.940000534057617,16.780000686645508,16.81999969482422,8585389
2024-04-25 13:30:00,16.700000762939453,17.0,16.5,16.524999618530273,10611978
2024-04-25 14:30:00,16.524999618530273,16.6299991607666,16.520000457763672,16.614999771118164,5982828
2024-04-25 15:30:00,16.614999771118164,16.649999618530273,16.530000686645508,16.55500030517578,4028834
2024-04-25 16:30:00,16.55500030517578,16.600000381469727,16.520000457763672,16.56999969482422,3451420
2024-04-25 17:30:00,16.565000534057617,16.649999618530273,16.549999237060547,16.549999237060547,3916638
2024-04-25 18:30:00,16.549999237060547,16.610000610351562,16.540000915527344,16.593700408935547,4229957
2024-04-25 19:30:00,16.600000381469727,16.6299991607666,16.559999465942383,16.584999084472656,5354860
2024-04-26 13:30:00,16.469999313354492,16.75,16.389999389648438,16.73259925842285,7304863
2024-04-26 14:30:00,16.735000610351562,16.81999969482422,16.719999313354492,16.790000915527344,4802020
2024-04-26 15:30:00,16.780000686645508,16.8799991607666,16.770000457763672,16.815000534057617,4482625
2024-04-26 16:30:00,16.818300247192383,16.8799991607666,16.809999465942383,16.834999084472656,2574731
2024-04-26 17:30:00,16.834999084472656,16.845699310302734,16.799999237060547,16.815000534057617,1966480
2024-04-26 18:30:00,16.815000534057617,16.825000762939453,16.780000686645508,16.80500030517578,2636892
2024-04-26 19:30:00,16.799999237060547,16.809999465942383,16.739999771118164,16.75,4864304
2024-04-29 13:30:00,17.030000686645508,17.280000686645508,17.020000457763672,17.239900588989258,10149251
2024-04-29 14:30:00,17.235000610351562,17.25,17.18000030517578,17.21500015258789,5061550
2024-04-29 15:30:00,17.21500015258789,17.219999313354492,17.139999389648438,17.145000457763672,3226594
2024-04-29 16:30:00,17.149999618530273,17.170000076293945,17.110000610351562,17.1299991607666,3171583
2024-04-29 17:30:00,17.1299991607666,17.15999984741211,17.104999542236328,17.114999771118164,3688612
2024-04-29 18:30:00,17.11009979248047,17.1200008392334,17.012500762939453,17.047100067138672,4351861
2024-04-29 19:30:00,17.049999237060547,17.049999237060547,17.0,17.030000686645508,5534677
2024-04-30 13:30:00,16.90999984741211,16.940000534057617,16.799999237060547,16.8799991607666,4321312
2024-04-30 14:30:00,16.885000228881836,16.96739959716797,16.8799991607666,16.90999984741211,3953073
2024-04-30 15:30:00,16.90999984741211,16.93000030517578,16.8700008392334,16.917600631713867,2959387
2024-04-30 16:30:00,16.915000915527344,16.94499969482422,16.8799991607666,16.895000457763672,2480728
2024-04-30 17:30:00,16.895000457763672,16.979999542236328,16.889999389648438,16.93000030517578,2839042
2024-04-30 18:30:00,16.940000534057617,16.940000534057617,16.8799991607666,16.905000686645508,2414401
2024-04-30 19:30:00,16.899999618530273,16.950000762939453,16.889999389648438,16.895000457763672,5215191
2024-05-01 13:30:00,16.829999923706055,16.954999923706055,16.780000686645508,16.83679962158203,6048401
2024-05-01 14:30:00,16.84000015258789,17.0,16.809999465942383,17.0,3592060
2024-05-01 15:30:00,17.0,17.079999923706055,16.979999542236328,17.040000915527344,4411235
2024-05-01 16:30:00,17.045000076293945,17.06999969482422,17.010000228881836,17.024999618530273,4085215
2024-05-01 17:30:00,17.02389907836914,17.09000015258789,16.969999313354492,17.09000015258789,5019603
2024-05-01 18:30:00,17.084999084472656,17.100000381469727,16.969999313354492,16.975000381469727,6358373
2024-05-01 19:30:00,16.969999313354492,16.989999771118164,16.889999389648438,16.920000076293945,5369318
2024-05-02 13:30:00,16.989999771118164,16.989999771118164,16.809999465942383,16.834999084472656,4622647
2024-05-02 14:30:00,16.834999084472656,16.899999618530273,16.81999969482422,16.860000610351562,3776962
2024-05-02 15:30:00,16.860000610351562,16.860000610351562,16.799999237060547,16.80500030517578,2913463
2024-05-02 16:30:00,16.809999465942383,16.84000015258789,16.770000457763672,16.834199905395508,2608303
2024-05-02 17:30:00,16.834999084472656,16.889999389648438,16.81999969482422,16.850000381469727,2400388
2024-05-02 18:30:00,16.854999542236328,16.8700008392334,16.790000915527344,16.799999237060547,2116643
2024-05-02 19:30:00,16.792499542236328,16.84000015258789,16.729999542236328,16.825000762939453,6965502
2024-05-03 13:30:00,16.81999969482422,16.920000076293945,16.729999542236328,16.7450008392334,4919371
2024-05-03 14:30:00,16.7450008392334,16.829999923706055,16.729999542236328,16.815000534057617,3440413
2024-05-03 15:30:00,16.81999969482422,16.8799991607666,16.81999969482422,16.864999771118164,2584074
2024-05-03 16:30:00,16.8700008392334,16.8700008392334,16.81999969482422,16.825000762939453,1944058
2024-05-03 17:30:00,16.825000762939453,16.84000015258789,16.780000686645508,16.795000076293945,2051034
2024-05-03 18:30:00,16.795000076293945,16.84000015258789,16.760000228881836,16.834999084472656,2979222
2024-05-03 19:30:00,16.84000015258789,16.875,16.81999969482422,16.844999313354492,3154834
2024-05-06 13:30:00,16.950000762939453,17.030000686645508,16.93000030517578,16.96500015258789,4592975
2024-05-06 14:30:00,16.96500015258789,17.040000915527344,16.959999084472656,16.9950008392334,3493901
2024-05-06 15:30:00,16.9950008392334,17.0,16.940000534057617,16.94499969482422,1969189
2024-05-06 16:30:00,16.940000534057617,16.969999313354492,16.93000030517578,16.946399688720703,1572657
2024-05-06 17:30:00,16.94499969482422,16.959999084472656,16.90999984741211,16.93000030517578,2160509
2024-05-06 18:30:00,16.92970085144043,16.950000762939453,16.90999984741211,16.915000915527344,2811586
2024-05-06 19:30:00,16.914499282836914,16.989999771118164,16.90999984741211,16.989999771118164,3856593
2024-05-07 13:30:00,17.110000610351562,17.209999084472656,17.09000015258789,17.139999389648438,6147861
2024-05-07 14:30:00,17.147499084472656,17.149999618530273,17.040000915527344,17.040000915527344,3010265
2024-05-07 15:30:00,17.045000076293945,17.049999237060547,17.0,17.045000076293945,2417320
2024-05-07 16:30:00,17.045000076293945,17.049999237060547,17.010000228881836,17.020000457763672,1649695
2024-05-07 17:30:00,17.025999069213867,17.06999969482422,17.010000228881836,17.05500030517578,2346807
2024-05-07 18:30:00,17.05500030517578,17.09000015258789,17.049999237060547,17.069900512695312,2760957
2024-05-07 19:30:00,17.065000534057617,17.1299991607666,17.059999465942383,17.084999084472656,5074992
2024-05-08 13:30:00,17.030000686645508,17.135000228881836,17.0,17.024999618530273,3927698
2024-05-08 14:30:00,17.024999618530273,17.200000762939453,17.010000228881836,17.157800674438477,3535531
2024-05-08 15:30:00,17.155000686645508,17.190000534057617,17.139999389648438,17.16029930114746,2172069
2024-05-08 16:30:00,17.16990089416504,17.170000076293945,17.110000610351562,17.114999771118164,1401848
2024-05-08 17:30:00,17.1200008392334,17.15999984741211,17.09000015258789,17.11989974975586,1960688
2024-05-08 18:30:00,17.114999771118164,17.14739990234375,17.100000381469727,17.1200008392334,2123993
2024-05-08 19:30:00,17.1200008392334,17.170000076293945,17.100000381469727,17.104999542236328,3736508
2024-05-09 13:30:00,17.100000381469727,17.18000030517578,17.040000915527344,17.155000686645508,5646061
2024-05-09 14:30:00,17.149999618530273,17.15999984741211,17.100000381469727,17.114999771118164,1936727
2024-05-09 15:30:00,17.114999771118164,17.139999389648438,17.100000381469727,17.125,1490227
2024-05-09 16:30:00,17.125,17.15999984741211,17.1200008392334,17.149900436401367,1094188
2024-05-09 17:30:00,17.145000457763672,17.170000076293945,17.1299991607666,17.135000228881836,2079143
2024-05-09 18:30:00,17.13010025024414,17.15999984741211,17.1200008392334,17.145000457763672,2446137
2024-05-09 19:30:00,17.145000457763672,17.190000534057617,17.139999389648438,17.174999237060547,3843426
2024-05-10 13:30:00,17.200000762939453,17.219999313354492,17.142499923706055,17.15999984741211,3059670
2024-05-10 14:30:00,17.15999984741211,17.200000762939453,17.1299991607666,17.145000457763672,2047308
2024-05-10 15:30:00,17.139999389648438,17.18000030517578,17.1200008392334,17.149999618530273,1979573
2024-05-10 16:30:00,17.149900436401367,17.170000076293945,17.139999389648438,17.165000915527344,955144
2024-05-10 17:30:00,17.165000915527344,17.200000762939453,17.15999984741211,17.190000534057617,1925433
2024-05-10 18:30:00,17.184999465942383,17.219999313354492,17.18000030517578,17.209999084472656,1882208
2024-05-10 19:30:00,17.209999084472656,17.21500015258789,17.18000030517578,17.184999465942383,2900299
2024-05-13 13:30:00,17.18000030517578,17.34000015258789,17.149999618530273,17.2450008392334,5165591
2024-05-13 14:30:00,17.2450008392334,17.260000228881836,17.219999313354492,17.225000381469727,2174370
2024-05-13 15:30:00,17.219999313354492,17.260000228881836,17.209999084472656,17.209999084472656,2350099
2024-05-13 16:30:00,17.21500015258789,17.239999771118164,17.200000762939453,17.209999084472656,1602694
2024-05-13 17:30:00,17.219999313354492,17.270000457763672,17.204999923706055,17.264999389648438,2113452
2024-05-13 18:30:00,17.264999389648438,17.270000457763672,17.229999542236328,17.2450008392334,1848237
2024-05-13 19:30:00,17.2450008392334,17.270000457763672,17.200000762939453,17.25,3766685
2024-05-14 13:30:00,17.280000686645508,17.299999237060547,17.219999313354492,17.229999542236328,3540669
2024-05-14 14:30:00,17.229999542236328,17.260000228881836,17.219999313354492,17.235000610351562,2276861
2024-05-14 15:30:00,17.229999542236328,17.299999237060547,17.219999313354492,17.290000915527344,2834192
2024-05-14 16:30:00,17.295000076293945,17.299999237060547,17.25,17.262800216674805,2163787
2024-05-14 17:30:00,17.264999389648438,17.309999465942383,17.2549991607666,17.30500030517578,1927507
2024-05-14 18:30:00,17.30500030517578,17.34000015258789,17.282400131225586,17.295000076293945,2416875
2024-05-14 19:30:00,17.290000915527344,17.309999465942383,17.270000457763672,17.28420066833496,2892831
2024-05-15 13:30:00,17.350000381469727,17.440000534057617,17.334999084472656,17.354999542236328,4544051
2024-05-15 14:30:00,17.350000381469727,17.3799991607666,17.299999237060547,17.315000534057617,3098352
2024-05-15 15:30:00,17.315000534057617,17.31999969482422,17.21500015258789,17.229999542236328,2554565
2024-05-15 16:30:00,17.225000381469727,17.25,17.209999084472656,17.21500015258789,1792075
2024-05-15 17:30:00,17.21500015258789,17.219999313354492,17.18000030517578,17.204999923706055,2347313
2024-05-15 18:30:00,17.204999923706055,17.290000915527344,17.18000030517578,17.28499984741211,3362495
2024-05-15 19:30:00,17.280000686645508,17.3799991607666,17.274999618530273,17.34000015258789,5987707
2024-05-16 13:30:00,17.309999465942383,17.344999313354492,17.149999618530273,17.21380043029785,5176433
2024-05-16 14:30:00,17.209999084472656,17.25,17.190000534057617,17.225000381469727,2606133
2024-05-16 15:30:00,17.225000381469727,17.309999465942383,17.209999084472656,17.28499984741211,2956639
2024-05-16 16:30:00,17.28499984741211,17.329999923706055,17.280000686645508,17.320199966430664,1983586
2024-05-16 17:30:00,17.31999969482422,17.329999923706055,17.280000686645508,17.30500030517578,1540160
2024-05-16 18:30:00,17.30500030517578,17.329999923706055,17.280000686645508,17.329999923706055,1798424
2024-05-16 19:30:00,17.329999923706055,17.3700008392334,17.299999237060547,17.299999237060547,4181491
2024-05-17 13:30:00,17.399999618530273,17.40999984741211,17.299999237060547,17.329999923706055,3935852
2024-05-17 14:30:00,17.325000762939453,17.350000381469727,17.270000457763672,17.270000457763672,2596031
2024-05-17 15:30:00,17.270000457763672,17.329999923706055,17.260000228881836,17.299999237060547,2408560
2024-05-17 16:30:00,17.306400299072266,17.389999389648438,17.299999237060547,17.385000228881836,1912262
2024-05-17 17:30:00,17.385000228881836,17.389999389648438,17.34000015258789,17.354999542236328,3197986
2024-05-17 18:30:00,17.350000381469727,17.3700008392334,17.31999969482422,17.344999313354492,3649105
2024-05-17 19:30:00,17.344999313354492,17.405000686645508,17.34000015258789,17.395000457763672,2727818
2024-05-20 13:30:00,17.3799991607666,17.43000030517578,17.354999542236328,17.405000686645508,2944190
2024-05-20 14:30:00,17.405000686645508,17.479999542236328,17.389999389648438,17.450000762939453,2662416
2024-05-20 15:30:00,17.450000762939453,17.469999313354492,17.399999618530273,17.415000915527344,2098111
2024-05-20 16:30:00,17.415000915527344,17.43000030517578,17.41309928894043,17.421499252319336,1239198
2024-05-20 17:30:00,17.424999237060547,17.489999771118164,17.420000076293945,17.46500015258789,2561563
2024-05-20 18:30:00,17.46500015258789,17.559999465942383,17.459999084472656,17.479999542236328,4992855
2024-05-20 19:30:00,17.485000610351562,17.5314998626709,17.479999542236328,17.530000686645508,5819056
2024-05-21 13:30:00,17.510000228881836,17.520000457763672,17.139999389648438,17.209999084472656,7684296
2024-05-21 14:30:00,17.200000762939453,17.239999771118164,17.149999618530273,17.239999771118164,3624654
2024-05-21 15:30:00,17.235000610351562,17.290000915527344,17.209999084472656,17.263599395751953,3111292
2024-05-21 16:30:00,17.264999389648438,17.309999465942383,17.260000228881836,17.264999389648438,1969997
2024-05-21 17:30:00,17.270000457763672,17.31999969482422,17.260000228881836,17.31999969482422,1854908
2024-05-21 18:30:00,17.309999465942383,17.329999923706055,17.280000686645508,17.295000076293945,2578774
2024-05-21 19:30:00,17.295000076293945,17.329999923706055,17.270000457763672,17.299999237060547,4310109
2024-05-22 13:30:00,17.190000534057617,17.389999389648438,17.184999465942383,17.309999465942383,4161910
2024-05-22 14:30:00,17.315000534057617,17.459999084472656,17.299999237060547,17.44499969482422,2651252
2024-05-22 15:30:00,17.440000534057617,17.4950008392334,17.40999984741211,17.4950008392334,3226968
2024-05-22 16:30:00,17.4950008392334,17.5,17.459999084472656,17.4950008392334,2452945
2024-05-22 17:30:00,17.4950008392334,17.510000228881836,17.420000076293945,17.424999237060547,2630770
2024-05-22 18:30:00,17.420000076293945,17.450000762939453,17.389999389648438,17.450000762939453,2603572
2024-05-22 19:30:00,17.450000762939453,17.510000228881836,17.440000534057617,17.5,4321894
2024-05-23 13:30:00,17.399999618530273,17.440000534057617,17.31999969482422,17.39150047302246,3437170
2024-05-23 14:30:00,17.395000457763672,17.510000228881836,17.3799991607666,17.44499969482422,4450380
2024-05-23 15:30:00,17.450000762939453,17.479999542236328,17.43000030517578,17.458999633789062,2661371
2024-05-23 16:30:00,17.45009994506836,17.469999313354492,17.420000076293945,17.465200424194336,3051462
2024-05-23 17:30:00,17.46500015258789,17.469999313354492,17.360000610351562,17.3700008392334,3278994
2024-05-23 18:30:00,17.375,17.43000030517578,17.34000015258789,17.424999237060547,4030470
2024-05-23 19:30:00,17.424999237060547,17.479999542236328,17.40999984741211,17.469999313354492,4886328
2024-05-24 13:30:00,17.489999771118164,17.610000610351562,17.479999542236328,17.514999389648438,6107274
2024-05-24 14:30:00,17.520000457763672,17.520000457763672,17.469999313354492,17.475000381469727,2068291
2024-05-24 15:30:00,17.475000381469727,17.5,17.440000534057617,17.454999923706055,2603389
2024-05-24 16:30:00,17.454999923706055,17.469999313354492,17.42009925842285,17.454999923706055,1451273
2024-05-24 17:30:00,17.454999923706055,17.469999313354492,17.422500610351562,17.454999923706055,2868431
2024-05-24 18:30:00,17.454999923706055,17.489999771118164,17.450000762939453,17.485000610351562,2260101
2024-05-24 19:30:00,17.479999542236328,17.510000228881836,17.440000534057617,17.5049991607666,3827588
2024-05-28 13:30:00,17.459999084472656,17.524999618530273,17.389999389648438,17.405000686645508,3538675
2024-05-28 14:30:00,17.399999618530273,17.40999984741211,17.309999465942383,17.309999465942383,2465506
2024-05-28 15:30:00,17.315000534057617,17.34000015258789,17.309999465942383,17.325000762939453,1590338
2024-05-28 16:30:00,17.325000762939453,17.329999923706055,17.219999313354492,17.225000381469727,2171498
2024-05-28 17:30:00,17.229999542236328,17.260000228881836,17.21500015258789,17.239999771118164,2088141
2024-05-28 18:30:00,17.239999771118164,17.25,17.200000762939453,17.204999923706055,2708929
2024-05-28 19:30:00,17.204999923706055,17.280000686645508,17.200000762939453,17.280000686645508,5762122
2024-05-29 13:30:00,17.25,17.309999465942383,17.15999984741211,17.184999465942383,4695541
2024-05-29 14:30:00,17.184999465942383,17.209999084472656,17.149999618530273,17.155000686645508,1985574
2024-05-29 15:30:00,17.15999984741211,17.190000534057617,17.1200008392334,17.190000534057617,2041343
2024-05-29 16:30:00,17.184999465942383,17.219999313354492,17.17009925842285,17.209999084472656,1728090
2024-05-29 17:30:00,17.204999923706055,17.219999313354492,17.125,17.1299991607666,2153646
2024-05-29 18:30:00,17.125,17.149999618530273,17.110000610351562,17.125,2399138
2024-05-29 19:30:00,17.125,17.149999618530273,17.1200008392334,17.139999389648438,3789947
2024-05-30 13:30:00,17.170000076293945,17.299999237060547,17.15999984741211,17.264999389648438,3310638
2024-05-30 14:30:00,17.260799407958984,17.40999984741211,17.25,17.385000228881836,3827172
2024-05-30 15:30:00,17.385000228881836,17.450000762939453,17.3700008392334,17.450000762939453,3407023
2024-05-30 16:30:00,17.443300247192383,17.540000915527344,17.440000534057617,17.5049991607666,3936829
2024-05-30 17:30:00,17.510000228881836,17.520000457763672,17.479999542236328,17.520000457763672,3051164
2024-05-30 18:30:00,17.514999389648438,17.549999237060547,17.479999542236328,17.545000076293945,3634757
2024-05-30 19:30:00,17.545000076293945,17.639999389648438,17.524999618530273,17.6299991607666,7267590
2024-05-31 13:30:00,17.530000686645508,17.899999618530273,17.469999313354492,17.890100479125977,6978333
2024-05-31 14:30:00,17.899999618530273,17.93000030517578,17.84000015258789,17.895000457763672,4842158
2024-05-31 15:30:00,17.889999389648438,17.93000030517578,17.8799991607666,17.915000915527344,3583398
2024-05-31 16:30:00,17.915000915527344,17.969999313354492,17.8700008392334,17.959999084472656,3639323
2024-05-31 17:30:00,17.954999923706055,18.079999923706055,17.940000534057617,18.05500030517578,9364008
2024-05-31 18:30:00,18.059900283813477,18.1299991607666,18.040000915527344,18.100000381469727,5384234
2024-05-31 19:30:00,18.104999542236328,18.270000457763672,18.100000381469727,18.235000610351562,13485672
2024-06-03 13:30:00,18.1299991607666,18.309999465942383,18.059999465942383,18.30500030517578,6989620
2024-06-03 14:30:00,18.309999465942383,18.31999969482422,18.200000762939453,18.25279998779297,3673995
2024-06-03 15:30:00,18.256399154663086,18.260000228881836,18.06999969482422,18.114900588989258,4329095
2024-06-03 16:30:00,18.114999771118164,18.1299991607666,18.024999618530273,18.030000686645508,3435944
2024-06-03 17:30:00,18.03499984741211,18.049999237060547,17.969999313354492,18.049999237060547,4934262
2024-06-03 18:30:00,18.049999237060547,18.110000610351562,18.040000915527344,18.045000076293945,3244697
2024-06-03 19:30:00,18.040000915527344,18.059999465942383,17.959999084472656,18.010000228881836,6137955
2024-06-04 13:30:00,17.969999313354492,18.229999542236328,17.899999618530273,18.209999084472656,5497847
2024-06-04 14:30:00,18.200000762939453,18.218000411987305,18.110000610351562,18.162500381469727,3502879
2024-06-04 15:30:00,18.165000915527344,18.219999313354492,18.1200008392334,18.19499969482422,3175357
2024-06-04 16:30:00,18.1924991607666,18.290000915527344,18.18000030517578,18.28499984741211,2781822
2024-06-04 17:30:00,18.290000915527344,18.290000915527344,18.240100860595703,18.290000915527344,2765721
2024-06-04 18:30:00,18.290000915527344,18.309999465942383,18.260000228881836,18.295000076293945,3307125
2024-06-04 19:30:00,18.295000076293945,18.360000610351562,18.290000915527344,18.350099563598633,4440155
2024-06-05 13:30:00,18.309999465942383,18.31999969482422,18.163999557495117,18.21500015258789,5006376
2024-06-05 14:30:00,18.21500015258789,18.25,18.18000030517578,18.200000762939453,2844335
2024-06-05 15:30:00,18.19499969482422,18.280000686645508,18.190000534057617,18.270000457763672,2610523
2024-06-05 16:30:00,18.264999389648438,18.280000686645508,18.209999084472656,18.25,2801397
2024-06-05 17:30:00,18.239999771118164,18.25,18.200000762939453,18.211000442504883,2202696
2024-06-05 18:30:00,18.21500015258789,18.260000228881836,18.170000076293945,18.174999237060547,3158577
2024-06-05 19:30:00,18.174999237060547,18.309999465942383,18.15999984741211,18.299999237060547,6049532
2024-06-06 13:30:00,18.290000915527344,18.450000762939453,18.219999313354492,18.385000228881836,4272866
2024-06-06 14:30:00,18.38920021057129,18.40999984741211,18.309999465942383,18.334999084472656,3760115
2024-06-06 15:30:00,18.34000015258789,18.35689926147461,18.260000228881836,18.28499984741211,2442765
2024-06-06 16:30:00,18.28499984741211,18.34000015258789,18.280000686645508,18.325000762939453,1397036
2024-06-06 17:30:00,18.325000762939453,18.360000610351562,18.260000228881836,18.274999618530273,2157156
2024-06-06 18:30:00,18.270000457763672,18.299999237060547,18.260000228881836,18.264999389648438,1860949
2024-06-06 19:30:00,18.264999389648438,18.290000915527344,18.25,18.270000457763672,2666368
2024-06-07 13:30:00,18.219999313354492,18.219999313354492,17.969999313354492,18.114999771118164,8568528
2024-06-07 14:30:00,18.114999771118164,18.200000762939453,18.09000015258789,18.18000030517578,3899228
2024-06-07 15:30:00,18.18000030517578,18.209999084472656,18.1299991607666,18.14069938659668,3660069
2024-06-07 16:30:00,18.145000457763672,18.190000534057617,18.06999969482422,18.155000686645508,5620992
2024-06-07 17:30:00,18.155000686645508,18.190000534057617,18.1299991607666,18.145000457763672,2140459
2024-06-07 18:30:00,18.139999389648438,18.15999984741211,18.084999084472656,18.103300094604492,3445618
2024-06-07 19:30:00,18.104999542236328,18.1299991607666,18.079999923706055,18.114999771118164,4932516
2024-06-10 13:30:00,18.0,18.040000915527344,17.770000457763672,17.889999389648438,6592665
2024-06-10 14:30:00,17.889999389648438,17.90999984741211,17.825000762939453,17.854999542236328,4128896
2024-06-10 15:30:00,17.854999542236328,17.90999984741211,17.790000915527344,17.795000076293945,3719331
2024-06-10 16:30:00,17.795000076293945,17.860000610351562,17.75,17.854999542236328,2741486
2024-06-10 17:30:00,17.860000610351562,17.920000076293945,17.850000381469727,17.909700393676758,3238885
2024-06-10 18:30:00,17.905000686645508,17.920000076293945,17.833999633789062,17.854999542236328,2752477
2024-06-10 19:30:00,17.854999542236328,17.88990020751953,17.81999969482422,17.8700008392334,5196657
2024-06-11 13:30:00,17.84000015258789,17.950000762939453,17.725000381469727,17.905000686645508,3368298
2024-06-11 14:30:00,17.899999618530273,17.940000534057617,17.799999237060547,17.815000534057617,3903051
2024-06-11 15:30:00,17.815000534057617,17.854999542236328,17.770000457763672,17.834999084472656,2039724
2024-06-11 16:30:00,17.83679962158203,17.84000015258789,17.780000686645508,17.815000534057617,1766028
2024-06-11 17:30:00,17.819900512695312,17.829999923706055,17.760000228881836,17.774999618530273,2044154
2024-06-11 18:30:00,17.780000686645508,17.84000015258789,17.770000457763672,17.84000015258789,2706398
2024-06-11 19:30:00,17.834999084472656,17.8799991607666,17.809999465942383,17.8700008392334,4181165
2024-06-12 13:30:00,17.989999771118164,18.040000915527344,17.719999313354492,17.78499984741211,6547447
2024-06-12 14:30:00,17.78499984741211,17.889999389648438,17.78499984741211,17.850000381469727,3879653
2024-06-12 15:30:00,17.850000381469727,17.860000610351562,17.65999984741211,17.65999984741211,3409738
2024-06-12 16:30:00,17.665000915527344,17.690000534057617,17.6200008392334,17.674999237060547,3512070
2024-06-12 17:30:00,17.674999237060547,17.700000762939453,17.610000610351562,17.625,3746816
2024-06-12 18:30:00,17.625,17.670000076293945,17.56999969482422,17.575000762939453,4234634
2024-06-12 19:30:00,17.575000762939453,17.65999984741211,17.56999969482422,17.600000381469727,5096949
2024-06-13 13:30:00,17.545000076293945,17.559999465942383,17.420000076293945,17.514999389648438,6443366
2024-06-13 14:30:00,17.514999389648438,17.649999618530273,17.469999313354492,17.645000457763672,4166921
2024-06-13 15:30:00,17.645000457763672,17.65999984741211,17.549999237060547,17.56999969482422,2810240
2024-06-13 16:30:00,17.565000534057617,17.610000610351562,17.540000915527344,17.584999084472656,2428153
2024-06-13 17:30:00,17.59000015258789,17.59000015258789,17.56999969482422,17.575000762939453,1660506
2024-06-13 18:30:00,17.575000762939453,17.594999313354492,17.56999969482422,17.575000762939453,2336224
2024-06-13 19:30:00,17.575000762939453,17.68000030517578,17.559999465942383,17.645000457763672,5224857
2024-06-14 13:30:00,17.59000015258789,17.7450008392334,17.489999771118164,17.53499984741211,4672066
2024-06-14 14:30:00,17.53499984741211,17.600000381469727,17.5,17.600000381469727,2696660
2024-06-14 15:30:00,17.594999313354492,17.610000610351562,17.530000686645508,17.545000076293945,2042516
2024-06-14 16:30:00,17.549999237060547,17.56999969482422,17.530000686645508,17.549999237060547,2061701
2024-06-14 17:30:00,17.546899795532227,17.56999969482422,17.510000228881836,17.55500030517578,1910282
2024-06-14 18:30:00,17.559999465942383,17.6200008392334,17.549999237060547,17.610000610351562,1842030
2024-06-14 19:30:00,17.604999542236328,17.655000686645508,17.600000381469727,17.649999618530273,2906865
2024-06-17 13:30:00,17.559999465942383,17.610000610351562,17.489999771118164,17.584999084472656,4024854
2024-06-17 14:30:00,17.584999084472656,17.690000534057617,17.559999465942383,17.674999237060547,3898772
2024-06-17 15:30:00,17.674999237060547,17.68000030517578,17.610000610351562,17.645000457763672,2116727
2024-06-17 16:30:00,17.649999618530273,17.649999618530273,17.579999923706055,17.614999771118164,1984128
2024-06-17 17:30:00,17.614999771118164,17.670000076293945,17.610000610351562,17.645000457763672,1657339
2024-06-17 18:30:00,17.645000457763672,17.649999618530273,17.584999084472656,17.614999771118164,2860775
2024-06-17 19:30:00,17.61989974975586,17.700000762939453,17.610000610351562,17.690000534057617,6404353
2024-06-18 13:30:00,17.8799991607666,18.200000762939453,17.860000610351562,17.959999084472656,7671369
2024-06-18 14:30:00,17.96500015258789,17.969999313354492,17.860000610351562,17.90999984741211,3971680
2024-06-18 15:30:00,17.915000915527344,18.079999923706055,17.90999984741211,18.030000686645508,3339252
2024-06-18 16:30:00,18.020000457763672,18.059999465942383,18.020000457763672,18.030000686645508,2157367
2024-06-18 17:30:00,18.024999618530273,18.040000915527344,17.979999542236328,17.9950008392334,2702051
2024-06-18 18:30:00,17.9950008392334,18.020000457763672,17.969999313354492,17.975000381469727,2331316
2024-06-18 19:30:00,17.975000381469727,18.06999969482422,17.969999313354492,18.06999969482422,5261790
2024-06-20 13:30:00,17.940000534057617,18.15999984741211,17.899999618530273,18.135000228881836,4964259
2024-06-20 14:30:00,18.139999389648438,18.15999984741211,18.059999465942383,18.114999771118164,3120660
2024-06-20 15:30:00,18.114999771118164,18.149999618530273,18.09000015258789,18.1200008392334,2187278
2024-06-20 16:30:00,18.114999771118164,18.15999984741211,18.079999923706055,18.100000381469727,2301007
2024-06-20 17:30:00,18.094999313354492,18.139999389648438,18.06999969482422,18.084999084472656,2864146
2024-06-20 18:30:00,18.09000015258789,18.1200008392334,18.05500030517578,18.09280014038086,3039492
2024-06-20 19:30:00,18.09149932861328,18.15999984741211,18.06999969482422,18.110000610351562,4707157
2024-06-21 13:30:00,18.170000076293945,18.270000457763672,18.06999969482422,18.235000610351562,10810795
2024-06-21 14:30:00,18.235000610351562,18.270000457763672,18.170000076293945,18.19499969482422,4333930
2024-06-21 15:30:00,18.19499969482422,18.274999618530273,18.184999465942383,18.264999389648438,4132839
2024-06-21 16:30:00,18.264999389648438,18.295000076293945,18.260000228881836,18.264999389648438,2143603
2024-06-21 17:30:00,18.264999389648438,18.309999465942383,18.25,18.309999465942383,2581159
2024-06-21 18:30:00,18.30500030517578,18.364999771118164,18.299999237060547,18.360000610351562,4274972
2024-06-21 19:30:00,18.354999542236328,18.454999923706055,18.34000015258789,18.40999984741211,10202843
2024-06-24 13:30:00,18.420000076293945,18.6200008392334,18.40999984741211,18.614700317382812,6117584
2024-06-24 14:30:00,18.6200008392334,18.674999237060547,18.600000381469727,18.635000228881836,3941208
2024-06-24 15:30:00,18.635000228881836,18.68000030517578,18.6299991607666,18.68000030517578,2997446
2024-06-24 16:30:00,18.670000076293945,18.700000762939453,18.6299991607666,18.645000457763672,4162753
2024-06-24 17:30:00,18.645000457763672,18.68000030517578,18.6200008392334,18.670000076293945,3955412
2024-06-24 18:30:00,18.670000076293945,18.68000030517578,18.6200008392334,18.623899459838867,3449181
2024-06-24 19:30:00,18.625,18.690000534057617,18.6200008392334,18.639999389648438,5716033
2024-06-25 13:30:00,18.639999389648438,18.68000030517578,18.530000686645508,18.674999237060547,6065601
2024-06-25 14:30:00,18.674999237060547,18.729999542236328,18.6299991607666,18.670000076293945,4996529
2024-06-25 15:30:00,18.670000076293945,18.690000534057617,18.6299991607666,18.645000457763672,2938715
2024-06-25 16:30:00,18.645000457763672,18.65999984741211,18.56999969482422,18.64550018310547,1851185
2024-06-25 17:30:00,18.649900436401367,18.65999984741211,18.6200008392334,18.645000457763672,2057249
2024-06-25 18:30:00,18.648099899291992,18.690000534057617,18.639999389648438,18.690000534057617,2342524
2024-06-25 19:30:00,18.684999465942383,18.729999542236328,18.655000686645508,18.700000762939453,7140600
2024-06-26 13:30:00,18.639999389648438,18.75,18.610000610351562,18.729999542236328,4455842
2024-06-26 14:30:00,18.719999313354492,18.75,18.65999984741211,18.684999465942383,3590064
2024-06-26 15:30:00,18.68000030517578,18.709999084472656,18.670000076293945,18.69499969482422,1861069
2024-06-26 16:30:00,18.69499969482422,18.709999084472656,18.670000076293945,18.700000762939453,2139232
2024-06-26 17:30:00,18.700000762939453,18.739999771118164,18.690000534057617,18.709999084472656,1924772
2024-06-26 18:30:00,18.709999084472656,18.780000686645508,18.700000762939453,18.770999908447266,2753924
2024-06-26 19:30:00,18.780000686645508,18.809999465942383,18.75,18.760299682617188,5449197
2024-06-27 13:30:00,18.780000686645508,18.790000915527344,18.610000610351562,18.665000915527344,4148783
2024-06-27 14:30:00,18.670000076293945,18.700000762939453,18.639999389648438,18.684999465942383,4347469
2024-06-27 15:30:00,18.68429946899414,18.729999542236328,18.65999984741211,18.673999786376953,2283350
2024-06-27 16:30:00,18.68000030517578,18.700000762939453,18.670000076293945,18.69499969482422,1297982
2024-06-27 17:30:00,18.700000762939453,18.700000762939453,18.6299991607666,18.649999618530273,2106938
2024-06-27 18:30:00,18.645000457763672,18.700000762939453,18.639999389648438,18.684999465942383,1643473
2024-06-27 19:30:00,18.690000534057617,18.760000228881836,18.68000030517578,18.7549991607666,3715884
2024-06-28 13:30:00,18.799999237060547,19.079999923706055,18.780000686645508,19.06999969482422,7721281
2024-06-28 14:30:00,19.06999969482422,19.079999923706055,18.93000030517578,18.969999313354492,4911186
2024-06-28 15:30:00,18.96500015258789,19.100000381469727,18.950000762939453,19.084999084472656,4862987
2024-06-28 16:30:00,19.08989906311035,19.110000610351562,18.989999771118164,18.99340057373047,3287233
2024-06-28 17:30:00,19.0,19.030000686645508,18.989999771118164,19.0049991607666,2108901
2024-06-28 18:30:00,19.0,19.030000686645508,18.989999771118164,19.01740074157715,2942792
2024-06-28 19:30:00,19.020000457763672,19.1299991607666,19.020000457763672,19.1299991607666,6728188
2024-07-01 13:30:00,19.239999771118164,19.31999969482422,19.06999969482422,19.084999084472656,6309066
2024-07-01 14:30:00,19.079999923706055,19.09000015258789,18.875,18.90999984741211,6161021
2024-07-01 15:30:00,18.915000915527344,18.940000534057617,18.829999923706055,18.905000686645508,2485644
2024-07-01 16:30:00,18.90999984741211,18.920000076293945,18.8700008392334,18.905000686645508,2082058
2024-07-01 17:30:00,18.90180015563965,18.920000076293945,18.864999771118164,18.91659927368164,2484572
2024-07-01 18:30:00,18.920000076293945,18.940000534057617,18.8700008392334,18.905000686645508,3637000
2024-07-01 19:30:00,18.905000686645508,18.989999771118164,18.899999618530273,18.969999313354492,3773676
2024-07-02 13:30:00,18.979999542236328,19.0,18.760000228881836,18.815000534057617,5000073
2024-07-02 14:30:00,18.815000534057617,18.860000610351562,18.760000228881836,18.780000686645508,3978590
2024-07-02 15:30:00,18.780000686645508,18.790000915527344,18.700000762939453,18.700000762939453,2797226
2024-07-02 16:30:00,18.704999923706055,18.729999542236328,18.68000030517578,18.729999542236328,3349158
2024-07-02 17:30:00,18.729999542236328,18.760000228881836,18.700000762939453,18.733600616455078,1870618
2024-07-02 18:30:00,18.739999771118164,18.795000076293945,18.730100631713867,18.78499984741211,2737876
2024-07-02 19:30:00,18.780000686645508,18.84000015258789,18.760000228881836,18.81999969482422,3938551
2024-07-03 13:30:00,18.8799991607666,18.915000915527344,18.735000610351562,18.875,3360639
2024-07-03 14:30:00,18.875,18.899999618530273,18.770000457763672,18.774999618530273,3559796
2024-07-03 15:30:00,18.770000457763672,18.799999237060547,18.700000762939453,18.704999923706055,2901136
2024-07-05 13:30:00,18.700000762939453,18.739999771118164,18.645000457763672,18.725000381469727,13024267
2024-07-05 14:30:00,18.725000381469727,18.75,18.69499969482422,18.730100631713867,2350151
2024-07-05 15:30:00,18.735000610351562,18.790000915527344,18.729999542236328,18.735000610351562,1953523
2024-07-05 16:30:00,18.730199813842773,18.7549991607666,18.719999313354492,18.735000610351562,1358614
2024-07-05 17:30:00,18.735000610351562,18.780000686645508,18.729999542236328,18.774999618530273,1679278
2024-07-05 18:30:00,18.774999618530273,18.799999237060547,18.75,18.7549991607666,1680516
2024-07-05 19:30:00,18.7549991607666,18.78499984741211,18.739999771118164,18.764999389648438,2811307
2024-07-08 13:30:00,18.84000015258789,18.899999618530273,18.729999542236328,18.763399124145508,3901269
2024-07-08 14:30:00,18.764999389648438,18.799999237060547,18.729999542236328,18.735000610351562,2816449
2024-07-08 15:30:00,18.73590087890625,18.760000228881836,18.690000534057617,18.729999542236328,2588609
2024-07-08 16:30:00,18.739999771118164,18.770000457763672,18.719999313354492,18.729999542236328,1448137
2024-07-08 17:30:00,18.729999542236328,18.75,18.719999313354492,18.735000610351562,1807238
2024-07-08 18:30:00,18.73900032043457,18.790000915527344,18.719999313354492,18.783899307250977,2064528
2024-07-08 19:30:00,18.790000915527344,18.860000610351562,18.780000686645508,18.809999465942383,3485499
2024-07-09 13:30:00,18.81999969482422,18.8700008392334,18.704999923706055,18.790000915527344,5107602
2024-07-09 14:30:00,18.790000915527344,18.889999389648438,18.772600173950195,18.875,3128943
2024-07-09 15:30:00,18.8700008392334,18.924999237060547,18.829999923706055,18.90999984741211,2523477
2024-07-09 16:30:00,18.915000915527344,18.979999542236328,18.889999389648438,18.956600189208984,2161249
2024-07-09 17:30:00,18.950000762939453,18.969999313354492,18.889999389648438,18.915000915527344,2546630
2024-07-09 18:30:00,18.91010093688965,18.924999237060547,18.8700008392334,18.920000076293945,2380474
2024-07-09 19:30:00,18.90999984741211,18.959999084472656,18.770000457763672,18.799999237060547,6077198
2024-07-10 13:30:00,18.56999969482422,18.700000762939453,18.459999084472656,18.545000076293945,5647231
2024-07-10 14:30:00,18.545000076293945,18.6200008392334,18.530000686645508,18.6200008392334,3683241
2024-07-10 15:30:00,18.6200008392334,18.719999313354492,18.610000610351562,18.704999923706055,3788490
2024-07-10 16:30:00,18.70680046081543,18.739999771118164,18.649999618530273,18.655000686645508,2980643
2024-07-10 17:30:00,18.6560001373291,18.709999084472656,18.649999618530273,18.700000762939453,2353460
2024-07-10 18:30:00,18.69499969482422,18.729999542236328,18.690000534057617,18.71500015258789,2643664
2024-07-10 19:30:00,18.71500015258789,18.75,18.700000762939453,18.735000610351562,4287481
2024-07-11 13:30:00,18.700000762939453,18.729999542236328,18.6200008392334,18.71500015258789,4427503
2024-07-11 14:30:00,18.719999313354492,18.75,18.68000030517578,18.75,2863319
2024-07-11 15:30:00,18.744199752807617,18.780000686645508,18.68000030517578,18.75,2667686
2024-07-11 16:30:00,18.7450008392334,18.84000015258789,18.739999771118164,18.80500030517578,2347613
2024-07-11 17:30:00,18.80500030517578,18.860000610351562,18.770000457763672,18.780099868774414,2284657
2024-07-11 18:30:00,18.78499984741211,18.815000534057617,18.75,18.795000076293945,2214280
2024-07-11 19:30:00,18.79509925842285,18.8700008392334,18.770000457763672,18.8700008392334,3448576
2024-07-12 13:30:00,18.719999313354492,18.829999923706055,18.584999084472656,18.665000915527344,9026845
2024-07-12 14:30:00,18.65999984741211,18.81999969482422,18.649999618530273,18.774999618530273,5029511
2024-07-12 15:30:00,18.774999618530273,18.84000015258789,18.770000457763672,18.770200729370117,2692617
2024-07-12 16:30:00,18.774999618530273,18.850000381469727,18.75,18.844999313354492,3361426
2024-07-12 17:30:00,18.844999313354492,18.850000381469727,18.770000457763672,18.785900115966797,3564266
2024-07-12 18:30:00,18.78499984741211,18.809999465942383,18.75,18.80500030517578,3119191
2024-07-12 19:30:00,18.80500030517578,18.84000015258789,18.780000686645508,18.809999465942383,6375085
2024-07-15 13:30:00,18.850000381469727,18.860000610351562,18.59000015258789,18.604999542236328,4908065
2024-07-15 14:30:00,18.604999542236328,18.649999618530273,18.540000915527344,18.575000762939453,3284924
2024-07-15 15:30:00,18.575000762939453,18.639999389648438,18.530000686645508,18.604999542236328,3462729
2024-07-15 16:30:00,18.604999542236328,18.655000686645508,18.579999923706055,18.625,2320403
2024-07-15 17:30:00,18.625,18.649999618530273,18.610000610351562,18.625,1828819
2024-07-15 18:30:00,18.6299991607666,18.670000076293945,18.610000610351562,18.614999771118164,1909812
2024-07-15 19:30:00,18.614999771118164,18.6200008392334,18.549999237060547,18.600000381469727,3211369
2024-07-16 13:30:00,18.594999313354492,18.790000915527344,18.565000534057617,18.790000915527344,2975278
2024-07-16 14:30:00,18.790000915527344,18.81999969482422,18.750099182128906,18.77642250061035,3284556
2024-07-16 15:30:00,18.774999618530273,18.809999465942383,18.729999542236328,18.799999237060547,2419130
2024-07-16 16:30:00,18.799999237060547,18.81999969482422,18.719999313354492,18.722200393676758,1615858
2024-07-16 17:30:00,18.729999542236328,18.81999969482422,18.725000381469727,18.770099639892578,2534500
2024-07-16 18:30:00,18.774999618530273,18.84000015258789,18.770000457763672,18.795000076293945,2463940
2024-07-16 19:30:00,18.795000076293945,18.860000610351562,18.770999908447266,18.850000381469727,4358814
2024-07-17 13:30:00,18.899999618530273,19.190000534057617,18.850000381469727,19.094999313354492,11876216
2024-07-17 14:30:00,19.09000015258789,19.100000381469727,18.969999313354492,19.014999389648438,3241441
2024-07-17 15:30:00,19.014999389648438,19.079999923706055,18.979999542236328,19.065000534057617,2649278
2024-07-17 16:30:00,19.065000534057617,19.15519905090332,19.059999465942383,19.079999923706055,3043302
2024-07-17 17:30:00,19.075000762939453,19.149999618530273,19.059999465942383,19.145000457763672,2529368
2024-07-17 18:30:00,19.145000457763672,19.15999984741211,19.1200008392334,19.135000228881836,2678728
2024-07-17 19:30:00,19.135000228881836,19.170000076293945,19.079999923706055,19.145000457763672,4996067
2024-07-18 13:30:00,19.100000381469727,19.200000762939453,18.989999771118164,19.190099716186523,7533578
2024-07-18 14:30:00,19.190000534057617,19.299999237060547,19.170000076293945,19.299999237060547,4621956
2024-07-18 15:30:00,19.29990005493164,19.329999923706055,19.15999984741211,19.22410011291504,4845934
2024-07-18 16:30:00,19.22010040283203,19.260000228881836,19.149999618530273,19.239999771118164,2884646
2024-07-18 17:30:00,19.239999771118164,19.270000457763672,19.184999465942383,19.19499969482422,2135370
2024-07-18 18:30:00,19.19499969482422,19.200000762939453,19.09000015258789,19.110000610351562,3118593
2024-07-18 19:30:00,19.114999771118164,19.149999618530273,19.100000381469727,19.149999618530273,4056197
2024-07-19 13:30:00,19.1200008392334,19.149999618530273,18.979999542236328,19.125,5470190
2024-07-19 14:30:00,19.1299991607666,19.239999771118164,19.1200008392334,19.229999542236328,4068103
2024-07-19 15:30:00,19.229999542236328,19.239999771118164,19.100000381469727,19.11009979248047,2966336
2024-07-19 16:30:00,19.114999771118164,19.15999984741211,19.100000381469727,19.150100708007812,1798849
2024-07-19 17:30:00,19.155000686645508,19.200000762939453,19.1200008392334,19.1299991607666,2224981
2024-07-19 18:30:00,19.134000778198242,19.18000030517578,19.1299991607666,19.139999389648438,2007914
2024-07-19 19:30:00,19.139999389648438,19.149999618530273,19.065000534057617,19.110000610351562,5494452
2024-07-22 13:30:00,18.700000762939453,18.770000457763672,18.309999465942383,18.415000915527344,10834953
2024-07-22 14:30:00,18.415000915527344,18.690000534057617,18.395000457763672,18.649099349975586,5727933
2024-07-22 15:30:00,18.645000457763672,18.670000076293945,18.559999465942383,18.594999313354492,2831794
2024-07-22 16:30:00,18.594999313354492,18.65999984741211,18.489999771118164,18.649999618530273,4889710
2024-07-22 17:30:00,18.645000457763672,18.68000030517578,18.520000457763672,18.53499984741211,4046635
2024-07-22 18:30:00,18.53499984741211,18.59000015258789,18.530000686645508,18.545000076293945,2629373
2024-07-22 19:30:00,18.545000076293945,18.56999969482422,18.5,18.559999465942383,4402764
2024-07-23 13:30:00,18.56999969482422,18.610000610351562,18.329999923706055,18.40999984741211,6064295
2024-07-23 14:30:00,18.415000915527344,18.54990005493164,18.40999984741211,18.530000686645508,4115484
2024-07-23 15:30:00,18.530000686645508,18.59000015258789,18.459999084472656,18.514999389648438,4511293
2024-07-23 16:30:00,18.514999389648438,18.559999465942383,18.440000534057617,18.514999389648438,5478585
2024-07-23 17:30:00,18.514999389648438,18.520000457763672,18.399999618530273,18.44499969482422,8987961
2024-07-23 18:30:00,18.44499969482422,18.454999923706055,18.290000915527344,18.31399917602539,7826368
2024-07-23 19:30:00,18.309999465942383,18.325000762939453,18.139999389648438,18.225000381469727,16572944
2024-07-24 13:30:00,18.920000076293945,19.079999923706055,18.760000228881836,18.78499984741211,15296792
2024-07-24 14:30:00,18.790000915527344,19.079999923706055,18.760000228881836,19.0049991607666,6217787
2024-07-24 15:30:00,19.0049991607666,19.219999313354492,18.989999771118164,19.204599380493164,6213551
2024-07-24 16:30:00,19.204999923706055,19.229999542236328,19.104999542236328,19.114999771118164,4318734
2024-07-24 17:30:00,19.1200008392334,19.170000076293945,19.059999465942383,19.139999389648438,4835598
2024-07-24 18:30:00,19.135000228881836,19.18000030517578,19.073999404907227,19.155000686645508,5153607
2024-07-24 19:30:00,19.15999984741211,19.200000762939453,19.149999618530273,19.149999618530273,7936938
2024-07-25 13:30:00,19.149999618530273,19.739999771118164,19.149999618530273,19.665000915527344,13938967
2024-07-25 14:30:00,19.665000915527344,19.690000534057617,19.5,19.509899139404297,6969685
2024-07-25 15:30:00,19.5049991607666,19.559999465942383,19.350000381469727,19.385000228881836,5392840
2024-07-25 16:30:00,19.385000228881836,19.389999389648438,19.25,19.28499984741211,3396360
2024-07-25 17:30:00,19.28499984741211,19.290000915527344,19.190000534057617,19.19499969482422,3373758
2024-07-25 18:30:00,19.19499969482422,19.235000610351562,19.100000381469727,19.139999389648438,4419134
2024-07-25 19:30:00,19.135000228881836,19.290000915527344,19.1299991607666,19.204999923706055,9221512
2024-07-26 13:30:00,19.15999984741211,19.299999237060547,18.889999389648438,19.040000915527344,6772234
2024-07-26 14:30:00,19.049999237060547,19.149999618530273,19.010000228881836,19.065000534057617,3677539
2024-07-26 15:30:00,19.065000534057617,19.1200008392334,19.0,19.009000778198242,3310596
2024-07-26 16:30:00,19.010000228881836,19.030000686645508,18.969999313354492,19.030000686645508,2501839
2024-07-26 17:30:00,19.024999618530273,19.059999465942383,19.014999389648438,19.03019905090332,2020276
2024-07-26 18:30:00,19.03499984741211,19.06999969482422,19.0,19.065000534057617,2308988
2024-07-26 19:30:00,19.065000534057617,19.084999084472656,18.979999542236328,19.0,5790634
2024-07-29 13:30:00,19.0,19.014999389648438,18.81999969482422,18.920000076293945,8268078
2024-07-29 14:30:00,18.915000915527344,18.920000076293945,18.844999313354492,18.850000381469727,3226337
2024-07-29 15:30:00,18.850000381469727,18.920000076293945,18.850000381469727,18.864999771118164,2264733
2024-07-29 16:30:00,18.864999771118164,18.899999618530273,18.860000610351562,18.889999389648438,1703019
2024-07-29 17:30:00,18.8799991607666,18.899999618530273,18.850000381469727,18.889999389648438,1814245
2024-07-29 18:30:00,18.895000457763672,18.920000076293945,18.8799991607666,18.920000076293945,1973771
2024-07-29 19:30:00,18.915000915527344,18.989999771118164,18.885000228881836,18.899999618530273,5190483
2024-07-30 13:30:00,18.950000762939453,19.0049991607666,18.834999084472656,18.979999542236328,3453557
2024-07-30 14:30:00,18.985000610351562,19.010000228881836,18.933473587036133,18.934999465942383,2332399
2024-07-30 15:30:00,18.934999465942383,18.989999771118164,18.90999984741211,18.96030044555664,2677558
2024-07-30 16:30:00,18.96500015258789,19.010000228881836,18.93000030517578,18.975000381469727,2782113
2024-07-30 17:30:00,18.975000381469727,19.030000686645508,18.969999313354492,18.9950008392334,1935466
2024-07-30 18:30:00,18.99250030517578,19.010000228881836,18.94409942626953,19.0049991607666,1958451
2024-07-30 19:30:00,19.0049991607666,19.030000686645508,18.969999313354492,18.979999542236328,4597243
2024-07-31 13:30:00,18.899999618530273,19.170000076293945,18.8799991607666,19.170000076293945,4933544
2024-07-31 14:30:00,19.165000915527344,19.295000076293945,19.145000457763672,19.219999313354492,4705743
2024-07-31 15:30:00,19.225000381469727,19.2450008392334,19.18000030517578,19.225000381469727,3033499
2024-07-31 16:30:00,19.225000381469727,19.280000686645508,19.200000762939453,19.235000610351562,2862866
2024-07-31 17:30:00,19.229999542236328,19.309999465942383,19.219999313354492,19.264999389648438,2474484
2024-07-31 18:30:00,19.270000457763672,19.31999969482422,19.239999771118164,19.264999389648438,5262496
2024-07-31 19:30:00,19.264999389648438,19.309999465942383,19.219999313354492,19.25,5163641
2024-08-01 13:30:00,19.309999465942383,19.32859992980957,19.1299991607666,19.204999923706055,6820065
2024-08-01 14:30:00,19.204999923706055,19.31999969482422,19.1299991607666,19.30500030517578,5531432
2024-08-01 15:30:00,19.30500030517578,19.459999084472656,19.30500030517578,19.454999923706055,5078032
2024-08-01 16:30:00,19.454999923706055,19.579999923706055,19.43000030517578,19.545000076293945,6109496
2024-08-01 17:30:00,19.545000076293945,19.6299991607666,19.5,19.575000762939453,5326945
2024-08-01 18:30:00,19.575000762939453,19.600000381469727,19.520000457763672,19.530000686645508,4952068
2024-08-01 19:30:00,19.524999618530273,19.579999923706055,19.424999237060547,19.469999313354492,5272458
2024-08-02 13:30:00,19.639999389648438,19.989999771118164,19.59000015258789,19.635000228881836,15002133
2024-08-02 14:30:00,19.639999389648438,19.649999618530273,19.290000915527344,19.30500030517578,6036819
2024-08-02 15:30:00,19.30500030517578,19.309999465942383,19.190000534057617,19.264999389648438,4133160
2024-08-02 16:30:00,19.264999389648438,19.399999618530273,19.264999389648438,19.354999542236328,2532020
2024-08-02 17:30:00,19.354999542236328,19.360000610351562,19.280000686645508,19.315000534057617,2670924
2024-08-02 18:30:00,19.315000534057617,19.34000015258789,19.25,19.325000762939453,2594361
2024-08-02 19:30:00,19.325000762939453,19.40999984741211,19.309999465942383,19.3700008392334,5054203
2024-08-05 13:30:00,19.0,19.1200008392334,18.829999923706055,18.915000915527344,13914842
2024-08-05 14:30:00,18.920000076293945,18.93000030517578,18.770000457763672,18.920000076293945,5800520
2024-08-05 15:30:00,18.915000915527344,19.020000457763672,18.8700008392334,19.0049991607666,3993520
2024-08-05 16:30:00,19.0049991607666,19.040000915527344,18.969999313354492,18.9950008392334,3675865
2024-08-05 17:30:00,18.9950008392334,19.0,18.920000076293945,18.96500015258789,2564868
2024-08-05 18:30:00,18.96500015258789,18.989999771118164,18.899999618530273,18.94499969482422,4319021
2024-08-05 19:30:00,18.94499969482422,18.94499969482422,18.825000762939453,18.915000915527344,6040985
2024-08-06 13:30:00,18.885000228881836,19.299999237060547,18.860000610351562,19.239999771118164,5818500
2024-08-06 14:30:00,19.25,19.280000686645508,19.139999389648438,19.155000686645508,3836508
2024-08-06 15:30:00,19.150100708007812,19.25,19.149999618530273,19.219999313354492,2909960
2024-08-06 16:30:00,19.226299285888672,19.229999542236328,19.114999771118164,19.139999389648438,2172170
2024-08-06 17:30:00,19.135000228881836,19.229999542236328,19.110000610351562,19.22640037536621,2643707
2024-08-06 18:30:00,19.225000381469727,19.25,19.170000076293945,19.204999923706055,2894916
2024-08-06 19:30:00,19.204999923706055,19.229999542236328,19.139999389648438,19.18000030517578,5081732
2024-08-07 13:30:00,19.200000762939453,19.43000030517578,19.094999313354492,19.424999237060547,5078191
2024-08-07 14:30:00,19.43000030517578,19.519899368286133,19.3799991607666,19.454999923706055,3252940
2024-08-07 15:30:00,19.454999923706055,19.479999542236328,19.40999984741211,19.469999313354492,3296782
2024-08-07 16:30:00,19.475000381469727,19.479999542236328,19.364999771118164,19.415000915527344,2337156
2024-08-07 17:30:00,19.420000076293945,19.469999313354492,19.350000381469727,19.369800567626953,2655356
2024-08-07 18:30:00,19.364999771118164,19.3799991607666,19.309999465942383,19.354999542236328,2591630
2024-08-07 19:30:00,19.354999542236328,19.3700008392334,19.239999771118164,19.25,5061036
2024-08-08 13:30:00,19.2549991607666,19.469999313354492,19.209999084472656,19.454999923706055,3877206
2024-08-08 14:30:00,19.454999923706055,19.479999542236328,19.3700008392334,19.389999389648438,3427775
2024-08-08 15:30:00,19.395000457763672,19.440000534057617,19.3799991607666,19.395000457763672,2393670
2024-08-08 16:30:00,19.395000457763672,19.40999984741211,19.34000015258789,19.385000228881836,2181085
2024-08-08 17:30:00,19.389999389648438,19.40999984741211,19.329999923706055,19.350000381469727,2216452
2024-08-08 18:30:00,19.360000610351562,19.399999618530273,19.350000381469727,19.395000457763672,2855743
2024-08-08 19:30:00,19.395000457763672,19.43000030517578,19.340099334716797,19.399999618530273,4314707
2024-08-09 13:30:00,19.389999389648438,19.540000915527344,19.270000457763672,19.454999923706055,3915679
2024-08-09 14:30:00,19.454999923706055,19.540000915527344,19.440000534057617,19.489999771118164,2128265
2024-08-09 15:30:00,19.489999771118164,19.55500030517578,19.479999542236328,19.53499984741211,2035922
2024-08-09 16:30:00,19.53499984741211,19.579999923706055,19.520000457763672,19.579999923706055,1299281
2024-08-09 17:30:00,19.575000762939453,19.584999084472656,19.520000457763672,19.549999237060547,1602957
2024-08-09 18:30:00,19.545000076293945,19.59000015258789,19.540000915527344,19.575000762939453,2179189
2024-08-09 19:30:00,19.579999923706055,19.594999313354492,19.479999542236328,19.479999542236328,4881545
2024-08-12 13:30:00,19.540000915527344,19.559999465942383,19.170000076293945,19.440000534057617,3499622
2024-08-12 14:30:00,19.44499969482422,19.469999313354492,19.350000381469727,19.354999542236328,2861001
2024-08-12 15:30:00,19.360000610351562,19.3799991607666,19.309999465942383,19.34000015258789,1941981
2024-08-12 16:30:00,19.33880043029785,19.360000610351562,19.309999465942383,19.354000091552734,1962881
2024-08-12 17:30:00,19.360000610351562,19.360000610351562,19.299999237060547,19.315000534057617,1857710
2024-08-12 18:30:00,19.315000534057617,19.389999389648438,19.299999237060547,19.375,1934178
2024-08-12 19:30:00,19.375,19.440000534057617,19.3700008392334,19.434999465942383,5167707
2024-08-13 13:30:00,19.420000076293945,19.510000228881836,19.360000610351562,19.405000686645508,4226666
2024-08-13 14:30:00,19.405000686645508,19.510000228881836,19.375,19.479999542236328,2274250
2024-08-13 15:30:00,19.485000610351562,19.510000228881836,19.420000076293945,19.424999237060547,1886514
2024-08-13 16:30:00,19.427200317382812,19.459999084472656,19.399999618530273,19.450000762939453,1739347
2024-08-13 17:30:00,19.459999084472656,19.459999084472656,19.389999389648438,19.403099060058594,1404251
2024-08-13 18:30:00,19.405000686645508,19.5,19.389999389648438,19.49340057373047,1938501
2024-08-13 19:30:00,19.494800567626953,19.559999465942383,19.479999542236328,19.525999069213867,4610157
2024-08-14 13:30:00,19.479999542236328,19.6200008392334,19.42140007019043,19.59000015258789,3067134
2024-08-14 14:30:00,19.59000015258789,19.649999618530273,19.579999923706055,19.636600494384766,2714326
2024-08-14 15:30:00,19.635000228881836,19.649999618530273,19.56999969482422,19.58009910583496,1850063
2024-08-14 16:30:00,19.58009910583496,19.6299991607666,19.559999465942383,19.583200454711914,1498077
2024-08-14 17:30:00,19.59000015258789,19.6299991607666,19.579999923706055,19.625,1472939
2024-08-14 18:30:00,19.625,19.65999984741211,19.600000381469727,19.600000381469727,1787163
2024-08-14 19:30:00,19.604999542236328,19.649999618530273,19.584999084472656,19.610000610351562,3568967
2024-08-15 13:30:00,19.549999237060547,19.575000762939453,19.200000762939453,19.235000610351562,6441092
2024-08-15 14:30:00,19.229999542236328,19.25,19.149999618530273,19.174999237060547,4451649
2024-08-15 15:30:00,19.170000076293945,19.204999923706055,19.06999969482422,19.06999969482422,4393305
2024-08-15 16:30:00,19.075000762939453,19.149999618530273,18.969999313354492,19.0049991607666,5756542
2024-08-15 17:30:00,19.0049991607666,19.059999465942383,18.989999771118164,19.04759979248047,4621471
2024-08-15 18:30:00,19.045000076293945,19.110000610351562,19.030000686645508,19.103099822998047,4735989
2024-08-15 19:30:00,19.110000610351562,19.1200008392334,19.059999465942383,19.084999084472656,5831484
2024-08-16 13:30:00,19.1200008392334,19.219999313354492,19.09000015258789,19.094999313354492,4642810
2024-08-16 14:30:00,19.09000015258789,19.239999771118164,19.09000015258789,19.235000610351562,3589666
2024-08-16 15:30:00,19.235000610351562,19.280000686645508,19.200000762939453,19.219999313354492,2184314
2024-08-16 16:30:00,19.229999542236328,19.280000686645508,19.219999313354492,19.270000457763672,1899597
2024-08-16 17:30:00,19.264999389648438,19.299999237060547,19.25,19.295000076293945,2185438
2024-08-16 18:30:00,19.295000076293945,19.31999969482422,19.280000686645508,19.315000534057617,1572067
2024-08-16 19:30:00,19.31999969482422,19.360000610351562,19.30500030517578,19.350000381469727,3613857
2024-08-19 13:30:00,19.350000381469727,19.489999771118164,19.34000015258789,19.434999465942383,3443753
2024-08-19 14:30:00,19.43000030517578,19.459999084472656,19.405000686645508,19.424999237060547,2414939
2024-08-19 15:30:00,19.424999237060547,19.459999084472656,19.399999618530273,19.424999237060547,1805756
2024-08-19 16:30:00,19.424999237060547,19.479999542236328,19.420000076293945,19.44499969482422,2008473
2024-08-19 17:30:00,19.450000762939453,19.450000762939453,19.420000076293945,19.44499969482422,1446515
2024-08-19 18:30:00,19.44499969482422,19.479999542236328,19.440000534057617,19.470300674438477,2215119
2024-08-19 19:30:00,19.475000381469727,19.510000228881836,19.469999313354492,19.481300354003906,3568899
2024-08-20 13:30:00,19.459999084472656,19.575000762939453,19.385000228881836,19.545000076293945,5352717
2024-08-20 14:30:00,19.545000076293945,19.579999923706055,19.4950008392334,19.510000228881836,2038905
2024-08-20 15:30:00,19.514999389648438,19.514999389648438,19.450000762939453,19.475000381469727,2207552
2024-08-20 16:30:00,19.47010040283203,19.5,19.459999084472656,19.474000930786133,1557180
2024-08-20 17:30:00,19.475000381469727,19.489999771118164,19.440000534057617,19.485000610351562,1016863
2024-08-20 18:30:00,19.485000610351562,19.5,19.440099716186523,19.4950008392334,1296582
2024-08-20 19:30:00,19.4950008392334,19.520000457763672,19.450000762939453,19.489999771118164,3023125
2024-08-21 13:30:00,19.520000457763672,19.59000015258789,19.43000030517578,19.459999084472656,3546855
2024-08-21 14:30:00,19.454999923706055,19.540000915527344,19.421100616455078,19.524999618530273,2201612
2024-08-21 15:30:00,19.524999618530273,19.540000915527344,19.469999313354492,19.510000228881836,1995269
2024-08-21 16:30:00,19.510000228881836,19.520000457763672,19.459999084472656,19.475000381469727,1657091
2024-08-21 17:30:00,19.475000381469727,19.510000228881836,19.459999084472656,19.5049991607666,1627237
2024-08-21 18:30:00,19.510000228881836,19.530000686645508,19.489999771118164,19.514999389648438,2082178
2024-08-21 19:30:00,19.514999389648438,19.559999465942383,19.5,19.530000686645508,3801847
2024-08-22 13:30:00,19.559999465942383,19.579999923706055,19.440000534057617,19.454999923706055,2262336
2024-08-22 14:30:00,19.45989990234375,19.479999542236328,19.440000534057617,19.454999923706055,1548534
2024-08-22 15:30:00,19.454999923706055,19.540000915527344,19.450000762939453,19.46500015258789,2216164
2024-08-22 16:30:00,19.459999084472656,19.469999313354492,19.420000076293945,19.423999786376953,1367534
2024-08-22 17:30:00,19.420000076293945,19.469999313354492,19.399999618530273,19.454999923706055,1975587
2024-08-22 18:30:00,19.454999923706055,19.5,19.43000030517578,19.49169921875,1944897
2024-08-22 19:30:00,19.4950008392334,19.520000457763672,19.459999084472656,19.520000457763672,3612566
2024-08-23 13:30:00,19.540000915527344,19.600000381469727,19.510000228881836,19.55500030517578,3094894
2024-08-23 14:30:00,19.55500030517578,19.649999618530273,19.549999237060547,19.625,2901303
2024-08-23 15:30:00,19.620100021362305,19.649999618530273,19.600000381469727,19.614999771118164,2063632
2024-08-23 16:30:00,19.614999771118164,19.645000457763672,19.594999313354492,19.639999389648438,1276513
2024-08-23 17:30:00,19.635000228881836,19.670000076293945,19.6299991607666,19.670000076293945,1648410
2024-08-23 18:30:00,19.665000915527344,19.739999771118164,19.65999984741211,19.735000610351562,1790570
2024-08-23 19:30:00,19.735000610351562,19.760000228881836,19.700000762939453,19.71500015258789,3709562
2024-08-26 13:30:00,19.760000228881836,19.940000534057617,19.760000228881836,19.88010025024414,4941747
2024-08-26 14:30:00,19.889999389648438,19.920000076293945,19.825000762939453,19.829999923706055,2345358
2024-08-26 15:30:00,19.829999923706055,19.84000015258789,19.790000915527344,19.815000534057617,1847859
2024-08-26 16:30:00,19.815000534057617,19.850000381469727,19.764999389648438,19.78499984741211,2407025
2024-08-26 17:30:00,19.78499984741211,19.78499984741211,19.729999542236328,19.7549991607666,1842262
2024-08-26 18:30:00,19.75510025024414,19.760000228881836,19.709999084472656,19.725000381469727,2149550
2024-08-26 19:30:00,19.719999313354492,19.770000457763672,19.703500747680664,19.760000228881836,3202194
2024-08-27 13:30:00,19.739999771118164,19.795000076293945,19.709999084472656,19.719999313354492,3266905
2024-08-27 14:30:00,19.719999313354492,19.770000457763672,19.690000534057617,19.704999923706055,2050686
2024-08-27 15:30:00,19.700300216674805,19.704200744628906,19.6200008392334,19.6299991607666,2204171
2024-08-27 16:30:00,19.625499725341797,19.670000076293945,19.610000610351562,19.662500381469727,1694342
2024-08-27 17:30:00,19.670000076293945,19.68000030517578,19.6200008392334,19.655000686645508,1554541
2024-08-27 18:30:00,19.655000686645508,19.65999984741211,19.610000610351562,19.625,2387510
2024-08-27 19:30:00,19.625,19.649999618530273,19.594999313354492,19.639999389648438,3826835
2024-08-28 13:30:00,19.68000030517578,19.835100173950195,19.670000076293945,19.780099868774414,3052707
2024-08-28 14:30:00,19.780000686645508,19.90999984741211,19.780000686645508,19.854999542236328,2559160
2024-08-28 15:30:00,19.854999542236328,19.860000610351562,19.780000686645508,19.78350067138672,1884245
2024-08-28 16:30:00,19.78499984741211,19.799999237060547,19.75,19.760000228881836,1616172
2024-08-28 17:30:00,19.7549991607666,19.790000915527344,19.729999542236328,19.739999771118164,1504968
2024-08-28 18:30:00,19.735000610351562,19.790000915527344,19.729999542236328,19.764999389648438,2023406
2024-08-28 19:30:00,19.770000457763672,19.829999923706055,19.760000228881836,19.81999969482422,3286077
2024-08-29 13:30:00,19.799999237060547,19.850000381469727,19.6200008392334,19.704999923706055,3687330
2024-08-29 14:30:00,19.70639991760254,19.739999771118164,19.652099609375,19.69499969482422,2351415
2024-08-29 15:30:00,19.69499969482422,19.790000915527344,19.68000030517578,19.774999618530273,2286101
2024-08-29 16:30:00,19.774999618530273,19.809999465942383,19.760000228881836,19.795000076293945,1780270
2024-08-29 17:30:00,19.790000915527344,19.829999923706055,19.780000686645508,19.825000762939453,1259782
2024-08-29 18:30:00,19.825000762939453,19.84000015258789,19.799999237060547,19.834999084472656,1853029
2024-08-29 19:30:00,19.834999084472656,19.850000381469727,19.760000228881836,19.770000457763672,3828656
2024-08-30 13:30:00,19.760000228881836,19.864999771118164,19.700000762939453,19.760299682617188,2346920
2024-08-30 14:30:00,19.760000228881836,19.790000915527344,19.729999542236328,19.780000686645508,2139084
2024-08-30 15:30:00,19.774999618530273,19.795000076293945,19.704999923706055,19.780000686645508,3052748
2024-08-30 16:30:00,19.774999618530273,19.84000015258789,19.770000457763672,19.825000762939453,1782253
2024-08-30 17:30:00,19.825000762939453,19.84000015258789,19.799999237060547,19.815000534057617,2099504
2024-08-30 18:30:00,19.81999969482422,19.8700008392334,19.815000534057617,19.86989974975586,1788560
2024-08-30 19:30:00,19.8700008392334,19.90999984741211,19.854999542236328,19.899999618530273,3812928
2024-09-03 13:30:00,19.93000030517578,20.229999542236328,19.920000076293945,20.05500030517578,7634863
2024-09-03 14:30:00,20.049999237060547,20.200000762939453,20.030000686645508,20.200000762939453,5520722
2024-09-03 15:30:00,20.19499969482422,20.270000457763672,20.170299530029297,20.264999389648438,4450132
2024-09-03 16:30:00,20.264999389648438,20.34000015258789,20.209999084472656,20.334999084472656,4291438
2024-09-03 17:30:00,20.334999084472656,20.375,20.299999237060547,20.33970069885254,5918349
2024-09-03 18:30:00,20.334999084472656,20.3799991607666,20.299999237060547,20.364999771118164,5644265
2024-09-03 19:30:00,20.3700008392334,20.450000762939453,20.350000381469727,20.440000534057617,10271117
2024-09-04 13:30:00,20.489999771118164,20.669300079345703,20.485000610351562,20.584999084472656,8840172
2024-09-04 14:30:00,20.584999084472656,20.8700008392334,20.56999969482422,20.81999969482422,10997360
2024-09-04 15:30:00,20.815000534057617,20.829999923706055,20.670000076293945,20.69499969482422,5272828
2024-09-04 16:30:00,20.694599151611328,20.719999313354492,20.575000762939453,20.579999923706055,2357643
2024-09-04 17:30:00,20.584999084472656,20.59000015258789,20.25,20.47089958190918,9608220
2024-09-04 18:30:00,20.475000381469727,20.56999969482422,20.454999923706055,20.545000076293945,6826380
2024-09-04 19:30:00,20.545000076293945,20.610000610351562,20.540000915527344,20.579999923706055,8596718
2024-09-05 13:30:00,20.709999084472656,20.829999923706055,20.600000381469727,20.699800491333008,7785402
2024-09-05 14:30:00,20.700000762939453,20.71500015258789,20.6299991607666,20.665000915527344,6255314
2024-09-05 15:30:00,20.670000076293945,20.670000076293945,20.520000457763672,20.545000076293945,5691943
2024-09-05 16:30:00,20.545000076293945,20.6299991607666,20.540000915527344,20.575000762939453,3584766
2024-09-05 17:30:00,20.575000762939453,20.639999389648438,20.55500030517578,20.575000762939453,3615616
2024-09-05 18:30:00,20.574199676513672,20.59000015258789,20.520000457763672,20.565000534057617,4473688
2024-09-05 19:30:00,20.56410026550293,20.670000076293945,20.549999237060547,20.65999984741211,8547232
2024-09-06 13:30:00,20.649999618530273,20.84000015258789,20.649999618530273,20.834999084472656,4674602
2024-09-06 14:30:00,20.834999084472656,20.920000076293945,20.739999771118164,20.764999389648438,5045109
2024-09-06 15:30:00,20.760000228881836,20.819900512695312,20.75,20.799999237060547,3236957
2024-09-06 16:30:00,20.795000076293945,20.829999923706055,20.760000228881836,20.815000534057617,3575838
2024-09-06 17:30:00,20.809999465942383,20.920000076293945,20.79010009765625,20.905000686645508,6337034
2024-09-06 18:30:00,20.90999984741211,20.940000534057617,20.850099563598633,20.864999771118164,5944283
2024-09-06 19:30:00,20.864999771118164,21.0,20.84000015258789,20.985000610351562,17652794
2024-09-09 13:30:00,20.959999084472656,21.110000610351562,20.934999465942383,21.078399658203125,7479706
2024-09-09 14:30:00,21.079999923706055,21.200000762939453,21.059999465942383,21.200000762939453,5861606
2024-09-09 15:30:00,21.200000762939453,21.280000686645508,21.190000534057617,21.274999618530273,6051331
2024-09-09 16:30:00,21.274999618530273,21.360000610351562,21.270000457763672,21.350000381469727,5655394
2024-09-09 17:30:00,21.344999313354492,21.350000381469727,21.280000686645508,21.280000686645508,4241620
2024-09-09 18:30:00,21.290000915527344,21.3799991607666,21.280000686645508,21.375,5620100
2024-09-09 19:30:00,21.374000549316406,21.600000381469727,21.3700008392334,21.489999771118164,16454253
2024-09-10 13:30:00,21.485000610351562,21.559999465942383,21.33060073852539,21.485000610351562,6824204
2024-09-10 14:30:00,21.479999542236328,21.860000610351562,21.469999313354492,21.834999084472656,9137681
2024-09-10 15:30:00,21.839799880981445,21.850000381469727,21.475000381469727,21.5049991607666,9421190
2024-09-10 16:30:00,21.510000228881836,21.68000030517578,21.5,21.665000915527344,4879079
2024-09-10 17:30:00,21.665000915527344,21.75,21.6200008392334,21.635000228881836,5293573
2024-09-10 18:30:00,21.635000228881836,21.739999771118164,21.610000610351562,21.739999771118164,6765324
2024-09-10 19:30:00,21.735000610351562,21.770000457763672,21.6200008392334,21.709999084472656,11009079
2024-09-11 13:30:00,21.614999771118164,21.614999771118164,21.270000457763672,21.315000534057617,6411738
2024-09-11 14:30:00,21.334999084472656,21.399999618530273,21.270000457763672,21.309999465942383,5211949
2024-09-11 15:30:00,21.30500030517578,21.354999542236328,21.280000686645508,21.28499984741211,2842758
2024-09-11 16:30:00,21.28499984741211,21.299999237060547,21.239999771118164,21.269699096679688,2596145
2024-09-11 17:30:00,21.270000457763672,21.309900283813477,21.260000228881836,21.274999618530273,3121277
2024-09-11 18:30:00,21.270000457763672,21.3700008392334,21.270000457763672,21.3700008392334,3275026
2024-09-11 19:30:00,21.364999771118164,21.479999542236328,21.31999969482422,21.43000030517578,6926126
2024-09-12 13:30:00,21.329999923706055,21.415000915527344,21.270000457763672,21.28499984741211,4376173
2024-09-12 14:30:00,21.28499984741211,21.299999237060547,21.170000076293945,21.298799514770508,4670320
2024-09-12 15:30:00,21.295000076293945,21.459999084472656,21.260000228881836,21.424999237060547,4755093
2024-09-12 16:30:00,21.424999237060547,21.469999313354492,21.420000076293945,21.454999923706055,2252745
2024-09-12 17:30:00,21.454999923706055,21.530000686645508,21.450000762939453,21.520000457763672,2533303
2024-09-12 18:30:00,21.514999389648438,21.56999969482422,21.5,21.56999969482422,2656922
2024-09-12 19:30:00,21.565000534057617,21.639999389648438,21.559999465942383,21.594999313354492,8344573
2024-09-13 13:30:00,21.56999969482422,21.665000915527344,21.434999465942383,21.643600463867188,4352127
2024-09-13 14:30:00,21.649999618530273,21.670000076293945,21.559999465942383,21.604999542236328,3529506
2024-09-13 15:30:00,21.604999542236328,21.670000076293945,21.600000381469727,21.610000610351562,3604977
2024-09-13 16:30:00,21.610000610351562,21.639999389648438,21.559999465942383,21.565000534057617,2612616
2024-09-13 17:30:00,21.565000534057617,21.6200008392334,21.559999465942383,21.559999465942383,3110121
2024-09-13 18:30:00,21.565000534057617,21.600000381469727,21.520000457763672,21.584999084472656,4297274
2024-09-13 19:30:00,21.581100463867188,21.649999618530273,21.575000762939453,21.6299991607666,5956370
2024-09-16 13:30:00,21.920000076293945,22.19499969482422,21.8799991607666,22.1299991607666,9946384
2024-09-16 14:30:00,22.1299991607666,22.149999618530273,22.045000076293945,22.094999313354492,5643141
2024-09-16 15:30:00,22.094999313354492,22.20599937438965,22.079999923706055,22.16990089416504,5851288
2024-09-16 16:30:00,22.170000076293945,22.260000228881836,22.1200008392334,22.2450008392334,6091143
2024-09-16 17:30:00,22.25,22.290000915527344,22.204999923706055,22.225000381469727,4581956
2024-09-16 18:30:00,22.229999542236328,22.31999969482422,22.219999313354492,22.315000534057617,7512495
2024-09-16 19:30:00,22.315000534057617,22.34000015258789,22.209999084472656,22.270000457763672,8517321
2024-09-17 13:30:00,22.06999969482422,22.100000381469727,21.860000610351562,22.024999618530273,5413626
2024-09-17 14:30:00,22.024999618530273,22.049999237060547,21.899999618530273,21.91069984436035,3987191
2024-09-17 15:30:00,21.90999984741211,21.959999084472656,21.860000610351562,21.934999465942383,3457395
2024-09-17 16:30:00,21.934999465942383,21.948400497436523,21.809999465942383,21.829999923706055,2468471
2024-09-17 17:30:00,21.836000442504883,21.84000015258789,21.770000457763672,21.825000762939453,2243802
2024-09-17 18:30:00,21.825000762939453,21.829999923706055,21.75,21.7549991607666,2778811
2024-09-17 19:30:00,21.7549991607666,21.798999786376953,21.709999084472656,21.790000915527344,4966301
2024-09-18 13:30:00,21.84000015258789,21.940000534057617,21.720600128173828,21.787399291992188,3162497
2024-09-18 14:30:00,21.780000686645508,21.864999771118164,21.760000228881836,21.829999923706055,2197411
2024-09-18 15:30:00,21.825000762939453,21.920000076293945,21.809999465942383,21.860000610351562,2116812
2024-09-18 16:30:00,21.854999542236328,21.899999618530273,21.81999969482422,21.867700576782227,2397120
2024-09-18 17:30:00,21.8700008392334,21.9950008392334,21.815000534057617,21.854999542236328,3796070
2024-09-18 18:30:00,21.854999542236328,21.8700008392334,21.700000762939453,21.78499984741211,4076281
2024-09-18 19:30:00,21.790000915527344,21.809999465942383,21.639999389648438,21.739999771118164,5842354
2024-09-19 13:30:00,21.649999618530273,21.700000762939453,21.18000030517578,21.388900756835938,9184891
2024-09-19 14:30:00,21.385000228881836,21.5,21.309999465942383,21.33989906311035,6206782
2024-09-19 15:30:00,21.334999084472656,21.399999618530273,21.299999237060547,21.375,2955899
2024-09-19 16:30:00,21.3799991607666,21.399999618530273,21.290000915527344,21.344999313354492,3064352
2024-09-19 17:30:00,21.344999313354492,21.360000610351562,21.280000686645508,21.334999084472656,4225774
2024-09-19 18:30:00,21.334999084472656,21.3799991607666,21.31999969482422,21.344999313354492,4674990
2024-09-19 19:30:00,21.344999313354492,21.375,21.290000915527344,21.354999542236328,5917824
2024-09-20 13:30:00,21.299999237060547,21.445199966430664,21.229999542236328,21.334999084472656,9825600
2024-09-20 14:30:00,21.334999084472656,21.56999969482422,21.329999923706055,21.524999618530273,6025686
2024-09-20 15:30:00,21.524999618530273,21.530000686645508,21.459999084472656,21.485000610351562,2725817
2024-09-20 16:30:00,21.485000610351562,21.559999465942383,21.479999542236328,21.549999237060547,2411949
2024-09-20 17:30:00,21.549999237060547,21.55500030517578,21.469999313354492,21.469999313354492,2400714
2024-09-20 18:30:00,21.469999313354492,21.5,21.43000030517578,21.44499969482422,3441321
2024-09-20 19:30:00,21.44499969482422,21.6200008392334,21.43000030517578,21.530000686645508,10046347
2024-09-23 13:30:00,21.540000915527344,21.594999313354492,21.3700008392334,21.475000381469727,4177162
2024-09-23 14:30:00,21.469999313354492,21.514999389648438,21.395000457763672,21.440000534057617,2438155
2024-09-23 15:30:00,21.440000534057617,21.459999084472656,21.360000610351562,21.43000030517578,2277084
2024-09-23 16:30:00,21.424299240112305,21.459999084472656,21.399999618530273,21.454999923706055,1835018
2024-09-23 17:30:00,21.451000213623047,21.489999771118164,21.440000534057617,21.475000381469727,1870010
2024-09-23 18:30:00,21.475000381469727,21.510000228881836,21.420000076293945,21.434999465942383,2870344
2024-09-23 19:30:00,21.440000534057617,21.5,21.420000076293945,21.479999542236328,2853382
2024-09-24 13:30:00,21.3799991607666,21.549999237060547,21.309999465942383,21.530000686645508,3828947
2024-09-24 14:30:00,21.53499984741211,21.65999984741211,21.510000228881836,21.579999923706055,4316139
2024-09-24 15:30:00,21.579999923706055,21.579999923706055,21.459999084472656,21.485000610351562,2635556
2024-09-24 16:30:00,21.485000610351562,21.540000915527344,21.469999313354492,21.514999389648438,1661413
2024-09-24 17:30:00,21.514999389648438,21.540000915527344,21.489999771118164,21.53499984741211,1481638
2024-09-24 18:30:00,21.53499984741211,21.56999969482422,21.530000686645508,21.565000534057617,1847680
2024-09-24 19:30:00,21.565000534057617,21.600000381469727,21.510000228881836,21.59000015258789,4440437
2024-09-25 13:30:00,21.6200008392334,21.739999771118164,21.579999923706055,21.684999465942383,7272087
2024-09-25 14:30:00,21.690000534057617,21.690000534057617,21.56999969482422,21.645000457763672,3110895
2024-09-25 15:30:00,21.639999389648438,21.670000076293945,21.610000610351562,21.61590003967285,2176766
2024-09-25 16:30:00,21.610000610351562,21.649999618530273,21.59000015258789,21.625,1956900
2024-09-25 17:30:00,21.625,21.670000076293945,21.6200008392334,21.639999389648438,1691053
2024-09-25 18:30:00,21.645000457763672,21.670000076293945,21.600000381469727,21.610000610351562,2834048
2024-09-25 19:30:00,21.614999771118164,21.6200008392334,21.520000457763672,21.549999237060547,3367221
2024-09-26 13:30:00,21.489999771118164,21.68000030517578,21.43000030517578,21.663576126098633,3692120
2024-09-26 14:30:00,21.670000076293945,21.760000228881836,21.610000610351562,21.665000915527344,2594912
2024-09-26 15:30:00,21.65999984741211,21.700000762939453,21.621599197387695,21.645000457763672,1490828
2024-09-26 16:30:00,21.649999618530273,21.719999313354492,21.639999389648438,21.704999923706055,1343555
2024-09-26 17:30:00,21.709999084472656,21.739999771118164,21.65999984741211,21.685400009155273,2365648
2024-09-26 18:30:00,21.683300018310547,21.709999084472656,21.610000610351562,21.649999618530273,2481054
2024-09-26 19:30:00,21.645000457763672,21.71500015258789,21.610000610351562,21.649999618530273,3763322
2024-09-27 13:30:00,21.719999313354492,21.799999237060547,21.6830997467041,21.774999618530273,2933333
2024-09-27 14:30:00,21.774999618530273,21.799999237060547,21.709999084472656,21.79010009765625,2174862
2024-09-27 15:30:00,21.791400909423828,21.920000076293945,21.790000915527344,21.905000686645508,2471872
2024-09-27 16:30:00,21.905000686645508,21.934999465942383,21.899999618530273,21.924999237060547,2028259
2024-09-27 17:30:00,21.924999237060547,21.93000030517578,21.852645874023438,21.885000228881836,1980890
2024-09-27 18:30:00,21.889999389648438,21.905500411987305,21.84000015258789,21.895000457763672,2295951
2024-09-27 19:30:00,21.889999389648438,21.90999984741211,21.8799991607666,21.889999389648438,3442671
2024-09-30 13:30:00,22.003000259399414,22.065000534057617,21.665000915527344,21.920000076293945,5998462
2024-09-30 14:30:00,21.915000915527344,21.950000762939453,21.825000762939453,21.836299896240234,1961542
2024-09-30 15:30:00,21.850000381469727,21.905000686645508,21.840099334716797,21.875,1938631
2024-09-30 16:30:00,21.871400833129883,21.876100540161133,21.829999923706055,21.84000015258789,1227068
2024-09-30 17:30:00,21.83300018310547,21.8799991607666,21.809999465942383,21.8799991607666,1408010
2024-09-30 18:30:00,21.875,21.959999084472656,21.850000381469727,21.94499969482422,2437342
2024-09-30 19:30:00,21.94499969482422,22.030000686645508,21.940000534057617,21.985000610351562,4892629
2024-10-01 13:30:00,21.93000030517578,21.969999313354492,21.834999084472656,21.93000030517578,4134273
2024-10-01 14:30:00,21.924999237060547,21.954999923706055,21.860000610351562,21.895000457763672,2124988
2024-10-01 15:30:00,21.899999618530273,22.0,21.8799991607666,21.996000289916992,2319555
2024-10-01 16:30:00,21.9950008392334,22.030000686645508,21.959999084472656,22.01959991455078,3167229
2024-10-01 17:30:00,22.014999389648438,22.100000381469727,21.969999313354492,22.075000762939453,4655341
2024-10-01 18:30:00,22.075000762939453,22.09000015258789,22.030000686645508,22.07200050354004,3523446
2024-10-01 19:30:00,22.075000762939453,22.149999618530273,22.06999969482422,22.139999389648438,7085072
2024-10-02 13:30:00,22.049999237060547,22.239999771118164,22.0,22.075000762939453,4835653
2024-10-02 14:30:00,22.07029914855957,22.200000762939453,22.07029914855957,22.15999984741211,3008034
2024-10-02 15:30:00,22.155000686645508,22.229999542236328,22.155000686645508,22.204999923706055,1843623
2024-10-02 16:30:00,22.204999923706055,22.209999084472656,22.155000686645508,22.174999237060547,1641494
2024-10-02 17:30:00,22.174999237060547,22.200000762939453,22.139999389648438,22.149999618530273,2106200
2024-10-02 18:30:00,22.145000457763672,22.170000076293945,22.139999389648438,22.15999984741211,1998740
2024-10-02 19:30:00,22.15999984741211,22.219999313354492,22.1299991607666,22.19499969482422,4642042
2024-10-03 13:30:00,22.1299991607666,22.225000381469727,22.09000015258789,22.1200008392334,9904783
2024-10-03 14:30:00,22.114999771118164,22.1200008392334,22.040000915527344,22.075000762939453,2239858
2024-10-03 15:30:00,22.075000762939453,22.1200008392334,22.040000915527344,22.094999313354492,1519373
2024-10-03 16:30:00,22.094999313354492,22.100000381469727,21.969999313354492,22.013500213623047,1834421
2024-10-03 17:30:00,22.010000228881836,22.059999465942383,22.010000228881836,22.059900283813477,1240566
2024-10-03 18:30:00,22.05500030517578,22.079999923706055,21.9950008392334,22.03499984741211,2272723
2024-10-03 19:30:00,22.040000915527344,22.06999969482422,22.0,22.045000076293945,2679776
2024-10-04 13:30:00,21.700000762939453,21.979999542236328,21.479999542236328,21.885000228881836,7273281
2024-10-04 14:30:00,21.885000228881836,21.924999237060547,21.8700008392334,21.885000228881836,2025981
2024-10-04 15:30:00,21.8799991607666,21.90999984741211,21.809999465942383,21.815900802612305,1768686
2024-10-04 16:30:00,21.809999465942383,21.8700008392334,21.799999237060547,21.854999542236328,2057197
2024-10-04 17:30:00,21.854999542236328,21.899999618530273,21.834999084472656,21.860000610351562,1527455
2024-10-04 18:30:00,21.864999771118164,21.940000534057617,21.864599227905273,21.920000076293945,1761807
2024-10-04 19:30:00,21.924999237060547,21.950000762939453,21.885000228881836,21.915000915527344,4507106
2024-10-07 13:30:00,21.90999984741211,21.90999984741211,21.75,21.78499984741211,3673757
2024-10-07 14:30:00,21.78499984741211,21.790000915527344,21.709999084472656,21.71660041809082,3102225
2024-10-07 15:30:00,21.71500015258789,21.760000228881836,21.690000534057617,21.71500015258789,2429737
2024-10-07 16:30:00,21.718000411987305,21.719999313354492,21.670000076293945,21.709999084472656,2045384
2024-10-07 17:30:00,21.704999923706055,21.735000610351562,21.690000534057617,21.71500015258789,1908502
2024-10-07 18:30:00,21.71500015258789,21.780000686645508,21.700000762939453,21.75,2250400
2024-10-07 19:30:00,21.7549991607666,21.78499984741211,21.729999542236328,21.780000686645508,3938177
2024-10-08 13:30:00,21.920000076293945,21.979999542236328,21.7450008392334,21.860000610351562,3079897
2024-10-08 14:30:00,21.854999542236328,21.8700008392334,21.799999237060547,21.799999237060547,1810676
2024-10-08 15:30:00,21.80500030517578,21.850000381469727,21.790000915527344,21.844999313354492,1616969
2024-10-08 16:30:00,21.844999313354492,21.860000610351562,21.719999313354492,21.735000610351562,2635376
2024-10-08 17:30:00,21.735000610351562,21.780000686645508,21.729999542236328,21.774999618530273,1578716
2024-10-08 18:30:00,21.774999618530273,21.899999618530273,21.770000457763672,21.889999389648438,2603842
2024-10-08 19:30:00,21.885000228881836,21.940000534057617,21.8700008392334,21.8700008392334,4941517
2024-10-09 13:30:00,21.8700008392334,21.934999465942383,21.790000915527344,21.819900512695312,3933196
2024-10-09 14:30:00,21.815000534057617,21.860000610351562,21.78499984741211,21.850000381469727,2275586
2024-10-09 15:30:00,21.850000381469727,21.979999542236328,21.84000015258789,21.929899215698242,2907441
2024-10-09 16:30:00,21.924999237060547,22.0,21.915000915527344,21.994400024414062,1787654
2024-10-09 17:30:00,21.989999771118164,22.0,21.8700008392334,21.885000228881836,1750460
2024-10-09 18:30:00,21.8799991607666,21.940000534057617,21.8799991607666,21.934999465942383,3588228
2024-10-09 19:30:00,21.934999465942383,21.959999084472656,21.889999389648438,21.934999465942383,4797678
2024-10-10 13:30:00,21.600000381469727,21.68000030517578,21.360000610351562,21.375,6201871
2024-10-10 14:30:00,21.3700008392334,21.3799991607666,21.229999542236328,21.344999313354492,4281421
2024-10-10 15:30:00,21.344999313354492,21.350000381469727,21.309999465942383,21.329999923706055,2513925
2024-10-10 16:30:00,21.329999923706055,21.34000015258789,21.25,21.28499984741211,2352267
2024-10-10 17:30:00,21.28499984741211,21.31999969482422,21.280000686645508,21.304399490356445,2090276
2024-10-10 18:30:00,21.30500030517578,21.309999465942383,21.270000457763672,21.280000686645508,1765950
2024-10-10 19:30:00,21.274999618530273,21.280000686645508,21.209999084472656,21.219999313354492,5330893
2024-10-11 13:30:00,21.299999237060547,21.44499969482422,21.290000915527344,21.354999542236328,3732668
2024-10-11 14:30:00,21.354999542236328,21.389999389648438,21.329999923706055,21.350000381469727,2074288
2024-10-11 15:30:00,21.34149932861328,21.360000610351562,21.221900939941406,21.264999389648438,3060081
2024-10-11 16:30:00,21.264999389648438,21.329999923706055,21.260000228881836,21.304399490356445,1871719
2024-10-11 17:30:00,21.30500030517578,21.3700008392334,21.290000915527344,21.364999771118164,1824507
2024-10-11 18:30:00,21.364999771118164,21.389999389648438,21.329999923706055,21.3700008392334,2216345
2024-10-11 19:30:00,21.375,21.43000030517578,21.354999542236328,21.377399444580078,5801231
2024-10-14 13:30:00,21.360000610351562,21.40999984741211,21.295000076293945,21.354999542236328,3449804
2024-10-14 14:30:00,21.354999542236328,21.389999389648438,21.31999969482422,21.344999313354492,2972360
2024-10-14 15:30:00,21.344999313354492,21.350000381469727,21.280000686645508,21.295000076293945,2454281
2024-10-14 16:30:00,21.295000076293945,21.34000015258789,21.290000915527344,21.329999923706055,1779551
2024-10-14 17:30:00,21.329999923706055,21.329999923706055,21.280000686645508,21.315000534057617,2707076
2024-10-14 18:30:00,21.315000534057617,21.399999618530273,21.309999465942383,21.364999771118164,5972583
2024-10-14 19:30:00,21.364999771118164,21.3700008392334,21.2549991607666,21.260000228881836,10098972
2024-10-15 13:30:00,21.389999389648438,21.479999542236328,21.229999542236328,21.475000381469727,6980532
2024-10-15 14:30:00,21.475000381469727,21.600000381469727,21.440000534057617,21.524999618530273,5859094
2024-10-15 15:30:00,21.524999618530273,21.610000610351562,21.520000457763672,21.55500030517578,3577653
2024-10-15 16:30:00,21.55500030517578,21.587499618530273,21.540000915527344,21.56999969482422,3292399
2024-10-15 17:30:00,21.565000534057617,21.600000381469727,21.489999771118164,21.5049991607666,2799088
2024-10-15 18:30:00,21.5049991607666,21.56999969482422,21.489999771118164,21.56599998474121,2852860
2024-10-15 19:30:00,21.560100555419922,21.59000015258789,21.5,21.530000686645508,6705476
2024-10-16 13:30:00,21.520000457763672,21.760000228881836,21.479999542236328,21.690000534057617,4207110
2024-10-16 14:30:00,21.69499969482422,21.709999084472656,21.56999969482422,21.573699951171875,2294448
2024-10-16 15:30:00,21.575000762939453,21.59000015258789,21.549999237060547,21.584999084472656,2034632
2024-10-16 16:30:00,21.584999084472656,21.645000457763672,21.579999923706055,21.625,1967298
2024-10-16 17:30:00,21.622100830078125,21.639999389648438,21.600000381469727,21.625,1972338
2024-10-16 18:30:00,21.6299991607666,21.646299362182617,21.600000381469727,21.635000228881836,2301973
2024-10-16 19:30:00,21.635000228881836,21.709999084472656,21.6299991607666,21.700000762939453,3790349
2024-10-17 13:30:00,21.559999465942383,21.739999771118164,21.530000686645508,21.739999771118164,3413006
2024-10-17 14:30:00,21.735000610351562,21.760000228881836,21.68000030517578,21.71500015258789,2762798
2024-10-17 15:30:00,21.71649932861328,21.729999542236328,21.690000534057617,21.725000381469727,1956392
2024-10-17 16:30:00,21.72010040283203,21.770000457763672,21.719999313354492,21.735000610351562,2292285
2024-10-17 17:30:00,21.739999771118164,21.770000457763672,21.68000030517578,21.702499389648438,1811346
2024-10-17 18:30:00,21.704999923706055,21.739999771118164,21.690000534057617,21.735000610351562,1735608
2024-10-17 19:30:00,21.735000610351562,21.760000228881836,21.729999542236328,21.729999542236328,4077144
2024-10-18 13:30:00,21.729999542236328,21.780000686645508,21.6299991607666,21.780000686645508,4556238
2024-10-18 14:30:00,21.780000686645508,21.989999771118164,21.774099349975586,21.985000610351562,5261582
2024-10-18 15:30:00,21.985000610351562,22.059999465942383,21.93000030517578,21.950000762939453,3984038
2024-10-18 16:30:00,21.94499969482422,21.94499969482422,21.81999969482422,21.825000762939453,2217828
2024-10-18 17:30:00,21.825000762939453,21.84000015258789,21.78499984741211,21.81999969482422,2015269
2024-10-18 18:30:00,21.81999969482422,21.829999923706055,21.780000686645508,21.795000076293945,1862480
2024-10-18 19:30:00,21.795000076293945,21.8700008392334,21.75,21.844999313354492,3586978
2024-10-21 13:30:00,21.8799991607666,21.969999313354492,21.760000228881836,21.773494720458984,5057922
2024-10-21 14:30:00,21.770000457763672,21.829999923706055,21.719999313354492,21.7450008392334,4168197
2024-10-21 15:30:00,21.7450008392334,21.8799991607666,21.729999542236328,21.774999618530273,2860791
2024-10-21 16:30:00,21.77359962463379,21.780000686645508,21.725000381469727,21.760000228881836,1717053
2024-10-21 17:30:00,21.7549991607666,21.760000228881836,21.649999618530273,21.649999618530273,2486367
2024-10-21 18:30:00,21.649999618530273,21.739999771118164,21.649999618530273,21.729999542236328,2348182
2024-10-21 19:30:00,21.725000381469727,21.729999542236328,21.649999618530273,21.674999237060547,4365437
2024-10-22 13:30:00,21.25,21.53499984741211,21.049999237060547,21.5049991607666,11444426
2024-10-22 14:30:00,21.5049991607666,21.594999313354492,21.40999984741211,21.584999084472656,4003058
2024-10-22 15:30:00,21.59000015258789,21.6200008392334,21.510000228881836,21.554100036621094,2576060
2024-10-22 16:30:00,21.559999465942383,21.567399978637695,21.489999771118164,21.506000518798828,4725534
2024-10-22 17:30:00,21.502944946289062,21.530000686645508,21.399999618530273,21.434999465942383,5141331
2024-10-22 18:30:00,21.434999465942383,21.479999542236328,21.420000076293945,21.45989990234375,4386032
2024-10-22 19:30:00,21.459999084472656,21.520000457763672,21.459999084472656,21.508800506591797,6923666
2024-10-23 13:30:00,21.239999771118164,22.09000015258789,21.049999237060547,21.96500015258789,12231891
2024-10-23 14:30:00,21.969999313354492,22.239999771118164,21.94499969482422,22.19499969482422,6729211
2024-10-23 15:30:00,22.19499969482422,22.469999313354492,22.190000534057617,22.44499969482422,8510139
2024-10-23 16:30:00,22.450000762939453,22.479999542236328,22.31999969482422,22.360000610351562,6823225
2024-10-23 17:30:00,22.354999542236328,22.389999389648438,22.260000228881836,22.350000381469727,4321149
2024-10-23 18:30:00,22.344999313354492,22.530000686645508,22.34000015258789,22.5,10574446
2024-10-23 19:30:00,22.508731842041016,22.579999923706055,22.34000015258789,22.5,15626588
2024-10-24 13:30:00,22.399999618530273,22.479999542236328,22.079999923706055,22.239999771118164,6337367
2024-10-24 14:30:00,22.239999771118164,22.239999771118164,22.059999465942383,22.1299991607666,4049051
2024-10-24 15:30:00,22.125,22.184999465942383,22.09000015258789,22.109699249267578,3551265
2024-10-24 16:30:00,22.104999542236328,22.200000762939453,22.079999923706055,22.200000762939453,2246467
2024-10-24 17:30:00,22.19499969482422,22.200000762939453,22.06999969482422,22.084999084472656,3362397
2024-10-24 18:30:00,22.08009910583496,22.229999542236328,22.06999969482422,22.190000534057617,5339035
2024-10-24 19:30:00,22.19499969482422,22.219900131225586,22.139999389648438,22.184999465942383,6191662
2024-10-25 13:30:00,22.299999237060547,22.40999984741211,22.170000076293945,22.204999923706055,5414623
2024-10-25 14:30:00,22.209999084472656,22.239999771118164,22.114999771118164,22.128400802612305,2890424
2024-10-25 15:30:00,22.125,22.139999389648438,22.075000762939453,22.094999313354492,1996561
2024-10-25 16:30:00,22.094999313354492,22.100000381469727,21.989999771118164,21.9950008392334,2099656
2024-10-25 17:30:00,21.9950008392334,21.999900817871094,21.899999618530273,21.913209915161133,2407614
2024-10-25 18:30:00,21.915000915527344,21.920000076293945,21.84000015258789,21.875,2801195
2024-10-25 19:30:00,21.875,21.889999389648438,21.809999465942383,21.829999923706055,4458785
2024-10-28 13:30:00,21.920000076293945,22.06999969482422,21.820199966430664,21.989999771118164,4105457
2024-10-28 14:30:00,21.989999771118164,22.06999969482422,21.979999542236328,22.014999389648438,2592147
2024-10-28 15:30:00,22.014999389648438,22.059999465942383,21.989999771118164,22.049999237060547,2431891
2024-10-28 16:30:00,22.049999237060547,22.09000015258789,22.024999618530273,22.084999084472656,1760977
2024-10-28 17:30:00,22.084999084472656,22.125,22.06999969482422,22.104299545288086,2466571
2024-10-28 18:30:00,22.104999542236328,22.139999389648438,22.06999969482422,22.06999969482422,3272134
2024-10-28 19:30:00,22.075000762939453,22.149999618530273,22.06999969482422,22.1299991607666,5966150
2024-10-29 13:30:00,21.989999771118164,22.200000762939453,21.920000076293945,22.184999465942383,4699857
2024-10-29 14:30:00,22.190000534057617,22.34000015258789,22.170000076293945,22.321500778198242,4499493
2024-10-29 15:30:00,22.32884979248047,22.360000610351562,22.260000228881836,22.264999389648438,2827137
2024-10-29 16:30:00,22.264999389648438,22.309999465942383,22.25,22.2898006439209,2683784
2024-10-29 17:30:00,22.28499984741211,22.299999237060547,22.260000228881836,22.274999618530273,2732805
2024-10-29 18:30:00,22.270000457763672,22.290000915527344,22.209999084472656,22.225000381469727,2923724
2024-10-29 19:30:00,22.229999542236328,22.229999542236328,22.170000076293945,22.18000030517578,5572215
2024-10-30 13:30:00,22.1299991607666,22.2549991607666,22.03499984741211,22.03499984741211,4899545
2024-10-30 14:30:00,22.03499984741211,22.040000915527344,21.920000076293945,21.92449951171875,3803144
2024-10-30 15:30:00,21.924999237060547,22.049999237060547,21.899999618530273,22.040000915527344,2487560
2024-10-30 16:30:00,22.045000076293945,22.049999237060547,21.950000762939453,21.985000610351562,2337936
2024-10-30 17:30:00,21.985000610351562,21.999900817871094,21.93000030517578,21.973899841308594,3394584
2024-10-30 18:30:00,21.975000381469727,22.040000915527344,21.959999084472656,21.985000610351562,3266991
2024-10-30 19:30:00,21.985000610351562,22.059999465942383,21.979999542236328,22.014999389648438,6072886
2024-10-31 13:30:00,22.059999465942383,22.309999465942383,22.030000686645508,22.254100799560547,6002751
2024-10-31 14:30:00,22.2549991607666,22.3799991607666,22.2549991607666,22.264999389648438,7053363
2024-10-31 15:30:00,22.266599655151367,22.354999542236328,22.260000228881836,22.31999969482422,5618778
2024-10-31 16:30:00,22.31999969482422,22.440000534057617,22.31999969482422,22.38990020751953,3907486
2024-10-31 17:30:00,22.385000228881836,22.540000915527344,22.385000228881836,22.530000686645508,7510751
2024-10-31 18:30:00,22.524999618530273,22.530000686645508,22.479999542236328,22.5049991607666,4681938
2024-10-31 19:30:00,22.5049991607666,22.594999313354492,22.459999084472656,22.520000457763672,12118744
2024-11-01 13:30:00,22.530000686645508,22.729999542236328,22.34000015258789,22.469499588012695,9128329
2024-11-01 14:30:00,22.46500015258789,22.5,22.3700008392334,22.44499969482422,3827097
2024-11-01 15:30:00,22.44499969482422,22.489999771118164,22.3700008392334,22.389999389648438,2893564
2024-11-01 16:30:00,22.385000228881836,22.440000534057617,22.3799991607666,22.424999237060547,2632342
2024-11-01 17:30:00,22.42169952392578,22.43000030517578,22.329999923706055,22.344999313354492,3515915
2024-11-01 18:30:00,22.34000015258789,22.360000610351562,22.200000762939453,22.204099655151367,3729865
2024-11-01 19:30:00,22.204999923706055,22.219999313354492,22.06999969482422,22.1200008392334,5794592
2024-11-04 14:30:00,22.139999389648438,22.25,22.04010009765625,22.049999237060547,3422128
2024-11-04 15:30:00,22.049999237060547,22.06999969482422,21.8799991607666,21.8799991607666,3295793
2024-11-04 16:30:00,21.8799991607666,21.889999389648438,21.790000915527344,21.844999313354492,2658614
2024-11-04 17:30:00,21.844999313354492,21.93000030517578,21.84000015258789,21.905000686645508,1808702
2024-11-04 18:30:00,21.905000686645508,21.90999984741211,21.850000381469727,21.860000610351562,1764350
2024-11-04 19:30:00,21.854999542236328,21.889999389648438,21.829999923706055,21.860000610351562,2217926
2024-11-04 20:30:00,21.854999542236328,21.93000030517578,21.850000381469727,21.920000076293945,3974449
2024-11-05 14:30:00,21.899999618530273,22.114999771118164,21.831300735473633,22.100000381469727,2582199
2024-11-05 15:30:00,22.100000381469727,22.170000076293945,22.06999969482422,22.06999969482422,2050883
2024-11-05 16:30:00,22.075000762939453,22.100000381469727,22.040000915527344,22.059999465942383,1969601
2024-11-05 17:30:00,22.065000534057617,22.09000015258789,22.030000686645508,22.065000534057617,1458094
2024-11-05 18:30:00,22.065000534057617,22.100000381469727,22.030000686645508,22.044099807739258,1820463
2024-11-05 19:30:00,22.045000076293945,22.05500030517578,22.0,22.040000915527344,1656438
2024-11-05 20:30:00,22.040000915527344,22.079999923706055,22.03420066833496,22.059999465942383,3171281
2024-11-06 14:30:00,22.110000610351562,22.329999923706055,21.969999313354492,22.229999542236328,8266345
2024-11-06 15:30:00,22.225299835205078,22.260000228881836,22.1299991607666,22.190000534057617,3209149
2024-11-06 16:30:00,22.200000762939453,22.299999237060547,22.190000534057617,22.26849937438965,1955243
2024-11-06 17:30:00,22.2637996673584,22.299999237060547,22.239999771118164,22.2450008392334,1632502
2024-11-06 18:30:00,22.2450008392334,22.389999389648438,22.239999771118164,22.334999084472656,4178272
2024-11-06 19:30:00,22.329999923706055,22.360000610351562,22.299999237060547,22.334999084472656,3174663
2024-11-06 20:30:00,22.334999084472656,22.389999389648438,22.299999237060547,22.315000534057617,4761488
2024-11-07 14:30:00,22.389999389648438,22.389999389648438,21.959999084472656,22.133800506591797,5801237
2024-11-07 15:30:00,22.135000228881836,22.175199508666992,22.07029914855957,22.094999313354492,3152385
2024-11-07 16:30:00,22.100000381469727,22.190000534057617,22.06999969482422,22.174999237060547,2148875
2024-11-07 17:30:00,22.171100616455078,22.219999313354492,22.150100708007812,22.15999984741211,1695493
2024-11-07 18:30:00,22.165000915527344,22.200000762939453,22.1200008392334,22.149999618530273,2208292
2024-11-07 19:30:00,22.149999618530273,22.170000076293945,22.100000381469727,22.149900436401367,2457226
2024-11-07 20:30:00,22.145000457763672,22.18000030517578,22.040000915527344,22.040000915527344,5247604
2024-11-08 14:30:00,22.049999237060547,22.40999984741211,22.049999237060547,22.385799407958984,5659152
2024-11-08 15:30:00,22.385000228881836,22.399999618530273,22.329999923706055,22.334999084472656,2212859
2024-11-08 16:30:00,22.334999084472656,22.350000381469727,22.239999771118164,22.2549991607666,2217737
2024-11-08 17:30:00,22.2549991607666,22.329999923706055,22.25,22.315000534057617,2182602
2024-11-08 18:30:00,22.309999465942383,22.360000610351562,22.290000915527344,22.353599548339844,2199538
2024-11-08 19:30:00,22.350000381469727,22.43000030517578,22.350000381469727,22.385000228881836,2749167
2024-11-08 20:30:00,22.389999389648438,22.389999389648438,22.344999313354492,22.3700008392334,6056371
2024-11-11 14:30:00,22.280000686645508,22.459999084472656,22.25,22.297500610351562,4019751
2024-11-11 15:30:00,22.295000076293945,22.375,22.2450008392334,22.3700008392334,2034996
2024-11-11 16:30:00,22.354999542236328,22.469999313354492,22.350000381469727,22.469999313354492,2717089
2024-11-11 17:30:00,22.46500015258789,22.479999542236328,22.420000076293945,22.44499969482422,1569787
2024-11-11 18:30:00,22.440000534057617,22.459999084472656,22.405000686645508,22.40999984741211,1803077
2024-11-11 19:30:00,22.40999984741211,22.43000030517578,22.360000610351562,22.375,2070555
2024-11-11 20:30:00,22.375,22.3799991607666,22.290000915527344,22.309999465942383,4679605
2024-11-12 14:30:00,22.209999084472656,22.290000915527344,21.84000015258789,21.9197998046875,9529486
2024-11-12 15:30:00,21.915000915527344,21.950000762939453,21.8799991607666,21.932199478149414,2446359
2024-11-12 16:30:00,21.920000076293945,21.940000534057617,21.844999313354492,21.8700008392334,2320915
2024-11-12 17:30:00,21.864999771118164,21.93000030517578,21.790000915527344,21.924999237060547,2959513
2024-11-12 18:30:00,21.93000030517578,22.15999984741211,21.920000076293945,22.135000228881836,3797586
2024-11-12 19:30:00,22.139999389648438,22.239999771118164,22.1299991607666,22.239999771118164,3970673
2024-11-12 20:30:00,22.235000610351562,22.239999771118164,22.149999618530273,22.149999618530273,5862118
2024-11-13 14:30:00,22.170000076293945,22.329999923706055,22.170000076293945,22.287900924682617,3960412
2024-11-13 15:30:00,22.280000686645508,22.389999389648438,22.170000076293945,22.184999465942383,3295308
2024-11-13 16:30:00,22.190000534057617,22.190000534057617,22.100000381469727,22.135000228881836,2842970
2024-11-13 17:30:00,22.1299991607666,22.18000030517578,22.059999465942383,22.065000534057617,1683394
2024-11-13 18:30:00,22.065000534057617,22.1200008392334,22.059999465942383,22.118999481201172,1925248
2024-11-13 19:30:00,22.114999771118164,22.209999084472656,22.079999923706055,22.204999923706055,3090934
2024-11-13 20:30:00,22.204999923706055,22.350000381469727,22.200000762939453,22.309999465942383,6603597
2024-11-14 14:30:00,22.299999237060547,22.459999084472656,22.270000457763672,22.33989906311035,3732375
2024-11-14 15:30:00,22.332700729370117,22.389999389648438,22.325000762939453,22.385000228881836,2235752
2024-11-14 16:30:00,22.385000228881836,22.40999984741211,22.270000457763672,22.270000457763672,1738489
2024-11-14 17:30:00,22.27280044555664,22.329999923706055,22.25,22.299999237060547,1785633
2024-11-14 18:30:00,22.295000076293945,22.329999923706055,22.260000228881836,22.315000534057617,1752569
2024-11-14 19:30:00,22.31410026550293,22.325000762939453,22.25,22.28499984741211,2051623
2024-11-14 20:30:00,22.290000915527344,22.290000915527344,22.219999313354492,22.239999771118164,3604224
2024-11-15 14:30:00,22.239999771118164,22.3700008392334,22.19499969482422,22.334999084472656,5704319
2024-11-15 15:30:00,22.334999084472656,22.56999969482422,22.31999969482422,22.53499984741211,4060916
2024-11-15 16:30:00,22.53499984741211,22.579999923706055,22.47100067138672,22.54990005493164,3325638
2024-11-15 17:30:00,22.540000915527344,22.68000030517578,22.524999618530273,22.655000686645508,4083783
2024-11-15 18:30:00,22.65999984741211,22.68000030517578,22.6200008392334,22.670000076293945,3661634
2024-11-15 19:30:00,22.665000915527344,22.700000762939453,22.635000228881836,22.65999984741211,3309355
2024-11-15 20:30:00,22.65999984741211,22.75,22.65999984741211,22.68000030517578,5986315
2024-11-18 14:30:00,22.78499984741211,23.200000762939453,22.780000686645508,22.934999465942383,8064759
2024-11-18 15:30:00,22.933799743652344,23.1299991607666,22.920000076293945,23.114999771118164,3291130
2024-11-18 16:30:00,23.115800857543945,23.1200008392334,22.944299697875977,22.985000610351562,2380229
2024-11-18 17:30:00,22.985000610351562,23.030000686645508,22.979999542236328,23.02589988708496,2018731
2024-11-18 18:30:00,23.030000686645508,23.040000915527344,22.959999084472656,23.0049991607666,2630481
2024-11-18 19:30:00,23.0,23.020000457763672,22.940000534057617,22.94499969482422,2464733
2024-11-18 20:30:00,22.940000534057617,23.010000228881836,22.940000534057617,23.0049991607666,4292511
2024-11-19 14:30:00,22.8799991607666,22.920000076293945,22.68000030517578,22.780000686645508,3928583
2024-11-19 15:30:00,22.774999618530273,22.8700008392334,22.770000457763672,22.864999771118164,2375476
2024-11-19 16:30:00,22.864999771118164,22.8700008392334,22.729999542236328,22.774999618530273,2469339
2024-11-19 17:30:00,22.774999618530273,22.790000915527344,22.729999542236328,22.7450008392334,1555823
2024-11-19 18:30:00,22.7450008392334,22.790000915527344,22.739999771118164,22.780000686645508,1855995
2024-11-19 19:30:00,22.772899627685547,22.780000686645508,22.739999771118164,22.7549991607666,2543895
2024-11-19 20:30:00,22.7549991607666,22.774999618530273,22.709999084472656,22.729999542236328,3974739
2024-11-20 14:30:00,22.799999237060547,22.899999618530273,22.735000610351562,22.854999542236328,2717187
2024-11-20 15:30:00,22.857999801635742,22.899999618530273,22.799999237060547,22.895000457763672,1598236
2024-11-20 16:30:00,22.895000457763672,22.899999618530273,22.770000457763672,22.78499984741211,1549221
2024-11-20 17:30:00,22.78499984741211,22.829999923706055,22.75,22.7549991607666,1209002
2024-11-20 18:30:00,22.758100509643555,22.799999237060547,22.739999771118164,22.797100067138672,1120307
2024-11-20 19:30:00,22.799999237060547,22.81999969482422,22.770000457763672,22.809999465942383,1787828
2024-11-20 20:30:00,22.80500030517578,22.895000457763672,22.80500030517578,22.829999923706055,3905088
2024-11-21 14:30:00,22.799999237060547,22.90999984741211,22.729999542236328,22.885000228881836,3430041
2024-11-21 15:30:00,22.885000228881836,23.040000915527344,22.88010025024414,22.979999542236328,3251189
2024-11-21 16:30:00,22.985000610351562,23.049999237060547,22.979999542236328,23.03499984741211,1853103
2024-11-21 17:30:00,23.03499984741211,23.040000915527344,22.979999542236328,22.98215675354004,1386371
2024-11-21 18:30:00,22.985000610351562,23.030000686645508,22.899999618530273,23.0049991607666,1804925
2024-11-21 19:30:00,23.0049991607666,23.149999618530273,23.0049991607666,23.049999237060547,3455033
2024-11-21 20:30:00,23.05470085144043,23.05500030517578,22.959999084472656,22.985000610351562,3320657
2024-11-22 14:30:00,23.049999237060547,23.264999389648438,22.934999465942383,23.200000762939453,5787156
2024-11-22 15:30:00,23.19499969482422,23.229999542236328,23.1299991607666,23.185100555419922,2600448
2024-11-22 16:30:00,23.184999465942383,23.290000915527344,23.18000030517578,23.274999618530273,2059175
2024-11-22 17:30:00,23.274999618530273,23.290000915527344,23.219999313354492,23.229999542236328,1980908
2024-11-22 18:30:00,23.237499237060547,23.239999771118164,23.139999389648438,23.219999313354492,6600594
2024-11-22 19:30:00,23.21500015258789,23.239999771118164,23.15999984741211,23.170000076293945,2875429
2024-11-22 20:30:00,23.174999237060547,23.190000534057617,23.139999389648438,23.170000076293945,5803977
2024-11-25 14:30:00,23.149999618530273,23.31999969482422,23.030000686645508,23.114999771118164,5912448
2024-11-25 15:30:00,23.110000610351562,23.110000610351562,22.969999313354492,23.0049991607666,3362272
2024-11-25 16:30:00,23.0049991607666,23.09000015258789,22.950000762939453,23.079999923706055,2782836
2024-11-25 17:30:00,23.09000015258789,23.139999389648438,23.06999969482422,23.104999542236328,2095739
2024-11-25 18:30:00,23.100000381469727,23.190000534057617,23.06999969482422,23.070199966430664,3766526
2024-11-25 19:30:00,23.075000762939453,23.149999618530273,23.040000915527344,23.135000228881836,3360758
2024-11-25 20:30:00,23.135000228881836,23.170000076293945,23.094999313354492,23.110000610351562,6163782
2024-11-26 14:30:00,22.940000534057617,23.100000381469727,22.8700008392334,22.959999084472656,4779659
2024-11-26 15:30:00,22.959999084472656,23.040000915527344,22.885000228881836,23.024999618530273,2871875
2024-11-26 16:30:00,23.030000686645508,23.059999465942383,22.969999313354492,22.975000381469727,1824254
2024-11-26 17:30:00,22.969999313354492,23.06999969482422,22.969999313354492,23.0049991607666,2555051
2024-11-26 18:30:00,23.0049991607666,23.079999923706055,22.979999542236328,23.06999969482422,2141989
2024-11-26 19:30:00,23.075000762939453,23.100000381469727,23.040000915527344,23.065000534057617,2587221
2024-11-26 20:30:00,23.0674991607666,23.110000610351562,23.030000686645508,23.09000015258789,5319243
2024-11-27 14:30:00,23.200000762939453,23.270000457763672,23.010000228881836,23.03569984436035,4831023
2024-11-27 15:30:00,23.03499984741211,23.219999313354492,23.030000686645508,23.19499969482422,3407701
2024-11-27 16:30:00,23.19499969482422,23.329999923706055,23.190000534057617,23.310100555419922,4230232
2024-11-27 17:30:00,23.315000534057617,23.3799991607666,23.30500030517578,23.325000762939453,3376825
2024-11-27 18:30:00,23.325000762939453,23.360000610351562,23.270000457763672,23.30500030517578,3193048
2024-11-27 19:30:00,23.304399490356445,23.309999465942383,23.219999313354492,23.274999618530273,3023578
2024-11-27 20:30:00,23.274999618530273,23.299999237060547,23.239999771118164,23.270000457763672,5189930
2024-11-29 14:30:00,23.270000457763672,23.30500030517578,23.040000915527344,23.040000915527344,3742120
2024-11-29 15:30:00,23.045000076293945,23.190000534057617,23.010000228881836,23.139999389648438,2993428
2024-11-29 16:30:00,23.139999389648438,23.184999465942383,23.110000610351562,23.145000457763672,2682156
2024-12-02 14:30:00,23.149999618530273,23.15999984741211,22.709999084472656,22.864999771118164,9665407
2024-12-02 15:30:00,22.864999771118164,22.899999618530273,22.75,22.895000457763672,3900804
2024-12-02 16:30:00,22.895000457763672,22.93000030517578,22.829999923706055,22.844999313354492,3162905
2024-12-02 17:30:00,22.844999313354492,22.8799991607666,22.799999237060547,22.850000381469727,3228719
2024-12-02 18:30:00,22.850000381469727,22.856700897216797,22.709999084472656,22.735000610351562,2582628
2024-12-02 19:30:00,22.735000610351562,22.790000915527344,22.700000762939453,22.729999542236328,3530098
2024-12-02 20:30:00,22.735000610351562,22.760000228881836,22.639999389648438,22.690000534057617,6214051
2024-12-03 14:30:00,23.40999984741211,24.030000686645508,23.3799991607666,23.665000915527344,21970216
2024-12-03 15:30:00,23.665000915527344,23.700000762939453,23.549999237060547,23.624799728393555,5634343
2024-12-03 16:30:00,23.6200008392334,23.709999084472656,23.55500030517578,23.655000686645508,4417616
2024-12-03 17:30:00,23.655000686645508,23.690000534057617,23.43000030517578,23.44499969482422,3875474
2024-12-03 18:30:00,23.44499969482422,23.540000915527344,23.395000457763672,23.520000457763672,3991734
2024-12-03 19:30:00,23.514999389648438,23.579999923706055,23.5,23.56999969482422,4438607
2024-12-03 20:30:00,23.56999969482422,23.770000457763672,23.549999237060547,23.75,10219097
2024-12-04 14:30:00,23.545000076293945,23.825000762939453,23.530000686645508,23.65999984741211,8986277
2024-12-04 15:30:00,23.665000915527344,23.69499969482422,23.440000534057617,23.559999465942383,5124408
2024-12-04 16:30:00,23.549999237060547,23.56999969482422,23.3700008392334,23.3799991607666,3636738
2024-12-04 17:30:00,23.375,23.5,23.3700008392334,23.405000686645508,2996259
2024-12-04 18:30:00,23.400299072265625,23.540000915527344,23.3700008392334,23.524999618530273,3067351
2024-12-04 19:30:00,23.524999618530273,23.59000015258789,23.510000228881836,23.545000076293945,3740601
2024-12-04 20:30:00,23.545000076293945,23.600000381469727,23.4950008392334,23.545000076293945,4719634
2024-12-05 14:30:00,23.604999542236328,23.889999389648438,23.579999923706055,23.7450008392334,6009610
2024-12-05 15:30:00,23.7450008392334,23.850000381469727,23.690000534057617,23.815000534057617,3405960
2024-12-05 16:30:00,23.81999969482422,23.889999389648438,23.799999237060547,23.877899169921875,3190385
2024-12-05 17:30:00,23.875,23.889999389648438,23.809999465942383,23.825000762939453,1847347
2024-12-05 18:30:00,23.825000762939453,23.889999389648438,23.80500030517578,23.864999771118164,1864009
2024-12-05 19:30:00,23.864999771118164,23.889999389648438,23.84000015258789,23.864999771118164,2853437
2024-12-05 20:30:00,23.864999771118164,23.8799991607666,23.790000915527344,23.81999969482422,5117064
2024-12-06 14:30:00,23.825000762939453,23.8700008392334,23.559999465942383,23.6299991607666,4261734
2024-12-06 15:30:00,23.635000228881836,23.81999969482422,23.600000381469727,23.80500030517578,2121106
2024-12-06 16:30:00,23.80500030517578,23.84000015258789,23.692800521850586,23.764999389648438,3897960
2024-12-06 17:30:00,23.764999389648438,23.809999465942383,23.729999542236328,23.764999389648438,2468049
2024-12-06 18:30:00,23.764999389648438,23.809999465942383,23.739999771118164,23.809999465942383,2534341
2024-12-06 19:30:00,23.804100036621094,23.889999389648438,23.790000915527344,23.885000228881836,3537273
2024-12-06 20:30:00,23.8799991607666,23.899999618530273,23.84000015258789,23.8700008392334,5351924
2024-12-09 14:30:00,23.899999618530273,23.989999771118164,23.479999542236328,23.683399200439453,5275358
2024-12-09 15:30:00,23.684999465942383,23.799999237060547,23.635000228881836,23.799999237060547,3145858
2024-12-09 16:30:00,23.799999237060547,23.829999923706055,23.739999771118164,23.817100524902344,2603713
2024-12-09 17:30:00,23.815000534057617,23.889999389648438,23.68000030517578,23.69700050354004,5151084
2024-12-09 18:30:00,23.690000534057617,23.709999084472656,23.584999084472656,23.606700897216797,2737519
2024-12-09 19:30:00,23.610000610351562,23.639999389648438,23.469999313354492,23.489999771118164,3956644
2024-12-09 20:30:00,23.4950008392334,23.508800506591797,23.34000015258789,23.375,7438426
2024-12-10 14:30:00,23.40999984741211,23.440000534057617,23.110000610351562,23.364999771118164,6036481
2024-12-10 15:30:00,23.364999771118164,23.440000534057617,23.290000915527344,23.354999542236328,3447139
2024-12-10 16:30:00,23.354999542236328,23.489999771118164,23.350000381469727,23.454999923706055,2711433
2024-12-10 17:30:00,23.450000762939453,23.469999313354492,23.3799991607666,23.415000915527344,1996562
2024-12-10 18:30:00,23.412399291992188,23.489999771118164,23.3799991607666,23.479999542236328,2507897
2024-12-10 19:30:00,23.469999313354492,23.649999618530273,23.469999313354492,23.5846004486084,3695064
2024-12-10 20:30:00,23.584999084472656,23.65999984741211,23.489999771118164,23.520000457763672,5072482
2024-12-11 14:30:00,23.43000030517578,23.539899826049805,23.139999389648438,23.3799991607666,4951989
2024-12-11 15:30:00,23.3799991607666,23.479999542236328,23.329999923706055,23.439899444580078,2891484
2024-12-11 16:30:00,23.434999465942383,23.450000762939453,23.3700008392334,23.385000228881836,2046278
2024-12-11 17:30:00,23.385000228881836,23.40999984741211,23.350000381469727,23.395000457763672,2159293
2024-12-11 18:30:00,23.395000457763672,23.440000534057617,23.360000610351562,23.395000457763672,2194456
2024-12-11 19:30:00,23.391799926757812,23.420000076293945,23.350000381469727,23.399999618530273,3887474
2024-12-11 20:30:00,23.405000686645508,23.510000228881836,23.399999618530273,23.479999542236328,5890017
2024-12-12 14:30:00,23.579999923706055,23.739999771118164,23.459999084472656,23.49489974975586,3847575
2024-12-12 15:30:00,23.489999771118164,23.520000457763672,23.450000762939453,23.5049991607666,1437175
2024-12-12 16:30:00,23.5,23.540000915527344,23.469999313354492,23.48189926147461,1969540
2024-12-12 17:30:00,23.485000610351562,23.510000228881836,23.459999084472656,23.463499069213867,2059702
2024-12-12 18:30:00,23.465299606323242,23.469999313354492,23.3799991607666,23.401100158691406,1990556
2024-12-12 19:30:00,23.405000686645508,23.459999084472656,23.3799991607666,23.454999923706055,2218886
2024-12-12 20:30:00,23.454999923706055,23.479999542236328,23.360000610351562,23.360000610351562,4125921
2024-12-13 14:30:00,23.3700008392334,23.440000534057617,23.260000228881836,23.325000762939453,4209661
2024-12-13 15:30:00,23.325000762939453,23.579999923706055,23.280000686645508,23.530000686645508,5408934
2024-12-13 16:30:00,23.53499984741211,23.549999237060547,23.434999465942383,23.524999618530273,2794653
2024-12-13 17:30:00,23.524999618530273,23.635000228881836,23.510000228881836,23.602699279785156,3780516
2024-12-13 18:30:00,23.600000381469727,23.6299991607666,23.469999313354492,23.485000610351562,4763101
2024-12-13 19:30:00,23.485000610351562,23.530000686645508,23.440000534057617,23.510000228881836,2639924
2024-12-13 20:30:00,23.505599975585938,23.670000076293945,23.5,23.6200008392334,5325752
2024-12-16 14:30:00,23.709999084472656,23.809999465942383,22.93000030517578,23.0669002532959,10025333
2024-12-16 15:30:00,23.065000534057617,23.204999923706055,23.030000686645508,23.040000915527344,3704920
2024-12-16 16:30:00,23.045000076293945,23.049999237060547,22.959999084472656,22.975000381469727,3992470
2024-12-16 17:30:00,22.979900360107422,22.979999542236328,22.610000610351562,22.719999313354492,7742822
2024-12-16 18:30:00,22.725000381469727,22.860000610351562,22.674999237060547,22.69499969482422,4738179
2024-12-16 19:30:00,22.69499969482422,22.850000381469727,22.670000076293945,22.844999313354492,4287857
2024-12-16 20:30:00,22.844999313354492,22.860000610351562,22.760000228881836,22.850000381469727,7565318
2024-12-17 14:30:00,22.799999237060547,22.899999618530273,22.67169952392578,22.834999084472656,6998813
2024-12-17 15:30:00,22.834999084472656,22.979999542236328,22.770000457763672,22.92009925842285,4717270
2024-12-17 16:30:00,22.924999237060547,22.93000030517578,22.709999084472656,22.71500015258789,3967884
2024-12-17 17:30:00,22.71500015258789,22.809999465942383,22.690000534057617,22.760000228881836,3458778
2024-12-17 18:30:00,22.760000228881836,22.899999618530273,22.75,22.854999542236328,4074696
2024-12-17 19:30:00,22.853099822998047,22.8799991607666,22.790000915527344,22.8799991607666,3857747
2024-12-17 20:30:00,22.875,22.93000030517578,22.829999923706055,22.829999923706055,5995190
2024-12-18 14:30:00,22.802000045776367,22.985000610351562,22.640100479125977,22.640100479125977,4472957
2024-12-18 15:30:00,22.645000457763672,22.770000457763672,22.6200008392334,22.7450008392334,3819203
2024-12-18 16:30:00,22.7450008392334,22.86870002746582,22.684999465942383,22.693500518798828,3432075
2024-12-18 17:30:00,22.69499969482422,22.729999542236328,22.649999618530273,22.684999465942383,2064546
2024-12-18 18:30:00,22.684999465942383,22.709999084472656,22.56999969482422,22.584999084472656,3389291
2024-12-18 19:30:00,22.59000015258789,22.75,22.520000457763672,22.7450008392334,5571220
2024-12-18 20:30:00,22.7450008392334,22.780000686645508,22.459999084472656,22.475000381469727,7822287
2024-12-19 14:30:00,22.5049991607666,22.670000076293945,22.40999984741211,22.584999084472656,7093146
2024-12-19 15:30:00,22.584999084472656,22.639999389648438,22.524999618530273,22.545000076293945,4742929
2024-12-19 16:30:00,22.545000076293945,22.6200008392334,22.520000457763672,22.55500030517578,3880971
2024-12-19 17:30:00,22.55500030517578,22.68000030517578,22.530000686645508,22.600000381469727,4148909
2024-12-19 18:30:00,22.604999542236328,22.6299991607666,22.549999237060547,22.56329917907715,3147008
2024-12-19 19:30:00,22.565000534057617,22.670000076293945,22.540000915527344,22.614999771118164,5178430
2024-12-19 20:30:00,22.6200008392334,22.68000030517578,22.559999465942383,22.56999969482422,7749537
2024-12-20 14:30:00,22.59000015258789,22.739999771118164,22.520000457763672,22.71500015258789,8223093
2024-12-20 15:30:00,22.71500015258789,22.729999542236328,22.59000015258789,22.684999465942383,2143928
2024-12-20 16:30:00,22.684200286865234,22.75,22.670000076293945,22.735000610351562,3176605
2024-12-20 17:30:00,22.735000610351562,22.739999771118164,22.649999618530273,22.670000076293945,2967356
2024-12-20 18:30:00,22.667499542236328,22.670000076293945,22.56999969482422,22.614999771118164,2954817
2024-12-20 19:30:00,22.614999771118164,22.639999389648438,22.565000534057617,22.614999771118164,3315968
2024-12-20 20:30:00,22.610000610351562,22.739999771118164,22.59000015258789,22.739999771118164,6878666
2024-12-23 14:30:00,22.670000076293945,22.75,22.600000381469727,22.674999237060547,4103509
2024-12-23 15:30:00,22.674999237060547,22.709999084472656,22.59000015258789,22.704999923706055,2320965
2024-12-23 16:30:00,22.704999923706055,22.75,22.680099487304688,22.735000610351562,2427267
2024-12-23 17:30:00,22.73780059814453,22.829999923706055,22.709999084472656,22.82469940185547,1833702
2024-12-23 18:30:00,22.825000762939453,22.829999923706055,22.735000610351562,22.7450008392334,1953174
2024-12-23 19:30:00,22.75,22.829999923706055,22.729999542236328,22.78179931640625,2683148
2024-12-23 20:30:00,22.78499984741211,22.8700008392334,22.770000457763672,22.834999084472656,3227462
2024-12-24 14:30:00,22.84000015258789,22.889999389648438,22.760000228881836,22.829999923706055,2111568
2024-12-24 15:30:00,22.81999969482422,22.93000030517578,22.799999237060547,22.924999237060547,1860079
2024-12-24 16:30:00,22.920000076293945,22.969999313354492,22.889999389648438,22.954999923706055,2197039
2024-12-26 14:30:00,22.93000030517578,22.979999542236328,22.875,22.949100494384766,1797788
2024-12-26 15:30:00,22.950000762939453,23.030000686645508,22.93000030517578,23.030000686645508,1637339
2024-12-26 16:30:00,23.030000686645508,23.149999618530273,23.0,23.024999618530273,1737985
2024-12-26 17:30:00,23.025999069213867,23.040000915527344,22.989999771118164,22.999900817871094,1218932
2024-12-26 18:30:00,23.0,23.010000228881836,22.940099716186523,22.979999542236328,1916501
2024-12-26 19:30:00,22.975000381469727,23.0,22.954999923706055,22.975000381469727,1453640
2024-12-26 20:30:00,22.979999542236328,22.989999771118164,22.93000030517578,22.950000762939453,3088887
2024-12-27 14:30:00,22.8799991607666,23.06999969482422,22.829999923706055,22.950000762939453,2113581
2024-12-27 15:30:00,22.950000762939453,22.99690055847168,22.899999618530273,22.920000076293945,1590230
2024-12-27 16:30:00,22.924999237060547,22.969999313354492,22.815000534057617,22.854999542236328,1828123
2024-12-27 17:30:00,22.854999542236328,22.86520004272461,22.81999969482422,22.85699462890625,1232031
2024-12-27 18:30:00,22.854999542236328,22.899999618530273,22.829999923706055,22.895000457763672,1598468
2024-12-27 19:30:00,22.895000457763672,22.93000030517578,22.860000610351562,22.875600814819336,1782305
2024-12-27 20:30:00,22.875,22.899999618530273,22.829999923706055,22.8799991607666,3826887
2024-12-30 14:30:00,22.780000686645508,22.780000686645508,22.450000762939453,22.459999084472656,3975957
2024-12-30 15:30:00,22.459999084472656,22.540000915527344,22.440000534057617,22.524999618530273,2359452
2024-12-30 16:30:00,22.522499084472656,22.670000076293945,22.5,22.6299991607666,2953845
2024-12-30 17:30:00,22.635000228881836,22.729999542236328,22.6299991607666,22.647300720214844,3215195
2024-12-30 18:30:00,22.646499633789062,22.709999084472656,22.639999389648438,22.704999923706055,1665977
2024-12-30 19:30:00,22.704999923706055,22.729999542236328,22.65999984741211,22.71500015258789,2198091
2024-12-30 20:30:00,22.709999084472656,22.719999313354492,22.600000381469727,22.600000381469727,5051095
2024-12-31 14:30:00,22.6200008392334,22.850000381469727,22.600000381469727,22.725000381469727,2429757
2024-12-31 15:30:00,22.719999313354492,22.780000686645508,22.68000030517578,22.68000030517578,1637483
2024-12-31 16:30:00,22.690000534057617,22.690000534057617,22.635000228881836,22.655000686645508,1934071
2024-12-31 17:30:00,22.655000686645508,22.719999313354492,22.645000457763672,22.665000915527344,1968892
2024-12-31 18:30:00,22.670000076293945,22.719999313354492,22.649999618530273,22.690000534057617,1491283
2024-12-31 19:30:00,22.690000534057617,22.690000534057617,22.639999389648438,22.690000534057617,2211138
2024-12-31 20:30:00,22.684999465942383,22.790000915527344,22.67490005493164,22.790000915527344,3724925
2025-01-02 14:30:00,22.829999923706055,23.170000076293945,22.809999465942383,23.040000915527344,4647511
2025-01-02 15:30:00,23.03499984741211,23.06999969482422,22.959999084472656,23.021400451660156,2625277
2025-01-02 16:30:00,23.024999618530273,23.100000381469727,23.020000457763672,23.030000686645508,2006135
2025-01-02 17:30:00,23.03499984741211,23.049999237060547,22.920000076293945,22.924999237060547,2178695
2025-01-02 18:30:00,22.924699783325195,22.940000534057617,22.850000381469727,22.87969970703125,2212942
2025-01-02 19:30:00,22.875,22.93000030517578,22.862499237060547,22.885000228881836,2146962
2025-01-02 20:30:00,22.885000228881836,22.90999984741211,22.799999237060547,22.84000015258789,3763290
2025-01-03 14:30:00,22.899999618530273,22.959999084472656,22.700000762939453,22.815000534057617,8657669
2025-01-03 15:30:00,22.815000534057617,22.899999618530273,22.780000686645508,22.8700008392334,2393361
2025-01-03 16:30:00,22.8700008392334,22.88990020751953,22.790000915527344,22.80500030517578,1611787
2025-01-03 17:30:00,22.80500030517578,22.84000015258789,22.780000686645508,22.799999237060547,1235973
2025-01-03 18:30:00,22.80500030517578,22.81999969482422,22.719999313354492,22.760000228881836,1754219
2025-01-03 19:30:00,22.764999389648438,22.790000915527344,22.739999771118164,22.75,1556976
2025-01-03 20:30:00,22.75,22.7549991607666,22.649999618530273,22.670000076293945,3495827
2025-01-06 14:30:00,22.7549991607666,22.770000457763672,22.530000686645508,22.574199676513672,10266497
2025-01-06 15:30:00,22.56999969482422,22.63692855834961,22.530000686645508,22.604999542236328,2950526
2025-01-06 16:30:00,22.600000381469727,22.69499969482422,22.600000381469727,22.64349937438965,2100854
2025-01-06 17:30:00,22.639999389648438,22.719999313354492,22.635000228881836,22.674999237060547,1892470
2025-01-06 18:30:00,22.674999237060547,22.719999313354492,22.649999618530273,22.674999237060547,2036712
2025-01-06 19:30:00,22.670000076293945,22.729999542236328,22.670000076293945,22.690000534057617,2216314
2025-01-06 20:30:00,22.690000534057617,22.700000762939453,22.56999969482422,22.6200008392334,4424233
2025-01-07 14:30:00,22.540000915527344,22.645000457763672,22.5,22.584999084472656,3758236
2025-01-07 15:30:00,22.584999084472656,22.6299991607666,22.389999389648438,22.40999984741211,2911658
2025-01-07 16:30:00,22.415000915527344,22.46500015258789,22.350000381469727,22.454999923706055,3119946
2025-01-07 17:30:00,22.454999923706055,22.520000457763672,22.424999237060547,22.4862003326416,2284408
2025-01-07 18:30:00,22.479999542236328,22.540000915527344,22.450000762939453,22.475000381469727,4975691
2025-01-07 19:30:00,22.475000381469727,22.5,22.229999542236328,22.2450008392334,3742305
2025-01-07 20:30:00,22.2450008392334,22.280000686645508,22.15999984741211,22.190000534057617,6826979
2025-01-08 14:30:00,22.1299991607666,22.15999984741211,21.65999984741211,21.950000762939453,6637693
2025-01-08 15:30:00,21.943099975585938,22.079999923706055,21.899999618530273,22.079999923706055,2984624
2025-01-08 16:30:00,22.079999923706055,22.100000381469727,22.0,22.03499984741211,2901877
2025-01-08 17:30:00,22.040000915527344,22.059999465942383,21.920000076293945,21.93000030517578,4478206
2025-01-08 18:30:00,21.93000030517578,22.139999389648438,21.899999618530273,22.114999771118164,3044407
2025-01-08 19:30:00,22.114999771118164,22.225000381469727,22.09000015258789,22.21500015258789,3556906
2025-01-08 20:30:00,22.21500015258789,22.2450008392334,22.170000076293945,22.190000534057617,5287552
2025-01-10 14:30:00,21.8799991607666,22.040000915527344,21.600000381469727,21.606399536132812,7235127
2025-01-10 15:30:00,21.604999542236328,21.739999771118164,21.489999771118164,21.645000457763672,4833011
2025-01-10 16:30:00,21.639999389648438,21.700000762939453,21.610000610351562,21.655000686645508,4563499
2025-01-10 17:30:00,21.655000686645508,21.684999465942383,21.600000381469727,21.665000915527344,3386650
2025-01-10 18:30:00,21.665000915527344,21.75,21.59000015258789,21.6299991607666,2997756
2025-01-10 19:30:00,21.635000228881836,21.639999389648438,21.540000915527344,21.594999313354492,3313202
2025-01-10 20:30:00,21.600000381469727,21.725000381469727,21.565000534057617,21.704999923706055,6526330
2025-01-13 14:30:00,21.6299991607666,21.68000030517578,21.399999618530273,21.459999084472656,4839897
2025-01-13 15:30:00,21.46500015258789,21.579999923706055,21.440000534057617,21.5,3332009
2025-01-13 16:30:00,21.5,21.56999969482422,21.479999542236328,21.485000610351562,4316313
2025-01-13 17:30:00,21.485000610351562,21.579999923706055,21.459999084472656,21.55500030517578,2706986
2025-01-13 18:30:00,21.55500030517578,21.579999923706055,21.450000762939453,21.489999771118164,3255928
2025-01-13 19:30:00,21.485000610351562,21.579999923706055,21.469999313354492,21.545000076293945,2608823
2025-01-13 20:30:00,21.549999237060547,21.579999923706055,21.5,21.579999923706055,3870230
2025-01-14 14:30:00,21.520000457763672,21.719999313354492,21.3799991607666,21.61009979248047,4539891
2025-01-14 15:30:00,21.614999771118164,21.639999389648438,21.55500030517578,21.604999542236328,3193505
2025-01-14 16:30:00,21.604999542236328,21.649999618530273,21.545000076293945,21.600000381469727,2185151
2025-01-14 17:30:00,21.59320068359375,21.71500015258789,21.559999465942383,21.709999084472656,2061689
2025-01-14 18:30:00,21.704999923706055,21.729999542236328,21.684999465942383,21.684999465942383,1400072
2025-01-14 19:30:00,21.68589973449707,21.760000228881836,21.68000030517578,21.735000610351562,2683164
2025-01-14 20:30:00,21.729999542236328,21.81999969482422,21.729999542236328,21.809999465942383,3856181
2025-01-15 14:30:00,21.979999542236328,22.09000015258789,21.8799991607666,21.969999313354492,12476930
2025-01-15 15:30:00,21.975000381469727,22.030000686645508,21.93000030517578,22.019899368286133,2533110
2025-01-15 16:30:00,22.018199920654297,22.049999237060547,21.9950008392334,22.0049991607666,2225056
2025-01-15 17:30:00,22.0049991607666,22.040000915527344,21.959999084472656,22.024999618530273,3079735
2025-01-15 18:30:00,22.024999618530273,22.030000686645508,21.959999084472656,21.975000381469727,2410444
2025-01-15 19:30:00,21.979999542236328,22.049999237060547,21.969999313354492,22.014999389648438,3201975
2025-01-15 20:30:00,22.014999389648438,22.014999389648438,21.8799991607666,21.899999618530273,5364763
2025-01-16 14:30:00,22.0,22.1299991607666,21.850000381469727,21.850000381469727,4418594
2025-01-16 15:30:00,21.850000381469727,22.020000457763672,21.850000381469727,22.010099411010742,2520184
2025-01-16 16:30:00,22.017099380493164,22.030000686645508,21.959999084472656,21.96500015258789,2563113
2025-01-16 17:30:00,21.969999313354492,22.0,21.920000076293945,21.96500015258789,2035455
2025-01-16 18:30:00,21.96500015258789,21.969999313354492,21.84000015258789,21.934999465942383,3693472
2025-01-16 19:30:00,21.934999465942383,21.950000762939453,21.8799991607666,21.90999984741211,2025433
2025-01-16 20:30:00,21.915000915527344,22.020000457763672,21.90999984741211,22.020000457763672,2704474
2025-01-17 14:30:00,22.09000015258789,22.260000228881836,21.979999542236328,22.219999313354492,9378703
2025-01-17 15:30:00,22.219999313354492,22.360000610351562,22.19029998779297,22.28499984741211,3763305
2025-01-17 16:30:00,22.290000915527344,22.360000610351562,22.280000686645508,22.338600158691406,2461616
2025-01-17 17:30:00,22.34000015258789,22.3700008392334,22.280000686645508,22.283000946044922,1946504
2025-01-17 18:30:00,22.28499984741211,22.350000381469727,22.280000686645508,22.299999237060547,2046067
2025-01-17 19:30:00,22.29990005493164,22.299999237060547,22.219999313354492,22.2549991607666,3067880
2025-01-17 20:30:00,22.260000228881836,22.360000610351562,22.250099182128906,22.290000915527344,3957993
2025-01-21 14:30:00,22.209999084472656,22.4950008392334,22.209999084472656,22.44499969482422,5092892
2025-01-21 15:30:00,22.44499969482422,22.530000686645508,22.433900833129883,22.524999618530273,3371685
2025-01-21 16:30:00,22.524999618530273,22.540000915527344,22.469999313354492,22.479999542236328,2187645
2025-01-21 17:30:00,22.475000381469727,22.489999771118164,22.440000534057617,22.454999923706055,2032765
2025-01-21 18:30:00,22.454999923706055,22.530000686645508,22.440000534057617,22.44499969482422,2446977
2025-01-21 19:30:00,22.44499969482422,22.5,22.43360710144043,22.454999923706055,2793596
2025-01-21 20:30:00,22.454999923706055,22.5,22.389999389648438,22.5,5141388
2025-01-22 14:30:00,22.3799991607666,22.420000076293945,22.079999923706055,22.116514205932617,4748046
2025-01-22 15:30:00,22.1200008392334,22.229999542236328,22.020000457763672,22.204999923706055,4227340
2025-01-22 16:30:00,22.204999923706055,22.290000915527344,22.149999618530273,22.264999389648438,3412140
2025-01-22 17:30:00,22.260000228881836,22.3700008392334,22.25,22.360000610351562,2559999
2025-01-22 18:30:00,22.364999771118164,22.389999389648438,22.299999237060547,22.385499954223633,2717044
2025-01-22 19:30:00,22.385000228881836,22.475000381469727,22.360000610351562,22.364999771118164,4689480
2025-01-22 20:30:00,22.364999771118164,22.399999618530273,22.309999465942383,22.309999465942383,4410627
2025-01-23 14:30:00,22.34000015258789,22.479999542236328,22.219999313354492,22.295000076293945,5768406
2025-01-23 15:30:00,22.296695709228516,22.530000686645508,22.290000915527344,22.524999618530273,3206510
2025-01-23 16:30:00,22.524999618530273,22.6200008392334,22.479999542236328,22.610000610351562,3195918
2025-01-23 17:30:00,22.614999771118164,22.65999984741211,22.559999465942383,22.575000762939453,3483814
2025-01-23 18:30:00,22.575000762939453,22.579999923706055,22.5,22.5049991607666,2066372
2025-01-23 19:30:00,22.5049991607666,22.565000534057617,22.46500015258789,22.485000610351562,4067711
2025-01-23 20:30:00,22.485000610351562,22.540000915527344,22.450000762939453,22.53499984741211,4695535
2025-01-24 14:30:00,22.549999237060547,22.790000915527344,22.540000915527344,22.75,7062078
2025-01-24 15:30:00,22.75,22.760000228881836,22.6200008392334,22.665000915527344,4006018
2025-01-24 16:30:00,22.670000076293945,22.719999313354492,22.635000228881836,22.69499969482422,3433674
2025-01-24 17:30:00,22.69499969482422,22.709999084472656,22.635000228881836,22.684999465942383,3689541
2025-01-24 18:30:00,22.690000534057617,22.729999542236328,22.610000610351562,22.635000228881836,3780615
2025-01-24 19:30:00,22.635000228881836,22.68000030517578,22.610000610351562,22.625,5577426
2025-01-24 20:30:00,22.625,22.719999313354492,22.600000381469727,22.709999084472656,9857212
2025-01-27 14:30:00,23.5,24.34000015258789,23.350000381469727,24.139999389648438,28469698
2025-01-27 15:30:00,24.144699096679688,24.18000030517578,23.850000381469727,24.0,9239330
2025-01-27 16:30:00,24.0049991607666,24.15999984741211,23.989999771118164,24.145000457763672,6012718
2025-01-27 17:30:00,24.145000457763672,24.31999969482422,24.100000381469727,24.309999465942383,7755048
2025-01-27 18:30:00,24.30500030517578,24.364999771118164,24.1299991607666,24.149900436401367,7464847
2025-01-27 19:30:00,24.145000457763672,24.31999969482422,24.145000457763672,24.15559959411621,7440235
2025-01-27 20:30:00,24.156999588012695,24.200000762939453,24.079999923706055,24.15999984741211,10007152
2025-01-28 14:30:00,24.059999465942383,24.229999542236328,23.920000076293945,24.0049991607666,10129165
2025-01-28 15:30:00,24.0049991607666,24.165000915527344,23.959999084472656,24.067800521850586,4737744
2025-01-28 16:30:00,24.069900512695312,24.174999237060547,24.030000686645508,24.174999237060547,4880647
2025-01-28 17:30:00,24.18000030517578,24.280000686645508,24.155000686645508,24.270000457763672,4957996
2025-01-28 18:30:00,24.264999389648438,24.40999984741211,24.25,24.334999084472656,5085474
2025-01-28 19:30:00,24.335100173950195,24.43000030517578,24.270000457763672,24.405000686645508,7764511
2025-01-28 20:30:00,24.405000686645508,24.579999923706055,24.360000610351562,24.399999618530273,10503341
2025-01-29 14:30:00,24.709999084472656,24.979999542236328,24.62380027770996,24.674999237060547,7520573
2025-01-29 15:30:00,24.674999237060547,24.68000030517578,24.540000915527344,24.584999084472656,3676440
2025-01-29 16:30:00,24.584999084472656,24.600000381469727,24.440000534057617,24.456735610961914,2652888
2025-01-29 17:30:00,24.454999923706055,24.479999542236328,24.43000030517578,24.434999465942383,2560317
2025-01-29 18:30:00,24.434999465942383,24.440000534057617,24.290000915527344,24.304000854492188,3125219
2025-01-29 19:30:00,24.299999237060547,24.360000610351562,24.290000915527344,24.299999237060547,4029463
2025-01-29 20:30:00,24.299999237060547,24.315000534057617,24.200000762939453,24.239999771118164,4992339
2025-01-30 14:30:00,24.165000915527344,24.229999542236328,23.774999618530273,23.916200637817383,11841155
2025-01-30 15:30:00,23.915000915527344,24.229999542236328,23.899999618530273,24.19499969482422,6469425
2025-01-30 16:30:00,24.165000915527344,24.209999084472656,24.09000015258789,24.104999542236328,3160542
2025-01-30 17:30:00,24.104999542236328,24.209999084472656,24.100000381469727,24.149999618530273,2916163
2025-01-30 18:30:00,24.155000686645508,24.229999542236328,24.1299991607666,24.145000457763672,3510058
2025-01-30 19:30:00,24.145000457763672,24.18000030517578,24.08009910583496,24.114999771118164,5038820
2025-01-30 20:30:00,24.11009979248047,24.1299991607666,24.010000228881836,24.024999618530273,6729400
2025-01-31 14:30:00,24.010000228881836,24.139999389648438,23.950000762939453,24.084999084472656,4079678
2025-01-31 15:30:00,24.09000015258789,24.1200008392334,23.94499969482422,23.985000610351562,4223758
2025-01-31 16:30:00,23.985000610351562,24.0,23.809999465942383,23.844499588012695,4049726
2025-01-31 17:30:00,23.850000381469727,23.8700008392334,23.780000686645508,23.829999923706055,3338255
2025-01-31 18:30:00,23.825000762939453,23.829999923706055,23.729999542236328,23.7450008392334,3979470
2025-01-31 19:30:00,23.74090003967285,23.770000457763672,23.700000762939453,23.71500015258789,4190890
2025-01-31 20:30:00,23.71500015258789,23.739999771118164,23.65999984741211,23.739999771118164,6576226
2025-02-03 14:30:00,23.690000534057617,24.315000534057617,23.670000076293945,24.2450008392334,11588329
2025-02-03 15:30:00,24.25,24.43000030517578,24.19499969482422,24.40999984741211,5601135
2025-02-03 16:30:00,24.404600143432617,24.4173641204834,24.295000076293945,24.331899642944336,4361128
2025-02-03 17:30:00,24.329999923706055,24.420000076293945,24.274999618530273,24.385000228881836,4912594
2025-02-03 18:30:00,24.389999389648438,24.424999237060547,24.360000610351562,24.389999389648438,3333687
2025-02-03 19:30:00,24.385000228881836,24.399999618530273,24.239999771118164,24.270000457763672,9664859
2025-02-03 20:30:00,24.274999618530273,24.295299530029297,24.219999313354492,24.264999389648438,5142210
2025-02-04 14:30:00,24.209999084472656,24.264999389648438,24.07390022277832,24.165000915527344,5124874
2025-02-04 15:30:00,24.165000915527344,24.399999618530273,24.149999618530273,24.360000610351562,3552409
2025-02-04 16:30:00,24.360000610351562,24.43000030517578,24.309999465942383,24.389999389648438,3505830
2025-02-04 17:30:00,24.395000457763672,24.420000076293945,24.31999969482422,24.344999313354492,2629766
2025-02-04 18:30:00,24.344999313354492,24.350000381469727,24.2450008392334,24.299999237060547,2935721
2025-02-04 19:30:00,24.299999237060547,24.34760093688965,24.229999542236328,24.25,3266590
2025-02-04 20:30:00,24.2450008392334,24.274999618530273,24.200000762939453,24.2549991607666,4584028
2025-02-05 14:30:00,24.459999084472656,24.575000762939453,24.31999969482422,24.5049991607666,4022011
2025-02-05 15:30:00,24.5049991607666,24.510000228881836,24.3700008392334,24.475000381469727,3179946
2025-02-05 16:30:00,24.475000381469727,24.489999771118164,24.315000534057617,24.329999923706055,3668605
2025-02-05 17:30:00,24.325000762939453,24.3799991607666,24.280000686645508,24.375200271606445,2881315
2025-02-05 18:30:00,24.375,24.399999618530273,24.31999969482422,24.354999542236328,2846745
2025-02-05 19:30:00,24.354999542236328,24.459999084472656,24.344999313354492,24.415000915527344,4453811
2025-02-05 20:30:00,24.40999984741211,24.489999771118164,24.399999618530273,24.459999084472656,3938932
2025-02-06 14:30:00,24.5,24.559999465942383,24.332700729370117,24.344999313354492,3768372
2025-02-06 15:30:00,24.344999313354492,24.440000534057617,24.34000015258789,24.350000381469727,2359299
2025-02-06 16:30:00,24.344999313354492,24.389999389648438,24.299999237060547,24.3799991607666,2227773
2025-02-06 17:30:00,24.3799991607666,24.459999084472656,24.360000610351562,24.405000686645508,2351850
2025-02-06 18:30:00,24.40623664855957,24.420000076293945,24.34000015258789,24.370500564575195,1939114
2025-02-06 19:30:00,24.375,24.3799991607666,24.299999237060547,24.364999771118164,2972626
2025-02-06 20:30:00,24.3700008392334,24.469999313354492,24.329999923706055,24.450000762939453,3559886
2025-02-07 14:30:00,24.450000762939453,24.520000457763672,24.2450008392334,24.475000381469727,3265378
2025-02-07 15:30:00,24.475000381469727,24.649999618530273,24.4332218170166,24.6200008392334,3751842
2025-02-07 16:30:00,24.6200008392334,24.729999542236328,24.610000610351562,24.684999465942383,2470811
2025-02-07 17:30:00,24.690000534057617,24.719999313354492,24.600000381469727,24.614999771118164,3314581
2025-02-07 18:30:00,24.614999771118164,24.684999465942383,24.600000381469727,24.62339973449707,2530304
2025-02-07 19:30:00,24.625,24.68000030517578,24.610000610351562,24.614999771118164,2913997
2025-02-07 20:30:00,24.6200008392334,24.6299991607666,24.530000686645508,24.540000915527344,3560755
2025-02-10 14:30:00,24.604999542236328,24.790000915527344,24.600000381469727,24.76300048828125,5211338
2025-02-10 15:30:00,24.767499923706055,24.81999969482422,24.739999771118164,24.776100158691406,3006714
2025-02-10 16:30:00,24.773799896240234,24.834999084472656,24.75,24.764999389648438,2704553
2025-02-10 17:30:00,24.760000228881836,24.799999237060547,24.719999313354492,24.764999389648438,2567416
2025-02-10 18:30:00,24.764999389648438,24.8700008392334,24.760000228881836,24.834999084472656,3485784
2025-02-10 19:30:00,24.833099365234375,24.899999618530273,24.829999923706055,24.854999542236328,2917084
2025-02-10 20:30:00,24.854999542236328,24.940000534057617,24.829999923706055,24.8799991607666,5483803
2025-02-11 14:30:00,24.899999618530273,25.06999969482422,24.799999237060547,25.0049991607666,7440269
2025-02-11 15:30:00,25.010000228881836,25.1200008392334,24.979999542236328,25.065000534057617,3804426
2025-02-11 16:30:00,25.065000534057617,25.15999984741211,25.059999465942383,25.100000381469727,5162520
2025-02-11 17:30:00,25.100000381469727,25.1299991607666,25.040000915527344,25.124900817871094,2897925
2025-02-11 18:30:00,25.125,25.125,25.049999237060547,25.110000610351562,3304526
2025-02-11 19:30:00,25.110000610351562,25.170000076293945,25.104400634765625,25.135000228881836,3486804
2025-02-11 20:30:00,25.135000228881836,25.18000030517578,25.135000228881836,25.15999984741211,5215521
2025-02-12 14:30:00,25.149999618530273,25.239999771118164,25.05500030517578,25.229999542236328,4497308
2025-02-12 15:30:00,25.225000381469727,25.239999771118164,25.1200008392334,25.204999923706055,7607199
2025-02-12 16:30:00,25.204999923706055,25.364999771118164,25.204999923706055,25.354900360107422,3245916
2025-02-12 17:30:00,25.354999542236328,25.3799991607666,25.31999969482422,25.354999542236328,3202342
2025-02-12 18:30:00,25.350000381469727,25.350000381469727,25.290000915527344,25.344999313354492,3344330
2025-02-12 19:30:00,25.344999313354492,25.360000610351562,25.270000457763672,25.34000015258789,4468516
2025-02-12 20:30:00,25.34000015258789,25.3799991607666,25.299999237060547,25.350000381469727,6781881
2025-02-13 14:30:00,25.469999313354492,25.579999923706055,25.360000610351562,25.479999542236328,6897886
2025-02-13 15:30:00,25.485000610351562,25.600000381469727,25.450000762939453,25.530000686645508,4769904
2025-02-13 16:30:00,25.530099868774414,25.584999084472656,25.459999084472656,25.544700622558594,3301762
2025-02-13 17:30:00,25.540000915527344,25.600000381469727,25.540000915527344,25.59000015258789,2718373
2025-02-13 18:30:00,25.584999084472656,25.639999389648438,25.549999237060547,25.6299991607666,3000907
2025-02-13 19:30:00,25.635000228881836,25.700000762939453,25.6200008392334,25.690000534057617,4483350
2025-02-13 20:30:00,25.684999465942383,25.735000610351562,25.610000610351562,25.625,5421303
2025-02-14 14:30:00,25.670000076293945,25.850000381469727,25.600000381469727,25.83989906311035,5797919
2025-02-14 15:30:00,25.829999923706055,25.8700008392334,25.75,25.850000381469727,3878807
2025-02-14 16:30:00,25.854999542236328,25.93000030517578,25.844999313354492,25.905000686645508,3282204
2025-02-14 17:30:00,25.909900665283203,25.90999984741211,25.84000015258789,25.8700008392334,2865081
2025-02-14 18:30:00,25.875,25.899999618530273,25.844999313354492,25.89459991455078,2690086
2025-02-14 19:30:00,25.895000457763672,25.915000915527344,25.860000610351562,25.8700008392334,3241441
2025-02-14 20:30:00,25.875,25.920000076293945,25.860000610351562,25.864999771118164,5374920
2025-02-18 14:30:00,25.709999084472656,25.979999542236328,25.709999084472656,25.959999084472656,7092219
2025-02-18 15:30:00,25.96500015258789,26.049999237060547,25.94339942932129,26.018400192260742,4154031
2025-02-18 16:30:00,26.010099411010742,26.079999923706055,26.0,26.075000762939453,3151395
2025-02-18 17:30:00,26.075000762939453,26.1200008392334,26.030000686645508,26.094999313354492,3723725
2025-02-18 18:30:00,26.090099334716797,26.149999618530273,26.06999969482422,26.125,3666930
2025-02-18 19:30:00,26.1200008392334,26.18000030517578,26.059999465942383,26.094999313354492,5048859
2025-02-18 20:30:00,26.09320068359375,26.149999618530273,26.040000915527344,26.059999465942383,5504565
2025-02-19 14:30:00,26.219999313354492,26.239999771118164,26.06999969482422,26.155000686645508,5291885
2025-02-19 15:30:00,26.15999984741211,26.280000686645508,26.149999618530273,26.209999084472656,3874491
2025-02-19 16:30:00,26.21500015258789,26.239999771118164,26.18000030517578,26.19499969482422,3107497
2025-02-19 17:30:00,26.19499969482422,26.325000762939453,26.190000534057617,26.315000534057617,3654489
2025-02-19 18:30:00,26.315000534057617,26.350000381469727,26.260000228881836,26.28499984741211,2936082
2025-02-19 19:30:00,26.280099868774414,26.290000915527344,26.15999984741211,26.184999465942383,3182939
2025-02-19 20:30:00,26.184999465942383,26.25,26.139999389648438,26.25,3793064
2025-02-20 14:30:00,26.200000762939453,26.264999389648438,26.149999618530273,26.21500015258789,4691763
2025-02-20 15:30:00,26.21500015258789,26.280000686645508,26.170000076293945,26.22100067138672,3436305
2025-02-20 16:30:00,26.225000381469727,26.239999771118164,26.149999618530273,26.149999618530273,2323092
2025-02-20 17:30:00,26.149999618530273,26.174999237060547,25.950000762939453,25.950000762939453,2526622
2025-02-20 18:30:00,25.950000762939453,26.100000381469727,25.940000534057617,26.094999313354492,3798795
2025-02-20 19:30:00,26.094999313354492,26.100000381469727,25.959999084472656,25.9950008392334,5135643
2025-02-20 20:30:00,25.9950008392334,26.209999084472656,25.979999542236328,26.15999984741211,6060305
2025-02-21 14:30:00,26.079999923706055,26.1299991607666,25.969999313354492,26.099899291992188,5909162
2025-02-21 15:30:00,26.094999313354492,26.450000762939453,26.09000015258789,26.364999771118164,7076095
2025-02-21 16:30:00,26.364200592041016,26.5,26.334999084472656,26.485000610351562,6168602
2025-02-21 17:30:00,26.489999771118164,26.68000030517578,26.479999542236328,26.6299991607666,7469213
2025-02-21 18:30:00,26.6200008392334,26.719999313354492,26.56999969482422,26.594999313354492,6706674
2025-02-21 19:30:00,26.594999313354492,26.610000610351562,26.460100173950195,26.5049991607666,4572285
2025-02-21 20:30:00,26.5049991607666,26.670000076293945,26.5,26.639999389648438,8737836
2025-02-24 14:30:00,26.614999771118164,27.06999969482422,26.600000381469727,27.05500030517578,10023571
2025-02-24 15:30:00,27.05500030517578,27.09000015258789,26.950000762939453,27.0,7072199
2025-02-24 16:30:00,27.0,27.125,26.850000381469727,26.944599151611328,6618785
2025-02-24 17:30:00,26.94499969482422,27.040000915527344,26.80500030517578,26.80500030517578,5402891
2025-02-24 18:30:00,26.80500030517578,26.835599899291992,26.655000686645508,26.655000686645508,5108438
2025-02-24 19:30:00,26.655000686645508,26.770000457763672,26.639999389648438,26.735000610351562,5595725
2025-02-24 20:30:00,26.735000610351562,26.81999969482422,26.704999923706055,26.7450008392334,7364370
2025-02-25 14:30:00,26.8700008392334,27.15999984741211,26.760000228881836,26.959999084472656,8544418
2025-02-25 15:30:00,26.959999084472656,26.96500015258789,26.739999771118164,26.75,5265865
2025-02-25 16:30:00,26.7549991607666,26.81999969482422,26.639999389648438,26.674999237060547,5438849
2025-02-25 17:30:00,26.674999237060547,26.68000030517578,26.260000228881836,26.34000015258789,8443900
2025-02-25 18:30:00,26.344999313354492,26.56999969482422,26.31999969482422,26.475000381469727,5196556
2025-02-25 19:30:00,26.475000381469727,26.579999923706055,26.440000534057617,26.4950008392334,5298965
2025-02-25 20:30:00,26.4950008392334,26.68000030517578,26.46500015258789,26.645000457763672,6607243
2025-02-26 14:30:00,26.559999465942383,26.796844482421875,26.43000030517578,26.795000076293945,9532845
2025-02-26 15:30:00,26.790000915527344,26.829999923706055,26.59000015258789,26.625,5304891
2025-02-26 16:30:00,26.62459945678711,26.68000030517578,26.559999465942383,26.649999618530273,4472114
2025-02-26 17:30:00,26.645000457763672,26.709999084472656,26.56999969482422,26.635000228881836,3429679
2025-02-26 18:30:00,26.635000228881836,26.65999984741211,26.600000381469727,26.63010025024414,3853905
2025-02-26 19:30:00,26.639999389648438,26.739999771118164,26.579999923706055,26.579999923706055,4259122
2025-02-26 20:30:00,26.584999084472656,26.6299991607666,26.559999465942383,26.579999923706055,4828967
2025-02-27 14:30:00,26.639999389648438,26.96500015258789,26.56999969482422,26.815000534057617,7488072
2025-02-27 15:30:00,26.819900512695312,26.940000534057617,26.780000686645508,26.90999984741211,4012411
2025-02-27 16:30:00,26.899999618530273,26.899999618530273,26.780000686645508,26.844999313354492,2514238
2025-02-27 17:30:00,26.850000381469727,26.889999389648438,26.809999465942383,26.875,2405012
2025-02-27 18:30:00,26.875,26.93000030517578,26.860000610351562,26.920000076293945,2740412
2025-02-27 19:30:00,26.915000915527344,26.954999923706055,26.834199905395508,26.854999542236328,4487352
2025-02-27 20:30:00,26.850000381469727,26.90999984741211,26.799999237060547,26.905000686645508,5559365
2025-02-28 14:30:00,27.0,27.489999771118164,27.0,27.03499984741211,8847294
2025-02-28 15:30:00,27.030000686645508,27.20840072631836,27.0,27.135000228881836,4785347
2025-02-28 16:30:00,27.135000228881836,27.219999313354492,27.02429962158203,27.03499984741211,4193723
2025-02-28 17:30:00,27.030000686645508,27.110000610351562,27.010000228881836,27.075000762939453,2899836
2025-02-28 18:30:00,27.079999923706055,27.1299991607666,27.0,27.110000610351562,3629851
2025-02-28 19:30:00,27.114999771118164,27.269899368286133,27.09000015258789,27.264999389648438,5061752
2025-02-28 20:30:00,27.264999389648438,27.450000762939453,27.260000228881836,27.405000686645508,10105823
2025-03-03 14:30:00,27.270000457763672,27.860000610351562,27.190000534057617,27.764999389648438,12193526
2025-03-03 15:30:00,27.760000228881836,27.84000015258789,27.700000762939453,27.721900939941406,4396852
2025-03-03 16:30:00,27.724199295043945,27.799999237060547,27.639999389648438,27.799999237060547,4420600
2025-03-03 17:30:00,27.79010009765625,27.84000015258789,27.67009925842285,27.68560028076172,3712902
2025-03-03 18:30:00,27.684999465942383,27.709999084472656,27.594999313354492,27.6200008392334,3542246
2025-03-03 19:30:00,27.614999771118164,27.670000076293945,27.549999237060547,27.565000534057617,4412253
2025-03-03 20:30:00,27.565000534057617,27.739999771118164,27.540000915527344,27.729999542236328,5060653
2025-03-04 14:30:00,27.799999237060547,27.969999313354492,27.510000228881836,27.94499969482422,10635589
2025-03-04 15:30:00,27.943899154663086,27.959999084472656,26.690000534057617,26.96500015258789,20895451
2025-03-04 16:30:00,26.959999084472656,27.09779930114746,26.549999237060547,26.674999237060547,11414872
2025-03-04 17:30:00,26.674999237060547,26.709999084472656,26.260000228881836,26.270000457763672,9521974
2025-03-04 18:30:00,26.270000457763672,26.3700008392334,26.139999389648438,26.260000228881836,10348827
2025-03-04 19:30:00,26.260000228881836,26.454999923706055,26.204999923706055,26.32819938659668,8481282
2025-03-04 20:30:00,26.325000762939453,26.350000381469727,26.1200008392334,26.219999313354492,9730302
2025-03-05 14:30:00,26.065000534057617,26.389999389648438,26.030000686645508,26.040000915527344,7468449
2025-03-05 15:30:00,26.03499984741211,26.085599899291992,25.829999923706055,25.989999771118164,5319522
2025-03-05 16:30:00,25.985000610351562,26.06999969482422,25.93000030517578,26.050100326538086,4758204
2025-03-05 17:30:00,26.059999465942383,26.06999969482422,25.924999237060547,26.035600662231445,3664320
2025-03-05 18:30:00,26.03499984741211,26.19499969482422,25.985000610351562,26.155000686645508,3619494
2025-03-05 19:30:00,26.155000686645508,26.229999542236328,26.100000381469727,26.184999465942383,4229647
2025-03-05 20:30:00,26.18000030517578,26.219999313354492,26.079999923706055,26.170000076293945,5318906
2025-03-06 14:30:00,26.219999313354492,26.260000228881836,26.05500030517578,26.155000686645508,4626140
2025-03-06 15:30:00,26.155000686645508,26.420000076293945,26.131999969482422,26.375,4160530
2025-03-06 16:30:00,26.3799991607666,26.395000457763672,26.250200271606445,26.334999084472656,2874394
2025-03-06 17:30:00,26.329999923706055,26.360000610351562,26.270000457763672,26.315000534057617,2821305
2025-03-06 18:30:00,26.315000534057617,26.489999771118164,26.315000534057617,26.459999084472656,3224578
2025-03-06 19:30:00,26.454999923706055,26.604999542236328,26.44499969482422,26.584999084472656,4305230
2025-03-06 20:30:00,26.583049774169922,26.790000915527344,26.579999923706055,26.729999542236328,5682997
2025-03-07 14:30:00,26.670000076293945,27.079999923706055,26.600000381469727,27.075000762939453,5307168
2025-03-07 15:30:00,27.06999969482422,27.165000915527344,27.010000228881836,27.05500030517578,4328531
2025-03-07 16:30:00,27.054100036621094,27.135000228881836,27.020000457763672,27.135000228881836,4484559
2025-03-07 17:30:00,27.1299991607666,27.209999084472656,27.09000015258789,27.094999313354492,3486416
2025-03-07 18:30:00,27.094999313354492,27.190000534057617,27.020000457763672,27.075000762939453,3708918
2025-03-07 19:30:00,27.075000762939453,27.200000762939453,27.05500030517578,27.184999465942383,4246866
2025-03-07 20:30:00,27.184999465942383,27.190000534057617,27.100000381469727,27.110000610351562,5391922
2025-03-10 13:30:00,27.110000610351562,27.200000762939453,26.68000030517578,27.058000564575195,7692570
2025-03-10 14:30:00,27.05500030517578,27.270000457763672,27.024999618530273,27.084999084472656,7703804
2025-03-10 15:30:00,27.084999084472656,27.165000915527344,26.920000076293945,27.094999313354492,7950053
2025-03-10 16:30:00,27.09000015258789,27.350000381469727,27.079999923706055,27.264999389648438,6962352
2025-03-10 17:30:00,27.270000457763672,27.420000076293945,27.219999313354492,27.40999984741211,5439261
2025-03-10 18:30:00,27.415000915527344,27.43000030517578,27.209999084472656,27.329999923706055,7400625
2025-03-10 19:30:00,27.329999923706055,27.454999923706055,27.260000228881836,27.309999465942383,7780963
2025-03-11 13:30:00,26.469999313354492,26.790000915527344,26.200000762939453,26.764999389648438,14737350
2025-03-11 14:30:00,26.764999389648438,26.825000762939453,26.21500015258789,26.235000610351562,7086170
2025-03-11 15:30:00,26.232799530029297,26.309999465942383,25.96500015258789,25.979999542236328,6935371
2025-03-11 16:30:00,25.985000610351562,26.020000457763672,25.700000762939453,25.790000915527344,8651655
2025-03-11 17:30:00,25.780000686645508,25.915000915527344,25.59000015258789,25.885000228881836,7975799
2025-03-11 18:30:00,25.885000228881836,26.114999771118164,25.850000381469727,25.975000381469727,8333734
2025-03-11 19:30:00,25.975000381469727,26.18000030517578,25.969999313354492,26.010000228881836,7601597
2025-03-12 13:30:00,25.6299991607666,25.790000915527344,24.889999389648438,25.219999313354492,19870677
2025-03-12 14:30:00,25.21500015258789,25.594999313354492,25.19499969482422,25.56999969482422,7910301
2025-03-12 15:30:00,25.565000534057617,25.649999618530273,25.459999084472656,25.610000610351562,5163891
2025-03-12 16:30:00,25.614999771118164,25.760000228881836,25.565000534057617,25.760000228881836,4541630
2025-03-12 17:30:00,25.7549991607666,25.84000015258789,25.690000534057617,25.84000015258789,4118015
2025-03-12 18:30:00,25.84000015258789,25.860000610351562,25.6299991607666,25.65690040588379,6121859
2025-03-12 19:30:00,25.65999984741211,25.719999313354492,25.6200008392334,25.690000534057617,6764546
2025-03-13 13:30:00,25.790000915527344,26.459999084472656,25.760000228881836,26.299999237060547,6818834
2025-03-13 14:30:00,26.299999237060547,26.389999389648438,26.165000915527344,26.225000381469727,6270925
2025-03-13 15:30:00,26.225000381469727,26.299999237060547,26.049999237060547,26.049999237060547,5336228
2025-03-13 16:30:00,26.05500030517578,26.14539909362793,25.950000762939453,26.104999542236328,3253406
2025-03-13 17:30:00,26.104999542236328,26.155000686645508,26.045000076293945,26.09000015258789,2678105
2025-03-13 18:30:00,26.09000015258789,26.18000030517578,26.06999969482422,26.104999542236328,3213859
2025-03-13 19:30:00,26.104999542236328,26.15999984741211,26.049999237060547,26.079999923706055,3949507
2025-03-14 13:30:00,25.799999237060547,26.334999084472656,25.75,26.325000762939453,4703124
2025-03-14 14:30:00,26.325000762939453,26.3700008392334,26.209999084472656,26.2450008392334,4329184
2025-03-14 15:30:00,26.2450008392334,26.280000686645508,26.149999618530273,26.170000076293945,3150259
2025-03-14 16:30:00,26.165000915527344,26.229999542236328,26.149999618530273,26.219999313354492,2714593
2025-03-14 17:30:00,26.21139907836914,26.344999313354492,26.18000030517578,26.28499984741211,2809612
2025-03-14 18:30:00,26.28499984741211,26.459999084472656,26.28499984741211,26.459999084472656,3721835
2025-03-14 19:30:00,26.459999084472656,26.649999618530273,26.451099395751953,26.579999923706055,7102947
2025-03-17 13:30:00,26.56999969482422,26.834999084472656,26.25,26.7549991607666,6871854
2025-03-17 14:30:00,26.7549991607666,26.920000076293945,26.709999084472656,26.725000381469727,3798995
2025-03-17 15:30:00,26.729999542236328,26.899999618530273,26.709999084472656,26.854999542236328,3346214
2025-03-17 16:30:00,26.854999542236328,26.90999984741211,26.819900512695312,26.86989974975586,3234323
2025-03-17 17:30:00,26.860000610351562,26.920000076293945,26.829999923706055,26.864999771118164,3299447
2025-03-17 18:30:00,26.864999771118164,26.93000030517578,26.829999923706055,26.924999237060547,3543265
2025-03-17 19:30:00,26.93000030517578,26.93000030517578,26.809999465942383,26.844999313354492,4749372
2025-03-18 13:30:00,26.795000076293945,26.979999542236328,26.649999618530273,26.739999771118164,4548094
2025-03-18 14:30:00,26.75,26.829999923706055,26.704999923706055,26.739999771118164,2930100
2025-03-18 15:30:00,26.735000610351562,26.7549991607666,26.559999465942383,26.639999389648438,3022559
2025-03-18 16:30:00,26.639999389648438,26.709999084472656,26.59000015258789,26.635000228881836,3928967
2025-03-18 17:30:00,26.635000228881836,26.739999771118164,26.6200008392334,26.674999237060547,2776087
2025-03-18 18:30:00,26.674999237060547,26.739999771118164,26.584999084472656,26.655000686645508,3607063
2025-03-18 19:30:00,26.65999984741211,26.68000030517578,26.59000015258789,26.610000610351562,3774139
2025-03-19 13:30:00,26.649999618530273,26.700000762939453,26.450300216674805,26.674999237060547,3014559
2025-03-19 14:30:00,26.674999237060547,26.68000030517578,26.56999969482422,26.635000228881836,1795607
2025-03-19 15:30:00,26.639999389648438,26.739999771118164,26.6200008392334,26.665000915527344,2060602
2025-03-19 16:30:00,26.670000076293945,26.690000534057617,26.59000015258789,26.674999237060547,2921410
2025-03-19 17:30:00,26.674999237060547,26.75,26.649999618530273,26.704999923706055,2361382
2025-03-19 18:30:00,26.709999084472656,26.899999618530273,26.704999923706055,26.899999618530273,3368509
2025-03-19 19:30:00,26.899999618530273,26.934999465942383,26.809999465942383,26.834999084472656,4576377
2025-03-20 13:30:00,26.899999618530273,26.93000030517578,26.68000030517578,26.850000381469727,2964187
2025-03-20 14:30:00,26.844999313354492,26.8799991607666,26.729999542236328,26.764999389648438,2548926
2025-03-20 15:30:00,26.760000228881836,26.889999389648438,26.75,26.843900680541992,2865626
2025-03-20 16:30:00,26.844999313354492,26.90999984741211,26.799999237060547,26.80500030517578,2246860
2025-03-20 17:30:00,26.80500030517578,26.84000015258789,26.75,26.815000534057617,1841634
2025-03-20 18:30:00,26.809999465942383,26.8700008392334,26.793699264526367,26.854999542236328,3041589
2025-03-20 19:30:00,26.854999542236328,26.857799530029297,26.75,26.780000686645508,6119475
2025-03-21 13:30:00,26.809999465942383,27.190000534057617,26.770000457763672,27.020000457763672,15595555
2025-03-21 14:30:00,27.020000457763672,27.209999084472656,26.889999389648438,26.895000457763672,4338139
2025-03-21 15:30:00,26.895000457763672,26.90999984741211,26.670000076293945,26.71500015258789,4527213
2025-03-21 16:30:00,26.709999084472656,26.84000015258789,26.639999389648438,26.834999084472656,2755312
2025-03-21 17:30:00,26.829999923706055,26.889999389648438,26.809999465942383,26.864999771118164,2118382
2025-03-21 18:30:00,26.864999771118164,26.889999389648438,26.770000457763672,26.815000534057617,2066134
2025-03-21 19:30:00,26.81999969482422,27.079999923706055,26.799999237060547,27.010000228881836,10512517
2025-03-24 13:30:00,26.860000610351562,27.219999313354492,26.860000610351562,26.985599517822266,4927421
2025-03-24 14:30:00,26.989999771118164,27.074600219726562,26.834999084472656,27.040000915527344,2966379
2025-03-24 15:30:00,27.040000915527344,27.100000381469727,26.975000381469727,26.975000381469727,2106800
2025-03-24 16:30:00,26.979999542236328,27.040000915527344,26.93000030517578,27.010000228881836,2039681
2025-03-24 17:30:00,27.010000228881836,27.049999237060547,26.8700008392334,26.87809944152832,2274237
2025-03-24 18:30:00,26.875,26.940000534057617,26.86370086669922,26.899999618530273,2411896
2025-03-24 19:30:00,26.90999984741211,26.969999313354492,26.880199432373047,26.940000534057617,3605953
2025-03-25 13:30:00,26.969999313354492,27.489999771118164,26.969999313354492,27.46500015258789,7475036
2025-03-25 14:30:00,27.46500015258789,27.559999465942383,27.450000762939453,27.480100631713867,5877463
2025-03-25 15:30:00,27.489999771118164,27.5049991607666,27.360000610351562,27.364999771118164,3377109
2025-03-25 16:30:00,27.364999771118164,27.540000915527344,27.360000610351562,27.510000228881836,3551480
2025-03-25 17:30:00,27.514999389648438,27.520000457763672,27.229999542236328,27.264999389648438,5501591
2025-03-25 18:30:00,27.264999389648438,27.34000015258789,27.170000076293945,27.2450008392334,4599609
2025-03-25 19:30:00,27.239999771118164,27.34000015258789,27.239999771118164,27.31999969482422,5767532
2025-03-26 13:30:00,27.405000686645508,27.739999771118164,27.360000610351562,27.725000381469727,5786142
2025-03-26 14:30:00,27.729999542236328,27.84000015258789,27.670000076293945,27.674999237060547,4867371
2025-03-26 15:30:00,27.673999786376953,27.690000534057617,27.540000915527344,27.584999084472656,3615769
2025-03-26 16:30:00,27.59000015258789,27.760000228881836,27.559999465942383,27.75,2379542
2025-03-26 17:30:00,27.7450008392334,27.799999237060547,27.6299991607666,27.684999465942383,3576751
2025-03-26 18:30:00,27.684999465942383,27.690000534057617,27.579999923706055,27.674999237060547,4487816
2025-03-26 19:30:00,27.68000030517578,27.68000030517578,27.59000015258789,27.649999618530273,6400335
2025-03-27 13:30:00,27.770000457763672,28.1200008392334,27.639999389648438,28.084999084472656,8406798
2025-03-27 14:30:00,28.084999084472656,28.270000457763672,28.040000915527344,28.18000030517578,4339006
2025-03-27 15:30:00,28.181900024414062,28.290000915527344,28.180500030517578,28.235000610351562,3566653
2025-03-27 16:30:00,28.239999771118164,28.290000915527344,28.200000762939453,28.290000915527344,4256001
2025-03-27 17:30:00,28.280000686645508,28.420000076293945,28.280000686645508,28.379899978637695,5505597
2025-03-27 18:30:00,28.372499465942383,28.3799991607666,28.219999313354492,28.295000076293945,5561890
2025-03-27 19:30:00,28.299999237060547,28.299999237060547,28.170000076293945,28.190000534057617,5987390
2025-03-28 13:30:00,28.350000381469727,28.510000228881836,28.190000534057617,28.30500030517578,8335436
2025-03-28 14:30:00,28.299999237060547,28.329999923706055,28.15999984741211,28.204999923706055,3783861
2025-03-28 15:30:00,28.209999084472656,28.219999313354492,28.061899185180664,28.1200008392334,3510232
2025-03-28 16:30:00,28.125,28.190000534057617,28.09000015258789,28.125,2233367
2025-03-28 17:30:00,28.125,28.18000030517578,28.084999084472656,28.18000030517578,2845071
2025-03-28 18:30:00,28.174999237060547,28.25,28.155000686645508,28.190000534057617,2467593
2025-03-28 19:30:00,28.184999465942383,28.239999771118164,28.15999984741211,28.209999084472656,6787305
2025-03-31 13:30:00,28.260000228881836,28.559999465942383,28.229999542236328,28.424999237060547,6908889
2025-03-31 14:30:00,28.424999237060547,28.44499969482422,28.299999237060547,28.350000381469727,4256625
2025-03-31 15:30:00,28.350000381469727,28.3799991607666,28.239999771118164,28.28499984741211,3634022
2025-03-31 16:30:00,28.28499984741211,28.31999969482422,28.209999084472656,28.229999542236328,2844300
2025-03-31 17:30:00,28.225000381469727,28.364999771118164,28.219999313354492,28.363300323486328,2779614
2025-03-31 18:30:00,28.360000610351562,28.40999984741211,28.274999618530273,28.363468170166016,4245985
2025-03-31 19:30:00,28.36440086364746,28.40999984741211,28.25,28.309999465942383,8055481
2025-04-01 13:30:00,28.399999618530273,28.489999771118164,28.219999313354492,28.325000762939453,9666998
2025-04-01 14:30:00,28.31999969482422,28.540000915527344,28.280000686645508,28.46500015258789,8050662
2025-04-01 15:30:00,28.46500015258789,28.610000610351562,28.440000534057617,28.53499984741211,3061759
2025-04-01 16:30:00,28.53499984741211,28.600000381469727,28.450000762939453,28.4689998626709,3617689
2025-04-01 17:30:00,28.469999313354492,28.549999237060547,28.450000762939453,28.520000457763672,5067502
2025-04-01 18:30:00,28.514999389648438,28.549999237060547,28.44499969482422,28.549999237060547,3752108
2025-04-01 19:30:00,28.545000076293945,28.56999969482422,28.469999313354492,28.4950008392334,5374440
2025-04-02 13:30:00,28.40999984741211,28.59000015258789,28.2450008392334,28.45989990234375,10579280
2025-04-02 14:30:00,28.459999084472656,28.540000915527344,28.40999984741211,28.44499969482422,3213070
2025-04-02 15:30:00,28.450000762939453,28.489999771118164,28.18000030517578,28.190000534057617,4132689
2025-04-02 16:30:00,28.188899993896484,28.299999237060547,28.165000915527344,28.190000534057617,2961293
2025-04-02 17:30:00,28.18160057067871,28.209999084472656,28.100000381469727,28.1200008392334,3064406
2025-04-02 18:30:00,28.121000289916992,28.1299991607666,28.010000228881836,28.040000915527344,3571536
2025-04-02 19:30:00,28.040000915527344,28.18000030517578,28.024999618530273,28.114999771118164,5828599
2025-04-03 13:30:00,28.540000915527344,29.030000686645508,28.450000762939453,28.594999313354492,12894165
2025-04-03 14:30:00,28.594999313354492,28.940000534057617,28.584999084472656,28.735000610351562,6430666
2025-04-03 15:30:00,28.735000610351562,28.889999389648438,28.655000686645508,28.829999923706055,5935343
2025-04-03 16:30:00,28.834999084472656,28.84000015258789,28.540000915527344,28.579999923706055,4577201
2025-04-03 17:30:00,28.575000762939453,28.796499252319336,28.545000076293945,28.770000457763672,3790641
2025-04-03 18:30:00,28.764999389648438,28.780000686645508,28.594999313354492,28.639999389648438,4742114
2025-04-03 19:30:00,28.639999389648438,28.65999984741211,28.559999465942383,28.579999923706055,5557011
2025-04-04 13:30:00,28.0,28.43000030517578,27.799999237060547,27.852500915527344,11482964
2025-04-04 14:30:00,27.850000381469727,28.040000915527344,27.190000534057617,27.235000610351562,8805277
2025-04-04 15:30:00,27.229999542236328,27.40999984741211,26.940000534057617,26.954999923706055,7074480
2025-04-04 16:30:00,26.95009994506836,27.107500076293945,26.68000030517578,26.854999542236328,6027246
2025-04-04 17:30:00,26.850000381469727,27.059999465942383,26.709999084472656,26.7549991607666,4807516
2025-04-04 18:30:00,26.7549991607666,26.809999465942383,26.530000686645508,26.71500015258789,7617634
2025-04-04 19:30:00,26.71500015258789,26.90999984741211,26.59000015258789,26.639999389648438,8644758
2025-04-07 13:30:00,25.18000030517578,27.049999237060547,25.100000381469727,26.530000686645508,23251529
2025-04-07 14:30:00,26.530000686645508,26.8799991607666,26.329999923706055,26.3799991607666,10021821
2025-04-07 15:30:00,26.3700008392334,26.834999084472656,26.3700008392334,26.700000762939453,6305324
2025-04-07 16:30:00,26.690000534057617,27.049999237060547,26.489999771118164,27.040000915527344,6742729
2025-04-07 17:30:00,27.030000686645508,27.225000381469727,26.860000610351562,27.135000228881836,7316423
2025-04-07 18:30:00,27.1299991607666,27.170000076293945,26.809999465942383,26.854999542236328,6257471
2025-04-07 19:30:00,26.850000381469727,27.045000076293945,26.770000457763672,26.810100555419922,6515976
2025-04-08 13:30:00,27.020000457763672,27.149999618530273,26.395000457763672,27.102500915527344,14188994
2025-04-08 14:30:00,27.104999542236328,27.15999984741211,26.940000534057617,27.0,7098540
2025-04-08 15:30:00,26.9950008392334,27.190000534057617,26.90999984741211,27.0,4470628
2025-04-08 16:30:00,27.0,27.024999618530273,26.56999969482422,26.583599090576172,4995018
2025-04-08 17:30:00,26.579999923706055,26.709999084472656,26.399999618530273,26.424999237060547,4943678
2025-04-08 18:30:00,26.424999237060547,26.600000381469727,26.3799991607666,26.490100860595703,6924142
2025-04-08 19:30:00,26.489999771118164,26.489999771118164,26.030000686645508,26.399999618530273,6329158
2025-04-09 13:30:00,26.09000015258789,26.1200008392334,25.434999465942383,25.575000762939453,10493732
2025-04-09 14:30:00,25.579999923706055,25.729999542236328,25.200000762939453,25.594999313354492,10769355
2025-04-09 15:30:00,25.600000381469727,25.690000534057617,25.385000228881836,25.6200008392334,8085790
2025-04-09 16:30:00,25.6200008392334,26.790000915527344,25.559999465942383,26.5049991607666,8415608
2025-04-09 17:30:00,26.510000228881836,26.854999542236328,26.065000534057617,26.34000015258789,11694290
2025-04-09 18:30:00,26.334999084472656,26.450000762939453,26.024999618530273,26.424999237060547,10104885
2025-04-09 19:30:00,26.425500869750977,26.540000915527344,26.350000381469727,26.434999465942383,8980185
2025-04-10 13:30:00,26.239999771118164,26.760000228881836,26.239999771118164,26.479999542236328,8799525
2025-04-10 14:30:00,26.475000381469727,26.65999984741211,26.3700008392334,26.575000762939453,5757646
2025-04-10 15:30:00,26.57200050354004,26.59000015258789,25.950000762939453,26.040000915527344,5530282
2025-04-10 16:30:00,26.040000915527344,26.334999084472656,25.899999618530273,26.177099227905273,5820027
2025-04-10 17:30:00,26.174999237060547,26.639999389648438,26.15999984741211,26.600000381469727,5778971
2025-04-10 18:30:00,26.604999542236328,26.665000915527344,26.424999237060547,26.434999465942383,5681322
2025-04-10 19:30:00,26.434999465942383,26.5,26.19499969482422,26.3700008392334,7163252
2025-04-11 13:30:00,26.579999923706055,26.81999969482422,26.364700317382812,26.6299991607666,6079779
2025-04-11 14:30:00,26.6299991607666,26.8700008392334,26.514999389648438,26.635000228881836,4237672
2025-04-11 15:30:00,26.635000228881836,26.854999542236328,26.594999313354492,26.790000915527344,2340317
2025-04-11 16:30:00,26.790000915527344,26.899999618530273,26.639999389648438,26.655000686645508,3047054
2025-04-11 17:30:00,26.655000686645508,26.829999923706055,26.639999389648438,26.729999542236328,2829400
2025-04-11 18:30:00,26.729999542236328,26.84000015258789,26.690000534057617,26.809999465942383,2805510
2025-04-11 19:30:00,26.809999465942383,26.84000015258789,26.7450008392334,26.790000915527344,4701695
2025-04-14 13:30:00,26.6299991607666,27.229999542236328,26.575000762939453,27.110000610351562,5944720
2025-04-14 14:30:00,27.110000610351562,27.239999771118164,27.06999969482422,27.094999313354492,2457334
2025-04-14 15:30:00,27.09000015258789,27.19499969482422,27.06999969482422,27.10930061340332,1763768
2025-04-14 16:30:00,27.100000381469727,27.239999771118164,27.075000762939453,27.209999084472656,2602157
2025-04-14 17:30:00,27.204999923706055,27.280000686645508,27.170000076293945,27.264999389648438,1919216
2025-04-14 18:30:00,27.26580047607422,27.34000015258789,27.229999542236328,27.280000686645508,2951383
2025-04-14 19:30:00,27.27989959716797,27.350000381469727,27.172500610351562,27.209999084472656,5249825
2025-04-15 13:30:00,27.5,27.540000915527344,27.260000228881836,27.475000381469727,4959520
2025-04-15 14:30:00,27.469999313354492,27.59000015258789,27.450000762939453,27.5,3060054
2025-04-15 15:30:00,27.5,27.6299991607666,27.475000381469727,27.545000076293945,2722397
2025-04-15 16:30:00,27.545000076293945,27.625,27.530000686645508,27.540000915527344,1906687
2025-04-15 17:30:00,27.540000915527344,27.56999969482422,27.510000228881836,27.530000686645508,2266505
2025-04-15 18:30:00,27.53499984741211,27.59000015258789,27.5049991607666,27.575000762939453,1645298
2025-04-15 19:30:00,27.549999237060547,27.559999465942383,27.469999313354492,27.489999771118164,4002212
2025-04-16 13:30:00,27.739999771118164,27.780000686645508,27.5049991607666,27.639999389648438,4464130
2025-04-16 14:30:00,27.6299991607666,27.690000534057617,27.600000381469727,27.621400833129883,2070587
2025-04-16 15:30:00,27.625,27.639999389648438,27.40999984741211,27.44499969482422,2119573
2025-04-16 16:30:00,27.450000762939453,27.454999923706055,27.360000610351562,27.405000686645508,2207373
2025-04-16 17:30:00,27.399999618530273,27.40999984741211,27.200000762939453,27.2450008392334,2569200
2025-04-16 18:30:00,27.2450008392334,27.25,26.979999542236328,27.0049991607666,3326125
2025-04-16 19:30:00,27.0049991607666,27.049999237060547,26.940000534057617,27.0,4808759
2025-04-17 13:30:00,27.18000030517578,27.43790054321289,27.010000228881836,27.375,4491643
2025-04-17 14:30:00,27.3799991607666,27.489999771118164,27.23349952697754,27.405000686645508,2417184
2025-04-17 15:30:00,27.405000686645508,27.459999084472656,27.350000381469727,27.3799991607666,2080489
2025-04-17 16:30:00,27.375,27.399999618530273,27.292499542236328,27.315000534057617,1749177
2025-04-17 17:30:00,27.31999969482422,27.40999984741211,27.299999237060547,27.344999313354492,1783348
2025-04-17 18:30:00,27.344999313354492,27.360000610351562,27.190000534057617,27.200000762939453,2847462
2025-04-17 19:30:00,27.200000762939453,27.260000228881836,27.079999923706055,27.149999618530273,3439284
2025-04-21 13:30:00,27.15999984741211,27.280000686645508,26.861900329589844,26.895000457763672,6359626
2025-04-21 14:30:00,26.89419937133789,26.90999984741211,26.6648006439209,26.735000610351562,3934333
2025-04-21 15:30:00,26.729999542236328,26.735000610351562,26.360000610351562,26.415000915527344,6192556
2025-04-21 16:30:00,26.415000915527344,26.485000610351562,26.209999084472656,26.2450008392334,5876892
2025-04-21 17:30:00,26.2450008392334,26.270000457763672,26.15999984741211,26.219999313354492,4557007
2025-04-21 18:30:00,26.21500015258789,26.270000457763672,26.170000076293945,26.184999465942383,5485825
2025-04-21 19:30:00,26.184999465942383,26.34000015258789,26.15999984741211,26.31999969482422,7809765
2025-04-22 13:30:00,26.0,26.81999969482422,25.979999542236328,26.80500030517578,12716562
2025-04-22 14:30:00,26.80500030517578,27.06999969482422,26.75,26.985000610351562,5837532
2025-04-22 15:30:00,26.985000610351562,27.360000610351562,26.985000610351562,27.084999084472656,7824077
2025-04-22 16:30:00,27.084999084472656,27.165000915527344,26.889999389648438,26.895000457763672,4728416
2025-04-22 17:30:00,26.895000457763672,26.959999084472656,26.809999465942383,26.934999465942383,2691882
2025-04-22 18:30:00,26.934999465942383,27.020000457763672,26.895000457763672,26.940000534057617,3732788
2025-04-22 19:30:00,26.940000534057617,26.989999771118164,26.885000228881836,26.959999084472656,7220087
2025-04-23 13:30:00,26.53499984741211,27.209999084472656,26.1200008392334,27.149999618530273,11996378
2025-04-23 14:30:00,27.149999618530273,27.31999969482422,26.915000915527344,26.94499969482422,4614874
2025-04-23 15:30:00,26.94499969482422,27.25,26.90999984741211,27.184999465942383,3775573
2025-04-23 16:30:00,27.190000534057617,27.260000228881836,27.075000762939453,27.075199127197266,3242812
2025-04-23 17:30:00,27.075000762939453,27.110000610351562,26.940000534057617,26.954999923706055,2949121
2025-04-23 18:30:00,26.954999923706055,27.030000686645508,26.941600799560547,27.024999618530273,3121172
2025-04-23 19:30:00,27.024999618530273,27.219999313354492,27.020000457763672,27.149999618530273,5990555
2025-04-24 13:30:00,27.170000076293945,27.764999389648438,27.140199661254883,27.684999465942383,7829700
2025-04-24 14:30:00,27.684999465942383,27.75,27.6299991607666,27.739999771118164,3666410
2025-04-24 15:30:00,27.739999771118164,27.829999923706055,27.6200008392334,27.795000076293945,3169885
2025-04-24 16:30:00,27.799999237060547,27.829999923706055,27.559999465942383,27.604999542236328,3964528
2025-04-24 17:30:00,27.600099563598633,27.649999618530273,27.549999237060547,27.579999923706055,3186216
2025-04-24 18:30:00,27.584999084472656,27.649999618530273,27.450000762939453,27.565000534057617,5664477
2025-04-24 19:30:00,27.559999465942383,27.610000610351562,27.510000228881836,27.514999389648438,6286231
2025-04-25 13:30:00,27.459999084472656,27.520000457763672,26.962200164794922,27.219999313354492,6724700
2025-04-25 14:30:00,27.219999313354492,27.229999542236328,26.75,26.774999618530273,5844039
2025-04-25 15:30:00,26.7731990814209,26.905000686645508,26.639999389648438,26.690000534057617,4738660
2025-04-25 16:30:00,26.69499969482422,26.809999465942383,26.625,26.774999618530273,3195606
2025-04-25 17:30:00,26.774999618530273,26.895000457763672,26.674299240112305,26.85420036315918,3350200
2025-04-25 18:30:00,26.854999542236328,26.85650062561035,26.75,26.80500030517578,3166639
2025-04-25 19:30:00,26.799999237060547,26.81999969482422,26.75,26.78499984741211,4862538
2025-04-28 13:30:00,26.899999618530273,27.079999923706055,26.829999923706055,26.863100051879883,2979069
2025-04-28 14:30:00,26.864999771118164,26.9950008392334,26.795000076293945,26.985000610351562,2186905
2025-04-28 15:30:00,26.985000610351562,27.06999969482422,26.950000762939453,27.069000244140625,1872636
2025-04-28 16:30:00,27.06999969482422,27.1200008392334,27.020000457763672,27.084400177001953,2015545
2025-04-28 17:30:00,27.084999084472656,27.25,27.079999923706055,27.219999313354492,2323945
2025-04-28 18:30:00,27.219999313354492,27.229999542236328,27.150299072265625,27.16390037536621,2041012
2025-04-28 19:30:00,27.165000915527344,27.264999389648438,27.1200008392334,27.260000228881836,4663550
2025-04-29 13:30:00,27.094999313354492,27.358400344848633,27.049999237060547,27.303600311279297,3877405
2025-04-29 14:30:00,27.309999465942383,27.43000030517578,27.290000915527344,27.420000076293945,2573027
2025-04-29 15:30:00,27.420000076293945,27.440000534057617,27.290000915527344,27.344999313354492,2705285
2025-04-29 16:30:00,27.344999313354492,27.360000610351562,27.230100631713867,27.350000381469727,1554397
2025-04-29 17:30:00,27.344999313354492,27.399999618530273,27.309999465942383,27.325000762939453,1893679
2025-04-29 18:30:00,27.320100784301758,27.3700008392334,27.299999237060547,27.329999923706055,2457238
2025-04-29 19:30:00,27.325000762939453,27.34000015258789,27.280000686645508,27.290000915527344,3728158
2025-04-30 13:30:00,27.600000381469727,27.889999389648438,27.31999969482422,27.46500015258789,5937469
2025-04-30 14:30:00,27.46500015258789,27.639999389648438,27.424999237060547,27.459999084472656,4342369
2025-04-30 15:30:00,27.462799072265625,27.559999465942383,27.430099487304688,27.520000457763672,2037739
2025-04-30 16:30:00,27.524999618530273,27.579999923706055,27.454999923706055,27.56999969482422,1648693
2025-04-30 17:30:00,27.56999969482422,27.635000228881836,27.520000457763672,27.530000686645508,2009373
2025-04-30 18:30:00,27.530000686645508,27.6299991607666,27.450000762939453,27.55500030517578,2288590
2025-04-30 19:30:00,27.55500030517578,27.799999237060547,27.5,27.68000030517578,5459529
2025-05-01 13:30:00,27.5,27.719499588012695,27.270000457763672,27.68000030517578,8014666
2025-05-01 14:30:00,27.68269920349121,27.770000457763672,27.600000381469727,27.68000030517578,3903360
2025-05-01 15:30:00,27.68000030517578,27.780000686645508,27.639999389648438,27.674999237060547,3197866
2025-05-01 16:30:00,27.670000076293945,27.739999771118164,27.610000610351562,27.649999618530273,2575184
2025-05-01 17:30:00,27.649999618530273,27.764999389648438,27.600000381469727,27.764999389648438,3440269
2025-05-01 18:30:00,27.770000457763672,27.770000457763672,27.625,27.665000915527344,4903048
2025-05-01 19:30:00,27.665000915527344,27.700000762939453,27.604999542236328,27.639999389648438,5366390
2025-05-02 13:30:00,27.600000381469727,27.780000686645508,27.5,27.764999389648438,4313917
2025-05-02 14:30:00,27.770000457763672,27.770000457763672,27.520000457763672,27.584999084472656,2258049
2025-05-02 15:30:00,27.59000015258789,27.645000457763672,27.469999313354492,27.475000381469727,2000411
2025-05-02 16:30:00,27.475000381469727,27.489999771118164,27.360000610351562,27.41320037841797,1383467
2025-05-02 17:30:00,27.41670036315918,27.530000686645508,27.399999618530273,27.524999618530273,1880076
2025-05-02 18:30:00,27.524999618530273,27.690000534057617,27.520000457763672,27.665000915527344,2587297
2025-05-02 19:30:00,27.670000076293945,27.690000534057617,27.59000015258789,27.604999542236328,3343071
2025-05-05 13:30:00,27.559999465942383,27.690000534057617,27.15999984741211,27.274999618530273,3378475
2025-05-05 14:30:00,27.27750015258789,27.475000381469727,27.229999542236328,27.4335994720459,2021066
2025-05-05 15:30:00,27.434999465942383,27.48550033569336,27.399999618530273,27.454999923706055,1464567
2025-05-05 16:30:00,27.450000762939453,27.450000762939453,27.31999969482422,27.352500915527344,1144632
2025-05-05 17:30:00,27.350000381469727,27.459999084472656,27.34000015258789,27.45170021057129,1067946
2025-05-05 18:30:00,27.454999923706055,27.524999618530273,27.440000534057617,27.469999313354492,2241580
2025-05-05 19:30:00,27.475000381469727,27.565000534057617,27.450000762939453,27.520000457763672,4191961
2025-05-06 13:30:00,27.540000915527344,27.69499969482422,27.5,27.684999465942383,3454408
2025-05-06 14:30:00,27.690000534057617,28.040000915527344,27.682100296020508,27.864999771118164,5412099
2025-05-06 15:30:00,27.86989974975586,28.059999465942383,27.834999084472656,27.950000762939453,3542697
2025-05-06 16:30:00,27.952800750732422,28.09000015258789,27.940000534057617,28.05500030517578,2089042
2025-05-06 17:30:00,28.05500030517578,28.139999389648438,28.020000457763672,28.139999389648438,2591284
2025-05-06 18:30:00,28.139999389648438,28.18000030517578,28.1200008392334,28.18000030517578,3097338
2025-05-06 19:30:00,28.174999237060547,28.235000610351562,28.12380027770996,28.15999984741211,4754757
2025-05-07 13:30:00,28.040000915527344,28.354999542236328,27.950000762939453,28.315000534057617,7157848
2025-05-07 14:30:00,28.31999969482422,28.395000457763672,28.19499969482422,28.375,4025980
2025-05-07 15:30:00,28.375,28.385000228881836,28.209999084472656,28.375,2389823
2025-05-07 16:30:00,28.371999740600586,28.389999389648438,28.30500030517578,28.311500549316406,1876419
2025-05-07 17:30:00,28.315000534057617,28.31999969482422,28.100000381469727,28.110000610351562,2052075
2025-05-07 18:30:00,28.114999771118164,28.19499969482422,28.03499984741211,28.094999313354492,2241324
2025-05-07 19:30:00,28.09000015258789,28.15999984741211,28.041799545288086,28.100000381469727,2833816
2025-05-08 13:30:00,28.0,28.040000915527344,27.770000457763672,27.825000762939453,3513840
2025-05-08 14:30:00,27.825000762939453,27.860000610351562,27.649999618530273,27.764999389648438,3640726
2025-05-08 15:30:00,27.764999389648438,27.84000015258789,27.709999084472656,27.82080078125,2427801
2025-05-08 16:30:00,27.825000762939453,27.864999771118164,27.760000228881836,27.825000762939453,2069573
2025-05-08 17:30:00,27.825000762939453,27.829999923706055,27.670000076293945,27.696399688720703,2935132
2025-05-08 18:30:00,27.690099716186523,27.709999084472656,27.639999389648438,27.649999618530273,3131548
2025-05-08 19:30:00,27.655000686645508,27.670000076293945,27.450000762939453,27.489999771118164,5143593
2025-05-09 13:30:00,27.559999465942383,27.81999969482422,27.424800872802734,27.815000534057617,5713401
2025-05-09 14:30:00,27.81999969482422,28.020000457763672,27.764999389648438,28.014999389648438,3944101
2025-05-09 15:30:00,28.014999389648438,28.014999389648438,27.899999618530273,27.915000915527344,3805975
2025-05-09 16:30:00,27.915000915527344,27.920000076293945,27.829999923706055,27.875,1825101
2025-05-09 17:30:00,27.875,27.940000534057617,27.864999771118164,27.885000228881836,1903434
2025-05-09 18:30:00,27.885000228881836,27.975000381469727,27.875,27.915000915527344,2358623
2025-05-09 19:30:00,27.920000076293945,27.940000534057617,27.81999969482422,27.829999923706055,3900464
2025-05-12 13:30:00,27.09000015258789,27.299999237060547,26.709999084472656,26.922500610351562,9931267
2025-05-12 14:30:00,26.924999237060547,27.030000686645508,26.809999465942383,26.81999969482422,5293431
2025-05-12 15:30:00,26.829999923706055,26.860000610351562,26.670000076293945,26.84510040283203,6917137
2025-05-12 16:30:00,26.844999313354492,26.969999313354492,26.795000076293945,26.934999465942383,5040161
2025-05-12 17:30:00,26.934999465942383,27.0,26.850000381469727,26.934999465942383,4713905
2025-05-12 18:30:00,26.934999465942383,27.174999237060547,26.924999237060547,27.15999984741211,5858244
2025-05-12 19:30:00,27.155000686645508,27.165000915527344,26.974899291992188,27.010000228881836,9754100
2025-05-13 13:30:00,27.049999237060547,27.1299991607666,26.524999618530273,26.655000686645508,9388410
2025-05-13 14:30:00,26.65999984741211,26.690000534057617,26.489999771118164,26.559999465942383,7656470
2025-05-13 15:30:00,26.55500030517578,26.59000015258789,26.3700008392334,26.3700008392334,5657787
2025-05-13 16:30:00,26.375,26.459999084472656,26.309999465942383,26.420000076293945,6188199
2025-05-13 17:30:00,26.415000915527344,26.5,26.334999084472656,26.424999237060547,6423952
2025-05-13 18:30:00,26.424999237060547,26.485000610351562,26.34000015258789,26.469999313354492,5780441
2025-05-13 19:30:00,26.475000381469727,26.489999771118164,26.3799991607666,26.43000030517578,9033468
2025-05-14 13:30:00,26.43000030517578,26.59000015258789,26.350000381469727,26.354999542236328,8480025
2025-05-14 14:30:00,26.360000610351562,26.420000076293945,26.309999465942383,26.375,2527480
2025-05-14 15:30:00,26.375,26.43000030517578,26.329999923706055,26.334999084472656,1804373
2025-05-14 16:30:00,26.333599090576172,26.389999389648438,26.299999237060547,26.364999771118164,1632001
2025-05-14 17:30:00,26.364999771118164,26.475000381469727,26.329999923706055,26.459999084472656,2442880
2025-05-14 18:30:00,26.459999084472656,26.5,26.420000076293945,26.44499969482422,2615344
2025-05-14 19:30:00,26.44499969482422,26.545000076293945,26.43000030517578,26.43000030517578,3895838
2025-05-15 13:30:00,26.600000381469727,27.165000915527344,26.594999313354492,27.125,6479927
2025-05-15 14:30:00,27.125,27.260000228881836,27.104999542236328,27.2549991607666,3842586
2025-05-15 15:30:00,27.2549991607666,27.260000228881836,27.110000610351562,27.132600784301758,3210000
2025-05-15 16:30:00,27.1299991607666,27.170000076293945,27.079999923706055,27.155000686645508,1973785
2025-05-15 17:30:00,27.155000686645508,27.229999542236328,27.149999618530273,27.202999114990234,2608122
2025-05-15 18:30:00,27.204999923706055,27.389999389648438,27.18000030517578,27.385000228881836,3438138
2025-05-15 19:30:00,27.385000228881836,27.399999618530273,27.299999237060547,27.350000381469727,5418836
2025-05-16 13:30:00,27.3700008392334,27.43000030517578,27.1200008392334,27.389999389648438,6652281
2025-05-16 14:30:00,27.395000457763672,27.514999389648438,27.375,27.4950008392334,2345219
2025-05-16 15:30:00,27.494199752807617,27.670000076293945,27.485000610351562,27.639999389648438,3120022
2025-05-16 16:30:00,27.639999389648438,27.768600463867188,27.6299991607666,27.729999542236328,3237562
2025-05-16 17:30:00,27.725000381469727,27.739999771118164,27.635000228881836,27.665000915527344,2345403
2025-05-16 18:30:00,27.670000076293945,27.709999084472656,27.635000228881836,27.704999923706055,2618234
2025-05-16 19:30:00,27.704999923706055,27.729999542236328,27.65999984741211,27.71500015258789,4439128
2025-05-19 13:30:00,27.760000228881836,27.88680076599121,27.709999084472656,27.878700256347656,4291825
2025-05-19 14:30:00,27.8799991607666,27.950000762939453,27.875,27.924999237060547,3115185
2025-05-19 15:30:00,27.93000030517578,27.950000762939453,27.84000015258789,27.915000915527344,4691203
2025-05-19 16:30:00,27.90999984741211,28.014999389648438,27.8700008392334,27.985000610351562,2843605
2025-05-19 17:30:00,27.985000610351562,28.014999389648438,27.93000030517578,27.989999771118164,1614735
2025-05-19 18:30:00,27.989999771118164,28.0,27.920000076293945,27.934999465942383,5204406
2025-05-19 19:30:00,27.934999465942383,28.040000915527344,27.93000030517578,28.030000686645508,3436503
2025-05-20 13:30:00,28.049999237060547,28.2549991607666,27.979999542236328,27.985000610351562,4254226
2025-05-20 14:30:00,27.989999771118164,28.014999389648438,27.940000534057617,27.954999923706055,2154426
2025-05-20 15:30:00,27.959999084472656,27.959999084472656,27.829999923706055,27.844999313354492,1946368
2025-05-20 16:30:00,27.844999313354492,27.889999389648438,27.829999923706055,27.850000381469727,1785082
2025-05-20 17:30:00,27.854999542236328,27.8799991607666,27.760000228881836,27.760000228881836,2096138
2025-05-20 18:30:00,27.760000228881836,27.899999618530273,27.75,27.83989906311035,3188352
2025-05-20 19:30:00,27.834999084472656,27.850000381469727,27.75,27.780000686645508,4360039
2025-05-21 13:30:00,27.68000030517578,27.764999389648438,27.434999465942383,27.450000762939453,4469597
2025-05-21 14:30:00,27.450000762939453,27.739999771118164,27.440000534057617,27.725000381469727,4459646
2025-05-21 15:30:00,27.725000381469727,27.764999389648438,27.56999969482422,27.594999313354492,2357140
2025-05-21 16:30:00,27.59000015258789,27.690000534057617,27.584999084472656,27.6299991607666,2064017
2025-05-21 17:30:00,27.6200008392334,27.649999618530273,27.46500015258789,27.485000610351562,2632928
2025-05-21 18:30:00,27.485000610351562,27.5,27.40999984741211,27.469999313354492,2100877
2025-05-21 19:30:00,27.475000381469727,27.530000686645508,27.440000534057617,27.450000762939453,3103076
2025-05-22 13:30:00,27.579999923706055,27.709999084472656,27.434999465942383,27.462799072265625,5641198
2025-05-22 14:30:00,27.46500015258789,27.524999618530273,27.399999618530273,27.475000381469727,1941701
2025-05-22 15:30:00,27.476499557495117,27.510000228881836,27.42099952697754,27.434999465942383,1797275
2025-05-22 16:30:00,27.431800842285156,27.459999084472656,27.354999542236328,27.459999084472656,1342275
2025-05-22 17:30:00,27.454999923706055,27.479999542236328,27.420000076293945,27.44499969482422,1514655
2025-05-22 18:30:00,27.44499969482422,27.450000762939453,27.344999313354492,27.375900268554688,2552551
2025-05-22 19:30:00,27.375,27.3799991607666,27.209999084472656,27.229999542236328,3488849
2025-05-23 13:30:00,27.475000381469727,27.524999618530273,27.18000030517578,27.308000564575195,5289686
2025-05-23 14:30:00,27.30500030517578,27.34000015258789,27.15999984741211,27.25,3874393
2025-05-23 15:30:00,27.25,27.309999465942383,27.229999542236328,27.295000076293945,3003169
2025-05-23 16:30:00,27.295000076293945,27.450000762939453,27.270000457763672,27.450000762939453,2145145
2025-05-23 17:30:00,27.44770050048828,27.530000686645508,27.434999465942383,27.469999313354492,2510385
2025-05-23 18:30:00,27.475000381469727,27.489999771118164,27.43000030517578,27.434999465942383,2468926
2025-05-23 19:30:00,27.434999465942383,27.46500015258789,27.3700008392334,27.40999984741211,3333890
2025-05-27 13:30:00,27.354999542236328,27.610000610351562,27.31999969482422,27.53499984741211,4783380
2025-05-27 14:30:00,27.540000915527344,27.6299991607666,27.479999542236328,27.5049991607666,4637817
2025-05-27 15:30:00,27.5,27.56999969482422,27.489999771118164,27.549999237060547,2339594
2025-05-27 16:30:00,27.549999237060547,27.59000015258789,27.479999542236328,27.501699447631836,1853352
2025-05-27 17:30:00,27.5049991607666,27.56999969482422,27.450000762939453,27.523300170898438,2554532
2025-05-27 18:30:00,27.524999618530273,27.540000915527344,27.45400047302246,27.454999923706055,2786017
2025-05-27 19:30:00,27.454999923706055,27.469999313354492,27.344999313354492,27.399999618530273,5488189
2025-05-28 13:30:00,27.375,27.530000686645508,27.309999465942383,27.3799991607666,4693084
2025-05-28 14:30:00,27.385000228881836,27.520000457763672,27.3700008392334,27.4950008392334,3964947
2025-05-28 15:30:00,27.4950008392334,27.559999465942383,27.40999984741211,27.53499984741211,4270055
2025-05-28 16:30:00,27.53499984741211,27.610000610351562,27.5049991607666,27.60219955444336,2080207
2025-05-28 17:30:00,27.604999542236328,27.61989974975586,27.520000457763672,27.53499984741211,2204945
2025-05-28 18:30:00,27.53499984741211,27.600000381469727,27.520000457763672,27.56999969482422,2858406
2025-05-28 19:30:00,27.56999969482422,27.575000762939453,27.475000381469727,27.510000228881836,6139008
2025-05-29 13:30:00,27.479999542236328,27.5,27.354999542236328,27.405000686645508,4853576
2025-05-29 14:30:00,27.400100708007812,27.40999984741211,27.309999465942383,27.36009979248047,3455225
2025-05-29 15:30:00,27.360000610351562,27.3700008392334,27.270000457763672,27.325000762939453,3142814
2025-05-29 16:30:00,27.325000762939453,27.40999984741211,27.31999969482422,27.395000457763672,1811632
2025-05-29 17:30:00,27.395000457763672,27.43000030517578,27.329999923706055,27.354999542236328,2336065
2025-05-29 18:30:00,27.354999542236328,27.375,27.329999923706055,27.350000381469727,1985855
2025-05-29 19:30:00,27.350000381469727,27.40999984741211,27.31999969482422,27.385000228881836,2710101
2025-05-30 13:30:00,27.389999389648438,27.709999084472656,27.350000381469727,27.56999969482422,3672524
2025-05-30 14:30:00,27.565000534057617,27.639999389648438,27.532699584960938,27.59000015258789,2366428
2025-05-30 15:30:00,27.579999923706055,27.649999618530273,27.559999465942383,27.584999084472656,2209348
2025-05-30 16:30:00,27.59000015258789,27.690000534057617,27.584999084472656,27.655000686645508,1678416
2025-05-30 17:30:00,27.655000686645508,27.670000076293945,27.600000381469727,27.6200008392334,1638954
2025-05-30 18:30:00,27.625,27.69499969482422,27.610000610351562,27.684999465942383,2323637
2025-05-30 19:30:00,27.684999465942383,27.790000915527344,27.6200008392334,27.770000457763672,8136650
2025-06-02 13:30:00,27.649999618530273,27.81999969482422,27.600000381469727,27.75,4368200
2025-06-02 14:30:00,27.7549991607666,27.825000762939453,27.739999771118164,27.764999389648438,3939387
2025-06-02 15:30:00,27.760099411010742,27.8799991607666,27.75,27.854999542236328,3735407
2025-06-02 16:30:00,27.854999542236328,27.93000030517578,27.84000015258789,27.924999237060547,2119468
2025-06-02 17:30:00,27.93000030517578,27.950000762939453,27.850000381469727,27.885000228881836,2251056
2025-06-02 18:30:00,27.882999420166016,27.940000534057617,27.864999771118164,27.92970085144043,2462772
2025-06-02 19:30:00,27.93000030517578,27.959999084472656,27.90999984741211,27.950000762939453,3938640
2025-06-03 13:30:00,27.889999389648438,28.1299991607666,27.739999771118164,27.774999618530273,4705694
2025-06-03 14:30:00,27.774999618530273,27.799999237060547,27.645000457763672,27.75,3647585
2025-06-03 15:30:00,27.7549991607666,27.84000015258789,27.75,27.81999969482422,3541002
2025-06-03 16:30:00,27.825000762939453,27.8799991607666,27.799999237060547,27.854999542236328,2004121
2025-06-03 17:30:00,27.854999542236328,27.93000030517578,27.829999923706055,27.920000076293945,1987652
2025-06-03 18:30:00,27.920000076293945,27.940000534057617,27.8799991607666,27.915000915527344,2259465
2025-06-03 19:30:00,27.915000915527344,28.0,27.889999389648438,27.969999313354492,3153927
2025-06-04 13:30:00,27.954999923706055,27.959999084472656,27.760000228881836,27.801799774169922,3250153
2025-06-04 14:30:00,27.80229949951172,27.81999969482422,27.65999984741211,27.684999465942383,3378098
2025-06-04 15:30:00,27.683000564575195,27.700000762939453,27.649999618530273,27.69499969482422,2078924
2025-06-04 16:30:00,27.700000762939453,27.729999542236328,27.65999984741211,27.674999237060547,2185975
2025-06-04 17:30:00,27.674999237060547,27.729999542236328,27.65999984741211,27.65999984741211,2183778
2025-06-04 18:30:00,27.660499572753906,27.670000076293945,27.219999313354492,27.43000030517578,9685315
2025-06-04 19:30:00,27.434999465942383,27.475000381469727,27.329999923706055,27.3700008392334,5288962
2025-06-05 13:30:00,27.43000030517578,27.729999542236328,27.329999923706055,27.655000686645508,4504895
2025-06-05 14:30:00,27.65999984741211,27.799999237060547,27.651500701904297,27.7450008392334,3933364
2025-06-05 15:30:00,27.7450008392334,27.760000228881836,27.670000076293945,27.684999465942383,2765076
2025-06-05 16:30:00,27.684999465942383,27.690000534057617,27.565000534057617,27.635000228881836,2171208
2025-06-05 17:30:00,27.635000228881836,27.649999618530273,27.540000915527344,27.576499938964844,3097573
2025-06-05 18:30:00,27.575000762939453,27.735000610351562,27.56100082397461,27.704999923706055,3697770
2025-06-05 19:30:00,27.704999923706055,27.848100662231445,27.690000534057617,27.770000457763672,3136940
2025-06-06 13:30:00,27.770000457763672,28.049999237060547,27.770000457763672,27.989999771118164,3753406
2025-06-06 14:30:00,27.985000610351562,28.09000015258789,27.9424991607666,27.954999923706055,2875610
2025-06-06 15:30:00,27.94499969482422,28.0,27.920000076293945,27.975000381469727,2118524
2025-06-06 16:30:00,27.979999542236328,28.010000228881836,27.920000076293945,27.96500015258789,1271867
2025-06-06 17:30:00,27.969999313354492,28.030000686645508,27.950000762939453,28.014999389648438,3944125
2025-06-06 18:30:00,28.014999389648438,28.059999465942383,28.010000228881836,28.024999618530273,1852898
2025-06-06 19:30:00,28.024999618530273,28.100000381469727,28.020000457763672,28.065000534057617,2888385
2025-06-09 13:30:00,27.829999923706055,28.079999923706055,27.829999923706055,28.05500030517578,3949808
2025-06-09 14:30:00,28.059999465942383,28.06999969482422,27.934999465942383,27.934999465942383,2376524
2025-06-09 15:30:00,27.939899444580078,28.020000457763672,27.912500381469727,28.0049991607666,1854971
2025-06-09 16:30:00,28.0049991607666,28.030000686645508,27.940000534057617,28.014999389648438,1678172
2025-06-09 17:30:00,28.014999389648438,28.020000457763672,27.90999984741211,27.940000534057617,2366573
2025-06-09 18:30:00,27.940000534057617,27.979999542236328,27.889999389648438,27.895000457763672,2465540
2025-06-09 19:30:00,27.895000457763672,27.959999084472656,27.860000610351562,27.864999771118164,4604075
2025-06-10 13:30:00,27.90999984741211,28.219999313354492,27.850000381469727,28.110000610351562,7995215
2025-06-10 14:30:00,28.1200008392334,28.344999313354492,28.079999923706055,28.344999313354492,4225956
2025-06-10 15:30:00,28.344999313354492,28.610000610351562,28.344999313354492,28.604999542236328,4601558
2025-06-10 16:30:00,28.604999542236328,28.610000610351562,28.520000457763672,28.53499984741211,3037318
2025-06-10 17:30:00,28.53499984741211,28.59000015258789,28.510000228881836,28.53499984741211,2351625
2025-06-10 18:30:00,28.540000915527344,28.549999237060547,28.450000762939453,28.454999923706055,3049099
2025-06-10 19:30:00,28.454999923706055,28.469999313354492,28.34000015258789,28.43000030517578,4589393
2025-06-11 13:30:00,28.479999542236328,28.610000610351562,28.424999237060547,28.575000762939453,5809441
2025-06-11 14:30:00,28.57979965209961,28.604999542236328,28.5,28.514999389648438,5739731
2025-06-11 15:30:00,28.520000457763672,28.579999923706055,28.43000030517578,28.565000534057617,3172635
2025-06-11 16:30:00,28.565000534057617,28.579999923706055,28.40999984741211,28.415000915527344,1847632
2025-06-11 17:30:00,28.420000076293945,28.420000076293945,28.299999237060547,28.309999465942383,2505847
2025-06-11 18:30:00,28.315000534057617,28.34000015258789,28.2450008392334,28.264999389648438,2581851
2025-06-11 19:30:00,28.264999389648438,28.34000015258789,28.2450008392334,28.34000015258789,3833963
2025-06-12 13:30:00,28.469999313354492,28.469999313354492,28.201400756835938,28.290000915527344,3085728
2025-06-12 14:30:00,28.28499984741211,28.309999465942383,28.190000534057617,28.222200393676758,2889176
2025-06-12 15:30:00,28.225000381469727,28.270000457763672,28.18000030517578,28.204999923706055,1957855
2025-06-12 16:30:00,28.204999923706055,28.209999084472656,28.1200008392334,28.170000076293945,2053043
2025-06-12 17:30:00,28.170000076293945,28.289899826049805,28.149999618530273,28.28499984741211,1742857
2025-06-12 18:30:00,28.28019905090332,28.325000762939453,28.239999771118164,28.2549991607666,2086944
2025-06-12 19:30:00,28.2549991607666,28.27989959716797,28.219999313354492,28.264999389648438,4210172
2025-06-13 13:30:00,28.229999542236328,28.34000015258789,28.110000610351562,28.280000686645508,3832330
2025-06-13 14:30:00,28.280000686645508,28.31999969482422,28.18000030517578,28.204999923706055,3087868
2025-06-13 15:30:00,28.209999084472656,28.288999557495117,28.170000076293945,28.235000610351562,1587893
2025-06-13 16:30:00,28.235000610351562,28.26650047302246,28.219999313354492,28.235000610351562,1198243
2025-06-13 17:30:00,28.229999542236328,28.264999389648438,28.204999923706055,28.21500015258789,1253431
2025-06-13 18:30:00,28.21500015258789,28.239999771118164,28.18000030517578,28.19499969482422,1768153
2025-06-13 19:30:00,28.190000534057617,28.21500015258789,28.114999771118164,28.170000076293945,2828191
2025-06-16 13:30:00,28.149999618530273,28.389999389648438,28.030000686645508,28.375,3817866
2025-06-16 14:30:00,28.375,28.3799991607666,28.149999618530273,28.165000915527344,2621054
2025-06-16 15:30:00,28.165000915527344,28.174999237060547,27.979999542236328,28.010000228881836,2461822
2025-06-16 16:30:00,28.011999130249023,28.020000457763672,27.780000686645508,27.829999923706055,3335370
2025-06-16 17:30:00,27.834999084472656,27.915000915527344,27.815000534057617,27.854999542236328,2914673
2025-06-16 18:30:00,27.854999542236328,27.90999984741211,27.799999237060547,27.809999465942383,2990616
2025-06-16 19:30:00,27.809999465942383,27.969999313354492,27.809999465942383,27.969999313354492,4112139
2025-06-17 13:30:00,27.850000381469727,27.96500015258789,27.665000915527344,27.899999618530273,5137144
2025-06-17 14:30:00,27.905000686645508,27.959999084472656,27.829999923706055,27.8700008392334,3170725
2025-06-17 15:30:00,27.875,27.940000534057617,27.8700008392334,27.915000915527344,2199561
2025-06-17 16:30:00,27.920000076293945,27.950000762939453,27.709999084472656,27.71500015258789,2470549
2025-06-17 17:30:00,27.709999084472656,27.760000228881836,27.6299991607666,27.759899139404297,3185451
2025-06-17 18:30:00,27.7549991607666,27.776399612426758,27.709999084472656,27.735000610351562,2767533
2025-06-17 19:30:00,27.729999542236328,27.760000228881836,27.59000015258789,27.649999618530273,7126520
2025-06-18 13:30:00,27.760000228881836,27.829999923706055,27.625,27.719999313354492,4952886
2025-06-18 14:30:00,27.719999313354492,27.760000228881836,27.65999984741211,27.665000915527344,3529687
2025-06-18 15:30:00,27.665000915527344,27.679899215698242,27.59000015258789,27.610000610351562,2137998
2025-06-18 16:30:00,27.604999542236328,27.670000076293945,27.600099563598633,27.665000915527344,1443821
2025-06-18 17:30:00,27.665000915527344,27.729999542236328,27.639999389648438,27.674999237060547,1995738
2025-06-18 18:30:00,27.674999237060547,27.719999313354492,27.610000610351562,27.674999237060547,2413971
2025-06-18 19:30:00,27.674999237060547,27.729999542236328,27.6299991607666,27.670000076293945,3969116
2025-06-20 13:30:00,27.68000030517578,28.065000534057617,27.6200008392334,28.03499984741211,10334939
2025-06-20 14:30:00,28.03350067138672,28.10540008544922,27.975000381469727,28.060100555419922,3161227
2025-06-20 15:30:00,28.065000534057617,28.079999923706055,27.96500015258789,27.972200393676758,2442922
2025-06-20 16:30:00,27.975000381469727,28.040000915527344,27.90999984741211,28.024999618530273,2086048
2025-06-20 17:30:00,28.020000457763672,28.040000915527344,27.950000762939453,27.96500015258789,1357474
2025-06-20 18:30:00,27.962499618530273,27.969999313354492,27.860000610351562,27.875,2416455
2025-06-20 19:30:00,27.8799991607666,27.899999618530273,27.760000228881836,27.780000686645508,5738287
2025-06-23 13:30:00,27.799999237060547,28.15999984741211,27.799999237060547,28.0049991607666,4901896
2025-06-23 14:30:00,28.0049991607666,28.027599334716797,27.94230079650879,28.0,2570922
2025-06-23 15:30:00,27.989999771118164,28.014999389648438,27.93000030517578,27.9950008392334,1930262
2025-06-23 16:30:00,27.9950008392334,28.1299991607666,27.989999771118164,28.114999771118164,2278606
2025-06-23 17:30:00,28.1200008392334,28.15999984741211,28.09000015258789,28.100000381469727,1726244
2025-06-23 18:30:00,28.100000381469727,28.170000076293945,28.049999237060547,28.157499313354492,2590740
2025-06-23 19:30:00,28.15999984741211,28.295000076293945,28.145000457763672,28.209999084472656,4540031
2025-06-24 13:30:00,28.155000686645508,28.240100860595703,28.024999618530273,28.219999313354492,4196242
2025-06-24 14:30:00,28.21500015258789,28.25,28.18000030517578,28.2450008392334,2602973
2025-06-24 15:30:00,28.2450008392334,28.289899826049805,28.170000076293945,28.218399047851562,1864640
2025-06-24 16:30:00,28.21500015258789,28.270000457763672,28.200000762939453,28.2549991607666,1526337
2025-06-24 17:30:00,28.2549991607666,28.270000457763672,28.211999893188477,28.219999313354492,1697424
2025-06-24 18:30:00,28.219999313354492,28.34000015258789,28.219999313354492,28.334999084472656,2153215
2025-06-24 19:30:00,28.329999923706055,28.350000381469727,28.270000457763672,28.280000686645508,4293445
2025-06-25 13:30:00,28.139999389648438,28.350000381469727,28.010000228881836,28.200000762939453,3806642
2025-06-25 14:30:00,28.190000534057617,28.200000762939453,27.959999084472656,27.964799880981445,3315071
2025-06-25 15:30:00,27.964599609375,28.028600692749023,27.940000534057617,28.010000228881836,1854915
2025-06-25 16:30:00,28.0049991607666,28.020000457763672,27.940000534057617,27.985000610351562,2083629
2025-06-25 17:30:00,27.985000610351562,28.015399932861328,27.920000076293945,27.94499969482422,2301939
2025-06-25 18:30:00,27.94499969482422,27.989999771118164,27.875,27.973100662231445,3154514
2025-06-25 19:30:00,27.97439956665039,27.979999542236328,27.899999618530273,27.940000534057617,3786863
2025-06-26 13:30:00,27.979999542236328,28.100000381469727,27.822999954223633,27.851200103759766,3942959
2025-06-26 14:30:00,27.860000610351562,27.90999984741211,27.799999237060547,27.905000686645508,2635098
2025-06-26 15:30:00,27.90999984741211,28.0,27.889999389648438,27.997400283813477,2233658
2025-06-26 16:30:00,27.99449920654297,28.040000915527344,27.969999313354492,28.0,3209260
2025-06-26 17:30:00,28.0,28.040000915527344,27.989999771118164,27.989999771118164,1496232
2025-06-26 18:30:00,27.9950008392334,27.999900817871094,27.920000076293945,27.959999084472656,1880556
2025-06-26 19:30:00,27.959999084472656,28.049999237060547,27.934999465942383,28.030000686645508,3892538
2025-06-27 13:30:00,28.0,28.110000610351562,27.940000534057617,28.094999313354492,3627293
2025-06-27 14:30:00,28.094999313354492,28.18000030517578,28.079999923706055,28.104999542236328,2853614
2025-06-27 15:30:00,28.10460090637207,28.110000610351562,28.030000686645508,28.059999465942383,1744014
2025-06-27 16:30:00,28.065000534057617,28.06999969482422,27.9950008392334,28.00790023803711,1883378
2025-06-27 17:30:00,28.0049991607666,28.059999465942383,27.924999237060547,27.954999923706055,2242286
2025-06-27 18:30:00,27.95490074157715,27.968000411987305,27.895000457763672,27.959999084472656,2292909
2025-06-27 19:30:00,27.954999923706055,28.09000015258789,27.950000762939453,28.065000534057617,3699129
2025-06-30 13:30:00,28.1200008392334,28.649999618530273,28.100000381469727,28.549999237060547,6753730
2025-06-30 14:30:00,28.549999237060547,28.649999618530273,28.479999542236328,28.640100479125977,2436735
2025-06-30 15:30:00,28.649999618530273,28.670000076293945,28.545000076293945,28.584999084472656,1840577
2025-06-30 16:30:00,28.584999084472656,28.649999618530273,28.58009910583496,28.64349937438965,1703041
2025-06-30 17:30:00,28.646499633789062,28.65999984741211,28.209999084472656,28.600000381469727,7465261
2025-06-30 18:30:00,28.59000015258789,28.790000915527344,28.559999465942383,28.790000915527344,3083786
2025-06-30 19:30:00,28.78499984741211,29.020000457763672,28.770000457763672,28.920000076293945,7703159
2025-07-01 13:30:00,28.989999771118164,29.190000534057617,28.81999969482422,28.905000686645508,5280305
2025-07-01 14:30:00,28.905000686645508,29.030000686645508,28.899999618530273,28.920000076293945,3303011
2025-07-01 15:30:00,28.920000076293945,28.924999237060547,28.700000762939453,28.71500015258789,2764865
2025-07-01 16:30:00,28.71500015258789,28.834999084472656,28.704999923706055,28.800100326538086,2595613
2025-07-01 17:30:00,28.80500030517578,28.8799991607666,28.770000457763672,28.799999237060547,2189254
2025-07-01 18:30:00,28.80500030517578,28.850000381469727,28.78499984741211,28.825000762939453,2250045
2025-07-01 19:30:00,28.825000762939453,28.90999984741211,28.81999969482422,28.8700008392334,2941200
2025-07-02 13:30:00,28.809999465942383,29.030000686645508,28.700000762939453,28.70479965209961,12691801
2025-07-02 14:30:00,28.704999923706055,28.704999923706055,28.43000030517578,28.514999389648438,3633190
2025-07-02 15:30:00,28.510000228881836,28.540000915527344,28.420000076293945,28.520000457763672,2588638
2025-07-02 16:30:00,28.524999618530273,28.559999465942383,28.40999984741211,28.40999984741211,2143825
2025-07-02 17:30:00,28.414899826049805,28.450000762939453,28.3700008392334,28.415000915527344,1834316
2025-07-02 18:30:00,28.415000915527344,28.43000030517578,28.34000015258789,28.405000686645508,2129890
2025-07-02 19:30:00,28.405000686645508,28.44499969482422,28.290000915527344,28.309999465942383,4442785
2025-07-03 13:30:00,28.290000915527344,28.3799991607666,28.1299991607666,28.30900001525879,4938396
2025-07-03 14:30:00,28.30500030517578,28.40999984741211,28.270000457763672,28.28499984741211,3138469
2025-07-03 15:30:00,28.28499984741211,28.360000610351562,28.260000228881836,28.315000534057617,2095384
2025-07-07 13:30:00,28.420000076293945,28.469999313354492,28.260000228881836,28.341800689697266,3686901
2025-07-07 14:30:00,28.348899841308594,28.399999618530273,28.270000457763672,28.325000762939453,2324219
2025-07-07 15:30:00,28.325000762939453,28.36520004272461,28.223100662231445,28.264999389648438,1963412
2025-07-07 16:30:00,28.264999389648438,28.3799991607666,28.260000228881836,28.344999313354492,2024025
2025-07-07 17:30:00,28.344999313354492,28.360000610351562,28.280000686645508,28.28499984741211,3032743
2025-07-07 18:30:00,28.28499984741211,28.40999984741211,28.26201629638672,28.389999389648438,1663933
2025-07-07 19:30:00,28.385000228881836,28.40999984741211,28.329999923706055,28.405000686645508,2997126
2025-07-08 13:30:00,28.239999771118164,28.367300033569336,28.110000610351562,28.1299991607666,3973747
2025-07-08 14:30:00,28.133499145507812,28.270000457763672,28.079999923706055,28.235000610351562,2982749
2025-07-08 15:30:00,28.235000610351562,28.389999389648438,28.200000762939453,28.375,2281490
2025-07-08 16:30:00,28.3799991607666,28.399999618530273,28.270000457763672,28.378299713134766,1963599
2025-07-08 17:30:00,28.3799991607666,28.459999084472656,28.360000610351562,28.364999771118164,2147886
2025-07-08 18:30:00,28.360000610351562,28.450000762939453,28.360000610351562,28.440000534057617,2153475
2025-07-08 19:30:00,28.440000534057617,28.440000534057617,28.274999618530273,28.299999237060547,3970695
2025-07-09 13:30:00,28.329999923706055,28.3799991607666,28.049999237060547,28.21179962158203,4443653
2025-07-09 14:30:00,28.209999084472656,28.260000228881836,28.122600555419922,28.246999740600586,4080016
2025-07-09 15:30:00,28.2450008392334,28.25,27.959999084472656,28.040000915527344,3364370
2025-07-09 16:30:00,28.040000915527344,28.170000076293945,28.010000228881836,28.165000915527344,2581112
2025-07-09 17:30:00,28.165000915527344,28.170000076293945,28.06999969482422,28.139999389648438,3436839
2025-07-09 18:30:00,28.145000457763672,28.219999313354492,28.125,28.174999237060547,3144597
2025-07-09 19:30:00,28.174999237060547,28.18000030517578,28.059999465942383,28.10770034790039,6079253
2025-07-10 13:30:00,27.760000228881836,27.81999969482422,27.649999618530273,27.655000686645508,4295002
2025-07-10 14:30:00,27.655000686645508,27.68000030517578,27.479999542236328,27.540000915527344,3489104
2025-07-10 15:30:00,27.53499984741211,27.639999389648438,27.530000686645508,27.565000534057617,2223430
2025-07-10 16:30:00,27.559999465942383,27.649999618530273,27.540000915527344,27.649999618530273,1773511
2025-07-10 17:30:00,27.645000457763672,27.719999313354492,27.600500106811523,27.712900161743164,1683008
2025-07-10 18:30:00,27.71500015258789,27.719999313354492,27.6200008392334,27.67375373840332,2553055
2025-07-10 19:30:00,27.68000030517578,27.690000534057617,27.549999237060547,27.604999542236328,4788435
2025-07-11 13:30:00,27.545000076293945,27.545000076293945,26.940000534057617,26.969999313354492,6711696
2025-07-11 14:30:00,26.96500015258789,27.010000228881836,26.790000915527344,26.815000534057617,6480613
2025-07-11 15:30:00,26.81999969482422,26.829999923706055,26.614999771118164,26.7450008392334,5115523
2025-07-11 16:30:00,26.743799209594727,26.985000610351562,26.735000610351562,26.934999465942383,3786422
2025-07-11 17:30:00,26.940000534057617,27.010000228881836,26.90999984741211,26.9950008392334,2909085
2025-07-11 18:30:00,26.9950008392334,27.06999969482422,26.985000610351562,27.06999969482422,3949483
2025-07-11 19:30:00,27.06999969482422,27.1299991607666,26.950000762939453,26.959999084472656,6595771
2025-07-14 13:30:00,27.020000457763672,27.510000228881836,27.014999389648438,27.274999618530273,6904239
2025-07-14 14:30:00,27.274999618530273,27.299999237060547,27.150100708007812,27.25830078125,2811031
2025-07-14 15:30:00,27.2549991607666,27.260000228881836,27.110000610351562,27.135000228881836,2471142
2025-07-14 16:30:00,27.1299991607666,27.200000762939453,27.1299991607666,27.139999389648438,1698660
2025-07-14 17:30:00,27.145000457763672,27.190000534057617,27.100000381469727,27.184999465942383,2188289
2025-07-14 18:30:00,27.184999465942383,27.25,27.18000030517578,27.225000381469727,2951343
2025-07-14 19:30:00,27.225000381469727,27.229999542236328,27.100000381469727,27.170000076293945,6003176
2025-07-15 13:30:00,26.924999237060547,27.1200008392334,26.829999923706055,26.854999542236328,7130808
2025-07-15 14:30:00,26.854999542236328,27.020000457763672,26.84000015258789,26.905000686645508,3048535
2025-07-15 15:30:00,26.905000686645508,26.940000534057617,26.78499984741211,26.875,2496962
2025-07-15 16:30:00,26.875200271606445,26.934999465942383,26.84000015258789,26.93000030517578,1613021
2025-07-15 17:30:00,26.93000030517578,27.06999969482422,26.90999984741211,27.022899627685547,1996219
2025-07-15 18:30:00,27.024999618530273,27.06999969482422,27.0,27.024999618530273,2296696
2025-07-15 19:30:00,27.024999618530273,27.06999969482422,26.979999542236328,27.0,3445787
2025-07-16 13:30:00,27.020000457763672,27.09000015258789,26.8799991607666,26.979999542236328,3524328
2025-07-16 14:30:00,26.979999542236328,27.049999237060547,26.940000534057617,27.040000915527344,3244728
2025-07-16 15:30:00,27.040000915527344,27.059999465942383,27.0,27.015300750732422,2203445
2025-07-16 16:30:00,27.014999389648438,27.110000610351562,27.0,27.045000076293945,1895562
2025-07-16 17:30:00,27.049999237060547,27.059999465942383,26.90999984741211,26.90999984741211,1925742
2025-07-16 18:30:00,26.920000076293945,27.040000915527344,26.90999984741211,26.979000091552734,1829508
2025-07-16 19:30:00,26.971900939941406,27.0,26.920000076293945,26.940000534057617,3210090
2025-07-17 13:30:00,26.799999237060547,27.045000076293945,26.799999237060547,26.985000610351562,4026711
2025-07-17 14:30:00,26.989999771118164,27.0,26.81999969482422,26.895000457763672,2808534
2025-07-17 15:30:00,26.89349937438965,26.93000030517578,26.850000381469727,26.885000228881836,2211010
2025-07-17 16:30:00,26.885000228881836,26.915000915527344,26.770000457763672,26.915000915527344,2109933
2025-07-17 17:30:00,26.915000915527344,27.010000228881836,26.90999984741211,26.9950008392334,2318654
2025-07-17 18:30:00,26.9950008392334,27.049999237060547,26.969999313354492,26.9950008392334,2244415
2025-07-17 19:30:00,26.9950008392334,27.030000686645508,26.950000762939453,27.014999389648438,3491425
2025-07-18 13:30:00,26.959999084472656,27.020000457763672,26.799999237060547,26.993499755859375,6338165
2025-07-18 14:30:00,27.0,27.03499984741211,26.920000076293945,26.954999923706055,3032833
2025-07-18 15:30:00,26.954999923706055,27.020000457763672,26.93000030517578,26.9950008392334,2497980
2025-07-18 16:30:00,26.9950008392334,27.040000915527344,26.86009979248047,26.88010025024414,1766981
2025-07-18 17:30:00,26.885000228881836,26.979999542236328,26.885000228881836,26.899999618530273,1848319
2025-07-18 18:30:00,26.895000457763672,26.969999313354492,26.8799991607666,26.954999923706055,2568999
2025-07-18 19:30:00,26.950000762939453,26.959999084472656,26.889999389648438,26.924999237060547,4322838
2025-07-21 13:30:00,27.454999923706055,27.719999313354492,27.25,27.514999389648438,8611334
2025-07-21 14:30:00,27.514999389648438,27.530000686645508,27.44499969482422,27.469999313354492,4719868
2025-07-21 15:30:00,27.475000381469727,27.605300903320312,27.459999084472656,27.539899826049805,2681710
2025-07-21 16:30:00,27.53499984741211,27.59000015258789,27.502099990844727,27.53499984741211,2401931
2025-07-21 17:30:00,27.53499984741211,27.55500030517578,27.385000228881836,27.415000915527344,2427895
2025-07-21 18:30:00,27.415000915527344,27.450000762939453,27.375,27.405000686645508,2851600
2025-07-21 19:30:00,27.405000686645508,27.40999984741211,27.329999923706055,27.399999618530273,4434305
2025-07-22 13:30:00,27.450000762939453,27.760000228881836,27.3799991607666,27.639999389648438,5672577
2025-07-22 14:30:00,27.639999389648438,27.65999984741211,27.3700008392334,27.3799991607666,3797887
2025-07-22 15:30:00,27.375,27.385000228881836,27.219999313354492,27.3799991607666,3890112
2025-07-22 16:30:00,27.375,27.3799991607666,27.280000686645508,27.334999084472656,2723881
2025-07-22 17:30:00,27.334999084472656,27.360000610351562,27.309999465942383,27.354999542236328,2487749
2025-07-22 18:30:00,27.354999542236328,27.415000915527344,27.290000915527344,27.395000457763672,4373730
2025-07-22 19:30:00,27.399999618530273,27.43000030517578,27.299999237060547,27.405000686645508,6642432
2025-07-23 13:30:00,26.299999237060547,27.459999084472656,25.850000381469727,27.424999237060547,23129054
2025-07-23 14:30:00,27.424999237060547,27.68000030517578,27.36009979248047,27.524999618530273,6152250
2025-07-23 15:30:00,27.524999618530273,27.6299991607666,27.450000762939453,27.485000610351562,3651721
2025-07-23 16:30:00,27.485000610351562,27.545000076293945,27.170000076293945,27.19499969482422,5099103
2025-07-23 17:30:00,27.19499969482422,27.540000915527344,27.190000534057617,27.509899139404297,4695000
2025-07-23 18:30:00,27.510000228881836,27.59000015258789,27.420000076293945,27.55500030517578,6913730
2025-07-23 19:30:00,27.55500030517578,27.75,27.530000686645508,27.75,7511006
2025-07-24 13:30:00,27.770000457763672,28.059999465942383,27.690000534057617,27.905000686645508,10205913
2025-07-24 14:30:00,27.905000686645508,28.135000228881836,27.8700008392334,27.8799991607666,6012308
2025-07-24 15:30:00,27.8799991607666,28.170000076293945,27.8799991607666,27.9950008392334,5801659
2025-07-24 16:30:00,27.9950008392334,28.1299991607666,27.920000076293945,27.934999465942383,2980099
2025-07-24 17:30:00,27.934999465942383,27.96500015258789,27.795000076293945,27.915000915527344,3984224
2025-07-24 18:30:00,27.915000915527344,27.93000030517578,27.809999465942383,27.825000762939453,3277890
2025-07-24 19:30:00,27.825000762939453,27.94499969482422,27.799999237060547,27.940000534057617,7789425
2025-07-25 13:30:00,27.90999984741211,28.350000381469727,27.75,28.260000228881836,6257819
2025-07-25 14:30:00,28.264999389648438,28.30500030517578,28.059999465942383,28.125,5123281
2025-07-25 15:30:00,28.1200008392334,28.15999984741211,28.03499984741211,28.05500030517578,2889604
2025-07-25 16:30:00,28.05500030517578,28.125,28.030000686645508,28.114999771118164,2128153
2025-07-25 17:30:00,28.113000869750977,28.1299991607666,28.06999969482422,28.1200008392334,2457013
2025-07-25 18:30:00,28.114999771118164,28.170000076293945,28.075000762939453,28.125,2916960
2025-07-25 19:30:00,28.125,28.1299991607666,28.0,28.024999618530273,5775896
2025-07-28 13:30:00,27.93000030517578,27.93000030517578,27.610000610351562,27.6200008392334,6291111
2025-07-28 14:30:00,27.625,27.729999542236328,27.56999969482422,27.68000030517578,4366780
2025-07-28 15:30:00,27.684999465942383,27.719999313354492,27.56999969482422,27.700000762939453,2385001
2025-07-28 16:30:00,27.69070053100586,27.700000762939453,27.6200008392334,27.636899948120117,1901370
2025-07-28 17:30:00,27.6299991607666,27.639999389648438,27.559999465942383,27.6299991607666,1925925
2025-07-28 18:30:00,27.6299991607666,27.65999984741211,27.604900360107422,27.6299991607666,4157655
2025-07-28 19:30:00,27.625,27.639999389648438,27.53499984741211,27.600000381469727,3925561
2025-07-29 13:30:00,27.68000030517578,27.799999237060547,27.625,27.725000381469727,5137294
2025-07-29 14:30:00,27.729900360107422,27.929899215698242,27.700000762939453,27.8799991607666,4924458
2025-07-29 15:30:00,27.8799991607666,27.8799991607666,27.510000228881836,27.55500030517578,4205594
2025-07-29 16:30:00,27.552499771118164,27.57830047607422,27.46500015258789,27.4950008392334,2042451
2025-07-29 17:30:00,27.4950008392334,27.527700424194336,27.360000610351562,27.3700008392334,2843042
2025-07-29 18:30:00,27.375,27.459999084472656,27.360000610351562,27.424999237060547,2931000
2025-07-29 19:30:00,27.424999237060547,27.459999084472656,27.31999969482422,27.420000076293945,5984308
2025-07-30 13:30:00,27.34000015258789,27.708599090576172,27.239999771118164,27.640100479125977,3442629
2025-07-30 14:30:00,27.647611618041992,27.670000076293945,27.575000762939453,27.63010025024414,2696258
2025-07-30 15:30:00,27.635000228881836,27.684999465942383,27.559999465942383,27.645000457763672,2599165
2025-07-30 16:30:00,27.645000457763672,27.649999618530273,27.5049991607666,27.524999618530273,2399497
2025-07-30 17:30:00,27.520000457763672,27.559999465942383,27.40999984741211,27.4950008392334,3074995
2025-07-30 18:30:00,27.4950008392334,27.549999237060547,27.360000610351562,27.395000457763672,3828892
2025-07-30 19:30:00,27.399999618530273,27.530000686645508,27.350000381469727,27.5,5667990
2025-07-31 13:30:00,27.350000381469727,27.719999313354492,27.34000015258789,27.524999618530273,4475888
2025-07-31 14:30:00,27.524999618530273,27.600000381469727,27.479999542236328,27.485000610351562,3269933
2025-07-31 15:30:00,27.48390007019043,27.639999389648438,27.479999542236328,27.545000076293945,3630391
2025-07-31 16:30:00,27.545000076293945,27.639999389648438,27.530000686645508,27.575000762939453,2364042
2025-07-31 17:30:00,27.575000762939453,27.600000381469727,27.47010040283203,27.5049991607666,2379822
2025-07-31 18:30:00,27.5049991607666,27.530000686645508,27.389999389648438,27.440000534057617,3469301
2025-07-31 19:30:00,27.440000534057617,27.469999313354492,27.309999465942383,27.405000686645508,4747015
2025-08-01 13:30:00,27.639999389648438,27.770000457763672,27.34000015258789,27.674999237060547,9179761
2025-08-01 14:30:00,27.670000076293945,27.795000076293945,27.489999771118164,27.78499984741211,5061549
2025-08-01 15:30:00,27.78499984741211,27.78499984741211,27.68000030517578,27.780000686645508,3149008
2025-08-01 16:30:00,27.780000686645508,27.93000030517578,27.770000457763672,27.825000762939453,3662706
2025-08-01 17:30:00,27.81999969482422,27.865299224853516,27.790000915527344,27.795000076293945,2828895
2025-08-01 18:30:00,27.795000076293945,27.834999084472656,27.760000228881836,27.774999618530273,3119746
2025-08-01 19:30:00,27.770000457763672,27.84000015258789,27.739999771118164,27.7549991607666,4334538
2025-08-04 13:30:00,27.790000915527344,27.920000076293945,27.65999984741211,27.674999237060547,4049789
2025-08-04 14:30:00,27.670000076293945,27.700000762939453,27.56999969482422,27.579999923706055,2690597
2025-08-04 15:30:00,27.579999923706055,27.71500015258789,27.579999923706055,27.674999237060547,2137522
2025-08-04 16:30:00,27.670000076293945,27.725000381469727,27.604799270629883,27.640100479125977,1777864
2025-08-04 17:30:00,27.649900436401367,27.690000534057617,27.610000610351562,27.684999465942383,1474019
2025-08-04 18:30:00,27.690000534057617,27.690000534057617,27.632600784301758,27.665000915527344,1861296
2025-08-04 19:30:00,27.670000076293945,27.709999084472656,27.639999389648438,27.665000915527344,3659937
2025-08-05 13:30:00,27.719999313354492,27.809999465942383,27.670000076293945,27.774999618530273,3451689
2025-08-05 14:30:00,27.774999618530273,27.850000381469727,27.670000076293945,27.725000381469727,2709044
2025-08-05 15:30:00,27.725000381469727,27.81999969482422,27.709999084472656,27.7549991607666,2486394
2025-08-05 16:30:00,27.7549991607666,27.90999984741211,27.740100860595703,27.905000686645508,1820035
2025-08-05 17:30:00,27.90999984741211,27.969999313354492,27.780000686645508,27.789899826049805,2267973
2025-08-05 18:30:00,27.790000915527344,27.81529998779297,27.760000228881836,27.80500030517578,2476825
2025-08-05 19:30:00,27.80500030517578,27.81999969482422,27.760000228881836,27.774999618530273,2665129
2025-08-06 13:30:00,27.940000534057617,28.059999465942383,27.780000686645508,27.860000610351562,4650975
2025-08-06 14:30:00,27.860000610351562,27.93000030517578,27.80500030517578,27.915000915527344,3840753
2025-08-06 15:30:00,27.915000915527344,27.940000534057617,27.790000915527344,27.882099151611328,4081746
2025-08-06 16:30:00,27.885000228881836,27.93000030517578,27.78499984741211,27.815000534057617,2788692
2025-08-06 17:30:00,27.815000534057617,27.920000076293945,27.813400268554688,27.84000015258789,2522345
2025-08-06 18:30:00,27.84000015258789,27.850000381469727,27.594999313354492,27.614999771118164,4597140
2025-08-06 19:30:00,27.614999771118164,27.6200008392334,27.44499969482422,27.4950008392334,6321532
2025-08-07 13:30:00,27.44499969482422,27.68000030517578,27.28499984741211,27.57550048828125,6141355
2025-08-07 14:30:00,27.578800201416016,27.739999771118164,27.544599533081055,27.6299991607666,4600032
2025-08-07 15:30:00,27.6299991607666,27.860000610351562,27.610000610351562,27.854999542236328,3407593
2025-08-07 16:30:00,27.854900360107422,27.979999542236328,27.84000015258789,27.895000457763672,3296826
2025-08-07 17:30:00,27.8981990814209,28.079999923706055,27.89189910888672,27.9950008392334,4075552
2025-08-07 18:30:00,27.9950008392334,28.059999465942383,27.940000534057617,27.9950008392334,4285045
2025-08-07 19:30:00,27.9950008392334,28.110000610351562,27.993799209594727,28.079999923706055,4852326
2025-08-08 13:30:00,28.06999969482422,28.25,28.030000686645508,28.19499969482422,3886429
2025-08-08 14:30:00,28.190000534057617,28.239999771118164,28.110000610351562,28.1200008392334,2894923
2025-08-08 15:30:00,28.114999771118164,28.25,28.059999465942383,28.200000762939453,3093403
2025-08-08 16:30:00,28.19499969482422,28.195499420166016,28.030000686645508,28.079999923706055,2054934
2025-08-08 17:30:00,28.084999084472656,28.1200008392334,28.030000686645508,28.09000015258789,1962278
2025-08-08 18:30:00,28.100000381469727,28.149999618530273,28.06999969482422,28.110000610351562,2807898
2025-08-08 19:30:00,28.110000610351562,28.139999389648438,28.045000076293945,28.079999923706055,2735504
2025-08-11 13:30:00,28.18000030517578,28.280000686645508,28.110000610351562,28.19499969482422,2896979
2025-08-11 14:30:00,28.19499969482422,28.264999389648438,28.1200008392334,28.145000457763672,2233320
2025-08-11 15:30:00,28.145099639892578,28.16819953918457,28.100000381469727,28.135000228881836,1514418
2025-08-11 16:30:00,28.135000228881836,28.170000076293945,28.079999923706055,28.135000228881836,1380635
2025-08-11 17:30:00,28.139999389648438,28.139999389648438,28.079999923706055,28.100000381469727,1418362
2025-08-11 18:30:00,28.110000610351562,28.18000030517578,28.09000015258789,28.13559913635254,1479339
2025-08-11 19:30:00,28.135000228881836,28.170000076293945,28.100000381469727,28.149999618530273,4509633
2025-08-12 13:30:00,28.139999389648438,28.700000762939453,28.139999389648438,28.395000457763672,6371489
2025-08-12 14:30:00,28.399999618530273,28.549999237060547,28.375,28.524999618530273,3791406
2025-08-12 15:30:00,28.524999618530273,28.549999237060547,28.40999984741211,28.459999084472656,2608598
2025-08-12 16:30:00,28.450000762939453,28.540000915527344,28.450000762939453,28.520000457763672,1867285
2025-08-12 17:30:00,28.520000457763672,28.56999969482422,28.5,28.514999389648438,1888660
2025-08-12 18:30:00,28.514999389648438,28.559999465942383,28.479999542236328,28.485000610351562,2111806
2025-08-12 19:30:00,28.479999542236328,28.510000228881836,28.420000076293945,28.479999542236328,5530729
2025-08-13 13:30:00,28.5,28.549999237060547,28.360000610351562,28.5,4008293
2025-08-13 14:30:00,28.4950008392334,28.56999969482422,28.422500610351562,28.550100326538086,2685250
2025-08-13 15:30:00,28.549999237060547,28.56999969482422,28.440000534057617,28.454999923706055,2384681
2025-08-13 16:30:00,28.454999923706055,28.485700607299805,28.420000076293945,28.463600158691406,1389942
2025-08-13 17:30:00,28.46500015258789,28.545000076293945,28.450000762939453,28.53499984741211,2006229
2025-08-13 18:30:00,28.540000915527344,28.59000015258789,28.424999237060547,28.46500015258789,2505693
2025-08-13 19:30:00,28.46500015258789,28.5,28.3799991607666,28.399999618530273,5400719
2025-08-14 13:30:00,28.579999923706055,28.649999618530273,28.40999984741211,28.545000076293945,3008642
2025-08-14 14:30:00,28.545000076293945,28.59000015258789,28.5,28.53499984741211,2301556
2025-08-14 15:30:00,28.540000915527344,28.594999313354492,28.479999542236328,28.520000457763672,4911276
2025-08-14 16:30:00,28.510000228881836,28.68000030517578,28.510000228881836,28.670000076293945,1973171
2025-08-14 17:30:00,28.666200637817383,28.68000030517578,28.600000381469727,28.665000915527344,1615722
2025-08-14 18:30:00,28.665000915527344,28.739999771118164,28.610000610351562,28.700000762939453,2705696
2025-08-14 19:30:00,28.704999923706055,28.770000457763672,28.68000030517578,28.7549991607666,3982265
2025-08-15 13:30:00,28.739999771118164,28.8799991607666,28.645000457763672,28.815099716186523,6610615
2025-08-15 14:30:00,28.819900512695312,28.90999984741211,28.809999465942383,28.853500366210938,2193261
2025-08-15 15:30:00,28.854999542236328,28.975000381469727,28.84000015258789,28.920000076293945,6070957
2025-08-15 16:30:00,28.924999237060547,29.079999923706055,28.920000076293945,29.024999618530273,4040597
2025-08-15 17:30:00,29.020700454711914,29.079999923706055,28.969999313354492,28.985000610351562,2225415
2025-08-15 18:30:00,28.985000610351562,29.0,28.920000076293945,28.934999465942383,2766599
2025-08-15 19:30:00,28.934999465942383,28.940000534057617,28.864999771118164,28.8799991607666,4636273
2025-08-18 13:30:00,28.979999542236328,29.149999618530273,28.864999771118164,29.020000457763672,3416753
2025-08-18 14:30:00,29.024999618530273,29.079999923706055,29.0,29.0049991607666,2672577
2025-08-18 15:30:00,29.00200080871582,29.079999923706055,29.0,29.030000686645508,1776371
2025-08-18 16:30:00,29.026500701904297,29.030000686645508,28.93000030517578,28.94580078125,1512720
2025-08-18 17:30:00,28.94499969482422,28.979999542236328,28.884599685668945,28.889999389648438,1636722
2025-08-18 18:30:00,28.885000228881836,29.059999465942383,28.8799991607666,29.030000686645508,2043749
2025-08-18 19:30:00,29.024999618530273,29.030000686645508,28.899999618530273,28.920000076293945,3109691
2025-08-19 13:30:00,28.8700008392334,29.15999984741211,28.799999237060547,28.969999313354492,3072144
2025-08-19 14:30:00,28.969999313354492,29.049999237060547,28.86009979248047,28.954999923706055,2938898
2025-08-19 15:30:00,28.959999084472656,28.989999771118164,28.889999389648438,28.924999237060547,1699007
2025-08-19 16:30:00,28.924999237060547,29.024999618530273,28.90999984741211,28.990999221801758,1519551
2025-08-19 17:30:00,28.9950008392334,29.014999389648438,28.940000534057617,28.979999542236328,1275393
2025-08-19 18:30:00,28.985000610351562,29.024999618530273,28.959999084472656,28.96500015258789,2057106
2025-08-19 19:30:00,28.959999084472656,28.9950008392334,28.90999984741211,28.985000610351562,2879364
2025-08-20 13:30:00,29.100000381469727,29.3799991607666,29.014999389648438,29.260000228881836,6666634
2025-08-20 14:30:00,29.264999389648438,29.354999542236328,29.2450008392334,29.274999618530273,3621288
2025-08-20 15:30:00,29.270000457763672,29.3700008392334,29.264999389648438,29.32029914855957,2651671
2025-08-20 16:30:00,29.326499938964844,29.364999771118164,29.209999084472656,29.2450008392334,2997288
2025-08-20 17:30:00,29.2450008392334,29.329999923706055,29.229999542236328,29.309999465942383,1861266
2025-08-20 18:30:00,29.3125,29.350000381469727,29.280000686645508,29.30500030517578,2539833
2025-08-20 19:30:00,29.299999237060547,29.350000381469727,29.25,29.280000686645508,3864364
2025-08-21 13:30:00,29.25,29.549999237060547,29.209999084472656,29.44499969482422,8393453
2025-08-21 14:30:00,29.440000534057617,29.53499984741211,29.399999618530273,29.524999618530273,2921254
2025-08-21 15:30:00,29.525100708007812,29.559999465942383,29.450000762939453,29.475000381469727,1864437
2025-08-21 16:30:00,29.475000381469727,29.489999771118164,29.40999984741211,29.434999465942383,2054628
2025-08-21 17:30:00,29.434999465942383,29.5,29.43000030517578,29.4950008392334,1568283
2025-08-21 18:30:00,29.4950008392334,29.524999618530273,29.43000030517578,29.46500015258789,2613728
2025-08-21 19:30:00,29.46929931640625,29.520000457763672,29.40999984741211,29.454999923706055,4488894
2025-08-22 13:30:00,29.469999313354492,29.649999618530273,29.270000457763672,29.274999618530273,4336733
2025-08-22 14:30:00,29.270000457763672,29.309999465942383,28.790000915527344,28.9950008392334,6257614
2025-08-22 15:30:00,28.9950008392334,29.100000381469727,28.940000534057617,29.050100326538086,4089465
2025-08-22 16:30:00,29.059900283813477,29.1299991607666,29.030000686645508,29.09000015258789,1755015
2025-08-22 17:30:00,29.094999313354492,29.110000610351562,28.93000030517578,28.94540023803711,2435090
2025-08-22 18:30:00,28.94499969482422,28.959999084472656,28.68000030517578,28.709999084472656,3655027
2025-08-22 19:30:00,28.704999923706055,28.774999618530273,28.690000534057617,28.749900817871094,3539460
2025-08-25 13:30:00,28.770000457763672,28.979999542236328,28.75,28.825000762939453,3258269
2025-08-25 14:30:00,28.825000762939453,28.90999984741211,28.780000686645508,28.850000381469727,2087873
2025-08-25 15:30:00,28.84000015258789,28.90999984741211,28.770000457763672,28.80500030517578,3126926
2025-08-25 16:30:00,28.805099487304688,28.854999542236328,28.799999237060547,28.84000015258789,1780296
2025-08-25 17:30:00,28.844999313354492,28.85540008544922,28.790000915527344,28.829999923706055,1478780
2025-08-25 18:30:00,28.834999084472656,28.844999313354492,28.799999237060547,28.809999465942383,1884931
2025-08-25 19:30:00,28.815000534057617,28.829999923706055,28.719999313354492,28.739999771118164,2554922
2025-08-26 13:30:00,28.829999923706055,28.959999084472656,28.405000686645508,28.44499969482422,7024250
2025-08-26 14:30:00,28.44499969482422,28.520000457763672,28.229999542236328,28.315000534057617,4821927
2025-08-26 15:30:00,28.31999969482422,28.3700008392334,28.23419952392578,28.235000610351562,2652420
2025-08-26 16:30:00,28.229999542236328,28.31999969482422,28.209999084472656,28.235000610351562,2216988
2025-08-26 17:30:00,28.235000610351562,28.360000610351562,28.235000610351562,28.360000610351562,2916274
2025-08-26 18:30:00,28.354999542236328,28.440000534057617,28.34000015258789,28.389999389648438,5994117
2025-08-26 19:30:00,28.395000457763672,28.579999923706055,28.395000457763672,28.549999237060547,5308766
2025-08-27 13:30:00,28.5,28.854999542236328,28.5,28.780000686645508,4752606
2025-08-27 14:30:00,28.780000686645508,28.959999084472656,28.770000457763672,28.860000610351562,3466725
2025-08-27 15:30:00,28.860000610351562,28.96500015258789,28.84000015258789,28.915000915527344,3825030
2025-08-27 16:30:00,28.915000915527344,29.040000915527344,28.8700008392334,29.024999618530273,3281259
2025-08-27 17:30:00,29.030000686645508,29.049999237060547,28.969999313354492,29.0049991607666,2070153
2025-08-27 18:30:00,29.0049991607666,29.049999237060547,28.979999542236328,28.985000610351562,3044843
2025-08-27 19:30:00,28.98110008239746,29.079999923706055,28.950000762939453,29.06999969482422,4364162
2025-08-28 13:30:00,29.020000457763672,29.020000457763672,28.75,28.860000610351562,5142310
2025-08-28 14:30:00,28.860000610351562,28.93000030517578,28.770000457763672,28.916500091552734,2898746
2025-08-28 15:30:00,28.920000076293945,28.99530029296875,28.915000915527344,28.969999313354492,2025342
2025-08-28 16:30:00,28.969999313354492,29.010000228881836,28.940000534057617,28.9950008392334,1581745
2025-08-28 17:30:00,28.9950008392334,29.010000228881836,28.940000534057617,28.985000610351562,1502241
2025-08-28 18:30:00,28.984899520874023,29.020000457763672,28.959999084472656,29.0049991607666,1727015
2025-08-28 19:30:00,29.010000228881836,29.010000228881836,28.924999237060547,28.954999923706055,3178021
2025-08-29 13:30:00,29.020000457763672,29.280000686645508,28.950000762939453,29.155000686645508,4153324
2025-08-29 14:30:00,29.15999984741211,29.31999969482422,29.149999618530273,29.21500015258789,3377158
2025-08-29 15:30:00,29.215099334716797,29.25,29.1200008392334,29.13990020751953,3010146
2025-08-29 16:30:00,29.139999389648438,29.21540069580078,29.1299991607666,29.19499969482422,1657292
2025-08-29 17:30:00,29.19499969482422,29.225000381469727,29.170000076293945,29.211299896240234,1874171
2025-08-29 18:30:00,29.21500015258789,29.309999465942383,29.18000030517578,29.274999618530273,2623280
2025-08-29 19:30:00,29.280000686645508,29.329999923706055,29.190000534057617,29.309999465942383,4032742
2025-09-02 13:30:00,29.299999237060547,29.39539909362793,29.100000381469727,29.270000457763672,5920580
2025-09-02 14:30:00,29.270000457763672,29.350000381469727,29.2450008392334,29.264999389648438,2980241
2025-09-02 15:30:00,29.264999389648438,29.270000457763672,29.103500366210938,29.165000915527344,2719876
2025-09-02 16:30:00,29.170000076293945,29.174999237060547,29.020000457763672,29.020099639892578,2377851
2025-09-02 17:30:00,29.020000457763672,29.09000015258789,29.014999389648438,29.05929946899414,2020936
2025-09-02 18:30:00,29.05500030517578,29.079999923706055,29.0,29.014999389648438,2668554
2025-09-02 19:30:00,29.014999389648438,29.110000610351562,29.0,29.079999923706055,4038140
2025-09-03 13:30:00,29.010000228881836,29.020000457763672,28.44499969482422,28.584999084472656,5479065
2025-09-03 14:30:00,28.584999084472656,28.834999084472656,28.530000686645508,28.825000762939453,4085932
2025-09-03 15:30:00,28.829999923706055,28.969999313354492,28.81999969482422,28.924999237060547,2669182
2025-09-03 16:30:00,28.924999237060547,28.9950008392334,28.81999969482422,28.90999984741211,2347938
2025-09-03 17:30:00,28.90999984741211,28.969999313354492,28.829999923706055,28.94499969482422,1983005
2025-09-03 18:30:00,28.940000534057617,29.049999237060547,28.93000030517578,29.024999618530273,2791462
2025-09-03 19:30:00,29.020000457763672,29.079999923706055,28.990100860595703,29.045000076293945,3417526
2025-09-04 13:30:00,29.18000030517578,29.599899291992188,29.030000686645508,29.530000686645508,5405206
2025-09-04 14:30:00,29.530000686645508,29.59000015258789,29.459999084472656,29.520000457763672,3066961
2025-09-04 15:30:00,29.514999389648438,29.579999923706055,29.479999542236328,29.56999969482422,2394688
2025-09-04 16:30:00,29.56999969482422,29.670000076293945,29.540000915527344,29.655000686645508,3186340
2025-09-04 17:30:00,29.655000686645508,29.700000762939453,29.43000030517578,29.56999969482422,4053979
2025-09-04 18:30:00,29.565099716186523,29.600000381469727,29.530000686645508,29.540000915527344,3570290
2025-09-04 19:30:00,29.545000076293945,29.600000381469727,29.5,29.579999923706055,4961602
2025-09-05 13:30:00,29.579999923706055,29.790000915527344,29.549999237060547,29.638200759887695,3895549
2025-09-05 14:30:00,29.635000228881836,29.639999389648438,29.5,29.575000762939453,2927349
2025-09-05 15:30:00,29.56999969482422,29.579999923706055,29.469999313354492,29.5049991607666,1816236
2025-09-05 16:30:00,29.5049991607666,29.540000915527344,29.459999084472656,29.524999618530273,1954457
2025-09-05 17:30:00,29.524999618530273,29.559999465942383,29.420000076293945,29.4950008392334,1824462
2025-09-05 18:30:00,29.4950008392334,29.610000610351562,29.493499755859375,29.565000534057617,2200118
2025-09-05 19:30:00,29.565000534057617,29.6200008392334,29.549999237060547,29.600000381469727,3573030
2025-09-08 13:30:00,28.5,28.889999389648438,28.280000686645508,28.864999771118164,12900124
2025-09-08 14:30:00,28.860000610351562,29.1299991607666,28.854999542236328,29.125,5197961
2025-09-08 15:30:00,29.125,29.139999389648438,28.94499969482422,29.104999542236328,2948409
2025-09-08 16:30:00,29.110000610351562,29.114999771118164,29.040000915527344,29.045000076293945,1962358
2025-09-08 17:30:00,29.049999237060547,29.1200008392334,28.920000076293945,28.945999145507812,2287457
2025-09-08 18:30:00,28.94499969482422,28.969999313354492,28.809999465942383,28.82990074157715,2766026
2025-09-08 19:30:00,28.825000762939453,28.940000534057617,28.790000915527344,28.920000076293945,6751357
2025-09-09 13:30:00,28.895000457763672,29.329999923706055,28.829999923706055,29.315000534057617,5982441
2025-09-09 14:30:00,29.315000534057617,29.510000228881836,29.315000534057617,29.46500015258789,5774734
2025-09-09 15:30:00,29.46500015258789,29.579999923706055,29.40999984741211,29.475000381469727,3497592
2025-09-09 16:30:00,29.475000381469727,29.475000381469727,29.29010009765625,29.354999542236328,3869660
2025-09-09 17:30:00,29.354999542236328,29.54990005493164,29.350099563598633,29.520099639892578,2714545
2025-09-09 18:30:00,29.524999618530273,29.559999465942383,29.469999313354492,29.475000381469727,3308670
2025-09-09 19:30:00,29.475000381469727,29.485000610351562,29.395000457763672,29.415000915527344,4419588
2025-09-10 13:30:00,29.2450008392334,29.440000534057617,29.03179931640625,29.045000076293945,4868805
2025-09-10 14:30:00,29.045000076293945,29.079999923706055,28.899999618530273,29.04159927368164,4160937
2025-09-10 15:30:00,29.045000076293945,29.09000015258789,28.94499969482422,28.985000610351562,2734644
2025-09-10 16:30:00,28.985000610351562,29.079999923706055,28.969999313354492,29.03499984741211,1814572
2025-09-10 17:30:00,29.03499984741211,29.145099639892578,29.030099868774414,29.101900100708008,1952036
2025-09-10 18:30:00,29.104999542236328,29.239999771118164,29.084999084472656,29.212900161743164,2112207
2025-09-10 19:30:00,29.21500015258789,29.264999389648438,29.200000762939453,29.200000762939453,3161286
2025-09-11 13:30:00,29.290000915527344,29.350000381469727,29.114999771118164,29.264999389648438,3709909
2025-09-11 14:30:00,29.264999389648438,29.399999618530273,29.225000381469727,29.354999542236328,2999871
2025-09-11 15:30:00,29.354999542236328,29.420000076293945,29.31999969482422,29.3700008392334,2093034
2025-09-11 16:30:00,29.370100021362305,29.420000076293945,29.350099563598633,29.375,1649517
2025-09-11 17:30:00,29.375,29.43000030517578,29.350000381469727,29.39349937438965,2030263
2025-09-11 18:30:00,29.389999389648438,29.420000076293945,29.36009979248047,29.409900665283203,2437329
2025-09-11 19:30:00,29.40850067138672,29.5,29.399999618530273,29.489999771118164,3767053
2025-09-12 13:30:00,29.420000076293945,29.5049991607666,29.29490089416504,29.424999237060547,3366769
2025-09-12 14:30:00,29.424999237060547,29.565000534057617,29.420000076293945,29.514999389648438,3304159
2025-09-12 15:30:00,29.514999389648438,29.52989959716797,29.424999237060547,29.4950008392334,1711783
2025-09-12 16:30:00,29.4950008392334,29.5,29.389999389648438,29.440000534057617,1572527
2025-09-12 17:30:00,29.434200286865234,29.59000015258789,29.40999984741211,29.575000762939453,2214113
2025-09-12 18:30:00,29.575000762939453,29.600000381469727,29.510000228881836,29.59000015258789,2710759
2025-09-12 19:30:00,29.584999084472656,29.600000381469727,29.549999237060547,29.579999923706055,2701991
2025-09-15 13:30:00,29.604999542236328,29.790000915527344,29.604999542236328,29.655000686645508,4712566
2025-09-15 14:30:00,29.655000686645508,29.760000228881836,29.639999389648438,29.665000915527344,4852464
2025-09-15 15:30:00,29.665000915527344,29.719999313354492,29.6200008392334,29.649900436401367,2604952
2025-09-15 16:30:00,29.649999618530273,29.65999984741211,29.549999237060547,29.565000534057617,2002575
2025-09-15 17:30:00,29.565000534057617,29.6299991607666,29.545000076293945,29.6200008392334,2216936
2025-09-15 18:30:00,29.614999771118164,29.6200008392334,29.5,29.57110023498535,4352888
2025-09-15 19:30:00,29.575000762939453,29.670000076293945,29.56999969482422,29.6299991607666,4259985
2025-09-16 13:30:00,29.6200008392334,29.649999618530273,29.325000762939453,29.364999771118164,4058908
2025-09-16 14:30:00,29.364999771118164,29.424999237060547,29.204999923706055,29.2450008392334,4699005
2025-09-16 15:30:00,29.2450008392334,29.34000015258789,29.219999313354492,29.28499984741211,3187140
2025-09-16 16:30:00,29.28499984741211,29.34000015258789,29.264999389648438,29.325000762939453,1498839
2025-09-16 17:30:00,29.325000762939453,29.389999389648438,29.30500030517578,29.3700008392334,1811797
2025-09-16 18:30:00,29.368799209594727,29.43000030517578,29.360000610351562,29.3799991607666,2206144
2025-09-16 19:30:00,29.385000228881836,29.399999618530273,29.309999465942383,29.34000015258789,3208321
2025-09-17 13:30:00,29.329999923706055,29.53499984741211,29.25,29.395000457763672,3105643
2025-09-17 14:30:00,29.395000457763672,29.530000686645508,29.3700008392334,29.475000381469727,2769918
2025-09-17 15:30:00,29.479999542236328,29.524999618530273,29.469999313354492,29.524499893188477,2149934
2025-09-17 16:30:00,29.524999618530273,29.526100158691406,29.40999984741211,29.40999984741211,2070861
2025-09-17 17:30:00,29.40999984741211,29.469999313354492,29.351499557495117,29.454999923706055,3310468
2025-09-17 18:30:00,29.450000762939453,29.56999969482422,29.450000762939453,29.53499984741211,2822882
2025-09-17 19:30:00,29.530000686645508,29.579999923706055,29.5,29.540000915527344,4237473
2025-09-18 13:30:00,29.350000381469727,29.46500015258789,29.149999618530273,29.2450008392334,4537637
2025-09-18 14:30:00,29.2450008392334,29.360000610351562,29.219999313354492,29.354999542236328,2840540
2025-09-18 15:30:00,29.354999542236328,29.3700008392334,29.280000686645508,29.319000244140625,1841119
2025-09-18 16:30:00,29.315000534057617,29.44499969482422,29.314699172973633,29.375,1672155
2025-09-18 17:30:00,29.3700008392334,29.450000762939453,29.274999618530273,29.28499984741211,5382901
2025-09-18 18:30:00,29.280000686645508,29.290000915527344,29.153799057006836,29.18000030517578,3245307
2025-09-18 19:30:00,29.184200286865234,29.229999542236328,29.139999389648438,29.204999923706055,4480843
2025-09-19 13:30:00,29.260000228881836,29.309999465942383,28.924999237060547,28.969999313354492,9600982
2025-09-19 14:30:00,28.96500015258789,29.1299991607666,28.96500015258789,29.123199462890625,4014198
2025-09-19 15:30:00,29.1299991607666,29.15999984741211,28.989999771118164,29.125099182128906,2619565
2025-09-19 16:30:00,29.125,29.18000030517578,29.0,29.020000457763672,2159281
2025-09-19 17:30:00,29.020000457763672,29.139999389648438,29.020000457763672,29.114999771118164,1909422
2025-09-19 18:30:00,29.1200008392334,29.129899978637695,29.030000686645508,29.094999313354492,4153588
2025-09-19 19:30:00,29.100000381469727,29.110000610351562,28.93000030517578,28.989999771118164,6022073
2025-09-22 13:30:00,28.934999465942383,29.06999969482422,28.809999465942383,28.959999084472656,3698197
2025-09-22 14:30:00,28.954999923706055,28.989999771118164,28.7450008392334,28.80500030517578,2795977
2025-09-22 15:30:00,28.80500030517578,28.864999771118164,28.735000610351562,28.815000534057617,2505416
2025-09-22 16:30:00,28.815000534057617,28.82830047607422,28.739999771118164,28.799999237060547,2197385
2025-09-22 17:30:00,28.790000915527344,28.860000610351562,28.780000686645508,28.799999237060547,2107094
2025-09-22 18:30:00,28.80500030517578,28.950000762939453,28.770000457763672,28.899900436401367,2448943
2025-09-22 19:30:00,28.895000457763672,28.950000762939453,28.8799991607666,28.93000030517578,3170031
2025-09-23 13:30:00,28.899999618530273,29.010000228881836,28.559999465942383,28.614999771118164,4046464
2025-09-23 14:30:00,28.6200008392334,28.709999084472656,28.55500030517578,28.636499404907227,2717984
2025-09-23 15:30:00,28.639999389648438,28.729999542236328,28.600000381469727,28.725000381469727,2162318
2025-09-23 16:30:00,28.725000381469727,28.725000381469727,28.614999771118164,28.645000457763672,2123478
2025-09-23 17:30:00,28.64419937133789,28.780000686645508,28.623699188232422,28.735000610351562,2446684
2025-09-23 18:30:00,28.739999771118164,28.850000381469727,28.73349952697754,28.825000762939453,3107143
2025-09-23 19:30:00,28.829999923706055,28.850000381469727,28.770000457763672,28.799999237060547,3646671
2025-09-24 13:30:00,28.75,28.75,28.329999923706055,28.354999542236328,4501382
2025-09-24 14:30:00,28.354999542236328,28.450000762939453,28.229999542236328,28.274999618530273,3637338
2025-09-24 15:30:00,28.270000457763672,28.40999984741211,28.170000076293945,28.354999542236328,3086717
2025-09-24 16:30:00,28.354999542236328,28.418800354003906,28.291900634765625,28.350000381469727,1915038
2025-09-24 17:30:00,28.34000015258789,28.405000686645508,28.299999237060547,28.340099334716797,2002327
2025-09-24 18:30:00,28.34000015258789,28.3700008392334,28.299999237060547,28.31999969482422,1742708
2025-09-24 19:30:00,28.329999923706055,28.389999389648438,28.299999237060547,28.329999923706055,3062950
2025-09-25 13:30:00,28.5,28.75,28.489999771118164,28.549999237060547,5723483
2025-09-25 14:30:00,28.55500030517578,28.600000381469727,28.450000762939453,28.450000762939453,3169320
2025-09-25 15:30:00,28.450000762939453,28.469999313354492,28.3799991607666,28.41990089416504,2795920
2025-09-25 16:30:00,28.415000915527344,28.459999084472656,28.3700008392334,28.384000778198242,2229435
2025-09-25 17:30:00,28.3799991607666,28.40999984741211,28.334999084472656,28.399999618530273,1655378
2025-09-25 18:30:00,28.393999099731445,28.469999313354492,28.3799991607666,28.38050079345703,1676060
2025-09-25 19:30:00,28.3799991607666,28.399999618530273,28.290000915527344,28.299999237060547,3200678
2025-09-26 13:30:00,28.479999542236328,28.565900802612305,28.399999618530273,28.44499969482422,3716432
2025-09-26 14:30:00,28.44499969482422,28.469999313354492,28.389999389648438,28.43000030517578,2380447
2025-09-26 15:30:00,28.43560028076172,28.43560028076172,28.31999969482422,28.424999237060547,1851314
2025-09-26 16:30:00,28.424999237060547,28.479999542236328,28.3799991607666,28.44499969482422,5482880
2025-09-26 17:30:00,28.44499969482422,28.44499969482422,28.25,28.295000076293945,2613316
2025-09-26 18:30:00,28.295000076293945,28.350000381469727,28.270000457763672,28.30500030517578,2396135
2025-09-26 19:30:00,28.299999237060547,28.329999923706055,28.260000228881836,28.31999969482422,2663608
2025-09-29 13:30:00,28.25,28.34000015258789,27.979999542236328,28.18000030517578,5142022
2025-09-29 14:30:00,28.18000030517578,28.225000381469727,28.100000381469727,28.125,3020594
2025-09-29 15:30:00,28.1299991607666,28.1299991607666,28.040000915527344,28.045000076293945,2310509
2025-09-29 16:30:00,28.045000076293945,28.059999465942383,27.875,27.939300537109375,3664557
2025-09-29 17:30:00,27.940000534057617,28.049999237060547,27.90999984741211,28.03499984741211,2294911
2025-09-29 18:30:00,28.03499984741211,28.100000381469727,28.020000457763672,28.094999313354492,2305376
2025-09-29 19:30:00,28.094999313354492,28.139999389648438,28.049999237060547,28.075000762939453,3701333
2025-09-30 13:30:00,28.084999084472656,28.350000381469727,28.059999465942383,28.225000381469727,3462684
2025-09-30 14:30:00,28.219999313354492,28.239999771118164,28.139999389648438,28.225000381469727,3035710
2025-09-30 15:30:00,28.225000381469727,28.280000686645508,28.204999923706055,28.2549991607666,2986063
2025-09-30 16:30:00,28.260000228881836,28.290000915527344,28.23349952697754,28.25,2131260
2025-09-30 17:30:00,28.25,28.290000915527344,28.21500015258789,28.264999389648438,2148945
2025-09-30 18:30:00,28.264999389648438,28.299999237060547,28.229999542236328,28.295000076293945,3060290
2025-09-30 19:30:00,28.290000915527344,28.299999237060547,28.204999923706055,28.235000610351562,5299026
2025-10-01 13:30:00,28.065000534057617,28.159900665283203,27.899999618530273,28.03499984741211,4484133
2025-10-01 14:30:00,28.03499984741211,28.045299530029297,27.915000915527344,27.94499969482422,3132657
2025-10-01 15:30:00,27.950000762939453,27.9950008392334,27.655000686645508,27.719999313354492,4712294
2025-10-01 16:30:00,27.725000381469727,27.7450008392334,27.600000381469727,27.735000610351562,3286801
2025-10-01 17:30:00,27.735000610351562,27.799999237060547,27.69499969482422,27.774999618530273,3842069
2025-10-01 18:30:00,27.774999618530273,27.790000915527344,27.639999389648438,27.69499969482422,3916253
2025-10-01 19:30:00,27.69499969482422,27.700000762939453,27.520000457763672,27.530000686645508,7193162
2025-10-02 13:30:00,27.399999618530273,27.43000030517578,26.940000534057617,27.110000610351562,7166326
2025-10-02 14:30:00,27.114999771118164,27.18000030517578,26.989999771118164,27.024999618530273,3836329
2025-10-02 15:30:00,27.023000717163086,27.09000015258789,26.979999542236328,27.084999084472656,3208355
2025-10-02 16:30:00,27.084999084472656,27.18000030517578,27.010000228881836,27.045000076293945,3088482
2025-10-02 17:30:00,27.045000076293945,27.04990005493164,26.90999984741211,27.0,4324483
2025-10-02 18:30:00,27.0,27.010000228881836,26.920000076293945,26.940000534057617,3962387
2025-10-02 19:30:00,26.934999465942383,27.020000457763672,26.8799991607666,27.010000228881836,5443220
2025-10-03 13:30:00,27.020000457763672,27.21500015258789,26.989999771118164,27.1299991607666,13314080
2025-10-03 14:30:00,27.1299991607666,27.209999084472656,27.010000228881836,27.045499801635742,3952213
2025-10-03 15:30:00,27.045000076293945,27.079999923706055,26.989999771118164,27.03499984741211,2880188
2025-10-03 16:30:00,27.03499984741211,27.059999465942383,27.010000228881836,27.03030014038086,2090246
2025-10-03 17:30:00,27.03529930114746,27.219999313354492,27.030000686645508,27.1200008392334,2891721
2025-10-03 18:30:00,27.1200008392334,27.139999389648438,27.049999237060547,27.055400848388672,2060067
2025-10-03 19:30:00,27.05500030517578,27.079999923706055,26.9950008392334,27.059999465942383,3676300
2025-10-06 13:30:00,26.540000915527344,26.719999313354492,26.235000610351562,26.325000762939453,10944366
2025-10-06 14:30:00,26.326499938964844,26.389999389648438,26.270000457763672,26.280000686645508,4783180
2025-10-06 15:30:00,26.28499984741211,26.329999923706055,25.975000381469727,25.985000610351562,7057989
2025-10-06 16:30:00,25.985300064086914,26.099899291992188,25.950000762939453,26.014999389648438,7905392
2025-10-06 17:30:00,26.014999389648438,26.09000015258789,26.0,26.065000534057617,4261575
2025-10-06 18:30:00,26.065000534057617,26.079999923706055,25.889999389648438,25.898099899291992,7178922
2025-10-06 19:30:00,25.895000457763672,25.940000534057617,25.84000015258789,25.8700008392334,8990226
2025-10-07 13:30:00,25.920000076293945,26.09000015258789,25.850000381469727,26.07990074157715,6887226
2025-10-07 14:30:00,26.07509994506836,26.18000030517578,25.969999313354492,26.174999237060547,7018688
2025-10-07 15:30:00,26.174999237060547,26.29990005493164,26.170000076293945,26.274999618530273,5614995
2025-10-07 16:30:00,26.274999618530273,26.290000915527344,26.1200008392334,26.155000686645508,3716127
2025-10-07 17:30:00,26.149999618530273,26.15999984741211,26.010000228881836,26.030000686645508,3841325
2025-10-07 18:30:00,26.03499984741211,26.09510040283203,26.0,26.045000076293945,3801259
2025-10-07 19:30:00,26.04509925842285,26.15999984741211,26.030000686645508,26.15999984741211,5696223
2025-10-08 13:30:00,26.225000381469727,26.309999465942383,26.023500442504883,26.19499969482422,8330398
2025-10-08 14:30:00,26.19499969482422,26.219999313354492,26.065000534057617,26.125,4897988
2025-10-08 15:30:00,26.1299991607666,26.200000762939453,26.100000381469727,26.174999237060547,2421332
2025-10-08 16:30:00,26.171411514282227,26.21500015258789,26.123382568359375,26.138900756835938,2278510
2025-10-08 17:30:00,26.135000228881836,26.350000381469727,26.1299991607666,26.155000686645508,5417937
2025-10-08 18:30:00,26.155000686645508,26.270000457763672,26.149999618530273,26.235000610351562,4380086
2025-10-08 19:30:00,26.239999771118164,26.270000457763672,26.21500015258789,26.25,3690109
2025-10-09 13:30:00,26.2450008392334,26.475000381469727,26.200000762939453,26.270000457763672,5254228
2025-10-09 14:30:00,26.280000686645508,26.329999923706055,26.25,26.295000076293945,2975910
2025-10-09 15:30:00,26.295000076293945,26.309999465942383,26.210500717163086,26.274999618530273,3472596
2025-10-09 16:30:00,26.274999618530273,26.350000381469727,26.270000457763672,26.334999084472656,2744314
2025-10-09 17:30:00,26.34000015258789,26.356000900268555,26.260000228881836,26.264999389648438,2760569
2025-10-09 18:30:00,26.264999389648438,26.270000457763672,26.149999618530273,26.225000381469727,3444363
2025-10-09 19:30:00,26.219999313354492,26.290000915527344,26.09000015258789,26.110000610351562,6022438
2025-10-10 13:30:00,25.84000015258789,25.950000762939453,25.709999084472656,25.84000015258789,4550533
2025-10-10 14:30:00,25.84000015258789,26.149999618530273,25.73390007019043,26.094999313354492,5703506
2025-10-10 15:30:00,26.094999313354492,26.239999771118164,25.854999542236328,25.985000610351562,4557664
2025-10-10 16:30:00,25.985000610351562,26.065000534057617,25.959999084472656,25.961000442504883,3118689
2025-10-10 17:30:00,25.96500015258789,26.030000686645508,25.889999389648438,25.905000686645508,3315362
2025-10-10 18:30:00,25.905000686645508,25.93000030517578,25.829999923706055,25.864999771118164,2457327
2025-10-10 19:30:00,25.864999771118164,25.8799991607666,25.790000915527344,25.8700008392334,4196218
2025-10-13 13:30:00,25.68000030517578,25.844999313354492,25.350000381469727,25.440000534057617,8946792
2025-10-13 14:30:00,25.440000534057617,25.579999923706055,25.3700008392334,25.575000762939453,4953347
2025-10-13 15:30:00,25.575000762939453,25.684999465942383,25.520000457763672,25.645000457763672,3217212
2025-10-13 16:30:00,25.645000457763672,25.649999618530273,25.514999389648438,25.53499984741211,2747632
2025-10-13 17:30:00,25.53499984741211,25.594999313354492,25.469999313354492,25.594999313354492,3270607
2025-10-13 18:30:00,25.594999313354492,25.63559913635254,25.559999465942383,25.594999313354492,3961851
2025-10-13 19:30:00,25.59000015258789,25.610000610351562,25.559999465942383,25.575000762939453,5387481
2025-10-14 13:30:00,25.575000762939453,25.8700008392334,25.575000762939453,25.834999084472656,5478375
2025-10-14 14:30:00,25.84000015258789,25.8799991607666,25.760000228881836,25.815000534057617,3464203
2025-10-14 15:30:00,25.81999969482422,26.09000015258789,25.809999465942383,26.0049991607666,5674909
2025-10-14 16:30:00,26.0049991607666,26.149999618530273,25.993900299072266,26.03499984741211,4467483
2025-10-14 17:30:00,26.03499984741211,26.100000381469727,25.989999771118164,26.03499984741211,4409355
2025-10-14 18:30:00,26.03499984741211,26.059999465942383,25.979999542236328,26.030000686645508,3839956
2025-10-14 19:30:00,26.020000457763672,26.149999618530273,26.0,26.125,5054128
2025-10-15 13:30:00,26.049999237060547,26.185100555419922,25.96500015258789,26.065000534057617,4093943
2025-10-15 14:30:00,26.065000534057617,26.1299991607666,26.020000457763672,26.024999618530273,4271496
2025-10-15 15:30:00,26.024999618530273,26.09000015258789,26.000099182128906,26.075000762939453,3636112
2025-10-15 16:30:00,26.075000762939453,26.100000381469727,25.979999542236328,25.985000610351562,4617013
2025-10-15 17:30:00,25.989999771118164,26.08880043029785,25.940000534057617,26.045000076293945,3110351
2025-10-15 18:30:00,26.04439926147461,26.09000015258789,26.0,26.045000076293945,3265183
2025-10-15 19:30:00,26.045000076293945,26.100000381469727,26.0,26.075000762939453,4041620
2025-10-16 13:30:00,26.100000381469727,26.190000534057617,26.049999237060547,26.125,3718385
2025-10-16 14:30:00,26.1200008392334,26.3700008392334,26.114999771118164,26.364999771118164,5253782
2025-10-16 15:30:00,26.364999771118164,26.38990020751953,26.280000686645508,26.337499618530273,5087236
2025-10-16 16:30:00,26.334999084472656,26.34000015258789,26.15999984741211,26.2450008392334,6678024
2025-10-16 17:30:00,26.2450008392334,26.260000228881836,26.100000381469727,26.16010093688965,4654046
2025-10-16 18:30:00,26.1697998046875,26.200000762939453,26.1299991607666,26.155000686645508,4737160
2025-10-16 19:30:00,26.155000686645508,26.25,26.122499465942383,26.190000534057617,5523338
2025-10-17 13:30:00,26.389999389648438,26.479999542236328,26.19499969482422,26.384000778198242,9573398
2025-10-17 14:30:00,26.385000228881836,26.395099639892578,26.280000686645508,26.330400466918945,8618643
2025-10-17 15:30:00,26.334999084472656,26.450000762939453,26.299999237060547,26.375,8383408
2025-10-17 16:30:00,26.37179946899414,26.399999618530273,26.22010040283203,26.25,9026255
2025-10-17 17:30:00,26.255199432373047,26.389999389648438,26.229999542236328,26.3700008392334,6623802
2025-10-17 18:30:00,26.3799991607666,26.40999984741211,26.31999969482422,26.350000381469727,4815370
2025-10-17 19:30:00,26.34000015258789,26.360000610351562,26.280000686645508,26.334999084472656,5806837
2025-10-20 13:30:00,26.34000015258789,26.440000534057617,25.979999542236328,26.03499984741211,7520113
2025-10-20 14:30:00,26.040000915527344,26.149999618530273,25.959999084472656,25.979999542236328,8774690
2025-10-20 15:30:00,25.979999542236328,26.030000686645508,25.899999618530273,25.920000076293945,8614620
2025-10-20 16:30:00,25.92650032043457,26.030000686645508,25.899999618530273,26.025100708007812,6441184
2025-10-20 17:30:00,26.020000457763672,26.079999923706055,25.90999984741211,25.920000076293945,9112166
2025-10-20 18:30:00,25.925600051879883,26.110000610351562,25.829999923706055,26.110000610351562,11742788
2025-10-20 19:30:00,26.104999542236328,26.118999481201172,26.040000915527344,26.094999313354492,7484077
2025-10-21 13:30:00,26.149999618530273,26.229999542236328,25.920000076293945,25.96500015258789,7854142
2025-10-21 14:30:00,25.960599899291992,26.125,25.950000762939453,26.03499984741211,15830565
2025-10-21 15:30:00,26.03499984741211,26.1200008392334,25.979999542236328,26.065000534057617,12535270
2025-10-21 16:30:00,26.060100555419922,26.1299991607666,26.0,26.014999389648438,14567677
2025-10-21 17:30:00,26.010000228881836,26.020000457763672,25.899999618530273,25.905000686645508,16617634
2025-10-21 18:30:00,25.90999984741211,26.030000686645508,25.899999618530273,25.9950008392334,12725911
2025-10-21 19:30:00,26.0,26.059999465942383,25.950000762939453,26.030000686645508,14219777
2025-10-22 13:30:00,24.920000076293945,25.579999923706055,24.31999969482422,25.270099639892578,22728678
2025-10-22 14:30:00,25.280000686645508,25.829999923706055,25.225000381469727,25.684999465942383,16745718
2025-10-22 15:30:00,25.68000030517578,25.774999618530273,25.399999618530273,25.45509910583496,12091517
2025-10-22 16:30:00,25.454999923706055,25.569900512695312,25.334999084472656,25.364099502563477,6340519
2025-10-22 17:30:00,25.364999771118164,25.469999313354492,25.309999465942383,25.375,7630156
2025-10-22 18:30:00,25.375,25.65999984741211,25.350000381469727,25.63010025024414,8410248
2025-10-22 19:30:00,25.635000228881836,25.719999313354492,25.479999542236328,25.549999237060547,11549871
2025-10-23 13:30:00,25.68000030517578,25.75,24.8700008392334,24.8700008392334,12528953
2025-10-23 14:30:00,24.875,24.8799991607666,24.6299991607666,24.690000534057617,17862468
2025-10-23 15:30:00,24.69499969482422,24.799999237060547,24.610000610351562,24.684999465942383,16099240
2025-10-23 16:30:00,24.68000030517578,24.71500015258789,24.530000686645508,24.625,13210402
2025-10-23 17:30:00,24.625,24.65999984741211,24.485000610351562,24.545000076293945,10754943
2025-10-23 18:30:00,24.540000915527344,24.649999618530273,24.514999389648438,24.625,13710050
2025-10-23 19:30:00,24.625,24.645000457763672,24.549999237060547,24.604999542236328,13774013
2025-10-24 13:30:00,24.635000228881836,24.889999389648438,24.56999969482422,24.750099182128906,7947706
2025-10-24 14:30:00,24.7549991607666,24.950000762939453,24.73419952392578,24.875,6969516
2025-10-24 15:30:00,24.8799991607666,25.08989906311035,24.860000610351562,25.030000686645508,13736940
2025-10-24 16:30:00,25.024999618530273,25.1200008392334,24.959999084472656,25.100000381469727,9067375
2025-10-24 17:30:00,25.105600357055664,25.190000534057617,25.059999465942383,25.1299991607666,11171601
2025-10-24 18:30:00,25.135000228881836,25.18000030517578,24.979999542236328,25.024999618530273,10463692
2025-10-24 19:30:00,25.02680015563965,25.190000534057617,25.020099639892578,25.165000915527344,12701327
2025-10-27 13:30:00,25.079999923706055,25.31999969482422,24.96500015258789,25.23509979248047,10074860
2025-10-27 14:30:00,25.229999542236328,25.469999313354492,25.079999923706055,25.295000076293945,16040576
2025-10-27 15:30:00,25.295000076293945,25.489999771118164,25.290000915527344,25.440099716186523,12853664
2025-10-27 16:30:00,25.450000762939453,25.565000534057617,25.420000076293945,25.429899215698242,10519827
2025-10-27 17:30:00,25.424999237060547,25.489999771118164,25.3799991607666,25.414100646972656,6855564
2025-10-27 18:30:00,25.4158992767334,25.489999771118164,25.3799991607666,25.424999237060547,9951043
2025-10-27 19:30:00,25.43000030517578,25.520000457763672,25.420000076293945,25.520000457763672,12635079
2025-10-28 13:30:00,25.40999984741211,25.6200008392334,25.309999465942383,25.6200008392334,6047532
2025-10-28 14:30:00,25.614999771118164,25.780000686645508,25.579999923706055,25.70009994506836,12131340
2025-10-28 15:30:00,25.704999923706055,25.739999771118164,25.56999969482422,25.6200008392334,8938841
2025-10-28 16:30:00,25.615999221801758,25.649999618530273,25.4950008392334,25.53499984741211,10431299
2025-10-28 17:30:00,25.53499984741211,25.649999618530273,25.514999389648438,25.645000457763672,6839071
2025-10-28 18:30:00,25.639999389648438,25.674999237060547,25.530000686645508,25.620100021362305,10676617
2025-10-28 19:30:00,25.629899978637695,25.725000381469727,25.6200008392334,25.709999084472656,13433733
2025-10-29 13:30:00,26.1200008392334,26.209999084472656,25.280000686645508,25.375,16335800
2025-10-29 14:30:00,25.375,25.454999923706055,25.100000381469727,25.235200881958008,12980965
2025-10-29 15:30:00,25.239999771118164,25.299999237060547,24.985000610351562,25.174999237060547,13528561
2025-10-29 16:30:00,25.174999237060547,25.228700637817383,25.049999237060547,25.118200302124023,14457074
2025-10-29 17:30:00,25.11989974975586,25.139999389648438,25.010000228881836,25.12380027770996,10676796
2025-10-29 18:30:00,25.125,25.23889923095703,25.045000076293945,25.104999542236328,12629471
2025-10-29 19:30:00,25.104999542236328,25.190000534057617,25.030000686645508,25.139999389648438,13719723
2025-10-30 13:30:00,24.989999771118164,25.174999237060547,24.8799991607666,24.963300704956055,7505759
2025-10-30 14:30:00,24.959999084472656,24.959999084472656,24.809999465942383,24.81999969482422,8859829
2025-10-30 15:30:00,24.825000762939453,24.920000076293945,24.729999542236328,24.834999084472656,11378237
2025-10-30 16:30:00,24.834999084472656,24.860000610351562,24.709999084472656,24.779399871826172,10875277
2025-10-30 17:30:00,24.77589988708496,24.829999923706055,24.649999618530273,24.760099411010742,12382320
2025-10-30 18:30:00,24.764999389648438,24.829999923706055,24.6200008392334,24.792800903320312,12474671
2025-10-30 19:30:00,24.795000076293945,24.81999969482422,24.614999771118164,24.65999984741211,12106135
2025-10-31 13:30:00,24.6299991607666,24.8799991607666,24.510000228881836,24.850000381469727,9143331
2025-10-31 14:30:00,24.854999542236328,24.959999084472656,24.829999923706055,24.885000228881836,13025147
2025-10-31 15:30:00,24.885099411010742,24.989999771118164,24.84000015258789,24.854999542236328,7671528
2025-10-31 16:30:00,24.854999542236328,24.920000076293945,24.790000915527344,24.795000076293945,8251123
2025-10-31 17:30:00,24.795000076293945,24.860000610351562,24.744400024414062,24.764999389648438,11129949
2025-10-31 18:30:00,24.764999389648438,24.8700008392334,24.739999771118164,24.780000686645508,13192763
2025-10-31 19:30:00,24.78499984741211,24.809999465942383,24.690000534057617,24.729999542236328,16733565
2025-11-03 14:30:00,24.635000228881836,24.635000228881836,24.079999923706055,24.149999618530273,10365486
2025-11-03 15:30:00,24.139999389648438,24.32990074157715,24.1299991607666,24.250099182128906,8335867
2025-11-03 16:30:00,24.25149917602539,24.354999542236328,24.190000534057617,24.325000762939453,9223064
2025-11-03 17:30:00,24.325000762939453,24.43000030517578,24.299999237060547,24.389999389648438,8668971
2025-11-03 18:30:00,24.389999389648438,24.5,24.375,24.475000381469727,11241038
2025-11-03 19:30:00,24.479999542236328,24.579999923706055,24.45009994506836,24.5049991607666,13973527
2025-11-03 20:30:00,24.510000228881836,24.540000915527344,24.460100173950195,24.530000686645508,18645707
2025-11-04 14:30:00,24.469999313354492,24.559999465942383,24.290000915527344,24.32990074157715,7883725
2025-11-04 15:30:00,24.329999923706055,24.389999389648438,24.299999237060547,24.30500030517578,10359610
2025-11-04 16:30:00,24.309999465942383,24.399999618530273,24.290000915527344,24.375,8399763
2025-11-04 17:30:00,24.375,24.389999389648438,24.31999969482422,24.349899291992188,10662912
2025-11-04 18:30:00,24.345500946044922,24.40999984741211,24.34000015258789,24.360000610351562,9992662
2025-11-04 19:30:00,24.360000610351562,24.469999313354492,24.34000015258789,24.46500015258789,10036851
2025-11-04 20:30:00,24.469999313354492,24.479999542236328,24.399999618530273,24.440000534057617,11841951
2025-11-05 14:30:00,24.459999084472656,24.729999542236328,24.440000534057617,24.674999237060547,5950924
2025-11-05 15:30:00,24.68000030517578,24.700000762939453,24.584999084472656,24.665000915527344,8657003
2025-11-05 16:30:00,24.665000915527344,24.709999084472656,24.6299991607666,24.690000534057617,4349613
2025-11-05 17:30:00,24.684999465942383,24.700000762939453,24.549999237060547,24.55500030517578,5639844
2025-11-05 18:30:00,24.55500030517578,24.59000015258789,24.440000534057617,24.444499969482422,8900972
2025-11-05 19:30:00,24.450000762939453,24.559999465942383,24.43000030517578,24.524999618530273,8836518
2025-11-05 20:30:00,24.530000686645508,24.59000015258789,24.479999542236328,24.540000915527344,10092348
2025-11-06 14:30:00,24.290000915527344,24.790000915527344,24.290000915527344,24.790000915527344,7097219
2025-11-06 15:30:00,24.78350067138672,24.989999771118164,24.774999618530273,24.83989906311035,12616928
2025-11-06 16:30:00,24.834999084472656,24.90999984741211,24.760000228881836,24.864999771118164,9981950
2025-11-06 17:30:00,24.864999771118164,24.8700008392334,24.649999618530273,24.655000686645508,8020204
2025-11-06 18:30:00,24.655000686645508,24.760000228881836,24.594999313354492,24.625499725341797,9908993
2025-11-06 19:30:00,24.6200008392334,24.729999542236328,24.600099563598633,24.709999084472656,8007474
2025-11-06 20:30:00,24.70989990234375,24.770000457763672,24.649999618530273,24.764999389648438,8978783
2025-11-07 14:30:00,24.809999465942383,25.03499984741211,24.709999084472656,24.90999984741211,8337065
2025-11-07 15:30:00,24.905000686645508,25.100000381469727,24.860000610351562,24.905000686645508,9852858
2025-11-07 16:30:00,24.905000686645508,24.949899673461914,24.760000228881836,24.774999618530273,7085719
2025-11-07 17:30:00,24.770000457763672,24.795000076293945,24.670000076293945,24.71500015258789,6638455
2025-11-07 18:30:00,24.71500015258789,24.739999771118164,24.655000686645508,24.709999084472656,7323125
2025-11-07 19:30:00,24.71500015258789,24.75,24.639999389648438,24.7450008392334,8791357
2025-11-07 20:30:00,24.740100860595703,24.829999923706055,24.690000534057617,24.829999923706055,7611370
2025-11-10 14:30:00,24.739999771118164,24.940000534057617,24.625,24.78499984741211,5453974
2025-11-10 15:30:00,24.790000915527344,24.860000610351562,24.690000534057617,24.69499969482422,7221296
2025-11-10 16:30:00,24.69499969482422,24.729900360107422,24.610000610351562,24.674999237060547,10274148
2025-11-10 17:30:00,24.674999237060547,24.81999969482422,24.670000076293945,24.770299911499023,6185936
2025-11-10 18:30:00,24.770000457763672,24.860000610351562,24.770000457763672,24.815000534057617,5294881
2025-11-10 19:30:00,24.809999465942383,24.8700008392334,24.799999237060547,24.825000762939453,5168710
2025-11-10 20:30:00,24.82509994506836,24.84000015258789,24.7450008392334,24.829999923706055,7666731
2025-11-11 14:30:00,24.93000030517578,25.139999389648438,24.8799991607666,25.135000228881836,4482978
2025-11-11 15:30:00,25.135000228881836,25.23509979248047,25.125,25.184999465942383,6963444
2025-11-11 16:30:00,25.18560028076172,25.270000457763672,25.174999237060547,25.2549991607666,6026979
2025-11-11 17:30:00,25.2549991607666,25.275100708007812,25.229999542236328,25.264999389648438,2857807
2025-11-11 18:30:00,25.264999389648438,25.299999237060547,25.139999389648438,25.165000915527344,4450553
2025-11-11 19:30:00,25.16510009765625,25.239999771118164,25.1299991607666,25.21500015258789,4204522
2025-11-11 20:30:00,25.21500015258789,25.260000228881836,25.15999984741211,25.190000534057617,6797738
2025-11-12 14:30:00,25.440000534057617,25.690000534057617,25.40999984741211,25.665000915527344,8152071
2025-11-12 15:30:00,25.65999984741211,25.729999542236328,25.600000381469727,25.655000686645508,5832984
2025-11-12 16:30:00,25.65999984741211,25.674999237060547,25.6200008392334,25.665000915527344,4238446
2025-11-12 17:30:00,25.665000915527344,25.68000030517578,25.540000915527344,25.635000228881836,4097951
2025-11-12 18:30:00,25.635000228881836,25.670000076293945,25.610000610351562,25.614999771118164,3390017
2025-11-12 19:30:00,25.619300842285156,25.639999389648438,25.59000015258789,25.609899520874023,4631030
2025-11-12 20:30:00,25.604999542236328,25.670000076293945,25.575000762939453,25.670000076293945,6610444
2025-11-13 14:30:00,25.649999618530273,25.939899444580078,25.55500030517578,25.80500030517578,6789504
2025-11-13 15:30:00,25.80500030517578,25.959999084472656,25.780000686645508,25.854999542236328,7946410
2025-11-13 16:30:00,25.850000381469727,25.8799991607666,25.75,25.78499984741211,5678154
2025-11-13 17:30:00,25.790000915527344,25.8700008392334,25.75,25.8700008392334,4204186
2025-11-13 18:30:00,25.8700008392334,25.905899047851562,25.760000228881836,25.809999465942383,4594728
2025-11-13 19:30:00,25.81665802001953,25.84000015258789,25.770000457763672,25.80500030517578,4595278
2025-11-13 20:30:00,25.805599212646484,25.809999465942383,25.690000534057617,25.7450008392334,7977054
2025-11-14 14:30:00,25.8700008392334,25.93000030517578,25.440000534057617,25.602500915527344,6273668
2025-11-14 15:30:00,25.610000610351562,25.675899505615234,25.5,25.6200008392334,5464517
2025-11-14 16:30:00,25.6200008392334,25.6200008392334,25.5,25.565000534057617,5895656
2025-11-14 17:30:00,25.565000534057617,25.610000610351562,25.550100326538086,25.56999969482422,2800552
2025-11-14 18:30:00,25.565000534057617,25.649999618530273,25.530000686645508,25.600000381469727,4586225
2025-11-14 19:30:00,25.600000381469727,25.670000076293945,25.59000015258789,25.639999389648438,3306383
2025-11-14 20:30:00,25.639999389648438,25.649999618530273,25.549999237060547,25.610000610351562,4871042
2025-11-17 14:30:00,25.6299991607666,25.709999084472656,25.549999237060547,25.655000686645508,4346008
2025-11-17 15:30:00,25.65999984741211,25.690000534057617,25.56999969482422,25.604999542236328,5786737
2025-11-17 16:30:00,25.604999542236328,25.68000030517578,25.579999923706055,25.66550064086914,4492422
2025-11-17 17:30:00,25.665000915527344,25.670000076293945,25.552799224853516,25.604999542236328,3382347
2025-11-17 18:30:00,25.604999542236328,25.6299991607666,25.549999237060547,25.565000534057617,2867696
2025-11-17 19:30:00,25.565000534057617,25.579999923706055,25.479999542236328,25.485000610351562,4132060
2025-11-17 20:30:00,25.485000610351562,25.5,25.43000030517578,25.450000762939453,4052296
2025-11-18 14:30:00,25.540000915527344,25.684999465942383,25.34000015258789,25.644399642944336,5235583
2025-11-18 15:30:00,25.639999389648438,25.729900360107422,25.530000686645508,25.615100860595703,5662914
2025-11-18 16:30:00,25.610000610351562,25.735000610351562,25.530099868774414,25.690000534057617,5647171
2025-11-18 17:30:00,25.689899444580078,25.729999542236328,25.66010093688965,25.704999923706055,3466475
2025-11-18 18:30:00,25.709999084472656,25.770000457763672,25.690000534057617,25.704999923706055,4141889
2025-11-18 19:30:00,25.704999923706055,25.75,25.6299991607666,25.63990020751953,4843385
2025-11-18 20:30:00,25.635000228881836,25.65999984741211,25.59000015258789,25.610000610351562,6086296
2025-11-19 14:30:00,25.600000381469727,25.670000076293945,25.235000610351562,25.325000762939453,4297814
2025-11-19 15:30:00,25.325000762939453,25.334999084472656,25.110000610351562,25.125,4500152
2025-11-19 16:30:00,25.125,25.270000457763672,25.09000015258789,25.244199752807617,3709875
2025-11-19 17:30:00,25.24180030822754,25.360000610351562,25.239999771118164,25.354999542236328,1929554
2025-11-19 18:30:00,25.360000610351562,25.3799991607666,25.219999313354492,25.225000381469727,2608622
2025-11-19 19:30:00,25.225000381469727,25.329999923706055,25.174999237060547,25.315000534057617,4099440
2025-11-19 20:30:00,25.315000534057617,25.350000381469727,25.25,25.260000228881836,4646255
2025-11-20 14:30:00,25.25,25.395000457763672,25.1200008392334,25.334999084472656,3504513
2025-11-20 15:30:00,25.334999084472656,25.489999771118164,25.309999465942383,25.44499969482422,3740741
2025-11-20 16:30:00,25.450000762939453,25.510000228881836,25.344999313354492,25.415000915527344,6008853
2025-11-20 17:30:00,25.415000915527344,25.450000762939453,25.260000228881836,25.315000534057617,4258701
2025-11-20 18:30:00,25.31999969482422,25.420000076293945,25.260000228881836,25.415000915527344,3045757
2025-11-20 19:30:00,25.415000915527344,25.546100616455078,25.395000457763672,25.524999618530273,7737235
2025-11-20 20:30:00,25.524999618530273,25.6299991607666,25.479999542236328,25.540000915527344,8930731
2025-11-21 14:30:00,25.514999389648438,26.040000915527344,25.5,26.040000915527344,12876488
2025-11-21 15:30:00,26.03499984741211,26.170000076293945,25.969999313354492,26.084999084472656,12971914
2025-11-21 16:30:00,26.084999084472656,26.18000030517578,26.024999618530273,26.065000534057617,7052802
2025-11-21 17:30:00,26.065000534057617,26.1299991607666,26.030000686645508,26.075000762939453,2600216
2025-11-21 18:30:00,26.075000762939453,26.07990074157715,25.969999313354492,25.985000610351562,3570835
2025-11-21 19:30:00,25.985000610351562,26.010000228881836,25.883699417114258,25.905000686645508,4788118
2025-11-21 20:30:00,25.905000686645508,25.969999313354492,25.899999618530273,25.950000762939453,5945049
2025-11-24 14:30:00,25.989999771118164,26.014999389648438,25.4950008392334,25.639999389648438,6680564
2025-11-24 15:30:00,25.639999389648438,25.649999618530273,25.43000030517578,25.520099639892578,4105458
2025-11-24 16:30:00,25.524999618530273,25.6200008392334,25.489999771118164,25.594999313354492,5164028
2025-11-24 17:30:00,25.594999313354492,25.709999084472656,25.5841007232666,25.709999084472656,2276318
2025-11-24 18:30:00,25.704999923706055,25.760000228881836,25.684999465942383,25.735000610351562,2817919
2025-11-24 19:30:00,25.735000610351562,25.770000457763672,25.700000762939453,25.709999084472656,2928820
2025-11-24 20:30:00,25.704999923706055,25.729999542236328,25.565000534057617,25.6200008392334,8035741
2025-11-25 14:30:00,25.760000228881836,26.204999923706055,25.75,26.024999618530273,5011998
2025-11-25 15:30:00,26.024999618530273,26.110000610351562,25.989999771118164,26.0049991607666,2752747
2025-11-25 16:30:00,26.0049991607666,26.020000457763672,25.84000015258789,25.875,3929950
2025-11-25 17:30:00,25.875,25.899999618530273,25.770000457763672,25.774999618530273,3163939
2025-11-25 18:30:00,25.774999618530273,25.86750030517578,25.770000457763672,25.81999969482422,3030669
2025-11-25 19:30:00,25.825000762939453,25.860000610351562,25.770000457763672,25.80389976501465,4554984
2025-11-25 20:30:00,25.799999237060547,25.860000610351562,25.790000915527344,25.844999313354492,6099074
2025-11-26 14:30:00,25.829999923706055,25.979999542236328,25.809999465942383,25.96500015258789,3826732
2025-11-26 15:30:00,25.959999084472656,26.059999465942383,25.940000534057617,26.05500030517578,2929024
2025-11-26 16:30:00,26.05500030517578,26.06999969482422,26.010000228881836,26.024999618530273,2193751
2025-11-26 17:30:00,26.024999618530273,26.049999237060547,25.899999618530273,25.901500701904297,1731851
2025-11-26 18:30:00,25.899999618530273,25.90999984741211,25.829999923706055,25.861000061035156,2028069
2025-11-26 19:30:00,25.864999771118164,25.8700008392334,25.799999237060547,25.834999084472656,2528000
2025-11-26 20:30:00,25.829999923706055,25.899999618530273,25.81999969482422,25.81999969482422,5032234
2025-11-28 14:30:00,25.81999969482422,25.860000610351562,25.760099411010742,25.834999084472656,3012086
2025-11-28 15:30:00,25.84000015258789,25.899999618530273,25.790000915527344,25.825000762939453,2147783
2025-11-28 16:30:00,25.829999923706055,25.93000030517578,25.809999465942383,25.864999771118164,3049714
2025-12-01 14:30:00,25.950000762939453,25.969999313354492,25.649999618530273,25.684999465942383,3710175
2025-12-01 15:30:00,25.68440055847168,25.709999084472656,25.610000610351562,25.655000686645508,2827823
2025-12-01 16:30:00,25.650100708007812,25.690000534057617,25.6299991607666,25.635000228881836,2031527
2025-12-01 17:30:00,25.633499145507812,25.700000762939453,25.549999237060547,25.670000076293945,3654613
2025-12-01 18:30:00,25.670000076293945,25.719999313354492,25.6299991607666,25.639999389648438,2950942
2025-12-01 19:30:00,25.645000457763672,25.700000762939453,25.610000610351562,25.700000762939453,2966088
2025-12-01 20:30:00,25.700000762939453,25.799999237060547,25.693025588989258,25.799999237060547,5338904
2025-12-02 14:30:00,25.829999923706055,25.8700008392334,25.530000686645508,25.55500030517578,5115468
2025-12-02 15:30:00,25.55500030517578,25.635400772094727,25.510000228881836,25.614999771118164,3142559
2025-12-02 16:30:00,25.614999771118164,25.6299991607666,25.559999465942383,25.625,1956067
2025-12-02 17:30:00,25.625099182128906,25.6299991607666,25.5,25.5,1845073
2025-12-02 18:30:00,25.505599975585938,25.540000915527344,25.450000762939453,25.534500122070312,2306843
2025-12-02 19:30:00,25.53499984741211,25.59000015258789,25.475000381469727,25.545000076293945,3082496
2025-12-02 20:30:00,25.545000076293945,25.59000015258789,25.5,25.5,3837643
2025-12-03 14:30:00,25.55500030517578,25.81999969482422,25.454999923706055,25.510000228881836,5102137
2025-12-03 15:30:00,25.5049991607666,25.520000457763672,25.399999618530273,25.45009994506836,4081521
2025-12-03 16:30:00,25.450000762939453,25.479999542236328,25.43000030517578,25.454999923706055,1694761
2025-12-03 17:30:00,25.454500198364258,25.520000457763672,25.440000534057617,25.4950008392334,1529932
2025-12-03 18:30:00,25.5,25.510000228881836,25.450000762939453,25.4950008392334,2071668
2025-12-03 19:30:00,25.4950008392334,25.520000457763672,25.31999969482422,25.34000015258789,2843202
2025-12-03 20:30:00,25.34000015258789,25.399999618530273,25.309999465942383,25.334999084472656,4146037
2025-12-04 14:30:00,25.3700008392334,25.559999465942383,25.31999969482422,25.32670021057129,4834530
2025-12-04 15:30:00,25.31999969482422,25.360000610351562,25.229999542236328,25.239999771118164,5278168
2025-12-04 16:30:00,25.239999771118164,25.3799991607666,25.229999542236328,25.373382568359375,3712587
2025-12-04 17:30:00,25.375,25.3799991607666,25.30500030517578,25.360000610351562,2353065
2025-12-04 18:30:00,25.3700008392334,25.389999389648438,25.329999923706055,25.34000015258789,2748261
2025-12-04 19:30:00,25.34000015258789,25.3700008392334,25.299999237060547,25.364999771118164,3634509
2025-12-04 20:30:00,25.360000610351562,25.399999618530273,25.329999923706055,25.399999618530273,4555624
2025-12-05 14:30:00,25.360000610351562,25.549999237060547,25.28499984741211,25.524999618530273,3918753
2025-12-05 15:30:00,25.524999618530273,25.639999389648438,25.5,25.584999084472656,3154841
2025-12-05 16:30:00,25.579999923706055,25.59000015258789,25.459999084472656,25.469999313354492,2677700
2025-12-05 17:30:00,25.475000381469727,25.489999771118164,25.40999984741211,25.432899475097656,3263270
2025-12-05 18:30:00,25.434999465942383,25.479999542236328,25.40999984741211,25.415000915527344,2184232
2025-12-05 19:30:00,25.415000915527344,25.43000030517578,25.3799991607666,25.389999389648438,2560926
2025-12-05 20:30:00,25.389999389648438,25.395000457763672,25.25,25.260000228881836,4904640
2025-12-08 14:30:00,25.34000015258789,25.34000015258789,24.770000457763672,24.770000457763672,7386991
2025-12-08 15:30:00,24.770000457763672,24.920000076293945,24.729999542236328,24.844999313354492,5175599
2025-12-08 16:30:00,24.844999313354492,24.885000228881836,24.770000457763672,24.80500030517578,5001207
2025-12-08 17:30:00,24.80500030517578,24.8700008392334,24.739999771118164,24.7450008392334,3545450
2025-12-08 18:30:00,24.740100860595703,24.84000015258789,24.690000534057617,24.80970001220703,4077927
2025-12-08 19:30:00,24.80500030517578,24.88599967956543,24.80500030517578,24.81450080871582,3514764
2025-12-08 20:30:00,24.815000534057617,24.84000015258789,24.760000228881836,24.834999084472656,5502042
2025-12-09 14:30:00,24.84000015258789,24.989999771118164,24.360000610351562,24.44499969482422,8460533
2025-12-09 15:30:00,24.44499969482422,24.59000015258789,24.3700008392334,24.53969955444336,4711923
2025-12-09 16:30:00,24.53499984741211,24.600000381469727,24.510000228881836,24.520000457763672,3065029
2025-12-09 17:30:00,24.524999618530273,24.530000686645508,24.420000076293945,24.46500015258789,2539197
2025-12-09 18:30:00,24.459999084472656,24.520000457763672,24.43000030517578,24.499900817871094,2909914
2025-12-09 19:30:00,24.4950008392334,24.4950008392334,24.3799991607666,24.44499969482422,4147043
2025-12-09 20:30:00,24.450000762939453,24.55500030517578,24.450000762939453,24.5049991607666,7357051
2025-12-10 14:30:00,24.559999465942383,24.600500106811523,24.309999465942383,24.434999465942383,5412715
2025-12-10 15:30:00,24.434999465942383,24.469999313354492,24.3700008392334,24.434999465942383,2971984
2025-12-10 16:30:00,24.434999465942383,24.469999313354492,24.40999984741211,24.459999084472656,1997776
2025-12-10 17:30:00,24.454999923706055,24.489999771118164,24.34000015258789,24.349899291992188,3032624
2025-12-10 18:30:00,24.344999313354492,24.40999984741211,24.290000915527344,24.364999771118164,3892244
2025-12-10 19:30:00,24.364999771118164,24.415000915527344,24.274999618530273,24.358800888061523,5122629
2025-12-10 20:30:00,24.354999542236328,24.43000030517578,24.290000915527344,24.391799926757812,6946121
2025-12-11 14:30:00,24.459999084472656,24.70989990234375,24.40999984741211,24.46030044555664,4112464
2025-12-11 15:30:00,24.459999084472656,24.52989959716797,24.389999389648438,24.524999618530273,3601773
2025-12-11 16:30:00,24.524999618530273,24.610000610351562,24.520000457763672,24.542800903320312,3046045
2025-12-11 17:30:00,24.549999237060547,24.549999237060547,24.510000228881836,24.520000457763672,2246627
2025-12-11 18:30:00,24.514999389648438,24.539899826049805,24.3799991607666,24.420000076293945,3209746
2025-12-11 19:30:00,24.424999237060547,24.489999771118164,24.3700008392334,24.389999389648438,4503603
2025-12-11 20:30:00,24.389999389648438,24.40999984741211,24.270000457763672,24.309999465942383,8743625
2025-12-12 14:30:00,24.389999389648438,24.739999771118164,24.264999389648438,24.604999542236328,5942524
2025-12-12 15:30:00,24.604999542236328,24.809999465942383,24.559999465942383,24.725000381469727,5340427
2025-12-12 16:30:00,24.725000381469727,24.774999618530273,24.639999389648438,24.670000076293945,3879300
2025-12-12 17:30:00,24.674999237060547,24.679800033569336,24.520000457763672,24.549999237060547,4250588
2025-12-12 18:30:00,24.545000076293945,24.559999465942383,24.520000457763672,24.55500030517578,2173647
2025-12-12 19:30:00,24.55500030517578,24.56999969482422,24.5,24.549999237060547,3493184
2025-12-12 20:30:00,24.55500030517578,24.600000381469727,24.540000915527344,24.575000762939453,3504466
2025-12-15 14:30:00,24.489999771118164,24.625,24.219999313354492,24.395000457763672,7199623
2025-12-15 15:30:00,24.389999389648438,24.459999084472656,24.31999969482422,24.395000457763672,4586597
2025-12-15 16:30:00,24.395000457763672,24.510000228881836,24.350000381469727,24.4689998626709,2968276
2025-12-15 17:30:00,24.459999084472656,24.479999542236328,24.399999618530273,24.424999237060547,2442941
2025-12-15 18:30:00,24.424999237060547,24.450000762939453,24.3799991607666,24.3799991607666,2384565
2025-12-15 19:30:00,24.3799991607666,24.469999313354492,24.334999084472656,24.385000228881836,4068027
2025-12-15 20:30:00,24.389999389648438,24.40999984741211,24.309999465942383,24.31999969482422,4986448
2025-12-16 14:30:00,24.360000610351562,24.389999389648438,24.209999084472656,24.30500030517578,4506922
2025-12-16 15:30:00,24.30500030517578,24.329999923706055,24.139999389648438,24.30500030517578,4671713
2025-12-16 16:30:00,24.299999237060547,24.329999923706055,24.190000534057617,24.204999923706055,3045788
2025-12-16 17:30:00,24.209999084472656,24.219999313354492,24.149999618530273,24.19499969482422,2314199
2025-12-16 18:30:00,24.19499969482422,24.200000762939453,24.1200008392334,24.135000228881836,2357974
2025-12-16 19:30:00,24.135000228881836,24.188100814819336,24.059999465942383,24.084999084472656,4332651
2025-12-16 20:30:00,24.084999084472656,24.139999389648438,24.010000228881836,24.059999465942383,5705787
2025-12-17 14:30:00,24.104999542236328,24.360000610351562,24.079999923706055,24.21500015258789,5468271
2025-12-17 15:30:00,24.219999313354492,24.40999984741211,24.209999084472656,24.406200408935547,4516893
2025-12-17 16:30:00,24.405000686645508,24.450000762939453,24.3700008392334,24.385000228881836,3714606
2025-12-17 17:30:00,24.389999389648438,24.405000686645508,24.31999969482422,24.34000015258789,2494954
2025-12-17 18:30:00,24.34000015258789,24.440000534057617,24.34000015258789,24.3799991607666,2765498
2025-12-17 19:30:00,24.385000228881836,24.424999237060547,24.360000610351562,24.395000457763672,3751530
2025-12-17 20:30:00,24.389999389648438,24.40999984741211,24.309999465942383,24.350000381469727,4799809
2025-12-18 14:30:00,24.30500030517578,24.549999237060547,24.299999237060547,24.424999237060547,4925730
2025-12-18 15:30:00,24.43000030517578,24.530000686645508,24.420000076293945,24.434999465942383,4136577
2025-12-18 16:30:00,24.434999465942383,24.440000534057617,24.280000686645508,24.30500030517578,2716732
2025-12-18 17:30:00,24.30500030517578,24.350000381469727,24.280000686645508,24.344999313354492,2403449
2025-12-18 18:30:00,24.344999313354492,24.354999542236328,24.264999389648438,24.290000915527344,2362577
2025-12-18 19:30:00,24.28499984741211,24.365100860595703,24.239999771118164,24.30500030517578,3181112
2025-12-18 20:30:00,24.30500030517578,24.329999923706055,24.229999542236328,24.264999389648438,4643247
2025-12-19 14:30:00,24.209999084472656,24.25,24.139999389648438,24.184999465942383,10319363
2025-12-19 15:30:00,24.185100555419922,24.280000686645508,24.170000076293945,24.225000381469727,3643279
2025-12-19 16:30:00,24.229999542236328,24.239999771118164,24.180099487304688,24.209999084472656,2036574
2025-12-19 17:30:00,24.209999084472656,24.219999313354492,24.09000015258789,24.09000015258789,2319522
2025-12-19 18:30:00,24.09000015258789,24.100000381469727,24.059999465942383,24.059999465942383,2803726
2025-12-19 19:30:00,24.065000534057617,24.09000015258789,24.030000686645508,24.049999237060547,3655112
2025-12-19 20:30:00,24.049999237060547,24.139999389648438,24.020000457763672,24.125,6394359
2025-12-22 14:30:00,24.149999618530273,24.364999771118164,24.09000015258789,24.350000381469727,4998965
2025-12-22 15:30:00,24.344999313354492,24.450000762939453,24.260000228881836,24.364999771118164,4966065
2025-12-22 16:30:00,24.364999771118164,24.385099411010742,24.280000686645508,24.28499984741211,2273432
2025-12-22 17:30:00,24.28499984741211,24.290000915527344,24.219999313354492,24.225000381469727,2001866
2025-12-22 18:30:00,24.225000381469727,24.25,24.219999313354492,24.25,1977854
2025-12-22 19:30:00,24.25,24.299999237060547,24.209999084472656,24.290000915527344,3319459
2025-12-22 20:30:00,24.290000915527344,24.329999923706055,24.270000457763672,24.295000076293945,3242869
2025-12-23 14:30:00,24.274999618530273,24.5,24.260000228881836,24.475000381469727,3864137
2025-12-23 15:30:00,24.475000381469727,24.530000686645508,24.459999084472656,24.485000610351562,2182602
2025-12-23 16:30:00,24.485000610351562,24.520000457763672,24.450000762939453,24.480100631713867,1885506
2025-12-23 17:30:00,24.479999542236328,24.510000228881836,24.459999084472656,24.5,1711376
2025-12-23 18:30:00,24.5,24.510000228881836,24.469999313354492,24.485000610351562,1390254
2025-12-23 19:30:00,24.485000610351562,24.5,24.440000534057617,24.459999084472656,2647484
2025-12-23 20:30:00,24.459999084472656,24.489999771118164,24.424999237060547,24.459999084472656,2955591
2025-12-24 14:30:00,24.3700008392334,24.610000610351562,24.3700008392334,24.604999542236328,2191619
2025-12-24 15:30:00,24.604999542236328,24.639999389648438,24.540000915527344,24.587400436401367,3341333
2025-12-24 16:30:00,24.59000015258789,24.65999984741211,24.579999923706055,24.6200008392334,3142584
2025-12-26 14:30:00,24.610000610351562,24.764999389648438,24.594999313354492,24.735000610351562,2418313
2025-12-26 15:30:00,24.735000610351562,24.7450008392334,24.6299991607666,24.649999618530273,1865328
2025-12-26 16:30:00,24.645000457763672,24.69499969482422,24.6200008392334,24.655000686645508,2090214
2025-12-26 17:30:00,24.655000686645508,24.65999984741211,24.6299991607666,24.645000457763672,1066062
2025-12-26 18:30:00,24.645000457763672,24.65999984741211,24.6299991607666,24.645000457763672,1167500
2025-12-26 19:30:00,24.645000457763672,24.690000534057617,24.645000457763672,24.68000030517578,1887586
2025-12-26 20:30:00,24.670000076293945,24.679899215698242,24.59000015258789,24.665000915527344,3365434
2025-12-29 14:30:00,24.68000030517578,24.93000030517578,24.67799949645996,24.889999389648438,2869750
2025-12-29 15:30:00,24.89550018310547,24.940000534057617,24.809999465942383,24.865100860595703,4510993
2025-12-29 16:30:00,24.8700008392334,24.889999389648438,24.84000015258789,24.84000015258789,2190238
2025-12-29 17:30:00,24.844999313354492,24.899999618530273,24.829999923706055,24.864999771118164,2047495
2025-12-29 18:30:00,24.86009979248047,24.8799991607666,24.81999969482422,24.844999313354492,2321102
2025-12-29 19:30:00,24.844999313354492,24.8799991607666,24.79439926147461,24.809999465942383,2762503
2025-12-29 20:30:00,24.799999237060547,24.809999465942383,24.729999542236328,24.780000686645508,3694504
2025-12-30 14:30:00,24.770000457763672,24.84000015258789,24.729999542236328,24.825000762939453,1825768
2025-12-30 15:30:00,24.825000762939453,24.84000015258789,24.770000457763672,24.81999969482422,2525803
2025-12-30 16:30:00,24.815000534057617,24.860000610351562,24.799999237060547,24.825000762939453,1586854
2025-12-30 17:30:00,24.825000762939453,24.850000381469727,24.809999465942383,24.81599998474121,1137734
2025-12-30 18:30:00,24.81439971923828,24.829999923706055,24.770000457763672,24.77549934387207,1641472
2025-12-30 19:30:00,24.770000457763672,24.809999465942383,24.729999542236328,24.799999237060547,2744467
2025-12-30 20:30:00,24.80500030517578,24.860000610351562,24.799999237060547,24.81999969482422,3202004
2025-12-31 14:30:00,24.790000915527344,24.954999923706055,24.780000686645508,24.905000686645508,3162754
2025-12-31 15:30:00,24.905000686645508,24.90999984741211,24.864999771118164,24.889999389648438,1703349
2025-12-31 16:30:00,24.895000457763672,24.90999984741211,24.8799991607666,24.885000228881836,1672718
2025-12-31 17:30:00,24.885000228881836,24.93000030517578,24.8799991607666,24.93000030517578,1357194
2025-12-31 18:30:00,24.93000030517578,24.950000762939453,24.90999984741211,24.940000534057617,2124125
2025-12-31 19:30:00,24.934999465942383,24.950000762939453,24.920000076293945,24.920000076293945,1765894
2025-12-31 20:30:00,24.924999237060547,24.969999313354492,24.84000015258789,24.850000381469727,3468933
2026-01-02 14:30:00,24.790000915527344,24.809999465942383,24.5,24.665000915527344,4993999
2026-01-02 15:30:00,24.665000915527344,24.75,24.600000381469727,24.704999923706055,3044632
2026-01-02 16:30:00,24.709999084472656,24.719999313354492,24.663400650024414,24.684999465942383,2000805
2026-01-02 17:30:00,24.689899444580078,24.700000762939453,24.600000381469727,24.635000228881836,1934954
2026-01-02 18:30:00,24.635000228881836,24.719999313354492,24.6299991607666,24.719999313354492,2379462
2026-01-02 19:30:00,24.719999313354492,24.747900009155273,24.59000015258789,24.594999313354492,2362584
2026-01-02 20:30:00,24.598600387573242,24.610000610351562,24.510000228881836,24.540000915527344,4324203
2026-01-05 14:30:00,24.405000686645508,24.66990089416504,24.3700008392334,24.44499969482422,11967091
2026-01-05 15:30:00,24.44499969482422,24.510000228881836,24.375,24.4950008392334,5685151
2026-01-05 16:30:00,24.494144439697266,24.604999542236328,24.475000381469727,24.55500030517578,3057931
2026-01-05 17:30:00,24.55500030517578,24.579999923706055,24.520000457763672,24.549999237060547,2219201
2026-01-05 18:30:00,24.549999237060547,24.649999618530273,24.540000915527344,24.645000457763672,2598896
2026-01-05 19:30:00,24.649999618530273,24.75,24.639999389648438,24.729999542236328,3851575
2026-01-05 20:30:00,24.725000381469727,24.75,24.639999389648438,24.719999313354492,5641142
2026-01-06 14:30:00,24.475000381469727,24.530000686645508,24.0,24.014999389648438,7926510
2026-01-06 15:30:00,24.006999969482422,24.1299991607666,23.969999313354492,23.9950008392334,6538047
2026-01-06 16:30:00,23.924999237060547,24.059999465942383,23.8700008392334,24.024999618530273,6841640
2026-01-06 17:30:00,24.009899139404297,24.270000457763672,24.0,24.26020050048828,6410326
2026-01-06 18:30:00,24.264999389648438,24.309999465942383,24.219999313354492,24.2549991607666,3776303
2026-01-06 19:30:00,24.2549991607666,24.260000228881836,24.149999618530273,24.25,3322916
2026-01-06 20:30:00,24.28569984436035,24.350000381469727,24.229999542236328,24.334999084472656,6310127
2026-01-07 14:30:00,24.440000534057617,24.545000076293945,24.125,24.125,7591008
2026-01-07 15:30:00,24.125,24.1299991607666,24.020000457763672,24.059999465942383,4264682
2026-01-07 16:30:00,24.065000534057617,24.1299991607666,24.020000457763672,24.075000762939453,5364805
2026-01-07 17:30:00,24.075000762939453,24.1200008392334,24.0,24.005599975585938,4268924
2026-01-07 18:30:00,24.0049991607666,24.019899368286133,23.950000762939453,23.975000381469727,3285457
2026-01-07 19:30:00,23.975000381469727,24.010000228881836,23.950000762939453,24.0,3320442
2026-01-07 20:30:00,23.999900817871094,24.020000457763672,23.899999618530273,23.96500015258789,5959336
2026-01-08 14:30:00,23.989999771118164,24.290000915527344,23.979999542236328,24.190000534057617,6048794
2026-01-08 15:30:00,24.184999465942383,24.239999771118164,24.100000381469727,24.19499969482422,5143198
2026-01-08 16:30:00,24.19499969482422,24.23539924621582,24.079999923706055,24.16550064086914,4027116
2026-01-08 17:30:00,24.165000915527344,24.280000686645508,24.15999984741211,24.264999389648438,3056061
2026-01-08 18:30:00,24.264999389648438,24.31999969482422,24.219999313354492,24.274999618530273,2845912
2026-01-08 19:30:00,24.274599075317383,24.309999465942383,24.260000228881836,24.280000686645508,2815569
2026-01-08 20:30:00,24.280000686645508,24.31999969482422,24.15999984741211,24.170000076293945,5656362
2026-01-09 14:30:00,24.25,24.31999969482422,24.170000076293945,24.225000381469727,4132462
2026-01-09 15:30:00,24.229999542236328,24.290000915527344,24.15999984741211,24.170000076293945,4345131
2026-01-09 16:30:00,24.165000915527344,24.229999542236328,24.139999389648438,24.192699432373047,2608937
2026-01-09 17:30:00,24.19499969482422,24.219999313354492,24.18000030517578,24.199800491333008,1709232
2026-01-09 18:30:00,24.200000762939453,24.209999084472656,24.139999389648438,24.150100708007812,2447560
2026-01-09 19:30:00,24.155000686645508,24.170000076293945,24.030000686645508,24.07309913635254,4502337
2026-01-09 20:30:00,24.070100784301758,24.075000762939453,23.979999542236328,23.985000610351562,5322372
2026-01-12 14:30:00,23.760000228881836,23.899999618530273,23.6200008392334,23.815000534057617,6635929
2026-01-12 15:30:00,23.815000534057617,23.889999389648438,23.75,23.760000228881836,3978549
2026-01-12 16:30:00,23.7549991607666,23.759899139404297,23.6200008392334,23.71500015258789,7886950
2026-01-12 17:30:00,23.719999313354492,23.799999237060547,23.709999084472656,23.764999389648438,3082110
2026-01-12 18:30:00,23.770000457763672,23.770000457763672,23.719999313354492,23.74020004272461,2491996
2026-01-12 19:30:00,23.739999771118164,23.760000228881836,23.65999984741211,23.674999237060547,3696066
2026-01-12 20:30:00,23.670000076293945,23.7450008392334,23.65999984741211,23.735000610351562,5001781
2026-01-13 14:30:00,23.690000534057617,23.75,23.450000762939453,23.46500015258789,7297702
2026-01-13 15:30:00,23.46500015258789,23.489999771118164,23.31999969482422,23.344999313354492,4916466
2026-01-13 16:30:00,23.34000015258789,23.360000610351562,23.190000534057617,23.270599365234375,4843141
2026-01-13 17:30:00,23.270000457763672,23.329999923706055,23.25,23.30500030517578,3168586
2026-01-13 18:30:00,23.30500030517578,23.36989974975586,23.290000915527344,23.30500030517578,4352947
2026-01-13 19:30:00,23.30500030517578,23.34000015258789,23.280000686645508,23.28499984741211,3607416
2026-01-13 20:30:00,23.28499984741211,23.329999923706055,23.219999313354492,23.290000915527344,6328551
2026-01-14 14:30:00,23.329999923706055,23.6200008392334,23.325000762939453,23.530000686645508,7672591
2026-01-14 15:30:00,23.530000686645508,23.670000076293945,23.530000686645508,23.665000915527344,4989007
2026-01-14 16:30:00,23.665000915527344,23.719999313354492,23.6200008392334,23.636899948120117,3771568
2026-01-14 17:30:00,23.6299991607666,23.65999984741211,23.565000534057617,23.584999084472656,3753102
2026-01-14 18:30:00,23.584999084472656,23.65999984741211,23.520000457763672,23.585800170898438,3844567
2026-01-14 19:30:00,23.584999084472656,23.704999923706055,23.549999237060547,23.614999771118164,8573944
2026-01-14 20:30:00,23.614999771118164,23.625,23.53499984741211,23.610000610351562,7324480
2026-01-15 14:30:00,23.610000610351562,23.670000076293945,23.5,23.655000686645508,6028830
2026-01-15 15:30:00,23.655000686645508,23.739999771118164,23.649999618530273,23.735000610351562,3591769
2026-01-15 16:30:00,23.735000610351562,23.799999237060547,23.709999084472656,23.745399475097656,3168384
2026-01-15 17:30:00,23.7450008392334,23.774999618530273,23.709999084472656,23.71500015258789,1938591
2026-01-15 18:30:00,23.71500015258789,23.760000228881836,23.6299991607666,23.735000610351562,4029428
2026-01-15 19:30:00,23.739999771118164,23.760000228881836,23.709999084472656,23.734500885009766,3550973
2026-01-15 20:30:00,23.735000610351562,23.760000228881836,23.670000076293945,23.719999313354492,6011765
2026-01-16 14:30:00,23.65999984741211,23.65999984741211,23.469999313354492,23.549999237060547,9883732
2026-01-16 15:30:00,23.559900283813477,23.559999465942383,23.399999618530273,23.405000686645508,3327322
2026-01-16 16:30:00,23.405000686645508,23.510000228881836,23.389999389648438,23.5,5404964
2026-01-16 17:30:00,23.4950008392334,23.56999969482422,23.450000762939453,23.55500030517578,3446982
2026-01-16 18:30:00,23.549999237060547,23.559999465942383,23.5049991607666,23.524999618530273,2944397
2026-01-16 19:30:00,23.524999618530273,23.559999465942383,23.489999771118164,23.520000457763672,3890387
2026-01-16 20:30:00,23.520000457763672,23.535999298095703,23.459999084472656,23.4950008392334,6861959
2026-01-20 14:30:00,23.3700008392334,23.53499984741211,23.274999618530273,23.415000915527344,7953868
2026-01-20 15:30:00,23.415000915527344,23.540000915527344,23.3799991607666,23.530000686645508,4464259
2026-01-20 16:30:00,23.52899932861328,23.600000381469727,23.5049991607666,23.540000915527344,6154814
2026-01-20 17:30:00,23.53499984741211,23.56999969482422,23.5,23.519899368286133,2729682
2026-01-20 18:30:00,23.510000228881836,23.579999923706055,23.440000534057617,23.450000762939453,2333378
2026-01-20 19:30:00,23.454999923706055,23.459999084472656,23.389999389648438,23.454999923706055,3201651
2026-01-20 20:30:00,23.454999923706055,23.520000457763672,23.40999984741211,23.444499969482422,7162711
2026-01-21 14:30:00,23.489999771118164,23.78969955444336,23.469999313354492,23.625,8208208
2026-01-21 15:30:00,23.6210994720459,23.670000076293945,23.510000228881836,23.569900512695312,3871785
2026-01-21 16:30:00,23.565000534057617,23.604999542236328,23.530000686645508,23.594999313354492,2943669
2026-01-21 17:30:00,23.594999313354492,23.65999984741211,23.56999969482422,23.6200008392334,3580351
2026-01-21 18:30:00,23.625,23.639999389648438,23.510000228881836,23.530000686645508,3997793
2026-01-21 19:30:00,23.53499984741211,23.6299991607666,23.520000457763672,23.575000762939453,4286890
2026-01-21 20:30:00,23.56999969482422,23.600000381469727,23.479999542236328,23.5,6056149
2026-01-22 14:30:00,23.56999969482422,23.735000610351562,23.5,23.684999465942383,5063728
2026-01-22 15:30:00,23.681100845336914,23.825000762939453,23.68000030517578,23.735000610351562,4400694
2026-01-22 16:30:00,23.735000610351562,23.780000686645508,23.729999542236328,23.7450008392334,2579310
2026-01-22 17:30:00,23.739999771118164,23.780000686645508,23.719999313354492,23.74850082397461,2073272
2026-01-22 18:30:00,23.75,23.780000686645508,23.739999771118164,23.7450008392334,2124041
2026-01-22 19:30:00,23.7450008392334,23.75,23.65999984741211,23.66080093383789,2352334
2026-01-22 20:30:00,23.65999984741211,23.670000076293945,23.579999923706055,23.594999313354492,3888198
2026-01-23 14:30:00,23.5,23.645000457763672,23.350000381469727,23.354999542236328,6063615
2026-01-23 15:30:00,23.354999542236328,23.440000534057617,23.299999237060547,23.41900062561035,4266029
2026-01-23 16:30:00,23.415000915527344,23.46500015258789,23.40999984741211,23.44499969482422,3367417
2026-01-23 17:30:00,23.44499969482422,23.5,23.43000030517578,23.46500015258789,2691942
2026-01-23 18:30:00,23.46500015258789,23.510000228881836,23.450000762939453,23.485000610351562,2744336
2026-01-23 19:30:00,23.485000610351562,23.520000457763672,23.459999084472656,23.50779914855957,2986065
2026-01-23 20:30:00,23.5049991607666,23.584999084472656,23.5,23.579999923706055,5144542
2026-01-26 14:30:00,23.700000762939453,23.799999237060547,23.360000610351562,23.559999465942383,9198120
2026-01-26 15:30:00,23.565000534057617,23.57900047302246,23.46500015258789,23.5049991607666,5634865
2026-01-26 16:30:00,23.510000228881836,23.540000915527344,23.479999542236328,23.5049991607666,3398909
2026-01-26 17:30:00,23.5,23.600000381469727,23.5,23.59000015258789,2962863
2026-01-26 18:30:00,23.584999084472656,23.600000381469727,23.510000228881836,23.510000228881836,3005528
2026-01-26 19:30:00,23.510000228881836,23.549999237060547,23.489999771118164,23.514999389648438,3721879
2026-01-26 20:30:00,23.520000457763672,23.559999465942383,23.450000762939453,23.450000762939453,6853301
2026-01-27 14:30:00,23.5,23.5,23.125,23.209800720214844,9120048
2026-01-27 15:30:00,23.204999923706055,23.260000228881836,23.170000076293945,23.190000534057617,6402193
2026-01-27 16:30:00,23.190000534057617,23.209999084472656,23.1299991607666,23.155000686645508,7644173
2026-01-27 17:30:00,23.155000686645508,23.15999984741211,23.079999923706055,23.09000015258789,5553243
2026-01-27 18:30:00,23.094999313354492,23.099000930786133,22.959999084472656,23.045000076293945,10948447
2026-01-27 19:30:00,23.045000076293945,23.1299991607666,23.030000686645508,23.094999313354492,7913553
2026-01-27 20:30:00,23.094999313354492,23.100000381469727,22.950000762939453,22.96500015258789,12836211
2026-01-28 14:30:00,23.420000076293945,24.110000610351562,23.360000610351562,24.0049991607666,26961590
2026-01-28 15:30:00,24.0049991607666,24.225000381469727,23.920000076293945,24.170000076293945,8139585
2026-01-28 16:30:00,24.170000076293945,24.329999923706055,24.079999923706055,24.315000534057617,7718461
2026-01-28 17:30:00,24.315000534057617,24.31999969482422,24.049999237060547,24.125,6360810
2026-01-28 18:30:00,24.125,24.149999618530273,24.049999237060547,24.084999084472656,4359496
2026-01-28 19:30:00,24.084999084472656,24.15999984741211,23.9950008392334,24.06999969482422,8068892
2026-01-28 20:30:00,24.075000762939453,24.1299991607666,23.979999542236328,24.079999923706055,11304604
2026-01-29 14:30:00,24.450000762939453,24.969999313354492,24.43000030517578,24.7549991607666,16869426
2026-01-29 15:30:00,24.75,25.088899612426758,24.719999313354492,24.924999237060547,10767376
2026-01-29 16:30:00,24.92020034790039,24.989999771118164,24.700000762939453,24.725000381469727,5320514
2026-01-29 17:30:00,24.725000381469727,24.75,24.520000457763672,24.729000091552734,3972404
2026-01-29 18:30:00,24.719999313354492,24.93000030517578,24.709999084472656,24.915000915527344,6595247
2026-01-29 19:30:00,24.915000915527344,25.100000381469727,24.895000457763672,25.094999313354492,8230126
2026-01-29 20:30:00,25.100000381469727,25.1299991607666,24.989999771118164,25.104999542236328,10528909
2026-01-30 14:30:00,25.5,25.70009994506836,25.145000457763672,25.600000381469727,14644299
2026-01-30 15:30:00,25.600000381469727,25.899999618530273,25.593700408935547,25.860000610351562,10342549
2026-01-30 16:30:00,25.860000610351562,25.940000534057617,25.68000030517578,25.70330047607422,6452834
2026-01-30 17:30:00,25.700000762939453,26.0,25.65999984741211,25.975000381469727,6720055
2026-01-30 18:30:00,25.975000381469727,26.18000030517578,25.93000030517578,26.07029914855957,8015610
2026-01-30 19:30:00,26.075000762939453,26.174999237060547,26.0049991607666,26.170000076293945,6323895
2026-01-30 20:30:00,26.170000076293945,26.290000915527344,26.1299991607666,26.219999313354492,11361837
2026-02-02 14:30:00,26.290000915527344,26.6299991607666,26.190000534057617,26.625,13454279
2026-02-02 15:30:00,26.6200008392334,26.635000228881836,26.40999984741211,26.540000915527344,10205329
2026-02-02 16:30:00,26.53499984741211,26.579999923706055,26.459999084472656,26.520000457763672,5987052
2026-02-02 17:30:00,26.520000457763672,26.549999237060547,26.389999389648438,26.489999771118164,6024114
2026-02-02 18:30:00,26.485000610351562,26.530000686645508,26.43000030517578,26.520000457763672,5056013
2026-02-02 19:30:00,26.514999389648438,26.565000534057617,26.3700008392334,26.395000457763672,7350977
2026-02-02 20:30:00,26.389999389648438,26.415000915527344,26.28499984741211,26.31999969482422,8378264
2026-02-03 14:30:00,26.110000610351562,26.610000610351562,26.110000610351562,26.545000076293945,10413766
2026-02-03 15:30:00,26.545000076293945,26.75,26.459999084472656,26.71500015258789,7988747
2026-02-03 16:30:00,26.71500015258789,26.80500030517578,26.672500610351562,26.71500015258789,6390739
2026-02-03 17:30:00,26.719999313354492,26.885000228881836,26.709999084472656,26.834999084472656,7268037
2026-02-03 18:30:00,26.829999923706055,26.90999984741211,26.7450008392334,26.875,6172365
2026-02-03 19:30:00,26.8700008392334,26.915000915527344,26.809999465942383,26.905000686645508,6797180
2026-02-03 20:30:00,26.905000686645508,26.985000610351562,26.825000762939453,26.825000762939453,8268133
2026-02-04 14:30:00,27.09000015258789,27.31999969482422,26.889999389648438,27.125,9630185
2026-02-04 15:30:00,27.129100799560547,27.290000915527344,26.969999313354492,27.215099334716797,8149279
2026-02-04 16:30:00,27.215099334716797,27.3700008392334,27.200000762939453,27.34000015258789,4941487
2026-02-04 17:30:00,27.334999084472656,27.4950008392334,27.329999923706055,27.334999084472656,4197010
2026-02-04 18:30:00,27.329999923706055,27.40999984741211,27.299999237060547,27.325000762939453,3816856
2026-02-04 19:30:00,27.329999923706055,27.420000076293945,27.200000762939453,27.219999313354492,5464302
2026-02-04 20:30:00,27.21500015258789,27.31999969482422,27.209999084472656,27.219999313354492,6823383
2026-02-05 14:30:00,27.399999618530273,27.520000457763672,27.100000381469727,27.454999923706055,8211823
2026-02-05 15:30:00,27.459999084472656,27.46500015258789,27.149999618530273,27.18000030517578,3853334
2026-02-05 16:30:00,27.18000030517578,27.190000534057617,27.049999237060547,27.065500259399414,3653779
2026-02-05 17:30:00,27.065000534057617,27.1299991607666,26.959999084472656,27.059999465942383,3838495
2026-02-05 18:30:00,27.059999465942383,27.239999771118164,27.049999237060547,27.239999771118164,4352466
2026-02-05 19:30:00,27.235000610351562,27.260000228881836,27.165000915527344,27.209999084472656,3412042
2026-02-05 20:30:00,27.209400177001953,27.309999465942383,27.18000030517578,27.280000686645508,6356760
2026-02-06 14:30:00,27.260000228881836,27.3799991607666,27.1299991607666,27.235000610351562,6519488
2026-02-06 15:30:00,27.239999771118164,27.31999969482422,27.05500030517578,27.065000534057617,3582010
2026-02-06 16:30:00,27.065000534057617,27.2450008392334,27.010099411010742,27.11199951171875,4891604
2026-02-06 17:30:00,27.1200008392334,27.1200008392334,27.0,27.030000686645508,3329860
2026-02-06 18:30:00,27.030000686645508,27.040000915527344,26.93000030517578,26.950000762939453,3339168
2026-02-06 19:30:00,26.950000762939453,27.09000015258789,26.94499969482422,27.084999084472656,4577375
2026-02-06 20:30:00,27.084999084472656,27.18000030517578,27.084999084472656,27.1200008392334,5457777
2026-02-09 14:30:00,27.094999313354492,27.190000534057617,26.825000762939453,27.165000915527344,4543061
2026-02-09 15:30:00,27.165000915527344,27.19499969482422,27.06999969482422,27.079999923706055,2367564
2026-02-09 16:30:00,27.075000762939453,27.09000015258789,26.93000030517578,26.975000381469727,2205615
2026-02-09 17:30:00,26.975000381469727,27.09000015258789,26.959999084472656,27.079999923706055,1693679
2026-02-09 18:30:00,27.076499938964844,27.09000015258789,26.989999771118164,27.020000457763672,2062869
2026-02-09 19:30:00,27.010000228881836,27.100000381469727,26.9950008392334,27.094999313354492,2787421
2026-02-09 20:30:00,27.094999313354492,27.139999389648438,27.059999465942383,27.094999313354492,4173303
2026-02-10 14:30:00,27.075000762939453,27.479999542236328,27.075000762939453,27.30500030517578,6156604
2026-02-10 15:30:00,27.299999237060547,27.475000381469727,27.264999389648438,27.461200714111328,3846088
2026-02-10 16:30:00,27.469999313354492,27.4950008392334,27.389999389648438,27.434999465942383,2777899
2026-02-10 17:30:00,27.440000534057617,27.56999969482422,27.43000030517578,27.559999465942383,2931425
2026-02-10 18:30:00,27.559999465942383,27.59000015258789,27.540000915527344,27.55500030517578,2489148
2026-02-10 19:30:00,27.550100326538086,27.559999465942383,27.430099487304688,27.434999465942383,3348828
2026-02-10 20:30:00,27.434999465942383,27.469999313354492,27.3799991607666,27.395000457763672,6371424
2026-02-11 14:30:00,27.274999618530273,28.440000534057617,27.135000228881836,28.354999542236328,11627113
2026-02-11 15:30:00,28.354999542236328,28.559999465942383,28.239999771118164,28.520000457763672,9256095
2026-02-11 16:30:00,28.510000228881836,28.559999465942383,28.200000762939453,28.20599937438965,8029083
2026-02-11 17:30:00,28.204999923706055,28.44499969482422,28.19499969482422,28.3799991607666,3977168
2026-02-11 18:30:00,28.385000228881836,28.424999237060547,28.21380043029785,28.239999771118164,3777209
2026-02-11 19:30:00,28.235000610351562,28.389999389648438,28.16010093688965,28.364999771118164,4431444
2026-02-11 20:30:00,28.367000579833984,28.600000381469727,28.364999771118164,28.454999923706055,10907997
2026-02-12 14:30:00,28.479999542236328,29.100000381469727,28.459999084472656,29.03499984741211,12238256
2026-02-12 15:30:00,29.03499984741211,29.299999237060547,28.979999542236328,29.22010040283203,9757556
2026-02-12 16:30:00,29.225000381469727,29.280000686645508,28.959999084472656,28.969999313354492,8165587
2026-02-12 17:30:00,28.975000381469727,29.110000610351562,28.8799991607666,28.975000381469727,8473834
2026-02-12 18:30:00,28.975000381469727,29.1200008392334,28.899999618530273,29.084999084472656,7188264
2026-02-12 19:30:00,29.09000015258789,29.15999984741211,29.045000076293945,29.104999542236328,5587833
2026-02-12 20:30:00,29.110000610351562,29.110000610351562,28.790000915527344,28.799999237060547,7783671
2026-02-13 14:30:00,28.68000030517578,28.829999923706055,28.40999984741211,28.475000381469727,10589950
2026-02-13 15:30:00,28.469999313354492,28.739299774169922,28.450000762939453,28.719999313354492,4478731
2026-02-13 16:30:00,28.71500015258789,28.7549991607666,28.655000686645508,28.665000915527344,3389706
2026-02-13 17:30:00,28.670000076293945,28.84000015258789,28.614999771118164,28.684999465942383,3321467
2026-02-13 18:30:00,28.68000030517578,28.68000030517578,28.56999969482422,28.68000030517578,3748115
2026-02-13 19:30:00,28.674999237060547,28.709999084472656,28.604999542236328,28.649999618530273,3700331
2026-02-13 20:30:00,28.655000686645508,28.709999084472656,28.610000610351562,28.690000534057617,4836319
2026-02-17 14:30:00,28.7549991607666,29.059999465942383,28.670000076293945,28.849899291992188,4636388
2026-02-17 15:30:00,28.844999313354492,28.854999542236328,28.6299991607666,28.795000076293945,3558076
2026-02-17 16:30:00,28.795000076293945,28.889999389648438,28.780000686645508,28.834999084472656,2122849
2026-02-17 17:30:00,28.84000015258789,28.940000534057617,28.700000762939453,28.81999969482422,2208875
2026-02-17 18:30:00,28.81999969482422,28.860000610351562,28.730100631713867,28.825000762939453,2081983
2026-02-17 19:30:00,28.829999923706055,28.829999923706055,28.729999542236328,28.799999237060547,2608106
2026-02-17 20:30:00,28.799999237060547,28.81999969482422,28.68000030517578,28.700000762939453,3847252
2026-02-18 14:30:00,28.6299991607666,28.71500015258789,28.17009925842285,28.21500015258789,5574781
2026-02-18 15:30:00,28.219900131225586,28.229999542236328,27.931499481201172,27.96500015258789,5709235
2026-02-18 16:30:00,27.96500015258789,28.114999771118164,27.959999084472656,28.040000915527344,3489101
2026-02-18 17:30:00,28.03499984741211,28.040000915527344,27.959999084472656,28.010000228881836,2246824
2026-02-18 18:30:00,28.010000228881836,28.03580093383789,27.850000381469727,27.90999984741211,2620027
2026-02-18 19:30:00,27.90999984741211,28.0,27.829999923706055,27.834999084472656,3874039
2026-02-18 20:30:00,27.834999084472656,27.940000534057617,27.81999969482422,27.864999771118164,3865741
2026-02-19 14:30:00,28.014999389648438,28.395000457763672,28.0,28.209999084472656,6839664
2026-02-19 15:30:00,28.21500015258789,28.225000381469727,27.979999542236328,27.985000610351562,2523787
2026-02-19 16:30:00,27.985000610351562,28.09000015258789,27.979999542236328,28.079999923706055,2106570
2026-02-19 17:30:00,28.078699111938477,28.09000015258789,27.9950008392334,28.0,1663204
2026-02-19 18:30:00,28.0,28.010000228881836,27.905000686645508,27.923500061035156,2252649
2026-02-19 19:30:00,27.920000076293945,27.93000030517578,27.75,27.809999465942383,4442889
2026-02-19 20:30:00,27.80500030517578,27.8799991607666,27.729999542236328,27.8700008392334,5505582
2026-02-20 14:30:00,27.950000762939453,27.969999313354492,27.540000915527344,27.81999969482422,4857226
2026-02-20 15:30:00,27.829999923706055,27.895000457763672,27.735000610351562,27.815000534057617,3027647
2026-02-20 16:30:00,27.81999969482422,27.899999618530273,27.780000686645508,27.850000381469727,1986154
2026-02-20 17:30:00,27.844999313354492,27.90999984741211,27.809999465942383,27.875,3592683
2026-02-20 18:30:00,27.8700008392334,27.989999771118164,27.844999313354492,27.985000610351562,2071652
2026-02-20 19:30:00,27.989999771118164,28.059999465942383,27.954999923706055,28.030000686645508,2376227
2026-02-20 20:30:00,28.03499984741211,28.049999237060547,27.940000534057617,27.989999771118164,2858705
2026-02-23 14:30:00,28.040000915527344,28.65999984741211,28.030000686645508,28.65999984741211,6978844
2026-02-23 15:30:00,28.655000686645508,28.829999923706055,28.6299991607666,28.760000228881836,6540411
2026-02-23 16:30:00,28.760000228881836,28.760000228881836,28.65999984741211,28.684999465942383,4721024
2026-02-23 17:30:00,28.684999465942383,28.770000457763672,28.6299991607666,28.7549991607666,4060404
2026-02-23 18:30:00,28.760000228881836,28.790000915527344,28.55500030517578,28.56999969482422,3570421
2026-02-23 19:30:00,28.565000534057617,28.6299991607666,28.520000457763672,28.53499984741211,4163726
2026-02-23 20:30:00,28.53499984741211,28.559999465942383,28.450000762939453,28.540000915527344,5154620
2026-02-24 14:30:00,28.520000457763672,28.799999237060547,28.209999084472656,28.272499084472656,7007710
2026-02-24 15:30:00,28.290000915527344,28.350000381469727,28.190000534057617,28.209999084472656,4129456
2026-02-24 16:30:00,28.204999923706055,28.3799991607666,28.200000762939453,28.364999771118164,4263572
2026-02-24 17:30:00,28.364999771118164,28.3799991607666,28.280000686645508,28.299999237060547,2411213
2026-02-24 18:30:00,28.299999237060547,28.34000015258789,28.260000228881836,28.31999969482422,2433305
2026-02-24 19:30:00,28.315000534057617,28.399999618530273,28.290000915527344,28.350000381469727,2674807
2026-02-24 20:30:00,28.350000381469727,28.389999389648438,28.33009910583496,28.364999771118164,3603551
2026-02-25 14:30:00,28.030000686645508,28.290000915527344,27.905000686645508,28.135000228881836,5321611
2026-02-25 15:30:00,28.135000228881836,28.190000534057617,27.959999084472656,28.03499984741211,5078840
2026-02-25 16:30:00,28.036300659179688,28.1299991607666,27.899999618530273,27.934999465942383,3313964
2026-02-25 17:30:00,27.934999465942383,27.979999542236328,27.915000915527344,27.934999465942383,3969862
2026-02-25 18:30:00,27.934999465942383,27.940000534057617,27.700000762939453,27.739999771118164,3592368
2026-02-25 19:30:00,27.75,27.860000610351562,27.739999771118164,27.854999542236328,3494845
2026-02-25 20:30:00,27.853700637817383,27.899999618530273,27.809999465942383,27.885000228881836,5161361
2026-02-26 14:30:00,27.979999542236328,28.049999237060547,27.7450008392334,27.774999618530273,4396116
2026-02-26 15:30:00,27.774999618530273,27.790000915527344,27.594999313354492,27.61989974975586,3828063
2026-02-26 16:30:00,27.613500595092773,27.690000534057617,27.56999969482422,27.6200008392334,2786173
2026-02-26 17:30:00,27.614999771118164,27.6299991607666,27.549999237060547,27.584999084472656,2013204
2026-02-26 18:30:00,27.584999084472656,27.6200008392334,27.5,27.56999969482422,3530337
2026-02-26 19:30:00,27.579999923706055,27.59000015258789,27.5,27.545000076293945,3436835
2026-02-26 20:30:00,27.540000915527344,27.540000915527344,27.40999984741211,27.450000762939453,4971109
2026-02-27 14:30:00,27.610000610351562,27.815000534057617,27.510000228881836,27.700000762939453,6459028
2026-02-27 15:30:00,27.700000762939453,27.8700008392334,27.649999618530273,27.81999969482422,4154160
2026-02-27 16:30:00,27.81999969482422,27.969999313354492,27.80500030517578,27.93000030517578,2758479
2026-02-27 17:30:00,27.934999465942383,27.989999771118164,27.889999389648438,27.950000762939453,1993387
2026-02-27 18:30:00,27.950000762939453,27.950000762939453,27.850000381469727,27.854999542236328,1692134
2026-02-27 19:30:00,27.854999542236328,27.860000610351562,27.75,27.850000381469727,4769017
2026-02-27 20:30:00,27.850000381469727,28.010000228881836,27.809999465942383,28.0,7424647
2026-03-02 14:30:00,27.90999984741211,28.25,27.889999389648438,28.149999618530273,6205056
2026-03-02 15:30:00,28.155000686645508,28.25,27.989999771118164,28.0049991607666,4870926
2026-03-02 16:30:00,28.010000228881836,28.079999923706055,27.92259979248047,28.059999465942383,4161985
2026-03-02 17:30:00,28.059999465942383,28.1299991607666,27.975000381469727,27.989999771118164,2103894
2026-03-02 18:30:00,27.989999771118164,28.049999237060547,27.950000762939453,28.024999618530273,2775184
2026-03-02 19:30:00,28.020099639892578,28.1200008392334,27.883499145507812,27.889999389648438,3274803
2026-03-02 20:30:00,27.889999389648438,28.020000457763672,27.8700008392334,27.989999771118164,5453948
2026-03-03 14:30:00,27.790000915527344,28.299999237060547,27.760000228881836,28.299999237060547,6738316
2026-03-03 15:30:00,28.295000076293945,28.399999618530273,28.125,28.315000534057617,6117246
2026-03-03 16:30:00,28.315000534057617,28.5,28.2450008392334,28.429899215698242,4827966
2026-03-03 17:30:00,28.424999237060547,28.600000381469727,28.399999618530273,28.594999313354492,3843933
2026-03-03 18:30:00,28.594999313354492,28.739999771118164,28.565000534057617,28.674999237060547,4607570
2026-03-03 19:30:00,28.67009925842285,28.75,28.610000610351562,28.665000915527344,4068621
2026-03-03 20:30:00,28.670000076293945,28.719999313354492,28.610000610351562,28.665000915527344,3262477
2026-03-04 14:30:00,28.469999313354492,28.579999923706055,28.219999313354492,28.579999923706055,4704097
2026-03-04 15:30:00,28.56999969482422,28.770000457763672,28.520000457763672,28.645000457763672,6372977
2026-03-04 16:30:00,28.645000457763672,28.81999969482422,28.639999389648438,28.799999237060547,4980603
2026-03-04 17:30:00,28.80500030517578,28.940000534057617,28.780000686645508,28.934999465942383,3383633
2026-03-04 18:30:00,28.934999465942383,28.940000534057617,28.860000610351562,28.875,2299525
2026-03-04 19:30:00,28.8799991607666,28.989999771118164,28.864999771118164,28.979999542236328,4681646
2026-03-04 20:30:00,28.969999313354492,29.06999969482422,28.953800201416016,28.989999771118164,6632976
2026-03-05 14:30:00,28.934999465942383,28.954999923706055,28.71500015258789,28.850000381469727,5752091
2026-03-05 15:30:00,28.844999313354492,28.979999542236328,28.78499984741211,28.96500015258789,4841003
2026-03-05 16:30:00,28.959999084472656,28.979999542236328,28.799999237060547,28.850000381469727,3820684
2026-03-05 17:30:00,28.854999542236328,29.020000457763672,28.844999313354492,28.950000762939453,3440725
2026-03-05 18:30:00,28.954999923706055,28.969999313354492,28.809999465942383,28.885000228881836,3187759
2026-03-05 19:30:00,28.889999389648438,28.94499969482422,28.84000015258789,28.895000457763672,4826794
2026-03-05 20:30:00,28.895000457763672,29.059999465942383,28.8700008392334,28.959999084472656,7529871
2026-03-06 14:30:00,28.93000030517578,28.950000762939453,28.6200008392334,28.674999237060547,4378421
2026-03-06 15:30:00,28.674999237060547,28.69499969482422,28.549999237060547,28.565000534057617,3072983
2026-03-06 16:30:00,28.565000534057617,28.59000015258789,28.325000762939453,28.440000534057617,3941357
2026-03-06 17:30:00,28.434999465942383,28.59000015258789,28.3799991607666,28.57990074157715,2340699
2026-03-06 18:30:00,28.575000762939453,28.59000015258789,28.459999084472656,28.575000762939453,3884037
2026-03-06 19:30:00,28.575000762939453,28.68000030517578,28.549999237060547,28.670000076293945,3633415
2026-03-06 20:30:00,28.670000076293945,28.777700424194336,28.6200008392334,28.649999618530273,5381276
2026-03-09 13:30:00,28.1299991607666,28.360000610351562,27.389999389648438,27.540000915527344,10294143
2026-03-09 14:30:00,27.540000915527344,27.85610008239746,27.440000534057617,27.84000015258789,5302632
2026-03-09 15:30:00,27.84000015258789,27.920000076293945,27.670000076293945,27.790000915527344,5343792
2026-03-09 16:30:00,27.795000076293945,27.8700008392334,27.690000534057617,27.729999542236328,3912234
2026-03-09 17:30:00,27.735000610351562,27.825000762939453,27.704999923706055,27.7450008392334,3370832
2026-03-09 18:30:00,27.7450008392334,27.819299697875977,27.6299991607666,27.746000289916992,5275975
2026-03-09 19:30:00,27.75,27.790000915527344,27.510000228881836,27.530000686645508,6969613
2026-03-10 13:30:00,27.649999618530273,27.7549991607666,27.450000762939453,27.584999084472656,6080433
2026-03-10 14:30:00,27.59000015258789,27.760000228881836,27.589799880981445,27.726600646972656,3388877
2026-03-10 15:30:00,27.719999313354492,27.899999618530273,27.6299991607666,27.834999084472656,3008798
2026-03-10 16:30:00,27.834999084472656,27.940000534057617,27.829999923706055,27.875,2800334
2026-03-10 17:30:00,27.875,27.889999389648438,27.790000915527344,27.834999084472656,3435120
2026-03-10 18:30:00,27.84000015258789,27.8700008392334,27.71500015258789,27.71500015258789,4263181
2026-03-10 19:30:00,27.71500015258789,27.8799991607666,27.670000076293945,27.729999542236328,7277176
2026-03-11 13:30:00,27.665000915527344,27.729999542236328,27.05500030517578,27.059999465942383,5665176
2026-03-11 14:30:00,27.065000534057617,27.299999237060547,27.010000228881836,27.135000228881836,5574003
2026-03-11 15:30:00,27.135000228881836,27.209999084472656,27.030000686645508,27.045000076293945,3737811
2026-03-11 16:30:00,27.049999237060547,27.15999984741211,26.950000762939453,27.00790023803711,3978789
2026-03-11 17:30:00,27.0049991607666,27.06999969482422,26.8700008392334,27.059999465942383,3970893
2026-03-11 18:30:00,27.059999465942383,27.079999923706055,26.950000762939453,27.020000457763672,4000413
2026-03-11 19:30:00,27.020000457763672,27.184999465942383,27.0,27.139999389648438,6470900
2026-03-12 13:30:00,27.049999237060547,27.209999084472656,26.729999542236328,27.155000686645508,4356013
2026-03-12 14:30:00,27.155000686645508,27.329999923706055,27.1299991607666,27.299999237060547,3271123
2026-03-12 15:30:00,27.300100326538086,27.3799991607666,27.212499618530273,27.270000457763672,2661462
2026-03-12 16:30:00,27.274999618530273,27.344999313354492,27.25,27.280000686645508,2547489
2026-03-12 17:30:00,27.28499984741211,27.389999389648438,27.280000686645508,27.315000534057617,2313072
2026-03-12 18:30:00,27.315000534057617,27.350000381469727,27.239999771118164,27.280000686645508,2654130
2026-03-12 19:30:00,27.280000686645508,27.389999389648438,27.239999771118164,27.375,6002309
2026-03-13 13:30:00,27.5,27.75,27.440000534057617,27.649999618530273,3146197
2026-03-13 14:30:00,27.655000686645508,27.75,27.6200008392334,27.649999618530273,2154278
2026-03-13 15:30:00,27.649999618530273,27.729999542236328,27.610000610351562,27.725000381469727,2271984
2026-03-13 16:30:00,27.725000381469727,27.790000915527344,27.639999389648438,27.65999984741211,2706234
2026-03-13 17:30:00,27.655000686645508,27.725000381469727,27.610000610351562,27.665000915527344,1259018
2026-03-13 18:30:00,27.65999984741211,27.844999313354492,27.65049934387207,27.735000610351562,4030974
2026-03-13 19:30:00,27.732999801635742,27.780000686645508,27.674999237060547,27.719999313354492,4201388
2026-03-16 13:30:00,27.729999542236328,27.75,27.469999313354492,27.68000030517578,5171256
2026-03-16 14:30:00,27.684999465942383,27.700000762939453,27.469999313354492,27.645000457763672,2760577
2026-03-16 15:30:00,27.645000457763672,27.690000534057617,27.549999237060547,27.600000381469727,2689725
2026-03-16 16:30:00,27.600000381469727,27.690000534057617,27.56999969482422,27.674999237060547,2187732
2026-03-16 17:30:00,27.68000030517578,27.809999465942383,27.65999984741211,27.764999389648438,2656056
2026-03-16 18:30:00,27.764999389648438,27.809999465942383,27.649999618530273,27.804000854492188,3582800
2026-03-16 19:30:00,27.809999465942383,27.815000534057617,27.68000030517578,27.75,4629540
2026-03-17 13:30:00,27.889999389648438,28.0,27.655000686645508,27.924999237060547,4302418
2026-03-17 14:30:00,27.924999237060547,27.975000381469727,27.889999389648438,27.954999923706055,2120297
2026-03-17 15:30:00,27.954999923706055,28.020000457763672,27.825000762939453,27.915000915527344,3426650
2026-03-17 16:30:00,27.915000915527344,27.924999237060547,27.850000381469727,27.854999542236328,3191623
2026-03-17 17:30:00,27.854999542236328,27.864999771118164,27.68000030517578,27.716299057006836,2767337
2026-03-17 18:30:00,27.709999084472656,27.8700008392334,27.700000762939453,27.864999771118164,2811952
2026-03-17 19:30:00,27.864999771118164,27.899999618530273,27.770000457763672,27.850000381469727,6561278
2026-03-18 13:30:00,27.709999084472656,27.790000915527344,27.510000228881836,27.674999237060547,3160674
2026-03-18 14:30:00,27.674999237060547,27.690000534057617,27.450000762939453,27.475000381469727,3207162
2026-03-18 15:30:00,27.469999313354492,27.559999465942383,27.434999465942383,27.510000228881836,2102120
2026-03-18 16:30:00,27.5049991607666,27.639999389648438,27.4950008392334,27.55500030517578,4724379
2026-03-18 17:30:00,27.55500030517578,27.56999969482422,27.40999984741211,27.55500030517578,3406607
2026-03-18 18:30:00,27.55500030517578,27.559999465942383,27.462499618530273,27.545000076293945,4393406
2026-03-18 19:30:00,27.545000076293945,27.549999237060547,27.389999389648438,27.399999618530273,5474303
2026-03-19 13:30:00,27.579999923706055,27.950000762939453,27.520000457763672,27.864999771118164,6701940
2026-03-19 14:30:00,27.864999771118164,27.950000762939453,27.360000610351562,27.434999465942383,7154966
2026-03-19 15:30:00,27.434999465942383,27.559999465942383,27.219999313354492,27.4950008392334,7218100
2026-03-19 16:30:00,27.4950008392334,27.610000610351562,27.40999984741211,27.415000915527344,3176807
2026-03-19 17:30:00,27.415000915527344,27.604999542236328,27.399999618530273,27.549999237060547,4481714
2026-03-19 18:30:00,27.549999237060547,27.8700008392334,27.510000228881836,27.825000762939453,8932725
2026-03-19 19:30:00,27.825000762939453,27.93000030517578,27.732500076293945,27.75,12070387
2026-03-20 13:30:00,27.834999084472656,28.465099334716797,27.834999084472656,28.344999313354492,18341681
2026-03-20 14:30:00,28.344999313354492,28.6200008392334,28.31999969482422,28.524999618530273,11020380
2026-03-20 15:30:00,28.524999618530273,28.579999923706055,28.452499389648438,28.55500030517578,4239640
2026-03-20 16:30:00,28.559999465942383,28.6299991607666,28.520000457763672,28.55500030517578,5642791
2026-03-20 17:30:00,28.55900001525879,28.6299991607666,28.479999542236328,28.5,4135418
2026-03-20 18:30:00,28.5049991607666,28.6200008392334,28.489999771118164,28.600000381469727,11571370
2026-03-20 19:30:00,28.600000381469727,28.610000610351562,28.239999771118164,28.34000015258789,9620507
2026-03-23 13:30:00,28.274999618530273,28.854999542236328,27.8700008392334,28.604999542236328,8742050
2026-03-23 14:30:00,28.604999542236328,28.700000762939453,28.350000381469727,28.44499969482422,3563869
2026-03-23 15:30:00,28.44499969482422,28.524999618530273,28.329999923706055,28.434999465942383,3351889
2026-03-23 16:30:00,28.440000534057617,28.670000076293945,28.420000076293945,28.639999389648438,2759159
2026-03-23 17:30:00,28.639999389648438,28.735000610351562,28.59000015258789,28.670000076293945,3050000
2026-03-23 18:30:00,28.665000915527344,28.799999237060547,28.625,28.665000915527344,4270026
2026-03-23 19:30:00,28.665000915527344,28.90999984741211,28.665000915527344,28.760000228881836,7542134
2026-03-24 13:30:00,28.799999237060547,29.434999465942383,28.65999984741211,29.31999969482422,10241833
2026-03-24 14:30:00,29.31999969482422,29.350000381469727,29.139999389648438,29.240100860595703,4899920
2026-03-24 15:30:00,29.25,29.325000762939453,29.125,29.125,3115274
2026-03-24 16:30:00,29.125,29.174999237060547,29.0,29.0049991607666,2863522
2026-03-24 17:30:00,29.010000228881836,29.024999618530273,28.8799991607666,28.96500015258789,2666206
2026-03-24 18:30:00,28.96500015258789,29.059999465942383,28.93000030517578,29.010000228881836,4173669
2026-03-24 19:30:00,29.010000228881836,29.010000228881836,28.8700008392334,28.889999389648438,5477482
2026-03-25 13:30:00,28.979999542236328,29.135000228881836,28.790000915527344,28.96500015258789,5574529
2026-03-25 14:30:00,28.96500015258789,29.020000457763672,28.8799991607666,28.899999618530273,4746901
2026-03-25 15:30:00,28.899999618530273,28.969999313354492,28.84000015258789,28.885000228881836,3390727
2026-03-25 16:30:00,28.885000228881836,29.0049991607666,28.875,28.915000915527344,2226395
2026-03-25 17:30:00,28.915000915527344,29.065000534057617,28.90999984741211,28.975000381469727,3232832
2026-03-25 18:30:00,28.975000381469727,29.030000686645508,28.889999389648438,28.985000610351562,3133333
2026-03-25 19:30:00,28.979999542236328,29.0,28.704999923706055,28.84000015258789,6880567
2026-03-26 13:30:00,29.06999969482422,29.209999084472656,28.81999969482422,29.014999389648438,4582514
2026-03-26 14:30:00,29.010000228881836,29.18000030517578,28.979999542236328,29.075000762939453,3738809
2026-03-26 15:30:00,29.079999923706055,29.204999923706055,29.03499984741211,29.155000686645508,2811090
2026-03-26 16:30:00,29.149999618530273,29.18000030517578,29.079999923706055,29.149999618530273,2259866
2026-03-26 17:30:00,29.149999618530273,29.155000686645508,28.969999313354492,28.9950008392334,2267521
2026-03-26 18:30:00,28.9950008392334,29.079999923706055,28.94499969482422,28.989999771118164,3467977
2026-03-26 19:30:00,28.979999542236328,29.020000457763672,28.83099937438965,28.934999465942383,4935268
2026-03-27 13:30:00,29.0,29.364999771118164,28.81999969482422,29.18000030517578,5396438
2026-03-27 14:30:00,29.18000030517578,29.219999313354492,29.075000762939453,29.145000457763672,3284352
2026-03-27 15:30:00,29.145000457763672,29.215099334716797,29.06999969482422,29.165000915527344,2925428
2026-03-27 16:30:00,29.165000915527344,29.219999313354492,29.020000457763672,29.1200008392334,2875056
2026-03-27 17:30:00,29.1200008392334,29.170000076293945,29.094999313354492,29.135000228881836,3298768
2026-03-27 18:30:00,29.135000228881836,29.18000030517578,29.110000610351562,29.139999389648438,3636902
2026-03-27 19:30:00,29.145000457763672,29.209999084472656,29.09000015258789,29.094999313354492,6298726
2026-03-30 13:30:00,29.209999084472656,29.364999771118164,28.864999771118164,29.110000610351562,4718176
2026-03-30 14:30:00,29.104999542236328,29.114999771118164,28.950000762939453,29.030000686645508,3073930
2026-03-30 15:30:00,29.024999618530273,29.110000610351562,28.954999923706055,28.954999923706055,2792156
2026-03-30 16:30:00,28.954999923706055,29.13990020751953,28.950000762939453,29.05500030517578,2907849
2026-03-30 17:30:00,29.05500030517578,29.125,29.0,29.0,2981718
2026-03-30 18:30:00,29.006399154663086,29.006399154663086,28.81999969482422,28.834999084472656,3279317
2026-03-30 19:30:00,28.84000015258789,28.975000381469727,28.719999313354492,28.790000915527344,5398208
2026-03-31 13:30:00,28.93000030517578,28.954999923706055,28.530000686645508,28.655000686645508,4504141
2026-03-31 14:30:00,28.655000686645508,28.739999771118164,28.549999237060547,28.549999237060547,3438690
2026-03-31 15:30:00,28.559999465942383,28.7450008392334,28.549999237060547,28.71500015258789,4079061
2026-03-31 16:30:00,28.71500015258789,28.905000686645508,28.665000915527344,28.68000030517578,4088047
2026-03-31 17:30:00,28.674999237060547,28.799999237060547,28.559999465942383,28.614999771118164,2310686
2026-03-31 18:30:00,28.614999771118164,28.709999084472656,28.600000381469727,28.670000076293945,2613876
2026-03-31 19:30:00,28.670000076293945,28.979999542236328,28.649999618530273,28.96500015258789,6878084
2026-04-01 13:30:00,28.950000762939453,28.969999313354492,28.459999084472656,28.4950008392334,5167060
2026-04-01 14:30:00,28.4950008392334,28.559999465942383,28.354999542236328,28.385000228881836,3868738
2026-04-01 15:30:00,28.389999389648438,28.420000076293945,28.260000228881836,28.34000015258789,3235622
2026-04-01 16:30:00,28.344999313354492,28.38990020751953,28.1299991607666,28.135000228881836,2947470
2026-04-01 17:30:00,28.135000228881836,28.280000686645508,28.059999465942383,28.2450008392334,3113157
2026-04-01 18:30:00,28.2450008392334,28.415000915527344,28.235000610351562,28.274999618530273,3256779
2026-04-01 19:30:00,28.274999618530273,28.334999084472656,28.225000381469727,28.334999084472656,4103895
2026-04-02 13:30:00,28.389999389648438,28.6299991607666,28.059999465942383,28.190000534057617,4554915
2026-04-02 14:30:00,28.184999465942383,28.2549991607666,28.049999237060547,28.174999237060547,3077165
2026-04-02 15:30:00,28.174999237060547,28.186580657958984,28.065000534057617,28.100000381469727,2249706
2026-04-02 16:30:00,28.100000381469727,28.149999618530273,27.989999771118164,28.139999389648438,1995259
2026-04-02 17:30:00,28.139999389648438,28.229999542236328,28.110000610351562,28.229999542236328,1732513
2026-04-02 18:30:00,28.219999313354492,28.274999618530273,28.170000076293945,28.19499969482422,2761745
2026-04-02 19:30:00,28.19499969482422,28.34000015258789,28.172500610351562,28.315000534057617,4121354
2026-04-06 13:30:00,28.264999389648438,28.520000457763672,28.149999618530273,28.44499969482422,3238610
2026-04-06 14:30:00,28.440000534057617,28.485000610351562,28.364999771118164,28.3799991607666,2533646
2026-04-06 15:30:00,28.3799991607666,28.405000686645508,28.290000915527344,28.30500030517578,1425438
2026-04-06 16:30:00,28.30500030517578,28.34000015258789,28.260000228881836,28.290000915527344,1625661
2026-04-06 17:30:00,28.290000915527344,28.31999969482422,28.229999542236328,28.315000534057617,1543568
2026-04-06 18:30:00,28.31999969482422,28.354999542236328,28.28499984741211,28.325000762939453,1835049
2026-04-06 19:30:00,28.325000762939453,28.3799991607666,28.270000457763672,28.31999969482422,3081453
2026-04-07 13:30:00,28.290000915527344,28.485000610351562,28.229999542236328,28.3799991607666,3068846
2026-04-07 14:30:00,28.375,28.420000076293945,28.299999237060547,28.364999771118164,2257020
2026-04-07 15:30:00,28.364999771118164,28.375,28.18000030517578,28.184999465942383,2389432
2026-04-07 16:30:00,28.184999465942383,28.184999465942383,27.969999313354492,28.00979995727539,3308266
2026-04-07 17:30:00,28.010000228881836,28.059999465942383,27.969999313354492,28.020000457763672,1750660
2026-04-07 18:30:00,28.030000686645508,28.059999465942383,27.920000076293945,27.989900588989258,2417750
2026-04-07 19:30:00,27.989999771118164,28.065000534057617,27.940000534057617,28.040000915527344,3785000
2026-04-08 13:30:00,27.229999542236328,27.5,26.91010093688965,27.2450008392334,11825492
2026-04-08 14:30:00,27.235000610351562,27.450000762939453,27.170000076293945,27.34000015258789,5515951
2026-04-08 15:30:00,27.329999923706055,27.5,27.229999542236328,27.260000228881836,4695384
2026-04-08 16:30:00,27.260000228881836,27.31999969482422,27.139999389648438,27.200000762939453,3581912
2026-04-08 17:30:00,27.19499969482422,27.270000457763672,27.06999969482422,27.06999969482422,3813036
2026-04-08 18:30:00,27.075000762939453,27.274999618530273,27.075000762939453,27.2549991607666,4885791
2026-04-08 19:30:00,27.260000228881836,27.3700008392334,27.225000381469727,27.3700008392334,6115613
2026-04-09 13:30:00,27.229999542236328,27.40999984741211,27.09000015258789,27.184999465942383,5453380
2026-04-09 14:30:00,27.190000534057617,27.225000381469727,27.0,27.014999389648438,4438454
2026-04-09 15:30:00,27.010000228881836,27.014999389648438,26.920000076293945,26.940000534057617,3361306
2026-04-09 16:30:00,26.940000534057617,26.940000534057617,26.770000457763672,26.864999771118164,3696700
2026-04-09 17:30:00,26.86050033569336,26.920000076293945,26.834999084472656,26.864999771118164,2992228
2026-04-09 18:30:00,26.864999771118164,26.969999313354492,26.790000915527344,26.8799991607666,5371683
2026-04-09 19:30:00,26.889999389648438,26.959999084472656,26.760000228881836,26.829999923706055,8233186
2026-04-10 13:30:00,26.514999389648438,26.700000762939453,26.399999618530273,26.606000900268555,5314241
2026-04-10 14:30:00,26.60099983215332,26.635000228881836,26.290000915527344,26.30500030517578,3365208
2026-04-10 15:30:00,26.309999465942383,26.43000030517578,26.28499984741211,26.3700008392334,3066796
2026-04-10 16:30:00,26.360000610351562,26.43000030517578,26.34000015258789,26.389999389648438,1903202
2026-04-10 17:30:00,26.389999389648438,26.43000030517578,26.31999969482422,26.3799991607666,2609816
2026-04-10 18:30:00,26.3799991607666,26.420000076293945,26.344999313354492,26.375,2293908
2026-04-10 19:30:00,26.375,26.479999542236328,26.31999969482422,26.469999313354492,4579162
2026-04-13 13:30:00,26.3700008392334,26.389999389648438,25.93000030517578,25.934999465942383,5689760
2026-04-13 14:30:00,25.934999465942383,26.010000228881836,25.84000015258789,25.854999542236328,4770319
2026-04-13 15:30:00,25.854999542236328,25.860000610351562,25.729999542236328,25.775100708007812,3939073
2026-04-13 16:30:00,25.770099639892578,25.8075008392334,25.700000762939453,25.735000610351562,3884008
2026-04-13 17:30:00,25.735000610351562,25.735000610351562,25.56999969482422,25.594999313354492,3976751
2026-04-13 18:30:00,25.59000015258789,25.599000930786133,25.399999618530273,25.524999618530273,5189494
2026-04-13 19:30:00,25.520000457763672,25.610000610351562,25.43000030517578,25.584999084472656,7637643
2026-04-14 13:30:00,25.200000762939453,25.665000915527344,24.940000534057617,25.665000915527344,12032351
2026-04-14 14:30:00,25.665000915527344,25.704999923706055,25.559999465942383,25.579999923706055,5180119
2026-04-14 15:30:00,25.579999923706055,25.59000015258789,25.510000228881836,25.565000534057617,3027591
2026-04-14 16:30:00,25.565000534057617,25.600000381469727,25.520000457763672,25.530000686645508,2523046
2026-04-14 17:30:00,25.524999618530273,25.6299991607666,25.489999771118164,25.614999771118164,2412132
2026-04-14 18:30:00,25.614999771118164,25.6299991607666,25.540000915527344,25.6200008392334,3817919
2026-04-14 19:30:00,25.625,25.639999389648438,25.559999465942383,25.625,4050849
2026-04-15 13:30:00,25.674999237060547,25.774999618530273,25.5,25.670000076293945,3679309
2026-04-15 14:30:00,25.665000915527344,25.68000030517578,25.520000457763672,25.565000534057617,2480235
2026-04-15 15:30:00,25.56999969482422,25.600000381469727,25.489999771118164,25.545000076293945,2216049
2026-04-15 16:30:00,25.545000076293945,25.729999542236328,25.545000076293945,25.700000762939453,1725340
2026-04-15 17:30:00,25.709999084472656,25.719999313354492,25.549999237060547,25.55500030517578,2063549
2026-04-15 18:30:00,25.55500030517578,25.68000030517578,25.489999771118164,25.665000915527344,4883281
2026-04-15 19:30:00,25.65999984741211,25.679899215698242,25.420000076293945,25.469999313354492,7474115
2026-04-16 13:30:00,25.514999389648438,26.219999313354492,25.459999084472656,26.184999465942383,6270857
2026-04-16 14:30:00,26.184999465942383,26.290000915527344,26.1200008392334,26.274999618530273,4503940
2026-04-16 15:30:00,26.274999618530273,26.309799194335938,26.229999542236328,26.30500030517578,3120674
2026-04-16 16:30:00,26.309999465942383,26.350000381469727,26.2549991607666,26.334999084472656,2576272
2026-04-16 17:30:00,26.334999084472656,26.420000076293945,26.309999465942383,26.350000381469727,3137375
2026-04-16 18:30:00,26.350000381469727,26.385000228881836,26.31999969482422,26.360000610351562,3085872
2026-04-16 19:30:00,26.360000610351562,26.424999237060547,26.329999923706055,26.389999389648438,4504208
2026-04-17 13:30:00,26.145000457763672,26.549999237060547,26.040000915527344,26.4950008392334,7571186
2026-04-17 14:30:00,26.489999771118164,26.520000457763672,26.40999984741211,26.46500015258789,3832138
2026-04-17 15:30:00,26.469999313354492,26.530000686645508,26.440000534057617,26.520000457763672,2578109
2026-04-17 16:30:00,26.520000457763672,26.549999237060547,26.454999923706055,26.540000915527344,2469416
2026-04-17 17:30:00,26.540000915527344,26.610000610351562,26.43000030517578,26.485000610351562,3017938
2026-04-17 18:30:00,26.485000610351562,26.545000076293945,26.459999084472656,26.540000915527344,3518738
2026-04-17 19:30:00,26.540000915527344,26.559999465942383,26.459999084472656,26.4950008392334,4340163
2026-04-20 13:30:00,26.514999389648438,26.6299991607666,26.405000686645508,26.524999618530273,7251632
2026-04-20 14:30:00,26.524999618530273,26.674999237060547,26.514999389648438,26.59000015258789,3086793
2026-04-20 15:30:00,26.59000015258789,26.596500396728516,26.450000762939453,26.485000610351562,2764568
2026-04-20 16:30:00,26.485000610351562,26.488000869750977,26.399999618530273,26.424999237060547,1715521
2026-04-20 17:30:00,26.424999237060547,26.43000030517578,26.329999923706055,26.334999084472656,1831529
2026-04-20 18:30:00,26.334999084472656,26.360000610351562,26.290000915527344,26.315000534057617,2743005
2026-04-20 19:30:00,26.309999465942383,26.31999969482422,26.170000076293945,26.190000534057617,5402664
2026-04-21 13:30:00,26.200000762939453,26.25,25.969999313354492,26.19499969482422,5756535
2026-04-21 14:30:00,26.200000762939453,26.295000076293945,26.139999389648438,26.165000915527344,3183733
2026-04-21 15:30:00,26.165000915527344,26.209999084472656,26.114999771118164,26.145000457763672,2635388
2026-04-21 16:30:00,26.140100479125977,26.299999237060547,26.1299991607666,26.290000915527344,2996050
2026-04-21 17:30:00,26.28499984741211,26.440000534057617,26.100000381469727,26.18000030517578,5769400
2026-04-21 18:30:00,26.174999237060547,26.190000534057617,26.020000457763672,26.094999313354492,4624630
2026-04-21 19:30:00,26.09000015258789,26.100000381469727,25.8799991607666,25.8799991607666,7227636
2026-04-22 13:30:00,25.149999618530273,25.530000686645508,25.010000228881836,25.049999237060547,18329351
2026-04-22 14:30:00,25.049999237060547,25.440000534057617,24.959999084472656,25.395000457763672,8331727
2026-04-22 15:30:00,25.395000457763672,25.610000610351562,25.3700008392334,25.545000076293945,5360114
2026-04-22 16:30:00,25.549999237060547,25.954999923706055,25.530000686645508,25.854999542236328,4516530
2026-04-22 17:30:00,25.854999542236328,25.920000076293945,25.719999313354492,25.739999771118164,2884266
2026-04-22 18:30:00,25.739999771118164,26.040000915527344,25.700000762939453,25.979999542236328,6222328
2026-04-22 19:30:00,25.975000381469727,26.049999237060547,25.8799991607666,25.979999542236328,7889642
2026-04-23 13:30:00,26.1200008392334,26.604999542236328,26.020000457763672,26.520000457763672,8383856
2026-04-23 14:30:00,26.514999389648438,26.530000686645508,26.340700149536133,26.510000228881836,4090699
2026-04-23 15:30:00,26.50550079345703,26.579999923706055,26.440000534057617,26.44499969482422,3156193
2026-04-23 16:30:00,26.450000762939453,26.579999923706055,26.40999984741211,26.575000762939453,2344765
2026-04-23 17:30:00,26.575000762939453,26.65999984741211,26.545000076293945,26.645000457763672,4289301
2026-04-23 18:30:00,26.649999618530273,26.7549991607666,26.600000381469727,26.69499969482422,5067339
2026-04-23 19:30:00,26.693500518798828,26.75,26.610000610351562,26.635000228881836,7001463
2026-04-24 13:30:00,26.424999237060547,26.579999923706055,26.190000534057617,26.270000457763672,5434419
2026-04-24 14:30:00,26.270000457763672,26.334999084472656,26.165000915527344,26.239999771118164,3172459
2026-04-24 15:30:00,26.239999771118164,26.260000228881836,26.149999618530273,26.204999923706055,2245446
2026-04-24 16:30:00,26.204999923706055,26.2450008392334,26.145000457763672,26.19499969482422,2271494
2026-04-24 17:30:00,26.200000762939453,26.219999313354492,26.135000228881836,26.145000457763672,2086838
2026-04-24 18:30:00,26.139999389648438,26.170000076293945,26.030000686645508,26.1299991607666,4865802
2026-04-24 19:30:00,26.135000228881836,26.239999771118164,26.114500045776367,26.190000534057617,5014638
2026-04-27 13:30:00,26.329999923706055,26.440000534057617,26.149999618530273,26.170000076293945,5197168
2026-04-27 14:30:00,26.170000076293945,26.219999313354492,26.049999237060547,26.145000457763672,2565538
2026-04-27 15:30:00,26.149999618530273,26.229999542236328,26.104999542236328,26.135000228881836,1930357
2026-04-27 16:30:00,26.135000228881836,26.135099411010742,25.790000915527344,25.825000762939453,2750131
2026-04-27 17:30:00,25.81999969482422,25.8799991607666,25.760000228881836,25.850000381469727,2357162
2026-04-27 18:30:00,25.850000381469727,25.850000381469727,25.639999389648438,25.645000457763672,2655386
2026-04-27 19:30:00,25.639999389648438,25.68000030517578,25.454999923706055,25.520000457763672,7148845
2026-04-28 13:30:00,25.940000534057617,26.2450008392334,25.8799991607666,26.2450008392334,6226034
2026-04-28 14:30:00,26.2450008392334,26.309999465942383,26.15999984741211,26.280000686645508,4194782
2026-04-28 15:30:00,26.280000686645508,26.295000076293945,26.18000030517578,26.190000534057617,1855659
2026-04-28 16:30:00,26.184999465942383,26.19499969482422,26.030000686645508,26.040000915527344,2004899
2026-04-28 17:30:00,26.040000915527344,26.049999237060547,25.96500015258789,26.014999389648438,1880755
2026-04-28 18:30:00,26.014999389648438,26.05500030517578,25.969999313354492,25.979999542236328,4052838
2026-04-28 19:30:00,25.975000381469727,26.09000015258789,25.954999923706055,26.065000534057617,4041066
2026-04-29 13:30:00,25.969999313354492,26.15999984741211,25.81999969482422,25.844999313354492,3220229
2026-04-29 14:30:00,25.844999313354492,25.895000457763672,25.80500030517578,25.850000381469727,1788597
2026-04-29 15:30:00,25.854999542236328,26.0,25.815000534057617,25.969999313354492,1572959
2026-04-29 16:30:00,25.969999313354492,26.0,25.90999984741211,25.940000534057617,1855637
2026-04-29 17:30:00,25.940000534057617,25.969999313354492,25.860000610351562,25.864999771118164,1251361
2026-04-29 18:30:00,25.8700008392334,25.889999389648438,25.71500015258789,25.735000610351562,2908961
2026-04-29 19:30:00,25.735000610351562,25.799999237060547,25.639999389648438,25.780000686645508,4662224
2026-04-30 13:30:00,25.81999969482422,26.385000228881836,25.780000686645508,26.3700008392334,6736801
2026-04-30 14:30:00,26.3700008392334,26.469999313354492,26.190000534057617,26.264999389648438,3812691
2026-04-30 15:30:00,26.270000457763672,26.274999618530273,26.15999984741211,26.21500015258789,3006864
2026-04-30 16:30:00,26.21500015258789,26.229999542236328,26.010000228881836,26.059999465942383,5330582
2026-04-30 17:30:00,26.055099487304688,26.18000030517578,26.010000228881836,26.15999984741211,2314216
2026-04-30 18:30:00,26.155000686645508,26.25,26.149999618530273,26.21500015258789,3513711
2026-04-30 19:30:00,26.219999313354492,26.270000457763672,26.139999389648438,26.149999618530273,6296509
2026-05-01 13:30:00,26.312999725341797,26.454999923706055,26.06999969482422,26.190000534057617,5037187
2026-05-01 14:30:00,26.184999465942383,26.389999389648438,26.184999465942383,26.360000610351562,3460083
2026-05-01 15:30:00,26.364999771118164,26.364999771118164,26.270000457763672,26.310100555419922,2128546
2026-05-01 16:30:00,26.309999465942383,26.34000015258789,26.293140411376953,26.315000534057617,2153734
2026-05-01 17:30:00,26.315000534057617,26.31999969482422,26.209999084472656,26.269899368286133,3190266
2026-05-01 18:30:00,26.264999389648438,26.290000915527344,26.209999084472656,26.264999389648438,2963277
2026-05-01 19:30:00,26.264999389648438,26.290000915527344,26.09000015258789,26.1299991607666,5064697
2026-05-04 13:30:00,25.93000030517578,26.05500030517578,25.81999969482422,25.985000610351562,5316967
2026-05-04 14:30:00,25.989999771118164,26.06760597229004,25.889999389648438,25.989999771118164,1921057
2026-05-04 15:30:00,25.99139976501465,26.094999313354492,25.920000076293945,25.934999465942383,1762905
2026-05-04 16:30:00,25.93000030517578,25.950000762939453,25.860000610351562,25.93000030517578,1541556
2026-05-04 17:30:00,25.924999237060547,25.940000534057617,25.8799991607666,25.915000915527344,1300655
2026-05-04 18:30:00,25.915000915527344,26.100000381469727,25.90999984741211,26.084999084472656,2603308
2026-05-04 19:30:00,26.079999923706055,26.135000228881836,26.0049991607666,26.110000610351562,3194763
2026-05-05 13:30:00,26.049999237060547,26.1200008392334,25.860000610351562,25.915000915527344,2821553
2026-05-05 14:30:00,25.904600143432617,26.020000457763672,25.860000610351562,25.895000457763672,2430879
2026-05-05 15:30:00,25.889999389648438,26.020000457763672,25.850000381469727,25.9950008392334,1970594
2026-05-05 16:30:00,25.9950008392334,26.06559944152832,25.959999084472656,25.9950008392334,3678214
2026-05-05 17:30:00,25.99799919128418,26.100000381469727,25.979999542236328,26.086999893188477,1966443
2026-05-05 18:30:00,26.084999084472656,26.1299991607666,26.045000076293945,26.114999771118164,2498065
2026-05-05 19:30:00,26.11989974975586,26.1200008392334,25.90999984741211,25.915000915527344,4500646
2026-05-06 13:30:00,25.790000915527344,26.010000228881836,25.75,25.8700008392334,5518919
2026-05-06 14:30:00,25.875,25.875,25.530000686645508,25.59000015258789,3382082
2026-05-06 15:30:00,25.594999313354492,25.6560001373291,25.549999237060547,25.614999771118164,3376937
2026-05-06 16:30:00,25.614999771118164,25.649999618530273,25.5,25.520000457763672,3076050
2026-05-06 17:30:00,25.520000457763672,25.549999237060547,25.489999771118164,25.530000686645508,2842269
2026-05-06 18:30:00,25.530000686645508,25.610000610351562,25.479999542236328,25.50149917602539,4204083
2026-05-06 19:30:00,25.5,25.604999542236328,25.479999542236328,25.549999237060547,5017591
2026-05-07 13:30:00,25.389999389648438,25.489999771118164,25.260000228881836,25.309900283813477,5889857
2026-05-07 14:30:00,25.299999237060547,25.377500534057617,25.260000228881836,25.31999969482422,4846372
2026-05-07 15:30:00,25.327499389648438,25.3700008392334,25.219999313354492,25.225000381469727,4694173
2026-05-07 16:30:00,25.225000381469727,25.350000381469727,25.200000762939453,25.235000610351562,4556354
2026-05-07 17:30:00,25.235000610351562,25.264999389648438,25.149999618530273,25.15999984741211,5019721
2026-05-07 18:30:00,25.167499542236328,25.239999771118164,25.1200008392334,25.21500015258789,4637684
2026-05-07 19:30:00,25.21500015258789,25.270000457763672,25.184999465942383,25.260000228881836,5941954
2026-05-08 13:30:00,25.225000381469727,25.395000457763672,25.149999618530273,25.25,6272034
2026-05-08 14:30:00,25.2549991607666,25.33989906311035,25.200000762939453,25.235000610351562,3740709
2026-05-08 15:30:00,25.239900588989258,25.31999969482422,25.170000076293945,25.290000915527344,5449949
2026-05-08 16:30:00,25.290000915527344,25.360000610351562,25.239999771118164,25.270000457763672,2910529
2026-05-08 17:30:00,25.270000457763672,25.350000381469727,25.260000228881836,25.34000015258789,2296150
2026-05-08 18:30:00,25.334999084472656,25.350000381469727,25.200000762939453,25.2549991607666,3136761
2026-05-08 19:30:00,25.2549991607666,25.260000228881836,25.114999771118164,25.15999984741211,5343083
2026-05-11 13:30:00,25.229999542236328,25.34000015258789,24.895000457763672,25.094999313354492,6956207
2026-05-11 14:30:00,25.094999313354492,25.110000610351562,24.854999542236328,24.94499969482422,3829914
2026-05-11 15:30:00,24.94499969482422,24.94969940185547,24.809999465942383,24.81999969482422,2681700
2026-05-11 16:30:00,24.825000762939453,24.8799991607666,24.799999237060547,24.81999969482422,2659728
2026-05-11 17:30:00,24.824159622192383,24.84000015258789,24.75,24.795000076293945,3280663
2026-05-11 18:30:00,24.790000915527344,24.81999969482422,24.65999984741211,24.7549991607666,5633160
2026-05-11 19:30:00,24.7549991607666,24.8799991607666,24.729999542236328,24.8799991607666,4960753
2026-05-12 13:30:00,25.020000457763672,25.239999771118164,24.860000610351562,25.225000381469727,5018759
2026-05-12 14:30:00,25.225000381469727,25.3700008392334,25.139999389648438,25.31999969482422,4662721
2026-05-12 15:30:00,25.325000762939453,25.375,25.200000762939453,25.334999084472656,3776032
2026-05-12 16:30:00,25.334999084472656,25.440000534057617,25.31999969482422,25.329999923706055,4060437
2026-05-12 17:30:00,25.33989906311035,25.385000228881836,25.239999771118164,25.290000915527344,2984827
2026-05-12 18:30:00,25.299999237060547,25.360000610351562,25.280000686645508,25.334999084472656,2534081
2026-05-12 19:30:00,25.334999084472656,25.360000610351562,25.229999542236328,25.239999771118164,3951043
2026-05-13 13:30:00,25.229999542236328,25.549999237060547,25.079999923706055,25.302499771118164,4649404
2026-05-13 14:30:00,25.30500030517578,25.30500030517578,25.010000228881836,25.024999618530273,3868079
2026-05-13 15:30:00,25.024999618530273,25.1299991607666,24.989999771118164,25.030000686645508,2502142
2026-05-13 16:30:00,25.030000686645508,25.094999313354492,24.979999542236328,25.065000534057617,2051339
2026-05-13 17:30:00,25.059999465942383,25.09000015258789,24.885000228881836,24.899900436401367,2709135
2026-05-13 18:30:00,24.889999389648438,24.979999542236328,24.760000228881836,24.844999313354492,5102311
2026-05-13 19:30:00,24.844999313354492,24.8700008392334,24.719999313354492,24.7450008392334,6416582
2026-05-14 13:30:00,24.84000015258789,24.979999542236328,24.670000076293945,24.7549991607666,6566153
2026-05-14 14:30:00,24.7549991607666,24.790000915527344,24.68000030517578,24.7450008392334,2624158
2026-05-14 15:30:00,24.7450008392334,24.790000915527344,24.684999465942383,24.734899520874023,3152811
2026-05-14 16:30:00,24.73900032043457,24.809999465942383,24.700000762939453,24.75,2247484
2026-05-14 17:30:00,24.75,24.780000686645508,24.690000534057617,24.7549991607666,2450150
2026-05-14 18:30:00,24.7549991607666,24.799999237060547,24.719999313354492,24.735000610351562,3940979
2026-05-14 19:30:00,24.735000610351562,24.739999771118164,24.645000457763672,24.65999984741211,5424893
2026-05-15 13:30:00,24.860000610351562,24.93000030517578,24.700000762939453,24.774999618530273,5583702
2026-05-15 14:30:00,24.774999618530273,24.809999465942383,24.709999084472656,24.71500015258789,2801502
2026-05-15 15:30:00,24.709999084472656,24.774999618530273,24.56999969482422,24.56999969482422,3402788
2026-05-15 16:30:00,24.56999969482422,24.600000381469727,24.450000762939453,24.524999618530273,3658294
2026-05-15 17:30:00,24.520000457763672,24.524999618530273,24.290000915527344,24.325000762939453,5143731
2026-05-15 18:30:00,24.325000762939453,24.34000015258789,24.139999389648438,24.165000915527344,7224765
2026-05-15 19:30:00,24.165000915527344,24.215299606323242,24.030000686645508,24.045000076293945,9070893
2026-05-18 13:30:00,24.084999084472656,24.239999771118164,23.850000381469727,24.235000610351562,7237485
2026-05-18 14:30:00,24.235000610351562,24.499900817871094,24.219999313354492,24.489999771118164,5129481
2026-05-18 15:30:00,24.485000610351562,24.579999923706055,24.420000076293945,24.56999969482422,3307291
2026-05-18 16:30:00,24.56999969482422,24.579999923706055,24.469999313354492,24.489999771118164,3010474
2026-05-18 17:30:00,24.489999771118164,24.510000228881836,24.389999389648438,24.395000457763672,4462831
2026-05-18 18:30:00,24.395000457763672,24.520000457763672,24.350000381469727,24.4950008392334,4377882
2026-05-18 19:30:00,24.489999771118164,24.520000457763672,24.420000076293945,24.440000534057617,5492723
2026-05-19 13:30:00,24.59000015258789,24.854999542236328,24.420000076293945,24.844999313354492,6404245
2026-05-19 14:30:00,24.84000015258789,24.940000534057617,24.795000076293945,24.815000534057617,4045079
2026-05-19 15:30:00,24.815000534057617,24.899999618530273,24.739999771118164,24.834999084472656,2918944
2026-05-19 16:30:00,24.83650016784668,24.8700008392334,24.780000686645508,24.865100860595703,2550840
2026-05-19 17:30:00,24.864999771118164,24.889999389648438,24.780000686645508,24.825000762939453,2667097
2026-05-19 18:30:00,24.829999923706055,24.92970085144043,24.80500030517578,24.895000457763672,4602884
2026-05-19 19:30:00,24.895000457763672,24.989999771118164,24.829999923706055,24.985000610351562,6406285
2026-05-20 13:30:00,24.934999465942383,25.280000686645508,24.888999938964844,25.030000686645508,8011145
2026-05-20 14:30:00,25.030000686645508,25.030000686645508,24.78499984741211,24.8799991607666,5265081
2026-05-20 15:30:00,24.889999389648438,24.979999542236328,24.829999923706055,24.93000030517578,3831420
2026-05-20 16:30:00,24.93000030517578,24.985000610351562,24.8700008392334,24.899999618530273,3345097
2026-05-20 17:30:00,24.899999618530273,24.905000686645508,24.81999969482422,24.875,2598083
2026-05-20 18:30:00,24.875,24.979999542236328,24.8700008392334,24.959999084472656,3529677
2026-05-20 19:30:00,24.96500015258789,25.010000228881836,24.899999618530273,24.924999237060547,4354594
