Datetime,open,high,low,close,volume
2023-06-23 13:30:00,81.16999816894531,82.13800048828125,81.05999755859375,82.11000061035156,548541
2023-06-23 14:30:00,82.11000061035156,82.18000030517578,81.91419982910156,82.0,393713
2023-06-23 15:30:00,81.98999786376953,82.29000091552734,81.97000122070312,82.06500244140625,447283
2023-06-23 16:30:00,82.05999755859375,82.1500015258789,81.91000366210938,82.08499908447266,297268
2023-06-23 17:30:00,82.09500122070312,82.19000244140625,81.97000122070312,82.08000183105469,304904
2023-06-23 18:30:00,82.07499694824219,82.11000061035156,81.87000274658203,82.0999984741211,417511
2023-06-23 19:30:00,82.08999633789062,82.2699966430664,82.0,82.08000183105469,763083
2023-06-26 13:30:00,82.04000091552734,82.27999877929688,81.6500015258789,81.76799774169922,387237
2023-06-26 14:30:00,81.7699966430664,82.16000366210938,81.7699966430664,82.02999877929688,336432
2023-06-26 15:30:00,82.02999877929688,82.27999877929688,82.0199966430664,82.16000366210938,282269
2023-06-26 16:30:00,82.1500015258789,82.18000030517578,81.95999908447266,82.16000366210938,286542
2023-06-26 17:30:00,82.15650177001953,82.16000366210938,81.86000061035156,81.93000030517578,259821
2023-06-26 18:30:00,81.91999816894531,82.06999969482422,81.0199966430664,82.0250015258789,353325
2023-06-26 19:30:00,82.0250015258789,82.12000274658203,81.70500183105469,81.73999786376953,656001
2023-06-27 13:30:00,82.31999969482422,83.27999877929688,82.31999969482422,83.0199966430664,767510
2023-06-27 14:30:00,83.01000213623047,83.02999877929688,82.68000030517578,82.77999877929688,400936
2023-06-27 15:30:00,82.76000213623047,82.79000091552734,82.43499755859375,82.61000061035156,423515
2023-06-27 16:30:00,82.61000061035156,82.72000122070312,82.54000091552734,82.68579864501953,247652
2023-06-27 17:30:00,82.69000244140625,83.09500122070312,82.58000183105469,83.06999969482422,399615
2023-06-27 18:30:00,83.06500244140625,83.0999984741211,82.83000183105469,82.91000366210938,416112
2023-06-27 19:30:00,82.90499877929688,82.97000122070312,82.80000305175781,82.80000305175781,623139
2023-06-28 13:30:00,82.77999877929688,83.33999633789062,82.69999694824219,82.9000015258789,577950
2023-06-28 14:30:00,82.91780090332031,83.05000305175781,82.70500183105469,82.91000366210938,323248
2023-06-28 15:30:00,82.91999816894531,82.95999908447266,82.62000274658203,82.77999877929688,290505
2023-06-28 16:30:00,82.7699966430664,82.80999755859375,82.30999755859375,82.41000366210938,232655
2023-06-28 17:30:00,82.41000366210938,82.67500305175781,82.33000183105469,82.53500366210938,240252
2023-06-28 18:30:00,82.53900146484375,82.6050033569336,82.4800033569336,82.50499725341797,296022
2023-06-28 19:30:00,82.5,82.66000366210938,82.29499816894531,82.63999938964844,683433
2023-06-29 13:30:00,83.33499908447266,83.62249755859375,83.0999984741211,83.20999908447266,676029
2023-06-29 14:30:00,83.22000122070312,83.29750061035156,83.08999633789062,83.12000274658203,421449
2023-06-29 15:30:00,83.11499786376953,83.45999908447266,83.11000061035156,83.41999816894531,336670
2023-06-29 16:30:00,83.42990112304688,83.6449966430664,83.41000366210938,83.50499725341797,352638
2023-06-29 17:30:00,83.51000213623047,83.6050033569336,83.30999755859375,83.49500274658203,344111
2023-06-29 18:30:00,83.49500274658203,83.81500244140625,83.49500274658203,83.79000091552734,516796
2023-06-29 19:30:00,83.77999877929688,83.83000183105469,83.6050033569336,83.75,753527
2023-06-30 13:30:00,84.0,84.3949966430664,83.88500213623047,84.16999816894531,425640
2023-06-30 14:30:00,84.16999816894531,84.76000213623047,84.05000305175781,84.61000061035156,606399
2023-06-30 15:30:00,84.61000061035156,84.7300033569336,84.41999816894531,84.68000030517578,269719
2023-06-30 16:30:00,84.68000030517578,84.8499984741211,84.59490203857422,84.76000213623047,254860
2023-06-30 17:30:00,84.7699966430664,85.04499816894531,84.68000030517578,85.01000213623047,314151
2023-06-30 18:30:00,85.0199966430664,85.20999908447266,84.93000030517578,85.17990112304688,362070
2023-06-30 19:30:00,85.17500305175781,85.2249984741211,84.77999877929688,84.77999877929688,833760
2023-07-03 13:30:00,84.41000366210938,84.9000015258789,84.30999755859375,84.80999755859375,518925
2023-07-03 14:30:00,84.81999969482422,84.8550033569336,84.44000244140625,84.48999786376953,373523
2023-07-03 15:30:00,84.48999786376953,84.77999877929688,84.44499969482422,84.68499755859375,364118
2023-07-05 13:30:00,84.02999877929688,84.36000061035156,83.87999725341797,84.26000213623047,475721
2023-07-05 14:30:00,84.26000213623047,84.33000183105469,84.12999725341797,84.29000091552734,281301
2023-07-05 15:30:00,84.28500366210938,84.29000091552734,84.06999969482422,84.12000274658203,280176
2023-07-05 16:30:00,84.12000274658203,84.26000213623047,84.02999877929688,84.1500015258789,347356
2023-07-05 17:30:00,84.1500015258789,84.4000015258789,84.12000274658203,84.16999816894531,304854
2023-07-05 18:30:00,84.16549682617188,84.61000061035156,84.13999938964844,84.6050033569336,441041
2023-07-05 19:30:00,84.6050033569336,84.75,84.5250015258789,84.69999694824219,897616
2023-07-06 13:30:00,84.38999938964844,84.7300033569336,83.95999908447266,83.97000122070312,683005
2023-07-06 14:30:00,83.97000122070312,84.05999755859375,83.73500061035156,83.7699966430664,336401
2023-07-06 15:30:00,83.7699966430664,83.91000366210938,83.69000244140625,83.75,231730
2023-07-06 16:30:00,83.75499725341797,83.94999694824219,83.7300033569336,83.8406982421875,202271
2023-07-06 17:30:00,83.8499984741211,83.88999938964844,83.67500305175781,83.68000030517578,285728
2023-07-06 18:30:00,83.67870330810547,83.77999877929688,83.55000305175781,83.55000305175781,397005
2023-07-06 19:30:00,83.54000091552734,83.5999984741211,83.3499984741211,83.43000030517578,923559
2023-07-07 13:30:00,83.0,83.25,82.81999969482422,83.20999908447266,410306
2023-07-07 14:30:00,83.20999908447266,83.25,82.94000244140625,82.94000244140625,270926
2023-07-07 15:30:00,82.93000030517578,82.98999786376953,82.7300033569336,82.8499984741211,258977
2023-07-07 16:30:00,82.8550033569336,83.08000183105469,82.6050033569336,82.93000030517578,314274
2023-07-07 17:30:00,82.93000030517578,83.0999984741211,82.9000015258789,83.05000305175781,286994
2023-07-07 18:30:00,83.05000305175781,83.07599639892578,82.81500244140625,82.8550033569336,363867
2023-07-07 19:30:00,82.8499984741211,82.9000015258789,82.54000091552734,82.70999908447266,648282
2023-07-10 13:30:00,82.25,83.66000366210938,82.25,83.56500244140625,624439
2023-07-10 14:30:00,83.56880187988281,83.56880187988281,82.95999908447266,83.19000244140625,388754
2023-07-10 15:30:00,83.16000366210938,83.58000183105469,83.07499694824219,83.375,251400
2023-07-10 16:30:00,83.37000274658203,83.47000122070312,83.16500091552734,83.3550033569336,343411
2023-07-10 17:30:00,83.3550033569336,83.48500061035156,83.28500366210938,83.44000244140625,294800
2023-07-10 18:30:00,83.44000244140625,83.44999694824219,83.2699966430664,83.40499877929688,416924
2023-07-10 19:30:00,83.4000015258789,83.55999755859375,83.23999786376953,83.55999755859375,696070
2023-07-11 13:30:00,83.95999908447266,84.19999694824219,83.5999984741211,84.08999633789062,439597
2023-07-11 14:30:00,84.08000183105469,84.2300033569336,83.93000030517578,84.12999725341797,417243
2023-07-11 15:30:00,84.11000061035156,84.46499633789062,84.0199966430664,84.25,349362
2023-07-11 16:30:00,84.23999786376953,84.58999633789062,84.12000274658203,84.45999908447266,275403
2023-07-11 17:30:00,84.46499633789062,84.55999755859375,84.20999908447266,84.22000122070312,354468
2023-07-11 18:30:00,84.22000122070312,84.55999755859375,84.1500015258789,84.52999877929688,349217
2023-07-11 19:30:00,84.52999877929688,84.83000183105469,84.4800033569336,84.73999786376953,649582
2023-07-12 13:30:00,86.1500015258789,86.43000030517578,85.7699966430664,86.05999755859375,732073
2023-07-12 14:30:00,86.06999969482422,86.16000366210938,85.5199966430664,85.78009796142578,491682
2023-07-12 15:30:00,85.77999877929688,85.83999633789062,85.45999908447266,85.7699966430664,523414
2023-07-12 16:30:00,85.7699966430664,85.9000015258789,85.61000061035156,85.69000244140625,404329
2023-07-12 17:30:00,85.69000244140625,85.81999969482422,85.66000366210938,85.7699966430664,397246
2023-07-12 18:30:00,85.7699966430664,85.81999969482422,85.45999908447266,85.57499694824219,464506
2023-07-12 19:30:00,85.58000183105469,85.65499877929688,85.1500015258789,85.26499938964844,1124775
2023-07-13 13:30:00,85.33999633789062,85.69000244140625,85.13500213623047,85.32499694824219,450091
2023-07-13 14:30:00,85.30139923095703,85.36000061035156,84.91000366210938,85.00499725341797,246040
2023-07-13 15:30:00,85.01000213623047,85.30000305175781,84.9800033569336,85.23500061035156,252989
2023-07-13 16:30:00,85.23999786376953,85.41000366210938,85.2300033569336,85.38999938964844,214068
2023-07-13 17:30:00,85.4000015258789,85.41000366210938,85.08000183105469,85.08999633789062,292472
2023-07-13 18:30:00,85.08999633789062,85.16500091552734,85.0250015258789,85.06500244140625,311171
2023-07-13 19:30:00,85.06500244140625,85.08999633789062,84.75,84.94000244140625,834081
2023-07-14 13:30:00,84.66000366210938,84.91999816894531,84.0199966430664,84.05999755859375,570154
2023-07-14 14:30:00,84.05000305175781,84.44000244140625,83.98999786376953,84.30999755859375,442710
2023-07-14 15:30:00,84.31999969482422,84.47000122070312,84.0999984741211,84.3499984741211,305624
2023-07-14 16:30:00,84.34500122070312,84.81999969482422,84.31999969482422,84.6050033569336,217675
2023-07-14 17:30:00,84.61000061035156,84.81999969482422,84.54499816894531,84.77400207519531,245933
2023-07-14 18:30:00,84.76499938964844,84.91000366210938,84.62000274658203,84.88500213623047,356200
2023-07-14 19:30:00,84.9000015258789,84.94000244140625,84.7300033569336,84.93000030517578,613592
2023-07-17 13:30:00,85.16999816894531,85.69000244140625,84.77999877929688,85.66999816894531,456000
2023-07-17 14:30:00,85.68000030517578,85.7300033569336,85.51000213623047,85.5999984741211,267001
2023-07-17 15:30:00,85.59500122070312,85.83999633789062,85.55000305175781,85.81069946289062,259174
2023-07-17 16:30:00,85.80999755859375,85.85700225830078,85.55999755859375,85.66999816894531,214819
2023-07-17 17:30:00,85.6500015258789,85.65499877929688,85.37000274658203,85.37999725341797,201940
2023-07-17 18:30:00,85.38500213623047,85.51000213623047,85.26000213623047,85.30999755859375,374430
2023-07-17 19:30:00,85.30000305175781,85.4000015258789,85.02999877929688,85.08000183105469,570789
2023-07-18 13:30:00,85.12000274658203,85.63999938964844,85.11000061035156,85.44999694824219,470169
2023-07-18 14:30:00,85.44989776611328,85.66500091552734,85.30500030517578,85.37999725341797,344485
2023-07-18 15:30:00,85.37999725341797,85.37999725341797,84.6500015258789,84.69999694824219,458640
2023-07-18 16:30:00,84.68000030517578,84.86270141601562,84.55500030517578,84.77999877929688,266804
2023-07-18 17:30:00,84.77999877929688,84.97000122070312,84.77999877929688,84.8949966430664,213754
2023-07-18 18:30:00,84.9000015258789,85.17990112304688,84.69000244140625,85.15499877929688,311564
2023-07-18 19:30:00,85.16000366210938,85.36000061035156,85.11000061035156,85.16000366210938,875956
2023-07-19 13:30:00,84.95999908447266,85.55999755859375,84.83000183105469,85.41999816894531,412993
2023-07-19 14:30:00,85.44000244140625,85.52999877929688,84.98999786376953,85.16690063476562,283996
2023-07-19 15:30:00,85.16999816894531,85.41000366210938,85.16000366210938,85.34500122070312,243333
2023-07-19 16:30:00,85.3499984741211,85.6449966430664,85.30000305175781,85.57499694824219,236225
2023-07-19 17:30:00,85.56999969482422,85.63999938964844,85.33000183105469,85.4800033569336,237795
2023-07-19 18:30:00,85.4800033569336,85.69000244140625,85.44000244140625,85.66000366210938,253109
2023-07-19 19:30:00,85.6500015258789,85.73999786376953,85.40499877929688,85.58000183105469,568900
2023-07-20 13:30:00,85.83999633789062,86.19999694824219,85.44000244140625,85.68000030517578,407070
2023-07-20 14:30:00,85.68000030517578,85.86499786376953,85.55999755859375,85.61000061035156,260672
2023-07-20 15:30:00,85.5999984741211,85.7699966430664,85.52999877929688,85.6050033569336,188598
2023-07-20 16:30:00,85.61000061035156,85.71499633789062,85.56999969482422,85.69000244140625,221453
2023-07-20 17:30:00,85.68000030517578,85.72000122070312,85.48999786376953,85.51499938964844,301609
2023-07-20 18:30:00,85.52999877929688,85.68000030517578,85.41999816894531,85.43000030517578,298194
2023-07-20 19:30:00,85.43000030517578,85.54000091552734,85.3550033569336,85.44000244140625,503489
2023-07-21 13:30:00,85.7699966430664,86.1050033569336,85.58000183105469,85.82499694824219,505727
2023-07-21 14:30:00,85.82499694824219,85.84960174560547,85.48999786376953,85.5999984741211,320496
2023-07-21 15:30:00,85.61499786376953,85.69000244140625,85.48999786376953,85.5250015258789,198352
2023-07-21 16:30:00,85.52999877929688,85.69499969482422,85.36399841308594,85.61000061035156,314074
2023-07-21 17:30:00,85.62000274658203,85.78500366210938,85.5199966430664,85.53500366210938,257647
2023-07-21 18:30:00,85.53500366210938,85.69730377197266,85.51000213623047,85.63999938964844,236416
2023-07-21 19:30:00,85.6500015258789,85.93499755859375,85.56999969482422,85.58000183105469,697905
2023-07-24 13:30:00,85.5,86.06999969482422,85.41999816894531,85.58000183105469,403003
2023-07-24 14:30:00,85.5999984741211,85.93000030517578,85.5199966430664,85.76000213623047,279505
2023-07-24 15:30:00,85.75499725341797,86.05000305175781,85.74500274658203,85.88999938964844,238361
2023-07-24 16:30:00,85.88999938964844,86.0999984741211,85.81500244140625,86.0999984741211,180871
2023-07-24 17:30:00,86.12000274658203,86.34500122070312,86.06999969482422,86.31999969482422,224377
2023-07-24 18:30:00,86.33000183105469,86.33999633789062,86.16999816894531,86.21499633789062,256600
2023-07-24 19:30:00,86.22000122070312,86.67500305175781,86.22000122070312,86.58999633789062,603134
2023-07-25 13:30:00,86.26000213623047,86.42500305175781,85.81999969482422,86.37999725341797,394757
2023-07-25 14:30:00,86.38999938964844,86.71499633789062,86.31999969482422,86.71499633789062,346263
2023-07-25 15:30:00,86.72000122070312,86.96499633789062,86.66999816894531,86.86000061035156,314989
2023-07-25 16:30:00,86.8550033569336,87.05500030517578,86.7780990600586,87.0198974609375,278229
2023-07-25 17:30:00,87.0199966430664,87.25499725341797,87.0199966430664,87.20999908447266,623974
2023-07-25 18:30:00,87.22000122070312,87.30000305175781,87.0,87.08499908447266,593220
2023-07-25 19:30:00,87.08999633789062,87.45999908447266,87.08149719238281,87.27999877929688,973562
2023-07-26 13:30:00,87.20999908447266,87.62999725341797,86.87999725341797,86.93009948730469,428171
2023-07-26 14:30:00,86.94000244140625,87.0999984741211,86.66000366210938,86.76000213623047,271123
2023-07-26 15:30:00,86.76499938964844,87.08000183105469,86.6500015258789,87.04000091552734,206888
2023-07-26 16:30:00,87.04000091552734,87.11499786376953,86.87999725341797,86.91999816894531,152544
2023-07-26 17:30:00,86.91190338134766,87.04000091552734,86.77999877929688,86.90499877929688,223526
2023-07-26 18:30:00,86.9000015258789,87.19999694824219,86.70999908447266,86.88999938964844,373559
2023-07-26 19:30:00,86.8949966430664,87.44999694824219,86.8375015258789,87.43000030517578,684690
2023-07-27 13:30:00,87.5,87.54000091552734,87.06999969482422,87.30000305175781,442568
2023-07-27 14:30:00,87.31999969482422,87.5,87.05750274658203,87.08000183105469,538604
2023-07-27 15:30:00,87.08000183105469,87.57499694824219,87.08000183105469,87.55999755859375,383781
2023-07-27 16:30:00,87.56999969482422,87.59639739990234,87.18000030517578,87.30000305175781,279740
2023-07-27 17:30:00,87.29000091552734,87.30999755859375,86.6500015258789,86.66000366210938,277589
2023-07-27 18:30:00,86.66000366210938,86.7699966430664,86.4749984741211,86.7300033569336,339108
2023-07-27 19:30:00,86.7300033569336,86.76499938964844,86.37999725341797,86.44999694824219,650729
2023-07-28 13:30:00,86.73999786376953,87.05000305175781,86.41500091552734,87.01000213623047,327091
2023-07-28 14:30:00,87.01000213623047,87.41999816894531,87.01000213623047,87.33000183105469,396363
2023-07-28 15:30:00,87.33000183105469,87.42859649658203,87.04499816894531,87.12999725341797,204807
2023-07-28 16:30:00,87.13999938964844,87.1500015258789,86.81500244140625,86.86000061035156,226636
2023-07-28 17:30:00,86.8499984741211,86.91999816894531,86.55000305175781,86.88500213623047,287664
2023-07-28 18:30:00,86.88200378417969,87.01499938964844,86.76499938964844,86.93000030517578,331691
2023-07-28 19:30:00,86.93000030517578,86.94499969482422,86.66000366210938,86.81999969482422,605172
2023-07-31 13:30:00,86.87000274658203,87.0,86.41000366210938,86.4800033569336,339490
2023-07-31 14:30:00,86.4800033569336,86.49500274658203,86.20999908447266,86.24500274658203,336448
2023-07-31 15:30:00,86.25499725341797,86.52999877929688,86.05999755859375,86.51499938964844,329156
2023-07-31 16:30:00,86.51000213623047,86.58000183105469,86.33999633789062,86.4000015258789,210900
2023-07-31 17:30:00,86.3949966430664,86.58000183105469,86.2750015258789,86.31999969482422,212307
2023-07-31 18:30:00,86.32499694824219,86.41500091552734,86.20999908447266,86.40499877929688,278884
2023-07-31 19:30:00,86.41000366210938,86.54000091552734,86.26000213623047,86.54000091552734,544280
2023-08-01 13:30:00,86.52999877929688,87.24099731445312,86.52999877929688,87.06999969482422,438253
2023-08-01 14:30:00,87.05999755859375,87.15280151367188,86.73999786376953,86.74749755859375,300535
2023-08-01 15:30:00,86.73999786376953,86.80000305175781,86.5,86.71499633789062,284491
2023-08-01 16:30:00,86.70999908447266,86.71499633789062,86.52999877929688,86.6884994506836,203123
2023-08-01 17:30:00,86.68499755859375,86.76000213623047,86.55000305175781,86.63999938964844,214742
2023-08-01 18:30:00,86.6500015258789,86.82460021972656,86.51000213623047,86.5199966430664,783959
2023-08-01 19:30:00,86.51000213623047,86.55500030517578,86.22000122070312,86.36499786376953,790847
2023-08-02 13:30:00,86.31999969482422,86.87999725341797,86.00140380859375,86.02999877929688,560342
2023-08-02 14:30:00,86.02130126953125,86.54000091552734,86.0199966430664,86.52999877929688,269727
2023-08-02 15:30:00,86.5250015258789,86.56999969482422,86.26000213623047,86.38999938964844,226267
2023-08-02 16:30:00,86.37999725341797,86.4000015258789,86.06999969482422,86.13999938964844,203590
2023-08-02 17:30:00,86.13999938964844,86.20500183105469,85.82340240478516,85.87000274658203,224431
2023-08-02 18:30:00,85.88999938964844,85.88999938964844,85.62000274658203,85.62000274658203,300720
2023-08-02 19:30:00,85.625,85.75,85.55000305175781,85.62000274658203,864489
2023-08-03 13:30:00,85.62999725341797,86.37000274658203,85.5199966430664,85.94999694824219,713966
2023-08-03 14:30:00,85.94999694824219,86.19999694824219,85.83999633789062,86.19000244140625,376421
2023-08-03 15:30:00,86.19000244140625,86.24500274658203,86.04199981689453,86.06999969482422,196981
2023-08-03 16:30:00,86.07839965820312,86.6500015258789,86.01499938964844,86.60179901123047,310485
2023-08-03 17:30:00,86.61000061035156,86.66500091552734,86.31999969482422,86.49169921875,271940
2023-08-03 18:30:00,86.49500274658203,86.49500274658203,86.0824966430664,86.1050033569336,227815
2023-08-03 19:30:00,86.0999984741211,86.20999908447266,86.01000213623047,86.0199966430664,601019
2023-08-04 13:30:00,86.61499786376953,86.61499786376953,85.81999969482422,86.04000091552734,292324
2023-08-04 14:30:00,86.05339813232422,86.16999816894531,85.94999694824219,86.08999633789062,225998
2023-08-04 15:30:00,86.08999633789062,86.2511978149414,86.01000213623047,86.20999908447266,184838
2023-08-04 16:30:00,86.20999908447266,86.33000183105469,86.08999633789062,86.125,126527
2023-08-04 17:30:00,86.12000274658203,86.15989685058594,85.45500183105469,85.51000213623047,189651
2023-08-04 18:30:00,85.5,85.54000091552734,85.3499984741211,85.44999694824219,236440
2023-08-04 19:30:00,85.45999908447266,85.5199966430664,85.2699966430664,85.45999908447266,490055
2023-08-07 13:30:00,86.0,86.5999984741211,85.88999938964844,86.25,352207
2023-08-07 14:30:00,86.25,86.44000244140625,86.1500015258789,86.34500122070312,182921
2023-08-07 15:30:00,86.3499984741211,86.51000213623047,86.2300033569336,86.33000183105469,188745
2023-08-07 16:30:00,86.32499694824219,86.5,86.26000213623047,86.29000091552734,162983
2023-08-07 17:30:00,86.29000091552734,86.51000213623047,86.26000213623047,86.29000091552734,267866
2023-08-07 18:30:00,86.29499816894531,86.48999786376953,86.21499633789062,86.2249984741211,335457
2023-08-07 19:30:00,86.22000122070312,86.33999633789062,86.01000213623047,86.30000305175781,616963
2023-08-08 13:30:00,86.29000091552734,86.36000061035156,85.38999938964844,85.45500183105469,329424
2023-08-08 14:30:00,85.44999694824219,85.66999816894531,85.3499984741211,85.63999938964844,471097
2023-08-08 15:30:00,85.62999725341797,85.80999755859375,85.47000122070312,85.7699966430664,193343
2023-08-08 16:30:00,85.77999877929688,86.0999984741211,85.72000122070312,85.91000366210938,288490
2023-08-08 17:30:00,85.91999816894531,86.2300033569336,85.88999938964844,86.16999816894531,195290
2023-08-08 18:30:00,86.18000030517578,86.43000030517578,86.13500213623047,86.33000183105469,313504
2023-08-08 19:30:00,86.33999633789062,86.61000061035156,86.26499938964844,86.58000183105469,577054
2023-08-09 13:30:00,87.0,87.04000091552734,86.62010192871094,86.91999816894531,405018
2023-08-09 14:30:00,86.91000366210938,87.23999786376953,86.7699966430664,86.88999938964844,326386
2023-08-09 15:30:00,86.87999725341797,86.88999938964844,86.31999969482422,86.58000183105469,240638
2023-08-09 16:30:00,86.58000183105469,86.63999938964844,86.43499755859375,86.54000091552734,281464
2023-08-09 17:30:00,86.54499816894531,86.83000183105469,86.48999786376953,86.83000183105469,299681
2023-08-09 18:30:00,86.83999633789062,86.93499755859375,86.5999984741211,86.7750015258789,2164754
2023-08-09 19:30:00,86.7699966430664,86.7699966430664,86.16999816894531,86.19999694824219,724546
2023-08-10 13:30:00,86.75,87.80500030517578,86.58999633789062,87.54499816894531,676721
2023-08-10 14:30:00,87.55000305175781,87.6500015258789,87.1510009765625,87.19999694824219,464762
2023-08-10 15:30:00,87.19499969482422,87.37999725341797,86.5199966430664,86.63999938964844,433606
2023-08-10 16:30:00,86.6500015258789,86.76000213623047,86.45099639892578,86.5,310983
2023-08-10 17:30:00,86.48999786376953,86.83999633789062,86.4000015258789,86.69999694824219,248461
2023-08-10 18:30:00,86.7073974609375,86.72000122070312,86.33000183105469,86.38999938964844,776205
2023-08-10 19:30:00,86.37999725341797,86.38999938964844,86.1500015258789,86.19000244140625,1111843
2023-08-11 13:30:00,85.91999816894531,86.3499984741211,85.66000366210938,86.29499816894531,1306176
2023-08-11 14:30:00,86.30000305175781,86.45999908447266,86.16000366210938,86.38500213623047,269593
2023-08-11 15:30:00,86.37999725341797,86.69999694824219,86.3499984741211,86.51000213623047,261938
2023-08-11 16:30:00,86.5199966430664,86.58000183105469,86.12000274658203,86.25,226427
2023-08-11 17:30:00,86.25,86.26000213623047,86.0,86.1500015258789,215858
2023-08-11 18:30:00,86.13999938964844,86.2300033569336,85.87999725341797,85.9000015258789,415342
2023-08-11 19:30:00,85.9000015258789,85.94499969482422,85.72000122070312,85.88999938964844,1025157
2023-08-14 13:30:00,86.31999969482422,87.20999908447266,86.18000030517578,86.6050033569336,1301491
2023-08-14 14:30:00,86.5999984741211,86.91999816894531,86.55000305175781,86.73490142822266,476518
2023-08-14 15:30:00,86.73999786376953,86.95999908447266,86.29000091552734,86.33000183105469,797744
2023-08-14 16:30:00,86.31999969482422,86.5250015258789,86.1500015258789,86.49500274658203,438974
2023-08-14 17:30:00,86.49500274658203,86.61499786376953,86.33000183105469,86.33499908447266,445412
2023-08-14 18:30:00,86.33999633789062,86.41000366210938,86.17500305175781,86.19999694824219,475450
2023-08-14 19:30:00,86.19999694824219,86.31999969482422,86.11000061035156,86.20999908447266,1224673
2023-08-15 13:30:00,86.02999877929688,86.62000274658203,85.55999755859375,85.6449966430664,945189
2023-08-15 14:30:00,85.6500015258789,86.11000061035156,85.44000244140625,86.08999633789062,683542
2023-08-15 15:30:00,86.0999984741211,86.1500015258789,85.9000015258789,86.05500030517578,644240
2023-08-15 16:30:00,86.05999755859375,86.11000061035156,85.80490112304688,85.94999694824219,460359
2023-08-15 17:30:00,85.95999908447266,85.99549865722656,85.6050033569336,85.66500091552734,523902
2023-08-15 18:30:00,85.66000366210938,85.82499694824219,85.49500274658203,85.61000061035156,828725
2023-08-15 19:30:00,85.61499786376953,85.875,85.48999786376953,85.75,1305183
2023-08-16 13:30:00,88.74500274658203,88.98999786376953,87.83999633789062,88.54499816894531,3410757
2023-08-16 14:30:00,88.55000305175781,89.86000061035156,88.5,89.81999969482422,2273046
2023-08-16 15:30:00,89.83000183105469,90.19000244140625,89.55999755859375,89.83000183105469,1738193
2023-08-16 16:30:00,89.81999969482422,90.01000213623047,89.0999984741211,89.16000366210938,964221
2023-08-16 17:30:00,89.16000366210938,89.62000274658203,89.06999969482422,89.59989929199219,2004305
2023-08-16 18:30:00,89.5999984741211,89.625,89.05000305175781,89.19000244140625,1335289
2023-08-16 19:30:00,89.19000244140625,89.43000030517578,89.08000183105469,89.33000183105469,1897650
2023-08-17 13:30:00,89.05999755859375,89.83999633789062,88.76000213623047,89.26000213623047,1683225
2023-08-17 14:30:00,89.26000213623047,89.27999877929688,88.76270294189453,88.93000030517578,814672
2023-08-17 15:30:00,88.93000030517578,89.08000183105469,88.7300033569336,89.05999755859375,608671
2023-08-17 16:30:00,89.06999969482422,89.18000030517578,88.91000366210938,89.0,625677
2023-08-17 17:30:00,88.99500274658203,89.16179656982422,88.63500213623047,88.73999786376953,744729
2023-08-17 18:30:00,88.73999786376953,88.73999786376953,88.23999786376953,88.36000061035156,806780
2023-08-17 19:30:00,88.37000274658203,88.41500091552734,87.9800033569336,88.27999877929688,1730357
2023-08-18 13:30:00,88.5,89.54000091552734,88.31999969482422,89.23999786376953,1526109
2023-08-18 14:30:00,89.22000122070312,89.62999725341797,89.05999755859375,89.2699966430664,550726
2023-08-18 15:30:00,89.23999786376953,89.5999984741211,89.0999984741211,89.44000244140625,453440
2023-08-18 16:30:00,89.43000030517578,89.55999755859375,89.08999633789062,89.19000244140625,331050
2023-08-18 17:30:00,89.19000244140625,89.30000305175781,89.03500366210938,89.20999908447266,288169
2023-08-18 18:30:00,89.21520233154297,89.38809967041016,89.00499725341797,89.33999633789062,523577
2023-08-18 19:30:00,89.33999633789062,89.54000091552734,89.26000213623047,89.5199966430664,1128415
2023-08-21 13:30:00,89.48999786376953,89.66000366210938,88.87000274658203,89.04000091552734,756855
2023-08-21 14:30:00,89.0199966430664,89.22000122070312,88.80999755859375,88.83000183105469,613275
2023-08-21 15:30:00,88.83999633789062,88.94999694824219,88.55999755859375,88.93000030517578,635067
2023-08-21 16:30:00,88.92500305175781,89.09500122070312,88.9000015258789,89.09500122070312,352443
2023-08-21 17:30:00,89.0999984741211,89.42500305175781,89.05000305175781,89.41000366210938,422058
2023-08-21 18:30:00,89.41999816894531,89.87999725341797,89.37999725341797,89.76000213623047,809592
2023-08-21 19:30:00,89.7699966430664,89.87999725341797,89.58499908447266,89.625,1030294
2023-08-22 13:30:00,89.0,89.05999755859375,88.42500305175781,88.6500015258789,736436
2023-08-22 14:30:00,88.64309692382812,89.0199966430664,88.52999877929688,89.0199966430664,532040
2023-08-22 15:30:00,89.0199966430664,89.29000091552734,88.80999755859375,88.93000030517578,390968
2023-08-22 16:30:00,88.94000244140625,89.05999755859375,88.69000244140625,88.98999786376953,430517
2023-08-22 17:30:00,89.0,89.16999816894531,88.91999816894531,89.08000183105469,381255
2023-08-22 18:30:00,89.08000183105469,89.24500274658203,89.01000213623047,89.08000183105469,502020
2023-08-22 19:30:00,89.08000183105469,89.19000244140625,88.9000015258789,89.0999984741211,759287
2023-08-23 13:30:00,89.0,89.44000244140625,88.76499938964844,89.26499938964844,585540
2023-08-23 14:30:00,89.26000213623047,89.80000305175781,89.2300033569336,89.79000091552734,344751
2023-08-23 15:30:00,89.79000091552734,89.88999938964844,89.68119812011719,89.69000244140625,301543
2023-08-23 16:30:00,89.69499969482422,90.16999816894531,89.66999816894531,90.16999816894531,714685
2023-08-23 17:30:00,90.13999938964844,90.19000244140625,89.94999694824219,90.05000305175781,377979
2023-08-23 18:30:00,90.05999755859375,90.0999984741211,89.87000274658203,89.97000122070312,413659
2023-08-23 19:30:00,89.97000122070312,90.05000305175781,89.84500122070312,90.0199966430664,746964
2023-08-24 13:30:00,90.0,90.30000305175781,89.58499908447266,89.58499908447266,1018027
2023-08-24 14:30:00,89.56999969482422,89.56999969482422,89.12999725341797,89.26000213623047,391054
2023-08-24 15:30:00,89.2699966430664,89.41999816894531,89.0199966430664,89.0199966430664,270068
2023-08-24 16:30:00,89.0199966430664,89.2699966430664,88.80000305175781,88.8499984741211,313308
2023-08-24 17:30:00,88.8499984741211,89.0199966430664,88.61000061035156,88.63999938964844,313467
2023-08-24 18:30:00,88.6500015258789,88.77999877929688,88.55999755859375,88.68099975585938,526182
2023-08-24 19:30:00,88.69000244140625,88.7750015258789,88.26000213623047,88.29000091552734,862630
2023-08-25 13:30:00,88.80999755859375,88.95999908447266,88.19000244140625,88.31999969482422,478544
2023-08-25 14:30:00,88.29000091552734,88.38999938964844,87.9800033569336,88.25,418897
2023-08-25 15:30:00,88.23999786376953,88.30999755859375,87.8499984741211,88.1050033569336,292917
2023-08-25 16:30:00,88.12000274658203,88.12000274658203,87.8499984741211,87.91999816894531,196221
2023-08-25 17:30:00,87.91999816894531,88.45999908447266,87.80999755859375,88.43000030517578,229961
2023-08-25 18:30:00,88.44999694824219,88.81999969482422,88.41999816894531,88.66000366210938,549397
2023-08-25 19:30:00,88.68000030517578,89.18000030517578,88.66999816894531,88.81999969482422,1094205
2023-08-28 13:30:00,88.75,89.69000244140625,88.58000183105469,89.68990325927734,775407
2023-08-28 14:30:00,89.66999816894531,90.04000091552734,89.55999755859375,89.93000030517578,594325
2023-08-28 15:30:00,89.94999694824219,90.04000091552734,89.58999633789062,89.79000091552734,479096
2023-08-28 16:30:00,89.78469848632812,90.4000015258789,89.69499969482422,90.12999725341797,450036
2023-08-28 17:30:00,90.13999938964844,90.2957992553711,89.88999938964844,89.96499633789062,460440
2023-08-28 18:30:00,89.96499633789062,90.2699966430664,89.94000244140625,90.19999694824219,594079
2023-08-28 19:30:00,90.19000244140625,90.34500122070312,90.11000061035156,90.26000213623047,808427
2023-08-29 13:30:00,90.0,90.77999877929688,89.97000122070312,90.5999984741211,559971
2023-08-29 14:30:00,90.58999633789062,90.94000244140625,90.44999694824219,90.91999816894531,485546
2023-08-29 15:30:00,90.93000030517578,91.22000122070312,90.91999816894531,91.19499969482422,696794
2023-08-29 16:30:00,91.19999694824219,91.19999694824219,90.94999694824219,90.94999694824219,393026
2023-08-29 17:30:00,90.94999694824219,91.05999755859375,90.7300033569336,90.8499984741211,380743
2023-08-29 18:30:00,90.86000061035156,90.93000030517578,90.73999786376953,90.8550033569336,424808
2023-08-29 19:30:00,90.8499984741211,90.98999786376953,90.72000122070312,90.91999816894531,444003
2023-08-30 13:30:00,91.19999694824219,91.55000305175781,90.91000366210938,91.0199966430664,576060
2023-08-30 14:30:00,91.0199966430664,91.54000091552734,90.94000244140625,91.54000091552734,394618
2023-08-30 15:30:00,91.52999877929688,92.05000305175781,91.4800033569336,92.01000213623047,595347
2023-08-30 16:30:00,92.01000213623047,92.33000183105469,92.01000213623047,92.06999969482422,551958
2023-08-30 17:30:00,92.05999755859375,92.11000061035156,91.76000213623047,91.99500274658203,811243
2023-08-30 18:30:00,91.99500274658203,92.25499725341797,91.99500274658203,92.17500305175781,761833
2023-08-30 19:30:00,92.16999816894531,92.29000091552734,92.06999969482422,92.13999938964844,903608
2023-08-31 13:30:00,91.98999786376953,92.83000183105469,91.88999938964844,92.83000183105469,484242
2023-08-31 14:30:00,92.83499908447266,92.8656005859375,92.30000305175781,92.44999694824219,706814
2023-08-31 15:30:00,92.44999694824219,92.5250015258789,92.27999877929688,92.41500091552734,311238
2023-08-31 16:30:00,92.41000366210938,92.64659881591797,92.30000305175781,92.56999969482422,338483
2023-08-31 17:30:00,92.58000183105469,92.62000274658203,92.41999816894531,92.51000213623047,390747
2023-08-31 18:30:00,92.51000213623047,92.62000274658203,92.31999969482422,92.59500122070312,709802
2023-08-31 19:30:00,92.5999984741211,92.69999694824219,92.38999938964844,92.44999694824219,1374774
2023-09-01 13:30:00,92.5,92.7699966430664,92.33000183105469,92.6500015258789,580061
2023-09-01 14:30:00,92.6500015258789,92.80000305175781,92.38500213623047,92.41999816894531,1052115
2023-09-01 15:30:00,92.41500091552734,92.43000030517578,92.04000091552734,92.2300033569336,479478
2023-09-01 16:30:00,92.2300033569336,92.45999908447266,92.22000122070312,92.27999877929688,194466
2023-09-01 17:30:00,92.29000091552734,92.43000030517578,92.22000122070312,92.26000213623047,219913
2023-09-01 18:30:00,92.26000213623047,92.55000305175781,92.20999908447266,92.54499816894531,301738
2023-09-01 19:30:00,92.55000305175781,92.66000366210938,92.51000213623047,92.63999938964844,680400
2023-09-05 13:30:00,92.5,92.5,91.55000305175781,91.97000122070312,714230
2023-09-05 14:30:00,91.9800033569336,92.18499755859375,91.83999633789062,91.99099731445312,458425
2023-09-05 15:30:00,92.0,92.25,91.88330078125,92.1500015258789,382134
2023-09-05 16:30:00,92.14089965820312,92.19999694824219,91.84839630126953,91.86000061035156,226480
2023-09-05 17:30:00,91.87000274658203,91.97000122070312,91.80999755859375,91.97000122070312,273883
2023-09-05 18:30:00,91.96299743652344,91.98999786376953,91.67500305175781,91.77999877929688,346616
2023-09-05 19:30:00,91.77999877929688,91.86000061035156,91.58499908447266,91.61000061035156,691257
2023-09-06 13:30:00,91.48999786376953,91.58999633789062,90.81999969482422,90.87999725341797,832336
2023-09-06 14:30:00,90.87999725341797,90.98999786376953,90.62000274658203,90.74500274658203,407680
2023-09-06 15:30:00,90.73999786376953,90.86000061035156,90.63999938964844,90.73999786376953,299298
2023-09-06 16:30:00,90.75,90.76000213623047,90.48999786376953,90.54499816894531,419228
2023-09-06 17:30:00,90.54000091552734,90.77999877929688,90.5,90.5999984741211,882128
2023-09-06 18:30:00,90.61000061035156,90.77999877929688,90.52999877929688,90.70999908447266,584872
2023-09-06 19:30:00,90.70999908447266,90.87999725341797,90.58999633789062,90.75,1147451
2023-09-07 13:30:00,90.88999938964844,91.27999877929688,90.79000091552734,90.98999786376953,662577
2023-09-07 14:30:00,90.99500274658203,91.41000366210938,90.8499984741211,91.30000305175781,402598
2023-09-07 15:30:00,91.25,91.7300033569336,91.25,91.55000305175781,513797
2023-09-07 16:30:00,91.55000305175781,91.56999969482422,91.29000091552734,91.41500091552734,393151
2023-09-07 17:30:00,91.41999816894531,91.63999938964844,91.22000122070312,91.22000122070312,450084
2023-09-07 18:30:00,91.2249984741211,91.31999969482422,91.08999633789062,91.22000122070312,499967
2023-09-07 19:30:00,91.22000122070312,91.4800033569336,91.1050033569336,91.44999694824219,739810
2023-09-08 13:30:00,91.6500015258789,92.13999938964844,91.44000244140625,92.12000274658203,362613
2023-09-08 14:30:00,92.12999725341797,92.12999725341797,91.69999694824219,91.875,300732
2023-09-08 15:30:00,91.9000015258789,92.08999633789062,91.88500213623047,92.0,316255
2023-09-08 16:30:00,92.0,92.08000183105469,91.7699966430664,91.93000030517578,341603
2023-09-08 17:30:00,91.93000030517578,91.93000030517578,91.68000030517578,91.71820068359375,289013
2023-09-08 18:30:00,91.72000122070312,91.75,91.57499694824219,91.62000274658203,377487
2023-09-08 19:30:00,91.61000061035156,91.62999725341797,91.37999725341797,91.44999694824219,781811
2023-09-11 13:30:00,91.81999969482422,92.02999877929688,91.44000244140625,91.7300033569336,465053
2023-09-11 14:30:00,91.70999908447266,91.70999908447266,91.3550033569336,91.45999908447266,250745
2023-09-11 15:30:00,91.43000030517578,91.73999786376953,91.38999938964844,91.69999694824219,248134
2023-09-11 16:30:00,91.69000244140625,91.91000366210938,91.66000366210938,91.83999633789062,302905
2023-09-11 17:30:00,91.86000061035156,91.93000030517578,91.62999725341797,91.69000244140625,346852
2023-09-11 18:30:00,91.69300079345703,91.69499969482422,91.33999633789062,91.43000030517578,449119
2023-09-11 19:30:00,91.41999816894531,91.58000183105469,91.23500061035156,91.58000183105469,779853
2023-09-12 13:30:00,91.45999908447266,91.87000274658203,91.41999816894531,91.76000213623047,335891
2023-09-12 14:30:00,91.75,92.08000183105469,91.62000274658203,92.08000183105469,279840
2023-09-12 15:30:00,92.08149719238281,92.16000366210938,91.81999969482422,92.12000274658203,347876
2023-09-12 16:30:00,92.12999725341797,92.26000213623047,91.97000122070312,92.18000030517578,342057
2023-09-12 17:30:00,92.19000244140625,92.31500244140625,92.16000366210938,92.17500305175781,335535
2023-09-12 18:30:00,92.17500305175781,92.28500366210938,92.05999755859375,92.12999725341797,508378
2023-09-12 19:30:00,92.12999725341797,92.20999908447266,92.07360076904297,92.19000244140625,769129
2023-09-13 13:30:00,92.55999755859375,92.66999816894531,92.19000244140625,92.30000305175781,584281
2023-09-13 14:30:00,92.30000305175781,92.66999816894531,92.2699966430664,92.5999984741211,430533
2023-09-13 15:30:00,92.5999984741211,92.73999786376953,92.5199966430664,92.7249984741211,316990
2023-09-13 16:30:00,92.7300033569336,92.87999725341797,92.6500015258789,92.83000183105469,379801
2023-09-13 17:30:00,92.83000183105469,92.99500274658203,92.7699966430664,92.95500183105469,472670
2023-09-13 18:30:00,92.94999694824219,92.9800033569336,92.51000213623047,92.56999969482422,720855
2023-09-13 19:30:00,92.57499694824219,92.9800033569336,92.54499816894531,92.91999816894531,1174812
2023-09-14 13:30:00,92.5999984741211,93.20999908447266,92.41999816894531,93.05500030517578,533269
2023-09-14 14:30:00,93.05000305175781,93.31999969482422,92.98999786376953,93.22000122070312,379921
2023-09-14 15:30:00,93.2300033569336,93.55999755859375,93.11499786376953,93.43000030517578,470344
2023-09-14 16:30:00,93.41999816894531,93.77999877929688,93.38500213623047,93.62000274658203,304270
2023-09-14 17:30:00,93.63999938964844,93.66000366210938,93.44000244140625,93.44999694824219,319640
2023-09-14 18:30:00,93.43499755859375,93.77999877929688,93.41000366210938,93.5250015258789,466514
2023-09-14 19:30:00,93.5250015258789,93.66000366210938,93.38999938964844,93.58999633789062,784793
2023-09-15 13:30:00,93.2249984741211,93.4000015258789,92.93499755859375,93.18000030517578,1156473
2023-09-15 14:30:00,93.16999816894531,93.16999816894531,92.87000274658203,92.91000366210938,341523
2023-09-15 15:30:00,92.91999816894531,92.98999786376953,92.69000244140625,92.875,272619
2023-09-15 16:30:00,92.87999725341797,93.05999755859375,92.76499938964844,92.875,349587
2023-09-15 17:30:00,92.87000274658203,93.08000183105469,92.61000061035156,92.66999816894531,394327
2023-09-15 18:30:00,92.67500305175781,92.79000091552734,92.45999908447266,92.51000213623047,838896
2023-09-15 19:30:00,92.50499725341797,92.58000183105469,92.32499694824219,92.37000274658203,1058437
2023-09-18 13:30:00,92.37000274658203,92.76000213623047,92.1500015258789,92.66999816894531,449190
2023-09-18 14:30:00,92.66999816894531,92.97000122070312,92.61000061035156,92.81999969482422,323124
2023-09-18 15:30:00,92.83999633789062,92.94999694824219,92.69000244140625,92.7750015258789,242630
2023-09-18 16:30:00,92.77999877929688,92.83000183105469,92.33999633789062,92.34500122070312,300091
2023-09-18 17:30:00,92.3499984741211,92.4000015258789,92.1500015258789,92.16500091552734,274716
2023-09-18 18:30:00,92.16000366210938,92.23999786376953,91.97000122070312,92.06999969482422,520966
2023-09-18 19:30:00,92.07499694824219,92.12999725341797,91.78500366210938,91.94499969482422,1126820
2023-09-19 13:30:00,91.80999755859375,92.11000061035156,91.04000091552734,91.2300033569336,652720
2023-09-19 14:30:00,91.2300033569336,91.33000183105469,90.9000015258789,90.99500274658203,761407
2023-09-19 15:30:00,90.99500274658203,91.05999755859375,90.80500030517578,90.87000274658203,472448
2023-09-19 16:30:00,90.86000061035156,90.90499877929688,90.47000122070312,90.48999786376953,844852
2023-09-19 17:30:00,90.48500061035156,90.97000122070312,90.48500061035156,90.7750015258789,942343
2023-09-19 18:30:00,90.7699966430664,91.33000183105469,90.69999694824219,91.30000305175781,969912
2023-09-19 19:30:00,91.30500030517578,91.43000030517578,90.95999908447266,91.01000213623047,1185113
2023-09-20 13:30:00,91.1500015258789,91.41000366210938,90.56999969482422,91.02999877929688,679236
2023-09-20 14:30:00,91.02999877929688,91.1500015258789,90.91500091552734,91.05500030517578,544543
2023-09-20 15:30:00,91.05500030517578,91.19999694824219,91.0,91.12000274658203,797692
2023-09-20 16:30:00,91.11000061035156,91.48999786376953,91.08999633789062,91.30999755859375,373849
2023-09-20 17:30:00,91.30999755859375,91.4000015258789,90.98999786376953,91.33000183105469,348720
2023-09-20 18:30:00,91.3499984741211,91.55999755859375,90.93499755859375,91.01499938964844,540741
2023-09-20 19:30:00,91.01499938964844,91.0250015258789,90.62999725341797,90.68000030517578,810186
2023-09-21 13:30:00,90.37999725341797,90.5999984741211,89.37000274658203,89.4000015258789,759963
2023-09-21 14:30:00,89.4000015258789,89.44999694824219,88.94499969482422,89.05999755859375,556420
2023-09-21 15:30:00,89.05999755859375,89.4800033569336,89.05000305175781,89.45999908447266,511587
2023-09-21 16:30:00,89.47000122070312,89.68000030517578,89.33000183105469,89.6500015258789,261331
2023-09-21 17:30:00,89.6500015258789,89.81500244140625,89.54499816894531,89.54499816894531,284330
2023-09-21 18:30:00,89.54000091552734,89.6050033569336,89.36000061035156,89.41000366210938,439196
2023-09-21 19:30:00,89.40499877929688,89.49500274658203,89.1500015258789,89.16999816894531,1077020
2023-09-22 13:30:00,89.11000061035156,89.31999969482422,88.94000244140625,89.30000305175781,564622
2023-09-22 14:30:00,89.31999969482422,89.63999938964844,89.31999969482422,89.54000091552734,506982
2023-09-22 15:30:00,89.53500366210938,89.9000015258789,89.51000213623047,89.86000061035156,540145
2023-09-22 16:30:00,89.86000061035156,89.88999938964844,89.51000213623047,89.5999984741211,355357
2023-09-22 17:30:00,89.5999984741211,89.63999938964844,89.37999725341797,89.5,342955
2023-09-22 18:30:00,89.48999786376953,89.8499984741211,89.37999725341797,89.6500015258789,371598
2023-09-22 19:30:00,89.62999725341797,89.66000366210938,89.08999633789062,89.13999938964844,687050
2023-09-25 13:30:00,88.88999938964844,89.20999908447266,88.51000213623047,89.1050033569336,473582
2023-09-25 14:30:00,89.08999633789062,89.1500015258789,88.54000091552734,88.83999633789062,360274
2023-09-25 15:30:00,88.8499984741211,89.01000213623047,88.75,88.87000274658203,320023
2023-09-25 16:30:00,88.86499786376953,88.91999816894531,88.58000183105469,88.61499786376953,259180
2023-09-25 17:30:00,88.62000274658203,88.625,88.30000305175781,88.33499908447266,305003
2023-09-25 18:30:00,88.33000183105469,88.54000091552734,88.05999755859375,88.2699966430664,583273
2023-09-25 19:30:00,88.26000213623047,88.37000274658203,88.08999633789062,88.23999786376953,815898
2023-09-26 13:30:00,88.4000015258789,88.77999877929688,87.87999725341797,88.06999969482422,574996
2023-09-26 14:30:00,88.08000183105469,88.13999938964844,87.81999969482422,87.91000366210938,307104
2023-09-26 15:30:00,87.91000366210938,88.51000213623047,87.90499877929688,88.45999908447266,322066
2023-09-26 16:30:00,88.45999908447266,88.56999969482422,88.33000183105469,88.45999908447266,352087
2023-09-26 17:30:00,88.44999694824219,88.5,87.91000366210938,88.01000213623047,385702
2023-09-26 18:30:00,87.98999786376953,88.11000061035156,87.81999969482422,87.97000122070312,402420
2023-09-26 19:30:00,87.95999908447266,88.06999969482422,87.86000061035156,87.87999725341797,621275
2023-09-27 13:30:00,88.0999984741211,88.79000091552734,88.05000305175781,88.7699966430664,633717
2023-09-27 14:30:00,88.7750015258789,88.86000061035156,88.25,88.30000305175781,450982
2023-09-27 15:30:00,88.30000305175781,88.4000015258789,87.55999755859375,87.6500015258789,423404
2023-09-27 16:30:00,87.6500015258789,87.86000061035156,87.4800033569336,87.48500061035156,468035
2023-09-27 17:30:00,87.4800033569336,87.79000091552734,87.46499633789062,87.79000091552734,379288
2023-09-27 18:30:00,87.80000305175781,88.30000305175781,87.79499816894531,88.23999786376953,554107
2023-09-27 19:30:00,88.25,88.26000213623047,87.83000183105469,88.12999725341797,742460
2023-09-28 13:30:00,88.58999633789062,89.5,88.58999633789062,89.4000015258789,1338802
2023-09-28 14:30:00,89.4000015258789,89.54000091552734,89.22000122070312,89.48999786376953,463083
2023-09-28 15:30:00,89.48999786376953,89.54519653320312,89.1500015258789,89.33070373535156,448537
2023-09-28 16:30:00,89.33999633789062,89.36000061035156,89.02010345458984,89.13999938964844,340989
2023-09-28 17:30:00,89.12999725341797,89.13999938964844,88.87000274658203,89.06999969482422,295083
2023-09-28 18:30:00,89.07499694824219,89.54000091552734,88.86000061035156,89.4800033569336,490643
2023-09-28 19:30:00,89.48999786376953,89.63999938964844,89.12999725341797,89.55999755859375,1043789
2023-09-29 13:30:00,89.8499984741211,90.08000183105469,89.30999755859375,89.8499984741211,604415
2023-09-29 14:30:00,89.8499984741211,89.88999938964844,89.41000366210938,89.51000213623047,310198
2023-09-29 15:30:00,89.5,89.73999786376953,89.43000030517578,89.44000244140625,322146
2023-09-29 16:30:00,89.43000030517578,89.47000122070312,88.87999725341797,89.08999633789062,339498
2023-09-29 17:30:00,89.0999984741211,89.23999786376953,88.86000061035156,88.91999816894531,403344
2023-09-29 18:30:00,88.91000366210938,89.37999725341797,88.87999725341797,89.05000305175781,507603
2023-09-29 19:30:00,89.04000091552734,89.19000244140625,88.80000305175781,88.9000015258789,990359
2023-10-02 13:30:00,88.55000305175781,89.6050033569336,88.3499984741211,89.45999908447266,615952
2023-10-02 14:30:00,89.4749984741211,89.56999969482422,89.2052001953125,89.5,369367
2023-10-02 15:30:00,89.5199966430664,89.5199966430664,88.72000122070312,88.83000183105469,255822
2023-10-02 16:30:00,88.80000305175781,88.9800033569336,88.68000030517578,88.87999725341797,299397
2023-10-02 17:30:00,88.88999938964844,89.01000213623047,88.55999755859375,88.56999969482422,416413
2023-10-02 18:30:00,88.55999755859375,88.7300033569336,88.4000015258789,88.58560180664062,547271
2023-10-02 19:30:00,88.58000183105469,88.69999694824219,88.41000366210938,88.68000030517578,950323
2023-10-03 13:30:00,88.83000183105469,89.33999633789062,87.7300033569336,87.7300033569336,521338
2023-10-03 14:30:00,87.70999908447266,88.02999877929688,87.69000244140625,87.88500213623047,375362
2023-10-03 15:30:00,87.87000274658203,87.97000122070312,87.63500213623047,87.94000244140625,356097
2023-10-03 16:30:00,87.93000030517578,87.94999694824219,87.6500015258789,87.72000122070312,232317
2023-10-03 17:30:00,87.70999908447266,87.7300033569336,87.29000091552734,87.59500122070312,347024
2023-10-03 18:30:00,87.5999984741211,87.72000122070312,87.38999938964844,87.52899932861328,613484
2023-10-03 19:30:00,87.51499938964844,87.87000274658203,87.44999694824219,87.87000274658203,901112
2023-10-04 13:30:00,87.9000015258789,88.37000274658203,87.27999877929688,87.29499816894531,452335
2023-10-04 14:30:00,87.30999755859375,87.59500122070312,87.0199966430664,87.54979705810547,497652
2023-10-04 15:30:00,87.54000091552734,87.79000091552734,87.37000274658203,87.68000030517578,431369
2023-10-04 16:30:00,87.68000030517578,87.69000244140625,87.44000244140625,87.5,461488
2023-10-04 17:30:00,87.51000213623047,87.77999877929688,87.5,87.75,300375
2023-10-04 18:30:00,87.76000213623047,87.9749984741211,87.62000274658203,87.9000015258789,376521
2023-10-04 19:30:00,87.91000366210938,88.12999725341797,87.83999633789062,88.0,770281
2023-10-05 13:30:00,88.18000030517578,88.47000122070312,87.47100067138672,88.01000213623047,376812
2023-10-05 14:30:00,88.0,88.07499694824219,87.73999786376953,87.77999877929688,361528
2023-10-05 15:30:00,87.75499725341797,88.25,87.68000030517578,88.23999786376953,332422
2023-10-05 16:30:00,88.2300033569336,88.30000305175781,87.86869812011719,88.02999877929688,235504
2023-10-05 17:30:00,88.02999877929688,88.19999694824219,87.86000061035156,87.93000030517578,314383
2023-10-05 18:30:00,87.94000244140625,88.28500366210938,87.94000244140625,88.12000274658203,343763
2023-10-05 19:30:00,88.125,88.1500015258789,87.75,87.83999633789062,802884
2023-10-06 13:30:00,87.76000213623047,87.80999755859375,86.70999908447266,87.05000305175781,414431
2023-10-06 14:30:00,87.05999755859375,87.95999908447266,87.05999755859375,87.95999908447266,455472
2023-10-06 15:30:00,87.99500274658203,88.66500091552734,87.99500274658203,88.54000091552734,412383
2023-10-06 16:30:00,88.55000305175781,88.71499633789062,88.37000274658203,88.63990020751953,359483
2023-10-06 17:30:00,88.62999725341797,88.95999908447266,88.48999786376953,88.95999908447266,300783
2023-10-06 18:30:00,88.97000122070312,89.05999755859375,88.61000061035156,88.75,389624
2023-10-06 19:30:00,88.75,88.80999755859375,88.3949966430664,88.56999969482422,791494
2023-10-09 13:30:00,87.87000274658203,88.1449966430664,87.33589935302734,87.81999969482422,469893
2023-10-09 14:30:00,87.83499908447266,88.13999938964844,87.68000030517578,88.13999938964844,356271
2023-10-09 15:30:00,88.13999938964844,88.48190307617188,88.08000183105469,88.30999755859375,389043
2023-10-09 16:30:00,88.31999969482422,88.33000183105469,87.94000244140625,88.0199966430664,273454
2023-10-09 17:30:00,88.02999877929688,88.6500015258789,88.02999877929688,88.44499969482422,357014
2023-10-09 18:30:00,88.44499969482422,88.63999938964844,88.33000183105469,88.375,427761
2023-10-09 19:30:00,88.37000274658203,88.7249984741211,88.2699966430664,88.70999908447266,567286
2023-10-10 13:30:00,88.88999938964844,89.4800033569336,88.54000091552734,89.41000366210938,439277
2023-10-10 14:30:00,89.41999816894531,89.5199966430664,89.0,89.43000030517578,385048
2023-10-10 15:30:00,89.43000030517578,89.63999938964844,89.3550033569336,89.46700286865234,273299
2023-10-10 16:30:00,89.47000122070312,89.51000213623047,89.0199966430664,89.10440063476562,550272
2023-10-10 17:30:00,89.11000061035156,89.13999938964844,88.66000366210938,88.80999755859375,562354
2023-10-10 18:30:00,88.80999755859375,88.88999938964844,88.44000244140625,88.55999755859375,747199
2023-10-10 19:30:00,88.55000305175781,88.80999755859375,88.47000122070312,88.66999816894531,877739
2023-10-11 13:30:00,89.19999694824219,89.56999969482422,88.8499984741211,88.97000122070312,523528
2023-10-11 14:30:00,88.97000122070312,89.08000183105469,88.63500213623047,88.75,326855
2023-10-11 15:30:00,88.75,89.0199966430664,88.58999633789062,88.68000030517578,309892
2023-10-11 16:30:00,88.69000244140625,88.94000244140625,88.66999816894531,88.80500030517578,201622
2023-10-11 17:30:00,88.8052978515625,89.0999984741211,88.72000122070312,88.98999786376953,280496
2023-10-11 18:30:00,89.0,89.15499877929688,88.91000366210938,89.01499938964844,492033
2023-10-11 19:30:00,89.00830078125,89.32499694824219,88.97000122070312,89.23999786376953,746606
2023-10-12 13:30:00,89.37999725341797,89.55999755859375,88.7300033569336,88.80999755859375,290446
2023-10-12 14:30:00,88.79499816894531,89.00499725341797,88.4800033569336,88.9530029296875,323810
2023-10-12 15:30:00,88.94499969482422,88.98999786376953,88.63999938964844,88.88999938964844,291003
2023-10-12 16:30:00,88.88500213623047,88.9000015258789,88.33999633789062,88.44999694824219,240285
2023-10-12 17:30:00,88.44999694824219,88.54000091552734,88.2300033569336,88.54000091552734,246120
2023-10-12 18:30:00,88.52999877929688,88.80999755859375,88.47000122070312,88.69999694824219,334693
2023-10-12 19:30:00,88.70500183105469,88.9800033569336,88.66999816894531,88.91999816894531,495037
2023-10-13 13:30:00,88.93000030517578,89.16000366210938,88.4800033569336,88.7300033569336,324102
2023-10-13 14:30:00,88.7300033569336,88.91999816894531,88.48999786376953,88.70999908447266,216688
2023-10-13 15:30:00,88.69000244140625,88.90989685058594,88.44000244140625,88.83999633789062,237851
2023-10-13 16:30:00,88.86000061035156,88.95999908447266,88.5199966430664,88.55000305175781,216507
2023-10-13 17:30:00,88.54000091552734,88.80999755859375,88.47000122070312,88.63999938964844,263572
2023-10-13 18:30:00,88.62999725341797,88.69999694824219,88.26000213623047,88.29000091552734,315765
2023-10-13 19:30:00,88.29499816894531,88.62999725341797,88.2249984741211,88.62000274658203,559542
2023-10-16 13:30:00,89.0,90.08000183105469,88.88999938964844,89.94000244140625,684178
2023-10-16 14:30:00,89.94999694824219,90.19999694824219,89.94999694824219,90.01499938964844,641674
2023-10-16 15:30:00,90.01000213623047,90.08000183105469,89.79499816894531,89.87000274658203,368166
2023-10-16 16:30:00,89.86000061035156,90.01000213623047,89.55999755859375,89.83000183105469,324040
2023-10-16 17:30:00,89.83999633789062,89.98999786376953,89.70999908447266,89.76000213623047,552752
2023-10-16 18:30:00,89.76000213623047,89.9000015258789,89.71499633789062,89.80999755859375,395265
2023-10-16 19:30:00,89.80000305175781,89.83000183105469,89.62000274658203,89.68000030517578,842809
2023-10-17 13:30:00,89.56999969482422,90.56999969482422,89.33999633789062,90.21499633789062,758257
2023-10-17 14:30:00,90.21179962158203,90.4000015258789,89.98999786376953,90.31400299072266,344598
2023-10-17 15:30:00,90.31999969482422,90.9000015258789,90.25,90.8949966430664,369539
2023-10-17 16:30:00,90.88999938964844,90.95999908447266,90.7300033569336,90.94000244140625,363047
2023-10-17 17:30:00,90.93499755859375,90.94000244140625,90.62000274658203,90.66000366210938,438911
2023-10-17 18:30:00,90.6500015258789,90.86000061035156,90.44000244140625,90.80999755859375,372271
2023-10-17 19:30:00,90.81999969482422,90.83999633789062,90.4800033569336,90.5999984741211,673109
2023-10-18 13:30:00,90.33000183105469,91.02999877929688,90.33000183105469,90.56999969482422,686072
2023-10-18 14:30:00,90.54000091552734,90.87000274658203,90.5,90.72000122070312,430860
2023-10-18 15:30:00,90.70999908447266,91.06639862060547,90.58000183105469,90.63999938964844,451018
2023-10-18 16:30:00,90.6500015258789,91.18000030517578,90.6500015258789,90.94999694824219,369591
2023-10-18 17:30:00,90.91999816894531,90.9292984008789,90.59400177001953,90.73999786376953,260271
2023-10-18 18:30:00,90.7300033569336,90.83999633789062,90.51020050048828,90.6050033569336,309059
2023-10-18 19:30:00,90.61000061035156,90.65499877929688,90.26000213623047,90.45999908447266,631771
2023-10-19 13:30:00,90.52999877929688,90.94000244140625,89.08000183105469,89.5199966430664,811912
2023-10-19 14:30:00,89.5199966430664,90.04000091552734,89.41000366210938,90.0,372512
2023-10-19 15:30:00,90.0,90.44609832763672,89.80000305175781,89.91999816894531,604696
2023-10-19 16:30:00,89.95999908447266,90.44499969482422,89.70999908447266,90.27999877929688,348941
2023-10-19 17:30:00,90.37999725341797,90.37999725341797,90.02999877929688,90.16999816894531,382164
2023-10-19 18:30:00,90.1500015258789,90.16999816894531,89.8499984741211,90.16000366210938,474373
2023-10-19 19:30:00,90.16000366210938,90.19499969482422,89.77999877929688,89.83000183105469,674421
2023-10-20 13:30:00,89.95999908447266,90.0,89.23999786376953,89.38999938964844,658840
2023-10-20 14:30:00,89.36000061035156,89.66999816894531,88.97000122070312,89.05000305175781,390732
2023-10-20 15:30:00,89.04000091552734,89.49500274658203,88.87000274658203,89.30999755859375,244246
2023-10-20 16:30:00,89.31999969482422,89.47000122070312,88.95999908447266,89.18000030517578,251898
2023-10-20 17:30:00,89.19000244140625,89.43000030517578,89.12000274658203,89.20999908447266,273288
2023-10-20 18:30:00,89.19989776611328,89.51499938964844,89.08499908447266,89.41999816894531,400006
2023-10-20 19:30:00,89.41500091552734,89.46499633789062,88.97000122070312,89.08999633789062,812164
2023-10-23 13:30:00,88.88999938964844,89.19999694824219,88.02999877929688,88.25,529742
2023-10-23 14:30:00,88.2300033569336,88.25,87.90499877929688,88.04000091552734,472139
2023-10-23 15:30:00,88.04000091552734,88.4800033569336,88.02999877929688,88.31999969482422,327091
2023-10-23 16:30:00,88.33999633789062,88.7051010131836,88.29000091552734,88.47000122070312,224566
2023-10-23 17:30:00,88.45999908447266,88.70999908447266,88.37999725341797,88.43499755859375,265708
2023-10-23 18:30:00,88.44000244140625,88.5999984741211,88.1500015258789,88.18000030517578,338853
2023-10-23 19:30:00,88.18000030517578,88.44000244140625,88.12999725341797,88.33000183105469,536024
2023-10-24 13:30:00,88.80999755859375,89.67500305175781,88.80999755859375,89.6500015258789,347125
2023-10-24 14:30:00,89.69999694824219,90.08000183105469,89.5199966430664,89.73999786376953,304163
2023-10-24 15:30:00,89.7300033569336,89.73999786376953,89.33000183105469,89.47000122070312,325987
2023-10-24 16:30:00,89.45999908447266,89.52999877929688,89.20500183105469,89.44000244140625,269612
2023-10-24 17:30:00,89.44000244140625,89.66899871826172,89.30999755859375,89.66899871826172,279119
2023-10-24 18:30:00,89.69000244140625,89.94999694824219,89.63999938964844,89.79000091552734,454528
2023-10-24 19:30:00,89.79000091552734,89.79000091552734,89.41999816894531,89.44000244140625,780128
2023-10-25 13:30:00,89.36000061035156,89.62999725341797,88.38999938964844,88.55999755859375,534080
2023-10-25 14:30:00,88.55999755859375,89.55000305175781,88.40499877929688,89.45999908447266,595515
2023-10-25 15:30:00,89.47000122070312,89.54000091552734,89.16999816894531,89.33000183105469,252974
2023-10-25 16:30:00,89.33000183105469,89.4749984741211,88.9800033569336,89.08999633789062,257659
2023-10-25 17:30:00,89.08000183105469,89.18000030517578,88.86000061035156,88.97000122070312,272342
2023-10-25 18:30:00,88.9749984741211,88.98999786376953,88.6500015258789,88.88999938964844,403928
2023-10-25 19:30:00,88.88999938964844,89.01499938964844,88.75,88.95999908447266,856705
2023-10-26 13:30:00,88.83000183105469,89.58000183105469,88.58999633789062,88.9000015258789,354763
2023-10-26 14:30:00,88.87999725341797,89.12999725341797,88.62999725341797,88.90339660644531,273951
2023-10-26 15:30:00,88.88999938964844,89.05000305175781,88.61000061035156,88.67500305175781,251657
2023-10-26 16:30:00,88.68000030517578,88.81999969482422,88.38999938964844,88.48999786376953,464257
2023-10-26 17:30:00,88.4800033569336,88.62000274658203,88.23999786376953,88.33000183105469,309328
2023-10-26 18:30:00,88.32499694824219,88.6500015258789,88.23999786376953,88.23999786376953,366398
2023-10-26 19:30:00,88.25,88.26000213623047,87.86000061035156,87.93000030517578,739955
2023-10-27 13:30:00,87.91000366210938,88.36000061035156,87.75,88.2300033569336,347124
2023-10-27 14:30:00,88.20999908447266,88.47000122070312,87.97000122070312,88.2699966430664,333505
2023-10-27 15:30:00,88.30000305175781,88.31999969482422,87.66010284423828,87.73999786376953,246752
2023-10-27 16:30:00,87.73999786376953,87.80999755859375,87.15499877929688,87.2699966430664,230431
2023-10-27 17:30:00,87.2699966430664,87.29000091552734,86.9800033569336,87.01000213623047,316509
2023-10-27 18:30:00,87.0,87.23999786376953,86.94999694824219,87.19999694824219,539283
2023-10-27 19:30:00,87.19000244140625,87.25,86.91999816894531,87.19999694824219,757306
2023-10-30 13:30:00,87.43000030517578,87.7699966430664,87.05000305175781,87.41999816894531,580442
2023-10-30 14:30:00,87.41000366210938,87.77999877929688,87.32499694824219,87.61000061035156,304554
2023-10-30 15:30:00,87.58499908447266,87.77999877929688,87.51000213623047,87.66500091552734,309813
2023-10-30 16:30:00,87.6500015258789,87.9000015258789,87.56420135498047,87.88999938964844,242309
2023-10-30 17:30:00,87.95999908447266,88.26000213623047,87.87999725341797,88.23999786376953,267749
2023-10-30 18:30:00,88.23999786376953,88.54000091552734,88.23999786376953,88.5199966430664,318227
2023-10-30 19:30:00,88.5199966430664,88.54000091552734,88.25,88.2699966430664,675274
2023-10-31 13:30:00,88.37999725341797,88.44499969482422,87.38999938964844,87.66999816894531,574334
2023-10-31 14:30:00,87.68000030517578,87.75,87.43000030517578,87.48999786376953,421775
2023-10-31 15:30:00,87.48999786376953,87.7300033569336,87.30999755859375,87.65260314941406,309130
2023-10-31 16:30:00,87.66000366210938,87.9000015258789,87.61000061035156,87.9000015258789,251047
2023-10-31 17:30:00,87.90499877929688,88.19999694824219,87.87000274658203,88.0875015258789,387442
2023-10-31 18:30:00,88.08499908447266,88.19999694824219,87.9000015258789,87.94999694824219,519248
2023-10-31 19:30:00,87.94499969482422,88.0999984741211,87.76000213623047,88.08000183105469,911324
2023-11-01 13:30:00,88.55000305175781,88.69999694824219,87.5,88.00499725341797,375575
2023-11-01 14:30:00,88.01000213623047,88.29000091552734,87.9800033569336,88.06999969482422,299239
2023-11-01 15:30:00,88.05999755859375,88.2300033569336,87.62000274658203,87.73999786376953,313479
2023-11-01 16:30:00,87.7300033569336,88.0999984741211,87.66999816894531,87.88999938964844,370007
2023-11-01 17:30:00,87.87999725341797,87.88999938964844,87.31999969482422,87.63999938964844,338065
2023-11-01 18:30:00,87.6500015258789,87.81999969482422,87.22000122070312,87.71499633789062,1025795
2023-11-01 19:30:00,87.70999908447266,88.08999633789062,87.6449966430664,88.08000183105469,1030239
2023-11-02 13:30:00,88.30999755859375,89.41000366210938,88.08999633789062,89.23999786376953,2795885
2023-11-02 14:30:00,89.23999786376953,89.9800033569336,89.23999786376953,89.81500244140625,580384
2023-11-02 15:30:00,89.80999755859375,89.95999908447266,89.75,89.83000183105469,354440
2023-11-02 16:30:00,89.8499984741211,90.27999877929688,89.77999877929688,90.05500030517578,529754
2023-11-02 17:30:00,90.06500244140625,90.16000366210938,89.93000030517578,89.9800033569336,330867
2023-11-02 18:30:00,89.97000122070312,90.12000274658203,89.83000183105469,89.92500305175781,442109
2023-11-02 19:30:00,89.91999816894531,90.16999816894531,89.8499984741211,89.94000244140625,1017015
2023-11-03 13:30:00,90.68000030517578,91.29000091552734,90.61000061035156,91.16999816894531,452283
2023-11-03 14:30:00,91.1500015258789,91.37999725341797,90.93000030517578,91.30400085449219,382583
2023-11-03 15:30:00,91.31999969482422,91.4800033569336,91.26000213623047,91.2699966430664,341992
2023-11-03 16:30:00,91.2699966430664,91.5199966430664,91.16000366210938,91.2300033569336,321466
2023-11-03 17:30:00,91.22000122070312,91.37999725341797,91.08999633789062,91.36000061035156,256672
2023-11-03 18:30:00,91.36419677734375,91.44499969482422,91.10399627685547,91.11000061035156,392053
2023-11-03 19:30:00,91.1050033569336,91.23500061035156,90.94000244140625,91.0,690070
2023-11-06 14:30:00,90.98999786376953,91.41999816894531,90.68000030517578,91.37999725341797,515260
2023-11-06 15:30:00,91.37999725341797,91.41000366210938,90.83999633789062,91.16000366210938,320212
2023-11-06 16:30:00,91.16999816894531,91.31999969482422,91.04000091552734,91.0979995727539,391288
2023-11-06 17:30:00,91.0978012084961,91.1500015258789,90.87999725341797,91.02999877929688,377276
2023-11-06 18:30:00,91.05000305175781,91.0999984741211,90.82499694824219,90.94000244140625,509425
2023-11-06 19:30:00,90.94000244140625,91.07499694824219,90.83999633789062,90.8499984741211,512283
2023-11-06 20:30:00,90.8499984741211,90.94000244140625,90.75,90.875,987198
2023-11-07 14:30:00,91.05000305175781,91.4176025390625,90.66999816894531,90.83999633789062,442730
2023-11-07 15:30:00,90.83000183105469,90.96499633789062,90.6980972290039,90.76000213623047,500787
2023-11-07 16:30:00,90.73999786376953,90.91999816894531,90.62000274658203,90.8499984741211,425885
2023-11-07 17:30:00,90.8499984741211,91.0999984741211,90.73999786376953,90.94999694824219,325392
2023-11-07 18:30:00,90.93000030517578,90.95999908447266,90.79000091552734,90.8499984741211,538091
2023-11-07 19:30:00,90.86000061035156,91.12000274658203,90.8499984741211,90.97000122070312,449398
2023-11-07 20:30:00,90.9749984741211,91.08000183105469,90.72000122070312,90.77999877929688,768788
2023-11-08 14:30:00,90.52999877929688,91.16999816894531,90.3499984741211,91.02999877929688,1034600
2023-11-08 15:30:00,91.0199966430664,91.11170196533203,90.81999969482422,90.9000015258789,604396
2023-11-08 16:30:00,90.9000015258789,90.9800033569336,90.4000015258789,90.62000274658203,2130259
2023-11-08 17:30:00,90.62000274658203,90.7300033569336,90.31999969482422,90.37999725341797,358045
2023-11-08 18:30:00,90.37000274658203,90.625,90.36000061035156,90.54499816894531,310223
2023-11-08 19:30:00,90.54499816894531,90.7699966430664,90.37999725341797,90.54000091552734,706658
2023-11-08 20:30:00,90.5250015258789,90.66500091552734,90.33000183105469,90.43000030517578,1266562
2023-11-09 14:30:00,90.62000274658203,90.93699645996094,90.08000183105469,90.77999877929688,556530
2023-11-09 15:30:00,90.77999877929688,91.63999938964844,90.76000213623047,91.29979705810547,797110
2023-11-09 16:30:00,91.29000091552734,91.37999725341797,90.9800033569336,91.06999969482422,660325
2023-11-09 17:30:00,91.05999755859375,91.1500015258789,90.79000091552734,91.03199768066406,458178
2023-11-09 18:30:00,91.0199966430664,91.26499938964844,90.79000091552734,91.19000244140625,532820
2023-11-09 19:30:00,91.18000030517578,91.23650360107422,90.95999908447266,91.05000305175781,762125
2023-11-09 20:30:00,91.05999755859375,91.29170227050781,91.04000091552734,91.08999633789062,2077343
2023-11-10 14:30:00,91.44000244140625,91.5199966430664,89.76000213623047,89.8550033569336,1109013
2023-11-10 15:30:00,89.8499984741211,90.31999969482422,89.7300033569336,90.20999908447266,550412
2023-11-10 16:30:00,90.21499633789062,90.61000061035156,90.19999694824219,90.55500030517578,450680
2023-11-10 17:30:00,90.55999755859375,91.33999633789062,90.55000305175781,91.24500274658203,568944
2023-11-10 18:30:00,91.24970245361328,91.30500030517578,91.05000305175781,91.2249984741211,467295
2023-11-10 19:30:00,91.2249984741211,91.23999786376953,90.9000015258789,91.23500061035156,822266
2023-11-10 20:30:00,91.23500061035156,91.27999877929688,91.08999633789062,91.16999816894531,1083806
2023-11-13 14:30:00,91.08999633789062,91.62000274658203,90.55999755859375,91.06999969482422,698651
2023-11-13 15:30:00,91.08999633789062,91.4000015258789,90.91999816894531,91.18000030517578,512125
2023-11-13 16:30:00,91.19000244140625,91.63999938964844,91.12999725341797,91.42500305175781,458775
2023-11-13 17:30:00,91.43000030517578,91.58999633789062,91.38999938964844,91.44000244140625,336801
2023-11-13 18:30:00,91.44000244140625,91.60980224609375,91.23999786376953,91.33000183105469,506338
2023-11-13 19:30:00,91.33999633789062,91.4000015258789,91.08999633789062,91.30999755859375,570282
2023-11-13 20:30:00,91.30500030517578,91.33999633789062,91.04000091552734,91.0999984741211,710389
2023-11-14 14:30:00,92.04000091552734,92.91000366210938,91.91000366210938,92.91000366210938,766888
2023-11-14 15:30:00,92.9000015258789,93.25,92.86000061035156,93.13999938964844,1037153
2023-11-14 16:30:00,93.12999725341797,93.25199890136719,92.68000030517578,92.81500244140625,546229
2023-11-14 17:30:00,92.80999755859375,93.05000305175781,92.75,92.94499969482422,466100
2023-11-14 18:30:00,92.94999694824219,93.0,92.66999816894531,92.75,573158
2023-11-14 19:30:00,92.75,92.9000015258789,92.66999816894531,92.7750015258789,1353948
2023-11-14 20:30:00,92.7750015258789,92.77999877929688,92.46499633789062,92.48999786376953,1231138
2023-11-15 14:30:00,89.80000305175781,90.91000366210938,88.5199966430664,88.93000030517578,3145953
2023-11-15 15:30:00,88.92849731445312,89.83000183105469,88.79000091552734,89.41000366210938,1636241
2023-11-15 16:30:00,89.4010009765625,89.51000213623047,88.8499984741211,89.11910247802734,963541
2023-11-15 17:30:00,89.12000274658203,89.70999908447266,89.04000091552734,89.54499816894531,839578
2023-11-15 18:30:00,89.54499816894531,90.19999694824219,89.54000091552734,90.18000030517578,809759
2023-11-15 19:30:00,90.19000244140625,90.30999755859375,89.6500015258789,89.7699966430664,844595
2023-11-15 20:30:00,89.7699966430664,89.7699966430664,89.2699966430664,89.43000030517578,1512588
2023-11-16 14:30:00,88.58999633789062,89.69000244140625,88.40609741210938,88.69499969482422,1684984
2023-11-16 15:30:00,88.69000244140625,88.74250030517578,87.7300033569336,87.9800033569336,1365787
2023-11-16 16:30:00,87.9800033569336,88.06999969482422,87.36000061035156,87.36000061035156,745384
2023-11-16 17:30:00,87.36000061035156,87.76000213623047,87.26000213623047,87.44000244140625,981241
2023-11-16 18:30:00,87.44499969482422,87.83000183105469,87.36000061035156,87.5,882178
2023-11-16 19:30:00,87.48999786376953,88.12000274658203,87.44000244140625,87.95999908447266,895098
2023-11-16 20:30:00,87.9677963256836,88.37999725341797,87.88999938964844,88.37999725341797,1334228
2023-11-17 14:30:00,89.12999725341797,90.1449966430664,89.08999633789062,89.58000183105469,2079758
2023-11-17 15:30:00,89.58000183105469,89.63999938964844,89.26499938964844,89.5,759179
2023-11-17 16:30:00,89.48999786376953,89.72000122070312,89.2300033569336,89.58999633789062,559498
2023-11-17 17:30:00,89.58999633789062,89.58999633789062,89.25,89.52999877929688,525138
2023-11-17 18:30:00,89.52999877929688,89.61959838867188,89.2249984741211,89.23500061035156,740628
2023-11-17 19:30:00,89.23500061035156,89.33999633789062,89.09100341796875,89.2300033569336,979095
2023-11-17 20:30:00,89.23799896240234,89.23799896240234,88.78500366210938,88.83999633789062,1521610
2023-11-20 14:30:00,88.66000366210938,88.98999786376953,88.3499984741211,88.66500091552734,1297150
2023-11-20 15:30:00,88.6500015258789,88.81999969482422,88.41999816894531,88.79499816894531,824806
2023-11-20 16:30:00,88.79499816894531,88.94999694824219,88.43000030517578,88.70999908447266,709988
2023-11-20 17:30:00,88.69999694824219,89.01000213623047,88.58000183105469,88.87000274658203,414528
2023-11-20 18:30:00,88.87999725341797,89.27999877929688,88.875,89.13999938964844,453256
2023-11-20 19:30:00,89.13999938964844,89.73500061035156,89.12999725341797,89.7300033569336,687336
2023-11-20 20:30:00,89.7300033569336,89.79900360107422,89.38999938964844,89.55000305175781,1246279
2023-11-21 14:30:00,89.77999877929688,90.0,88.45999908447266,88.47000122070312,1653944
2023-11-21 15:30:00,88.45999908447266,89.23999786376953,88.44000244140625,89.19000244140625,625129
2023-11-21 16:30:00,89.19000244140625,89.44000244140625,89.08000183105469,89.29000091552734,403881
2023-11-21 17:30:00,89.28500366210938,89.29499816894531,89.125,89.20999908447266,338736
2023-11-21 18:30:00,89.21499633789062,89.4800033569336,89.21499633789062,89.33999633789062,423803
2023-11-21 19:30:00,89.32499694824219,89.3499984741211,89.08499908447266,89.1500015258789,537510
2023-11-21 20:30:00,89.16000366210938,89.2300033569336,89.05000305175781,89.06999969482422,953848
2023-11-22 14:30:00,89.66999816894531,89.91999816894531,89.22000122070312,89.83999633789062,738916
2023-11-22 15:30:00,89.83999633789062,90.12999725341797,89.79000091552734,90.02999877929688,565808
2023-11-22 16:30:00,90.02999877929688,90.30000305175781,89.9800033569336,90.0199966430664,454131
2023-11-22 17:30:00,90.0199966430664,90.02999877929688,89.86499786376953,89.98500061035156,306053
2023-11-22 18:30:00,89.98999786376953,90.30000305175781,89.9800033569336,90.30000305175781,479823
2023-11-22 19:30:00,90.29499816894531,90.4000015258789,90.1500015258789,90.36499786376953,646373
2023-11-22 20:30:00,90.36499786376953,90.36499786376953,89.91999816894531,89.94000244140625,880071
2023-11-24 14:30:00,90.36000061035156,90.60250091552734,89.55000305175781,89.6050033569336,604511
2023-11-24 15:30:00,89.61000061035156,89.91500091552734,89.61000061035156,89.83999633789062,391066
2023-11-24 16:30:00,89.81999969482422,89.88580322265625,89.56999969482422,89.60669708251953,350597
2023-11-27 14:30:00,89.73500061035156,89.90499877929688,89.08000183105469,89.19000244140625,1688729
2023-11-27 15:30:00,89.19000244140625,89.55000305175781,89.19000244140625,89.44999694824219,519845
2023-11-27 16:30:00,89.44999694824219,89.58999633789062,89.25,89.27999877929688,357111
2023-11-27 17:30:00,89.27999877929688,89.5199966430664,89.26000213623047,89.44999694824219,431370
2023-11-27 18:30:00,89.44000244140625,89.4800033569336,89.27290344238281,89.34500122070312,375061
2023-11-27 19:30:00,89.33999633789062,89.43000030517578,89.1500015258789,89.22000122070312,453760
2023-11-27 20:30:00,89.2300033569336,89.33999633789062,89.00499725341797,89.09500122070312,955624
2023-11-28 14:30:00,88.91000366210938,89.4800033569336,88.75,89.25,536255
2023-11-28 15:30:00,89.23999786376953,89.37999725341797,89.12000274658203,89.29000091552734,359141
2023-11-28 16:30:00,89.30000305175781,89.4800033569336,89.2699966430664,89.3550033569336,275968
2023-11-28 17:30:00,89.3499984741211,89.3499984741211,88.9800033569336,89.11000061035156,281408
2023-11-28 18:30:00,89.11910247802734,89.18000030517578,88.92500305175781,89.03500366210938,315888
2023-11-28 19:30:00,89.03500366210938,89.19000244140625,88.97000122070312,89.1449966430664,386148
2023-11-28 20:30:00,89.13999938964844,89.16000366210938,89.00499725341797,89.13999938964844,759694
2023-11-29 14:30:00,89.44000244140625,89.5999984741211,88.77999877929688,88.80999755859375,551429
2023-11-29 15:30:00,88.83000183105469,88.875,88.19999694824219,88.41210174560547,449815
2023-11-29 16:30:00,88.41999816894531,88.82499694824219,88.37000274658203,88.71499633789062,394799
2023-11-29 17:30:00,88.72000122070312,88.75,88.45500183105469,88.55000305175781,239103
2023-11-29 18:30:00,88.56999969482422,88.68939971923828,88.310302734375,88.33000183105469,383758
2023-11-29 19:30:00,88.33000183105469,88.33000183105469,87.95999908447266,88.0199966430664,963535
2023-11-29 20:30:00,88.0199966430664,88.16999816894531,87.8499984741211,88.16999816894531,1038978
2023-11-30 14:30:00,88.37000274658203,88.66000366210938,87.94999694824219,88.0,663112
2023-11-30 15:30:00,88.0,88.16999816894531,87.83000183105469,88.12000274658203,520981
2023-11-30 16:30:00,88.11499786376953,88.16000366210938,87.78790283203125,87.79000091552734,379080
2023-11-30 17:30:00,87.80000305175781,88.01499938964844,87.79000091552734,87.86000061035156,332657
2023-11-30 18:30:00,87.85900115966797,88.12999725341797,87.83499908447266,88.0199966430664,546299
2023-11-30 19:30:00,88.01000213623047,88.30999755859375,87.95999908447266,88.02999877929688,1401940
2023-11-30 20:30:00,88.03500366210938,88.26000213623047,87.97000122070312,88.12000274658203,1887106
2023-12-01 14:30:00,88.30999755859375,88.62000274658203,87.91999816894531,88.4800033569336,596188
2023-12-01 15:30:00,88.46499633789062,88.86000061035156,88.2300033569336,88.81999969482422,490814
2023-12-01 16:30:00,88.80999755859375,89.26000213623047,88.68000030517578,89.17610168457031,510980
2023-12-01 17:30:00,89.17500305175781,89.38999938964844,89.12999725341797,89.18000030517578,375036
2023-12-01 18:30:00,89.19000244140625,89.31999969482422,89.0,89.08000183105469,420179
2023-12-01 19:30:00,89.08000183105469,89.2300033569336,89.01000213623047,89.12000274658203,560807
2023-12-01 20:30:00,89.11499786376953,89.12999725341797,88.87000274658203,89.05999755859375,953934
2023-12-04 14:30:00,88.54000091552734,89.68000030517578,88.54000091552734,88.88999938964844,785088
2023-12-04 15:30:00,88.9000015258789,89.02999877929688,88.52999877929688,88.61000061035156,540614
2023-12-04 16:30:00,88.61000061035156,88.81999969482422,88.45999908447266,88.63999938964844,373138
2023-12-04 17:30:00,88.63999938964844,88.73999786376953,88.41999816894531,88.44999694824219,280141
2023-12-04 18:30:00,88.44499969482422,88.61000061035156,88.43000030517578,88.51000213623047,362355
2023-12-04 19:30:00,88.51000213623047,88.62999725341797,88.36000061035156,88.37000274658203,621195
2023-12-04 20:30:00,88.37000274658203,88.62000274658203,88.30000305175781,88.55000305175781,1054344
2023-12-05 14:30:00,88.23999786376953,88.4000015258789,87.44000244140625,88.33000183105469,572412
2023-12-05 15:30:00,88.36000061035156,88.38999938964844,88.05999755859375,88.20999908447266,409084
2023-12-05 16:30:00,88.22000122070312,88.30899810791016,88.0199966430664,88.19999694824219,265633
2023-12-05 17:30:00,88.19999694824219,88.29000091552734,88.08000183105469,88.19999694824219,296851
2023-12-05 18:30:00,88.19999694824219,88.2300033569336,88.05000305175781,88.05000305175781,257062
2023-12-05 19:30:00,88.05999755859375,88.19999694824219,87.9800033569336,88.16000366210938,404024
2023-12-05 20:30:00,88.1500015258789,88.17500305175781,87.83999633789062,88.01000213623047,690949
2023-12-06 14:30:00,87.97000122070312,89.04000091552734,87.97000122070312,88.62000274658203,1164620
2023-12-06 15:30:00,88.61499786376953,88.79000091552734,88.4800033569336,88.69999694824219,456886
2023-12-06 16:30:00,88.69999694824219,88.7750015258789,88.44999694824219,88.57499694824219,388314
2023-12-06 17:30:00,88.58000183105469,88.83000183105469,88.4800033569336,88.58000183105469,328673
2023-12-06 18:30:00,88.58499908447266,88.70999908447266,88.48999786376953,88.50499725341797,276663
2023-12-06 19:30:00,88.5,88.56999969482422,88.33000183105469,88.5199966430664,453281
2023-12-06 20:30:00,88.5250015258789,88.56999969482422,88.40499877929688,88.56999969482422,826183
2023-12-07 14:30:00,88.7699966430664,89.04000091552734,88.5,88.87000274658203,538679
2023-12-07 15:30:00,88.87999725341797,88.93000030517578,88.66500091552734,88.81500244140625,418340
2023-12-07 16:30:00,88.81999969482422,89.29000091552734,88.80999755859375,89.26000213623047,414585
2023-12-07 17:30:00,89.2750015258789,89.2750015258789,88.94999694824219,89.08000183105469,283415
2023-12-07 18:30:00,89.08000183105469,89.16000366210938,88.94000244140625,89.16000366210938,311586
2023-12-07 19:30:00,89.16500091552734,89.16999816894531,88.86000061035156,88.86499786376953,422777
2023-12-07 20:30:00,88.86000061035156,88.93000030517578,88.75,88.87000274658203,793156
2023-12-08 14:30:00,89.02999877929688,89.30000305175781,88.44000244140625,88.61000061035156,546463
2023-12-08 15:30:00,88.61000061035156,88.84989929199219,88.43000030517578,88.69999694824219,495301
2023-12-08 16:30:00,88.70999908447266,88.91000366210938,88.68499755859375,88.83999633789062,460204
2023-12-08 17:30:00,88.8499984741211,89.05000305175781,88.78500366210938,89.02999877929688,295951
2023-12-08 18:30:00,89.02999877929688,89.11000061035156,88.87000274658203,89.0999984741211,460447
2023-12-08 19:30:00,89.1050033569336,89.19999694824219,89.0199966430664,89.11499786376953,426221
2023-12-08 20:30:00,89.12000274658203,89.1500015258789,89.0,89.10240173339844,780781
2023-12-11 14:30:00,89.66000366210938,90.75,89.66000366210938,90.31999969482422,838154
2023-12-11 15:30:00,90.31999969482422,90.66000366210938,90.30999755859375,90.66000366210938,517060
2023-12-11 16:30:00,90.6500015258789,90.66999816894531,90.33000183105469,90.36000061035156,409005
2023-12-11 17:30:00,90.37000274658203,90.57820129394531,90.27999877929688,90.5250015258789,407896
2023-12-11 18:30:00,90.52999877929688,90.73999786376953,90.5199966430664,90.73500061035156,370714
2023-12-11 19:30:00,90.73999786376953,90.8499984741211,90.58000183105469,90.83000183105469,514210
2023-12-11 20:30:00,90.83499908447266,90.875,90.66000366210938,90.73999786376953,930843
2023-12-12 14:30:00,90.68000030517578,91.18000030517578,90.4000015258789,91.12999725341797,513180
2023-12-12 15:30:00,91.13999938964844,91.19499969482422,90.7300033569336,90.94999694824219,367272
2023-12-12 16:30:00,90.93000030517578,91.23999786376953,90.87999725341797,91.11000061035156,260473
2023-12-12 17:30:00,91.12000274658203,91.4000015258789,91.12000274658203,91.30000305175781,414636
2023-12-12 18:30:00,91.30000305175781,91.31999969482422,91.15390014648438,91.22000122070312,389849
2023-12-12 19:30:00,91.2300033569336,91.34500122070312,91.12999725341797,91.27999877929688,447745
2023-12-12 20:30:00,91.28500366210938,91.30000305175781,91.11000061035156,91.18000030517578,673839
2023-12-13 14:30:00,91.54000091552734,91.72000122070312,90.87000274658203,91.04499816894531,818638
2023-12-13 15:30:00,91.04499816894531,91.55000305175781,91.00769805908203,91.38999938964844,847762
2023-12-13 16:30:00,91.38999938964844,91.38999938964844,91.02999877929688,91.12000274658203,265561
2023-12-13 17:30:00,91.12000274658203,91.37000274658203,91.12000274658203,91.2300033569336,256776
2023-12-13 18:30:00,91.22000122070312,91.54000091552734,91.06999969482422,91.3499984741211,359006
2023-12-13 19:30:00,91.3499984741211,91.83999633789062,91.30000305175781,91.48999786376953,745539
2023-12-13 20:30:00,91.4800033569336,91.88999938964844,91.46499633789062,91.88999938964844,811914
2023-12-14 14:30:00,92.2699966430664,92.29000091552734,90.30999755859375,90.33499908447266,973256
2023-12-14 15:30:00,90.30999755859375,90.94999694824219,90.22000122070312,90.7249984741211,826076
2023-12-14 16:30:00,90.70999908447266,90.70999908447266,90.12000274658203,90.15499877929688,762991
2023-12-14 17:30:00,90.16000366210938,90.41000366210938,89.92500305175781,90.33999633789062,726368
2023-12-14 18:30:00,90.34500122070312,90.34500122070312,89.86000061035156,90.2699966430664,599449
2023-12-14 19:30:00,90.26000213623047,90.51000213623047,90.2300033569336,90.24099731445312,784898
2023-12-14 20:30:00,90.25,90.27999877929688,89.87999725341797,89.94000244140625,1369423
2023-12-15 14:30:00,89.41000366210938,90.12000274658203,88.58000183105469,89.1449966430664,2009312
2023-12-15 15:30:00,89.13999938964844,89.56500244140625,89.08000183105469,89.37200164794922,600514
2023-12-15 16:30:00,89.37000274658203,89.58499908447266,89.33999633789062,89.36000061035156,383619
2023-12-15 17:30:00,89.36499786376953,89.48999786376953,89.25499725341797,89.29000091552734,340832
2023-12-15 18:30:00,89.30000305175781,89.3499984741211,88.8949966430664,89.06999969482422,539630
2023-12-15 19:30:00,89.08000183105469,89.15499877929688,88.94000244140625,89.1500015258789,594851
2023-12-15 20:30:00,89.1500015258789,89.30999755859375,88.93000030517578,89.16000366210938,1018991
2023-12-18 14:30:00,89.73999786376953,90.19000244140625,89.36830139160156,89.98500061035156,710218
2023-12-18 15:30:00,89.98500061035156,90.30500030517578,89.97000122070312,90.22000122070312,478368
2023-12-18 16:30:00,90.2300033569336,90.27999877929688,89.95999908447266,90.13999938964844,469263
2023-12-18 17:30:00,90.13999938964844,90.2300033569336,89.93000030517578,89.94999694824219,592729
2023-12-18 18:30:00,89.94819641113281,90.05000305175781,89.55000305175781,89.66500091552734,395304
2023-12-18 19:30:00,89.66999816894531,89.9000015258789,89.56999969482422,89.88970184326172,414901
2023-12-18 20:30:00,89.88999938964844,89.9000015258789,89.66000366210938,89.83000183105469,578900
2023-12-19 14:30:00,89.5199966430664,91.25,89.5199966430664,90.73500061035156,826088
2023-12-19 15:30:00,90.73999786376953,91.16000366210938,90.69999694824219,90.7699966430664,450363
2023-12-19 16:30:00,90.7699966430664,90.94999694824219,90.69999694824219,90.79000091552734,264693
2023-12-19 17:30:00,90.79000091552734,90.94999694824219,90.73999786376953,90.79000091552734,252525
2023-12-19 18:30:00,90.79499816894531,91.0374984741211,90.75,91.00499725341797,262200
2023-12-19 19:30:00,91.01000213623047,91.12999725341797,90.87999725341797,91.05000305175781,393553
2023-12-19 20:30:00,91.05000305175781,91.37999725341797,90.94000244140625,91.27999877929688,743208
2023-12-20 14:30:00,90.91999816894531,91.19999694824219,90.43000030517578,90.66999816894531,776428
2023-12-20 15:30:00,90.66999816894531,90.76499938964844,90.41999816894531,90.76000213623047,453674
2023-12-20 16:30:00,90.7699966430664,91.0,90.72989654541016,90.88999938964844,348434
2023-12-20 17:30:00,90.88999938964844,90.94000244140625,90.75,90.9000015258789,294064
2023-12-20 18:30:00,90.9000015258789,90.94999694824219,90.74500274658203,90.91999816894531,282867
2023-12-20 19:30:00,90.91500091552734,90.91500091552734,90.22000122070312,90.25,510841
2023-12-20 20:30:00,90.26000213623047,90.41999816894531,90.04000091552734,90.08999633789062,694975
2023-12-21 14:30:00,90.4000015258789,91.11000061035156,90.26499938964844,91.0199966430664,535174
2023-12-21 15:30:00,91.02999877929688,91.30000305175781,90.91999816894531,91.19000244140625,414794
2023-12-21 16:30:00,91.19499969482422,91.2300033569336,90.91999816894531,91.0,402076
2023-12-21 17:30:00,91.01000213623047,91.27999877929688,90.97000122070312,91.08000183105469,305737
2023-12-21 18:30:00,91.08999633789062,91.19000244140625,90.98999786376953,91.11000061035156,308234
2023-12-21 19:30:00,91.11499786376953,91.45999908447266,91.08000183105469,91.45999908447266,382879
2023-12-21 20:30:00,91.4800033569336,91.48999786376953,91.29499816894531,91.36000061035156,791839
2023-12-22 14:30:00,91.56999969482422,91.97000122070312,91.29499816894531,91.65499877929688,545391
2023-12-22 15:30:00,91.6500015258789,91.7300033569336,91.41380310058594,91.52999877929688,361455
2023-12-22 16:30:00,91.54499816894531,91.6449966430664,91.48500061035156,91.62000274658203,227112
2023-12-22 17:30:00,91.61799621582031,91.84500122070312,91.55999755859375,91.81999969482422,193361
2023-12-22 18:30:00,91.83000183105469,91.83499908447266,91.4000015258789,91.4000015258789,339314
2023-12-22 19:30:00,91.4000015258789,91.7300033569336,91.36000061035156,91.68000030517578,359283
2023-12-22 20:30:00,91.66999816894531,91.87999725341797,91.58999633789062,91.8499984741211,521789
2023-12-26 14:30:00,91.91999816894531,92.41000366210938,91.83000183105469,92.375,350726
2023-12-26 15:30:00,92.37000274658203,92.68000030517578,92.33000183105469,92.68000030517578,398830
2023-12-26 16:30:00,92.67500305175781,92.71499633789062,92.47000122070312,92.69499969482422,307394
2023-12-26 17:30:00,92.69999694824219,92.87000274658203,92.68000030517578,92.81169891357422,224811
2023-12-26 18:30:00,92.81999969482422,92.82499694824219,92.63999938964844,92.69999694824219,213403
2023-12-26 19:30:00,92.69999694824219,92.80999755859375,92.62999725341797,92.71099853515625,295439
2023-12-26 20:30:00,92.70999908447266,92.81999969482422,92.6500015258789,92.77999877929688,653090
2023-12-27 14:30:00,92.7699966430664,93.11499786376953,92.7699966430664,93.08999633789062,345711
2023-12-27 15:30:00,93.08499908447266,93.1500015258789,92.77999877929688,92.83000183105469,255288
2023-12-27 16:30:00,92.82499694824219,92.97000122070312,92.70140075683594,92.74500274658203,340323
2023-12-27 17:30:00,92.73999786376953,92.86000061035156,92.62999725341797,92.7249984741211,589479
2023-12-27 18:30:00,92.72000122070312,92.7699966430664,92.37000274658203,92.55000305175781,440482
2023-12-27 19:30:00,92.55500030517578,92.61000061035156,92.41500091552734,92.61000061035156,335397
2023-12-27 20:30:00,92.6050033569336,92.80999755859375,92.51000213623047,92.79000091552734,552818
2023-12-28 14:30:00,93.16500091552734,93.27999877929688,92.77999877929688,93.06999969482422,489545
2023-12-28 15:30:00,93.08000183105469,93.12000274658203,92.69000244140625,92.73999786376953,243289
2023-12-28 16:30:00,92.74500274658203,92.9999008178711,92.70999908447266,92.95999908447266,227892
2023-12-28 17:30:00,92.95500183105469,93.20999908447266,92.93000030517578,93.1500015258789,190901
2023-12-28 18:30:00,93.1500015258789,93.52999877929688,93.1500015258789,93.5199966430664,278237
2023-12-28 19:30:00,93.5199966430664,93.68000030517578,93.51010131835938,93.61000061035156,468856
2023-12-28 20:30:00,93.62000274658203,93.6449966430664,93.21499633789062,93.27999877929688,799539
2023-12-29 14:30:00,93.58999633789062,94.16999816894531,93.50499725341797,94.16210174560547,638404
2023-12-29 15:30:00,94.16500091552734,94.29000091552734,93.9800033569336,93.9800033569336,465281
2023-12-29 16:30:00,93.9800033569336,94.05000305175781,93.4000015258789,93.45999908447266,319170
2023-12-29 17:30:00,93.45999908447266,93.68000030517578,93.37999725341797,93.59500122070312,287615
2023-12-29 18:30:00,93.5999984741211,93.7249984741211,93.55999755859375,93.6050033569336,278037
2023-12-29 19:30:00,93.61000061035156,93.875,93.61000061035156,93.82499694824219,355481
2023-12-29 20:30:00,93.83000183105469,93.9000015258789,93.63999938964844,93.80999755859375,831272
2024-01-02 14:30:00,93.08999633789062,94.2300033569336,93.05999755859375,93.77999877929688,633959
2024-01-02 15:30:00,93.81999969482422,93.98999786376953,93.47000122070312,93.55500030517578,416481
2024-01-02 16:30:00,93.55000305175781,93.62999725341797,93.11000061035156,93.11499786376953,487657
2024-01-02 17:30:00,93.11000061035156,93.37999725341797,93.05000305175781,93.30000305175781,318264
2024-01-02 18:30:00,93.29000091552734,93.37999725341797,93.08000183105469,93.19000244140625,347700
2024-01-02 19:30:00,93.18499755859375,93.23500061035156,92.83000183105469,93.01499938964844,578203
2024-01-02 20:30:00,93.01499938964844,93.33999633789062,92.93499755859375,93.30999755859375,988704
2024-01-03 14:30:00,93.05999755859375,93.25,92.36000061035156,92.44999694824219,555832
2024-01-03 15:30:00,92.44999694824219,92.5199966430664,92.08999633789062,92.30000305175781,532539
2024-01-03 16:30:00,92.30000305175781,92.45999908447266,91.98999786376953,92.21499633789062,391793
2024-01-03 17:30:00,92.21170043945312,92.41000366210938,92.12000274658203,92.4000015258789,282420
2024-01-03 18:30:00,92.37999725341797,92.4000015258789,91.91000366210938,92.05500030517578,371117
2024-01-03 19:30:00,92.08000183105469,92.19999694824219,91.91329956054688,92.06500244140625,544604
2024-01-03 20:30:00,92.06999969482422,92.13500213623047,91.66000366210938,91.69000244140625,912347
2024-01-04 14:30:00,91.81500244140625,92.69499969482422,91.30919647216797,92.59500122070312,546764
2024-01-04 15:30:00,92.5999984741211,93.03579711914062,92.47000122070312,92.94000244140625,415453
2024-01-04 16:30:00,92.94000244140625,93.07499694824219,92.73999786376953,92.88999938964844,580966
2024-01-04 17:30:00,92.8949966430664,93.03500366210938,92.81500244140625,92.8499984741211,300766
2024-01-04 18:30:00,92.8550033569336,92.98660278320312,92.77320098876953,92.80999755859375,323812
2024-01-04 19:30:00,92.81999969482422,92.97000122070312,92.69000244140625,92.91000366210938,439097
2024-01-04 20:30:00,92.91000366210938,93.01499938964844,92.75,92.77999877929688,999010
2024-01-05 14:30:00,92.6500015258789,93.22000122070312,92.3499984741211,92.66000366210938,567423
2024-01-05 15:30:00,92.6500015258789,92.6500015258789,92.19999694824219,92.45999908447266,261022
2024-01-05 16:30:00,92.44999694824219,92.49500274658203,92.08499908447266,92.0999984741211,262420
2024-01-05 17:30:00,92.11000061035156,92.23999786376953,91.91000366210938,92.08000183105469,608748
2024-01-05 18:30:00,92.08999633789062,92.13500213623047,91.81999969482422,91.94999694824219,275429
2024-01-05 19:30:00,91.94000244140625,91.95999908447266,91.62000274658203,91.7699966430664,362221
2024-01-05 20:30:00,91.76000213623047,91.875,91.55999755859375,91.70999908447266,672827
2024-01-08 14:30:00,91.58999633789062,92.58000183105469,91.58999633789062,92.0,588279
2024-01-08 15:30:00,92.0,92.16999816894531,91.87010192871094,92.0999984741211,410975
2024-01-08 16:30:00,92.09500122070312,92.2300033569336,91.76000213623047,91.76000213623047,356326
2024-01-08 17:30:00,91.76909637451172,92.0999984741211,91.7300033569336,91.95999908447266,266078
2024-01-08 18:30:00,91.95999908447266,92.41339874267578,91.91000366210938,92.375,388912
2024-01-08 19:30:00,92.375,92.73999786376953,92.375,92.58999633789062,560347
2024-01-08 20:30:00,92.5999984741211,92.94999694824219,92.58000183105469,92.83999633789062,820166
2024-01-09 14:30:00,92.5,92.69999694824219,92.19999694824219,92.62999725341797,392363
2024-01-09 15:30:00,92.62000274658203,92.83499908447266,92.59500122070312,92.83000183105469,370556
2024-01-09 16:30:00,92.83999633789062,93.12000274658203,92.80999755859375,93.11499786376953,281426
2024-01-09 17:30:00,93.12000274658203,93.12999725341797,92.73500061035156,92.81999969482422,291342
2024-01-09 18:30:00,92.80000305175781,92.98999786376953,92.70999908447266,92.94999694824219,334350
2024-01-09 19:30:00,92.94999694824219,93.20500183105469,92.8949966430664,93.11499786376953,351204
2024-01-09 20:30:00,93.12000274658203,93.19499969482422,92.93499755859375,93.08000183105469,632993
2024-01-10 14:30:00,93.08000183105469,94.12000274658203,93.08000183105469,93.87999725341797,644307
2024-01-10 15:30:00,93.87000274658203,94.0199966430664,93.70999908447266,93.80000305175781,325924
2024-01-10 16:30:00,93.78299713134766,94.0250015258789,93.69650268554688,93.98500061035156,252101
2024-01-10 17:30:00,93.9800033569336,94.01499938964844,93.81999969482422,93.88500213623047,324109
2024-01-10 18:30:00,93.88999938964844,94.30000305175781,93.88999938964844,94.26000213623047,377374
2024-01-10 19:30:00,94.2699966430664,94.45500183105469,94.19000244140625,94.29000091552734,457137
2024-01-10 20:30:00,94.28500366210938,94.29000091552734,93.9800033569336,94.12000274658203,826169
2024-01-11 14:30:00,94.33999633789062,94.38999938964844,93.91000366210938,94.1500015258789,658141
2024-01-11 15:30:00,94.1500015258789,94.3499984741211,94.05000305175781,94.20500183105469,344892
2024-01-11 16:30:00,94.19999694824219,94.4000015258789,94.1449966430664,94.17500305175781,446064
2024-01-11 17:30:00,94.18000030517578,94.4800033569336,94.16500091552734,94.46499633789062,268826
2024-01-11 18:30:00,94.47000122070312,94.72000122070312,94.4009017944336,94.69499969482422,322410
2024-01-11 19:30:00,94.69999694824219,94.94999694824219,94.66000366210938,94.91000366210938,403940
2024-01-11 20:30:00,94.91000366210938,95.33999633789062,94.87000274658203,95.26000213623047,953699
2024-01-12 14:30:00,95.6500015258789,95.6500015258789,94.9800033569336,95.05000305175781,481361
2024-01-12 15:30:00,95.05000305175781,95.19999694824219,94.88500213623047,95.04000091552734,290306
2024-01-12 16:30:00,95.05999755859375,95.30000305175781,94.95999908447266,95.11000061035156,261763
2024-01-12 17:30:00,95.11029815673828,95.31500244140625,95.08000183105469,95.19999694824219,182317
2024-01-12 18:30:00,95.22000122070312,95.26499938964844,94.98999786376953,95.08999633789062,216860
2024-01-12 19:30:00,95.0999984741211,95.1050033569336,94.80000305175781,94.94499969482422,313980
2024-01-12 20:30:00,94.94010162353516,95.16950225830078,94.91999816894531,95.02999877929688,401254
2024-01-16 14:30:00,95.4220962524414,95.81900024414062,95.08000183105469,95.52999877929688,750635
2024-01-16 15:30:00,95.54000091552734,95.77999877929688,95.38999938964844,95.66000366210938,481640
2024-01-16 16:30:00,95.6500015258789,95.73310089111328,95.23999786376953,95.43000030517578,445755
2024-01-16 17:30:00,95.42500305175781,95.75,95.4000015258789,95.70500183105469,340161
2024-01-16 18:30:00,95.70500183105469,95.70999908447266,95.28150177001953,95.33000183105469,428138
2024-01-16 19:30:00,95.33000183105469,95.67990112304688,95.30999755859375,95.54000091552734,503649
2024-01-16 20:30:00,95.53500366210938,95.91999816894531,95.4800033569336,95.87000274658203,827561
2024-01-17 14:30:00,95.43000030517578,95.58999633789062,94.7300033569336,94.93000030517578,775725
2024-01-17 15:30:00,94.93000030517578,95.17500305175781,94.81749725341797,95.05999755859375,516154
2024-01-17 16:30:00,95.05650329589844,95.2300033569336,94.87999725341797,94.87999725341797,404371
2024-01-17 17:30:00,94.87000274658203,95.02999877929688,94.55000305175781,94.56999969482422,440200
2024-01-17 18:30:00,94.55000305175781,94.62000274658203,94.31500244140625,94.38500213623047,426031
2024-01-17 19:30:00,94.38999938964844,94.69499969482422,94.38999938964844,94.43499755859375,553941
2024-01-17 20:30:00,94.44000244140625,94.58499908447266,94.30999755859375,94.37999725341797,936975
2024-01-18 14:30:00,94.30999755859375,94.69000244140625,94.05999755859375,94.51000213623047,618322
2024-01-18 15:30:00,94.5199966430664,94.63999938964844,94.13500213623047,94.43000030517578,454315
2024-01-18 16:30:00,94.44000244140625,94.58000183105469,94.12999725341797,94.2300033569336,358574
2024-01-18 17:30:00,94.23500061035156,94.37999725341797,94.0999984741211,94.33499908447266,343867
2024-01-18 18:30:00,94.33499908447266,94.7300033569336,94.33499908447266,94.69499969482422,308616
2024-01-18 19:30:00,94.69999694824219,94.91000366210938,94.55500030517578,94.91000366210938,483691
2024-01-18 20:30:00,94.91000366210938,94.9800033569336,94.7300033569336,94.73999786376953,762729
2024-01-19 14:30:00,95.16000366210938,95.33999633789062,94.2699966430664,94.72000122070312,765277
2024-01-19 15:30:00,94.71369934082031,95.12999725341797,94.56999969482422,95.11000061035156,380456
2024-01-19 16:30:00,95.0999984741211,95.2750015258789,95.05000305175781,95.1500015258789,454443
2024-01-19 17:30:00,95.1500015258789,95.45999908447266,95.0999984741211,95.36000061035156,280503
2024-01-19 18:30:00,95.37000274658203,95.66999816894531,95.33000183105469,95.55999755859375,254788
2024-01-19 19:30:00,95.56999969482422,95.59989929199219,95.29499816894531,95.30999755859375,324691
2024-01-19 20:30:00,95.29499816894531,95.52999877929688,95.24500274658203,95.5,558915
2024-01-22 14:30:00,95.5199966430664,95.6500015258789,94.9000015258789,95.33999633789062,526071
2024-01-22 15:30:00,95.36000061035156,95.48999786376953,95.0999984741211,95.37000274658203,349635
2024-01-22 16:30:00,95.36000061035156,95.48999786376953,95.30500030517578,95.41000366210938,267284
2024-01-22 17:30:00,95.41500091552734,95.43499755859375,95.01499938964844,95.0250015258789,354020
2024-01-22 18:30:00,95.0199966430664,95.12999725341797,94.8499984741211,94.94000244140625,365912
2024-01-22 19:30:00,94.95500183105469,95.03500366210938,94.77999877929688,95.01000213623047,450797
2024-01-22 20:30:00,95.01000213623047,95.12999725341797,94.91000366210938,95.12000274658203,668033
2024-01-23 14:30:00,95.1500015258789,95.58999633789062,95.1500015258789,95.51000213623047,364113
2024-01-23 15:30:00,95.51000213623047,95.65989685058594,95.08000183105469,95.13999938964844,448930
2024-01-23 16:30:00,95.13999938964844,95.20999908447266,94.98999786376953,95.16500091552734,309411
2024-01-23 17:30:00,95.16000366210938,95.18499755859375,94.9800033569336,95.05000305175781,235942
2024-01-23 18:30:00,95.05999755859375,95.2699966430664,95.02999877929688,95.05999755859375,294802
2024-01-23 19:30:00,95.07499694824219,95.23799896240234,95.0250015258789,95.23500061035156,429059
2024-01-23 20:30:00,95.2300033569336,95.23500061035156,95.05000305175781,95.05999755859375,476072
2024-01-24 14:30:00,95.2300033569336,95.40499877929688,95.01000213623047,95.19999694824219,450106
2024-01-24 15:30:00,95.18000030517578,95.52999877929688,95.06500244140625,95.38999938964844,365897
2024-01-24 16:30:00,95.38500213623047,95.6050033569336,95.31999969482422,95.53990173339844,216226
2024-01-24 17:30:00,95.53500366210938,95.63500213623047,95.37999725341797,95.44999694824219,331354
2024-01-24 18:30:00,95.44999694824219,95.50920104980469,95.2699966430664,95.30000305175781,310130
2024-01-24 19:30:00,95.29000091552734,95.38999938964844,95.08999633789062,95.19999694824219,447199
2024-01-24 20:30:00,95.19999694824219,95.30500030517578,94.88999938964844,94.95500183105469,525041
2024-01-25 14:30:00,95.36000061035156,95.91000366210938,95.2300033569336,95.45999908447266,499314
2024-01-25 15:30:00,95.46430206298828,95.5,95.13999938964844,95.3499984741211,377702
2024-01-25 16:30:00,95.3499984741211,95.5199966430664,95.2699966430664,95.37000274658203,301611
2024-01-25 17:30:00,95.36499786376953,95.37000274658203,95.15499877929688,95.17500305175781,288199
2024-01-25 18:30:00,95.17500305175781,95.31999969482422,95.04000091552734,95.29000091552734,342936
2024-01-25 19:30:00,95.30000305175781,95.4800033569336,95.28500366210938,95.43000030517578,393267
2024-01-25 20:30:00,95.42500305175781,95.55999755859375,95.40499877929688,95.52999877929688,735459
2024-01-26 14:30:00,95.69000244140625,96.22000122070312,95.54000091552734,95.73999786376953,595962
2024-01-26 15:30:00,95.75,96.08999633789062,95.61750030517578,96.08999633789062,622321
2024-01-26 16:30:00,96.08999633789062,96.25499725341797,96.08000183105469,96.12999725341797,278770
2024-01-26 17:30:00,96.13500213623047,96.16500091552734,96.01000213623047,96.0999984741211,221998
2024-01-26 18:30:00,96.11000061035156,96.23999786376953,95.95999908447266,96.23999786376953,294577
2024-01-26 19:30:00,96.23999786376953,96.375,96.16999816894531,96.375,385609
2024-01-26 20:30:00,96.36499786376953,96.44999694824219,96.20999908447266,96.37000274658203,738793
2024-01-29 14:30:00,96.37999725341797,96.8499984741211,95.7699966430664,95.7699966430664,519103
2024-01-29 15:30:00,95.7699966430664,96.0,95.62999725341797,95.98999786376953,338990
2024-01-29 16:30:00,95.9800033569336,96.03500366210938,95.80999755859375,95.94989776611328,293232
2024-01-29 17:30:00,95.94989776611328,96.01000213623047,95.83999633789062,95.98999786376953,242835
2024-01-29 18:30:00,96.01000213623047,96.01439666748047,95.79000091552734,95.99500274658203,251081
2024-01-29 19:30:00,95.99500274658203,96.375,95.97000122070312,96.25,405543
2024-01-29 20:30:00,96.26000213623047,96.47000122070312,96.19000244140625,96.41000366210938,580113
2024-01-30 14:30:00,96.16000366210938,96.29499816894531,95.62000274658203,96.0,512684
2024-01-30 15:30:00,96.0,96.11000061035156,95.81999969482422,96.01499938964844,510512
2024-01-30 16:30:00,96.01499938964844,96.62000274658203,96.01499938964844,96.55500030517578,359473
2024-01-30 17:30:00,96.55000305175781,96.58499908447266,96.33000183105469,96.37750244140625,311508
2024-01-30 18:30:00,96.375,96.66999816894531,96.36000061035156,96.66549682617188,298226
2024-01-30 19:30:00,96.66500091552734,96.75,96.56500244140625,96.6500015258789,363956
2024-01-30 20:30:00,96.6449966430664,96.8499984741211,96.5250015258789,96.83000183105469,630934
2024-01-31 14:30:00,97.0,97.0,96.00499725341797,96.29000091552734,590292
2024-01-31 15:30:00,96.29000091552734,96.30979919433594,95.95999908447266,95.97000122070312,369401
2024-01-31 16:30:00,95.9800033569336,96.0,95.70500183105469,95.81999969482422,334272
2024-01-31 17:30:00,95.80999755859375,95.81999969482422,95.44999694824219,95.54499816894531,333640
2024-01-31 18:30:00,95.54299926757812,95.66999816894531,95.30000305175781,95.43000030517578,387221
2024-01-31 19:30:00,95.44000244140625,95.5999984741211,94.66000366210938,94.93000030517578,735179
2024-01-31 20:30:00,94.91999816894531,95.03500366210938,94.7300033569336,94.91000366210938,797862
2024-02-01 14:30:00,95.44999694824219,95.70999908447266,94.94999694824219,95.56999969482422,543288
2024-02-01 15:30:00,95.55999755859375,95.70999908447266,95.33000183105469,95.70999908447266,380050
2024-02-01 16:30:00,95.70999908447266,96.05000305175781,95.70500183105469,95.86499786376953,410079
2024-02-01 17:30:00,95.86499786376953,96.41999816894531,95.77999877929688,96.27999877929688,397794
2024-02-01 18:30:00,96.27999877929688,96.44000244140625,96.1449966430664,96.34500122070312,377440
2024-02-01 19:30:00,96.3499984741211,96.67500305175781,96.30500030517578,96.62999725341797,409162
2024-02-01 20:30:00,96.63500213623047,97.08000183105469,96.63500213623047,97.05999755859375,814690
2024-02-02 14:30:00,96.94000244140625,96.94999694824219,96.31999969482422,96.33999633789062,552199
2024-02-02 15:30:00,96.34500122070312,97.0999984741211,96.25,97.06999969482422,479135
2024-02-02 16:30:00,97.08000183105469,97.36000061035156,97.05000305175781,97.34300231933594,274995
2024-02-02 17:30:00,97.3499984741211,97.6780014038086,97.11000061035156,97.66000366210938,319479
2024-02-02 18:30:00,97.66000366210938,97.91999816894531,97.62000274658203,97.88500213623047,337368
2024-02-02 19:30:00,97.88999938964844,98.05000305175781,97.80000305175781,97.95999908447266,363379
2024-02-02 20:30:00,97.95999908447266,97.97000122070312,97.43000030517578,97.5199966430664,647558
2024-02-05 14:30:00,96.5,96.66999816894531,95.16000366210938,95.33000183105469,841428
2024-02-05 15:30:00,95.33000183105469,95.62999725341797,95.2699966430664,95.43000030517578,493327
2024-02-05 16:30:00,95.44999694824219,95.53829956054688,95.2300033569336,95.5250015258789,455988
2024-02-05 17:30:00,95.54000091552734,95.8499984741211,95.54000091552734,95.78500366210938,243228
2024-02-05 18:30:00,95.7699966430664,96.23999786376953,95.75,96.23999786376953,265951
2024-02-05 19:30:00,96.23999786376953,96.69000244140625,96.23500061035156,96.66500091552734,384738
2024-02-05 20:30:00,96.66500091552734,96.73999786376953,96.4000015258789,96.6500015258789,989275
2024-02-06 14:30:00,96.5,96.76000213623047,96.03500366210938,96.6449966430664,715808
2024-02-06 15:30:00,96.63999938964844,97.1500015258789,96.61000061035156,97.05000305175781,418320
2024-02-06 16:30:00,97.05000305175781,97.16999816894531,96.94000244140625,97.05999755859375,374552
2024-02-06 17:30:00,97.06999969482422,97.22989654541016,97.04000091552734,97.11000061035156,435382
2024-02-06 18:30:00,97.11000061035156,97.12000274658203,96.75499725341797,96.76000213623047,293049
2024-02-06 19:30:00,96.75499725341797,97.11000061035156,96.72000122070312,97.03500366210938,549717
2024-02-06 20:30:00,97.03500366210938,97.16500091552734,96.83000183105469,97.11000061035156,660848
2024-02-07 14:30:00,97.54000091552734,98.0999984741211,97.4000015258789,98.05000305175781,794360
2024-02-07 15:30:00,98.05000305175781,98.29000091552734,97.8550033569336,97.98999786376953,451714
2024-02-07 16:30:00,98.0,98.16999816894531,97.95500183105469,98.01499938964844,342370
2024-02-07 17:30:00,98.01000213623047,98.18000030517578,97.94999694824219,98.04000091552734,303302
2024-02-07 18:30:00,98.05000305175781,98.08000183105469,97.80999755859375,97.88999938964844,385917
2024-02-07 19:30:00,97.88500213623047,97.91999816894531,97.76000213623047,97.85269927978516,435462
2024-02-07 20:30:00,97.8499984741211,97.95790100097656,97.70999908447266,97.80000305175781,698575
2024-02-08 14:30:00,98.5,99.44999694824219,98.4800033569336,99.20999908447266,2214995
2024-02-08 15:30:00,99.22000122070312,99.22000122070312,98.47000122070312,98.5,418581
2024-02-08 16:30:00,98.5,98.58000183105469,98.23500061035156,98.29499816894531,484291
2024-02-08 17:30:00,98.28500366210938,98.69000244140625,98.25,98.67469787597656,478118
2024-02-08 18:30:00,98.68000030517578,98.72000122070312,98.44000244140625,98.5250015258789,432298
2024-02-08 19:30:00,98.5250015258789,98.62999725341797,98.40499877929688,98.42500305175781,484033
2024-02-08 20:30:00,98.41999816894531,98.44000244140625,98.12999725341797,98.29000091552734,919039
2024-02-09 14:30:00,98.23999786376953,98.7699966430664,98.01000213623047,98.41000366210938,425244
2024-02-09 15:30:00,98.41999816894531,98.63999938964844,98.41999816894531,98.5999984741211,324471
2024-02-09 16:30:00,98.61000061035156,98.94999694824219,98.55999755859375,98.91999816894531,415984
2024-02-09 17:30:00,98.91999816894531,98.97000122070312,98.78500366210938,98.86499786376953,263571
2024-02-09 18:30:00,98.87000274658203,98.99009704589844,98.68000030517578,98.9800033569336,272221
2024-02-09 19:30:00,98.98500061035156,99.06999969482422,98.80500030517578,98.81109619140625,435100
2024-02-09 20:30:00,98.80500030517578,98.91500091552734,98.66999816894531,98.7300033569336,676660
2024-02-12 14:30:00,98.66000366210938,98.86000061035156,97.8499984741211,98.1500015258789,509323
2024-02-12 15:30:00,98.16000366210938,98.38999938964844,98.01499938964844,98.36000061035156,334001
2024-02-12 16:30:00,98.37999725341797,98.5,98.02999877929688,98.05999755859375,300781
2024-02-12 17:30:00,98.05500030517578,98.08999633789062,97.87000274658203,97.90499877929688,296075
2024-02-12 18:30:00,97.9000015258789,98.08000183105469,97.77999877929688,98.0374984741211,369119
2024-02-12 19:30:00,98.0199966430664,98.12000274658203,97.88999938964844,97.94000244140625,402415
2024-02-12 20:30:00,97.92500305175781,98.12000274658203,97.78500366210938,98.0999984741211,787642
2024-02-13 14:30:00,97.18000030517578,97.7699966430664,97.13500213623047,97.76000213623047,527571
2024-02-13 15:30:00,97.7699966430664,97.95999908447266,97.63999938964844,97.87999725341797,379885
2024-02-13 16:30:00,97.87999725341797,98.0199966430664,97.76499938964844,97.9198989868164,297954
2024-02-13 17:30:00,97.91000366210938,97.9749984741211,97.77999877929688,97.83999633789062,179479
2024-02-13 18:30:00,97.83000183105469,97.87000274658203,97.47000122070312,97.48500061035156,259287
2024-02-13 19:30:00,97.4811019897461,97.70999908447266,97.40499877929688,97.48999786376953,311458
2024-02-13 20:30:00,97.48500061035156,98.03500366210938,97.4800033569336,97.93000030517578,595358
2024-02-14 14:30:00,97.91000366210938,98.22000122070312,97.0,97.12000274658203,429334
2024-02-14 15:30:00,97.12999725341797,97.33000183105469,96.84500122070312,97.23999786376953,335494
2024-02-14 16:30:00,97.2499008178711,97.2499008178711,96.86000061035156,96.9800033569336,263686
2024-02-14 17:30:00,96.98500061035156,97.1050033569336,96.83000183105469,96.87000274658203,299651
2024-02-14 18:30:00,96.86499786376953,97.02999877929688,96.6500015258789,96.88999938964844,323744
2024-02-14 19:30:00,96.9000015258789,97.20999908447266,96.9000015258789,97.18499755859375,479558
2024-02-14 20:30:00,97.18499755859375,97.2699966430664,97.08499908447266,97.16000366210938,966439
2024-02-15 14:30:00,97.41999816894531,97.88999938964844,97.20500183105469,97.66999816894531,500014
2024-02-15 15:30:00,97.66000366210938,97.81999969482422,97.48999786376953,97.55999755859375,376860
2024-02-15 16:30:00,97.55999755859375,97.83999633789062,97.54000091552734,97.57499694824219,454209
2024-02-15 17:30:00,97.58000183105469,98.03500366210938,97.51000213623047,97.91999816894531,457185
2024-02-15 18:30:00,97.93000030517578,98.27999877929688,97.7699966430664,98.16999816894531,444629
2024-02-15 19:30:00,98.16999816894531,98.27749633789062,98.04499816894531,98.15499877929688,501287
2024-02-15 20:30:00,98.15499877929688,98.33000183105469,97.91000366210938,97.93000030517578,974458
2024-02-16 14:30:00,97.98999786376953,98.27999877929688,97.04000091552734,98.04499816894531,1117833
2024-02-16 15:30:00,98.04000091552734,98.17500305175781,97.94999694824219,98.05000305175781,320416
2024-02-16 16:30:00,98.05000305175781,98.37999725341797,98.01000213623047,98.30500030517578,215419
2024-02-16 17:30:00,98.30999755859375,98.31999969482422,98.04000091552734,98.22000122070312,261857
2024-02-16 18:30:00,98.21499633789062,98.4800033569336,98.21499633789062,98.47250366210938,295375
2024-02-16 19:30:00,98.4749984741211,98.48999786376953,98.11000061035156,98.31500244140625,253193
2024-02-16 20:30:00,98.31999969482422,98.3550033569336,97.87999725341797,98.05000305175781,460315
2024-02-20 14:30:00,97.80999755859375,98.41000366210938,97.6500015258789,98.34500122070312,528270
2024-02-20 15:30:00,98.3499984741211,98.3499984741211,98.08000183105469,98.12000274658203,437039
2024-02-20 16:30:00,98.12000274658203,98.12000274658203,97.56999969482422,97.5999984741211,296578
2024-02-20 17:30:00,97.58999633789062,97.68000030517578,97.37999725341797,97.41000366210938,275671
2024-02-20 18:30:00,97.41999816894531,97.6050033569336,97.33499908447266,97.58999633789062,284504
2024-02-20 19:30:00,97.58499908447266,97.72000122070312,97.4800033569336,97.62999725341797,324437
2024-02-20 20:30:00,97.63999938964844,97.65499877929688,97.2699966430664,97.37999725341797,881600
2024-02-21 14:30:00,97.69000244140625,98.16999816894531,97.11000061035156,98.09500122070312,589156
2024-02-21 15:30:00,98.08999633789062,98.32499694824219,97.91999816894531,98.06500244140625,371758
2024-02-21 16:30:00,98.05999755859375,98.16999816894531,97.91000366210938,98.08000183105469,292429
2024-02-21 17:30:00,98.08000183105469,98.37999725341797,98.00599670410156,98.28500366210938,334149
2024-02-21 18:30:00,98.29000091552734,98.41999816894531,98.01399993896484,98.05999755859375,309806
2024-02-21 19:30:00,98.05999755859375,98.06999969482422,97.71499633789062,97.76499938964844,356039
2024-02-21 20:30:00,97.7699966430664,98.18000030517578,97.7699966430664,98.16999816894531,808650
2024-02-22 14:30:00,98.7699966430664,99.0,98.3499984741211,98.87999725341797,916664
2024-02-22 15:30:00,98.86000061035156,99.00499725341797,98.69499969482422,98.78500366210938,311734
2024-02-22 16:30:00,98.79000091552734,98.87999725341797,98.58000183105469,98.63500213623047,332371
2024-02-22 17:30:00,98.6449966430664,98.9000015258789,98.59500122070312,98.83000183105469,498508
2024-02-22 18:30:00,98.83000183105469,99.11000061035156,98.70999908447266,99.04000091552734,511775
2024-02-22 19:30:00,99.06649780273438,99.06999969482422,98.73500061035156,98.86000061035156,514499
2024-02-22 20:30:00,98.87000274658203,99.12999725341797,98.83999633789062,99.04000091552734,942683
2024-02-23 14:30:00,99.16999816894531,99.5999984741211,98.91500091552734,99.54000091552734,704424
2024-02-23 15:30:00,99.55000305175781,99.63999938964844,99.04000091552734,99.18000030517578,448992
2024-02-23 16:30:00,99.18000030517578,99.26000213623047,99.05000305175781,99.08000183105469,467150
2024-02-23 17:30:00,99.06500244140625,99.16999816894531,98.98999786376953,99.13500213623047,372963
2024-02-23 18:30:00,99.13459777832031,99.2300033569336,98.76000213623047,98.83499908447266,373403
2024-02-23 19:30:00,98.83999633789062,99.34500122070312,98.83999633789062,99.25,453379
2024-02-23 20:30:00,99.26000213623047,99.51499938964844,99.25,99.36000061035156,727952
2024-02-26 14:30:00,99.51000213623047,99.69000244140625,98.875,98.94999694824219,808241
2024-02-26 15:30:00,98.95500183105469,99.0199966430664,98.61000061035156,98.79000091552734,534595
2024-02-26 16:30:00,98.79000091552734,99.04000091552734,98.7699966430664,98.87999725341797,474696
2024-02-26 17:30:00,98.88999938964844,98.91500091552734,98.56999969482422,98.58499908447266,389605
2024-02-26 18:30:00,98.58000183105469,98.79989624023438,98.43000030517578,98.70999908447266,443386
2024-02-26 19:30:00,98.70999908447266,99.04000091552734,98.66500091552734,99.02999877929688,467981
2024-02-26 20:30:00,99.03500366210938,99.23999786376953,99.00499725341797,99.23999786376953,741446
2024-02-27 14:30:00,99.13999938964844,100.16999816894531,99.0199966430664,100.1500015258789,723515
2024-02-27 15:30:00,100.14009857177734,100.2490005493164,99.77999877929688,99.93000030517578,441423
2024-02-27 16:30:00,99.91999816894531,100.12999725341797,99.91000366210938,100.02999877929688,353344
2024-02-27 17:30:00,100.02999877929688,100.30000305175781,99.98999786376953,100.25499725341797,496242
2024-02-27 18:30:00,100.25,100.3949966430664,100.03500366210938,100.06500244140625,634555
2024-02-27 19:30:00,100.06169891357422,100.55000305175781,100.0,100.47000122070312,687490
2024-02-27 20:30:00,100.47000122070312,100.73999786376953,100.38999938964844,100.56999969482422,1260369
2024-02-28 14:30:00,100.87999725341797,102.7699966430664,99.97000122070312,101.19999694824219,1964645
2024-02-28 15:30:00,101.18000030517578,101.76499938964844,100.31999969482422,100.33999633789062,886043
2024-02-28 16:30:00,100.37000274658203,102.83999633789062,100.25,100.9000015258789,720047
2024-02-28 17:30:00,100.90989685058594,101.11000061035156,100.69999694824219,101.11000061035156,388421
2024-02-28 18:30:00,101.12000274658203,101.54000091552734,101.0999984741211,101.46499633789062,490347
2024-02-28 19:30:00,101.47000122070312,101.63999938964844,101.33000183105469,101.52999877929688,658847
2024-02-28 20:30:00,101.52999877929688,101.52999877929688,101.08000183105469,101.0999984741211,1370854
2024-02-29 14:30:00,100.04000091552734,100.16000366210938,98.8499984741211,99.63999938964844,1695294
2024-02-29 15:30:00,99.62999725341797,99.8550033569336,99.18499755859375,99.3499984741211,608381
2024-02-29 16:30:00,99.36499786376953,99.55999755859375,98.91000366210938,98.94000244140625,595940
2024-02-29 17:30:00,98.95999908447266,99.12000274658203,98.88999938964844,98.99009704589844,448157
2024-02-29 18:30:00,98.98999786376953,99.08000183105469,98.56999969482422,98.62000274658203,615940
2024-02-29 19:30:00,98.62000274658203,99.00499725341797,98.58000183105469,98.95500183105469,659568
2024-02-29 20:30:00,98.95500183105469,99.43000030517578,98.87999725341797,99.08000183105469,1720867
2024-03-01 14:30:00,99.37999725341797,99.55999755859375,98.47000122070312,98.68499755859375,996354
2024-03-01 15:30:00,98.68000030517578,99.05500030517578,98.22000122070312,98.2343978881836,693964
2024-03-01 16:30:00,98.22000122070312,98.38999938964844,97.91000366210938,98.30999755859375,826341
2024-03-01 17:30:00,98.30879974365234,98.74500274658203,97.98999786376953,98.4000015258789,633599
2024-03-01 18:30:00,98.38999938964844,98.70999908447266,98.30000305175781,98.69000244140625,681284
2024-03-01 19:30:00,98.69000244140625,98.73999786376953,98.43499755859375,98.55999755859375,491839
2024-03-01 20:30:00,98.56500244140625,98.70999908447266,98.44999694824219,98.4800033569336,1867300
2024-03-04 14:30:00,98.16000366210938,98.5999984741211,97.86000061035156,98.02999877929688,637833
2024-03-04 15:30:00,98.02999877929688,98.18000030517578,97.7699966430664,98.11499786376953,702030
2024-03-04 16:30:00,98.12000274658203,98.45500183105469,98.08999633789062,98.26000213623047,527986
2024-03-04 17:30:00,98.2750015258789,98.48500061035156,98.2699966430664,98.47000122070312,371650
2024-03-04 18:30:00,98.45999908447266,98.55000305175781,98.31099700927734,98.43499755859375,327617
2024-03-04 19:30:00,98.43499755859375,98.58499908447266,98.33999633789062,98.3947982788086,685416
2024-03-04 20:30:00,98.3916015625,98.40499877929688,97.94000244140625,97.94000244140625,1107678
2024-03-05 14:30:00,97.69999694824219,98.36000061035156,97.52999877929688,98.24500274658203,779497
2024-03-05 15:30:00,98.23999786376953,98.38999938964844,98.12000274658203,98.19000244140625,401127
2024-03-05 16:30:00,98.19999694824219,98.29000091552734,97.94000244140625,98.11000061035156,558711
2024-03-05 17:30:00,98.11000061035156,98.22000122070312,97.9749984741211,98.0999984741211,329389
2024-03-05 18:30:00,98.0999984741211,98.20999908447266,97.91999816894531,98.01000213623047,668542
2024-03-05 19:30:00,98.01000213623047,98.01000213623047,97.45999908447266,97.51000213623047,627732
2024-03-05 20:30:00,97.5250015258789,97.5999984741211,97.29000091552734,97.36000061035156,1270283
2024-03-06 14:30:00,97.25,97.66999816894531,96.5199966430664,97.16999816894531,990696
2024-03-06 15:30:00,97.16500091552734,97.61000061035156,97.16000366210938,97.44000244140625,678661
2024-03-06 16:30:00,97.44000244140625,97.51000213623047,97.05999755859375,97.1500015258789,654840
2024-03-06 17:30:00,97.1500015258789,97.32499694824219,96.71499633789062,96.95500183105469,385716
2024-03-06 18:30:00,96.94499969482422,96.94499969482422,96.22000122070312,96.51000213623047,681492
2024-03-06 19:30:00,96.50499725341797,96.62999725341797,96.38999938964844,96.55000305175781,647562
2024-03-06 20:30:00,96.55000305175781,96.58999633789062,96.36000061035156,96.4000015258789,1351998
2024-03-07 14:30:00,96.94999694824219,97.54000091552734,95.94999694824219,96.01499938964844,978032
2024-03-07 15:30:00,96.02999877929688,96.26000213623047,95.80000305175781,95.93000030517578,1233213
2024-03-07 16:30:00,95.91999816894531,96.08999633789062,95.82499694824219,95.83999633789062,530261
2024-03-07 17:30:00,95.83499908447266,95.94000244140625,95.72000122070312,95.82499694824219,570070
2024-03-07 18:30:00,95.83000183105469,96.1500015258789,95.62000274658203,96.0199966430664,616204
2024-03-07 19:30:00,96.0199966430664,96.04000091552734,95.66999816894531,95.70999908447266,491741
2024-03-07 20:30:00,95.71499633789062,95.93000030517578,95.66999816894531,95.75499725341797,1307601
2024-03-08 14:30:00,95.86000061035156,96.63999938964844,95.83000183105469,95.98999786376953,771713
2024-03-08 15:30:00,96.0,96.47000122070312,95.91000366210938,96.4000015258789,581835
2024-03-08 16:30:00,96.4000015258789,96.59500122070312,96.11000061035156,96.28500366210938,745408
2024-03-08 17:30:00,96.29000091552734,96.37999725341797,96.06999969482422,96.2300033569336,356182
2024-03-08 18:30:00,96.22000122070312,96.56999969482422,96.11499786376953,96.55500030517578,472243
2024-03-08 19:30:00,96.55999755859375,96.5999984741211,95.95999908447266,95.97000122070312,512886
2024-03-08 20:30:00,95.95999908447266,96.0199966430664,95.88999938964844,95.91000366210938,838373
2024-03-11 13:30:00,96.33000183105469,96.83000183105469,95.7300033569336,95.77999877929688,675710
2024-03-11 14:30:00,95.80000305175781,96.16999816894531,95.55999755859375,96.08999633789062,414899
2024-03-11 15:30:00,96.08000183105469,96.26000213623047,95.95999908447266,96.16500091552734,312691
2024-03-11 16:30:00,96.16999816894531,96.30000305175781,96.11000061035156,96.27999877929688,348952
2024-03-11 17:30:00,96.27999877929688,96.56500244140625,96.27999877929688,96.54000091552734,405341
2024-03-11 18:30:00,96.54499816894531,96.63999938964844,96.45999908447266,96.5199966430664,441679
2024-03-11 19:30:00,96.51000213623047,96.55750274658203,96.28500366210938,96.44999694824219,891950
2024-03-12 13:30:00,96.47000122070312,97.0999984741211,96.26000213623047,97.05999755859375,473900
2024-03-12 14:30:00,97.06999969482422,97.06999969482422,96.70999908447266,96.83000183105469,564021
2024-03-12 15:30:00,96.83000183105469,97.01000213623047,96.81500244140625,96.95999908447266,309750
2024-03-12 16:30:00,96.97000122070312,97.0,96.82499694824219,96.97000122070312,326232
2024-03-12 17:30:00,96.96900177001953,97.26000213623047,96.95999908447266,97.26000213623047,328946
2024-03-12 18:30:00,97.26000213623047,97.44999694824219,97.13999938964844,97.3550033569336,418668
2024-03-12 19:30:00,97.3499984741211,97.3550033569336,97.13999938964844,97.22000122070312,793826
2024-03-13 13:30:00,97.33000183105469,97.80000305175781,97.16000366210938,97.74500274658203,412726
2024-03-13 14:30:00,97.73999786376953,97.87000274658203,97.48999786376953,97.84500122070312,397411
2024-03-13 15:30:00,97.84500122070312,97.98999786376953,97.7300033569336,97.87000274658203,342065
2024-03-13 16:30:00,97.87000274658203,98.0,97.73999786376953,97.96499633789062,244331
2024-03-13 17:30:00,97.96499633789062,98.08999633789062,97.84660339355469,97.87000274658203,392285
2024-03-13 18:30:00,97.87000274658203,97.93000030517578,97.47000122070312,97.5,453573
2024-03-13 19:30:00,97.5,98.0999984741211,97.48999786376953,98.06999969482422,803179
2024-03-14 13:30:00,98.5,98.5,97.68000030517578,97.69999694824219,716648
2024-03-14 14:30:00,97.69999694824219,98.02999877929688,97.69999694824219,97.95999908447266,439269
2024-03-14 15:30:00,97.9800033569336,98.47000122070312,97.94000244140625,98.45999908447266,400937
2024-03-14 16:30:00,98.47000122070312,98.48999786376953,98.08999633789062,98.30000305175781,471914
2024-03-14 17:30:00,98.30000305175781,98.44000244140625,98.19000244140625,98.41500091552734,495926
2024-03-14 18:30:00,98.41999816894531,98.61499786376953,98.30000305175781,98.4000015258789,784490
2024-03-14 19:30:00,98.3949966430664,98.6500015258789,98.22000122070312,98.63999938964844,955089
2024-03-15 13:30:00,98.31999969482422,98.62999725341797,97.75499725341797,97.80999755859375,1368471
2024-03-15 14:30:00,97.80999755859375,97.94000244140625,97.58999633789062,97.6500015258789,382750
2024-03-15 15:30:00,97.66000366210938,97.83000183105469,97.47000122070312,97.51280212402344,368774
2024-03-15 16:30:00,97.51000213623047,97.58999633789062,97.31999969482422,97.54000091552734,356512
2024-03-15 17:30:00,97.55000305175781,97.5999984741211,97.2750015258789,97.3646011352539,329264
2024-03-15 18:30:00,97.36000061035156,97.5,97.27999877929688,97.30999755859375,488728
2024-03-15 19:30:00,97.31999969482422,97.56999969482422,97.20999908447266,97.55000305175781,785359
2024-03-18 13:30:00,97.55000305175781,97.55000305175781,96.7699966430664,96.98999786376953,513898
2024-03-18 14:30:00,96.98999786376953,97.0999984741211,96.91999816894531,96.95999908447266,382825
2024-03-18 15:30:00,96.97000122070312,97.0999984741211,96.87999725341797,97.04039764404297,346795
2024-03-18 16:30:00,97.04000091552734,97.32610321044922,97.01499938964844,97.0999984741211,490820
2024-03-18 17:30:00,97.12000274658203,97.12000274658203,96.76000213623047,96.83000183105469,356412
2024-03-18 18:30:00,96.83999633789062,96.91000366210938,96.69999694824219,96.76000213623047,473282
2024-03-18 19:30:00,96.75499725341797,96.79000091552734,96.16000366210938,96.22000122070312,917178
2024-03-19 13:30:00,96.44999694824219,97.30999755859375,96.2750015258789,97.29000091552734,594015
2024-03-19 14:30:00,97.27999877929688,97.58000183105469,97.19999694824219,97.38500213623047,546371
2024-03-19 15:30:00,97.38500213623047,97.9800033569336,97.30000305175781,97.91999816894531,478599
2024-03-19 16:30:00,97.94000244140625,97.94999694824219,97.6500015258789,97.7300033569336,353031
2024-03-19 17:30:00,97.73500061035156,97.94000244140625,97.68000030517578,97.91999816894531,359056
2024-03-19 18:30:00,97.92500305175781,98.01000213623047,97.80000305175781,97.83999633789062,578163
2024-03-19 19:30:00,97.83999633789062,98.47000122070312,97.79000091552734,98.43000030517578,1186974
2024-03-20 13:30:00,98.4800033569336,98.5999984741211,97.7300033569336,97.95500183105469,524086
2024-03-20 14:30:00,97.94999694824219,98.0,97.7300033569336,97.97090148925781,383249
2024-03-20 15:30:00,97.97000122070312,98.16999816894531,97.875,98.0199966430664,359185
2024-03-20 16:30:00,98.0199966430664,98.0999984741211,97.8949966430664,97.93000030517578,263657
2024-03-20 17:30:00,97.91999816894531,98.38999938964844,97.83000183105469,98.30999755859375,428885
2024-03-20 18:30:00,98.31999969482422,98.41999816894531,98.12000274658203,98.30500030517578,449585
2024-03-20 19:30:00,98.30000305175781,98.87999725341797,98.22000122070312,98.86000061035156,1253943
2024-03-21 13:30:00,98.80000305175781,99.2300033569336,98.54000091552734,99.19000244140625,715793
2024-03-21 14:30:00,99.20999908447266,99.48999786376953,99.13999938964844,99.23999786376953,615464
2024-03-21 15:30:00,99.23999786376953,99.43000030517578,99.0999984741211,99.12999725341797,356272
2024-03-21 16:30:00,99.13999938964844,99.20999908447266,99.05999755859375,99.15499877929688,265767
2024-03-21 17:30:00,99.1500015258789,99.43000030517578,99.08000183105469,99.3550033569336,300732
2024-03-21 18:30:00,99.3550033569336,99.5999984741211,99.12999725341797,99.19999694824219,508781
2024-03-21 19:30:00,99.19000244140625,99.27999877929688,99.05000305175781,99.12999725341797,742472
2024-03-22 13:30:00,98.83000183105469,99.25,98.4800033569336,98.82630157470703,573902
2024-03-22 14:30:00,98.8499984741211,99.16000366210938,98.5199966430664,99.06500244140625,804729
2024-03-22 15:30:00,99.06999969482422,99.41000366210938,99.05000305175781,99.23999786376953,482644
2024-03-22 16:30:00,99.2300033569336,99.31999969482422,99.05999755859375,99.17500305175781,405211
2024-03-22 17:30:00,99.17500305175781,99.44999694824219,99.12999725341797,99.44249725341797,278011
2024-03-22 18:30:00,99.4457015991211,99.55500030517578,99.16000366210938,99.30500030517578,522048
2024-03-22 19:30:00,99.30500030517578,99.62999725341797,99.26000213623047,99.45999908447266,873789
2024-03-25 13:30:00,99.52999877929688,99.58999633789062,98.6500015258789,98.9800033569336,785635
2024-03-25 14:30:00,98.9800033569336,99.17990112304688,98.8949966430664,99.08000183105469,1055283
2024-03-25 15:30:00,99.08000183105469,99.32499694824219,99.06999969482422,99.19999694824219,679819
2024-03-25 16:30:00,99.19999694824219,99.21499633789062,98.91000366210938,98.98999786376953,662978
2024-03-25 17:30:00,98.98999786376953,98.99500274658203,98.7300033569336,98.87999725341797,922674
2024-03-25 18:30:00,98.87000274658203,99.00599670410156,98.6520004272461,98.66000366210938,696370
2024-03-25 19:30:00,98.66130065917969,98.66500091552734,98.13999938964844,98.16999816894531,895228
2024-03-26 13:30:00,98.25,99.12000274658203,98.20999908447266,99.0999984741211,638909
2024-03-26 14:30:00,99.08999633789062,99.08999633789062,98.79000091552734,98.94999694824219,549394
2024-03-26 15:30:00,98.94000244140625,99.25,98.80000305175781,99.19000244140625,430414
2024-03-26 16:30:00,99.19000244140625,99.30000305175781,99.09500122070312,99.26499938964844,267168
2024-03-26 17:30:00,99.26280212402344,99.30999755859375,99.04000091552734,99.30000305175781,474654
2024-03-26 18:30:00,99.2926025390625,99.37000274658203,99.16000366210938,99.25,454108
2024-03-26 19:30:00,99.25,99.38999938964844,99.11000061035156,99.31999969482422,878583
2024-03-27 13:30:00,100.08000183105469,101.61000061035156,100.08000183105469,101.27999877929688,955801
2024-03-27 14:30:00,101.27999877929688,101.3499984741211,101.0,101.0250015258789,728234
2024-03-27 15:30:00,101.0199966430664,101.06999969482422,100.62999725341797,100.70999908447266,516441
2024-03-27 16:30:00,100.7300033569336,101.02999877929688,100.55999755859375,101.01000213623047,352511
2024-03-27 17:30:00,101.0,101.05999755859375,100.8949966430664,100.97000122070312,304500
2024-03-27 18:30:00,100.9800033569336,101.08999633789062,100.82499694824219,101.02999877929688,457751
2024-03-27 19:30:00,101.02999877929688,101.26000213623047,101.01000213623047,101.0999984741211,991007
2024-03-28 13:30:00,101.22000122070312,102.0199966430664,100.88500213623047,101.73999786376953,371326
2024-03-28 14:30:00,101.73999786376953,101.94999694824219,101.58999633789062,101.87999725341797,429388
2024-03-28 15:30:00,101.87000274658203,102.03900146484375,101.66010284423828,101.69999694824219,347197
2024-03-28 16:30:00,101.70999908447266,101.72000122070312,101.29000091552734,101.33000183105469,299963
2024-03-28 17:30:00,101.31999969482422,101.43000030517578,101.28500366210938,101.375,385869
2024-03-28 18:30:00,101.37000274658203,101.56999969482422,101.2249984741211,101.55000305175781,389987
2024-03-28 19:30:00,101.55999755859375,101.57990264892578,101.2750015258789,101.36000061035156,797029
2024-04-01 13:30:00,101.05000305175781,101.16000366210938,100.37999725341797,100.38899993896484,412279
2024-04-01 14:30:00,100.38999938964844,100.55000305175781,100.30999755859375,100.44999694824219,326649
2024-04-01 15:30:00,100.44000244140625,100.44999694824219,99.8499984741211,99.93000030517578,402147
2024-04-01 16:30:00,99.94000244140625,100.0,99.79000091552734,99.81999969482422,275450
2024-04-01 17:30:00,99.81999969482422,99.82499694824219,99.41999816894531,99.5199966430664,317499
2024-04-01 18:30:00,99.5,99.625,99.37999725341797,99.41000366210938,474708
2024-04-01 19:30:00,99.4000015258789,99.81999969482422,99.36000061035156,99.69000244140625,775060
2024-04-02 13:30:00,99.37000274658203,99.5199966430664,98.91999816894531,99.15499877929688,553842
2024-04-02 14:30:00,99.13999938964844,99.19599914550781,98.69000244140625,98.70999908447266,297035
2024-04-02 15:30:00,98.72000122070312,98.94999694824219,98.58999633789062,98.70999908447266,298381
2024-04-02 16:30:00,98.72000122070312,99.18000030517578,98.68000030517578,99.1500015258789,300105
2024-04-02 17:30:00,99.1449966430664,99.36499786376953,99.12999725341797,99.29000091552734,281278
2024-04-02 18:30:00,99.29000091552734,99.44999694824219,99.20999908447266,99.2300033569336,385851
2024-04-02 19:30:00,99.2300033569336,99.4800033569336,99.12999725341797,99.45999908447266,876635
2024-04-03 13:30:00,99.41000366210938,99.70999908447266,98.77999877929688,98.9000015258789,540920
2024-04-03 14:30:00,98.9000015258789,99.11000061035156,98.79000091552734,98.94000244140625,255748
2024-04-03 15:30:00,98.93000030517578,98.94999694824219,98.1500015258789,98.37999725341797,363758
2024-04-03 16:30:00,98.37999725341797,98.4000015258789,98.08000183105469,98.08000183105469,293109
2024-04-03 17:30:00,98.08000183105469,98.168701171875,97.91999816894531,97.9800033569336,284834
2024-04-03 18:30:00,97.97000122070312,98.03980255126953,97.48999786376953,97.55500030517578,551805
2024-04-03 19:30:00,97.55500030517578,97.75,97.1500015258789,97.27999877929688,1430654
2024-04-04 13:30:00,97.86000061035156,98.25440216064453,97.02999877929688,97.16999816894531,555373
2024-04-04 14:30:00,97.16999816894531,97.2300033569336,96.87000274658203,96.91999816894531,433517
2024-04-04 15:30:00,96.93000030517578,96.94000244140625,96.52999877929688,96.58000183105469,478046
2024-04-04 16:30:00,96.58000183105469,96.71990203857422,96.41999816894531,96.58999633789062,365477
2024-04-04 17:30:00,96.58999633789062,96.69000244140625,96.11000061035156,96.11000061035156,562312
2024-04-04 18:30:00,96.0999984741211,96.0999984741211,95.73999786376953,95.78500366210938,548778
2024-04-04 19:30:00,95.79000091552734,96.0999984741211,95.57499694824219,95.76000213623047,1211279
2024-04-05 13:30:00,96.16000366210938,96.94499969482422,95.92500305175781,96.94499969482422,695088
2024-04-05 14:30:00,96.94000244140625,97.27999877929688,96.86499786376953,96.95999908447266,770973
2024-04-05 15:30:00,96.95999908447266,97.2300033569336,96.8499984741211,96.94000244140625,570703
2024-04-05 16:30:00,96.93000030517578,97.03500366210938,96.68000030517578,96.74500274658203,505732
2024-04-05 17:30:00,96.75,96.80500030517578,96.42009735107422,96.55000305175781,447431
2024-04-05 18:30:00,96.55999755859375,96.83000183105469,96.5,96.69999694824219,676152
2024-04-05 19:30:00,96.69499969482422,97.0999984741211,96.68000030517578,96.80999755859375,767851
2024-04-08 13:30:00,96.47000122070312,96.93000030517578,96.23999786376953,96.86000061035156,572569
2024-04-08 14:30:00,96.83999633789062,96.95999908447266,96.73999786376953,96.87999725341797,440973
2024-04-08 15:30:00,96.87000274658203,96.875,96.56999969482422,96.70999908447266,354558
2024-04-08 16:30:00,96.69999694824219,96.77999877929688,96.61000061035156,96.6500015258789,297319
2024-04-08 17:30:00,96.65299987792969,96.69249725341797,96.48999786376953,96.49500274658203,278332
2024-04-08 18:30:00,96.48999786376953,96.57499694824219,96.3499984741211,96.44999694824219,325275
2024-04-08 19:30:00,96.44999694824219,96.55000305175781,96.22000122070312,96.2300033569336,837386
2024-04-09 13:30:00,96.9800033569336,97.29000091552734,96.56999969482422,96.72000122070312,2526267
2024-04-09 14:30:00,96.69999694824219,96.83499908447266,96.30000305175781,96.83499908447266,2138884
2024-04-09 15:30:00,96.83999633789062,96.86000061035156,96.69000244140625,96.79000091552734,251940
2024-04-09 16:30:00,96.77999877929688,97.04499816894531,96.75,96.93000030517578,264063
2024-04-09 17:30:00,96.93000030517578,97.05999755859375,96.81999969482422,96.83999633789062,306414
2024-04-09 18:30:00,96.84950256347656,97.12000274658203,96.70999908447266,97.11000061035156,365077
2024-04-09 19:30:00,97.12000274658203,97.18000030517578,96.9000015258789,97.12000274658203,868968
2024-04-10 13:30:00,96.61000061035156,97.09500122070312,96.11000061035156,97.04000091552734,477647
2024-04-10 14:30:00,97.04499816894531,97.05999755859375,96.69000244140625,96.79000091552734,416464
2024-04-10 15:30:00,96.80999755859375,96.83000183105469,96.5199966430664,96.5999984741211,274984
2024-04-10 16:30:00,96.5999984741211,96.88999938964844,96.44000244140625,96.61000061035156,322064
2024-04-10 17:30:00,96.5999984741211,96.63999938964844,96.25,96.30000305175781,389381
2024-04-10 18:30:00,96.29499816894531,96.59120178222656,96.29000091552734,96.5,336785
2024-04-10 19:30:00,96.5,96.51000213623047,96.22000122070312,96.27999877929688,766644
2024-04-11 13:30:00,96.18000030517578,96.51000213623047,95.0,95.02999877929688,558367
2024-04-11 14:30:00,95.04000091552734,95.12000274658203,94.8499984741211,94.88500213623047,593896
2024-04-11 15:30:00,94.88500213623047,95.16999816894531,94.83999633789062,95.06999969482422,533440
2024-04-11 16:30:00,95.08000183105469,95.5199966430664,94.97000122070312,95.40370178222656,433952
2024-04-11 17:30:00,95.41000366210938,95.81999969482422,95.2699966430664,95.74009704589844,404136
2024-04-11 18:30:00,95.76000213623047,95.86000061035156,95.55000305175781,95.62999725341797,502878
2024-04-11 19:30:00,95.62000274658203,95.9000015258789,95.53500366210938,95.83999633789062,839897
2024-04-12 13:30:00,94.91999816894531,95.33499908447266,94.37000274658203,94.51000213623047,650614
2024-04-12 14:30:00,94.48999786376953,94.72000122070312,94.33000183105469,94.62999725341797,374908
2024-04-12 15:30:00,94.62999725341797,94.71499633789062,94.2699966430664,94.31999969482422,284564
2024-04-12 16:30:00,94.33100128173828,94.37000274658203,93.91999816894531,94.04000091552734,285343
2024-04-12 17:30:00,94.02999877929688,94.4000015258789,93.93000030517578,94.30000305175781,292425
2024-04-12 18:30:00,94.29499816894531,94.29499816894531,93.98999786376953,94.08000183105469,428731
2024-04-12 19:30:00,94.08000183105469,94.43000030517578,93.93000030517578,94.43000030517578,739661
2024-04-15 13:30:00,95.33000183105469,95.43000030517578,94.12999725341797,94.16500091552734,639895
2024-04-15 14:30:00,94.16000366210938,94.18000030517578,93.875,93.9800033569336,461269
2024-04-15 15:30:00,93.9800033569336,94.37000274658203,93.97000122070312,94.1500015258789,400265
2024-04-15 16:30:00,94.13999938964844,94.19999694824219,93.63999938964844,93.66000366210938,340056
2024-04-15 17:30:00,93.6500015258789,93.6500015258789,93.2300033569336,93.2699966430664,553856
2024-04-15 18:30:00,93.26000213623047,93.55000305175781,93.1449966430664,93.2699966430664,538380
2024-04-15 19:30:00,93.2699966430664,93.41000366210938,92.94999694824219,92.9800033569336,926835
2024-04-16 13:30:00,93.01000213623047,93.69999694824219,93.01000213623047,93.37999725341797,662620
2024-04-16 14:30:00,93.36000061035156,93.76000213623047,93.31999969482422,93.66500091552734,435697
2024-04-16 15:30:00,93.66999816894531,93.88999938964844,93.47000122070312,93.80999755859375,285299
2024-04-16 16:30:00,93.83000183105469,93.88999938964844,93.54000091552734,93.62999725341797,276490
2024-04-16 17:30:00,93.63999938964844,93.72000122070312,92.98999786376953,93.06999969482422,384363
2024-04-16 18:30:00,93.08000183105469,93.7300033569336,93.08000183105469,93.70500183105469,483301
2024-04-16 19:30:00,93.70999908447266,93.7750015258789,93.37000274658203,93.37999725341797,785134
2024-04-17 13:30:00,94.26000213623047,94.26000213623047,93.16999816894531,93.2699966430664,553708
2024-04-17 14:30:00,93.2699966430664,93.29000091552734,92.83000183105469,92.98500061035156,486995
2024-04-17 15:30:00,92.97000122070312,93.05000305175781,92.80999755859375,92.91999816894531,374174
2024-04-17 16:30:00,92.91000366210938,93.08000183105469,92.83000183105469,92.98999786376953,229666
2024-04-17 17:30:00,92.98500061035156,93.08999633789062,92.83000183105469,93.0199966430664,285879
2024-04-17 18:30:00,93.02999877929688,93.3499984741211,92.93499755859375,93.22000122070312,391512
2024-04-17 19:30:00,93.2300033569336,93.33499908447266,93.0,93.0999984741211,651827
2024-04-18 13:30:00,93.6500015258789,93.69999694824219,93.16999816894531,93.51000213623047,535724
2024-04-18 14:30:00,93.50499725341797,93.56999969482422,93.33000183105469,93.33000183105469,307718
2024-04-18 15:30:00,93.31999969482422,93.41999816894531,93.16000366210938,93.33999633789062,195259
2024-04-18 16:30:00,93.3499984741211,93.3499984741211,92.71089935302734,92.87999725341797,251025
2024-04-18 17:30:00,92.87999725341797,92.87999725341797,92.61000061035156,92.69000244140625,269818
2024-04-18 18:30:00,92.66999816894531,92.88999938964844,92.5199966430664,92.7699966430664,460476
2024-04-18 19:30:00,92.77999877929688,92.95999908447266,92.63999938964844,92.66000366210938,638553
2024-04-19 13:30:00,93.0199966430664,93.23999786376953,92.3499984741211,92.8499984741211,602897
2024-04-19 14:30:00,92.82499694824219,92.87000274658203,92.5199966430664,92.77999877929688,369236
2024-04-19 15:30:00,92.77999877929688,92.80000305175781,92.37999725341797,92.49500274658203,444049
2024-04-19 16:30:00,92.51499938964844,92.83000183105469,92.51000213623047,92.70999908447266,336050
2024-04-19 17:30:00,92.70500183105469,92.9800033569336,92.69000244140625,92.88999938964844,495173
2024-04-19 18:30:00,92.88999938964844,93.01499938964844,92.72000122070312,92.88500213623047,547327
2024-04-19 19:30:00,92.87999725341797,93.38999938964844,92.75,93.37999725341797,1192725
2024-04-22 13:30:00,94.12999725341797,94.12999725341797,93.4000015258789,93.69999694824219,410533
2024-04-22 14:30:00,93.69499969482422,93.7699966430664,93.38999938964844,93.44499969482422,300064
2024-04-22 15:30:00,93.44000244140625,93.8499984741211,93.31999969482422,93.80999755859375,359946
2024-04-22 16:30:00,93.81999969482422,94.05999755859375,93.79000091552734,94.04000091552734,236875
2024-04-22 17:30:00,94.04000091552734,94.61000061035156,94.02999877929688,94.55000305175781,375410
2024-04-22 18:30:00,94.55500030517578,94.58000183105469,94.33000183105469,94.33999633789062,369457
2024-04-22 19:30:00,94.33999633789062,94.41000366210938,93.9800033569336,94.05999755859375,648167
2024-04-23 13:30:00,94.47000122070312,94.47000122070312,93.48999786376953,93.68000030517578,530764
2024-04-23 14:30:00,93.68499755859375,94.09500122070312,93.61000061035156,94.04000091552734,569383
2024-04-23 15:30:00,94.04000091552734,94.29000091552734,93.88999938964844,94.2396011352539,627484
2024-04-23 16:30:00,94.23500061035156,94.29000091552734,94.16000366210938,94.2699966430664,236102
2024-04-23 17:30:00,94.26000213623047,94.37999725341797,94.19000244140625,94.29000091552734,528882
2024-04-23 18:30:00,94.30000305175781,94.48999786376953,94.19499969482422,94.45999908447266,647428
2024-04-23 19:30:00,94.45500183105469,94.66999816894531,94.375,94.52999877929688,877285
2024-04-24 13:30:00,94.08000183105469,94.41999816894531,93.86000061035156,94.02999877929688,645653
2024-04-24 14:30:00,94.05000305175781,94.18000030517578,93.83000183105469,94.0,718445
2024-04-24 15:30:00,94.0,94.15499877929688,93.95999908447266,94.08000183105469,319619
2024-04-24 16:30:00,94.08000183105469,94.37000274658203,93.92500305175781,94.33999633789062,657456
2024-04-24 17:30:00,94.33499908447266,94.7750015258789,94.2249984741211,94.67500305175781,461863
2024-04-24 18:30:00,94.66999816894531,94.95500183105469,94.55999755859375,94.87000274658203,635133
2024-04-24 19:30:00,94.875,95.48999786376953,94.83999633789062,95.2699966430664,1549124
2024-04-25 13:30:00,97.3499984741211,97.4800033569336,94.47000122070312,94.91999816894531,1051419
2024-04-25 14:30:00,94.91500091552734,95.47000122070312,94.79000091552734,95.26000213623047,587687
2024-04-25 15:30:00,95.2699966430664,95.93000030517578,95.1989974975586,95.93000030517578,528825
2024-04-25 16:30:00,95.91000366210938,96.05999755859375,95.80999755859375,95.9656982421875,287102
2024-04-25 17:30:00,95.9561996459961,96.33999633789062,95.93199920654297,96.21499633789062,522478
2024-04-25 18:30:00,96.20999908447266,96.47000122070312,96.0,96.45999908447266,742434
2024-04-25 19:30:00,96.44999694824219,96.51499938964844,96.29080200195312,96.42500305175781,1370436
2024-04-26 13:30:00,96.63999938964844,97.87999725341797,96.56999969482422,97.70999908447266,753357
2024-04-26 14:30:00,97.70999908447266,97.80000305175781,96.88999938964844,96.9000015258789,511193
2024-04-26 15:30:00,96.91000366210938,97.03500366210938,96.76000213623047,96.86000061035156,295066
2024-04-26 16:30:00,96.87000274658203,96.87999725341797,96.58499908447266,96.58999633789062,249955
2024-04-26 17:30:00,96.5999984741211,96.66999816894531,96.4800033569336,96.55000305175781,265208
2024-04-26 18:30:00,96.55999755859375,96.69000244140625,96.49500274658203,96.58499908447266,363908
2024-04-26 19:30:00,96.58499908447266,96.61000061035156,96.29000091552734,96.30999755859375,640381
2024-04-29 13:30:00,96.0,96.2699966430664,95.31500244140625,95.41000366210938,721944
2024-04-29 14:30:00,95.40499877929688,95.58999633789062,95.29000091552734,95.41999816894531,343726
2024-04-29 15:30:00,95.41000366210938,95.47000122070312,95.30000305175781,95.37999725341797,266055
2024-04-29 16:30:00,95.38500213623047,95.51000213623047,95.19999694824219,95.2300033569336,225887
2024-04-29 17:30:00,95.2249984741211,95.50990295410156,95.19999694824219,95.38999938964844,510499
2024-04-29 18:30:00,95.38999938964844,95.4000015258789,94.86000061035156,94.97000122070312,396028
2024-04-29 19:30:00,94.97000122070312,95.05000305175781,94.62000274658203,94.87000274658203,930362
2024-04-30 13:30:00,94.61000061035156,94.62999725341797,94.13999938964844,94.44000244140625,535949
2024-04-30 14:30:00,94.43000030517578,94.91000366210938,94.36000061035156,94.5999984741211,573456
2024-04-30 15:30:00,94.5999984741211,94.75,94.4000015258789,94.41999816894531,292823
2024-04-30 16:30:00,94.42500305175781,94.43000030517578,94.11000061035156,94.16500091552734,377135
2024-04-30 17:30:00,94.16000366210938,94.43499755859375,94.12999725341797,94.20999908447266,397607
2024-04-30 18:30:00,94.19999694824219,94.38999938964844,94.06500244140625,94.2300033569336,591094
2024-04-30 19:30:00,94.2249984741211,94.31999969482422,94.04499816894531,94.08999633789062,1021897
2024-05-01 13:30:00,93.55999755859375,94.28250122070312,93.39250183105469,94.04000091552734,636136
2024-05-01 14:30:00,94.04000091552734,94.32499694824219,93.9800033569336,94.2699966430664,560269
2024-05-01 15:30:00,94.29000091552734,94.41999816894531,94.09030151367188,94.1500015258789,417841
2024-05-01 16:30:00,94.13999938964844,94.25,93.79000091552734,93.97000122070312,730137
2024-05-01 17:30:00,93.9800033569336,94.0873031616211,93.80999755859375,94.0873031616211,474334
2024-05-01 18:30:00,94.06999969482422,94.33000183105469,93.86000061035156,94.02999877929688,921429
2024-05-01 19:30:00,94.0199966430664,94.06999969482422,93.7699966430664,93.78700256347656,800920
2024-05-02 13:30:00,95.5,95.58000183105469,94.76000213623047,95.30999755859375,1219570
2024-05-02 14:30:00,95.31999969482422,95.47000122070312,95.01000213623047,95.05500030517578,714373
2024-05-02 15:30:00,95.05999755859375,95.30000305175781,94.88999938964844,94.9000015258789,918576
2024-05-02 16:30:00,94.9000015258789,94.98999786376953,94.69000244140625,94.93000030517578,643595
2024-05-02 17:30:00,94.94000244140625,95.11499786376953,94.80000305175781,95.0,502672
2024-05-02 18:30:00,95.00499725341797,95.08000183105469,94.58499908447266,94.58499908447266,607902
2024-05-02 19:30:00,94.58499908447266,94.95999908447266,94.31999969482422,94.9000015258789,1000965
2024-05-03 13:30:00,95.43000030517578,95.4800033569336,94.84500122070312,95.08999633789062,733777
2024-05-03 14:30:00,95.0999984741211,95.2699966430664,94.51499938964844,94.55000305175781,619856
2024-05-03 15:30:00,94.55999755859375,95.1500015258789,94.51000213623047,95.02059936523438,764671
2024-05-03 16:30:00,95.02999877929688,95.2750015258789,94.95010375976562,95.26249694824219,440814
2024-05-03 17:30:00,95.26499938964844,95.4800033569336,95.20999908447266,95.33000183105469,409802
2024-05-03 18:30:00,95.3291015625,95.43990325927734,95.13999938964844,95.38500213623047,532497
2024-05-03 19:30:00,95.38500213623047,95.46890258789062,95.0999984741211,95.0999984741211,819119
2024-05-06 13:30:00,95.41999816894531,96.36000061035156,95.37999725341797,96.2699966430664,2077254
2024-05-06 14:30:00,96.2699966430664,96.86000061035156,96.25499725341797,96.79000091552734,530508
2024-05-06 15:30:00,96.77999877929688,96.78980255126953,96.44000244140625,96.55000305175781,328949
2024-05-06 16:30:00,96.55000305175781,96.78500366210938,96.54499816894531,96.77999877929688,333554
2024-05-06 17:30:00,96.76000213623047,97.0250015258789,96.76000213623047,96.94999694824219,412417
2024-05-06 18:30:00,96.94999694824219,97.0999984741211,96.87000274658203,96.99749755859375,435463
2024-05-06 19:30:00,96.98999786376953,97.66000366210938,96.98500061035156,97.45999908447266,1070210
2024-05-07 13:30:00,97.5999984741211,98.2699966430664,97.4800033569336,98.01110076904297,620542
2024-05-07 14:30:00,98.01000213623047,98.03500366210938,97.72000122070312,97.72000122070312,346340
2024-05-07 15:30:00,97.72000122070312,97.82599639892578,97.51000213623047,97.75,358269
2024-05-07 16:30:00,97.76000213623047,97.88999938964844,97.62000274658203,97.87000274658203,492204
2024-05-07 17:30:00,97.86000061035156,97.9219970703125,97.71499633789062,97.88500213623047,590330
2024-05-07 18:30:00,97.87999725341797,97.95189666748047,97.76000213623047,97.91999816894531,553164
2024-05-07 19:30:00,97.91999816894531,97.95999908447266,97.72000122070312,97.9000015258789,796247
2024-05-08 13:30:00,97.80000305175781,97.9000015258789,97.47000122070312,97.73999786376953,432504
2024-05-08 14:30:00,97.7300033569336,97.91000366210938,97.5999984741211,97.8550033569336,357001
2024-05-08 15:30:00,97.86000061035156,98.08999633789062,97.77999877929688,98.08999633789062,272881
2024-05-08 16:30:00,98.08999633789062,98.23999786376953,98.02999877929688,98.22000122070312,396656
2024-05-08 17:30:00,98.21499633789062,98.33999633789062,98.04000091552734,98.33499908447266,272220
2024-05-08 18:30:00,98.33499908447266,98.3550033569336,98.18000030517578,98.30000305175781,450549
2024-05-08 19:30:00,98.29499816894531,98.55999755859375,98.2699966430664,98.52999877929688,1005916
2024-05-09 13:30:00,98.69999694824219,99.19999694824219,98.55000305175781,99.08999633789062,384535
2024-05-09 14:30:00,99.08499908447266,99.1500015258789,98.91000366210938,98.97010040283203,624397
2024-05-09 15:30:00,98.98999786376953,99.11000061035156,98.7343978881836,98.7699966430664,446640
2024-05-09 16:30:00,98.7699966430664,99.08999633789062,98.72000122070312,99.01000213623047,372752
2024-05-09 17:30:00,99.0199966430664,99.22000122070312,98.94100189208984,99.19999694824219,341133
2024-05-09 18:30:00,99.19999694824219,99.20500183105469,98.99700164794922,99.02999877929688,438931
2024-05-09 19:30:00,99.0250015258789,99.29000091552734,98.88999938964844,98.94000244140625,1187234
2024-05-10 13:30:00,99.2699966430664,99.58000183105469,98.87000274658203,99.08000183105469,331893
2024-05-10 14:30:00,99.08000183105469,99.08000183105469,98.62000274658203,98.80000305175781,392827
2024-05-10 15:30:00,98.77999877929688,98.81999969482422,98.68000030517578,98.70999908447266,267123
2024-05-10 16:30:00,98.71589660644531,98.88999938964844,98.62999725341797,98.79499816894531,197036
2024-05-10 17:30:00,98.80500030517578,98.8499984741211,98.62999725341797,98.70999908447266,229691
2024-05-10 18:30:00,98.69499969482422,98.78500366210938,98.55999755859375,98.61000061035156,276547
2024-05-10 19:30:00,98.61000061035156,98.86499786376953,98.61000061035156,98.76000213623047,501932
2024-05-13 13:30:00,99.06999969482422,99.61000061035156,99.0,99.12999725341797,306386
2024-05-13 14:30:00,99.1500015258789,99.26000213623047,99.0,99.13999938964844,229577
2024-05-13 15:30:00,99.04000091552734,99.19999694824219,98.95999908447266,99.08999633789062,269453
2024-05-13 16:30:00,99.08999633789062,99.11499786376953,98.83999633789062,98.8499984741211,262560
2024-05-13 17:30:00,98.83999633789062,98.91000366210938,98.72000122070312,98.74500274658203,371846
2024-05-13 18:30:00,98.75,98.81999969482422,98.56999969482422,98.79000091552734,355864
2024-05-13 19:30:00,98.78500366210938,98.94000244140625,98.58000183105469,98.75,820429
2024-05-14 13:30:00,99.0199966430664,99.30999755859375,98.41999816894531,98.5,378909
2024-05-14 14:30:00,98.5,98.79000091552734,98.15499877929688,98.37000274658203,1739777
2024-05-14 15:30:00,98.37000274658203,98.61000061035156,98.36000061035156,98.54000091552734,901927
2024-05-14 16:30:00,98.52999877929688,98.58000183105469,98.08000183105469,98.34449768066406,291202
2024-05-14 17:30:00,98.33999633789062,98.70999908447266,98.29000091552734,98.69000244140625,384516
2024-05-14 18:30:00,98.69000244140625,99.09500122070312,98.66000366210938,99.0250015258789,373879
2024-05-14 19:30:00,99.0250015258789,99.27999877929688,99.0199966430664,99.02999877929688,774703
2024-05-15 13:30:00,98.5,99.3499984741211,98.5,99.04000091552734,623286
2024-05-15 14:30:00,99.05000305175781,99.06999969482422,98.83999633789062,98.875,348563
2024-05-15 15:30:00,98.87000274658203,98.92500305175781,98.38500213623047,98.48500061035156,306073
2024-05-15 16:30:00,98.48999786376953,98.5999984741211,98.4000015258789,98.48999786376953,282301
2024-05-15 17:30:00,98.5,98.56500244140625,98.3405990600586,98.49500274658203,310626
2024-05-15 18:30:00,98.5,98.5,98.27999877929688,98.30500030517578,390832
2024-05-15 19:30:00,98.30999755859375,98.51499938964844,98.19499969482422,98.48999786376953,839811
2024-05-16 13:30:00,98.81999969482422,99.45999908447266,98.73999786376953,99.29000091552734,505049
2024-05-16 14:30:00,99.29000091552734,99.4000015258789,99.04000091552734,99.30000305175781,392704
2024-05-16 15:30:00,99.30999755859375,99.33499908447266,98.81999969482422,99.03500366210938,325205
2024-05-16 16:30:00,99.02999877929688,99.26000213623047,99.01499938964844,99.12000274658203,423160
2024-05-16 17:30:00,99.12999725341797,99.13999938964844,98.91999816894531,98.95989990234375,326597
2024-05-16 18:30:00,98.95999908447266,99.11000061035156,98.87999725341797,99.08499908447266,290928
2024-05-16 19:30:00,99.08999633789062,99.2300033569336,98.88999938964844,98.94999694824219,529136
2024-05-17 13:30:00,99.20999908447266,99.27999877929688,98.70999908447266,99.2300033569336,935613
2024-05-17 14:30:00,99.22000122070312,99.26000213623047,99.03500366210938,99.06500244140625,416742
2024-05-17 15:30:00,99.05999755859375,99.13999938964844,98.80000305175781,99.11499786376953,523408
2024-05-17 16:30:00,99.11499786376953,99.44499969482422,99.08000183105469,99.43000030517578,539716
2024-05-17 17:30:00,99.43000030517578,99.69000244140625,99.41500091552734,99.61000061035156,524719
2024-05-17 18:30:00,99.62000274658203,99.98999786376953,99.5999984741211,99.9800033569336,889410
2024-05-17 19:30:00,99.98999786376953,100.37999725341797,99.95999908447266,100.30500030517578,1480305
2024-05-20 13:30:00,99.3499984741211,99.88999938964844,99.12000274658203,99.37999725341797,888834
2024-05-20 14:30:00,99.37999725341797,99.37999725341797,98.41000366210938,98.44999694824219,602027
2024-05-20 15:30:00,98.44999694824219,98.48999786376953,98.01000213623047,98.05000305175781,522083
2024-05-20 16:30:00,98.05000305175781,98.41999816894531,97.9800033569336,98.32499694824219,483062
2024-05-20 17:30:00,98.32990264892578,98.33999633789062,98.08000183105469,98.13999938964844,394028
2024-05-20 18:30:00,98.13999938964844,98.19000244140625,98.0,98.12000274658203,621896
2024-05-20 19:30:00,98.125,98.125,97.72000122070312,97.83999633789062,1470073
2024-05-21 13:30:00,98.4000015258789,98.73999786376953,97.95999908447266,98.16999816894531,1922489
2024-05-21 14:30:00,98.16999816894531,98.16999816894531,97.76000213623047,97.88999938964844,485684
2024-05-21 15:30:00,97.88999938964844,97.94999694824219,97.62000274658203,97.69999694824219,369755
2024-05-21 16:30:00,97.69000244140625,97.77999877929688,97.5250015258789,97.55999755859375,394616
2024-05-21 17:30:00,97.55000305175781,97.87999725341797,97.52999877929688,97.83999633789062,415143
2024-05-21 18:30:00,97.83999633789062,97.93000030517578,97.54000091552734,97.63999938964844,763282
2024-05-21 19:30:00,97.63999938964844,97.88079833984375,97.58999633789062,97.68499755859375,1229526
2024-05-22 13:30:00,102.0999984741211,104.9800033569336,101.37000274658203,104.73999786376953,3964850
2024-05-22 14:30:00,104.73999786376953,104.9800033569336,102.47010040283203,102.73500061035156,2558030
2024-05-22 15:30:00,102.7300033569336,103.95999908447266,102.48999786376953,103.8499984741211,1318714
2024-05-22 16:30:00,103.86000061035156,104.0999984741211,102.83999633789062,102.94000244140625,953977
2024-05-22 17:30:00,102.94000244140625,103.02999877929688,101.59500122070312,101.83000183105469,1307058
2024-05-22 18:30:00,101.83499908447266,101.96499633789062,101.3949966430664,101.4800033569336,1190224
2024-05-22 19:30:00,101.4800033569336,101.55999755859375,100.79000091552734,101.11000061035156,1838406
2024-05-23 13:30:00,99.66000366210938,100.43000030517578,99.22000122070312,99.63999938964844,1486278
2024-05-23 14:30:00,99.63999938964844,100.56999969482422,99.41500091552734,100.45999908447266,1205794
2024-05-23 15:30:00,100.4800033569336,100.93000030517578,100.45999908447266,100.87999725341797,531193
2024-05-23 16:30:00,100.87999725341797,100.98999786376953,100.68000030517578,100.94000244140625,525685
2024-05-23 17:30:00,100.93000030517578,100.93000030517578,100.62000274658203,100.68000030517578,541628
2024-05-23 18:30:00,100.69000244140625,100.88999938964844,100.53500366210938,100.55500030517578,628977
2024-05-23 19:30:00,100.55999755859375,100.55999755859375,99.94000244140625,100.18499755859375,1155576
2024-05-24 13:30:00,100.88999938964844,101.98999786376953,100.69999694824219,101.68000030517578,1237157
2024-05-24 14:30:00,101.66000366210938,102.0,101.45999908447266,101.88999938964844,482944
2024-05-24 15:30:00,101.9000015258789,102.56999969482422,101.7699966430664,102.46790313720703,696024
2024-05-24 16:30:00,102.46499633789062,102.52999877929688,102.13999938964844,102.30000305175781,573427
2024-05-24 17:30:00,102.27999877929688,102.27999877929688,101.83999633789062,101.97000122070312,383910
2024-05-24 18:30:00,101.95999908447266,102.05000305175781,101.80000305175781,101.91999816894531,403341
2024-05-24 19:30:00,101.91000366210938,102.16999816894531,101.87999725341797,102.16000366210938,726271
2024-05-28 13:30:00,102.0,102.9800033569336,101.63999938964844,102.23999786376953,689500
2024-05-28 14:30:00,102.23999786376953,102.23999786376953,101.69999694824219,101.9800033569336,480875
2024-05-28 15:30:00,101.9800033569336,102.1500015258789,101.94000244140625,102.12999725341797,443030
2024-05-28 16:30:00,102.125,102.19000244140625,101.80000305175781,101.8499984741211,279308
2024-05-28 17:30:00,101.84500122070312,101.86000061035156,101.58999633789062,101.62999725341797,391688
2024-05-28 18:30:00,101.62999725341797,101.66000366210938,101.38529968261719,101.59329986572266,470346
2024-05-28 19:30:00,101.58999633789062,101.70500183105469,101.33000183105469,101.4209976196289,1049681
2024-05-29 13:30:00,101.06999969482422,101.98999786376953,101.01000213623047,101.73999786376953,745175
2024-05-29 14:30:00,101.72000122070312,101.87000274658203,101.36000061035156,101.51000213623047,580311
2024-05-29 15:30:00,101.51000213623047,101.6500015258789,101.4000015258789,101.58999633789062,374379
2024-05-29 16:30:00,101.58499908447266,101.77999877929688,101.43499755859375,101.77999877929688,361551
2024-05-29 17:30:00,101.77999877929688,101.83000183105469,101.58000183105469,101.80999755859375,440042
2024-05-29 18:30:00,101.80999755859375,101.98999786376953,101.75,101.91000366210938,542509
2024-05-29 19:30:00,101.91000366210938,101.91000366210938,101.4000015258789,101.45999908447266,1129307
2024-05-30 13:30:00,101.98999786376953,103.54000091552734,101.80000305175781,103.25,1060675
2024-05-30 14:30:00,103.2699966430664,103.61499786376953,103.18000030517578,103.48049926757812,849213
2024-05-30 15:30:00,103.47000122070312,103.94000244140625,103.37000274658203,103.83000183105469,1021299
2024-05-30 16:30:00,103.83000183105469,104.2959976196289,103.80999755859375,103.87999725341797,820736
2024-05-30 17:30:00,103.88999938964844,104.0199966430664,103.75,103.84500122070312,1162047
2024-05-30 18:30:00,103.84500122070312,103.94000244140625,103.5199966430664,103.68000030517578,808885
2024-05-30 19:30:00,103.66999816894531,103.7300033569336,103.2300033569336,103.37999725341797,1153945
2024-05-31 13:30:00,103.44999694824219,104.2699966430664,102.94999694824219,103.16000366210938,1815639
2024-05-31 14:30:00,103.15499877929688,103.55999755859375,103.02999877929688,103.5199966430664,499872
2024-05-31 15:30:00,103.51499938964844,103.53980255126953,103.15499877929688,103.36000061035156,407250
2024-05-31 16:30:00,103.3550033569336,103.44999694824219,103.12030029296875,103.43000030517578,394364
2024-05-31 17:30:00,103.42500305175781,103.44499969482422,103.19999694824219,103.24500274658203,452442
2024-05-31 18:30:00,103.24500274658203,103.51000213623047,103.1500015258789,103.44499969482422,713843
2024-05-31 19:30:00,103.44000244140625,103.93499755859375,102.9000015258789,103.2300033569336,3100182
2024-06-03 13:30:00,103.69999694824219,104.88999938964844,103.69999694824219,104.7300033569336,994234
2024-06-03 14:30:00,104.66999816894531,105.66999816894531,104.58000183105469,105.47000122070312,886832
2024-06-03 15:30:00,105.44999694824219,105.66000366210938,104.97000122070312,104.9800033569336,937950
2024-06-03 16:30:00,104.9749984741211,105.19000244140625,104.86000061035156,105.13829803466797,710678
2024-06-03 17:30:00,105.12999725341797,105.22000122070312,105.01000213623047,105.17500305175781,482392
2024-06-03 18:30:00,105.18000030517578,105.34500122070312,105.12000274658203,105.27999877929688,719590
2024-06-03 19:30:00,105.2699966430664,105.45999908447266,105.13999938964844,105.45999908447266,1106157
2024-06-04 13:30:00,105.06999969482422,105.4800033569336,104.30999755859375,104.33999633789062,939635
2024-06-04 14:30:00,104.31999969482422,104.83999633789062,104.25,104.72000122070312,511487
2024-06-04 15:30:00,104.69999694824219,104.9000015258789,104.56999969482422,104.88999938964844,402036
2024-06-04 16:30:00,104.87999725341797,105.4800033569336,104.80999755859375,105.4800033569336,487979
2024-06-04 17:30:00,105.47000122070312,105.87000274658203,105.3499984741211,105.83499908447266,445975
2024-06-04 18:30:00,105.83000183105469,105.94989776611328,105.66999816894531,105.75,476898
2024-06-04 19:30:00,105.75,105.88999938964844,105.47000122070312,105.87000274658203,711215
2024-06-05 13:30:00,106.05999755859375,106.57499694824219,105.5250015258789,106.56999969482422,682304
2024-06-05 14:30:00,106.55000305175781,107.16000366210938,106.4800033569336,107.02999877929688,624388
2024-06-05 15:30:00,107.02999877929688,107.3550033569336,107.01000213623047,107.19770050048828,401865
2024-06-05 16:30:00,107.19000244140625,107.31999969482422,107.12999725341797,107.2699966430664,352962
2024-06-05 17:30:00,107.2699966430664,107.44000244140625,107.21499633789062,107.41500091552734,453347
2024-06-05 18:30:00,107.41500091552734,107.6500015258789,107.37000274658203,107.56999969482422,570791
2024-06-05 19:30:00,107.55999755859375,107.81999969482422,107.37999725341797,107.79000091552734,1107299
2024-06-06 13:30:00,107.80000305175781,107.94999694824219,106.51000213623047,106.90499877929688,2850972
2024-06-06 14:30:00,106.87000274658203,107.05999755859375,106.72000122070312,107.02999877929688,651705
2024-06-06 15:30:00,107.02999877929688,107.16000366210938,106.80000305175781,106.80000305175781,969506
2024-06-06 16:30:00,106.80979919433594,107.01000213623047,106.79000091552734,106.9000015258789,384243
2024-06-06 17:30:00,106.91000366210938,106.98999786376953,106.62000274658203,106.74500274658203,577565
2024-06-06 18:30:00,106.73999786376953,106.97000122070312,106.6520004272461,106.88999938964844,420539
2024-06-06 19:30:00,106.88999938964844,107.04000091552734,106.80999755859375,106.94999694824219,1750026
2024-06-07 13:30:00,107.4000015258789,108.58000183105469,107.12000274658203,107.7699966430664,1162454
2024-06-07 14:30:00,107.77999877929688,108.20999908447266,107.5199966430664,107.93000030517578,955903
2024-06-07 15:30:00,107.94499969482422,108.48999786376953,107.87000274658203,108.32499694824219,1350343
2024-06-07 16:30:00,108.33999633789062,108.54000091552734,108.16999816894531,108.41999816894531,425297
2024-06-07 17:30:00,108.41999816894531,108.58000183105469,108.23999786376953,108.29000091552734,543728
2024-06-07 18:30:00,108.29000091552734,108.41000366210938,108.04049682617188,108.20999908447266,667851
2024-06-07 19:30:00,108.19999694824219,108.25,107.37000274658203,107.43000030517578,1351318
2024-06-10 13:30:00,107.26000213623047,107.5199966430664,106.62000274658203,106.63999938964844,516507
2024-06-10 14:30:00,106.62999725341797,106.67649841308594,106.37000274658203,106.55000305175781,383865
2024-06-10 15:30:00,106.55500030517578,106.91999816894531,106.51000213623047,106.87999725341797,342876
2024-06-10 16:30:00,106.87999725341797,106.91000366210938,106.5,106.81999969482422,368454
2024-06-10 17:30:00,106.80999755859375,107.0199966430664,106.66999816894531,106.68000030517578,411293
2024-06-10 18:30:00,106.68000030517578,107.12999725341797,106.6500015258789,107.12000274658203,461503
2024-06-10 19:30:00,107.11000061035156,107.37000274658203,106.9800033569336,107.36000061035156,960036
2024-06-11 13:30:00,107.30000305175781,107.3499984741211,106.81999969482422,107.11000061035156,428578
2024-06-11 14:30:00,107.11000061035156,107.4000015258789,107.0999984741211,107.29000091552734,324554
2024-06-11 15:30:00,107.30000305175781,107.33999633789062,106.93000030517578,107.20999908447266,492158
2024-06-11 16:30:00,107.20999908447266,107.28500366210938,106.875,106.94000244140625,250880
2024-06-11 17:30:00,106.93499755859375,107.125,106.81999969482422,107.08999633789062,331230
2024-06-11 18:30:00,107.08999633789062,107.12999725341797,106.95999908447266,107.08110046386719,291280
2024-06-11 19:30:00,107.08000183105469,107.18000030517578,106.93000030517578,107.08999633789062,589344
2024-06-12 13:30:00,107.12999725341797,107.4800033569336,106.18000030517578,107.26000213623047,1001600
2024-06-12 14:30:00,107.2750015258789,107.66000366210938,107.08000183105469,107.1449966430664,532092
2024-06-12 15:30:00,107.12999725341797,107.43499755859375,106.99500274658203,107.43499755859375,299141
2024-06-12 16:30:00,107.44100189208984,107.5999984741211,107.29000091552734,107.44999694824219,236724
2024-06-12 17:30:00,107.44000244140625,107.44999694824219,106.94000244140625,107.0999984741211,362701
2024-06-12 18:30:00,107.0999984741211,107.47000122070312,107.0697021484375,107.22000122070312,548294
2024-06-12 19:30:00,107.19999694824219,107.48999786376953,107.05999755859375,107.08999633789062,663860
2024-06-13 13:30:00,107.13999938964844,107.87000274658203,106.88999938964844,107.38999938964844,452905
2024-06-13 14:30:00,107.4000015258789,107.87999725341797,107.34500122070312,107.83000183105469,614151
2024-06-13 15:30:00,107.82499694824219,107.9000015258789,107.44000244140625,107.67500305175781,272781
2024-06-13 16:30:00,107.69499969482422,107.81999969482422,107.6500015258789,107.81999969482422,296287
2024-06-13 17:30:00,107.83000183105469,108.12000274658203,107.7300033569336,108.11499786376953,385635
2024-06-13 18:30:00,108.12000274658203,108.31999969482422,107.9800033569336,108.26000213623047,604637
2024-06-13 19:30:00,108.2699966430664,108.45999908447266,108.16000366210938,108.19000244140625,961784
2024-06-14 13:30:00,107.94000244140625,108.58000183105469,107.87000274658203,108.02999877929688,403285
2024-06-14 14:30:00,108.06999969482422,108.41000366210938,107.83999633789062,108.18000030517578,493087
2024-06-14 15:30:00,108.18000030517578,108.72000122070312,108.16580200195312,108.66000366210938,417281
2024-06-14 16:30:00,108.66999816894531,108.81999969482422,108.55000305175781,108.58999633789062,251194
2024-06-14 17:30:00,108.58999633789062,108.66000366210938,108.36009979248047,108.56999969482422,269575
2024-06-14 18:30:00,108.56999969482422,108.58000183105469,108.38999938964844,108.58000183105469,327680
2024-06-14 19:30:00,108.58000183105469,108.58999633789062,108.4000015258789,108.5,599078
2024-06-17 13:30:00,108.0999984741211,109.13999938964844,108.0999984741211,109.00789642333984,423101
2024-06-17 14:30:00,109.00800323486328,109.68000030517578,109.00499725341797,109.5999984741211,378138
2024-06-17 15:30:00,109.5999984741211,110.05999755859375,109.47000122070312,110.0250015258789,434081
2024-06-17 16:30:00,110.0199966430664,110.11000061035156,109.83000183105469,109.97000122070312,323889
2024-06-17 17:30:00,109.9800033569336,110.08000183105469,109.79000091552734,110.01170349121094,346688
2024-06-17 18:30:00,110.0199966430664,110.44000244140625,110.0199966430664,110.43000030517578,414916
2024-06-17 19:30:00,110.43000030517578,110.58000183105469,110.19000244140625,110.25,906747
2024-06-18 13:30:00,110.19999694824219,110.55000305175781,109.77999877929688,109.83499908447266,358608
2024-06-18 14:30:00,109.83000183105469,110.28500366210938,109.7300033569336,110.19499969482422,305406
2024-06-18 15:30:00,110.19000244140625,110.25,109.98999786376953,110.01000213623047,228939
2024-06-18 16:30:00,110.01000213623047,110.27999877929688,110.0,110.2699966430664,296257
2024-06-18 17:30:00,110.2699966430664,110.69000244140625,110.19999694824219,110.66000366210938,371288
2024-06-18 18:30:00,110.66000366210938,110.70999908447266,110.4800033569336,110.58000183105469,452751
2024-06-18 19:30:00,110.58999633789062,110.69000244140625,110.16999816894531,110.29000091552734,641894
2024-06-20 13:30:00,110.06999969482422,110.63999938964844,109.7300033569336,110.41999816894531,942348
2024-06-20 14:30:00,110.41000366210938,110.55000305175781,110.19999694824219,110.48999786376953,632149
2024-06-20 15:30:00,110.48999786376953,111.02999877929688,110.43499755859375,110.93000030517578,663860
2024-06-20 16:30:00,110.94000244140625,110.96649932861328,110.54000091552734,110.87000274658203,603138
2024-06-20 17:30:00,110.87999725341797,111.33999633789062,110.77999877929688,111.2300033569336,740919
2024-06-20 18:30:00,111.23149871826172,111.25,110.75,110.93000030517578,1240704
2024-06-20 19:30:00,110.94000244140625,110.94000244140625,110.30000305175781,110.38999938964844,1071417
2024-06-21 13:30:00,110.16999816894531,110.87999725341797,109.90190124511719,110.72979736328125,1466296
2024-06-21 14:30:00,110.71499633789062,111.00499725341797,110.62999725341797,110.9000015258789,465749
2024-06-21 15:30:00,110.8949966430664,111.11000061035156,110.70439910888672,110.9800033569336,363074
2024-06-21 16:30:00,110.9800033569336,111.08999633789062,110.80000305175781,110.80000305175781,266953
2024-06-21 17:30:00,110.80000305175781,110.88500213623047,110.54000091552734,110.58999633789062,383993
2024-06-21 18:30:00,110.58000183105469,110.73999786376953,110.47000122070312,110.52999877929688,385823
2024-06-21 19:30:00,110.5199966430664,111.06999969482422,110.48999786376953,111.01000213623047,941340
2024-06-24 13:30:00,111.11000061035156,111.5250015258789,110.77999877929688,111.43000030517578,440211
2024-06-24 14:30:00,111.45999908447266,111.56500244140625,110.9000015258789,111.26000213623047,679091
2024-06-24 15:30:00,111.26000213623047,111.3499984741211,111.010498046875,111.18000030517578,426182
2024-06-24 16:30:00,111.17500305175781,111.27999877929688,110.97000122070312,111.16000366210938,389691
2024-06-24 17:30:00,111.16000366210938,111.19000244140625,110.94999694824219,111.18000030517578,457870
2024-06-24 18:30:00,111.16999816894531,111.24500274658203,111.12000274658203,111.24500274658203,312845
2024-06-24 19:30:00,111.25,111.3499984741211,111.01000213623047,111.06999969482422,640413
2024-06-25 13:30:00,111.12000274658203,111.37000274658203,110.73999786376953,110.9800033569336,327568
2024-06-25 14:30:00,110.98999786376953,111.27999877929688,110.77999877929688,111.0,552994
2024-06-25 15:30:00,111.0,111.0,110.54499816894531,110.61000061035156,224184
2024-06-25 16:30:00,110.5999984741211,110.61000061035156,110.2699966430664,110.375,221026
2024-06-25 17:30:00,110.37999725341797,110.38249969482422,110.0999984741211,110.15499877929688,274494
2024-06-25 18:30:00,110.15499877929688,110.62000274658203,109.94999694824219,110.58999633789062,385573
2024-06-25 19:30:00,110.58999633789062,110.76000213623047,110.19000244140625,110.66999816894531,595806
2024-06-26 13:30:00,110.2699966430664,110.91000366210938,110.12999725341797,110.73999786376953,417842
2024-06-26 14:30:00,110.75,111.125,110.56999969482422,110.7699966430664,779189
2024-06-26 15:30:00,110.76000213623047,111.78600311279297,110.76000213623047,111.59500122070312,969044
2024-06-26 16:30:00,111.5999984741211,111.7300033569336,111.06999969482422,111.0999984741211,299176
2024-06-26 17:30:00,111.12999725341797,111.19999694824219,110.70999908447266,110.87999725341797,270060
2024-06-26 18:30:00,110.88500213623047,110.94999694824219,110.71510314941406,110.7300033569336,404854
2024-06-26 19:30:00,110.7300033569336,110.86000061035156,110.5,110.52999877929688,680990
2024-06-27 13:30:00,110.51000213623047,110.83000183105469,110.08000183105469,110.83000183105469,445348
2024-06-27 14:30:00,110.81999969482422,110.81999969482422,110.19000244140625,110.2699966430664,310935
2024-06-27 15:30:00,110.25,110.44999694824219,110.23999786376953,110.36000061035156,346864
2024-06-27 16:30:00,110.37979888916016,110.625,110.2249984741211,110.52999877929688,224998
2024-06-27 17:30:00,110.51000213623047,110.52999877929688,109.83999633789062,109.87000274658203,238539
2024-06-27 18:30:00,109.86000061035156,110.04100036621094,109.83000183105469,110.04100036621094,300833
2024-06-27 19:30:00,110.04000091552734,110.61000061035156,110.0,110.61000061035156,503502
2024-06-28 13:30:00,110.33999633789062,110.75,109.79000091552734,110.27999877929688,684039
2024-06-28 14:30:00,110.29000091552734,110.66000366210938,110.25,110.37999725341797,370303
2024-06-28 15:30:00,110.36000061035156,110.62000274658203,110.30999755859375,110.54000091552734,415362
2024-06-28 16:30:00,110.54000091552734,110.69999694824219,110.51000213623047,110.52999877929688,284325
2024-06-28 17:30:00,110.5199966430664,110.55999755859375,110.16999816894531,110.25,357130
2024-06-28 18:30:00,110.23999786376953,110.37999725341797,110.05999755859375,110.37000274658203,368613
2024-06-28 19:30:00,110.37000274658203,110.54000091552734,110.0,110.19000244140625,1000910
2024-07-01 13:30:00,110.66000366210938,111.26000213623047,109.83000183105469,109.88999938964844,553186
2024-07-01 14:30:00,109.87999725341797,110.05999755859375,109.69999694824219,109.97000122070312,367877
2024-07-01 15:30:00,109.9749984741211,110.04000091552734,109.77999877929688,109.80500030517578,358472
2024-07-01 16:30:00,109.80000305175781,110.13999938964844,109.55999755859375,110.12999725341797,448148
2024-07-01 17:30:00,110.12999725341797,110.55999755859375,110.06999969482422,110.44999694824219,359762
2024-07-01 18:30:00,110.44000244140625,110.66999816894531,110.33499908447266,110.52999877929688,435285
2024-07-01 19:30:00,110.51000213623047,110.68000030517578,110.45999908447266,110.56999969482422,522706
2024-07-02 13:30:00,110.36000061035156,110.9000015258789,109.88999938964844,110.80000305175781,671484
2024-07-02 14:30:00,110.78500366210938,110.79949951171875,110.4749984741211,110.55999755859375,391067
2024-07-02 15:30:00,110.58000183105469,110.71499633789062,110.36000061035156,110.58999633789062,309534
2024-07-02 16:30:00,110.58999633789062,110.61000061035156,110.44000244140625,110.54499816894531,229923
2024-07-02 17:30:00,110.54000091552734,110.54000091552734,110.30000305175781,110.33999633789062,272132
2024-07-02 18:30:00,110.3405990600586,110.5199966430664,110.19000244140625,110.33000183105469,868369
2024-07-02 19:30:00,110.31500244140625,110.3550033569336,110.1500015258789,110.22000122070312,667225
2024-07-03 13:30:00,110.30999755859375,111.11499786376953,110.21330261230469,110.88999938964844,518354
2024-07-03 14:30:00,110.90499877929688,111.05999755859375,110.31999969482422,110.31999969482422,406782
2024-07-03 15:30:00,110.30999755859375,110.55000305175781,110.2699966430664,110.4749984741211,380461
2024-07-05 13:30:00,110.41000366210938,111.19999694824219,110.41000366210938,110.93000030517578,496065
2024-07-05 14:30:00,110.93000030517578,111.0,110.65499877929688,110.69000244140625,364212
2024-07-05 15:30:00,110.69999694824219,111.05000305175781,110.66000366210938,110.9800033569336,301207
2024-07-05 16:30:00,110.9800033569336,111.16999816894531,110.94999694824219,111.09500122070312,265928
2024-07-05 17:30:00,111.09639739990234,111.26499938964844,111.09639739990234,111.2249984741211,302287
2024-07-05 18:30:00,111.2249984741211,111.5,111.2249984741211,111.44499969482422,427682
2024-07-05 19:30:00,111.44740295410156,111.72000122070312,111.44000244140625,111.63999938964844,677782
2024-07-08 13:30:00,111.87999725341797,112.23999786376953,111.45500183105469,111.66000366210938,490512
2024-07-08 14:30:00,111.6500015258789,111.7300033569336,111.16000366210938,111.30000305175781,449151
2024-07-08 15:30:00,111.31500244140625,111.43000030517578,111.1500015258789,111.41500091552734,586590
2024-07-08 16:30:00,111.41500091552734,111.79000091552734,111.30999755859375,111.76499938964844,272871
2024-07-08 17:30:00,111.76000213623047,112.02999877929688,111.69000244140625,112.01000213623047,438540
2024-07-08 18:30:00,112.01499938964844,112.11499786376953,111.7699966430664,112.1050033569336,644758
2024-07-08 19:30:00,112.0999984741211,112.27999877929688,112.04000091552734,112.20999908447266,1048256
2024-07-09 13:30:00,112.29000091552734,112.42949676513672,111.76000213623047,112.41999816894531,500730
2024-07-09 14:30:00,112.41999816894531,112.45999908447266,112.06999969482422,112.22000122070312,366919
2024-07-09 15:30:00,112.22000122070312,112.27999877929688,112.0999984741211,112.2300033569336,308503
2024-07-09 16:30:00,112.2300033569336,112.55999755859375,112.06999969482422,112.51000213623047,283148
2024-07-09 17:30:00,112.51000213623047,112.5199966430664,112.29000091552734,112.3550033569336,306642
2024-07-09 18:30:00,112.3550033569336,112.6050033569336,112.08999633789062,112.20899963378906,542161
2024-07-09 19:30:00,112.20500183105469,112.41999816894531,112.05999755859375,112.16999816894531,602649
2024-07-10 13:30:00,112.73999786376953,112.7750015258789,112.02999877929688,112.08999633789062,563120
2024-07-10 14:30:00,112.1449966430664,112.25,111.79000091552734,111.83999633789062,324167
2024-07-10 15:30:00,111.83999633789062,112.08499908447266,111.63999938964844,112.05999755859375,288605
2024-07-10 16:30:00,112.05999755859375,112.28500366210938,111.98999786376953,112.16999816894531,302248
2024-07-10 17:30:00,112.16999816894531,112.56999969482422,112.02999877929688,112.52999877929688,296958
2024-07-10 18:30:00,112.5199966430664,112.76000213623047,112.42500305175781,112.66999816894531,553985
2024-07-10 19:30:00,112.6500015258789,112.97000122070312,112.62000274658203,112.94000244140625,616674
2024-07-11 13:30:00,112.93000030517578,113.44000244140625,112.43000030517578,113.26000213623047,385804
2024-07-11 14:30:00,113.25,113.41000366210938,113.05000305175781,113.41000366210938,293058
2024-07-11 15:30:00,113.41000366210938,113.73999786376953,113.16999816894531,113.33000183105469,283388
2024-07-11 16:30:00,113.33300018310547,113.79000091552734,113.26000213623047,113.67070007324219,282760
2024-07-11 17:30:00,113.66999816894531,113.89640045166016,113.5999984741211,113.66000366210938,331513
2024-07-11 18:30:00,113.66999816894531,113.94000244140625,113.66999816894531,113.91500091552734,410994
2024-07-11 19:30:00,113.91999816894531,114.0199966430664,113.7699966430664,113.95999908447266,674122
2024-07-12 13:30:00,114.30999755859375,114.91999816894531,114.0199966430664,114.51499938964844,537581
2024-07-12 14:30:00,114.51000213623047,114.91000366210938,114.44999694824219,114.61000061035156,347134
2024-07-12 15:30:00,114.61000061035156,114.9000015258789,114.5999984741211,114.6500015258789,268034
2024-07-12 16:30:00,114.6500015258789,115.34500122070312,114.63999938964844,115.27999877929688,434040
2024-07-12 17:30:00,115.2699966430664,115.33000183105469,115.07659912109375,115.25499725341797,319533
2024-07-12 18:30:00,115.25,115.33000183105469,115.08000183105469,115.26499938964844,390357
2024-07-12 19:30:00,115.2699966430664,115.3052978515625,114.26000213623047,114.36000061035156,702495
2024-07-15 13:30:00,114.29000091552734,114.30000305175781,113.56999969482422,113.88999938964844,664977
2024-07-15 14:30:00,113.87999725341797,114.44000244140625,113.79000091552734,114.1500015258789,441444
2024-07-15 15:30:00,114.13999938964844,114.3938980102539,113.91000366210938,114.18499755859375,374401
2024-07-15 16:30:00,114.18499755859375,114.2699966430664,114.11000061035156,114.12000274658203,268848
2024-07-15 17:30:00,114.0999984741211,114.13999938964844,113.80000305175781,114.08000183105469,625086
2024-07-15 18:30:00,114.08499908447266,114.30999755859375,113.78500366210938,113.79000091552734,487883
2024-07-15 19:30:00,113.79000091552734,113.81999969482422,113.27999877929688,113.81999969482422,1093167
2024-07-16 13:30:00,113.97000122070312,114.94000244140625,113.91999816894531,114.67500305175781,318116
2024-07-16 14:30:00,114.67500305175781,114.80000305175781,114.29000091552734,114.63999938964844,504870
2024-07-16 15:30:00,114.62999725341797,114.93000030517578,114.5,114.91999816894531,274796
2024-07-16 16:30:00,114.91000366210938,115.08499908447266,114.80999755859375,114.9000015258789,306622
2024-07-16 17:30:00,114.90499877929688,115.23989868164062,114.87000274658203,114.97000122070312,411816
2024-07-16 18:30:00,114.97000122070312,115.05000305175781,114.88500213623047,115.0,424171
2024-07-16 19:30:00,114.98999786376953,115.11000061035156,114.88999938964844,115.0199966430664,700250
2024-07-17 13:30:00,114.8499984741211,115.1500015258789,114.375,114.81999969482422,622825
2024-07-17 14:30:00,114.83999633789062,114.875,114.27999877929688,114.37000274658203,489326
2024-07-17 15:30:00,114.37000274658203,114.61000061035156,114.30999755859375,114.54010009765625,344934
2024-07-17 16:30:00,114.54000091552734,114.58000183105469,114.30999755859375,114.41999816894531,304194
2024-07-17 17:30:00,114.41999816894531,114.5,114.08000183105469,114.12999725341797,452058
2024-07-17 18:30:00,114.13999938964844,114.30000305175781,113.87999725341797,114.05000305175781,481410
2024-07-17 19:30:00,114.04499816894531,114.29000091552734,113.94999694824219,113.98999786376953,700557
2024-07-18 13:30:00,113.81999969482422,114.29000091552734,113.0,113.13999938964844,544095
2024-07-18 14:30:00,113.12999725341797,113.18499755859375,112.69000244140625,112.93499755859375,494246
2024-07-18 15:30:00,112.94000244140625,113.0999984741211,112.0,112.19999694824219,627147
2024-07-18 16:30:00,112.22000122070312,112.45999908447266,112.05000305175781,112.44499969482422,366734
2024-07-18 17:30:00,112.44999694824219,112.93990325927734,112.43000030517578,112.83000183105469,354398
2024-07-18 18:30:00,112.83999633789062,113.05999755859375,112.75,112.88500213623047,496548
2024-07-18 19:30:00,112.87999725341797,113.25,112.83999633789062,113.01000213623047,996714
2024-07-19 13:30:00,113.45999908447266,113.5199966430664,112.87999725341797,113.18000030517578,1400470
2024-07-19 14:30:00,113.16000366210938,113.26000213623047,112.70999908447266,112.72000122070312,284015
2024-07-19 15:30:00,112.70999908447266,112.72000122070312,112.2699966430664,112.3499984741211,286622
2024-07-19 16:30:00,112.3499984741211,112.4000015258789,111.96499633789062,112.07499694824219,305329
2024-07-19 17:30:00,112.06999969482422,112.30000305175781,111.97000122070312,112.125,413597
2024-07-19 18:30:00,112.125,112.44000244140625,111.95999908447266,112.20999908447266,452129
2024-07-19 19:30:00,112.20999908447266,112.29000091552734,111.58999633789062,111.73999786376953,1033935
2024-07-22 13:30:00,112.30000305175781,113.15499877929688,112.09500122070312,113.03500366210938,1017032
2024-07-22 14:30:00,113.02999877929688,113.58989715576172,113.01000213623047,113.25,306530
2024-07-22 15:30:00,113.25,113.37000274658203,112.9800033569336,113.11000061035156,312639
2024-07-22 16:30:00,113.11000061035156,113.56999969482422,113.01599884033203,113.4749984741211,349209
2024-07-22 17:30:00,113.50499725341797,113.58000183105469,113.33999633789062,113.4000015258789,235614
2024-07-22 18:30:00,113.37999725341797,113.51499938964844,113.12000274658203,113.16000366210938,445175
2024-07-22 19:30:00,113.16000366210938,113.33000183105469,112.93000030517578,113.2699966430664,588052
2024-07-23 13:30:00,113.30999755859375,113.98999786376953,113.30999755859375,113.83000183105469,330846
2024-07-23 14:30:00,113.81999969482422,113.88999938964844,113.53009796142578,113.54000091552734,309139
2024-07-23 15:30:00,113.55000305175781,113.69999694824219,113.40010070800781,113.62999725341797,390568
2024-07-23 16:30:00,113.63500213623047,113.6449966430664,113.0999984741211,113.44499969482422,287842
2024-07-23 17:30:00,113.44000244140625,113.88800048828125,113.37999725341797,113.83499908447266,307812
2024-07-23 18:30:00,113.83999633789062,113.88999938964844,113.66000366210938,113.7699966430664,308090
2024-07-23 19:30:00,113.7699966430664,113.7699966430664,113.30000305175781,113.41999816894531,391269
2024-07-24 13:30:00,113.05999755859375,113.13999938964844,111.66999816894531,111.91999816894531,521766
2024-07-24 14:30:00,111.93000030517578,112.0199966430664,111.4800033569336,111.54000091552734,543420
2024-07-24 15:30:00,111.51000213623047,112.08000183105469,111.41999816894531,111.81999969482422,360337
2024-07-24 16:30:00,111.80999755859375,112.06999969482422,111.72000122070312,111.95999908447266,373003
2024-07-24 17:30:00,111.94999694824219,111.98999786376953,111.76000213623047,111.76000213623047,422844
2024-07-24 18:30:00,111.76000213623047,111.80999755859375,111.38999938964844,111.5199966430664,580749
2024-07-24 19:30:00,111.52999877929688,111.5697021484375,111.1500015258789,111.29000091552734,697856
2024-07-25 13:30:00,111.62999725341797,112.2300033569336,111.5,111.80000305175781,468168
2024-07-25 14:30:00,111.81500244140625,112.19000244140625,111.19000244140625,112.1272964477539,338652
2024-07-25 15:30:00,112.12999725341797,112.5999984741211,112.05000305175781,112.58999633789062,324807
2024-07-25 16:30:00,112.56999969482422,112.5999984741211,112.12000274658203,112.25,250194
2024-07-25 17:30:00,112.26000213623047,112.3489990234375,111.83999633789062,111.8499984741211,256380
2024-07-25 18:30:00,111.83869934082031,111.94999694824219,111.30999755859375,111.88999938964844,320705
2024-07-25 19:30:00,111.93000030517578,111.93000030517578,111.25,111.27999877929688,627644
2024-07-26 13:30:00,111.76000213623047,112.25,111.73999786376953,112.1500015258789,336202
2024-07-26 14:30:00,112.1500015258789,112.18000030517578,111.73500061035156,111.87999725341797,479791
2024-07-26 15:30:00,111.87999725341797,112.25,111.83999633789062,112.04499816894531,459754
2024-07-26 16:30:00,112.05000305175781,112.48999786376953,112.05000305175781,112.4800033569336,193261
2024-07-26 17:30:00,112.4800033569336,112.5199966430664,111.80999755859375,111.80999755859375,289798
2024-07-26 18:30:00,111.81500244140625,112.05999755859375,111.58000183105469,112.01000213623047,474530
2024-07-26 19:30:00,112.01000213623047,112.19000244140625,111.51000213623047,111.83999633789062,898847
2024-07-29 13:30:00,111.80999755859375,112.16000366210938,111.18000030517578,111.85980224609375,365921
2024-07-29 14:30:00,111.83000183105469,112.20249938964844,111.66000366210938,112.11000061035156,219127
2024-07-29 15:30:00,112.11000061035156,112.75499725341797,111.95999908447266,112.68000030517578,193437
2024-07-29 16:30:00,112.68000030517578,112.83000183105469,112.5999984741211,112.68000030517578,167016
2024-07-29 17:30:00,112.66000366210938,112.80999755859375,112.54499816894531,112.55999755859375,227939
2024-07-29 18:30:00,112.55999755859375,112.9800033569336,112.5199966430664,112.88999938964844,240669
2024-07-29 19:30:00,112.87999725341797,112.9000015258789,112.5199966430664,112.58999633789062,435157
2024-07-30 13:30:00,112.76000213623047,113.19999694824219,112.71499633789062,113.06069946289062,684767
2024-07-30 14:30:00,113.06500244140625,113.31999969482422,113.0,113.0199966430664,188629
2024-07-30 15:30:00,113.00039672851562,113.1500015258789,112.8499984741211,112.94999694824219,171173
2024-07-30 16:30:00,112.94999694824219,113.13999938964844,112.6449966430664,112.68000030517578,204801
2024-07-30 17:30:00,112.69499969482422,113.04000091552734,112.6760025024414,113.00499725341797,150766
2024-07-30 18:30:00,112.98999786376953,113.0999984741211,112.66999816894531,112.69000244140625,345314
2024-07-30 19:30:00,112.68000030517578,113.36000061035156,112.68000030517578,113.25,471370
2024-07-31 13:30:00,113.69999694824219,113.83000183105469,113.16000366210938,113.44000244140625,468747
2024-07-31 14:30:00,113.45999908447266,113.7300033569336,113.2699966430664,113.33499908447266,474338
2024-07-31 15:30:00,113.31999969482422,113.36000061035156,113.08000183105469,113.2300033569336,284323
2024-07-31 16:30:00,113.21499633789062,113.22000122070312,113.00340270996094,113.05000305175781,239436
2024-07-31 17:30:00,113.04000091552734,113.37000274658203,112.93499755859375,113.33000183105469,522490
2024-07-31 18:30:00,113.31999969482422,113.62000274658203,113.12999725341797,113.22000122070312,443236
2024-07-31 19:30:00,113.20999908447266,113.41000366210938,113.0,113.0199966430664,695284
2024-08-01 13:30:00,113.79000091552734,113.95809936523438,113.22000122070312,113.27999877929688,485113
2024-08-01 14:30:00,113.29499816894531,113.30999755859375,112.72000122070312,112.74500274658203,303155
2024-08-01 15:30:00,112.73999786376953,113.11000061035156,112.69499969482422,113.0199966430664,261037
2024-08-01 16:30:00,113.0199966430664,113.41999816894531,112.90979766845703,113.33000183105469,285042
2024-08-01 17:30:00,113.31999969482422,113.5199966430664,113.05999755859375,113.13999938964844,219904
2024-08-01 18:30:00,113.14830017089844,113.4000015258789,113.06999969482422,113.3949966430664,309933
2024-08-01 19:30:00,113.44000244140625,113.79000091552734,113.3499984741211,113.6500015258789,501034
2024-08-02 13:30:00,113.06999969482422,114.19000244140625,112.51000213623047,112.5199966430664,577313
2024-08-02 14:30:00,112.5,112.5,111.61499786376953,111.94000244140625,407753
2024-08-02 15:30:00,111.94999694824219,112.54000091552734,111.72000122070312,112.54000091552734,462408
2024-08-02 16:30:00,112.5199966430664,112.69999694824219,112.41000366210938,112.62999725341797,227563
2024-08-02 17:30:00,112.6449966430664,112.6500015258789,112.09500122070312,112.63999938964844,235429
2024-08-02 18:30:00,112.62999725341797,112.80000305175781,112.37000274658203,112.7699966430664,258889
2024-08-02 19:30:00,112.79499816894531,113.16999816894531,112.58999633789062,113.13999938964844,468263
2024-08-05 13:30:00,111.55999755859375,112.48999786376953,109.3499984741211,109.37999725341797,1076653
2024-08-05 14:30:00,109.41999816894531,109.95999908447266,109.04000091552734,109.66000366210938,630054
2024-08-05 15:30:00,109.68499755859375,109.91999816894531,109.31999969482422,109.52999877929688,481239
2024-08-05 16:30:00,109.51000213623047,109.51000213623047,108.27999877929688,108.43000030517578,573763
2024-08-05 17:30:00,108.41999816894531,108.87000274658203,108.30999755859375,108.41999816894531,463164
2024-08-05 18:30:00,108.38999938964844,108.4000015258789,107.83000183105469,108.08000183105469,722024
2024-08-05 19:30:00,108.08999633789062,108.9000015258789,108.08999633789062,108.9000015258789,1383408
2024-08-06 13:30:00,109.27999877929688,110.5,108.56009674072266,110.12000274658203,570248
2024-08-06 14:30:00,110.13999938964844,110.25,109.7699966430664,109.84500122070312,417927
2024-08-06 15:30:00,109.86000061035156,110.41000366210938,109.66999816894531,110.12999725341797,340189
2024-08-06 16:30:00,110.12000274658203,110.55000305175781,110.06999969482422,110.27999877929688,295858
2024-08-06 17:30:00,110.29000091552734,110.44000244140625,109.9801025390625,110.22000122070312,342039
2024-08-06 18:30:00,110.20999908447266,110.43000030517578,109.79000091552734,110.12000274658203,579521
2024-08-06 19:30:00,110.12999725341797,110.36000061035156,109.37999725341797,109.41000366210938,825173
2024-08-07 13:30:00,109.9000015258789,110.54000091552734,109.33000183105469,110.11000061035156,640928
2024-08-07 14:30:00,110.12999725341797,111.02999877929688,109.9800033569336,110.1500015258789,690251
2024-08-07 15:30:00,110.1449966430664,110.375,109.76000213623047,109.88999938964844,364311
2024-08-07 16:30:00,109.8949966430664,109.91000366210938,109.13999938964844,109.2699966430664,435110
2024-08-07 17:30:00,109.27999877929688,109.4800033569336,108.69499969482422,108.78500366210938,425983
2024-08-07 18:30:00,108.77999877929688,108.82990264892578,108.40709686279297,108.48999786376953,373664
2024-08-07 19:30:00,108.47000122070312,108.4800033569336,107.76000213623047,107.97000122070312,781207
2024-08-08 13:30:00,108.51000213623047,109.83000183105469,108.2699966430664,109.70999908447266,451267
2024-08-08 14:30:00,109.70999908447266,109.73999786376953,109.29000091552734,109.31999969482422,389143
2024-08-08 15:30:00,109.33000183105469,109.5,109.0199966430664,109.04000091552734,272599
2024-08-08 16:30:00,109.04000091552734,109.58999633789062,108.9000015258789,109.55000305175781,444444
2024-08-08 17:30:00,109.55000305175781,109.80999755859375,109.54000091552734,109.63999938964844,208025
2024-08-08 18:30:00,109.64579772949219,109.9800033569336,109.38999938964844,109.75,315624
2024-08-08 19:30:00,109.7300033569336,110.02999877929688,109.41999816894531,109.91999816894531,788735
2024-08-09 13:30:00,109.68000030517578,110.6500015258789,109.4749984741211,110.4374008178711,2921809
2024-08-09 14:30:00,110.43000030517578,110.75,110.13999938964844,110.62000274658203,286992
2024-08-09 15:30:00,110.62000274658203,110.81999969482422,110.4000015258789,110.4000015258789,197132
2024-08-09 16:30:00,110.4000015258789,110.94000244140625,110.38999938964844,110.94000244140625,219354
2024-08-09 17:30:00,110.94000244140625,111.0,110.44499969482422,110.52999877929688,282749
2024-08-09 18:30:00,110.5199966430664,110.87999725341797,110.5,110.79000091552734,405944
2024-08-09 19:30:00,110.80000305175781,110.8499984741211,110.5,110.66000366210938,531151
2024-08-12 13:30:00,111.06999969482422,111.16000366210938,110.16000366210938,110.58999633789062,411039
2024-08-12 14:30:00,110.61000061035156,111.23999786376953,110.59500122070312,110.94000244140625,385999
2024-08-12 15:30:00,110.94000244140625,111.38999938964844,110.8302001953125,111.18000030517578,203735
2024-08-12 16:30:00,111.19000244140625,111.55000305175781,111.12000274658203,111.27999877929688,167849
2024-08-12 17:30:00,111.27999877929688,111.34989929199219,111.0199966430664,111.12000274658203,301375
2024-08-12 18:30:00,111.12000274658203,111.12999725341797,110.66999816894531,110.70500183105469,342617
2024-08-12 19:30:00,110.69999694824219,111.47000122070312,110.69499969482422,111.44000244140625,704729
2024-08-13 13:30:00,111.3499984741211,111.71499633789062,110.43000030517578,110.9000015258789,435613
2024-08-13 14:30:00,110.91000366210938,110.94999694824219,110.68000030517578,110.7300033569336,285424
2024-08-13 15:30:00,110.7300033569336,111.01000213623047,110.62000274658203,110.63999938964844,391255
2024-08-13 16:30:00,110.66999816894531,110.93000030517578,110.57499694824219,110.75689697265625,458457
2024-08-13 17:30:00,110.7699966430664,111.05999755859375,110.75640106201172,111.01000213623047,230118
2024-08-13 18:30:00,111.01000213623047,111.26000213623047,110.81099700927734,111.16999816894531,415403
2024-08-13 19:30:00,111.16000366210938,111.33999633789062,110.94000244140625,111.02999877929688,863341
2024-08-14 13:30:00,108.2300033569336,109.77999877929688,107.70999908447266,109.73500061035156,1305253
2024-08-14 14:30:00,109.73500061035156,110.31999969482422,109.48999786376953,110.0999984741211,604511
2024-08-14 15:30:00,110.0999984741211,110.29000091552734,109.69000244140625,109.71499633789062,521156
2024-08-14 16:30:00,109.71499633789062,109.88999938964844,109.48999786376953,109.62999725341797,560814
2024-08-14 17:30:00,109.62999725341797,109.7300033569336,109.41999816894531,109.61000061035156,403937
2024-08-14 18:30:00,109.62999725341797,109.98999786376953,109.58000183105469,109.62000274658203,437980
2024-08-14 19:30:00,109.5999984741211,109.63999938964844,108.94000244140625,109.04000091552734,1330683
2024-08-15 13:30:00,110.56999969482422,111.62000274658203,110.28500366210938,110.47000122070312,809698
2024-08-15 14:30:00,110.45999908447266,110.76000213623047,110.23999786376953,110.62000274658203,429568
2024-08-15 15:30:00,110.62000274658203,111.01499938964844,110.62000274658203,111.0,462819
2024-08-15 16:30:00,111.0,111.05500030517578,110.8499984741211,110.9800033569336,386592
2024-08-15 17:30:00,110.9800033569336,111.16000366210938,110.9800033569336,111.13500213623047,415594
2024-08-15 18:30:00,111.13500213623047,111.68499755859375,111.12999725341797,111.56500244140625,667526
2024-08-15 19:30:00,111.56500244140625,111.70999908447266,111.16999816894531,111.4800033569336,1097489
2024-08-16 13:30:00,111.44000244140625,111.95999908447266,110.95500183105469,111.26000213623047,742367
2024-08-16 14:30:00,111.26000213623047,111.4000015258789,111.0,111.29000091552734,534943
2024-08-16 15:30:00,111.30000305175781,111.52999877929688,111.26000213623047,111.5199966430664,276808
2024-08-16 16:30:00,111.5199966430664,111.86990356445312,111.5199966430664,111.69000244140625,281890
2024-08-16 17:30:00,111.69999694824219,111.88500213623047,111.59500122070312,111.6050033569336,323370
2024-08-16 18:30:00,111.61000061035156,111.66999816894531,111.44499969482422,111.58000183105469,416422
2024-08-16 19:30:00,111.57499694824219,111.7249984741211,111.4000015258789,111.45500183105469,792029
2024-08-19 13:30:00,111.87000274658203,112.59500122070312,111.81999969482422,111.91999816894531,2614872
2024-08-19 14:30:00,111.91000366210938,112.19000244140625,111.80999755859375,112.11000061035156,475798
2024-08-19 15:30:00,112.12999725341797,112.41999816894531,112.05999755859375,112.37000274658203,402095
2024-08-19 16:30:00,112.37999725341797,112.69999694824219,112.29000091552734,112.29000091552734,429952
2024-08-19 17:30:00,112.27999877929688,112.27999877929688,111.97000122070312,112.08000183105469,580657
2024-08-19 18:30:00,112.08499908447266,112.26000213623047,112.02999877929688,112.16000366210938,505327
2024-08-19 19:30:00,112.16999816894531,112.54000091552734,112.16000366210938,112.5,852462
2024-08-20 13:30:00,113.04000091552734,113.16000366210938,112.56999969482422,112.62999725341797,1254548
2024-08-20 14:30:00,112.62000274658203,112.95999908447266,112.5000991821289,112.76000213623047,636262
2024-08-20 15:30:00,112.73999786376953,112.83999633789062,112.41999816894531,112.6050033569336,498950
2024-08-20 16:30:00,112.5999984741211,112.72000122070312,112.36000061035156,112.66000366210938,579056
2024-08-20 17:30:00,112.63999938964844,112.80000305175781,112.54499816894531,112.73870086669922,469841
2024-08-20 18:30:00,112.7300033569336,113.05000305175781,112.66999816894531,112.95500183105469,748976
2024-08-20 19:30:00,112.95999908447266,113.48999786376953,112.75,113.3499984741211,1183737
2024-08-21 13:30:00,119.88999938964844,120.16000366210938,117.91300201416016,119.97859954833984,3055962
2024-08-21 14:30:00,119.94999694824219,120.31999969482422,118.95999908447266,119.83000183105469,1564755
2024-08-21 15:30:00,119.80999755859375,120.88999938964844,119.66999816894531,120.18000030517578,1926097
2024-08-21 16:30:00,120.16999816894531,120.52999877929688,119.83000183105469,120.23500061035156,659885
2024-08-21 17:30:00,120.2300033569336,120.5199966430664,119.80999755859375,120.0199966430664,697927
2024-08-21 18:30:00,120.02999877929688,120.07499694824219,119.4000015258789,119.9000015258789,883891
2024-08-21 19:30:00,119.88999938964844,120.27999877929688,119.68000030517578,120.19000244140625,1397423
2024-08-22 13:30:00,119.0199966430664,120.87999725341797,119.0199966430664,120.70999908447266,1730050
2024-08-22 14:30:00,120.69000244140625,121.05999755859375,119.95999908447266,120.08999633789062,669362
2024-08-22 15:30:00,120.08499908447266,120.4000015258789,119.66000366210938,119.68000030517578,586892
2024-08-22 16:30:00,119.68000030517578,119.83999633789062,119.23999786376953,119.38999938964844,623138
2024-08-22 17:30:00,119.38999938964844,119.625,119.13999938964844,119.625,494228
2024-08-22 18:30:00,119.625,119.7699966430664,119.33999633789062,119.44000244140625,577851
2024-08-22 19:30:00,119.44999694824219,119.73799896240234,118.73999786376953,119.0,1067427
2024-08-23 13:30:00,120.12999725341797,120.54000091552734,119.33769989013672,119.43000030517578,754563
2024-08-23 14:30:00,119.44000244140625,119.52999877929688,118.47000122070312,119.20999908447266,479954
2024-08-23 15:30:00,119.22000122070312,119.47000122070312,118.96499633789062,119.16000366210938,354968
2024-08-23 16:30:00,119.16000366210938,119.3499984741211,118.86499786376953,119.08000183105469,452679
2024-08-23 17:30:00,119.08000183105469,119.44000244140625,119.08000183105469,119.27999877929688,305197
2024-08-23 18:30:00,119.29000091552734,119.47000122070312,119.04000091552734,119.44999694824219,385006
2024-08-23 19:30:00,119.45999908447266,119.52999877929688,119.25,119.44000244140625,686731
2024-08-26 13:30:00,119.66999816894531,120.62000274658203,119.66999816894531,120.31990051269531,643473
2024-08-26 14:30:00,120.30999755859375,120.51000213623047,120.16000366210938,120.44000244140625,381652
2024-08-26 15:30:00,120.43000030517578,120.4800033569336,120.19999694824219,120.44999694824219,308874
2024-08-26 16:30:00,120.44999694824219,120.63849639892578,120.36000061035156,120.4800033569336,344530
2024-08-26 17:30:00,120.45999908447266,120.6500015258789,120.05000305175781,120.11000061035156,362026
2024-08-26 18:30:00,120.11000061035156,120.2300033569336,119.94000244140625,120.05999755859375,409007
2024-08-26 19:30:00,120.08000183105469,120.16999816894531,119.82499694824219,120.12000274658203,644679
2024-08-27 13:30:00,119.48999786376953,120.06999969482422,119.19000244140625,119.86000061035156,661215
2024-08-27 14:30:00,119.86000061035156,120.19000244140625,119.61000061035156,120.1449966430664,329764
2024-08-27 15:30:00,120.12999725341797,120.47000122070312,119.98500061035156,120.37000274658203,527180
2024-08-27 16:30:00,120.36000061035156,120.48999786376953,120.25,120.48999786376953,591443
2024-08-27 17:30:00,120.4800033569336,120.52999877929688,119.91999816894531,119.9800033569336,419592
2024-08-27 18:30:00,119.97000122070312,120.19499969482422,119.87120056152344,120.11499786376953,397390
2024-08-27 19:30:00,120.11499786376953,120.30500030517578,119.9800033569336,120.08000183105469,712109
2024-08-28 13:30:00,120.5,120.9198989868164,120.06999969482422,120.91000366210938,798185
2024-08-28 14:30:00,120.90499877929688,121.12999725341797,120.20999908447266,120.27999877929688,453030
2024-08-28 15:30:00,120.29000091552734,120.36499786376953,119.67500305175781,119.72000122070312,262049
2024-08-28 16:30:00,119.70999908447266,119.80000305175781,119.4800033569336,119.58999633789062,192857
2024-08-28 17:30:00,119.60790252685547,119.70500183105469,119.2300033569336,119.2300033569336,252414
2024-08-28 18:30:00,119.25,119.62000274658203,119.12999725341797,119.37999725341797,293243
2024-08-28 19:30:00,119.37000274658203,119.48999786376953,119.22000122070312,119.30000305175781,511160
2024-08-29 13:30:00,119.30000305175781,119.94000244140625,118.48500061035156,118.7750015258789,632063
2024-08-29 14:30:00,118.79000091552734,119.11000061035156,118.44000244140625,118.61489868164062,420739
2024-08-29 15:30:00,118.61499786376953,118.78690338134766,118.18049621582031,118.26499938964844,420644
2024-08-29 16:30:00,118.26499938964844,118.38999938964844,117.69999694824219,117.73999786376953,540099
2024-08-29 17:30:00,117.7300033569336,118.33000183105469,117.5199966430664,117.73999786376953,569658
2024-08-29 18:30:00,117.7300033569336,117.80000305175781,117.31999969482422,117.55999755859375,651632
2024-08-29 19:30:00,117.56999969482422,117.5999984741211,117.2300033569336,117.37000274658203,830641
2024-08-30 13:30:00,117.5,117.69000244140625,116.70999908447266,116.78500366210938,464902
2024-08-30 14:30:00,116.78500366210938,116.91999816894531,116.4800033569336,116.54000091552734,392492
2024-08-30 15:30:00,116.52999877929688,116.69000244140625,116.33999633789062,116.33999633789062,389633
2024-08-30 16:30:00,116.33000183105469,116.5999984741211,116.25,116.44999694824219,262078
2024-08-30 17:30:00,116.47000122070312,116.89009857177734,116.45999908447266,116.83999633789062,308647
2024-08-30 18:30:00,116.83999633789062,117.08999633789062,116.83999633789062,117.0,390703
2024-08-30 19:30:00,117.01000213623047,117.33000183105469,116.91999816894531,117.2300033569336,935593
2024-09-03 13:30:00,117.68000030517578,118.08999633789062,117.16999816894531,117.66000366210938,645733
2024-09-03 14:30:00,117.63999938964844,118.2300033569336,117.4800033569336,117.72000122070312,439935
2024-09-03 15:30:00,117.7249984741211,117.87999725341797,117.45999908447266,117.5199966430664,358221
2024-09-03 16:30:00,117.5,117.54000091552734,117.16999816894531,117.51000213623047,284411
2024-09-03 17:30:00,117.51000213623047,117.716796875,117.41000366210938,117.55840301513672,309395
2024-09-03 18:30:00,117.55000305175781,117.5999984741211,117.16010284423828,117.37000274658203,409112
2024-09-03 19:30:00,117.37999725341797,117.55000305175781,116.66000366210938,117.55000305175781,865627
2024-09-04 13:30:00,117.08999633789062,117.81999969482422,116.73999786376953,117.26000213623047,503566
2024-09-04 14:30:00,117.2699966430664,117.30480194091797,116.93000030517578,117.16000366210938,439966
2024-09-04 15:30:00,117.15499877929688,117.25499725341797,116.95500183105469,117.06999969482422,395469
2024-09-04 16:30:00,117.08999633789062,117.25499725341797,116.66000366210938,116.77999877929688,663368
2024-09-04 17:30:00,116.7699966430664,116.90499877929688,116.58000183105469,116.8550033569336,619416
2024-09-04 18:30:00,116.8499984741211,117.0,116.65499877929688,116.94000244140625,561302
2024-09-04 19:30:00,116.94000244140625,117.58999633789062,116.88999938964844,117.47000122070312,1065359
2024-09-05 13:30:00,117.62000274658203,117.9000015258789,116.6500015258789,116.97360229492188,419662
2024-09-05 14:30:00,116.97000122070312,117.02999877929688,116.45999908447266,116.5199966430664,401663
2024-09-05 15:30:00,116.53970336914062,116.9000015258789,116.52999877929688,116.86000061035156,399166
2024-09-05 16:30:00,116.86000061035156,117.1449966430664,116.7699966430664,116.94000244140625,318445
2024-09-05 17:30:00,116.94000244140625,117.54000091552734,116.94000244140625,117.51000213623047,373371
2024-09-05 18:30:00,117.5,117.86000061035156,117.37999725341797,117.70500183105469,680291
2024-09-05 19:30:00,117.69999694824219,118.13999938964844,117.66999816894531,118.0199966430664,1300370
2024-09-06 13:30:00,117.69000244140625,118.13960266113281,116.94000244140625,117.12999725341797,406777
2024-09-06 14:30:00,117.13999938964844,117.16500091552734,116.38999938964844,116.47000122070312,326871
2024-09-06 15:30:00,116.47000122070312,116.55000305175781,115.91000366210938,115.98680114746094,313327
2024-09-06 16:30:00,115.9800033569336,116.20999908447266,115.83000183105469,115.9000015258789,326094
2024-09-06 17:30:00,115.88999938964844,116.36000061035156,115.88999938964844,116.22000122070312,352348
2024-09-06 18:30:00,116.20999908447266,116.33000183105469,115.98500061035156,116.18000030517578,429019
2024-09-06 19:30:00,116.16999816894531,116.23500061035156,115.40499877929688,115.62999725341797,825537
2024-09-09 13:30:00,116.0,117.0999984741211,115.8949966430664,117.0199966430664,617937
2024-09-09 14:30:00,117.0199966430664,117.33000183105469,116.80999755859375,117.18000030517578,302614
2024-09-09 15:30:00,117.16999816894531,117.5199966430664,117.16999816894531,117.41500091552734,292298
2024-09-09 16:30:00,117.41500091552734,117.7300033569336,117.4000015258789,117.55500030517578,384274
2024-09-09 17:30:00,117.55000305175781,117.58999633789062,117.33000183105469,117.38500213623047,351984
2024-09-09 18:30:00,117.4000015258789,117.43000030517578,117.05000305175781,117.20999908447266,451468
2024-09-09 19:30:00,117.20999908447266,117.21649932861328,116.83000183105469,117.02999877929688,742602
2024-09-10 13:30:00,117.44999694824219,117.86000061035156,116.8499984741211,117.56999969482422,519504
2024-09-10 14:30:00,117.62999725341797,117.6500015258789,117.33000183105469,117.61000061035156,356237
2024-09-10 15:30:00,117.5999984741211,117.79910278320312,117.41000366210938,117.7300033569336,460862
2024-09-10 16:30:00,117.70999908447266,117.93000030517578,117.56999969482422,117.69539642333984,318141
2024-09-10 17:30:00,117.69999694824219,118.08000183105469,117.66000366210938,118.04499816894531,288280
2024-09-10 18:30:00,118.04000091552734,118.23999786376953,118.02770233154297,118.12000274658203,327807
2024-09-10 19:30:00,118.12000274658203,118.41000366210938,117.83000183105469,117.83000183105469,664510
2024-09-11 13:30:00,117.93000030517578,117.93000030517578,116.5999984741211,116.61499786376953,504413
2024-09-11 14:30:00,116.61499786376953,116.80500030517578,116.37999725341797,116.5199966430664,343555
2024-09-11 15:30:00,116.5199966430664,117.0,116.4000015258789,116.94999694824219,220291
2024-09-11 16:30:00,116.9800033569336,117.12999725341797,116.75,116.83000183105469,321605
2024-09-11 17:30:00,116.8499984741211,117.70999908447266,116.83999633789062,117.36000061035156,364361
2024-09-11 18:30:00,117.37999725341797,117.75,117.33999633789062,117.65489959716797,282302
2024-09-11 19:30:00,117.66000366210938,117.93000030517578,117.3499984741211,117.80999755859375,590825
2024-09-12 13:30:00,117.81999969482422,118.2249984741211,117.63999938964844,118.12000274658203,396881
2024-09-12 14:30:00,118.12000274658203,118.20999908447266,117.75,117.75,299723
2024-09-12 15:30:00,117.76000213623047,117.9000015258789,117.69999694824219,117.75,243889
2024-09-12 16:30:00,117.75499725341797,118.25,117.70999908447266,118.18000030517578,274871
2024-09-12 17:30:00,118.2300033569336,118.52999877929688,118.22000122070312,118.37999725341797,253042
2024-09-12 18:30:00,118.375,118.41000366210938,117.91999816894531,118.28500366210938,313844
2024-09-12 19:30:00,118.2699966430664,118.46749877929688,118.0999984741211,118.22000122070312,539095
2024-09-13 13:30:00,118.73899841308594,119.12000274658203,118.37000274658203,119.0,491366
2024-09-13 14:30:00,119.01000213623047,119.09500122070312,118.72000122070312,119.02690124511719,259200
2024-09-13 15:30:00,119.04000091552734,119.80999755859375,119.04000091552734,119.5199966430664,767536
2024-09-13 16:30:00,119.51000213623047,119.93499755859375,119.44000244140625,119.88999938964844,426175
2024-09-13 17:30:00,119.88999938964844,120.01000213623047,119.55500030517578,119.5625,334121
2024-09-13 18:30:00,119.55999755859375,119.80000305175781,119.47000122070312,119.70999908447266,452803
2024-09-13 19:30:00,119.69999694824219,119.83000183105469,119.63999938964844,119.80999755859375,484735
2024-09-16 13:30:00,120.43000030517578,120.75,119.51000213623047,119.72000122070312,530086
2024-09-16 14:30:00,119.72000122070312,120.0,119.5824966430664,119.76499938964844,370398
2024-09-16 15:30:00,119.79000091552734,119.9000015258789,119.57499694824219,119.9000015258789,211764
2024-09-16 16:30:00,119.90499877929688,119.97989654541016,119.74500274658203,119.86000061035156,211718
2024-09-16 17:30:00,119.86000061035156,119.86000061035156,119.51499938964844,119.7699966430664,241202
2024-09-16 18:30:00,119.7750015258789,120.08999633789062,119.69000244140625,119.72000122070312,368728
2024-09-16 19:30:00,119.70999908447266,119.73999786376953,119.4800033569336,119.62999725341797,461344
2024-09-17 13:30:00,119.52999877929688,120.23999786376953,119.45999908447266,119.69999694824219,514044
2024-09-17 14:30:00,119.73999786376953,119.73999786376953,119.08000183105469,119.20999908447266,309634
2024-09-17 15:30:00,119.20999908447266,119.2699966430664,118.58000183105469,118.63999938964844,222447
2024-09-17 16:30:00,118.62999725341797,118.66999816894531,118.02999877929688,118.25,284912
2024-09-17 17:30:00,118.25,118.52999877929688,117.93000030517578,118.06999969482422,322104
2024-09-17 18:30:00,118.06999969482422,118.19999694824219,117.56999969482422,117.5999984741211,501838
2024-09-17 19:30:00,117.58999633789062,117.9000015258789,117.47000122070312,117.88999938964844,899165
2024-09-18 13:30:00,117.55999755859375,118.41999816894531,117.5199966430664,117.8949966430664,421164
2024-09-18 14:30:00,117.88999938964844,117.931396484375,117.58999633789062,117.66000366210938,341677
2024-09-18 15:30:00,117.66000366210938,117.73999786376953,117.4800033569336,117.54750061035156,223742
2024-09-18 16:30:00,117.55000305175781,117.92500305175781,117.54000091552734,117.86000061035156,195080
2024-09-18 17:30:00,117.86000061035156,118.38999938964844,117.5,117.9000015258789,329691
2024-09-18 18:30:00,117.91000366210938,118.0999984741211,117.43000030517578,117.75,477769
2024-09-18 19:30:00,117.76000213623047,117.81999969482422,117.05999755859375,117.25,561147
2024-09-19 13:30:00,118.5199966430664,118.73999786376953,117.75,118.24500274658203,433083
2024-09-19 14:30:00,118.23500061035156,118.5199966430664,118.12999725341797,118.33000183105469,267813
2024-09-19 15:30:00,118.31500244140625,118.58000183105469,118.21499633789062,118.5,236248
2024-09-19 16:30:00,118.5199966430664,118.62989807128906,118.31500244140625,118.43000030517578,208969
2024-09-19 17:30:00,118.44000244140625,118.62000274658203,118.25,118.30999755859375,268122
2024-09-19 18:30:00,118.31999969482422,118.5199966430664,118.2699966430664,118.38500213623047,367650
2024-09-19 19:30:00,118.37999725341797,118.37999725341797,118.0999984741211,118.30000305175781,609342
2024-09-20 13:30:00,117.76000213623047,118.5,117.76000213623047,118.26000213623047,1259662
2024-09-20 14:30:00,118.2699966430664,118.33999633789062,117.76000213623047,117.94999694824219,279125
2024-09-20 15:30:00,117.94999694824219,118.16999816894531,117.91000366210938,118.08000183105469,210286
2024-09-20 16:30:00,118.08000183105469,118.29000091552734,117.97000122070312,118.23999786376953,195903
2024-09-20 17:30:00,118.25,118.26000213623047,117.87999725341797,117.90499877929688,205364
2024-09-20 18:30:00,117.90499877929688,117.91999816894531,117.6500015258789,117.6709976196289,246212
2024-09-20 19:30:00,117.66999816894531,117.94999694824219,117.5510025024414,117.9000015258789,569625
2024-09-23 13:30:00,118.52999877929688,118.55999755859375,117.20999908447266,117.31500244140625,430507
2024-09-23 14:30:00,117.32499694824219,117.34500122070312,116.44000244140625,116.7300033569336,379778
2024-09-23 15:30:00,116.75,117.12999725341797,116.62000274658203,117.12000274658203,263476
2024-09-23 16:30:00,117.125,117.33999633789062,117.08000183105469,117.26000213623047,219395
2024-09-23 17:30:00,117.29000091552734,117.36499786376953,116.94000244140625,117.05999755859375,212153
2024-09-23 18:30:00,117.05999755859375,117.11000061035156,116.87999725341797,116.9800033569336,274831
2024-09-23 19:30:00,116.98999786376953,117.2300033569336,116.87000274658203,117.12999725341797,522684
2024-09-24 13:30:00,117.2300033569336,117.63999938964844,116.29000091552734,116.87999725341797,494711
2024-09-24 14:30:00,116.9000015258789,117.5999984741211,116.88999938964844,117.41500091552734,449662
2024-09-24 15:30:00,117.41500091552734,117.56999969482422,117.04000091552734,117.26000213623047,264742
2024-09-24 16:30:00,117.2699966430664,117.36000061035156,117.08000183105469,117.16000366210938,191990
2024-09-24 17:30:00,117.16999816894531,117.3915023803711,117.16000366210938,117.30000305175781,338801
2024-09-24 18:30:00,117.29000091552734,117.41999816894531,117.18000030517578,117.38999938964844,214793
2024-09-24 19:30:00,117.38500213623047,117.76000213623047,117.19999694824219,117.69000244140625,491097
2024-09-25 13:30:00,118.08499908447266,118.08499908447266,117.1050033569336,117.5,375806
2024-09-25 14:30:00,117.5,117.63999938964844,117.22000122070312,117.33000183105469,284024
2024-09-25 15:30:00,117.33999633789062,117.63999938964844,117.31999969482422,117.37999725341797,198619
2024-09-25 16:30:00,117.37999725341797,117.41000366210938,117.22000122070312,117.36000061035156,183742
2024-09-25 17:30:00,117.34660339355469,117.41000366210938,117.12000274658203,117.37000274658203,223560
2024-09-25 18:30:00,117.36000061035156,117.73999786376953,117.3499984741211,117.66000366210938,305016
2024-09-25 19:30:00,117.66000366210938,118.16000366210938,117.54000091552734,118.13999938964844,559211
2024-09-26 13:30:00,118.5,118.8499984741211,117.58999633789062,118.13999938964844,472900
2024-09-26 14:30:00,118.1500015258789,118.32990264892578,117.69999694824219,117.94000244140625,371983
2024-09-26 15:30:00,117.93000030517578,118.1500015258789,117.76499938964844,117.95999908447266,345521
2024-09-26 16:30:00,117.94999694824219,118.08000183105469,117.80000305175781,118.0,239503
2024-09-26 17:30:00,118.0199966430664,118.08000183105469,117.80000305175781,117.91000366210938,285145
2024-09-26 18:30:00,117.88999938964844,117.88999938964844,117.51000213623047,117.69999694824219,410062
2024-09-26 19:30:00,117.69000244140625,118.20999908447266,117.6500015258789,118.04000091552734,509216
2024-09-27 13:30:00,117.69000244140625,118.0,117.29499816894531,117.70999908447266,345106
2024-09-27 14:30:00,117.69999694824219,118.04000091552734,117.43000030517578,118.01370239257812,298463
2024-09-27 15:30:00,118.01000213623047,118.04000091552734,117.41000366210938,117.4800033569336,318722
2024-09-27 16:30:00,117.48999786376953,117.8499984741211,117.31500244140625,117.76000213623047,292153
2024-09-27 17:30:00,117.76499938964844,117.875,117.55000305175781,117.66000366210938,257324
2024-09-27 18:30:00,117.66000366210938,117.7699966430664,117.45899963378906,117.68000030517578,283245
2024-09-27 19:30:00,117.66999816894531,117.80999755859375,117.45999908447266,117.48999786376953,417317
2024-09-30 13:30:00,117.55999755859375,117.86000061035156,116.56999969482422,116.57499694824219,351071
2024-09-30 14:30:00,116.58999633789062,117.19999694824219,116.54000091552734,117.09230041503906,297970
2024-09-30 15:30:00,117.16999816894531,117.38999938964844,117.04000091552734,117.29000091552734,289296
2024-09-30 16:30:00,117.30000305175781,117.36609649658203,117.19000244140625,117.27999877929688,186591
2024-09-30 17:30:00,117.30000305175781,117.5,117.09500122070312,117.33000183105469,289917
2024-09-30 18:30:00,117.30999755859375,117.5199966430664,117.08000183105469,117.1500015258789,591212
2024-09-30 19:30:00,117.1500015258789,117.69999694824219,117.0999984741211,117.44999694824219,903549
2024-10-01 13:30:00,117.5,117.5250015258789,115.72000122070312,116.4800033569336,1133788
2024-10-01 14:30:00,116.45500183105469,116.52999877929688,115.98500061035156,116.12999725341797,478021
2024-10-01 15:30:00,116.12999725341797,116.55000305175781,116.0,116.18000030517578,1078990
2024-10-01 16:30:00,116.16999816894531,116.44000244140625,115.98999786376953,116.38500213623047,726155
2024-10-01 17:30:00,116.4000015258789,117.4000015258789,116.37999725341797,117.20500183105469,690486
2024-10-01 18:30:00,117.19999694824219,117.33000183105469,117.0779037475586,117.13500213623047,466282
2024-10-01 19:30:00,117.12000274658203,117.13999938964844,116.3499984741211,116.63999938964844,1543421
2024-10-02 13:30:00,116.0,116.44000244140625,115.41000366210938,115.70999908447266,650421
2024-10-02 14:30:00,115.70999908447266,116.5199966430664,115.68499755859375,116.31500244140625,600896
2024-10-02 15:30:00,116.31999969482422,116.5999984741211,116.22000122070312,116.5999984741211,346322
2024-10-02 16:30:00,116.5999984741211,116.62989807128906,116.11869812011719,116.19499969482422,204267
2024-10-02 17:30:00,116.19000244140625,116.5199966430664,116.12999725341797,116.31999969482422,287039
2024-10-02 18:30:00,116.31500244140625,116.38999938964844,116.1500015258789,116.23500061035156,319531
2024-10-02 19:30:00,116.23500061035156,116.55999755859375,116.09500122070312,116.41999816894531,718412
2024-10-03 13:30:00,115.5,115.8499984741211,114.2750015258789,114.36000061035156,741147
2024-10-03 14:30:00,114.3499984741211,115.33000183105469,114.23999786376953,114.95500183105469,710333
2024-10-03 15:30:00,114.95500183105469,115.24500274658203,114.8499984741211,114.86000061035156,363758
2024-10-03 16:30:00,114.83999633789062,115.02999877929688,114.62999725341797,114.69999694824219,334100
2024-10-03 17:30:00,114.70999908447266,114.83000183105469,114.58999633789062,114.66000366210938,296451
2024-10-03 18:30:00,114.66000366210938,114.68000030517578,114.33000183105469,114.56999969482422,471850
2024-10-03 19:30:00,114.55000305175781,115.20999908447266,114.41000366210938,115.04000091552734,774902
2024-10-04 13:30:00,115.11000061035156,115.54000091552734,114.68499755859375,114.88500213623047,675343
2024-10-04 14:30:00,114.86000061035156,114.86000061035156,113.88999938964844,114.1500015258789,447405
2024-10-04 15:30:00,114.1500015258789,114.27999877929688,113.9000015258789,113.97000122070312,409078
2024-10-04 16:30:00,113.96990203857422,114.55500030517578,113.90499877929688,114.40519714355469,421777
2024-10-04 17:30:00,114.41999816894531,114.52999877929688,114.22000122070312,114.46499633789062,337635
2024-10-04 18:30:00,114.45999908447266,114.81999969482422,114.38999938964844,114.76499938964844,412102
2024-10-04 19:30:00,114.76000213623047,114.90499877929688,114.55999755859375,114.69000244140625,824220
2024-10-07 13:30:00,114.30999755859375,114.63999938964844,112.95999908447266,113.02999877929688,654898
2024-10-07 14:30:00,113.0199966430664,113.0999984741211,112.27999877929688,112.43000030517578,554138
2024-10-07 15:30:00,112.47000122070312,112.56999969482422,112.11000061035156,112.11000061035156,320937
2024-10-07 16:30:00,112.11499786376953,112.16999816894531,111.91500091552734,111.9800033569336,293945
2024-10-07 17:30:00,111.9749984741211,111.9800033569336,111.39830017089844,111.41000366210938,367652
2024-10-07 18:30:00,111.38999938964844,112.02999877929688,111.22000122070312,111.86000061035156,689913
2024-10-07 19:30:00,111.87899780273438,112.2300033569336,111.7249984741211,112.1500015258789,1015246
2024-10-08 13:30:00,112.80000305175781,112.81999969482422,111.88999938964844,112.22000122070312,738411
2024-10-08 14:30:00,112.20999908447266,112.38500213623047,112.0,112.31999969482422,1071539
2024-10-08 15:30:00,112.31999969482422,112.75,112.23999786376953,112.75,732315
2024-10-08 16:30:00,112.75,112.98999786376953,112.6500015258789,112.80000305175781,456871
2024-10-08 17:30:00,112.79989624023438,113.18000030517578,112.75,113.05000305175781,419717
2024-10-08 18:30:00,113.05500030517578,113.33499908447266,112.96499633789062,113.16000366210938,697703
2024-10-08 19:30:00,113.15799713134766,113.55999755859375,113.12000274658203,113.44000244140625,798967
2024-10-09 13:30:00,113.41999816894531,114.05999755859375,113.19000244140625,113.4800033569336,585914
2024-10-09 14:30:00,113.44999694824219,113.65499877929688,113.21019744873047,113.63500213623047,387524
2024-10-09 15:30:00,113.63999938964844,114.08499908447266,113.47000122070312,113.91999816894531,380243
2024-10-09 16:30:00,113.92220306396484,114.2300033569336,113.8405990600586,114.19000244140625,314170
2024-10-09 17:30:00,114.19000244140625,114.2300033569336,113.77999877929688,113.81999969482422,353771
2024-10-09 18:30:00,113.79000091552734,113.94000244140625,113.6500015258789,113.93000030517578,360890
2024-10-09 19:30:00,113.91999816894531,114.19999694824219,113.83000183105469,113.9800033569336,627642
2024-10-10 13:30:00,113.7300033569336,113.81999969482422,112.69000244140625,112.86000061035156,420298
2024-10-10 14:30:00,112.8499984741211,113.18000030517578,112.66999816894531,113.12999725341797,347649
2024-10-10 15:30:00,113.12999725341797,113.26499938964844,112.9800033569336,113.16999816894531,254628
2024-10-10 16:30:00,113.17201232910156,113.23999786376953,112.79000091552734,112.8949966430664,259068
2024-10-10 17:30:00,112.9000015258789,112.95500183105469,112.44000244140625,112.4800033569336,304211
2024-10-10 18:30:00,112.48999786376953,112.52999877929688,112.22000122070312,112.27999877929688,435540
2024-10-10 19:30:00,112.29000091552734,112.61000061035156,112.27999877929688,112.58999633789062,614929
2024-10-11 13:30:00,112.62999725341797,113.16500091552734,112.3499984741211,113.1449966430664,772316
2024-10-11 14:30:00,113.1500015258789,113.38999938964844,113.01000213623047,113.36000061035156,357772
2024-10-11 15:30:00,113.36000061035156,113.7699966430664,113.3499984741211,113.37999725341797,401680
2024-10-11 16:30:00,113.37999725341797,113.4000015258789,113.22000122070312,113.29499816894531,218031
2024-10-11 17:30:00,113.30000305175781,113.58000183105469,113.25,113.44000244140625,239988
2024-10-11 18:30:00,113.44499969482422,113.625,113.41999816894531,113.5999984741211,392659
2024-10-11 19:30:00,113.6050033569336,113.875,113.58999633789062,113.7300033569336,787117
2024-10-14 13:30:00,114.01499938964844,114.41480255126953,113.6500015258789,114.07350158691406,502045
2024-10-14 14:30:00,114.08000183105469,114.5999984741211,114.01000213623047,114.44499969482422,336549
2024-10-14 15:30:00,114.44999694824219,114.79000091552734,114.4000015258789,114.72000122070312,277512
2024-10-14 16:30:00,114.72000122070312,114.9800033569336,114.6500015258789,114.72989654541016,318344
2024-10-14 17:30:00,114.72000122070312,114.86000061035156,114.66999816894531,114.82499694824219,372673
2024-10-14 18:30:00,114.82499694824219,115.16999816894531,114.73999786376953,115.16999816894531,505467
2024-10-14 19:30:00,115.16500091552734,115.36000061035156,115.02999877929688,115.23999786376953,895915
2024-10-15 13:30:00,115.83000183105469,117.41000366210938,115.54000091552734,117.36000061035156,967307
2024-10-15 14:30:00,117.37000274658203,117.4800033569336,116.7699966430664,117.26000213623047,998421
2024-10-15 15:30:00,117.29000091552734,117.66999816894531,117.18000030517578,117.26000213623047,649684
2024-10-15 16:30:00,117.25499725341797,117.62000274658203,117.05000305175781,117.1626968383789,373034
2024-10-15 17:30:00,117.16000366210938,117.41999816894531,117.04000091552734,117.0999984741211,512631
2024-10-15 18:30:00,117.11199951171875,117.20999908447266,116.7699966430664,116.7699966430664,472686
2024-10-15 19:30:00,116.7699966430664,117.08499908447266,116.58000183105469,116.7699966430664,914633
2024-10-16 13:30:00,116.30000305175781,117.17500305175781,116.04000091552734,117.05999755859375,561189
2024-10-16 14:30:00,117.04000091552734,117.12000274658203,116.52999877929688,116.77999877929688,338832
2024-10-16 15:30:00,116.77999877929688,116.91999816894531,116.5,116.75,296163
2024-10-16 16:30:00,116.75499725341797,116.99500274658203,116.73999786376953,116.9800033569336,368597
2024-10-16 17:30:00,116.97000122070312,117.375,116.93499755859375,117.3499984741211,359936
2024-10-16 18:30:00,117.3550033569336,117.5,117.27999877929688,117.32499694824219,384721
2024-10-16 19:30:00,117.33000183105469,117.5,117.22000122070312,117.38999938964844,578689
2024-10-17 13:30:00,118.06999969482422,118.55999755859375,117.5,117.79000091552734,324223
2024-10-17 14:30:00,117.80000305175781,118.0,117.43000030517578,117.59500122070312,261462
2024-10-17 15:30:00,117.61000061035156,117.62000274658203,117.20999908447266,117.36000061035156,223690
2024-10-17 16:30:00,117.36000061035156,117.52999877929688,117.2300033569336,117.36499786376953,270481
2024-10-17 17:30:00,117.36499786376953,117.51000213623047,117.20999908447266,117.37999725341797,257124
2024-10-17 18:30:00,117.37999725341797,117.52999877929688,117.31999969482422,117.33499908447266,260962
2024-10-17 19:30:00,117.33999633789062,117.55000305175781,117.33059692382812,117.47000122070312,407667
2024-10-18 13:30:00,117.86000061035156,118.13999938964844,117.13999938964844,117.41000366210938,585387
2024-10-18 14:30:00,117.41999816894531,117.8949966430664,117.37000274658203,117.58350372314453,183564
2024-10-18 15:30:00,117.5999984741211,117.8550033569336,117.44000244140625,117.80000305175781,161036
2024-10-18 16:30:00,117.80999755859375,117.91110229492188,117.55500030517578,117.68499755859375,216858
2024-10-18 17:30:00,117.68000030517578,117.77999877929688,117.52999877929688,117.5999984741211,190642
2024-10-18 18:30:00,117.5999984741211,117.63999938964844,117.22000122070312,117.37999725341797,308795
2024-10-18 19:30:00,117.37999725341797,117.72000122070312,117.27999877929688,117.66999816894531,487304
2024-10-21 13:30:00,117.55999755859375,117.62000274658203,115.22000122070312,115.3499984741211,1849332
2024-10-21 14:30:00,115.3499984741211,115.73760223388672,114.94499969482422,114.9800033569336,338341
2024-10-21 15:30:00,114.97000122070312,115.33059692382812,114.86759948730469,115.30999755859375,310159
2024-10-21 16:30:00,115.30000305175781,115.5999984741211,115.29000091552734,115.55000305175781,245452
2024-10-21 17:30:00,115.56990051269531,115.66999816894531,115.44000244140625,115.58000183105469,291896
2024-10-21 18:30:00,115.58499908447266,115.70999908447266,115.51000213623047,115.56500244140625,382257
2024-10-21 19:30:00,115.56500244140625,115.70999908447266,115.3949966430664,115.69999694824219,525029
2024-10-22 13:30:00,115.83999633789062,115.95999908447266,114.87000274658203,115.11000061035156,511240
2024-10-22 14:30:00,115.0999984741211,115.20999908447266,114.9000015258789,114.91500091552734,266901
2024-10-22 15:30:00,114.91999816894531,115.06999969482422,114.69000244140625,114.74500274658203,258871
2024-10-22 16:30:00,114.73999786376953,115.05999755859375,114.7300033569336,114.91000366210938,308363
2024-10-22 17:30:00,114.91000366210938,115.3136978149414,114.80999755859375,115.3136978149414,355430
2024-10-22 18:30:00,115.31500244140625,115.41000366210938,115.25,115.3499984741211,430246
2024-10-22 19:30:00,115.3499984741211,115.43499755859375,115.16000366210938,115.22000122070312,573691
2024-10-23 13:30:00,114.62000274658203,115.19999694824219,114.36000061035156,115.0199966430664,354931
2024-10-23 14:30:00,115.0199966430664,115.072998046875,114.7300033569336,114.83499908447266,400457
2024-10-23 15:30:00,114.83999633789062,115.1500015258789,114.81999969482422,114.88999938964844,201714
2024-10-23 16:30:00,114.9000015258789,115.04049682617188,114.76000213623047,114.79000091552734,284722
2024-10-23 17:30:00,114.79000091552734,114.79000091552734,114.47000122070312,114.52999877929688,311256
2024-10-23 18:30:00,114.53410339355469,114.69000244140625,114.30000305175781,114.37999725341797,571114
2024-10-23 19:30:00,114.3949966430664,114.42500305175781,114.12999725341797,114.23999786376953,821756
2024-10-24 13:30:00,114.83999633789062,115.38999938964844,114.58999633789062,115.02999877929688,527799
2024-10-24 14:30:00,115.04000091552734,115.0999984741211,114.6050033569336,114.75,286218
2024-10-24 15:30:00,114.75,114.76000213623047,114.29010009765625,114.41000366210938,227503
2024-10-24 16:30:00,114.40499877929688,114.73999786376953,114.3949966430664,114.55000305175781,160220
2024-10-24 17:30:00,114.55000305175781,114.58999633789062,114.18000030517578,114.19000244140625,185230
2024-10-24 18:30:00,114.18000030517578,114.3499984741211,114.08999633789062,114.33000183105469,232642
2024-10-24 19:30:00,114.33000183105469,114.3499984741211,114.1500015258789,114.19000244140625,375778
2024-10-25 13:30:00,114.56999969482422,114.80999755859375,114.23999786376953,114.63999938964844,435244
2024-10-25 14:30:00,114.5999984741211,114.65499877929688,114.05000305175781,114.12000274658203,338018
2024-10-25 15:30:00,114.12000274658203,114.33000183105469,113.91000366210938,114.33000183105469,240086
2024-10-25 16:30:00,114.33000183105469,114.3550033569336,113.91000366210938,113.98500061035156,200547
2024-10-25 17:30:00,113.9800033569336,113.9800033569336,113.68000030517578,113.8949966430664,255118
2024-10-25 18:30:00,113.8949966430664,113.94999694824219,113.56999969482422,113.70999908447266,335379
2024-10-25 19:30:00,113.70500183105469,114.0,113.62999725341797,113.82499694824219,382705
2024-10-28 13:30:00,114.66000366210938,115.0,113.66000366210938,114.08999633789062,367333
2024-10-28 14:30:00,114.0999984741211,114.36000061035156,113.98999786376953,114.22000122070312,297572
2024-10-28 15:30:00,114.22000122070312,114.22000122070312,113.94000244140625,114.02999877929688,274864
2024-10-28 16:30:00,114.03500366210938,114.12999725341797,113.88999938964844,114.08999633789062,190061
2024-10-28 17:30:00,114.09500122070312,114.37989807128906,114.09500122070312,114.33499908447266,203096
2024-10-28 18:30:00,114.33999633789062,114.37999725341797,114.20999908447266,114.30999755859375,236688
2024-10-28 19:30:00,114.30999755859375,114.45999908447266,114.0999984741211,114.19999694824219,415035
2024-10-29 13:30:00,113.16000366210938,114.93000030517578,112.77999877929688,114.52980041503906,495788
2024-10-29 14:30:00,114.52999877929688,114.63500213623047,114.2300033569336,114.41999816894531,456489
2024-10-29 15:30:00,114.42500305175781,114.73999786376953,114.33999633789062,114.53500366210938,254332
2024-10-29 16:30:00,114.52999877929688,114.97000122070312,114.45999908447266,114.80500030517578,248850
2024-10-29 17:30:00,114.80000305175781,114.80169677734375,114.48500061035156,114.61000061035156,250286
2024-10-29 18:30:00,114.61499786376953,114.67500305175781,114.20999908447266,114.47000122070312,349537
2024-10-29 19:30:00,114.4800033569336,114.55000305175781,114.0999984741211,114.12999725341797,476225
2024-10-30 13:30:00,114.0999984741211,114.13999938964844,113.3301010131836,113.45999908447266,376247
2024-10-30 14:30:00,113.47000122070312,113.82499694824219,113.11000061035156,113.11000061035156,325838
2024-10-30 15:30:00,113.08499908447266,113.28500366210938,112.94999694824219,113.23999786376953,402593
2024-10-30 16:30:00,113.23999786376953,113.25499725341797,112.83999633789062,112.83999633789062,310259
2024-10-30 17:30:00,112.84500122070312,112.87999725341797,112.58999633789062,112.79000091552734,274925
2024-10-30 18:30:00,112.79000091552734,112.79000091552734,112.48999786376953,112.63500213623047,362443
2024-10-30 19:30:00,112.62999725341797,113.0999984741211,112.53500366210938,112.95999908447266,656734
2024-10-31 13:30:00,112.3499984741211,112.81999969482422,112.11000061035156,112.41999816894531,503262
2024-10-31 14:30:00,112.41999816894531,112.6050033569336,112.05000305175781,112.37999725341797,429926
2024-10-31 15:30:00,112.38999938964844,112.72000122070312,112.22000122070312,112.68499755859375,236122
2024-10-31 16:30:00,112.68499755859375,113.16000366210938,112.59500122070312,113.04000091552734,250971
2024-10-31 17:30:00,113.02999877929688,113.04000091552734,112.74749755859375,113.01000213623047,321787
2024-10-31 18:30:00,113.0,113.54000091552734,112.98999786376953,113.41999816894531,344201
2024-10-31 19:30:00,113.44000244140625,113.55999755859375,113.0199966430664,113.0199966430664,544609
2024-11-01 13:30:00,113.30999755859375,113.81999969482422,113.16000366210938,113.80500030517578,363341
2024-11-01 14:30:00,113.84500122070312,113.87999725341797,113.125,113.30000305175781,393412
2024-11-01 15:30:00,113.30000305175781,113.31500244140625,112.80999755859375,112.9800033569336,261246
2024-11-01 16:30:00,112.9800033569336,113.3499984741211,112.93000030517578,113.33000183105469,376019
2024-11-01 17:30:00,113.33499908447266,113.34249877929688,112.91000366210938,113.12000274658203,521644
2024-11-01 18:30:00,113.11000061035156,113.33000183105469,112.84750366210938,112.84750366210938,471819
2024-11-01 19:30:00,112.8499984741211,112.86380004882812,112.375,112.4000015258789,603493
2024-11-04 14:30:00,112.73999786376953,113.52999877929688,112.69000244140625,112.79499816894531,452840
2024-11-04 15:30:00,112.80999755859375,112.80999755859375,111.94999694824219,112.01000213623047,382120
2024-11-04 16:30:00,112.01499938964844,112.13020324707031,111.7300033569336,112.08000183105469,260447
2024-11-04 17:30:00,112.07499694824219,112.11000061035156,111.75,111.91999816894531,300265
2024-11-04 18:30:00,111.91999816894531,112.18990325927734,111.86000061035156,111.97000122070312,345015
2024-11-04 19:30:00,111.95999908447266,112.23999786376953,111.93000030517578,112.19210052490234,368518
2024-11-04 20:30:00,112.19000244140625,112.70999908447266,112.06999969482422,112.68000030517578,665148
2024-11-05 14:30:00,112.55999755859375,113.11499786376953,112.44999694824219,112.81330108642578,250877
2024-11-05 15:30:00,112.79000091552734,113.25,112.7300033569336,113.13999938964844,303359
2024-11-05 16:30:00,113.12999725341797,113.29519653320312,113.095703125,113.25499725341797,179510
2024-11-05 17:30:00,113.26000213623047,113.37999725341797,113.04632568359375,113.08999633789062,192131
2024-11-05 18:30:00,113.08000183105469,113.33000183105469,112.93000030517578,113.30000305175781,182287
2024-11-05 19:30:00,113.30000305175781,113.43000030517578,113.19999694824219,113.43000030517578,231083
2024-11-05 20:30:00,113.43000030517578,113.81999969482422,113.43000030517578,113.77999877929688,449838
2024-11-06 14:30:00,116.13999938964844,116.94999694824219,115.13999938964844,115.5,2770629
2024-11-06 15:30:00,115.48999786376953,115.48999786376953,114.08000183105469,114.83999633789062,584540
2024-11-06 16:30:00,114.83000183105469,115.12999725341797,114.2300033569336,114.33999633789062,491552
2024-11-06 17:30:00,114.33499908447266,114.69999694824219,114.16000366210938,114.55999755859375,337618
2024-11-06 18:30:00,114.55000305175781,115.31999969482422,114.54000091552734,115.06999969482422,618005
2024-11-06 19:30:00,115.06500244140625,115.49500274658203,114.8949966430664,115.3499984741211,635569
2024-11-06 20:30:00,115.36000061035156,115.70999908447266,115.0199966430664,115.62000274658203,1212339
2024-11-07 14:30:00,115.79000091552734,116.83000183105469,115.5199966430664,116.62999725341797,431839
2024-11-07 15:30:00,116.6500015258789,117.04000091552734,116.36000061035156,116.4749984741211,392958
2024-11-07 16:30:00,116.4800033569336,116.66999816894531,116.13999938964844,116.47000122070312,323672
2024-11-07 17:30:00,116.47000122070312,116.79000091552734,116.30000305175781,116.50499725341797,395340
2024-11-07 18:30:00,116.4800033569336,116.75,116.33999633789062,116.58000183105469,253183
2024-11-07 19:30:00,116.58999633789062,117.22000122070312,116.44999694824219,117.12000274658203,416979
2024-11-07 20:30:00,117.12000274658203,117.58000183105469,116.83000183105469,116.8499984741211,920845
2024-11-08 14:30:00,116.51000213623047,118.0,116.47000122070312,117.94000244140625,484830
2024-11-08 15:30:00,117.93000030517578,118.61000061035156,117.87999725341797,118.20999908447266,438558
2024-11-08 16:30:00,118.20999908447266,118.43000030517578,118.16000366210938,118.27999877929688,336492
2024-11-08 17:30:00,118.27999877929688,118.37999725341797,118.16999816894531,118.25,300420
2024-11-08 18:30:00,118.23999786376953,118.4800033569336,118.20999908447266,118.41000366210938,321261
2024-11-08 19:30:00,118.41500091552734,118.43080139160156,117.9800033569336,118.11499786376953,368083
2024-11-08 20:30:00,118.11499786376953,118.11499786376953,117.74500274658203,117.87999725341797,773980
2024-11-11 14:30:00,118.20999908447266,118.9800033569336,118.16999816894531,118.43499755859375,488960
2024-11-11 15:30:00,118.44999694824219,118.5199966430664,118.11000061035156,118.43000030517578,259253
2024-11-11 16:30:00,118.33000183105469,118.62000274658203,118.26000213623047,118.56999969482422,260352
2024-11-11 17:30:00,118.55999755859375,118.58000183105469,117.91000366210938,118.01010131835938,246426
2024-11-11 18:30:00,118.00499725341797,118.0999984741211,117.69000244140625,117.87000274658203,242329
2024-11-11 19:30:00,117.87999725341797,117.9800033569336,117.75,117.96499633789062,225048
2024-11-11 20:30:00,117.95999908447266,118.12999725341797,117.87000274658203,118.04000091552734,532626
2024-11-12 14:30:00,118.66999816894531,119.37999725341797,117.77999877929688,118.80999755859375,486593
2024-11-12 15:30:00,118.80999755859375,119.58000183105469,118.80999755859375,119.54000091552734,321686
2024-11-12 16:30:00,119.4800033569336,119.63999938964844,119.23999786376953,119.58000183105469,298550
2024-11-12 17:30:00,119.56500244140625,119.73999786376953,119.3550033569336,119.6500015258789,341684
2024-11-12 18:30:00,119.68000030517578,120.01000213623047,119.6500015258789,119.84500122070312,397504
2024-11-12 19:30:00,119.84500122070312,120.0199966430664,119.81999969482422,119.95500183105469,390011
2024-11-12 20:30:00,119.95500183105469,119.9800033569336,119.62999725341797,119.87000274658203,714049
2024-11-13 14:30:00,119.91000366210938,121.1449966430664,119.88500213623047,120.81999969482422,583662
2024-11-13 15:30:00,120.83999633789062,121.48999786376953,120.74500274658203,121.3550033569336,329290
2024-11-13 16:30:00,121.37000274658203,121.54000091552734,121.08499908447266,121.52999877929688,283958
2024-11-13 17:30:00,121.52999877929688,121.91999816894531,121.48999786376953,121.81999969482422,314853
2024-11-13 18:30:00,121.80999755859375,121.81999969482422,121.2699966430664,121.27999877929688,298628
2024-11-13 19:30:00,121.2750015258789,121.45999908447266,121.06230163574219,121.37100219726562,290686
2024-11-13 20:30:00,121.37000274658203,121.45999908447266,121.08999633789062,121.19999694824219,765382
2024-11-14 14:30:00,120.18000030517578,122.0999984741211,120.18000030517578,121.9800033569336,699682
2024-11-14 15:30:00,122.01000213623047,122.08999633789062,121.33999633789062,121.46499633789062,428681
2024-11-14 16:30:00,121.4800033569336,121.69000244140625,121.13999938964844,121.22000122070312,360510
2024-11-14 17:30:00,121.21499633789062,121.34500122070312,120.94999694824219,120.94999694824219,414102
2024-11-14 18:30:00,120.94000244140625,120.94000244140625,120.29000091552734,120.45999908447266,426820
2024-11-14 19:30:00,120.47000122070312,120.52999877929688,120.16999816894531,120.26499938964844,569623
2024-11-14 20:30:00,120.2699966430664,120.51000213623047,119.91000366210938,119.91000366210938,1086470
2024-11-15 14:30:00,119.7300033569336,120.22000122070312,119.33999633789062,119.94000244140625,831608
2024-11-15 15:30:00,119.94999694824219,120.23999786376953,119.7300033569336,120.06999969482422,427468
2024-11-15 16:30:00,120.06999969482422,120.5895004272461,119.93000030517578,120.1500015258789,374132
2024-11-15 17:30:00,120.13999938964844,120.5999984741211,120.08999633789062,120.4800033569336,430000
2024-11-15 18:30:00,120.47000122070312,120.61000061035156,120.12999725341797,120.16000366210938,315918
2024-11-15 19:30:00,120.13999938964844,120.3499984741211,119.90499877929688,120.25,376644
2024-11-15 20:30:00,120.25,120.29000091552734,119.92500305175781,119.97000122070312,610932
2024-11-18 14:30:00,120.01000213623047,120.97000122070312,120.0,120.29499816894531,542545
2024-11-18 15:30:00,120.26000213623047,120.42500305175781,120.0,120.02999877929688,488385
2024-11-18 16:30:00,120.04499816894531,120.20999908447266,119.7300033569336,120.11000061035156,455806
2024-11-18 17:30:00,120.0999984741211,120.26000213623047,119.86000061035156,119.90699768066406,260236
2024-11-18 18:30:00,119.90499877929688,119.91999816894531,119.45999908447266,119.74410247802734,708454
2024-11-18 19:30:00,119.73999786376953,119.94999694824219,119.54000091552734,119.63999938964844,350093
2024-11-18 20:30:00,119.63999938964844,119.87000274658203,119.54000091552734,119.69999694824219,741368
2024-11-19 14:30:00,119.37000274658203,119.66999816894531,118.02999877929688,118.75,765395
2024-11-19 15:30:00,118.73999786376953,119.36000061035156,118.63999938964844,119.3499984741211,569417
2024-11-19 16:30:00,119.3499984741211,119.75,119.13999938964844,119.23999786376953,569726
2024-11-19 17:30:00,119.23999786376953,119.45999908447266,119.12999725341797,119.3499984741211,466142
2024-11-19 18:30:00,119.33000183105469,119.88999938964844,119.30000305175781,119.62000274658203,517067
2024-11-19 19:30:00,119.59559631347656,119.9000015258789,119.31999969482422,119.86499786376953,802073
2024-11-19 20:30:00,119.86499786376953,119.88999938964844,119.41000366210938,119.56999969482422,1074786
2024-11-20 14:30:00,119.44000244140625,120.69999694824219,116.75,117.37000274658203,2071372
2024-11-20 15:30:00,117.41000366210938,119.52999877929688,117.38999938964844,118.91000366210938,1079096
2024-11-20 16:30:00,118.9000015258789,119.36000061035156,118.33000183105469,119.20500183105469,717304
2024-11-20 17:30:00,119.19000244140625,119.86000061035156,119.05999755859375,119.75499725341797,758670
2024-11-20 18:30:00,119.75499725341797,119.7699966430664,119.19999694824219,119.5,690688
2024-11-20 19:30:00,119.5199966430664,119.83999633789062,119.47000122070312,119.75,703726
2024-11-20 20:30:00,119.75499725341797,120.16999816894531,119.69000244140625,119.75,1067461
2024-11-21 14:30:00,119.87000274658203,119.91000366210938,117.78009796142578,118.80999755859375,1157756
2024-11-21 15:30:00,118.79000091552734,119.6500015258789,118.79000091552734,119.37000274658203,502497
2024-11-21 16:30:00,119.38999938964844,119.5999984741211,119.24009704589844,119.56500244140625,412251
2024-11-21 17:30:00,119.56500244140625,119.5999984741211,119.02999877929688,119.18499755859375,447142
2024-11-21 18:30:00,119.19000244140625,119.51000213623047,119.01000213623047,119.5,475509
2024-11-21 19:30:00,119.5,119.80000305175781,119.37999725341797,119.70999908447266,499269
2024-11-21 20:30:00,119.70999908447266,119.83999633789062,119.44000244140625,119.75,670364
2024-11-22 14:30:00,120.25,120.6500015258789,119.05999755859375,120.21499633789062,1182865
2024-11-22 15:30:00,120.23999786376953,121.04499816894531,120.0999984741211,120.80999755859375,631069
2024-11-22 16:30:00,120.79000091552734,121.68000030517578,120.66999816894531,121.41999816894531,734922
2024-11-22 17:30:00,121.47000122070312,121.47000122070312,120.80999755859375,120.95500183105469,344191
2024-11-22 18:30:00,120.97000122070312,121.19999694824219,120.87000274658203,121.0,405435
2024-11-22 19:30:00,121.0,121.30000305175781,120.94000244140625,121.28500366210938,568207
2024-11-22 20:30:00,121.25,121.70999908447266,121.23999786376953,121.44000244140625,695020
2024-11-25 14:30:00,121.94000244140625,124.06999969482422,121.86000061035156,123.87000274658203,937005
2024-11-25 15:30:00,123.88760375976562,124.61000061035156,123.73999786376953,123.93000030517578,641791
2024-11-25 16:30:00,123.93499755859375,124.2699966430664,123.91000366210938,123.97000122070312,413998
2024-11-25 17:30:00,123.9800033569336,124.83000183105469,123.9800033569336,124.77999877929688,429778
2024-11-25 18:30:00,124.77999877929688,125.30999755859375,124.63999938964844,125.09919738769531,617069
2024-11-25 19:30:00,125.08999633789062,125.43000030517578,124.99040222167969,125.41000366210938,608786
2024-11-25 20:30:00,125.41000366210938,125.41999816894531,124.7699966430664,124.83000183105469,1411082
2024-11-26 14:30:00,125.04000091552734,125.66999816894531,124.43000030517578,124.93000030517578,586711
2024-11-26 15:30:00,124.91999816894531,125.61000061035156,124.75499725341797,125.30999755859375,367324
2024-11-26 16:30:00,125.31500244140625,125.62999725341797,125.25,125.5,289872
2024-11-26 17:30:00,125.5,125.97000122070312,125.39450073242188,125.91000366210938,253162
2024-11-26 18:30:00,125.94000244140625,126.20999908447266,125.81999969482422,125.91999816894531,444846
2024-11-26 19:30:00,125.91999816894531,126.44000244140625,125.83999633789062,126.11000061035156,421983
2024-11-26 20:30:00,126.09500122070312,126.31999969482422,125.98600006103516,126.19000244140625,976170
2024-11-27 14:30:00,126.30000305175781,128.0,126.30000305175781,127.5999984741211,834983
2024-11-27 15:30:00,127.58799743652344,127.97000122070312,127.38999938964844,127.50499725341797,416089
2024-11-27 16:30:00,127.48999786376953,127.62000274658203,127.12999725341797,127.30500030517578,278712
2024-11-27 17:30:00,127.29000091552734,127.47000122070312,127.20999908447266,127.33999633789062,263587
2024-11-27 18:30:00,127.34500122070312,127.44999694824219,126.83000183105469,126.94999694824219,419513
2024-11-27 19:30:00,126.94000244140625,126.98999786376953,126.5199966430664,126.56500244140625,366221
2024-11-27 20:30:00,126.56999969482422,126.69000244140625,126.16999816894531,126.3499984741211,643652
2024-11-29 14:30:00,126.13999938964844,126.55999755859375,125.79000091552734,126.01000213623047,618267
2024-11-29 15:30:00,126.01000213623047,126.20500183105469,125.86000061035156,125.875,350356
2024-11-29 16:30:00,125.86000061035156,126.09960174560547,125.73999786376953,125.87999725341797,466397
2024-12-02 14:30:00,126.38999938964844,127.41000366210938,126.08999633789062,127.37999725341797,819989
2024-12-02 15:30:00,127.37999725341797,127.62000274658203,126.98999786376953,127.56719970703125,711019
2024-12-02 16:30:00,127.56790161132812,127.5999984741211,126.98999786376953,127.02999877929688,393989
2024-12-02 17:30:00,127.0,127.08999633789062,126.76000213623047,126.8499984741211,286512
2024-12-02 18:30:00,126.81999969482422,126.83000183105469,126.19000244140625,126.41000366210938,554579
2024-12-02 19:30:00,126.41999816894531,126.55000305175781,126.2699966430664,126.29499816894531,356519
2024-12-02 20:30:00,126.27999877929688,126.3998031616211,126.07039642333984,126.23999786376953,566430
2024-12-03 14:30:00,126.58999633789062,126.80000305175781,124.63999938964844,124.91000366210938,688240
2024-12-03 15:30:00,124.91999816894531,125.0114974975586,124.37999725341797,124.45939636230469,343995
2024-12-03 16:30:00,124.45999908447266,124.70999908447266,124.25,124.58450317382812,317602
2024-12-03 17:30:00,124.61000061035156,124.80999755859375,124.56999969482422,124.73999786376953,264086
2024-12-03 18:30:00,124.76000213623047,124.94000244140625,124.59500122070312,124.81999969482422,267442
2024-12-03 19:30:00,124.81999969482422,125.01000213623047,124.68000030517578,124.73999786376953,289892
2024-12-03 20:30:00,124.73500061035156,124.91500091552734,124.49500274658203,124.75,603558
2024-12-04 14:30:00,124.76000213623047,124.98999786376953,124.1500015258789,124.88999938964844,448444
2024-12-04 15:30:00,124.87999725341797,125.01000213623047,124.66000366210938,124.86000061035156,315164
2024-12-04 16:30:00,124.8499984741211,125.10277557373047,124.8499984741211,125.0999984741211,188297
2024-12-04 17:30:00,125.08000183105469,125.08000183105469,124.77549743652344,124.94000244140625,206587
2024-12-04 18:30:00,124.93000030517578,125.22550201416016,124.81999969482422,125.20999908447266,254396
2024-12-04 19:30:00,125.19999694824219,125.66000366210938,125.19000244140625,125.58000183105469,547186
2024-12-04 20:30:00,125.58000183105469,125.73999786376953,125.38999938964844,125.5199966430664,716147
2024-12-05 14:30:00,125.56999969482422,125.95999908447266,125.25,125.5250015258789,470366
2024-12-05 15:30:00,125.5250015258789,126.26000213623047,125.48600006103516,125.76000213623047,284467
2024-12-05 16:30:00,125.76000213623047,126.18499755859375,125.72000122070312,126.18000030517578,250126
2024-12-05 17:30:00,126.18499755859375,126.80999755859375,125.95999908447266,126.56999969482422,722528
2024-12-05 18:30:00,126.55999755859375,126.71949768066406,126.41000366210938,126.41000366210938,362602
2024-12-05 19:30:00,126.41000366210938,126.51000213623047,125.99500274658203,126.08000183105469,338145
2024-12-05 20:30:00,126.08000183105469,126.19999694824219,125.81999969482422,125.93000030517578,666212
2024-12-06 14:30:00,126.44000244140625,127.13999938964844,125.68000030517578,127.0999984741211,609803
2024-12-06 15:30:00,127.12000274658203,127.12000274658203,126.66000366210938,126.80989837646484,386934
2024-12-06 16:30:00,126.78040313720703,126.9000015258789,126.54409790039062,126.62999725341797,267128
2024-12-06 17:30:00,126.61000061035156,126.77999877929688,126.45999908447266,126.58999633789062,236682
2024-12-06 18:30:00,126.56999969482422,126.63500213623047,126.2699966430664,126.36000061035156,242961
2024-12-06 19:30:00,126.33999633789062,126.4000015258789,126.13099670410156,126.13999938964844,307308
2024-12-06 20:30:00,126.12000274658203,126.27249908447266,125.93000030517578,126.06999969482422,589923
2024-12-09 14:30:00,126.4000015258789,126.7300033569336,125.5199966430664,126.19000244140625,645271
2024-12-09 15:30:00,126.19000244140625,126.5,126.01000213623047,126.18000030517578,596009
2024-12-09 16:30:00,126.18000030517578,126.5999984741211,126.0999984741211,126.52999877929688,531753
2024-12-09 17:30:00,126.55000305175781,126.66999816894531,126.23999786376953,126.3102035522461,368736
2024-12-09 18:30:00,126.29000091552734,126.50499725341797,126.1500015258789,126.43000030517578,527086
2024-12-09 19:30:00,126.43000030517578,126.5199966430664,125.97000122070312,126.12999725341797,512267
2024-12-09 20:30:00,126.13999938964844,126.18000030517578,125.76000213623047,125.9000015258789,964271
2024-12-10 14:30:00,126.16000366210938,126.48999786376953,124.94000244140625,126.0199966430664,561634
2024-12-10 15:30:00,126.02999877929688,126.58000183105469,125.76000213623047,126.54000091552734,472522
2024-12-10 16:30:00,126.54000091552734,126.6500015258789,126.16000366210938,126.4135971069336,435316
2024-12-10 17:30:00,126.41000366210938,126.87000274658203,126.41000366210938,126.79000091552734,702664
2024-12-10 18:30:00,126.80000305175781,127.05999755859375,126.77999877929688,127.05999755859375,492975
2024-12-10 19:30:00,127.05000305175781,127.30000305175781,126.96499633789062,127.09010314941406,732717
2024-12-10 20:30:00,127.0999984741211,127.4000015258789,126.98999786376953,127.24500274658203,1108121
2024-12-11 14:30:00,127.30999755859375,127.91000366210938,126.88999938964844,127.80999755859375,603681
2024-12-11 15:30:00,127.80999755859375,127.87999725341797,127.44000244140625,127.68499755859375,382768
2024-12-11 16:30:00,127.68499755859375,127.91000366210938,127.64009857177734,127.64009857177734,367174
2024-12-11 17:30:00,127.6500015258789,127.71499633789062,127.23999786376953,127.2699966430664,397303
2024-12-11 18:30:00,127.2699966430664,127.29000091552734,126.7699966430664,126.79000091552734,340897
2024-12-11 19:30:00,126.80000305175781,127.08999633789062,126.69999694824219,126.73999786376953,371807
2024-12-11 20:30:00,126.73999786376953,126.88999938964844,126.56999969482422,126.81999969482422,505306
2024-12-12 14:30:00,126.94000244140625,127.05000305175781,125.8499984741211,126.26390075683594,693618
2024-12-12 15:30:00,126.2699966430664,126.91000366210938,126.01719665527344,126.86000061035156,351608
2024-12-12 16:30:00,126.86000061035156,126.87999725341797,126.52999877929688,126.66000366210938,275286
2024-12-12 17:30:00,126.68000030517578,126.68000030517578,126.41999816894531,126.625,211365
2024-12-12 18:30:00,126.59459686279297,126.66000366210938,126.375,126.44000244140625,281852
2024-12-12 19:30:00,126.44999694824219,126.66000366210938,126.41000366210938,126.52780151367188,310437
2024-12-12 20:30:00,126.54000091552734,126.5999984741211,126.30000305175781,126.43000030517578,492833
2024-12-13 14:30:00,126.43000030517578,126.8499984741211,125.5,125.7300033569336,487398
2024-12-13 15:30:00,125.75,126.1500015258789,125.5999984741211,126.05000305175781,246472
2024-12-13 16:30:00,126.04000091552734,126.22000122070312,125.81999969482422,126.02999877929688,208623
2024-12-13 17:30:00,126.01000213623047,126.18000030517578,125.7699966430664,125.97000122070312,256128
2024-12-13 18:30:00,125.97000122070312,126.12000274658203,125.52999877929688,125.56999969482422,338845
2024-12-13 19:30:00,125.58499908447266,125.68499755859375,125.25,125.26000213623047,468519
2024-12-13 20:30:00,125.2699966430664,125.3499984741211,124.83000183105469,124.8499984741211,830494
2024-12-16 14:30:00,125.20999908447266,125.41000366210938,124.44999694824219,124.66999816894531,891896
2024-12-16 15:30:00,124.67500305175781,124.91000366210938,124.06999969482422,124.19999694824219,566510
2024-12-16 16:30:00,124.17680358886719,124.63999938964844,124.16000366210938,124.29000091552734,521947
2024-12-16 17:30:00,124.30000305175781,124.52999877929688,124.20999908447266,124.2699966430664,393121
2024-12-16 18:30:00,124.27999877929688,124.29000091552734,123.79499816894531,123.79499816894531,329755
2024-12-16 19:30:00,123.80500030517578,123.87000274658203,123.55999755859375,123.80500030517578,401287
2024-12-16 20:30:00,123.80500030517578,123.91000366210938,123.37000274658203,123.7300033569336,1000414
2024-12-17 14:30:00,124.2300033569336,124.9800033569336,123.22000122070312,123.38999938964844,792865
2024-12-17 15:30:00,123.36000061035156,123.87999725341797,123.23999786376953,123.59500122070312,402785
2024-12-17 16:30:00,123.56999969482422,123.9614028930664,123.26000213623047,123.62000274658203,724703
2024-12-17 17:30:00,123.63999938964844,123.87999725341797,123.53009796142578,123.69000244140625,271017
2024-12-17 18:30:00,123.69999694824219,123.7249984741211,123.41000366210938,123.47000122070312,490036
2024-12-17 19:30:00,123.43499755859375,123.44000244140625,123.12000274658203,123.25,338490
2024-12-17 20:30:00,123.23999786376953,123.62000274658203,122.9000015258789,123.06999969482422,926595
2024-12-18 14:30:00,123.2699966430664,124.22750091552734,122.62999725341797,124.0999984741211,955224
2024-12-18 15:30:00,124.09500122070312,124.31999969482422,123.66999816894531,123.90499877929688,438830
2024-12-18 16:30:00,123.90509796142578,124.19999694824219,123.86009979248047,124.08000183105469,342235
2024-12-18 17:30:00,124.08000183105469,124.09100341796875,123.79000091552734,123.84500122070312,215373
2024-12-18 18:30:00,123.86000061035156,124.16000366210938,122.91999816894531,123.02999877929688,271875
2024-12-18 19:30:00,123.00499725341797,123.18499755859375,122.61000061035156,122.8499984741211,454698
2024-12-18 20:30:00,122.87999725341797,122.93499755859375,121.16000366210938,121.25,1036933
2024-12-19 14:30:00,122.41000366210938,123.27999877929688,121.3499984741211,121.62999725341797,847642
2024-12-19 15:30:00,121.62000274658203,121.69000244140625,121.12999725341797,121.625,515212
2024-12-19 16:30:00,121.5999984741211,121.69999694824219,121.23999786376953,121.23999786376953,377064
2024-12-19 17:30:00,121.23999786376953,121.69499969482422,121.05500030517578,121.62000274658203,1138589
2024-12-19 18:30:00,121.61000061035156,122.23999786376953,121.56999969482422,121.77999877929688,493044
2024-12-19 19:30:00,121.78500366210938,122.0199966430664,121.66000366210938,121.80699920654297,387147
2024-12-19 20:30:00,121.80999755859375,121.83999633789062,121.01000213623047,121.19999694824219,840039
2024-12-20 14:30:00,121.0999984741211,122.13999938964844,121.0,121.9000015258789,1664493
2024-12-20 15:30:00,121.93000030517578,122.87999725341797,121.83000183105469,122.83999633789062,334491
2024-12-20 16:30:00,122.87000274658203,123.48999786376953,122.83000183105469,123.40499877929688,429912
2024-12-20 17:30:00,123.4000015258789,123.53500366210938,123.02999877929688,123.05000305175781,834516
2024-12-20 18:30:00,123.0615005493164,123.16999816894531,122.58000183105469,122.81500244140625,413840
2024-12-20 19:30:00,122.83999633789062,123.0999984741211,122.41999816894531,122.84500122070312,773803
2024-12-20 20:30:00,122.83000183105469,122.875,121.73999786376953,122.01000213623047,1311521
2024-12-23 14:30:00,121.54000091552734,122.12999725341797,120.45999908447266,120.58000183105469,655178
2024-12-23 15:30:00,120.58999633789062,120.63999938964844,120.30000305175781,120.41999816894531,259007
2024-12-23 16:30:00,120.37999725341797,121.06999969482422,120.30999755859375,120.93990325927734,261473
2024-12-23 17:30:00,120.91000366210938,121.05999755859375,120.7300033569336,121.05000305175781,245707
2024-12-23 18:30:00,121.05999755859375,121.37999725341797,120.91000366210938,121.30999755859375,323732
2024-12-23 19:30:00,121.31500244140625,121.43000030517578,121.1500015258789,121.37999725341797,311393
2024-12-23 20:30:00,121.4000015258789,121.93000030517578,121.19000244140625,121.77999877929688,549985
2024-12-24 14:30:00,121.98999786376953,122.62999725341797,121.76000213623047,122.48999786376953,325225
2024-12-24 15:30:00,122.55000305175781,122.80000305175781,122.3499984741211,122.69499969482422,332916
2024-12-24 16:30:00,122.71060180664062,123.2300033569336,122.70999908447266,123.16500091552734,206622
2024-12-26 14:30:00,123.44999694824219,124.56999969482422,123.4000015258789,124.55000305175781,559542
2024-12-26 15:30:00,124.55999755859375,124.62000274658203,124.27999877929688,124.45999908447266,284084
2024-12-26 16:30:00,124.46499633789062,124.94000244140625,124.45999908447266,124.88999938964844,220032
2024-12-26 17:30:00,124.88249969482422,124.95999908447266,124.49490356445312,124.70500183105469,161409
2024-12-26 18:30:00,124.72000122070312,124.75980377197266,124.54000091552734,124.63999938964844,199570
2024-12-26 19:30:00,124.66000366210938,124.94999694824219,124.5199966430664,124.92500305175781,252282
2024-12-26 20:30:00,124.92500305175781,125.2300033569336,124.79000091552734,125.0,489704
2024-12-27 14:30:00,123.91999816894531,124.76000213623047,123.9000015258789,124.0199966430664,411966
2024-12-27 15:30:00,124.01499938964844,124.30500030517578,123.80999755859375,124.30500030517578,266241
2024-12-27 16:30:00,124.30000305175781,124.31999969482422,123.87999725341797,124.01000213623047,255293
2024-12-27 17:30:00,123.98999786376953,124.1500015258789,123.83999633789062,124.0,178119
2024-12-27 18:30:00,123.9749984741211,124.4800033569336,123.9655990600586,124.33000183105469,174251
2024-12-27 19:30:00,124.33000183105469,124.44999694824219,123.86000061035156,124.02999877929688,250628
2024-12-27 20:30:00,124.04000091552734,124.33000183105469,123.69000244140625,123.95999908447266,714297
2024-12-30 14:30:00,122.20999908447266,122.63999938964844,120.61000061035156,120.62000274658203,457362
2024-12-30 15:30:00,120.62000274658203,121.39990234375,120.62000274658203,121.29499816894531,366607
2024-12-30 16:30:00,121.27999877929688,121.625,121.27999877929688,121.37999725341797,313209
2024-12-30 17:30:00,121.37000274658203,121.66999816894531,121.2699966430664,121.51000213623047,317840
2024-12-30 18:30:00,121.4800033569336,121.61750030517578,121.13999938964844,121.23999786376953,287550
2024-12-30 19:30:00,121.26000213623047,121.5199966430664,121.23999786376953,121.25,367928
2024-12-30 20:30:00,121.25499725341797,121.75499725341797,121.04000091552734,121.08999633789062,853044
2024-12-31 14:30:00,121.88999938964844,121.88999938964844,120.86000061035156,121.03500366210938,437816
2024-12-31 15:30:00,121.01000213623047,121.19000244140625,120.62999725341797,120.69000244140625,266762
2024-12-31 16:30:00,120.70999908447266,120.80999755859375,120.48999786376953,120.69499969482422,200023
2024-12-31 17:30:00,120.69499969482422,120.88999938964844,120.4000015258789,120.44000244140625,201582
2024-12-31 18:30:00,120.42900085449219,120.8219985961914,120.41000366210938,120.51000213623047,232161
2024-12-31 19:30:00,120.51000213623047,120.71499633789062,120.3499984741211,120.66999816894531,330986
2024-12-31 20:30:00,120.66999816894531,120.85900115966797,120.4000015258789,120.80000305175781,630253
2025-01-02 14:30:00,121.70999908447266,122.08000183105469,121.20999908447266,121.25,536885
2025-01-02 15:30:00,121.2300033569336,121.76000213623047,121.13999938964844,121.68499755859375,301766
2025-01-02 16:30:00,121.69000244140625,122.13999938964844,121.58999633789062,121.6050033569336,250567
2025-01-02 17:30:00,121.58999633789062,121.58999633789062,120.88999938964844,121.04000091552734,273391
2025-01-02 18:30:00,121.06999969482422,121.12999725341797,120.76000213623047,120.97000122070312,314315
2025-01-02 19:30:00,120.97000122070312,121.30000305175781,120.75,121.19000244140625,344239
2025-01-02 20:30:00,121.19999694824219,121.36000061035156,120.87999725341797,121.16999816894531,518518
2025-01-03 14:30:00,121.55000305175781,121.79000091552734,120.0199966430664,121.11499786376953,366704
2025-01-03 15:30:00,121.11000061035156,121.4413070678711,121.05500030517578,121.33000183105469,244204
2025-01-03 16:30:00,121.3499984741211,121.48999786376953,120.91999816894531,121.0,421926
2025-01-03 17:30:00,121.0,121.23999786376953,120.83000183105469,121.23999786376953,288393
2025-01-03 18:30:00,121.23999786376953,121.36499786376953,121.04000091552734,121.19999694824219,443976
2025-01-03 19:30:00,121.19999694824219,121.33999633789062,120.83999633789062,121.05000305175781,261796
2025-01-03 20:30:00,121.04000091552734,121.09500122070312,120.5250015258789,120.7300033569336,490818
2025-01-06 14:30:00,120.73999786376953,121.5,120.36000061035156,120.80500030517578,659967
2025-01-06 15:30:00,120.80999755859375,121.62999725341797,120.7699966430664,121.51000213623047,367227
2025-01-06 16:30:00,121.5,121.72000122070312,121.20659637451172,121.3499984741211,255819
2025-01-06 17:30:00,121.30999755859375,121.38999938964844,120.81999969482422,120.9000015258789,416844
2025-01-06 18:30:00,120.88999938964844,121.18000030517578,120.66999816894531,121.08999633789062,321177
2025-01-06 19:30:00,121.06999969482422,121.16000366210938,120.70500183105469,120.80000305175781,444212
2025-01-06 20:30:00,120.82499694824219,120.94999694824219,120.45999908447266,120.88999938964844,767334
2025-01-07 14:30:00,121.08999633789062,121.7699966430664,120.52999877929688,120.72000122070312,787315
2025-01-07 15:30:00,120.7300033569336,121.33999633789062,120.63999938964844,120.80999755859375,419018
2025-01-07 16:30:00,120.77999877929688,120.80000305175781,120.19999694824219,120.5999984741211,340154
2025-01-07 17:30:00,120.62000274658203,120.83999633789062,120.43000030517578,120.83999633789062,299252
2025-01-07 18:30:00,120.81999969482422,120.85990142822266,120.56999969482422,120.68000030517578,221967
2025-01-07 19:30:00,120.66999816894531,120.66999816894531,120.37000274658203,120.37000274658203,463315
2025-01-07 20:30:00,120.37999725341797,120.41999816894531,120.02999877929688,120.1500015258789,653717
2025-01-08 14:30:00,120.16999816894531,120.33999633789062,119.51000213623047,119.9000015258789,613798
2025-01-08 15:30:00,119.9000015258789,120.58000183105469,119.55390167236328,120.57990264892578,465543
2025-01-08 16:30:00,120.56500244140625,121.06999969482422,120.4000015258789,120.45999908447266,301101
2025-01-08 17:30:00,120.4749984741211,121.36000061035156,120.3550033569336,121.29000091552734,536060
2025-01-08 18:30:00,121.30000305175781,121.83000183105469,121.05000305175781,121.73999786376953,364078
2025-01-08 19:30:00,121.69000244140625,121.90899658203125,121.43000030517578,121.84500122070312,416956
2025-01-08 20:30:00,121.8499984741211,122.01000213623047,121.62999725341797,121.6500015258789,757151
2025-01-10 14:30:00,121.4800033569336,122.29000091552734,120.87000274658203,121.34040069580078,587416
2025-01-10 15:30:00,121.33000183105469,121.52999877929688,120.8550033569336,121.19499969482422,340425
2025-01-10 16:30:00,121.19000244140625,121.56999969482422,120.83999633789062,121.03279876708984,331305
2025-01-10 17:30:00,121.05000305175781,121.19999694824219,120.9800033569336,121.12000274658203,346498
2025-01-10 18:30:00,121.11000061035156,121.31950378417969,120.55000305175781,120.72000122070312,368278
2025-01-10 19:30:00,120.70500183105469,120.70500183105469,119.86000061035156,120.08000183105469,379907
2025-01-10 20:30:00,120.05999755859375,120.25499725341797,119.74819946289062,120.05000305175781,720424
2025-01-13 14:30:00,120.05999755859375,120.19499969482422,117.88999938964844,118.75,562365
2025-01-13 15:30:00,118.72699737548828,119.22000122070312,118.56999969482422,119.06999969482422,348401
2025-01-13 16:30:00,119.08000183105469,119.56999969482422,118.91500091552734,119.4800033569336,264724
2025-01-13 17:30:00,119.47000122070312,119.4749984741211,119.12049865722656,119.38999938964844,313240
2025-01-13 18:30:00,119.29499816894531,119.56999969482422,119.29499816894531,119.54000091552734,288368
2025-01-13 19:30:00,119.53399658203125,119.63999938964844,119.23500061035156,119.55999755859375,397967
2025-01-13 20:30:00,119.54000091552734,119.97000122070312,119.38500213623047,119.87000274658203,625673
2025-01-14 14:30:00,120.5,120.5999984741211,120.01000213623047,120.48999786376953,368476
2025-01-14 15:30:00,120.49500274658203,120.56999969482422,119.43000030517578,119.44249725341797,328201
2025-01-14 16:30:00,119.45999908447266,119.47000122070312,118.9800033569336,119.26000213623047,232847
2025-01-14 17:30:00,119.25,119.56999969482422,119.0199966430664,119.55999755859375,246868
2025-01-14 18:30:00,119.55999755859375,119.7699966430664,119.3550033569336,119.38999938964844,290055
2025-01-14 19:30:00,119.38999938964844,119.51000213623047,118.69000244140625,119.08499908447266,399845
2025-01-14 20:30:00,119.0999984741211,119.37000274658203,118.91500091552734,119.2699966430664,703813
2025-01-15 14:30:00,120.33999633789062,120.41719818115234,118.47000122070312,118.8550033569336,581155
2025-01-15 15:30:00,118.8550033569336,119.19000244140625,118.80999755859375,119.04000091552734,322540
2025-01-15 16:30:00,119.0,119.1500015258789,118.7699966430664,119.06009674072266,278172
2025-01-15 17:30:00,119.11000061035156,119.38999938964844,119.05999755859375,119.30999755859375,332011
2025-01-15 18:30:00,119.30999755859375,119.41999816894531,119.11000061035156,119.18000030517578,331491
2025-01-15 19:30:00,119.18000030517578,119.30000305175781,119.0999984741211,119.2249984741211,404083
2025-01-15 20:30:00,119.20999908447266,119.38999938964844,118.93000030517578,119.12000274658203,743910
2025-01-16 14:30:00,119.55000305175781,120.28500366210938,119.2300033569336,120.28500366210938,399610
2025-01-16 15:30:00,120.29000091552734,120.82499694824219,120.16999816894531,120.81999969482422,441136
2025-01-16 16:30:00,120.80000305175781,121.05000305175781,120.47000122070312,120.9800033569336,334408
2025-01-16 17:30:00,121.0,121.25,120.97000122070312,121.00749969482422,284916
2025-01-16 18:30:00,121.01499938964844,121.14769744873047,120.78500366210938,120.93000030517578,443989
2025-01-16 19:30:00,120.92500305175781,121.13999938964844,120.87999725341797,121.0999984741211,284586
2025-01-16 20:30:00,121.10900115966797,121.69000244140625,121.0999984741211,121.37999725341797,873178
2025-01-17 14:30:00,122.58000183105469,122.83799743652344,121.47000122070312,122.33999633789062,1437257
2025-01-17 15:30:00,122.36000061035156,122.5999984741211,122.16000366210938,122.20999908447266,301337
2025-01-17 16:30:00,122.20999908447266,122.27999877929688,121.9800033569336,122.22820281982422,284301
2025-01-17 17:30:00,122.2300033569336,122.30500030517578,122.0,122.1500015258789,246341
2025-01-17 18:30:00,122.16000366210938,122.33000183105469,121.83000183105469,121.94000244140625,310392
2025-01-17 19:30:00,121.94000244140625,121.98999786376953,121.68949890136719,121.94000244140625,526177
2025-01-17 20:30:00,121.93000030517578,122.04000091552734,121.7699966430664,121.87000274658203,657958
2025-01-21 14:30:00,123.68000030517578,124.48500061035156,123.27999877929688,123.8499984741211,744737
2025-01-21 15:30:00,123.86000061035156,123.9000015258789,123.01000213623047,123.04499816894531,391696
2025-01-21 16:30:00,123.043701171875,123.1500015258789,122.8499984741211,123.04000091552734,323281
2025-01-21 17:30:00,123.04000091552734,123.30000305175781,122.97000122070312,123.0,343646
2025-01-21 18:30:00,122.98999786376953,123.04000091552734,122.71240234375,123.0199966430664,352050
2025-01-21 19:30:00,123.0199966430664,123.18000030517578,122.86000061035156,123.17500305175781,370528
2025-01-21 20:30:00,123.1500015258789,123.3499984741211,122.8949966430664,123.27999877929688,643432
2025-01-22 14:30:00,123.41000366210938,123.48500061035156,121.34500122070312,122.58499908447266,494222
2025-01-22 15:30:00,122.56999969482422,122.68000030517578,122.19499969482422,122.38999938964844,284555
2025-01-22 16:30:00,122.41999816894531,122.51000213623047,122.08999633789062,122.08999633789062,231781
2025-01-22 17:30:00,122.0999984741211,122.3550033569336,122.05000305175781,122.25499725341797,230889
2025-01-22 18:30:00,122.2699966430664,122.41999816894531,122.25499725341797,122.33999633789062,237135
2025-01-22 19:30:00,122.33999633789062,122.42500305175781,122.16000366210938,122.22000122070312,354226
2025-01-22 20:30:00,122.22000122070312,122.61000061035156,122.05000305175781,122.56999969482422,781704
2025-01-23 14:30:00,122.5,123.06500244140625,122.37999725341797,122.37999725341797,433865
2025-01-23 15:30:00,122.40499877929688,122.62889862060547,122.25,122.54000091552734,347661
2025-01-23 16:30:00,122.55000305175781,122.66999816894531,122.26000213623047,122.26000213623047,337832
2025-01-23 17:30:00,122.25,122.56999969482422,122.20500183105469,122.43000030517578,252759
2025-01-23 18:30:00,122.44999694824219,122.62999725341797,122.44999694824219,122.5,298016
2025-01-23 19:30:00,122.5,122.54000091552734,122.31800079345703,122.3499984741211,311579
2025-01-23 20:30:00,122.3499984741211,122.76000213623047,122.3499984741211,122.58000183105469,681183
2025-01-24 14:30:00,122.56999969482422,123.47750091552734,122.33000183105469,123.33000183105469,644138
2025-01-24 15:30:00,123.30999755859375,123.33000183105469,122.76000213623047,122.97000122070312,455677
2025-01-24 16:30:00,122.95999908447266,122.98999786376953,122.70999908447266,122.81999969482422,260916
2025-01-24 17:30:00,122.81999969482422,123.04000091552734,122.69000244140625,122.86000061035156,562090
2025-01-24 18:30:00,122.87000274658203,123.19999694824219,122.7300033569336,122.79000091552734,266857
2025-01-24 19:30:00,122.7699966430664,122.8499984741211,122.62000274658203,122.75499725341797,311311
2025-01-24 20:30:00,122.75499725341797,122.80000305175781,122.30999755859375,122.7300033569336,838516
2025-01-27 14:30:00,123.0999984741211,124.4800033569336,123.04000091552734,123.63999938964844,649758
2025-01-27 15:30:00,123.63999938964844,124.16999816894531,123.43000030517578,124.11000061035156,437319
2025-01-27 16:30:00,124.08999633789062,124.37000274658203,123.74500274658203,124.0250015258789,395223
2025-01-27 17:30:00,124.0199966430664,124.38999938964844,124.0,124.31999969482422,529996
2025-01-27 18:30:00,124.31999969482422,125.09500122070312,124.26000213623047,125.06500244140625,549945
2025-01-27 19:30:00,125.06500244140625,125.31500244140625,124.4000015258789,124.74500274658203,549026
2025-01-27 20:30:00,124.76000213623047,124.91999816894531,124.58999633789062,124.9000015258789,652674
2025-01-28 14:30:00,124.61000061035156,125.44999694824219,124.12999725341797,125.06500244140625,536102
2025-01-28 15:30:00,125.06500244140625,125.0802993774414,123.88999938964844,123.9000015258789,331075
2025-01-28 16:30:00,123.9000015258789,123.94999694824219,123.69999694824219,123.84500122070312,257583
2025-01-28 17:30:00,123.8499984741211,124.26000213623047,123.79000091552734,124.20320129394531,310989
2025-01-28 18:30:00,124.22000122070312,124.27790069580078,124.0,124.25086975097656,334709
2025-01-28 19:30:00,124.23999786376953,124.63999938964844,124.08000183105469,124.47000122070312,362457
2025-01-28 20:30:00,124.44999694824219,124.51000213623047,124.29000091552734,124.33999633789062,524491
2025-01-29 14:30:00,124.27999877929688,124.87000274658203,124.08000183105469,124.68000030517578,332528
2025-01-29 15:30:00,124.68000030517578,125.26000213623047,124.63500213623047,125.19000244140625,250365
2025-01-29 16:30:00,125.19000244140625,125.30299377441406,124.70999908447266,124.94999694824219,254167
2025-01-29 17:30:00,124.9800033569336,125.11000061035156,124.62000274658203,124.98999786376953,238019
2025-01-29 18:30:00,124.98999786376953,124.98999786376953,124.12999725341797,124.20929718017578,287736
2025-01-29 19:30:00,124.20999908447266,124.55000305175781,124.13999938964844,124.44499969482422,465779
2025-01-29 20:30:00,124.44999694824219,124.47000122070312,124.0,124.20999908447266,607742
2025-01-30 14:30:00,124.83000183105469,126.0199966430664,124.61000061035156,125.5199966430664,619969
2025-01-30 15:30:00,125.55999755859375,126.11000061035156,125.37999725341797,126.04000091552734,492471
2025-01-30 16:30:00,126.04000091552734,126.40139770507812,125.87000274658203,126.19999694824219,455976
2025-01-30 17:30:00,126.18000030517578,126.30000305175781,125.91000366210938,126.2699966430664,303673
2025-01-30 18:30:00,126.26499938964844,126.4800033569336,126.08000183105469,126.2699966430664,402185
2025-01-30 19:30:00,126.2699966430664,126.3053970336914,126.0791015625,126.16500091552734,471758
2025-01-30 20:30:00,126.17990112304688,126.18000030517578,125.2300033569336,126.05000305175781,523426
2025-01-31 14:30:00,125.91999816894531,126.16999816894531,125.31999969482422,126.0,282820
2025-01-31 15:30:00,125.98999786376953,126.22000122070312,125.5999984741211,125.77999877929688,246689
2025-01-31 16:30:00,125.77999877929688,126.08499908447266,125.62999725341797,126.01000213623047,232668
2025-01-31 17:30:00,125.98999786376953,126.11000061035156,125.68000030517578,125.69999694824219,198783
2025-01-31 18:30:00,125.69000244140625,125.69000244140625,124.94999694824219,125.19999694824219,259654
2025-01-31 19:30:00,125.22000122070312,125.31500244140625,124.8499984741211,124.91999816894531,349067
2025-01-31 20:30:00,124.93000030517578,125.0250015258789,124.62000274658203,124.76499938964844,674085
2025-02-03 14:30:00,123.95999908447266,124.5199966430664,123.0999984741211,124.44999694824219,686274
2025-02-03 15:30:00,124.5,125.2699966430664,124.33589935302734,124.96499633789062,376233
2025-02-03 16:30:00,124.98999786376953,125.30999755859375,124.5999984741211,124.88500213623047,258622
2025-02-03 17:30:00,124.87000274658203,124.95999908447266,124.4800033569336,124.76000213623047,235092
2025-02-03 18:30:00,124.76000213623047,124.80989837646484,124.48999786376953,124.62969970703125,361098
2025-02-03 19:30:00,124.6500015258789,124.82969665527344,124.0,124.3499984741211,285532
2025-02-03 20:30:00,124.3550033569336,124.51000213623047,124.23999786376953,124.33999633789062,594296
2025-02-04 14:30:00,124.30999755859375,125.38999938964844,124.25499725341797,124.64969635009766,953520
2025-02-04 15:30:00,124.63999938964844,124.83999633789062,124.37000274658203,124.69000244140625,373864
2025-02-04 16:30:00,124.7300033569336,124.94999694824219,124.62000274658203,124.81009674072266,263459
2025-02-04 17:30:00,124.82499694824219,124.875,124.58999633789062,124.72000122070312,256541
2025-02-04 18:30:00,124.70449829101562,124.94000244140625,124.6500015258789,124.80999755859375,321471
2025-02-04 19:30:00,124.81999969482422,125.0250015258789,124.66999816894531,124.7300033569336,503796
2025-02-04 20:30:00,124.72000122070312,125.33000183105469,124.69000244140625,125.12999725341797,719721
2025-02-05 14:30:00,125.13999938964844,125.27999877929688,123.93000030517578,124.72000122070312,500957
2025-02-05 15:30:00,124.72000122070312,124.7300033569336,124.12999725341797,124.3550033569336,306678
2025-02-05 16:30:00,124.37000274658203,124.66000366210938,124.29000091552734,124.5199966430664,199322
2025-02-05 17:30:00,124.51000213623047,124.91000366210938,124.51000213623047,124.76000213623047,217508
2025-02-05 18:30:00,124.75,125.0999984741211,124.75,124.94999694824219,355685
2025-02-05 19:30:00,124.94999694824219,125.5,124.76000213623047,125.33999633789062,492441
2025-02-05 20:30:00,125.33499908447266,125.55500030517578,125.16999816894531,125.4800033569336,594836
2025-02-06 14:30:00,125.94000244140625,126.81500244140625,125.80000305175781,126.66500091552734,453630
2025-02-06 15:30:00,126.6500015258789,127.37999725341797,126.63999938964844,127.3499984741211,503604
2025-02-06 16:30:00,127.3499984741211,127.4800033569336,126.7699966430664,126.79000091552734,339347
2025-02-06 17:30:00,126.78500366210938,126.98500061035156,126.66000366210938,126.69999694824219,287113
2025-02-06 18:30:00,126.70500183105469,126.91000366210938,126.31999969482422,126.3572006225586,301525
2025-02-06 19:30:00,126.3499984741211,126.36499786376953,126.04000091552734,126.22000122070312,333320
2025-02-06 20:30:00,126.23999786376953,126.38999938964844,126.0999984741211,126.16500091552734,564963
2025-02-07 14:30:00,126.0999984741211,126.80000305175781,125.5,125.51000213623047,314466
2025-02-07 15:30:00,125.47000122070312,125.55000305175781,124.51000213623047,125.12000274658203,274236
2025-02-07 16:30:00,125.16000366210938,125.33000183105469,124.93000030517578,125.16000366210938,291005
2025-02-07 17:30:00,125.13999938964844,125.23999786376953,125.0199966430664,125.07520294189453,237395
2025-02-07 18:30:00,125.06999969482422,125.20999908447266,124.87999725341797,125.01499938964844,267254
2025-02-07 19:30:00,125.0,125.11000061035156,124.7699966430664,124.77999877929688,312444
2025-02-07 20:30:00,124.80000305175781,124.87999725341797,124.44999694824219,124.69000244140625,490033
2025-02-10 14:30:00,125.12000274658203,125.66000366210938,124.25,124.86000061035156,457848
2025-02-10 15:30:00,124.87999725341797,125.04000091552734,124.18000030517578,124.30000305175781,432511
2025-02-10 16:30:00,124.33000183105469,124.33000183105469,123.58000183105469,123.8550033569336,426893
2025-02-10 17:30:00,123.83999633789062,124.38500213623047,123.81050109863281,124.28500366210938,261524
2025-02-10 18:30:00,124.29000091552734,124.66459655761719,124.0199966430664,124.66459655761719,362588
2025-02-10 19:30:00,124.65499877929688,125.16500091552734,124.65499877929688,124.77999877929688,443575
2025-02-10 20:30:00,124.78500366210938,125.04900360107422,124.70999908447266,124.97000122070312,516004
2025-02-11 14:30:00,124.47000122070312,124.81999969482422,124.0,124.38999938964844,343695
2025-02-11 15:30:00,124.38999938964844,124.41999816894531,124.0,124.052001953125,249200
2025-02-11 16:30:00,124.06999969482422,124.28990173339844,123.92729949951172,124.01499938964844,251413
2025-02-11 17:30:00,124.0199966430664,124.2699966430664,123.91999816894531,124.1449966430664,202798
2025-02-11 18:30:00,124.13500213623047,124.36499786376953,124.13500213623047,124.17559814453125,214555
2025-02-11 19:30:00,124.18499755859375,124.31999969482422,124.11499786376953,124.29000091552734,394885
2025-02-11 20:30:00,124.29000091552734,124.69999694824219,124.2699966430664,124.69000244140625,393464
2025-02-12 14:30:00,123.83000183105469,124.33999633789062,123.5999984741211,123.81999969482422,368974
2025-02-12 15:30:00,123.85130310058594,124.25,123.69000244140625,123.77999877929688,307317
2025-02-12 16:30:00,123.80000305175781,124.55000305175781,123.76000213623047,124.38999938964844,245053
2025-02-12 17:30:00,124.38990020751953,124.44000244140625,124.08499908447266,124.0999984741211,241926
2025-02-12 18:30:00,124.09500122070312,124.18000030517578,123.80999755859375,124.04000091552734,227785
2025-02-12 19:30:00,124.03500366210938,124.29810333251953,124.0199966430664,124.08999633789062,337798
2025-02-12 20:30:00,124.08999633789062,124.5,124.05000305175781,124.37999725341797,493196
2025-02-13 14:30:00,124.5,125.37000274658203,124.2300033569336,125.0999984741211,357573
2025-02-13 15:30:00,125.09500122070312,125.33999633789062,124.98930358886719,125.05999755859375,328978
2025-02-13 16:30:00,125.04000091552734,125.53500366210938,125.02999877929688,125.5199966430664,261522
2025-02-13 17:30:00,125.52999877929688,125.52999877929688,125.1500015258789,125.20999908447266,180244
2025-02-13 18:30:00,125.220703125,125.63999938964844,124.9800033569336,125.62000274658203,247583
2025-02-13 19:30:00,125.625,125.97000122070312,125.60009765625,125.94499969482422,302699
2025-02-13 20:30:00,125.93000030517578,126.12000274658203,125.80999755859375,125.83000183105469,536315
2025-02-14 14:30:00,126.55000305175781,126.74500274658203,125.87999725341797,126.2699966430664,386187
2025-02-14 15:30:00,126.29000091552734,126.54000091552734,125.30000305175781,125.30999755859375,384788
2025-02-14 16:30:00,125.31999969482422,125.31999969482422,123.3499984741211,124.29000091552734,725218
2025-02-14 17:30:00,124.33000183105469,124.69999694824219,124.12999725341797,124.66000366210938,493475
2025-02-14 18:30:00,124.6449966430664,124.9000015258789,124.27999877929688,124.37000274658203,607271
2025-02-14 19:30:00,124.3499984741211,124.55000305175781,124.12000274658203,124.125,265999
2025-02-14 20:30:00,124.12999725341797,124.54000091552734,124.04000091552734,124.31999969482422,563087
2025-02-18 14:30:00,124.0199966430664,124.3499984741211,122.2300033569336,123.91000366210938,841467
2025-02-18 15:30:00,123.86000061035156,124.04000091552734,123.3499984741211,123.54000091552734,350728
2025-02-18 16:30:00,123.54000091552734,123.59989929199219,123.05999755859375,123.50499725341797,295626
2025-02-18 17:30:00,123.56999969482422,123.63999938964844,123.41000366210938,123.51499938964844,326565
2025-02-18 18:30:00,123.52999877929688,123.86000061035156,123.3499984741211,123.43499755859375,289248
2025-02-18 19:30:00,123.41000366210938,123.739501953125,123.23999786376953,123.68000030517578,322416
2025-02-18 20:30:00,123.68000030517578,123.88990020751953,123.41000366210938,123.84500122070312,620883
2025-02-19 14:30:00,123.91999816894531,123.91999816894531,123.0,123.63500213623047,420531
2025-02-19 15:30:00,123.63500213623047,123.80000305175781,123.41999816894531,123.59500122070312,368685
2025-02-19 16:30:00,123.59500122070312,124.0,123.5,123.73090362548828,369688
2025-02-19 17:30:00,123.72200012207031,123.87000274658203,123.43000030517578,123.61000061035156,361243
2025-02-19 18:30:00,123.6050033569336,123.63999938964844,123.16999816894531,123.41999816894531,260647
2025-02-19 19:30:00,123.41500091552734,123.4800033569336,123.08200073242188,123.33000183105469,306690
2025-02-19 20:30:00,123.33000183105469,123.5199966430664,123.16000366210938,123.44999694824219,498119
2025-02-20 14:30:00,123.08999633789062,123.37999725341797,122.13999938964844,122.44000244140625,554217
2025-02-20 15:30:00,122.44000244140625,122.66000366210938,122.19999694824219,122.19999694824219,468269
2025-02-20 16:30:00,122.19999694824219,122.37000274658203,121.94940185546875,122.30999755859375,474988
2025-02-20 17:30:00,122.30999755859375,122.62000274658203,122.2300033569336,122.5999984741211,518015
2025-02-20 18:30:00,122.55999755859375,123.0,122.55999755859375,122.80000305175781,428034
2025-02-20 19:30:00,122.80999755859375,123.30999755859375,122.7699966430664,123.25260162353516,576006
2025-02-20 20:30:00,123.25,123.2699966430664,122.88999938964844,123.0,850752
2025-02-21 14:30:00,122.93000030517578,122.94999694824219,122.05000305175781,122.81500244140625,699314
2025-02-21 15:30:00,122.80500030517578,123.07160186767578,122.51000213623047,122.95999908447266,350229
2025-02-21 16:30:00,122.94029998779297,123.06999969482422,122.19499969482422,122.38999938964844,372026
2025-02-21 17:30:00,122.36499786376953,122.38999938964844,121.62999725341797,121.69999694824219,367095
2025-02-21 18:30:00,121.69999694824219,121.72000122070312,120.87000274658203,121.05999755859375,432068
2025-02-21 19:30:00,121.06749725341797,121.26000213623047,120.9000015258789,120.94000244140625,613580
2025-02-21 20:30:00,120.95999908447266,121.13999938964844,120.66999816894531,121.125,849654
2025-02-24 14:30:00,121.54000091552734,122.50630187988281,121.38999938964844,122.1500015258789,678408
2025-02-24 15:30:00,122.16000366210938,122.42500305175781,121.79000091552734,122.23500061035156,429151
2025-02-24 16:30:00,122.24500274658203,122.3499984741211,121.94999694824219,122.05999755859375,460661
2025-02-24 17:30:00,122.04000091552734,122.23999786376953,121.91500091552734,121.93000030517578,307270
2025-02-24 18:30:00,121.93930053710938,122.06999969482422,121.68499755859375,121.80999755859375,431996
2025-02-24 19:30:00,121.81999969482422,121.83999633789062,121.33499908447266,121.43000030517578,494826
2025-02-24 20:30:00,121.44000244140625,122.02950286865234,121.27999877929688,121.4800033569336,860868
2025-02-25 14:30:00,121.5199966430664,123.29499816894531,121.5,122.9000015258789,759310
2025-02-25 15:30:00,122.91000366210938,123.37999725341797,122.69000244140625,122.69999694824219,601116
2025-02-25 16:30:00,122.72000122070312,122.91999816894531,122.23999786376953,122.67321014404297,901820
2025-02-25 17:30:00,122.69999694824219,123.239501953125,122.68910217285156,122.9800033569336,494981
2025-02-25 18:30:00,122.9800033569336,123.3499984741211,122.37000274658203,122.45999908447266,569700
2025-02-25 19:30:00,122.44999694824219,123.0199966430664,122.44000244140625,122.55999755859375,774181
2025-02-25 20:30:00,122.56999969482422,122.87000274658203,122.05500030517578,122.72000122070312,1130309
2025-02-26 14:30:00,125.87999725341797,125.87999725341797,123.0,124.73999786376953,1774541
2025-02-26 15:30:00,124.80000305175781,127.12000274658203,124.63500213623047,126.625,986742
2025-02-26 16:30:00,126.5999984741211,127.58000183105469,126.45999908447266,127.12000274658203,613027
2025-02-26 17:30:00,127.07060241699219,127.1500015258789,125.70999908447266,125.79499816894531,575064
2025-02-26 18:30:00,125.80750274658203,126.26000213623047,125.61000061035156,126.13500213623047,575176
2025-02-26 19:30:00,126.12999725341797,126.37000274658203,125.51000213623047,125.55999755859375,732490
2025-02-26 20:30:00,125.54000091552734,125.74859619140625,124.6500015258789,124.93000030517578,1173658
2025-02-27 14:30:00,126.0,126.45999908447266,123.1449966430664,124.4000015258789,1152133
2025-02-27 15:30:00,124.36000061035156,124.9447021484375,123.91000366210938,124.375,565489
2025-02-27 16:30:00,124.3499984741211,124.68000030517578,123.62999725341797,124.0,377294
2025-02-27 17:30:00,124.01000213623047,124.4000015258789,123.73999786376953,124.33999633789062,380854
2025-02-27 18:30:00,124.37000274658203,124.68000030517578,124.0199966430664,124.02999877929688,365372
2025-02-27 19:30:00,124.01000213623047,124.53500366210938,123.63999938964844,123.66999816894531,595171
2025-02-27 20:30:00,123.66500091552734,123.8499984741211,123.37000274658203,123.48999786376953,812918
2025-02-28 14:30:00,123.5999984741211,124.9000015258789,123.41999816894531,124.31500244140625,538785
2025-02-28 15:30:00,124.30000305175781,124.5,123.62999725341797,123.69000244140625,399874
2025-02-28 16:30:00,123.69000244140625,124.37989807128906,123.66000366210938,124.02999877929688,397335
2025-02-28 17:30:00,124.01000213623047,124.11000061035156,123.37999725341797,123.57499694824219,314394
2025-02-28 18:30:00,123.55000305175781,123.75499725341797,123.3499984741211,123.51000213623047,390636
2025-02-28 19:30:00,123.4800033569336,124.06500244140625,123.41000366210938,123.95999908447266,561039
2025-02-28 20:30:00,123.95999908447266,124.83000183105469,123.63999938964844,124.76000213623047,1069849
2025-03-03 14:30:00,124.43000030517578,125.98999786376953,124.33000183105469,125.37000274658203,656609
2025-03-03 15:30:00,125.36859893798828,125.68000030517578,124.76000213623047,124.76969909667969,431275
2025-03-03 16:30:00,124.79000091552734,125.33699798583984,124.70500183105469,125.19999694824219,350158
2025-03-03 17:30:00,125.22000122070312,125.52999877929688,125.04000091552734,125.05000305175781,386301
2025-03-03 18:30:00,125.05999755859375,125.33999633789062,124.44999694824219,124.4749984741211,339042
2025-03-03 19:30:00,124.47000122070312,124.77999877929688,123.3499984741211,123.43000030517578,471297
2025-03-03 20:30:00,123.4260025024414,123.56999969482422,123.05999755859375,123.55000305175781,882514
2025-03-04 14:30:00,122.79000091552734,123.16999816894531,121.61000061035156,121.94999694824219,912090
2025-03-04 15:30:00,121.88999938964844,122.4000015258789,121.23999786376953,121.58999633789062,517290
2025-03-04 16:30:00,121.61000061035156,122.37999725341797,121.54000091552734,122.23999786376953,383967
2025-03-04 17:30:00,122.25,122.73999786376953,122.08999633789062,122.58499908447266,411328
2025-03-04 18:30:00,122.58999633789062,123.19999694824219,122.4800033569336,122.7699966430664,513579
2025-03-04 19:30:00,122.7699966430664,123.13999938964844,122.625,122.7699966430664,558528
2025-03-04 20:30:00,122.75499725341797,122.77999877929688,121.4374008178711,121.73999786376953,903796
2025-03-05 14:30:00,121.33999633789062,123.0,121.19999694824219,122.06500244140625,720923
2025-03-05 15:30:00,122.06999969482422,122.27999877929688,121.4800033569336,121.72000122070312,451969
2025-03-05 16:30:00,121.69999694824219,122.3499984741211,121.41999816894531,122.29000091552734,324442
2025-03-05 17:30:00,122.30000305175781,122.62999725341797,121.8949966430664,121.99500274658203,359069
2025-03-05 18:30:00,121.97000122070312,122.71499633789062,121.80500030517578,122.5823974609375,457971
2025-03-05 19:30:00,122.6050033569336,123.2300033569336,122.55999755859375,123.21990203857422,570411
2025-03-05 20:30:00,123.20999908447266,123.20999908447266,122.69499969482422,123.04000091552734,899634
2025-03-06 14:30:00,121.55999755859375,122.69999694824219,121.44000244140625,122.125,562572
2025-03-06 15:30:00,122.1500015258789,122.81999969482422,122.05000305175781,122.38999938964844,422309
2025-03-06 16:30:00,122.48999786376953,122.63500213623047,121.66999816894531,121.84500122070312,413774
2025-03-06 17:30:00,121.8499984741211,122.04000091552734,121.37999725341797,121.52999877929688,391373
2025-03-06 18:30:00,121.52999877929688,121.56999969482422,121.11000061035156,121.1500015258789,396982
2025-03-06 19:30:00,121.13999938964844,121.55000305175781,120.62999725341797,120.875,523911
2025-03-06 20:30:00,120.94000244140625,121.12000274658203,120.3499984741211,120.6500015258789,974328
2025-03-07 14:30:00,120.01000213623047,120.58000183105469,118.70999908447266,119.13500213623047,952133
2025-03-07 15:30:00,119.16000366210938,119.19000244140625,117.86499786376953,118.12000274658203,669363
2025-03-07 16:30:00,118.1500015258789,118.1500015258789,117.25,117.69999694824219,603209
2025-03-07 17:30:00,117.66999816894531,119.12000274658203,117.5999984741211,118.74500274658203,526243
2025-03-07 18:30:00,118.7699966430664,119.8550033569336,118.7699966430664,119.47000122070312,498456
2025-03-07 19:30:00,119.48999786376953,119.63999938964844,119.16999816894531,119.25,539117
2025-03-07 20:30:00,119.23999786376953,119.36499786376953,118.5999984741211,119.22000122070312,890970
2025-03-10 13:30:00,118.77999877929688,119.78500366210938,118.13500213623047,118.625,595565
2025-03-10 14:30:00,118.72000122070312,119.37000274658203,118.29000091552734,118.4800033569336,563114
2025-03-10 15:30:00,118.4800033569336,118.54000091552734,117.83000183105469,118.48500061035156,634719
2025-03-10 16:30:00,118.48999786376953,118.68150329589844,118.12999725341797,118.29000091552734,416311
2025-03-10 17:30:00,118.33000183105469,118.37000274658203,117.60060119628906,117.9800033569336,382191
2025-03-10 18:30:00,117.9800033569336,118.02999877929688,116.98999786376953,117.56999969482422,708978
2025-03-10 19:30:00,117.5999984741211,117.97000122070312,117.27999877929688,117.62000274658203,900745
2025-03-11 13:30:00,117.45999908447266,117.61000061035156,116.26399993896484,116.55010223388672,1043401
2025-03-11 14:30:00,116.56999969482422,116.79609680175781,115.7300033569336,115.82499694824219,647483
2025-03-11 15:30:00,115.80999755859375,116.41999816894531,115.7300033569336,115.95999908447266,831569
2025-03-11 16:30:00,115.9800033569336,116.19000244140625,115.77999877929688,115.91000366210938,563645
2025-03-11 17:30:00,115.91000366210938,116.53500366210938,115.81999969482422,116.45999908447266,560199
2025-03-11 18:30:00,116.45999908447266,117.13999938964844,116.11000061035156,116.63500213623047,719214
2025-03-11 19:30:00,116.63500213623047,116.7699966430664,115.95999908447266,116.08999633789062,855065
2025-03-12 13:30:00,117.4000015258789,117.4000015258789,115.59500122070312,116.20500183105469,543424
2025-03-12 14:30:00,116.17400360107422,116.19000244140625,114.94000244140625,115.1500015258789,390660
2025-03-12 15:30:00,115.13999938964844,115.81999969482422,114.91000366210938,115.69000244140625,362545
2025-03-12 16:30:00,115.70999908447266,116.21070098876953,115.6050033569336,116.16500091552734,342594
2025-03-12 17:30:00,116.16410064697266,116.25,115.62000274658203,115.91500091552734,372914
2025-03-12 18:30:00,115.92220306396484,116.16999816894531,115.5999984741211,115.67720031738281,367600
2025-03-12 19:30:00,115.69000244140625,115.80999755859375,115.27999877929688,115.33499908447266,582301
2025-03-13 13:30:00,114.97000122070312,114.97000122070312,112.9000015258789,113.6500015258789,870729
2025-03-13 14:30:00,113.5999984741211,113.8499984741211,112.5,112.54000091552734,575193
2025-03-13 15:30:00,112.53500366210938,112.69650268554688,112.0999984741211,112.5,688824
2025-03-13 16:30:00,112.5,113.14620208740234,112.41999816894531,112.58000183105469,437064
2025-03-13 17:30:00,112.55000305175781,112.94000244140625,112.41999816894531,112.73999786376953,538805
2025-03-13 18:30:00,112.7300033569336,113.19999694824219,112.66999816894531,112.9000015258789,595914
2025-03-13 19:30:00,112.87000274658203,112.91500091552734,112.33999633789062,112.80000305175781,888930
2025-03-14 13:30:00,113.55999755859375,114.0,112.30000305175781,112.80000305175781,799032
2025-03-14 14:30:00,112.78849792480469,113.2300033569336,112.66000366210938,113.08499908447266,1184957
2025-03-14 15:30:00,113.08499908447266,113.29100036621094,112.73999786376953,112.92500305175781,676923
2025-03-14 16:30:00,112.9000015258789,113.29000091552734,112.69999694824219,112.9800033569336,629328
2025-03-14 17:30:00,112.96499633789062,113.08270263671875,112.61499786376953,113.05359649658203,597191
2025-03-14 18:30:00,113.04000091552734,113.31999969482422,112.94000244140625,112.95800018310547,490695
2025-03-14 19:30:00,112.95999908447266,113.41000366210938,112.83000183105469,113.25,834921
2025-03-17 13:30:00,113.88999938964844,114.19999694824219,113.37999725341797,113.98999786376953,574541
2025-03-17 14:30:00,113.95999908447266,114.11000061035156,113.5999984741211,113.91999816894531,390108
2025-03-17 15:30:00,113.91999816894531,114.29000091552734,113.66000366210938,114.03500366210938,303309
2025-03-17 16:30:00,114.03500366210938,114.37999725341797,113.87000274658203,114.2300033569336,297784
2025-03-17 17:30:00,114.26000213623047,114.7699966430664,114.24500274658203,114.6875,317482
2025-03-17 18:30:00,114.68000030517578,115.05000305175781,114.58000183105469,115.03500366210938,431121
2025-03-17 19:30:00,115.0199966430664,115.08000183105469,114.4000015258789,114.51000213623047,667695
2025-03-18 13:30:00,114.55999755859375,115.05000305175781,114.23139953613281,114.90499877929688,588344
2025-03-18 14:30:00,114.87000274658203,114.91999816894531,114.27999877929688,114.27999877929688,589629
2025-03-18 15:30:00,114.27999877929688,114.68000030517578,114.21499633789062,114.62999725341797,642163
2025-03-18 16:30:00,114.62999725341797,115.06999969482422,114.36640167236328,115.04000091552734,529146
2025-03-18 17:30:00,115.02999877929688,115.4800033569336,115.02999877929688,115.19499969482422,356951
2025-03-18 18:30:00,115.20999908447266,115.51000213623047,115.18000030517578,115.39669799804688,574832
2025-03-18 19:30:00,115.41999816894531,115.5199966430664,115.11000061035156,115.2699966430664,853907
2025-03-19 13:30:00,115.7300033569336,116.37000274658203,115.30999755859375,116.33999633789062,537997
2025-03-19 14:30:00,116.31999969482422,116.4000015258789,115.88999938964844,116.31999969482422,477148
2025-03-19 15:30:00,116.31999969482422,116.8499984741211,116.20999908447266,116.61000061035156,489580
2025-03-19 16:30:00,116.61000061035156,116.86000061035156,116.4749984741211,116.57499694824219,505472
2025-03-19 17:30:00,116.58000183105469,117.05999755859375,116.51000213623047,116.81500244140625,664390
2025-03-19 18:30:00,116.86000061035156,118.08999633789062,116.83999633789062,117.75,906123
2025-03-19 19:30:00,117.73999786376953,118.26589965820312,117.73999786376953,117.87000274658203,1679940
2025-03-20 13:30:00,117.30000305175781,117.97599792480469,116.80000305175781,117.82499694824219,725349
2025-03-20 14:30:00,117.83000183105469,117.9800033569336,117.33999633789062,117.61000061035156,551464
2025-03-20 15:30:00,117.61000061035156,117.62000274658203,116.62999725341797,116.65499877929688,1230241
2025-03-20 16:30:00,116.69000244140625,117.0,116.44999694824219,116.55999755859375,642508
2025-03-20 17:30:00,116.5250015258789,116.81500244140625,116.08999633789062,116.11499786376953,666229
2025-03-20 18:30:00,116.11499786376953,116.80999755859375,116.01000213623047,116.56500244140625,730019
2025-03-20 19:30:00,116.56500244140625,116.69999694824219,116.0,116.23999786376953,952264
2025-03-21 13:30:00,115.33999633789062,115.61000061035156,113.9800033569336,114.59500122070312,1430898
2025-03-21 14:30:00,114.59500122070312,115.60990142822266,114.4800033569336,115.50499725341797,391102
2025-03-21 15:30:00,115.47000122070312,115.80999755859375,115.13999938964844,115.73999786376953,273500
2025-03-21 16:30:00,115.75,116.0,115.4000015258789,115.88999938964844,232834
2025-03-21 17:30:00,115.88999938964844,116.30000305175781,115.54000091552734,115.57499694824219,256794
2025-03-21 18:30:00,115.57499694824219,115.79000091552734,115.55000305175781,115.5999984741211,384535
2025-03-21 19:30:00,115.61000061035156,116.19000244140625,115.5199966430664,116.11499786376953,621996
2025-03-24 13:30:00,117.0,118.30879974365234,116.9800033569336,118.1500015258789,544278
2025-03-24 14:30:00,118.1500015258789,118.5,117.95999908447266,118.4000015258789,422994
2025-03-24 15:30:00,118.3949966430664,119.22000122070312,118.3499984741211,118.83999633789062,424660
2025-03-24 16:30:00,118.87000274658203,119.04000091552734,118.70999908447266,118.74109649658203,324881
2025-03-24 17:30:00,118.80999755859375,118.98999786376953,118.25,118.4749984741211,476808
2025-03-24 18:30:00,118.5,119.30999755859375,118.44000244140625,119.16000366210938,454974
2025-03-24 19:30:00,119.17500305175781,119.69999694824219,119.17500305175781,119.58999633789062,756631
2025-03-25 13:30:00,119.5999984741211,120.7300033569336,119.58999633789062,120.26000213623047,433521
2025-03-25 14:30:00,120.29499816894531,120.69000244140625,120.21800231933594,120.23999786376953,320003
2025-03-25 15:30:00,120.23999786376953,120.37999725341797,119.81999969482422,119.8499984741211,350472
2025-03-25 16:30:00,119.86000061035156,120.22000122070312,119.83999633789062,119.92500305175781,215922
2025-03-25 17:30:00,119.92500305175781,120.09500122070312,119.83999633789062,120.01000213623047,276491
2025-03-25 18:30:00,120.02310180664062,120.12000274658203,119.7699966430664,119.91000366210938,405821
2025-03-25 19:30:00,119.91999816894531,120.1500015258789,119.41000366210938,119.88999938964844,848436
2025-03-26 13:30:00,119.87000274658203,120.4800033569336,119.7500991821289,120.4000015258789,283102
2025-03-26 14:30:00,120.37000274658203,120.52999877929688,120.01899719238281,120.08000183105469,275252
2025-03-26 15:30:00,120.05999755859375,120.20999908447266,119.72000122070312,119.86499786376953,280377
2025-03-26 16:30:00,119.88999938964844,120.05999755859375,119.75,119.80999755859375,232044
2025-03-26 17:30:00,119.80999755859375,119.95999908447266,119.61080169677734,119.93000030517578,226020
2025-03-26 18:30:00,119.94000244140625,119.98999786376953,119.33000183105469,119.45500183105469,330521
2025-03-26 19:30:00,119.46499633789062,119.86499786376953,119.41999816894531,119.68499755859375,539046
2025-03-27 13:30:00,119.80999755859375,121.0,119.38999938964844,120.94000244140625,503002
2025-03-27 14:30:00,120.94000244140625,121.18000030517578,120.7249984741211,120.83000183105469,427759
2025-03-27 15:30:00,120.82499694824219,121.26000213623047,120.56999969482422,121.09500122070312,327929
2025-03-27 16:30:00,121.05729675292969,121.33999633789062,120.8550033569336,121.06999969482422,322681
2025-03-27 17:30:00,121.08000183105469,121.1449966430664,120.7300033569336,120.8949966430664,336787
2025-03-27 18:30:00,120.88500213623047,121.26000213623047,120.80999755859375,121.26000213623047,387387
2025-03-27 19:30:00,121.26000213623047,121.2699966430664,120.45999908447266,120.52999877929688,639902
2025-03-28 13:30:00,120.0199966430664,120.26499938964844,117.94999694824219,118.05000305175781,481286
2025-03-28 14:30:00,118.08999633789062,118.25,117.4000015258789,117.80999755859375,425548
2025-03-28 15:30:00,117.8499984741211,118.02999877929688,117.61000061035156,117.76000213623047,249905
2025-03-28 16:30:00,117.7699966430664,117.80999755859375,117.41000366210938,117.43499755859375,252349
2025-03-28 17:30:00,117.43499755859375,117.76499938964844,117.20999908447266,117.2699966430664,284391
2025-03-28 18:30:00,117.2699966430664,117.7699966430664,117.23280334472656,117.62000274658203,369909
2025-03-28 19:30:00,117.5999984741211,118.20999908447266,117.4800033569336,118.20999908447266,936118
2025-03-31 13:30:00,117.63999938964844,119.19999694824219,117.45500183105469,118.97000122070312,699435
2025-03-31 14:30:00,118.97000122070312,120.04000091552734,118.94999694824219,119.91000366210938,559151
2025-03-31 15:30:00,119.87000274658203,120.26000213623047,119.65899658203125,120.20999908447266,461142
2025-03-31 16:30:00,120.16999816894531,120.70999908447266,120.07450103759766,120.44999694824219,433986
2025-03-31 17:30:00,120.45500183105469,121.18000030517578,120.33999633789062,121.12000274658203,376919
2025-03-31 18:30:00,121.12031555175781,121.94000244140625,121.05999755859375,121.58000183105469,541090
2025-03-31 19:30:00,121.58499908447266,122.1500015258789,121.38999938964844,121.79000091552734,1142681
2025-04-01 13:30:00,121.44000244140625,122.5,121.25,121.95249938964844,516687
2025-04-01 14:30:00,121.9000015258789,122.87999725341797,121.73999786376953,122.32499694824219,431094
2025-04-01 15:30:00,122.30999755859375,122.69000244140625,122.19999694824219,122.56050109863281,322639
2025-04-01 16:30:00,122.55000305175781,122.80999755859375,122.16000366210938,122.21410369873047,320078
2025-04-01 17:30:00,122.2300033569336,122.5199966430664,122.08999633789062,122.33999633789062,468632
2025-04-01 18:30:00,122.33999633789062,122.5199966430664,121.81999969482422,122.44999694824219,857460
2025-04-01 19:30:00,122.44999694824219,122.83899688720703,122.37999725341797,122.70999908447266,771033
2025-04-02 13:30:00,122.0,124.10790252685547,121.80999755859375,124.09500122070312,787400
2025-04-02 14:30:00,124.09500122070312,124.51950073242188,123.83000183105469,124.12000274658203,452483
2025-04-02 15:30:00,124.12000274658203,124.29499816894531,123.91999816894531,124.25,389908
2025-04-02 16:30:00,124.25,125.45999908447266,124.19000244140625,125.30999755859375,476706
2025-04-02 17:30:00,125.30000305175781,125.3499984741211,124.16000366210938,124.19000244140625,436400
2025-04-02 18:30:00,124.16500091552734,124.83000183105469,124.1500015258789,124.61499786376953,664123
2025-04-02 19:30:00,124.55999755859375,125.22000122070312,124.52999877929688,124.9000015258789,863722
2025-04-03 13:30:00,123.79000091552734,128.0,123.12999725341797,125.73500061035156,2784397
2025-04-03 14:30:00,125.76000213623047,126.63999938964844,124.8280029296875,126.02999877929688,1435379
2025-04-03 15:30:00,126.0250015258789,127.18000030517578,125.48999786376953,126.94499969482422,1435500
2025-04-03 16:30:00,126.94999694824219,127.02999877929688,125.18000030517578,125.25,765717
2025-04-03 17:30:00,125.2249984741211,125.62999725341797,124.81999969482422,125.52999877929688,748238
2025-04-03 18:30:00,125.54000091552734,125.93000030517578,125.16999816894531,125.5,1227169
2025-04-03 19:30:00,125.5,125.79000091552734,125.20999908447266,125.41999816894531,1443073
2025-04-04 13:30:00,125.37000274658203,126.20500183105469,124.36650085449219,125.2699966430664,1896207
2025-04-04 14:30:00,125.19999694824219,128.3300018310547,125.0199966430664,126.55999755859375,1465462
2025-04-04 15:30:00,126.625,127.1500015258789,125.31999969482422,125.36499786376953,1200690
2025-04-04 16:30:00,125.36499786376953,125.4000015258789,122.5199966430664,123.29499816894531,2075683
2025-04-04 17:30:00,123.26000213623047,124.33000183105469,122.58000183105469,122.69999694824219,1114494
2025-04-04 18:30:00,122.75,124.2750015258789,122.44000244140625,123.93499755859375,1506292
2025-04-04 19:30:00,123.93499755859375,124.72000122070312,121.80000305175781,122.13999938964844,1993104
2025-04-07 13:30:00,120.04000091552734,123.98989868164062,116.37000274658203,119.0,2221629
2025-04-07 14:30:00,119.0,121.75,118.05879974365234,118.06999969482422,1078906
2025-04-07 15:30:00,118.06999969482422,119.79000091552734,117.91000366210938,118.45500183105469,1358912
2025-04-07 16:30:00,118.45500183105469,119.0988998413086,117.01499938964844,119.04000091552734,1675190
2025-04-07 17:30:00,119.01000213623047,121.05000305175781,118.31999969482422,119.96499633789062,1166368
2025-04-07 18:30:00,119.96499633789062,120.57499694824219,118.26000213623047,118.58000183105469,1465762
2025-04-07 19:30:00,118.62000274658203,119.87999725341797,118.4000015258789,119.19000244140625,1365745
2025-04-08 13:30:00,122.36000061035156,124.87000274658203,121.4000015258789,124.36000061035156,1564580
2025-04-08 14:30:00,124.3499984741211,124.37999725341797,121.75,122.12999725341797,1369948
2025-04-08 15:30:00,122.18499755859375,123.00499725341797,121.5999984741211,122.62000274658203,777953
2025-04-08 16:30:00,122.68000030517578,122.72000122070312,119.75,119.83999633789062,826528
2025-04-08 17:30:00,119.83999633789062,121.31999969482422,119.69999694824219,120.55999755859375,946035
2025-04-08 18:30:00,120.55999755859375,121.58999633789062,119.91000366210938,120.58499908447266,1619397
2025-04-08 19:30:00,120.58499908447266,120.58499908447266,118.59239959716797,120.05000305175781,1293047
2025-04-09 13:30:00,119.75,122.02999877929688,119.75,120.91500091552734,1092878
2025-04-09 14:30:00,120.91000366210938,121.76000213623047,120.04499816894531,121.3499984741211,1235376
2025-04-09 15:30:00,121.36000061035156,121.76000213623047,120.4000015258789,121.61000061035156,797648
2025-04-09 16:30:00,121.52999877929688,128.99000549316406,121.41999816894531,126.93000030517578,950940
2025-04-09 17:30:00,127.0,128.22000122070312,124.43000030517578,127.61000061035156,2203990
2025-04-09 18:30:00,127.5199966430664,127.87999725341797,124.62000274658203,126.62999725341797,2064924
2025-04-09 19:30:00,126.63999938964844,126.93000030517578,125.61000061035156,126.05000305175781,2240613
2025-04-10 13:30:00,125.97000122070312,127.5250015258789,125.05000305175781,126.6500015258789,836430
2025-04-10 14:30:00,126.80999755859375,127.7699966430664,126.11000061035156,126.33499908447266,948504
2025-04-10 15:30:00,126.26000213623047,126.55000305175781,123.80999755859375,124.55000305175781,809932
2025-04-10 16:30:00,124.52999877929688,127.04000091552734,124.5199966430664,125.83699798583984,794356
2025-04-10 17:30:00,125.86000061035156,128.19000244140625,125.83000183105469,128.1199951171875,888848
2025-04-10 18:30:00,128.16000366210938,128.42999267578125,127.0199966430664,127.1500015258789,898736
2025-04-10 19:30:00,127.04000091552734,127.94000244140625,126.30000305175781,127.44999694824219,1190498
2025-04-11 13:30:00,126.52999877929688,128.81500244140625,126.18000030517578,126.37999725341797,1107427
2025-04-11 14:30:00,126.37999725341797,127.36000061035156,125.9000015258789,126.27999877929688,848406
2025-04-11 15:30:00,126.19999694824219,127.73989868164062,126.1500015258789,127.54499816894531,469743
2025-04-11 16:30:00,127.55000305175781,128.77999877929688,127.48999786376953,127.83999633789062,580338
2025-04-11 17:30:00,127.87999725341797,129.0,127.53500366210938,128.33999633789062,628079
2025-04-11 18:30:00,128.3634033203125,128.61000061035156,127.81999969482422,128.10000610351562,762925
2025-04-11 19:30:00,128.09500122070312,129.02000427246094,127.9800033569336,128.13999938964844,972640
2025-04-14 13:30:00,129.25999450683594,130.5,128.6300048828125,130.47999572753906,847150
2025-04-14 14:30:00,130.44000244140625,130.94000244140625,130.10000610351562,130.13999938964844,569571
2025-04-14 15:30:00,130.125,130.42999267578125,129.3800048828125,129.52999877929688,705625
2025-04-14 16:30:00,129.44000244140625,129.91000366210938,128.85000610351562,129.30999755859375,877012
2025-04-14 17:30:00,129.33999633789062,130.36000061035156,129.07000732421875,130.27000427246094,604950
2025-04-14 18:30:00,130.2550048828125,131.1699981689453,130.1199951171875,130.97000122070312,813673
2025-04-14 19:30:00,130.9499969482422,131.1999969482422,130.5399932861328,130.61000061035156,1269735
2025-04-15 13:30:00,130.50999450683594,131.3000030517578,130.27999877929688,130.36500549316406,604008
2025-04-15 14:30:00,130.3699951171875,130.86900329589844,129.81500244140625,129.8699951171875,391041
2025-04-15 15:30:00,129.8300018310547,130.06849670410156,129.38999938964844,129.6199951171875,506287
2025-04-15 16:30:00,129.60000610351562,129.74000549316406,129.02139282226562,129.12820434570312,370875
2025-04-15 17:30:00,129.14999389648438,129.368896484375,128.8000946044922,128.9499969482422,384686
2025-04-15 18:30:00,128.92999267578125,129.19000244140625,128.77999877929688,128.9499969482422,460147
2025-04-15 19:30:00,128.9199981689453,128.9499969482422,128.2899932861328,128.4600067138672,955173
2025-04-16 13:30:00,128.72999572753906,129.27000427246094,127.55999755859375,128.06500244140625,668565
2025-04-16 14:30:00,128.06500244140625,128.39999389648438,127.87999725341797,128.21499633789062,649442
2025-04-16 15:30:00,128.25,128.2530975341797,127.58000183105469,127.93000030517578,430000
2025-04-16 16:30:00,127.94999694824219,128.0399932861328,127.3499984741211,127.45999908447266,379293
2025-04-16 17:30:00,127.45999908447266,127.49150085449219,126.5000991821289,126.73999786376953,517695
2025-04-16 18:30:00,126.73999786376953,126.7699966430664,125.7699966430664,125.81320190429688,617365
2025-04-16 19:30:00,125.80999755859375,126.33999633789062,125.52999877929688,126.30999755859375,1023317
2025-04-17 13:30:00,126.7699966430664,127.75,126.2699966430664,126.73500061035156,1179947
2025-04-17 14:30:00,126.68499755859375,127.16000366210938,126.18000030517578,126.81999969482422,407914
2025-04-17 15:30:00,126.82499694824219,127.33999633789062,126.72000122070312,127.27999877929688,432025
2025-04-17 16:30:00,127.27999877929688,127.44000244140625,126.7300033569336,126.91500091552734,432594
2025-04-17 17:30:00,126.93000030517578,127.79000091552734,126.93000030517578,127.61499786376953,707570
2025-04-17 18:30:00,127.5999984741211,127.98100280761719,127.3489990234375,127.64530181884766,488114
2025-04-17 19:30:00,127.6500015258789,127.94000244140625,127.3499984741211,127.56999969482422,631552
2025-04-21 13:30:00,127.2300033569336,127.52999877929688,125.5,125.76000213623047,437359
2025-04-21 14:30:00,125.79730224609375,125.93401336669922,124.5999984741211,124.68000030517578,336212
2025-04-21 15:30:00,124.68000030517578,124.7300033569336,123.67500305175781,123.87039947509766,463001
2025-04-21 16:30:00,123.87999725341797,124.05999755859375,122.38999938964844,122.55999755859375,356314
2025-04-21 17:30:00,122.58999633789062,122.72209930419922,122.2699966430664,122.51000213623047,431138
2025-04-21 18:30:00,122.5199966430664,123.08000183105469,122.25,123.05000305175781,585373
2025-04-21 19:30:00,123.08000183105469,124.12000274658203,122.99250030517578,123.94999694824219,974171
2025-04-22 13:30:00,124.5999984741211,125.68000030517578,124.0,125.65499877929688,577723
2025-04-22 14:30:00,125.65249633789062,126.13999938964844,125.52999877929688,125.81999969482422,387037
2025-04-22 15:30:00,125.80999755859375,126.76170349121094,125.5999984741211,126.55000305175781,382064
2025-04-22 16:30:00,126.5199966430664,126.58999633789062,125.33999633789062,125.37000274658203,378654
2025-04-22 17:30:00,125.3499984741211,126.01000213623047,125.19999694824219,125.83999633789062,315687
2025-04-22 18:30:00,125.81999969482422,126.51000213623047,125.81999969482422,126.20500183105469,496414
2025-04-22 19:30:00,126.22000122070312,126.33999633789062,125.62999725341797,125.72779846191406,920364
2025-04-23 13:30:00,127.19000244140625,128.11000061035156,126.91999816894531,127.41999816894531,668560
2025-04-23 14:30:00,127.44999694824219,127.7699966430664,126.01000213623047,126.19499969482422,803666
2025-04-23 15:30:00,126.19499969482422,126.44000244140625,125.2699966430664,125.6500015258789,446636
2025-04-23 16:30:00,125.6500015258789,126.06500244140625,125.32499694824219,125.6500015258789,293027
2025-04-23 17:30:00,125.68499755859375,125.79000091552734,125.13999938964844,125.18000030517578,333159
2025-04-23 18:30:00,125.20999908447266,125.4800033569336,124.91000366210938,125.05000305175781,447895
2025-04-23 19:30:00,125.05000305175781,125.61499786376953,124.80999755859375,125.4800033569336,900553
2025-04-24 13:30:00,124.69000244140625,126.30999755859375,123.91999816894531,126.24500274658203,550251
2025-04-24 14:30:00,126.24500274658203,126.81999969482422,126.16999816894531,126.4800033569336,382168
2025-04-24 15:30:00,126.43499755859375,126.90899658203125,126.11000061035156,126.68000030517578,364620
2025-04-24 16:30:00,126.68499755859375,126.86499786376953,126.5199966430664,126.52999877929688,316633
2025-04-24 17:30:00,126.58000183105469,126.87000274658203,126.45999908447266,126.5250015258789,387325
2025-04-24 18:30:00,126.5250015258789,127.0250015258789,126.48999786376953,126.50250244140625,414416
2025-04-24 19:30:00,126.5199966430664,126.94999694824219,126.44999694824219,126.48999786376953,789577
2025-04-25 13:30:00,126.08999633789062,126.7699966430664,125.12000274658203,125.61000061035156,510414
2025-04-25 14:30:00,125.62000274658203,126.3499984741211,125.44000244140625,125.9749984741211,572408
2025-04-25 15:30:00,125.9800033569336,126.16999816894531,125.81999969482422,126.0999984741211,418124
2025-04-25 16:30:00,126.12999725341797,126.61990356445312,126.05999755859375,126.53500366210938,260984
2025-04-25 17:30:00,126.5199966430664,126.5999984741211,125.95999908447266,126.32499694824219,354818
2025-04-25 18:30:00,126.32499694824219,126.56999969482422,126.1500015258789,126.19000244140625,383698
2025-04-25 19:30:00,126.20500183105469,126.76000213623047,126.13999938964844,126.58999633789062,909025
2025-04-28 13:30:00,126.7699966430664,127.79000091552734,126.62000274658203,126.81999969482422,551618
2025-04-28 14:30:00,126.79000091552734,127.12000274658203,126.41000366210938,126.5250015258789,391776
2025-04-28 15:30:00,126.51499938964844,126.69000244140625,126.12999725341797,126.33940124511719,222080
2025-04-28 16:30:00,126.34729766845703,126.7699966430664,126.2249984741211,126.2249984741211,336721
2025-04-28 17:30:00,126.19999694824219,126.58999633789062,126.11000061035156,126.41000366210938,262082
2025-04-28 18:30:00,126.41999816894531,126.91999816894531,126.19999694824219,126.79000091552734,370217
2025-04-28 19:30:00,126.77999877929688,127.4000015258789,126.62000274658203,127.12000274658203,672846
2025-04-29 13:30:00,126.9000015258789,127.88999938964844,126.12999725341797,127.33000183105469,362872
2025-04-29 14:30:00,127.31999969482422,127.69000244140625,127.05000305175781,127.18000030517578,355104
2025-04-29 15:30:00,127.18499755859375,127.26000213623047,126.7699966430664,127.23500061035156,256335
2025-04-29 16:30:00,127.25,127.25,126.58000183105469,127.13999938964844,311418
2025-04-29 17:30:00,127.13999938964844,127.83499908447266,127.11360168457031,127.69000244140625,287054
2025-04-29 18:30:00,127.66500091552734,127.94499969482422,127.6500015258789,127.86000061035156,393411
2025-04-29 19:30:00,127.86000061035156,128.2100067138672,127.86000061035156,127.97000122070312,623246
2025-04-30 13:30:00,127.9800033569336,128.35000610351562,126.58999633789062,126.71499633789062,571828
2025-04-30 14:30:00,126.66999816894531,127.56500244140625,126.52010345458984,127.42500305175781,655388
2025-04-30 15:30:00,127.42500305175781,127.7699966430664,127.24500274658203,127.48999786376953,376865
2025-04-30 16:30:00,127.48999786376953,127.79000091552734,127.19000244140625,127.66500091552734,313562
2025-04-30 17:30:00,127.66500091552734,128.2100067138672,127.58999633789062,127.94999694824219,363504
2025-04-30 18:30:00,127.94999694824219,128.10000610351562,127.39749908447266,127.62000274658203,473482
2025-04-30 19:30:00,127.63999938964844,128.8699951171875,127.4800033569336,128.6300048828125,733028
2025-05-01 13:30:00,127.86000061035156,128.77999877929688,127.33889770507812,128.53250122070312,403692
2025-05-01 14:30:00,128.53500366210938,128.72000122070312,128.25,128.5,350499
2025-05-01 15:30:00,128.55499267578125,128.75,127.90049743652344,128.05999755859375,353285
2025-05-01 16:30:00,128.05499267578125,128.47000122070312,127.7699966430664,128.27000427246094,244185
2025-05-01 17:30:00,128.2550048828125,128.33999633789062,127.69000244140625,127.95500183105469,376171
2025-05-01 18:30:00,127.95500183105469,128.05999755859375,127.68000030517578,127.87999725341797,504395
2025-05-01 19:30:00,127.88999938964844,128.30999755859375,127.44999694824219,127.5999984741211,658687
2025-05-02 13:30:00,129.0,129.77999877929688,128.22999572753906,129.2364044189453,964912
2025-05-02 14:30:00,129.22999572753906,129.3000030517578,128.77000427246094,128.9199981689453,315847
2025-05-02 15:30:00,128.92999267578125,129.57000732421875,128.74000549316406,129.38499450683594,532914
2025-05-02 16:30:00,129.39999389648438,129.47000122070312,129.0800018310547,129.34500122070312,467954
2025-05-02 17:30:00,129.32879638671875,129.32879638671875,128.86000061035156,129.10499572753906,452955
2025-05-02 18:30:00,129.10000610351562,129.25,128.9199981689453,129.13499450683594,501240
2025-05-02 19:30:00,129.1199951171875,129.35000610351562,128.9600067138672,129.2100067138672,711700
2025-05-05 13:30:00,129.2100067138672,129.83999633789062,128.8000030517578,129.36000061035156,511108
2025-05-05 14:30:00,129.35499572753906,129.88999938964844,129.3300018310547,129.57000732421875,324061
2025-05-05 15:30:00,129.57000732421875,129.64999389648438,129.39999389648438,129.47000122070312,238019
2025-05-05 16:30:00,129.5,129.5325927734375,129.03500366210938,129.07000732421875,290627
2025-05-05 17:30:00,129.07000732421875,129.49000549316406,129.0399932861328,129.3843994140625,293879
2025-05-05 18:30:00,129.3800048828125,129.52999877929688,129.2449951171875,129.25999450683594,393387
2025-05-05 19:30:00,129.25,129.48500061035156,128.85000610351562,128.97000122070312,844430
2025-05-06 13:30:00,127.62999725341797,128.63999938964844,127.4800033569336,128.49000549316406,440722
2025-05-06 14:30:00,128.5050048828125,128.8699951171875,128.49000549316406,128.7050018310547,377940
2025-05-06 15:30:00,128.7050018310547,128.80499267578125,128.22999572753906,128.25250244140625,382752
2025-05-06 16:30:00,128.25,128.39999389648438,128.05999755859375,128.35499572753906,282688
2025-05-06 17:30:00,128.35000610351562,128.72999572753906,128.27999877929688,128.7100067138672,248273
2025-05-06 18:30:00,128.7100067138672,128.8300018310547,128.38499450683594,128.4375,333316
2025-05-06 19:30:00,128.44000244140625,128.83999633789062,128.44000244140625,128.4600067138672,665039
2025-05-07 13:30:00,128.10000610351562,129.88999938964844,128.10000610351562,129.22999572753906,768586
2025-05-07 14:30:00,129.28590393066406,129.4600067138672,128.8300018310547,129.0850067138672,535645
2025-05-07 15:30:00,129.0850067138672,129.32530212402344,128.89500427246094,128.99000549316406,309630
2025-05-07 16:30:00,128.97000122070312,129.89999389648438,128.9199981689453,129.6649932861328,496595
2025-05-07 17:30:00,129.67999267578125,129.72300720214844,128.32000732421875,128.75999450683594,441473
2025-05-07 18:30:00,128.7100067138672,129.1699981689453,128.33999633789062,128.375,466271
2025-05-07 19:30:00,128.35000610351562,129.0399932861328,128.13999938964844,128.66000366210938,617559
2025-05-08 13:30:00,129.07000732421875,130.2664031982422,128.83999633789062,129.19000244140625,946765
2025-05-08 14:30:00,129.19000244140625,129.32000732421875,127.7300033569336,128.5800018310547,490755
2025-05-08 15:30:00,128.52000427246094,129.3300018310547,128.43850708007812,129.00999450683594,359647
2025-05-08 16:30:00,129.00999450683594,129.27000427246094,128.5449981689453,128.5449981689453,249640
2025-05-08 17:30:00,128.5800018310547,128.58999633789062,128.0399932861328,128.55499267578125,328848
2025-05-08 18:30:00,128.55499267578125,128.92999267578125,128.47999572753906,128.60000610351562,389646
2025-05-08 19:30:00,128.63999938964844,128.7899932861328,128.05999755859375,128.11000061035156,589034
2025-05-09 13:30:00,127.55999755859375,127.9749984741211,126.95690155029297,127.81999969482422,1072893
2025-05-09 14:30:00,127.8395004272461,128.06500244140625,127.2699966430664,128.06500244140625,344924
2025-05-09 15:30:00,128.06500244140625,128.35000610351562,127.69999694824219,127.70999908447266,255809
2025-05-09 16:30:00,127.70500183105469,127.97940063476562,127.45500183105469,127.69000244140625,339729
2025-05-09 17:30:00,127.69000244140625,128.0,127.45500183105469,127.91999816894531,260866
2025-05-09 18:30:00,127.9000015258789,128.35000610351562,127.9000015258789,128.10000610351562,276124
2025-05-09 19:30:00,128.1300048828125,128.27999877929688,127.95999908447266,128.0800018310547,502925
2025-05-12 13:30:00,130.30999755859375,130.88999938964844,128.6300048828125,129.57000732421875,990732
2025-05-12 14:30:00,129.5500030517578,130.33999633789062,129.35000610351562,130.1300048828125,520839
2025-05-12 15:30:00,130.1199951171875,130.19000244140625,129.58999633789062,130.0399932861328,400755
2025-05-12 16:30:00,130.0399932861328,130.8719940185547,130.02000427246094,130.50999450683594,390764
2025-05-12 17:30:00,130.5,131.07000732421875,130.5,130.9499969482422,421504
2025-05-12 18:30:00,130.9499969482422,131.0800018310547,130.77000427246094,131.02499389648438,418256
2025-05-12 19:30:00,131.02000427246094,131.5399932861328,130.82000732421875,131.52000427246094,804559
2025-05-13 13:30:00,131.67999267578125,132.47000122070312,130.89999389648438,131.9949951171875,583074
2025-05-13 14:30:00,131.9949951171875,132.10000610351562,131.33299255371094,131.55499267578125,402481
2025-05-13 15:30:00,131.5399932861328,131.5399932861328,130.85000610351562,130.88499450683594,394091
2025-05-13 16:30:00,130.88499450683594,131.0,130.3699951171875,130.7899932861328,497580
2025-05-13 17:30:00,130.7899932861328,131.22000122070312,130.74000549316406,130.9250030517578,629898
2025-05-13 18:30:00,130.9250030517578,131.16000366210938,130.7899932861328,130.9550018310547,449364
2025-05-13 19:30:00,130.97999572753906,131.1300048828125,130.6750030517578,130.80999755859375,657248
2025-05-14 13:30:00,130.5,131.49569702148438,130.0,131.41000366210938,1257268
2025-05-14 14:30:00,131.4333953857422,131.4499969482422,130.64999389648438,130.97000122070312,453099
2025-05-14 15:30:00,130.9600067138672,131.27000427246094,130.9199981689453,131.00999450683594,499496
2025-05-14 16:30:00,131.02000427246094,131.27999877929688,130.9199981689453,131.0399932861328,355467
2025-05-14 17:30:00,131.02000427246094,131.41000366210938,130.9600067138672,131.1710968017578,364752
2025-05-14 18:30:00,131.17120361328125,131.49000549316406,131.16099548339844,131.35000610351562,417007
2025-05-14 19:30:00,131.3300018310547,131.52000427246094,131.0500030517578,131.22999572753906,805827
2025-05-15 13:30:00,131.13999938964844,132.2899932861328,130.9071044921875,132.24000549316406,724495
2025-05-15 14:30:00,132.23500061035156,132.7449951171875,132.17999267578125,132.63999938964844,606368
2025-05-15 15:30:00,132.63999938964844,132.89999389648438,132.3699951171875,132.4149932861328,398930
2025-05-15 16:30:00,132.38999938964844,132.74000549316406,132.25999450683594,132.4499969482422,338040
2025-05-15 17:30:00,132.47000122070312,132.7899932861328,132.39999389648438,132.64999389648438,463999
2025-05-15 18:30:00,132.64999389648438,132.8699951171875,132.64999389648438,132.7899932861328,376902
2025-05-15 19:30:00,132.8000030517578,133.17999267578125,132.69000244140625,133.08999633789062,624614
2025-05-16 13:30:00,133.0,133.49000549316406,132.47999572753906,133.39999389648438,933492
2025-05-16 14:30:00,133.38499450683594,133.8699951171875,133.32000732421875,133.80999755859375,347728
2025-05-16 15:30:00,133.78500366210938,133.89999389648438,133.48500061035156,133.72000122070312,371646
2025-05-16 16:30:00,133.75999450683594,133.85000610351562,133.5500030517578,133.7100067138672,283477
2025-05-16 17:30:00,133.72000122070312,133.85000610351562,133.4600067138672,133.55999755859375,390795
2025-05-16 18:30:00,133.57000732421875,133.83999633789062,133.49000549316406,133.68499755859375,526768
2025-05-16 19:30:00,133.6699981689453,133.6699981689453,133.25,133.3300018310547,737411
2025-05-19 13:30:00,133.0800018310547,134.30999755859375,132.5500030517578,134.0800018310547,748296
2025-05-19 14:30:00,134.0800018310547,134.52999877929688,134.0500030517578,134.24000549316406,734640
2025-05-19 15:30:00,134.2100067138672,134.8000030517578,134.0399932861328,134.75999450683594,420002
2025-05-19 16:30:00,134.75999450683594,135.24000549316406,134.72000122070312,135.1199951171875,491887
2025-05-19 17:30:00,135.10000610351562,135.2100067138672,134.85000610351562,134.9499969482422,374615
2025-05-19 18:30:00,134.94500732421875,135.2899932861328,134.85000610351562,134.9355010986328,469241
2025-05-19 19:30:00,134.9250030517578,135.24000549316406,134.8800048828125,135.0800018310547,633485
2025-05-20 13:30:00,134.8699951171875,135.85000610351562,134.6199951171875,135.55999755859375,1512710
2025-05-20 14:30:00,135.60000610351562,135.67999267578125,134.89999389648438,134.93499755859375,701636
2025-05-20 15:30:00,134.94500732421875,134.94500732421875,134.3800048828125,134.55999755859375,553798
2025-05-20 16:30:00,134.5399932861328,135.0,134.43499755859375,134.9199981689453,493434
2025-05-20 17:30:00,134.9199981689453,134.9499969482422,134.39999389648438,134.44000244140625,575795
2025-05-20 18:30:00,134.4199981689453,134.74000549316406,134.25999450683594,134.6199951171875,853653
2025-05-20 19:30:00,134.6300048828125,135.0850067138672,134.60000610351562,134.97999572753906,1027810
2025-05-21 13:30:00,131.14999389648438,133.0,129.99000549316406,131.46499633789062,2245910
2025-05-21 14:30:00,131.41000366210938,132.58999633789062,131.1999969482422,132.1199951171875,1130970
2025-05-21 15:30:00,132.11500549316406,132.36000061035156,130.7899932861328,131.6999969482422,971719
2025-05-21 16:30:00,131.69000244140625,131.97000122070312,130.74000549316406,130.75320434570312,696447
2025-05-21 17:30:00,130.7100067138672,131.24000549316406,129.9600067138672,130.66000366210938,884433
2025-05-21 18:30:00,130.64999389648438,131.02000427246094,130.47000122070312,130.6999969482422,969497
2025-05-21 19:30:00,130.72999572753906,131.7899932861328,130.61000061035156,131.0,1693965
2025-05-22 13:30:00,130.38499450683594,131.36000061035156,129.66009521484375,129.7899932861328,1056164
2025-05-22 14:30:00,129.7899932861328,130.08999633789062,129.1199951171875,129.99000549316406,611040
2025-05-22 15:30:00,129.97999572753906,130.36000061035156,129.9600067138672,130.00999450683594,433669
2025-05-22 16:30:00,130.0,130.07000732421875,129.5,129.8800048828125,372759
2025-05-22 17:30:00,129.89999389648438,130.52000427246094,129.75,130.44000244140625,549602
2025-05-22 18:30:00,130.44000244140625,130.49749755859375,130.2100067138672,130.4250030517578,566369
2025-05-22 19:30:00,130.44000244140625,130.47000122070312,129.4517059326172,129.55999755859375,822054
2025-05-23 13:30:00,128.0,128.1199951171875,124.92400360107422,125.5250015258789,1854077
2025-05-23 14:30:00,125.5250015258789,126.45999908447266,125.19000244140625,126.21499633789062,988184
2025-05-23 15:30:00,126.19000244140625,126.93949890136719,126.18000030517578,126.76000213623047,637848
2025-05-23 16:30:00,126.76000213623047,127.37999725341797,126.67500305175781,127.0199966430664,655538
2025-05-23 17:30:00,127.01000213623047,127.0999984741211,125.93499755859375,126.0,879758
2025-05-23 18:30:00,126.0,126.5999984741211,125.98999786376953,126.16000366210938,1091119
2025-05-23 19:30:00,126.1500015258789,126.16000366210938,125.54000091552734,125.69999694824219,1439706
2025-05-27 13:30:00,126.63999938964844,128.0050048828125,126.36000061035156,127.7699966430664,1709812
2025-05-27 14:30:00,127.76000213623047,128.13999938964844,127.76000213623047,128.00999450683594,684341
2025-05-27 15:30:00,128.01499938964844,128.22000122070312,127.69000244140625,127.81999969482422,755188
2025-05-27 16:30:00,127.81220245361328,128.0,127.76000213623047,127.80000305175781,387288
2025-05-27 17:30:00,127.79499816894531,128.10000610351562,127.5,128.0800018310547,710162
2025-05-27 18:30:00,128.06500244140625,128.24000549316406,127.95999908447266,127.98999786376953,598814
2025-05-27 19:30:00,128.0,128.0800018310547,127.73999786376953,127.95999908447266,928524
2025-05-28 13:30:00,127.58999633789062,128.42999267578125,127.31999969482422,127.44499969482422,738409
2025-05-28 14:30:00,127.44000244140625,127.49639892578125,126.87999725341797,126.94000244140625,325984
2025-05-28 15:30:00,126.95999908447266,127.35540008544922,126.77999877929688,127.31999969482422,274779
2025-05-28 16:30:00,127.31999969482422,127.33000183105469,126.93000030517578,127.08429718017578,312165
2025-05-28 17:30:00,127.089599609375,127.08999633789062,126.6500015258789,126.80000305175781,333531
2025-05-28 18:30:00,126.80999755859375,126.87999725341797,126.22000122070312,126.44000244140625,492655
2025-05-28 19:30:00,126.44000244140625,126.48999786376953,126.06999969482422,126.21499633789062,830370
2025-05-29 13:30:00,127.3499984741211,127.93000030517578,126.83000183105469,127.80999755859375,1208426
2025-05-29 14:30:00,127.80999755859375,127.87000274658203,127.33999633789062,127.49500274658203,653267
2025-05-29 15:30:00,127.49500274658203,127.55999755859375,126.72000122070312,127.05000305175781,537376
2025-05-29 16:30:00,127.05999755859375,127.18499755859375,126.9000015258789,127.1500015258789,414397
2025-05-29 17:30:00,127.15499877929688,127.23999786376953,126.69999694824219,126.80000305175781,421372
2025-05-29 18:30:00,126.80000305175781,126.98500061035156,126.70500183105469,126.81999969482422,706200
2025-05-29 19:30:00,126.81999969482422,127.12000274658203,126.7300033569336,127.05999755859375,1108878
2025-05-30 13:30:00,127.1500015258789,127.29000091552734,126.31999969482422,126.81999969482422,974847
2025-05-30 14:30:00,126.83000183105469,126.87999725341797,126.20999908447266,126.66000366210938,396928
2025-05-30 15:30:00,126.63999938964844,126.76000213623047,126.30999755859375,126.3499984741211,407025
2025-05-30 16:30:00,126.36000061035156,126.58499908447266,126.19999694824219,126.37999725341797,310170
2025-05-30 17:30:00,126.38999938964844,127.12000274658203,126.38999938964844,127.02999877929688,293946
2025-05-30 18:30:00,127.02999877929688,127.06999969482422,126.8499984741211,127.0199966430664,386658
2025-05-30 19:30:00,127.0199966430664,127.23999786376953,126.6500015258789,126.77999877929688,1106871
2025-06-02 13:30:00,126.25,126.75499725341797,125.875,126.33499908447266,724010
2025-06-02 14:30:00,126.31999969482422,127.12999725341797,126.2699966430664,126.94999694824219,514424
2025-06-02 15:30:00,126.94999694824219,127.41000366210938,126.94000244140625,127.27999877929688,369009
2025-06-02 16:30:00,127.28500366210938,127.41000366210938,127.04000091552734,127.31999969482422,346401
2025-06-02 17:30:00,127.33000183105469,128.14999389648438,127.19000244140625,128.1199951171875,594834
2025-06-02 18:30:00,128.1300048828125,128.1999969482422,127.93000030517578,128.1199951171875,559832
2025-06-02 19:30:00,128.11000061035156,128.4600067138672,128.0800018310547,128.41000366210938,882065
2025-06-03 13:30:00,128.24000549316406,128.24000549316406,127.12999725341797,127.39437866210938,928596
2025-06-03 14:30:00,127.41000366210938,127.51000213623047,126.83000183105469,126.9800033569336,515913
2025-06-03 15:30:00,126.95999908447266,127.67500305175781,126.94000244140625,127.66500091552734,356659
2025-06-03 16:30:00,127.66500091552734,127.9800033569336,127.56500244140625,127.94999694824219,317971
2025-06-03 17:30:00,127.95999908447266,128.2899932861328,127.87059783935547,128.2550048828125,404191
2025-06-03 18:30:00,128.2550048828125,128.36000061035156,127.875,127.98500061035156,510044
2025-06-03 19:30:00,127.97000122070312,128.39999389648438,127.97000122070312,128.13999938964844,775607
2025-06-04 13:30:00,128.22000122070312,128.75,127.57499694824219,128.27000427246094,822962
2025-06-04 14:30:00,128.27999877929688,128.5399932861328,128.11000061035156,128.43499755859375,424609
2025-06-04 15:30:00,128.43499755859375,128.74000549316406,128.4199981689453,128.42999267578125,235430
2025-06-04 16:30:00,128.42999267578125,128.94000244140625,128.41000366210938,128.88499450683594,289588
2025-06-04 17:30:00,128.88499450683594,129.07000732421875,128.7902069091797,129.0,411765
2025-06-04 18:30:00,129.02999877929688,129.02999877929688,128.4149932861328,128.5800018310547,480094
2025-06-04 19:30:00,128.5800018310547,128.6999969482422,128.0500030517578,128.07000732421875,781911
2025-06-05 13:30:00,128.05999755859375,128.19239807128906,126.55999755859375,126.80999755859375,538660
2025-06-05 14:30:00,126.82499694824219,127.33000183105469,126.52999877929688,127.2300033569336,436584
2025-06-05 15:30:00,127.22000122070312,127.37000274658203,126.93000030517578,127.30999755859375,282811
2025-06-05 16:30:00,127.30000305175781,127.5,127.06999969482422,127.44499969482422,249213
2025-06-05 17:30:00,127.44499969482422,127.61499786376953,126.93000030517578,127.19499969482422,253408
2025-06-05 18:30:00,127.19499969482422,127.5,127.00499725341797,127.11499786376953,365545
2025-06-05 19:30:00,127.12999725341797,127.6449966430664,127.08499908447266,127.37999725341797,559983
2025-06-06 13:30:00,127.94000244140625,128.4199981689453,127.37000274658203,128.26499938964844,589792
2025-06-06 14:30:00,128.25999450683594,128.4499969482422,127.9000015258789,128.13999938964844,471867
2025-06-06 15:30:00,127.9800033569336,128.3697052001953,127.8499984741211,128.24000549316406,396673
2025-06-06 16:30:00,128.22000122070312,128.27999877929688,127.87999725341797,128.19500732421875,239113
2025-06-06 17:30:00,128.2050018310547,128.6699981689453,128.2050018310547,128.4949951171875,260452
2025-06-06 18:30:00,128.4949951171875,128.7899932861328,128.49000549316406,128.57000732421875,380376
2025-06-06 19:30:00,128.55999755859375,128.65499877929688,128.3699951171875,128.4600067138672,700197
2025-06-09 13:30:00,128.00999450683594,128.0800018310547,125.73999786376953,126.15850067138672,937753
2025-06-09 14:30:00,126.16999816894531,126.57499694824219,125.97000122070312,126.4749984741211,364027
2025-06-09 15:30:00,126.45999908447266,127.1449966430664,126.30000305175781,127.05000305175781,329499
2025-06-09 16:30:00,127.06999969482422,127.08999633789062,126.62999725341797,126.81999969482422,335722
2025-06-09 17:30:00,126.82499694824219,126.84500122070312,126.62000274658203,126.71499633789062,202593
2025-06-09 18:30:00,126.71949768066406,126.73999786376953,126.26824188232422,126.55999755859375,622187
2025-06-09 19:30:00,126.55999755859375,126.70999908447266,126.2750015258789,126.33000183105469,641568
2025-06-10 13:30:00,125.69999694824219,126.58200073242188,125.61000061035156,125.71499633789062,583416
2025-06-10 14:30:00,125.75,125.82599639892578,125.45999908447266,125.77999877929688,455284
2025-06-10 15:30:00,125.77999877929688,126.08000183105469,125.62999725341797,125.87999725341797,379391
2025-06-10 16:30:00,125.87000274658203,126.18000030517578,125.83999633789062,126.0999984741211,237935
2025-06-10 17:30:00,126.0999984741211,126.11499786376953,125.79000091552734,125.8499984741211,274676
2025-06-10 18:30:00,125.84829711914062,126.177001953125,125.68000030517578,126.12000274658203,406853
2025-06-10 19:30:00,126.11000061035156,126.11000061035156,125.75,126.08999633789062,567541
2025-06-11 13:30:00,126.20999908447266,126.20999908447266,124.72879791259766,125.20999908447266,592397
2025-06-11 14:30:00,125.19000244140625,125.63249969482422,125.0,125.38999938964844,465201
2025-06-11 15:30:00,125.38999938964844,125.38999938964844,125.02999877929688,125.12999725341797,317468
2025-06-11 16:30:00,125.13999938964844,125.34500122070312,125.05999755859375,125.26000213623047,200746
2025-06-11 17:30:00,125.26000213623047,125.30000305175781,124.45999908447266,124.62000274658203,315190
2025-06-11 18:30:00,124.62000274658203,124.90560150146484,124.33999633789062,124.3550033569336,392139
2025-06-11 19:30:00,124.37000274658203,124.6050033569336,124.30000305175781,124.54000091552734,681116
2025-06-12 13:30:00,124.47000122070312,124.80500030517578,123.55500030517578,124.30500030517578,544699
2025-06-12 14:30:00,124.30999755859375,124.94000244140625,124.2500991821289,124.77999877929688,450922
2025-06-12 15:30:00,124.7699966430664,124.80000305175781,124.3499984741211,124.50499725341797,344212
2025-06-12 16:30:00,124.48999786376953,124.72000122070312,124.4135971069336,124.61000061035156,285807
2025-06-12 17:30:00,124.62000274658203,124.9000015258789,124.58000183105469,124.8499984741211,346469
2025-06-12 18:30:00,124.83999633789062,124.8499984741211,124.36499786376953,124.38999938964844,386128
2025-06-12 19:30:00,124.38999938964844,124.48500061035156,124.21499633789062,124.44999694824219,632193
2025-06-13 13:30:00,123.5,124.94000244140625,123.5,124.18000030517578,557593
2025-06-13 14:30:00,124.18000030517578,124.72000122070312,124.13999938964844,124.66000366210938,353369
2025-06-13 15:30:00,124.68000030517578,124.96959686279297,124.54000091552734,124.7750015258789,308456
2025-06-13 16:30:00,124.79000091552734,124.84500122070312,124.33499908447266,124.33999633789062,213991
2025-06-13 17:30:00,124.33499908447266,124.51499938964844,123.92500305175781,123.93000030517578,252915
2025-06-13 18:30:00,123.91999816894531,123.94080352783203,123.51000213623047,123.54000091552734,319865
2025-06-13 19:30:00,123.54499816894531,123.95999908447266,123.25,123.91999816894531,744757
2025-06-16 13:30:00,124.55999755859375,125.31999969482422,124.08000183105469,125.02999877929688,679611
2025-06-16 14:30:00,125.05999755859375,125.13999938964844,124.45999908447266,124.87999725341797,553348
2025-06-16 15:30:00,124.86000061035156,125.0,124.68000030517578,124.8499984741211,324312
2025-06-16 16:30:00,124.86000061035156,124.88999938964844,124.58000183105469,124.76000213623047,295378
2025-06-16 17:30:00,124.75,124.80999755859375,124.29000091552734,124.5,327838
2025-06-16 18:30:00,124.51499938964844,124.56999969482422,124.30999755859375,124.36000061035156,391133
2025-06-16 19:30:00,124.3499984741211,124.37999725341797,124.16000366210938,124.31999969482422,596948
2025-06-17 13:30:00,123.47000122070312,124.41780090332031,123.38999938964844,124.31999969482422,582080
2025-06-17 14:30:00,124.33499908447266,124.59500122070312,124.2300033569336,124.38999938964844,337446
2025-06-17 15:30:00,124.37999725341797,124.45500183105469,123.92500305175781,124.07499694824219,403712
2025-06-17 16:30:00,124.08999633789062,124.18499755859375,123.38999938964844,123.41999816894531,395052
2025-06-17 17:30:00,123.41000366210938,123.64199829101562,123.0199966430664,123.04000091552734,364479
2025-06-17 18:30:00,123.05000305175781,123.1500015258789,122.72000122070312,123.06999969482422,564100
2025-06-17 19:30:00,123.05999755859375,123.18000030517578,122.94000244140625,123.01000213623047,649217
2025-06-18 13:30:00,123.44999694824219,123.5,122.56999969482422,122.87999725341797,604484
2025-06-18 14:30:00,122.86000061035156,123.2699966430664,122.83999633789062,123.0,503503
2025-06-18 15:30:00,123.0,123.05000305175781,122.83499908447266,122.86499786376953,284454
2025-06-18 16:30:00,122.87000274658203,123.06999969482422,122.79010009765625,122.80999755859375,296486
2025-06-18 17:30:00,122.80000305175781,123.11000061035156,122.67500305175781,122.73079681396484,388061
2025-06-18 18:30:00,122.7300033569336,123.0999984741211,122.47000122070312,122.5199966430664,649323
2025-06-18 19:30:00,122.51000213623047,122.87999725341797,122.41000366210938,122.52999877929688,1010462
2025-06-20 13:30:00,123.05000305175781,123.51499938964844,122.5,123.12000274658203,1218010
2025-06-20 14:30:00,123.0999984741211,123.69879913330078,123.08999633789062,123.59500122070312,349334
2025-06-20 15:30:00,123.58000183105469,123.75,123.19999694824219,123.33999633789062,320514
2025-06-20 16:30:00,123.36499786376953,123.58000183105469,123.20999908447266,123.20999908447266,208143
2025-06-20 17:30:00,123.16999816894531,123.25,123.00830078125,123.13999938964844,309979
2025-06-20 18:30:00,123.13839721679688,123.22000122070312,122.9000015258789,123.0,340282
2025-06-20 19:30:00,123.0,123.5250015258789,122.91000366210938,123.48999786376953,810751
2025-06-23 13:30:00,123.44999694824219,124.08000183105469,122.75,124.05706024169922,441359
2025-06-23 14:30:00,124.0199966430664,124.15499877929688,123.61000061035156,123.69999694824219,439064
2025-06-23 15:30:00,123.6500015258789,123.83000183105469,123.52999877929688,123.69000244140625,417146
2025-06-23 16:30:00,123.68000030517578,124.5999984741211,123.68000030517578,124.55000305175781,451653
2025-06-23 17:30:00,124.58999633789062,124.85299682617188,124.54730224609375,124.79000091552734,362470
2025-06-23 18:30:00,124.80000305175781,124.97000122070312,124.59359741210938,124.92500305175781,439101
2025-06-23 19:30:00,124.92500305175781,124.95999908447266,124.73999786376953,124.7699966430664,590565
2025-06-24 13:30:00,124.94999694824219,125.52999877929688,124.18009948730469,124.4000015258789,603037
2025-06-24 14:30:00,124.3949966430664,124.87000274658203,124.18599700927734,124.70999908447266,497596
2025-06-24 15:30:00,124.70999908447266,124.7300033569336,124.518798828125,124.54989624023438,251605
2025-06-24 16:30:00,124.54000091552734,124.73999786376953,124.48500061035156,124.55999755859375,317641
2025-06-24 17:30:00,124.56999969482422,124.8949966430664,124.5,124.88999938964844,297006
2025-06-24 18:30:00,124.89820098876953,125.05000305175781,124.7699966430664,124.95999908447266,364207
2025-06-24 19:30:00,124.95999908447266,124.99500274658203,124.61000061035156,124.62999725341797,608916
2025-06-25 13:30:00,124.48999786376953,124.74500274658203,123.87000274658203,123.87999725341797,478901
2025-06-25 14:30:00,123.84500122070312,123.8499984741211,123.55999755859375,123.70999908447266,332929
2025-06-25 15:30:00,123.69000244140625,123.70999908447266,123.30940246582031,123.37999725341797,371296
2025-06-25 16:30:00,123.3499984741211,123.44999694824219,122.94999694824219,123.06500244140625,290738
2025-06-25 17:30:00,123.05999755859375,123.13999938964844,122.81999969482422,122.95999908447266,351299
2025-06-25 18:30:00,122.94999694824219,123.20999908447266,122.94100189208984,123.04000091552734,461473
2025-06-25 19:30:00,123.03170013427734,123.03170013427734,122.44999694824219,122.51000213623047,1163074
2025-06-26 13:30:00,122.7699966430664,122.7699966430664,119.9000015258789,122.02999877929688,1747430
2025-06-26 14:30:00,122.04000091552734,122.23999786376953,121.5199966430664,121.8718032836914,1116927
2025-06-26 15:30:00,121.88999938964844,122.0999984741211,121.80999755859375,121.9000015258789,631271
2025-06-26 16:30:00,121.91000366210938,122.0999984741211,121.69999694824219,121.7699966430664,472146
2025-06-26 17:30:00,121.7699966430664,122.33999633789062,121.70500183105469,122.26000213623047,624538
2025-06-26 18:30:00,122.26000213623047,122.73500061035156,122.1500015258789,122.63999938964844,645643
2025-06-26 19:30:00,122.6449966430664,122.6449966430664,122.12999725341797,122.18000030517578,1290409
2025-06-27 13:30:00,121.9800033569336,123.29499816894531,121.63999938964844,122.70999908447266,1050164
2025-06-27 14:30:00,122.72000122070312,123.4000015258789,122.68000030517578,123.31999969482422,722327
2025-06-27 15:30:00,123.31999969482422,123.76000213623047,123.13999938964844,123.7300033569336,444955
2025-06-27 16:30:00,123.72000122070312,123.79000091552734,123.1449966430664,123.16999816894531,388538
2025-06-27 17:30:00,123.16999816894531,123.19999694824219,122.69999694824219,122.83999633789062,633231
2025-06-27 18:30:00,122.8499984741211,122.97000122070312,122.66999816894531,122.875,823457
2025-06-27 19:30:00,122.87999725341797,123.44999694824219,122.7699966430664,123.3499984741211,1181351
2025-06-30 13:30:00,123.98999786376953,123.98999786376953,122.75499725341797,122.93000030517578,699595
2025-06-30 14:30:00,122.94999694824219,122.94999694824219,122.26000213623047,122.76000213623047,488538
2025-06-30 15:30:00,122.7699966430664,122.80999755859375,122.47000122070312,122.70500183105469,395569
2025-06-30 16:30:00,122.69000244140625,122.86990356445312,122.58999633789062,122.86499786376953,310016
2025-06-30 17:30:00,122.86000061035156,122.94000244140625,122.55000305175781,122.8949966430664,353552
2025-06-30 18:30:00,122.9000015258789,123.30500030517578,122.7699966430664,123.29000091552734,479324
2025-06-30 19:30:00,123.30999755859375,123.7300033569336,123.1500015258789,123.46499633789062,897523
2025-07-01 13:30:00,123.66999816894531,124.72000122070312,123.16000366210938,124.72000122070312,647878
2025-07-01 14:30:00,124.71499633789062,125.6500015258789,124.62000274658203,125.52999877929688,759452
2025-07-01 15:30:00,125.54000091552734,125.63999938964844,125.1500015258789,125.27999877929688,515797
2025-07-01 16:30:00,125.27999877929688,125.34500122070312,124.76000213623047,124.98999786376953,580032
2025-07-01 17:30:00,124.99500274658203,125.11000061035156,124.81009674072266,124.997802734375,447019
2025-07-01 18:30:00,125.0,125.2582015991211,124.95999908447266,125.08000183105469,442751
2025-07-01 19:30:00,125.08000183105469,125.33999633789062,125.02999877929688,125.16000366210938,701738
2025-07-02 13:30:00,125.38999938964844,125.5,124.75,125.33999633789062,699314
2025-07-02 14:30:00,125.30500030517578,125.44999694824219,124.30999755859375,124.8984375,850323
2025-07-02 15:30:00,124.9000015258789,125.0999984741211,124.55999755859375,124.69000244140625,534707
2025-07-02 16:30:00,124.69000244140625,125.30999755859375,124.63999938964844,125.24500274658203,436252
2025-07-02 17:30:00,125.2300033569336,125.58999633789062,125.16999816894531,125.52999877929688,340486
2025-07-02 18:30:00,125.54000091552734,125.62999725341797,125.18000030517578,125.29499816894531,507707
2025-07-02 19:30:00,125.27999877929688,125.5,125.16000366210938,125.30999755859375,706780
2025-07-03 13:30:00,125.3499984741211,125.58000183105469,124.95999908447266,125.16000366210938,842452
2025-07-03 14:30:00,125.16000366210938,125.98999786376953,125.16000366210938,125.62999725341797,661064
2025-07-03 15:30:00,125.61499786376953,125.88500213623047,125.52999877929688,125.83999633789062,437211
2025-07-07 13:30:00,125.94999694824219,126.19999694824219,125.2074966430664,125.43000030517578,524407
2025-07-07 14:30:00,125.43499755859375,125.55500030517578,125.06009674072266,125.38999938964844,385560
2025-07-07 15:30:00,125.38999938964844,125.45999908447266,124.91999816894531,125.05000305175781,250869
2025-07-07 16:30:00,125.04499816894531,125.27999877929688,124.92500305175781,125.16999816894531,203193
2025-07-07 17:30:00,125.16999816894531,125.27999877929688,124.75,124.80999755859375,324532
2025-07-07 18:30:00,124.80999755859375,125.2699966430664,124.72000122070312,124.7249984741211,468820
2025-07-07 19:30:00,124.7249984741211,125.22000122070312,124.7249984741211,125.16000366210938,676573
2025-07-08 13:30:00,125.0199966430664,125.6500015258789,124.62999725341797,124.69999694824219,400079
2025-07-08 14:30:00,124.69000244140625,125.0,124.2300033569336,124.33000183105469,376134
2025-07-08 15:30:00,124.3499984741211,125.01000213623047,124.30999755859375,124.87000274658203,243452
2025-07-08 16:30:00,124.87000274658203,124.97000122070312,124.29000091552734,124.44499969482422,281552
2025-07-08 17:30:00,124.44499969482422,124.56999969482422,124.1449966430664,124.51000213623047,694467
2025-07-08 18:30:00,124.50499725341797,124.98999786376953,124.50499725341797,124.91999816894531,444215
2025-07-08 19:30:00,124.91000366210938,125.4800033569336,124.875,125.2699966430664,1174981
2025-07-09 13:30:00,125.5199966430664,125.93000030517578,124.3499984741211,125.75499725341797,402279
2025-07-09 14:30:00,125.75499725341797,125.94000244140625,125.51000213623047,125.83999633789062,362608
2025-07-09 15:30:00,125.8499984741211,125.94999694824219,125.48999786376953,125.51000213623047,200392
2025-07-09 16:30:00,125.5,125.54149627685547,125.24500274658203,125.3550033569336,196442
2025-07-09 17:30:00,125.3550033569336,125.72000122070312,125.19999694824219,125.66000366210938,309149
2025-07-09 18:30:00,125.64140319824219,125.80000305175781,125.45999908447266,125.57499694824219,281562
2025-07-09 19:30:00,125.56999969482422,125.80999755859375,125.44000244140625,125.47000122070312,649760
2025-07-10 13:30:00,125.0199966430664,125.36499786376953,124.5199966430664,125.30000305175781,568928
2025-07-10 14:30:00,125.33999633789062,125.3499984741211,124.63999938964844,124.7676010131836,387592
2025-07-10 15:30:00,124.76499938964844,124.83499908447266,123.98500061035156,124.25,433712
2025-07-10 16:30:00,124.2301025390625,124.73999786376953,124.2301025390625,124.65499877929688,228396
2025-07-10 17:30:00,124.65499877929688,124.77960205078125,124.51020050048828,124.5199966430664,423905
2025-07-10 18:30:00,124.54000091552734,125.05500030517578,124.37010192871094,124.87000274658203,831484
2025-07-10 19:30:00,124.87000274658203,124.93000030517578,124.08999633789062,124.18000030517578,888013
2025-07-11 13:30:00,123.7300033569336,124.11000061035156,123.37000274658203,123.63999938964844,461303
2025-07-11 14:30:00,123.63999938964844,123.86000061035156,123.44999694824219,123.76000213623047,414562
2025-07-11 15:30:00,123.76000213623047,123.94000244140625,123.62000274658203,123.7300033569336,383305
2025-07-11 16:30:00,123.73999786376953,123.94999694824219,123.56999969482422,123.91999816894531,400412
2025-07-11 17:30:00,123.91999816894531,124.04000091552734,123.69999694824219,123.7699966430664,318338
2025-07-11 18:30:00,123.7699966430664,124.13999938964844,123.69999694824219,124.12000274658203,466204
2025-07-11 19:30:00,124.11000061035156,124.16999816894531,123.56999969482422,123.69999694824219,711870
2025-07-14 13:30:00,123.1500015258789,123.69000244140625,122.5199966430664,123.26000213623047,638069
2025-07-14 14:30:00,123.2750015258789,123.63999938964844,122.68910217285156,122.91000366210938,471723
2025-07-14 15:30:00,122.9000015258789,123.12000274658203,122.76000213623047,122.94999694824219,489930
2025-07-14 16:30:00,122.94999694824219,122.97000122070312,122.68000030517578,122.83999633789062,313603
2025-07-14 17:30:00,122.83999633789062,122.97000122070312,122.73999786376953,122.86000061035156,306533
2025-07-14 18:30:00,122.86000061035156,123.51090240478516,122.8499984741211,123.50499725341797,790497
2025-07-14 19:30:00,123.5,123.63999938964844,123.33999633789062,123.55999755859375,729665
2025-07-15 13:30:00,123.19000244140625,123.79000091552734,122.48999786376953,122.5199966430664,652677
2025-07-15 14:30:00,122.49500274658203,122.80999755859375,122.2699966430664,122.69499969482422,625607
2025-07-15 15:30:00,122.68000030517578,122.83999633789062,122.33999633789062,122.38999938964844,417887
2025-07-15 16:30:00,122.38999938964844,122.5,122.01000213623047,122.32499694824219,401374
2025-07-15 17:30:00,122.31549835205078,122.41000366210938,121.94999694824219,122.01499938964844,394902
2025-07-15 18:30:00,122.04000091552734,122.66000366210938,122.04000091552734,122.4000015258789,542536
2025-07-15 19:30:00,122.41000366210938,122.53500366210938,121.72000122070312,121.76000213623047,813507
2025-07-16 13:30:00,122.12999725341797,122.29000091552734,120.45999908447266,120.5,721819
2025-07-16 14:30:00,120.5199966430664,121.26000213623047,120.19499969482422,120.37999725341797,654259
2025-07-16 15:30:00,120.31999969482422,120.4000015258789,119.84049987792969,120.27999877929688,1049942
2025-07-16 16:30:00,120.27999877929688,120.51000213623047,120.02999877929688,120.19999694824219,580979
2025-07-16 17:30:00,120.18000030517578,120.73500061035156,120.18000030517578,120.68000030517578,581984
2025-07-16 18:30:00,120.69000244140625,120.87999725341797,120.6500015258789,120.8125991821289,747035
2025-07-16 19:30:00,120.80000305175781,121.37000274658203,120.66500091552734,121.30500030517578,864906
2025-07-17 13:30:00,121.05000305175781,121.94000244140625,121.0,121.35310363769531,617481
2025-07-17 14:30:00,121.36499786376953,121.66000366210938,121.22000122070312,121.53980255126953,496486
2025-07-17 15:30:00,121.55999755859375,122.04000091552734,121.52999877929688,121.68499755859375,337989
2025-07-17 16:30:00,121.66999816894531,122.27400207519531,121.66000366210938,122.08000183105469,305236
2025-07-17 17:30:00,122.0999984741211,122.27999877929688,121.98999786376953,122.27999877929688,312210
2025-07-17 18:30:00,122.27999877929688,122.38999938964844,122.06500244140625,122.0999984741211,372584
2025-07-17 19:30:00,122.11000061035156,122.2699966430664,121.83999633789062,122.20999908447266,705459
2025-07-18 13:30:00,122.30000305175781,122.81999969482422,122.02010345458984,122.66500091552734,618062
2025-07-18 14:30:00,122.68000030517578,122.80000305175781,122.4000015258789,122.51499938964844,274753
2025-07-18 15:30:00,122.51000213623047,122.56500244140625,122.04000091552734,122.12000274658203,271710
2025-07-18 16:30:00,122.12000274658203,122.3499984741211,122.12000274658203,122.16999816894531,280255
2025-07-18 17:30:00,122.16000366210938,122.30549621582031,122.0,122.06999969482422,220671
2025-07-18 18:30:00,122.0999984741211,122.45999908447266,122.0999984741211,122.41999816894531,301983
2025-07-18 19:30:00,122.41999816894531,122.43000030517578,122.12999725341797,122.16999816894531,487250
2025-07-21 13:30:00,122.48500061035156,123.48989868164062,122.30000305175781,123.33999633789062,470946
2025-07-21 14:30:00,123.34500122070312,124.01000213623047,123.06999969482422,123.80999755859375,617895
2025-07-21 15:30:00,123.8499984741211,124.98999786376953,123.82499694824219,124.68779754638672,530699
2025-07-21 16:30:00,124.69000244140625,125.17220306396484,124.69000244140625,124.88999938964844,398407
2025-07-21 17:30:00,124.875,125.08999633789062,124.68000030517578,125.06999969482422,384447
2025-07-21 18:30:00,125.06999969482422,125.15499877929688,124.58999633789062,124.64668273925781,595509
2025-07-21 19:30:00,124.63999938964844,124.9800033569336,124.62000274658203,124.95999908447266,797893
2025-07-22 13:30:00,125.08000183105469,126.43000030517578,124.95999908447266,125.30500030517578,585526
2025-07-22 14:30:00,125.30999755859375,125.30999755859375,124.46499633789062,124.57499694824219,326085
2025-07-22 15:30:00,124.56999969482422,124.81999969482422,124.23030090332031,124.77999877929688,302585
2025-07-22 16:30:00,124.77999877929688,125.26000213623047,124.68499755859375,125.25,381090
2025-07-22 17:30:00,125.26000213623047,125.4749984741211,125.08999633789062,125.375,303607
2025-07-22 18:30:00,125.37650299072266,125.66999816894531,125.375,125.5999984741211,430458
2025-07-22 19:30:00,125.5999984741211,125.86000061035156,125.5250015258789,125.58999633789062,704055
2025-07-23 13:30:00,126.19000244140625,126.59500122070312,125.92500305175781,126.5,527562
2025-07-23 14:30:00,126.4800033569336,126.7699966430664,126.45999908447266,126.58999633789062,485004
2025-07-23 15:30:00,126.56999969482422,126.77999877929688,126.12000274658203,126.58000183105469,322075
2025-07-23 16:30:00,126.56999969482422,126.83000183105469,126.48999786376953,126.81999969482422,406496
2025-07-23 17:30:00,126.83000183105469,127.04000091552734,126.36000061035156,126.43000030517578,538809
2025-07-23 18:30:00,126.43499755859375,126.55999755859375,126.18000030517578,126.48999786376953,527388
2025-07-23 19:30:00,126.48999786376953,126.51000213623047,126.08999633789062,126.41000366210938,526558
2025-07-24 13:30:00,126.06999969482422,126.72000122070312,125.9000015258789,126.51000213623047,649413
2025-07-24 14:30:00,126.48999786376953,126.48999786376953,125.4000015258789,125.7300033569336,509254
2025-07-24 15:30:00,125.72000122070312,125.75,125.41000366210938,125.55500030517578,407107
2025-07-24 16:30:00,125.55500030517578,126.33000183105469,125.55500030517578,126.02999877929688,958639
2025-07-24 17:30:00,126.05999755859375,126.42980194091797,125.9749984741211,126.37999725341797,278468
2025-07-24 18:30:00,126.37999725341797,126.42340087890625,126.18499755859375,126.33000183105469,295686
2025-07-24 19:30:00,126.31999969482422,126.41999816894531,126.0,126.26000213623047,608616
2025-07-25 13:30:00,126.76000213623047,127.0199966430664,126.29000091552734,126.79000091552734,1023069
2025-07-25 14:30:00,126.7699966430664,126.88999938964844,126.38999938964844,126.43499755859375,530436
2025-07-25 15:30:00,126.41999816894531,126.55000305175781,126.19999694824219,126.19999694824219,382485
2025-07-25 16:30:00,126.24009704589844,126.62999725341797,125.95999908447266,126.5250015258789,675087
2025-07-25 17:30:00,126.5,126.7249984741211,126.37999725341797,126.38999938964844,507506
2025-07-25 18:30:00,126.4000015258789,126.53500366210938,126.26000213623047,126.30000305175781,452252
2025-07-25 19:30:00,126.30000305175781,126.4800033569336,126.0999984741211,126.44000244140625,747329
2025-07-28 13:30:00,126.33999633789062,127.12999725341797,126.1500015258789,127.07050323486328,1043493
2025-07-28 14:30:00,127.07499694824219,127.08000183105469,125.9800033569336,126.04000091552734,570034
2025-07-28 15:30:00,126.0199966430664,126.30999755859375,125.95999908447266,126.08000183105469,347606
2025-07-28 16:30:00,126.08000183105469,126.11000061035156,125.45999908447266,125.47000122070312,545186
2025-07-28 17:30:00,125.4800033569336,125.5199966430664,124.8499984741211,125.16500091552734,659558
2025-07-28 18:30:00,125.16999816894531,125.31999969482422,125.0,125.12300109863281,530384
2025-07-28 19:30:00,125.12000274658203,125.51000213623047,125.12000274658203,125.38999938964844,1064224
2025-07-29 13:30:00,126.0999984741211,126.7750015258789,125.5,126.58000183105469,1202652
2025-07-29 14:30:00,126.6050033569336,126.96080017089844,126.4655990600586,126.85649871826172,532107
2025-07-29 15:30:00,126.84040069580078,127.0,126.66000366210938,126.77999877929688,412541
2025-07-29 16:30:00,126.80999755859375,126.97000122070312,126.66999816894531,126.73500061035156,369793
2025-07-29 17:30:00,126.73500061035156,126.86000061035156,126.19000244140625,126.19999694824219,332219
2025-07-29 18:30:00,126.19999694824219,126.36000061035156,126.11000061035156,126.30000305175781,354290
2025-07-29 19:30:00,126.30999755859375,126.59500122070312,126.20999908447266,126.37000274658203,749971
2025-07-30 13:30:00,126.62999725341797,127.08000183105469,126.2699966430664,126.74500274658203,437199
2025-07-30 14:30:00,126.74500274658203,127.0,126.20999908447266,126.23999786376953,354377
2025-07-30 15:30:00,126.22000122070312,126.3499984741211,126.0999984741211,126.1500015258789,280495
2025-07-30 16:30:00,126.1500015258789,126.25,125.99009704589844,126.13999938964844,180067
2025-07-30 17:30:00,126.1449966430664,126.5199966430664,126.08499908447266,126.5,211420
2025-07-30 18:30:00,126.5199966430664,126.69000244140625,125.4000015258789,125.47000122070312,429195
2025-07-30 19:30:00,125.48999786376953,125.83999633789062,125.28019714355469,125.79000091552734,581370
2025-07-31 13:30:00,124.94000244140625,125.6500015258789,124.71499633789062,125.5199966430664,573180
2025-07-31 14:30:00,125.5199966430664,125.76499938964844,124.875,125.04000091552734,381345
2025-07-31 15:30:00,125.05000305175781,125.20999908447266,124.76000213623047,124.87999725341797,283054
2025-07-31 16:30:00,124.87000274658203,124.94999694824219,124.59449768066406,124.65499877929688,263106
2025-07-31 17:30:00,124.65499877929688,124.95999908447266,124.5,124.94999694824219,303005
2025-07-31 18:30:00,124.98999786376953,125.24500274658203,124.77999877929688,124.81999969482422,453248
2025-07-31 19:30:00,124.83000183105469,125.05000305175781,124.37999725341797,124.53500366210938,759939
2025-08-01 13:30:00,124.11000061035156,124.66000366210938,123.77999877929688,124.66000366210938,648252
2025-08-01 14:30:00,124.65499877929688,125.45999908447266,124.45999908447266,125.38990020751953,555376
2025-08-01 15:30:00,125.45999908447266,126.2300033569336,125.41999816894531,126.08000183105469,579824
2025-08-01 16:30:00,126.08000183105469,126.18000030517578,125.43000030517578,125.61499786376953,374303
2025-08-01 17:30:00,125.62999725341797,125.76000213623047,125.37000274658203,125.41000366210938,277329
2025-08-01 18:30:00,125.4000015258789,125.62000274658203,125.3499984741211,125.5541000366211,381862
2025-08-01 19:30:00,125.55000305175781,126.05000305175781,125.47000122070312,125.98999786376953,728916
2025-08-04 13:30:00,126.41999816894531,127.81289672851562,126.30000305175781,127.5979995727539,505994
2025-08-04 14:30:00,127.62000274658203,127.94000244140625,127.4800033569336,127.8949966430664,376083
2025-08-04 15:30:00,127.87999725341797,128.0399932861328,127.7300033569336,127.88500213623047,272708
2025-08-04 16:30:00,127.87000274658203,128.4600067138672,127.84159851074219,128.3800048828125,299287
2025-08-04 17:30:00,128.38999938964844,128.47999572753906,128.10000610351562,128.32000732421875,288756
2025-08-04 18:30:00,128.32000732421875,128.66299438476562,128.3000030517578,128.5399932861328,380767
2025-08-04 19:30:00,128.55499267578125,129.1999969482422,128.55499267578125,129.1999969482422,755874
2025-08-05 13:30:00,129.22999572753906,129.85000610351562,128.72999572753906,129.0800018310547,406112
2025-08-05 14:30:00,129.05999755859375,129.0800018310547,128.47999572753906,128.80999755859375,398736
2025-08-05 15:30:00,128.81500244140625,128.89999389648438,128.5,128.7877655029297,225122
2025-08-05 16:30:00,128.77999877929688,129.64500427246094,128.75,129.5449981689453,251829
2025-08-05 17:30:00,129.51499938964844,129.5800018310547,129.0800018310547,129.19000244140625,233247
2025-08-05 18:30:00,129.17999267578125,129.47000122070312,129.14999389648438,129.4199981689453,279726
2025-08-05 19:30:00,129.42999267578125,129.61000061035156,128.7100067138672,128.78500366210938,800544
2025-08-06 13:30:00,128.91000366210938,130.38999938964844,128.6300048828125,130.1573944091797,665269
2025-08-06 14:30:00,130.13499450683594,130.77000427246094,129.7899932861328,130.55499267578125,521494
2025-08-06 15:30:00,130.52999877929688,131.0,130.27999877929688,130.9250030517578,370085
2025-08-06 16:30:00,130.9550018310547,131.1199951171875,130.66000366210938,130.8249969482422,265515
2025-08-06 17:30:00,130.82000732421875,131.3000030517578,130.82000732421875,131.27999877929688,237811
2025-08-06 18:30:00,131.27000427246094,131.8800048828125,131.07000732421875,131.8800048828125,562785
2025-08-06 19:30:00,131.92999267578125,132.16000366210938,131.75999450683594,132.10499572753906,780045
2025-08-07 13:30:00,132.7100067138672,132.88999938964844,131.80499267578125,132.0800018310547,1173973
2025-08-07 14:30:00,132.0800018310547,132.2550048828125,131.4600067138672,131.56809997558594,256248
2025-08-07 15:30:00,131.52000427246094,131.96780395507812,130.97999572753906,131.8699951171875,854102
2025-08-07 16:30:00,131.86500549316406,132.2100067138672,131.0800018310547,131.26499938964844,821661
2025-08-07 17:30:00,131.25999450683594,131.40499877929688,131.0843048095703,131.22999572753906,207574
2025-08-07 18:30:00,131.22999572753906,131.5850067138672,131.13999938964844,131.4600067138672,305922
2025-08-07 19:30:00,131.47500610351562,132.02000427246094,131.47500610351562,132.0,544583
2025-08-08 13:30:00,132.0800018310547,132.74989318847656,132.0,132.63499450683594,614715
2025-08-08 14:30:00,132.66000366210938,132.74000549316406,131.63999938964844,131.77999877929688,387832
2025-08-08 15:30:00,131.8000030517578,132.1999969482422,131.62319946289062,132.1699981689453,482597
2025-08-08 16:30:00,132.17999267578125,132.27499389648438,131.91000366210938,132.06500244140625,257880
2025-08-08 17:30:00,132.0800018310547,132.11959838867188,131.7895965576172,132.02999877929688,195439
2025-08-08 18:30:00,132.0399932861328,132.14999389648438,131.77999877929688,131.83999633789062,349289
2025-08-08 19:30:00,131.82000732421875,131.85000610351562,131.36000061035156,131.41000366210938,800248
2025-08-11 13:30:00,131.7899932861328,132.15499877929688,130.8800048828125,131.9949951171875,488486
2025-08-11 14:30:00,131.97999572753906,132.05999755859375,131.57000732421875,132.00999450683594,307215
2025-08-11 15:30:00,132.0,132.4499969482422,131.91000366210938,132.1999969482422,276441
2025-08-11 16:30:00,132.2100067138672,132.2100067138672,131.53500366210938,131.63999938964844,238330
2025-08-11 17:30:00,131.63499450683594,131.92999267578125,131.55999755859375,131.80999755859375,251722
2025-08-11 18:30:00,131.80999755859375,132.1199951171875,131.75999450683594,132.00999450683594,258624
2025-08-11 19:30:00,132.02000427246094,132.4499969482422,131.89999389648438,132.39999389648438,465711
2025-08-12 13:30:00,132.80999755859375,133.24000549316406,132.39999389648438,132.48500061035156,563333
2025-08-12 14:30:00,132.5050048828125,133.16000366210938,132.3300018310547,133.16000366210938,427803
2025-08-12 15:30:00,133.17999267578125,133.66000366210938,133.05999755859375,133.14999389648438,304402
2025-08-12 16:30:00,133.1699981689453,133.2899932861328,132.92999267578125,133.22000122070312,242012
2025-08-12 17:30:00,133.22000122070312,133.52999877929688,133.19000244140625,133.44000244140625,298772
2025-08-12 18:30:00,133.44000244140625,133.625,133.3000030517578,133.33099365234375,341147
2025-08-12 19:30:00,133.33999633789062,133.52999877929688,133.24000549316406,133.3800048828125,569784
2025-08-13 13:30:00,133.34500122070312,134.22999572753906,133.25,134.0749969482422,614176
2025-08-13 14:30:00,134.08999633789062,134.10000610351562,133.16000366210938,133.77000427246094,629913
2025-08-13 15:30:00,133.77000427246094,133.88999938964844,133.3249969482422,133.77000427246094,383701
2025-08-13 16:30:00,133.77720642089844,133.9499969482422,133.63999938964844,133.77999877929688,374677
2025-08-13 17:30:00,133.75,133.92999267578125,133.4499969482422,133.87429809570312,290536
2025-08-13 18:30:00,133.8699951171875,134.16000366210938,133.66000366210938,133.8000030517578,434518
2025-08-13 19:30:00,133.8000030517578,134.14999389648438,133.72000122070312,134.08999633789062,832770
2025-08-14 13:30:00,133.02000427246094,133.50999450683594,132.7100067138672,133.39999389648438,474791
2025-08-14 14:30:00,133.375,133.91000366210938,133.35499572753906,133.80999755859375,365736
2025-08-14 15:30:00,133.82000732421875,134.01499938964844,133.5500030517578,133.5850067138672,259612
2025-08-14 16:30:00,133.59979248046875,133.8300018310547,133.33999633789062,133.8000030517578,352864
2025-08-14 17:30:00,133.8000030517578,133.86500549316406,133.50999450683594,133.64999389648438,299833
2025-08-14 18:30:00,133.64999389648438,133.75999450683594,133.39500427246094,133.39500427246094,465907
2025-08-14 19:30:00,133.38999938964844,133.41000366210938,132.8800048828125,132.9499969482422,572956
2025-08-15 13:30:00,133.1300048828125,133.61000061035156,132.00999450683594,132.3249969482422,704603
2025-08-15 14:30:00,132.3000030517578,132.9199981689453,132.25,132.66000366210938,326160
2025-08-15 15:30:00,132.66000366210938,132.9600067138672,132.5,132.51499938964844,919307
2025-08-15 16:30:00,132.52999877929688,132.81500244140625,132.47999572753906,132.69500732421875,192303
2025-08-15 17:30:00,132.69500732421875,132.97000122070312,132.5500030517578,132.9600067138672,245724
2025-08-15 18:30:00,132.9499969482422,133.0749969482422,132.72999572753906,132.80499267578125,312154
2025-08-15 19:30:00,132.8000030517578,132.86000061035156,132.4199981689453,132.6199951171875,795844
2025-08-18 13:30:00,132.92999267578125,134.1300048828125,132.63999938964844,133.41000366210938,763621
2025-08-18 14:30:00,133.38999938964844,133.52000427246094,132.9550018310547,133.3000030517578,419985
2025-08-18 15:30:00,133.2899932861328,133.4199981689453,132.97999572753906,133.15499877929688,425990
2025-08-18 16:30:00,133.15499877929688,133.18499755859375,132.6300048828125,132.77499389648438,417177
2025-08-18 17:30:00,132.77499389648438,133.05999755859375,132.77499389648438,132.86000061035156,328069
2025-08-18 18:30:00,132.85499572753906,133.24000549316406,132.85000610351562,133.0399932861328,573967
2025-08-18 19:30:00,133.02000427246094,133.11000061035156,132.67999267578125,133.0399932861328,684172
2025-08-19 13:30:00,133.33999633789062,134.9499969482422,133.33999633789062,134.72000122070312,745042
2025-08-19 14:30:00,134.72500610351562,134.97000122070312,134.38999938964844,134.48500061035156,902020
2025-08-19 15:30:00,134.4600067138672,134.8000030517578,134.22999572753906,134.41000366210938,695619
2025-08-19 16:30:00,134.41000366210938,134.75999450683594,134.38499450683594,134.42930603027344,478429
2025-08-19 17:30:00,134.4199981689453,134.5,134.10000610351562,134.24000549316406,380113
2025-08-19 18:30:00,134.22999572753906,134.58999633789062,134.22000122070312,134.3300018310547,577592
2025-08-19 19:30:00,134.3300018310547,134.64999389648438,134.16000366210938,134.60000610351562,1134893
2025-08-20 13:30:00,143.53500366210938,145.5800018310547,140.24000549316406,140.75999450683594,3950531
2025-08-20 14:30:00,140.75999450683594,141.07000732421875,138.86000061035156,139.2100067138672,1164108
2025-08-20 15:30:00,139.17999267578125,139.32000732421875,138.14010620117188,139.1199951171875,948674
2025-08-20 16:30:00,139.1199951171875,139.35000610351562,138.39999389648438,138.41000366210938,834156
2025-08-20 17:30:00,138.39999389648438,139.16000366210938,138.3249969482422,139.10000610351562,963597
2025-08-20 18:30:00,139.11500549316406,139.55999755859375,138.75999450683594,139.32159423828125,1887031
2025-08-20 19:30:00,139.31500244140625,139.6699981689453,137.75999450683594,138.27000427246094,2119393
2025-08-21 13:30:00,136.4600067138672,138.75999450683594,136.4600067138672,138.0050048828125,2075852
2025-08-21 14:30:00,138.0050048828125,138.11000061035156,137.1199951171875,137.55999755859375,650160
2025-08-21 15:30:00,137.58999633789062,137.58999633789062,136.64999389648438,136.91000366210938,503832
2025-08-21 16:30:00,136.92999267578125,136.9600067138672,136.31500244140625,136.4199981689453,417376
2025-08-21 17:30:00,136.44500732421875,136.93499755859375,136.38999938964844,136.9250030517578,343488
2025-08-21 18:30:00,136.9199981689453,137.3300018310547,136.85000610351562,137.05999755859375,779512
2025-08-21 19:30:00,137.05999755859375,137.55999755859375,137.02000427246094,137.47999572753906,1146222
2025-08-22 13:30:00,137.97000122070312,139.3773956298828,137.2100067138672,137.56500244140625,847821
2025-08-22 14:30:00,137.57000732421875,137.86000061035156,136.8000030517578,137.31500244140625,603614
2025-08-22 15:30:00,137.293701171875,137.5800018310547,137.0399932861328,137.139892578125,551028
2025-08-22 16:30:00,137.13999938964844,137.16000366210938,136.75999450683594,136.79490661621094,410805
2025-08-22 17:30:00,136.7949981689453,136.8300018310547,136.2100067138672,136.35650634765625,425627
2025-08-22 18:30:00,136.36000061035156,136.5500030517578,135.9199981689453,136.35000610351562,657809
2025-08-22 19:30:00,136.35000610351562,136.64500427246094,136.2899932861328,136.5189971923828,802268
2025-08-25 13:30:00,136.11000061035156,137.07000732421875,135.47999572753906,136.03500366210938,787194
2025-08-25 14:30:00,136.00999450683594,136.01499938964844,135.36000061035156,135.83999633789062,375523
2025-08-25 15:30:00,135.85000610351562,136.41000366210938,135.85000610351562,135.89999389648438,417951
2025-08-25 16:30:00,135.91000366210938,136.0800018310547,135.74000549316406,135.9250030517578,281787
2025-08-25 17:30:00,135.92999267578125,136.02499389648438,135.7949981689453,135.9250030517578,294883
2025-08-25 18:30:00,135.9250030517578,136.0,135.67999267578125,135.75770568847656,417571
2025-08-25 19:30:00,135.75999450683594,135.8699951171875,135.44500732421875,135.48500061035156,803285
2025-08-26 13:30:00,135.6699981689453,135.8699951171875,134.9199981689453,135.0,688283
2025-08-26 14:30:00,135.02999877929688,135.22000122070312,134.7449951171875,135.14500427246094,428947
2025-08-26 15:30:00,135.1699981689453,135.44000244140625,135.13999938964844,135.14999389648438,329766
2025-08-26 16:30:00,135.1649932861328,135.6699981689453,135.01499938964844,135.6300048828125,506093
2025-08-26 17:30:00,135.63499450683594,136.11000061035156,135.5800018310547,136.11000061035156,416400
2025-08-26 18:30:00,136.1199951171875,136.44000244140625,135.86000061035156,136.3780517578125,266232
2025-08-26 19:30:00,136.38499450683594,136.74000549316406,136.322998046875,136.6649932861328,584833
2025-08-27 13:30:00,136.67999267578125,137.3300018310547,136.22000122070312,137.193603515625,623857
2025-08-27 14:30:00,137.1999969482422,137.25790405273438,136.83999633789062,137.0500030517578,386126
2025-08-27 15:30:00,137.0500030517578,137.1699981689453,136.94000244140625,137.1699981689453,320203
2025-08-27 16:30:00,137.1699981689453,137.1717987060547,136.75999450683594,137.0,302524
2025-08-27 17:30:00,137.00999450683594,137.14999389648438,137.0019073486328,137.11000061035156,311756
2025-08-27 18:30:00,137.1199951171875,137.5,137.10000610351562,137.3300018310547,523800
2025-08-27 19:30:00,137.36000061035156,137.42999267578125,137.17999267578125,137.22999572753906,805549
2025-08-28 13:30:00,137.5500030517578,137.89999389648438,136.52999877929688,136.63999938964844,1082862
2025-08-28 14:30:00,136.63999938964844,136.74989318847656,136.32749938964844,136.47500610351562,456328
2025-08-28 15:30:00,136.47500610351562,136.72999572753906,136.30020141601562,136.6699981689453,436259
2025-08-28 16:30:00,136.67999267578125,137.07000732421875,136.67999267578125,136.8249969482422,259482
2025-08-28 17:30:00,136.8300018310547,137.0,136.59500122070312,136.83999633789062,328685
2025-08-28 18:30:00,136.85000610351562,137.16000366210938,136.85000610351562,137.0399932861328,320674
2025-08-28 19:30:00,137.03500366210938,137.2899932861328,136.92999267578125,137.11000061035156,638351
2025-08-29 13:30:00,137.27000427246094,137.47999572753906,136.49000549316406,136.49000549316406,428754
2025-08-29 14:30:00,136.49000549316406,136.62100219726562,136.0675048828125,136.07000732421875,398948
2025-08-29 15:30:00,136.0800018310547,136.39999389648438,135.89500427246094,136.3574981689453,270984
2025-08-29 16:30:00,136.35499572753906,136.74000549316406,136.35000610351562,136.7100067138672,268837
2025-08-29 17:30:00,136.6999969482422,136.83999633789062,136.60499572753906,136.69500732421875,288922
2025-08-29 18:30:00,136.7050018310547,136.88999938964844,136.6300048828125,136.7550048828125,321029
2025-08-29 19:30:00,136.76499938964844,136.8000030517578,136.3699951171875,136.63999938964844,700860
2025-09-02 13:30:00,136.1999969482422,138.0800018310547,136.1999969482422,138.05999755859375,773003
2025-09-02 14:30:00,138.05999755859375,138.55999755859375,138.0,138.2100067138672,471876
2025-09-02 15:30:00,138.17999267578125,138.5050048828125,138.0,138.25,304843
2025-09-02 16:30:00,138.26499938964844,138.4398956298828,138.05999755859375,138.3300018310547,232700
2025-09-02 17:30:00,138.33529663085938,138.59500122070312,138.3350067138672,138.47000122070312,332554
2025-09-02 18:30:00,138.47999572753906,138.5561981201172,138.0,138.04649353027344,410351
2025-09-02 19:30:00,138.05999755859375,138.57000732421875,137.8800048828125,138.5399932861328,783084
2025-09-03 13:30:00,138.57000732421875,139.0800018310547,138.38999938964844,138.9199981689453,604314
2025-09-03 14:30:00,138.92999267578125,139.19000244140625,138.64999389648438,138.9499969482422,474399
2025-09-03 15:30:00,138.94000244140625,139.52000427246094,138.93499755859375,139.4250030517578,405647
2025-09-03 16:30:00,139.42999267578125,139.5800018310547,139.11000061035156,139.47000122070312,374191
2025-09-03 17:30:00,139.47000122070312,139.55499267578125,139.18499755859375,139.39999389648438,323888
2025-09-03 18:30:00,139.39419555664062,139.46499633789062,139.0749969482422,139.17999267578125,515821
2025-09-03 19:30:00,139.1824951171875,139.49000549316406,139.11000061035156,139.47000122070312,866699
2025-09-04 13:30:00,139.8699951171875,140.82000732421875,139.7100067138672,140.2449951171875,900878
2025-09-04 14:30:00,140.25999450683594,140.63999938964844,140.09500122070312,140.27999877929688,394100
2025-09-04 15:30:00,140.2899932861328,140.8065948486328,140.22999572753906,140.6199951171875,333096
2025-09-04 16:30:00,140.63999938964844,140.86000061035156,140.49000549316406,140.58999633789062,230691
2025-09-04 17:30:00,140.58999633789062,140.89999389648438,140.55999755859375,140.85000610351562,274831
2025-09-04 18:30:00,140.86000061035156,140.86000061035156,140.5500030517578,140.59500122070312,442452
2025-09-04 19:30:00,140.58999633789062,141.10000610351562,140.57000732421875,141.00999450683594,769278
2025-09-05 13:30:00,141.4199981689453,141.5,140.2100067138672,140.46499633789062,1601237
2025-09-05 14:30:00,140.4499969482422,140.64500427246094,139.6999969482422,139.74000549316406,664980
2025-09-05 15:30:00,139.74000549316406,139.92999267578125,139.41000366210938,139.7899932861328,339867
2025-09-05 16:30:00,139.77000427246094,139.8083953857422,139.25999450683594,139.27999877929688,294234
2025-09-05 17:30:00,139.27999877929688,139.4199981689453,139.0500030517578,139.08999633789062,398657
2025-09-05 18:30:00,139.13999938964844,139.39979553222656,139.0399932861328,139.0749969482422,442136
2025-09-05 19:30:00,139.0800018310547,139.4499969482422,138.92999267578125,139.22999572753906,810440
2025-09-08 13:30:00,139.22999572753906,140.27499389648438,139.14999389648438,140.01499938964844,598999
2025-09-08 14:30:00,140.01499938964844,140.3699951171875,139.8249969482422,140.2949981689453,344058
2025-09-08 15:30:00,140.25999450683594,140.3699951171875,139.91000366210938,140.0800018310547,249992
2025-09-08 16:30:00,140.0800018310547,140.52000427246094,139.99000549316406,140.43499755859375,314914
2025-09-08 17:30:00,140.4425048828125,140.72000122070312,140.30499267578125,140.63499450683594,263884
2025-09-08 18:30:00,140.6199951171875,140.69500732421875,140.5,140.58999633789062,353263
2025-09-08 19:30:00,140.5800018310547,141.0,140.42999267578125,140.83999633789062,986413
2025-09-09 13:30:00,139.77999877929688,140.52499389648438,139.08009338378906,139.22000122070312,456885
2025-09-09 14:30:00,139.22900390625,139.3800048828125,139.05999755859375,139.35560607910156,317979
2025-09-09 15:30:00,139.3489990234375,139.8300018310547,139.2899932861328,139.7100067138672,234544
2025-09-09 16:30:00,139.67999267578125,139.697998046875,139.3699951171875,139.58999633789062,218624
2025-09-09 17:30:00,139.61000061035156,139.97999572753906,139.5500030517578,139.96499633789062,227598
2025-09-09 18:30:00,139.96499633789062,139.97509765625,139.7550048828125,139.9600067138672,448113
2025-09-09 19:30:00,139.94000244140625,140.10000610351562,139.8350067138672,139.9499969482422,778977
2025-09-10 13:30:00,139.55999755859375,139.77000427246094,138.7100067138672,139.22999572753906,500821
2025-09-10 14:30:00,139.26499938964844,139.30999755859375,138.9199981689453,139.2050018310547,305431
2025-09-10 15:30:00,139.22999572753906,139.41250610351562,139.0,139.0050048828125,299943
2025-09-10 16:30:00,139.00999450683594,139.6300048828125,138.88499450683594,139.38499450683594,258427
2025-09-10 17:30:00,139.39999389648438,139.74000549316406,139.38999938964844,139.7100067138672,245673
2025-09-10 18:30:00,139.7100067138672,139.78970336914062,139.52000427246094,139.5399932861328,349013
2025-09-10 19:30:00,139.55999755859375,140.0399932861328,139.47999572753906,139.86000061035156,784333
2025-09-11 13:30:00,140.3800048828125,140.94000244140625,139.7899932861328,140.3699951171875,495824
2025-09-11 14:30:00,140.3699951171875,140.75,140.22999572753906,140.3350067138672,416385
2025-09-11 15:30:00,140.3350067138672,140.9600067138672,140.25,140.9550018310547,295402
2025-09-11 16:30:00,140.9550018310547,141.25,140.49000549316406,140.63999938964844,623857
2025-09-11 17:30:00,140.61000061035156,141.05999755859375,140.36000061035156,141.02000427246094,403384
2025-09-11 18:30:00,141.0449981689453,141.05999755859375,140.58999633789062,140.74000549316406,531186
2025-09-11 19:30:00,140.74000549316406,141.13999938964844,140.68499755859375,140.81500244140625,755205
2025-09-12 13:30:00,140.52000427246094,141.35499572753906,139.6300048828125,139.9600067138672,658176
2025-09-12 14:30:00,139.94000244140625,140.3000030517578,139.5,139.7100067138672,1142042
2025-09-12 15:30:00,139.74000549316406,139.75999450683594,138.89999389648438,139.11500549316406,562609
2025-09-12 16:30:00,139.125,139.3699951171875,139.0449981689453,139.25999450683594,364314
2025-09-12 17:30:00,139.24000549316406,139.61000061035156,139.1649932861328,139.50999450683594,283625
2025-09-12 18:30:00,139.50999450683594,139.86000061035156,139.32000732421875,139.82000732421875,422870
2025-09-12 19:30:00,139.81100463867188,139.91000366210938,139.39999389648438,139.49000549316406,941205
2025-09-15 13:30:00,139.8000030517578,140.60000610351562,139.47000122070312,140.0749969482422,530459
2025-09-15 14:30:00,140.05999755859375,140.4199981689453,139.99000549316406,140.34500122070312,335741
2025-09-15 15:30:00,140.34230041503906,140.85000610351562,139.99000549316406,140.61000061035156,368129
2025-09-15 16:30:00,140.61500549316406,140.6199951171875,140.1300048828125,140.22000122070312,279886
2025-09-15 17:30:00,140.22999572753906,140.56500244140625,140.2100067138672,140.3800048828125,304766
2025-09-15 18:30:00,140.38499450683594,140.76499938964844,140.30999755859375,140.5800018310547,442080
2025-09-15 19:30:00,140.59500122070312,141.24000549316406,140.59500122070312,141.1699981689453,950202
2025-09-16 13:30:00,140.6699981689453,141.11000061035156,139.52000427246094,139.77000427246094,594820
2025-09-16 14:30:00,139.77000427246094,140.1750030517578,139.64999389648438,139.93499755859375,321375
2025-09-16 15:30:00,139.9199981689453,140.10000610351562,139.5850067138672,139.6750030517578,263125
2025-09-16 16:30:00,139.67999267578125,139.7100067138672,138.93800354003906,138.94000244140625,274681
2025-09-16 17:30:00,138.94000244140625,139.3300018310547,138.8300018310547,138.9949951171875,346682
2025-09-16 18:30:00,139.02000427246094,139.3791961669922,138.99000549316406,139.1699981689453,437696
2025-09-16 19:30:00,139.16000366210938,139.60850524902344,139.1199951171875,139.52999877929688,610667
2025-09-17 13:30:00,139.99000549316406,140.88999938964844,139.66000366210938,140.1750030517578,744702
2025-09-17 14:30:00,140.15499877929688,140.25,139.3300018310547,139.33999633789062,398734
2025-09-17 15:30:00,139.36000061035156,139.94000244140625,139.3300018310547,139.7949981689453,260591
2025-09-17 16:30:00,139.78500366210938,139.8699951171875,139.3800048828125,139.77000427246094,233868
2025-09-17 17:30:00,139.77999877929688,140.14500427246094,139.50999450683594,139.7949981689453,388008
2025-09-17 18:30:00,139.85400390625,140.17820739746094,139.21499633789062,140.14999389648438,387781
2025-09-17 19:30:00,140.16000366210938,140.17999267578125,139.72000122070312,140.0399932861328,657493
2025-09-18 13:30:00,139.97000122070312,140.6999969482422,139.3699951171875,140.5399932861328,634301
2025-09-18 14:30:00,140.5399932861328,140.58999633789062,140.1300048828125,140.5500030517578,299995
2025-09-18 15:30:00,140.57000732421875,140.7100067138672,140.1699981689453,140.58999633789062,241331
2025-09-18 16:30:00,140.57000732421875,141.02000427246094,140.55999755859375,140.6649932861328,264753
2025-09-18 17:30:00,140.6699981689453,140.75999450683594,139.8800048828125,140.0500030517578,405457
2025-09-18 18:30:00,140.11000061035156,140.3000030517578,139.8249969482422,139.94000244140625,426127
2025-09-18 19:30:00,139.9199981689453,140.2100067138672,139.63999938964844,139.91000366210938,747041
2025-09-19 13:30:00,140.18499755859375,140.4199981689453,139.39999389648438,139.52749633789062,949343
2025-09-19 14:30:00,139.52499389648438,139.54989624023438,139.09500122070312,139.3000030517578,233634
2025-09-19 15:30:00,139.25,139.6999969482422,139.25,139.59500122070312,180063
2025-09-19 16:30:00,139.6092071533203,139.75,139.2899932861328,139.5,162459
2025-09-19 17:30:00,139.49000549316406,139.72500610351562,139.4600067138672,139.5500030517578,178009
2025-09-19 18:30:00,139.5500030517578,139.97500610351562,139.35000610351562,139.84500122070312,282189
2025-09-19 19:30:00,139.85000610351562,140.03500366210938,139.5800018310547,139.8300018310547,613586
2025-09-22 13:30:00,139.7899932861328,139.7899932861328,139.1199951171875,139.14999389648438,403710
2025-09-22 14:30:00,139.14999389648438,139.4499969482422,138.99000549316406,139.10870361328125,339792
2025-09-22 15:30:00,139.14999389648438,139.35000610351562,138.6699981689453,139.07000732421875,232625
2025-09-22 16:30:00,139.06199645996094,139.22500610351562,138.83999633789062,139.1199951171875,268606
2025-09-22 17:30:00,139.15499877929688,139.41000366210938,139.05999755859375,139.41000366210938,205168
2025-09-22 18:30:00,139.4199981689453,139.52999877929688,139.1199951171875,139.44000244140625,310040
2025-09-22 19:30:00,139.42999267578125,139.7100067138672,139.3699951171875,139.4199981689453,594957
2025-09-23 13:30:00,139.25,139.86000061035156,139.125,139.19000244140625,341733
2025-09-23 14:30:00,139.20249938964844,139.58999633789062,139.05999755859375,139.5399932861328,198326
2025-09-23 15:30:00,139.52000427246094,139.53500366210938,138.89999389648438,139.1699981689453,184841
2025-09-23 16:30:00,139.1916046142578,139.47000122070312,139.0399932861328,139.35000610351562,190909
2025-09-23 17:30:00,139.36000061035156,139.80999755859375,139.2050018310547,139.80999755859375,197098
2025-09-23 18:30:00,139.8000030517578,139.85000610351562,139.38499450683594,139.57000732421875,306155
2025-09-23 19:30:00,139.56500244140625,139.8300018310547,139.31500244140625,139.75,507311
2025-09-24 13:30:00,139.50999450683594,141.4499969482422,139.0,140.39999389648438,776793
2025-09-24 14:30:00,140.3800048828125,141.16000366210938,140.33999633789062,140.72999572753906,432546
2025-09-24 15:30:00,140.7550048828125,140.8249969482422,140.24000549316406,140.63999938964844,447768
2025-09-24 16:30:00,140.66000366210938,140.75,140.10000610351562,140.42999267578125,356258
2025-09-24 17:30:00,140.4199981689453,140.4600067138672,139.77999877929688,139.8249969482422,398061
2025-09-24 18:30:00,139.8249969482422,140.0800018310547,139.75,139.97000122070312,738585
2025-09-24 19:30:00,139.97999572753906,140.64500427246094,139.9600067138672,140.44000244140625,837438
2025-09-25 13:30:00,140.8699951171875,141.57000732421875,140.3000030517578,141.3000030517578,968542
2025-09-25 14:30:00,141.27499389648438,141.3000030517578,140.33999633789062,140.50999450683594,367685
2025-09-25 15:30:00,140.5,140.64199829101562,140.33999633789062,140.51499938964844,280634
2025-09-25 16:30:00,140.51499938964844,141.02499389648438,140.4600067138672,140.95010375976562,214935
2025-09-25 17:30:00,140.94500732421875,141.05999755859375,140.49000549316406,140.97500610351562,332454
2025-09-25 18:30:00,140.9600067138672,141.26416015625,140.84500122070312,141.25,416567
2025-09-25 19:30:00,141.22500610351562,141.50999450683594,141.2100067138672,141.4600067138672,559144
2025-09-26 13:30:00,141.86000061035156,142.10000610351562,141.5,142.04010009765625,493228
2025-09-26 14:30:00,142.0399932861328,142.42999267578125,141.9600067138672,142.42999267578125,301008
2025-09-26 15:30:00,142.42999267578125,142.5500030517578,142.1999969482422,142.4290008544922,275445
2025-09-26 16:30:00,142.41610717773438,143.0500030517578,142.39999389648438,142.99000549316406,241610
2025-09-26 17:30:00,143.00999450683594,143.05999755859375,142.43980407714844,142.7899932861328,331449
2025-09-26 18:30:00,142.8000030517578,143.13999938964844,142.77000427246094,143.10000610351562,447900
2025-09-26 19:30:00,143.05999755859375,143.22000122070312,142.9600067138672,143.1199951171875,692551
2025-09-29 13:30:00,143.19000244140625,143.38999938964844,142.1300048828125,142.14999389648438,560289
2025-09-29 14:30:00,142.14999389648438,142.8249969482422,142.0449981689453,142.52999877929688,491468
2025-09-29 15:30:00,142.52499389648438,142.87240600585938,142.47000122070312,142.61000061035156,323986
2025-09-29 16:30:00,142.63999938964844,142.92999267578125,142.5500030517578,142.6999969482422,227102
2025-09-29 17:30:00,142.6999969482422,143.08999633789062,142.67999267578125,143.08999633789062,228141
2025-09-29 18:30:00,143.07000732421875,143.21499633789062,143.02000427246094,143.2050018310547,334424
2025-09-29 19:30:00,143.2010040283203,143.64999389648438,143.2010040283203,143.52000427246094,868135
2025-09-30 13:30:00,143.30999755859375,144.7100067138672,143.30999755859375,144.47000122070312,930671
2025-09-30 14:30:00,144.49000549316406,144.64999389648438,144.02000427246094,144.60499572753906,1065134
2025-09-30 15:30:00,144.60499572753906,144.72479248046875,144.03500366210938,144.39500427246094,517944
2025-09-30 16:30:00,144.39500427246094,144.47999572753906,144.0,144.16299438476562,550701
2025-09-30 17:30:00,144.16000366210938,144.28500366210938,144.02999877929688,144.0926971435547,485779
2025-09-30 18:30:00,144.0850067138672,144.55999755859375,144.0050048828125,144.55499267578125,563000
2025-09-30 19:30:00,144.55499267578125,144.8300018310547,144.51499938964844,144.5399932861328,669294
2025-10-01 13:30:00,143.92999267578125,145.11500549316406,143.53500366210938,144.3699951171875,1836724
2025-10-01 14:30:00,144.3800048828125,144.9199981689453,144.1649932861328,144.84500122070312,829146
2025-10-01 15:30:00,144.85000610351562,145.0399932861328,144.2324981689453,144.5850067138672,1141363
2025-10-01 16:30:00,144.5749969482422,144.6750030517578,143.99000549316406,144.38999938964844,294420
2025-10-01 17:30:00,144.3800048828125,144.6300048828125,144.32000732421875,144.4600067138672,298544
2025-10-01 18:30:00,144.4600067138672,144.94000244140625,144.4550018310547,144.8800048828125,509929
2025-10-01 19:30:00,144.8800048828125,145.02499389648438,144.30999755859375,144.32000732421875,741337
2025-10-02 13:30:00,143.6699981689453,144.49000549316406,142.59890747070312,142.81399536132812,496572
2025-10-02 14:30:00,142.82000732421875,142.82000732421875,142.1999969482422,142.35000610351562,608772
2025-10-02 15:30:00,142.36000061035156,142.96249389648438,142.25999450683594,142.8000030517578,342023
2025-10-02 16:30:00,142.79739379882812,142.80999755859375,142.3300018310547,142.55999755859375,280277
2025-10-02 17:30:00,142.5800018310547,143.35499572753906,142.47000122070312,143.24000549316406,389177
2025-10-02 18:30:00,143.24000549316406,143.25,142.84500122070312,143.11900329589844,469361
2025-10-02 19:30:00,143.11500549316406,143.1199951171875,142.44000244140625,142.50999450683594,701552
2025-10-03 13:30:00,142.49000549316406,143.25,142.07000732421875,142.28500366210938,300454
2025-10-03 14:30:00,142.28500366210938,142.5500030517578,141.84500122070312,141.88999938964844,317150
2025-10-03 15:30:00,141.89999389648438,142.52999877929688,141.7899932861328,142.1699981689453,355014
2025-10-03 16:30:00,142.17999267578125,142.3800048828125,142.02999877929688,142.125,238079
2025-10-03 17:30:00,142.1199951171875,142.58599853515625,142.10000610351562,142.2100067138672,302384
2025-10-03 18:30:00,142.22500610351562,142.22500610351562,141.67999267578125,141.77000427246094,255297
2025-10-03 19:30:00,141.76499938964844,141.7899932861328,141.14999389648438,141.32000732421875,433970
2025-10-06 13:30:00,141.24000549316406,142.63499450683594,141.24000549316406,141.91000366210938,1454371
2025-10-06 14:30:00,141.9199981689453,142.83999633789062,141.9199981689453,142.5399932861328,438524
2025-10-06 15:30:00,142.58999633789062,142.67999267578125,142.2100067138672,142.50030517578125,305793
2025-10-06 16:30:00,142.51499938964844,142.63999938964844,142.32000732421875,142.6199951171875,257633
2025-10-06 17:30:00,142.6199951171875,142.9550018310547,142.52999877929688,142.87510681152344,353824
2025-10-06 18:30:00,142.89999389648438,143.12989807128906,142.6999969482422,143.0399932861328,557196
2025-10-06 19:30:00,143.02999877929688,143.63999938964844,143.02999877929688,143.11000061035156,1051288
2025-10-07 13:30:00,142.74000549316406,143.05499267578125,140.11000061035156,141.3000030517578,771860
2025-10-07 14:30:00,141.2949981689453,142.42999267578125,141.27000427246094,142.39999389648438,564222
2025-10-07 15:30:00,142.39500427246094,142.93499755859375,142.3800048828125,142.76499938964844,449754
2025-10-07 16:30:00,142.77000427246094,143.14999389648438,142.39999389648438,143.11990356445312,735811
2025-10-07 17:30:00,143.13999938964844,143.38999938964844,142.92999267578125,143.3300018310547,504760
2025-10-07 18:30:00,143.33999633789062,143.64999389648438,142.74000549316406,142.88499450683594,1501577
2025-10-07 19:30:00,142.88999938964844,143.08999633789062,142.58999633789062,142.6699981689453,1216981
2025-10-08 13:30:00,142.72000122070312,142.9499969482422,141.90499877929688,142.2100067138672,935473
2025-10-08 14:30:00,142.23280334472656,142.47999572753906,142.11000061035156,142.26499938964844,252145
2025-10-08 15:30:00,142.25999450683594,142.3800048828125,141.75999450683594,142.0399932861328,246442
2025-10-08 16:30:00,142.03500366210938,142.10000610351562,140.44000244140625,140.96510314941406,707385
2025-10-08 17:30:00,140.94000244140625,141.09959411621094,140.3800048828125,140.875,469384
2025-10-08 18:30:00,140.89999389648438,140.9149932861328,140.61500549316406,140.72000122070312,422729
2025-10-08 19:30:00,140.72000122070312,140.80999755859375,140.55999755859375,140.6999969482422,677332
2025-10-09 13:30:00,140.72999572753906,141.47000122070312,139.82000732421875,140.65499877929688,474237
2025-10-09 14:30:00,140.66250610351562,140.81500244140625,140.02999877929688,140.03500366210938,332574
2025-10-09 15:30:00,140.0500030517578,140.0800018310547,138.85000610351562,139.0449981689453,368263
2025-10-09 16:30:00,139.02000427246094,139.2698974609375,138.7899932861328,139.22000122070312,250867
2025-10-09 17:30:00,139.1999969482422,139.39999389648438,138.86000061035156,138.8800048828125,262961
2025-10-09 18:30:00,138.8699951171875,139.05499267578125,138.67999267578125,138.91000366210938,411667
2025-10-09 19:30:00,138.90269470214844,139.05499267578125,138.4499969482422,138.57000732421875,605298
2025-10-10 13:30:00,138.7100067138672,139.99000549316406,138.7100067138672,139.39999389648438,426498
2025-10-10 14:30:00,139.39999389648438,139.57000732421875,138.60499572753906,138.77000427246094,393024
2025-10-10 15:30:00,138.67999267578125,139.22999572753906,138.22500610351562,139.22500610351562,393810
2025-10-10 16:30:00,139.2191925048828,140.57000732421875,139.1999969482422,140.375,498951
2025-10-10 17:30:00,140.36000061035156,140.77499389648438,140.2169952392578,140.343994140625,378507
2025-10-10 18:30:00,140.32000732421875,140.82359313964844,140.0,140.5500030517578,486754
2025-10-10 19:30:00,140.55999755859375,141.06500244140625,140.30999755859375,140.3800048828125,771330
2025-10-13 13:30:00,140.22999572753906,141.90499877929688,139.77999877929688,141.0449981689453,451077
2025-10-13 14:30:00,141.0500030517578,141.32870483398438,140.5399932861328,140.7899932861328,353565
2025-10-13 15:30:00,140.7899932861328,140.97999572753906,140.66000366210938,140.71499633789062,302774
2025-10-13 16:30:00,140.74000549316406,141.5800018310547,140.74000549316406,141.32000732421875,358784
2025-10-13 17:30:00,141.32000732421875,141.7899932861328,141.07000732421875,141.74000549316406,346714
2025-10-13 18:30:00,141.75999450683594,141.83999633789062,141.0500030517578,141.35000610351562,399243
2025-10-13 19:30:00,141.33999633789062,141.57000732421875,141.24000549316406,141.3699951171875,767110
2025-10-14 13:30:00,141.41000366210938,143.7100067138672,141.16000366210938,143.47000122070312,577251
2025-10-14 14:30:00,143.4199981689453,143.44000244140625,142.64999389648438,142.8800048828125,400165
2025-10-14 15:30:00,142.8800048828125,143.4600067138672,142.8300018310547,143.08999633789062,522092
2025-10-14 16:30:00,143.09500122070312,144.1300048828125,143.09500122070312,144.0399932861328,476948
2025-10-14 17:30:00,144.02999877929688,144.36300659179688,143.86000061035156,144.13999938964844,385782
2025-10-14 18:30:00,144.13999938964844,144.1999969482422,143.88999938964844,144.01499938964844,487195
2025-10-14 19:30:00,144.02000427246094,144.1699981689453,143.47500610351562,144.08999633789062,754408
2025-10-15 13:30:00,144.00999450683594,146.46249389648438,144.00999450683594,146.00999450683594,726722
2025-10-15 14:30:00,145.97410583496094,146.00999450683594,144.6999969482422,144.9250030517578,520189
2025-10-15 15:30:00,144.88999938964844,145.34249877929688,144.72999572753906,145.3000030517578,749558
2025-10-15 16:30:00,145.27999877929688,145.2899932861328,144.35000610351562,144.7100067138672,910815
2025-10-15 17:30:00,144.7449951171875,145.16000366210938,144.62249755859375,145.11000061035156,337443
2025-10-15 18:30:00,145.10000610351562,145.27000427246094,144.61000061035156,144.67999267578125,446659
2025-10-15 19:30:00,144.70010375976562,145.1699981689453,144.625,145.1699981689453,741752
2025-10-16 13:30:00,145.26499938964844,145.26499938964844,143.07000732421875,143.35499572753906,458863
2025-10-16 14:30:00,143.3000030517578,143.50999450683594,143.06500244140625,143.10000610351562,311885
2025-10-16 15:30:00,143.0800018310547,143.19000244140625,142.39999389648438,142.47000122070312,384813
2025-10-16 16:30:00,142.42999267578125,142.8699951171875,142.14500427246094,142.73500061035156,244166
2025-10-16 17:30:00,142.73500061035156,142.80999755859375,142.0601043701172,142.47999572753906,232383
2025-10-16 18:30:00,142.49000549316406,142.97000122070312,142.24000549316406,142.8076934814453,391451
2025-10-16 19:30:00,142.82000732421875,142.8300018310547,142.39999389648438,142.5500030517578,522398
2025-10-17 13:30:00,143.0,143.8939971923828,142.64999389648438,143.8000030517578,554900
2025-10-17 14:30:00,143.79510498046875,144.07000732421875,143.4499969482422,143.7449951171875,286282
2025-10-17 15:30:00,143.77000427246094,144.36000061035156,143.74009704589844,144.2899932861328,457258
2025-10-17 16:30:00,144.30499267578125,144.36000061035156,143.63870239257812,143.82000732421875,361170
2025-10-17 17:30:00,143.85719299316406,144.35499572753906,143.6649932861328,144.3000030517578,210300
2025-10-17 18:30:00,144.32000732421875,144.4600067138672,143.97999572753906,144.0399932861328,271383
2025-10-17 19:30:00,144.03500366210938,144.13999938964844,143.77000427246094,143.80999755859375,451146
2025-10-20 13:30:00,143.9499969482422,144.375,142.5500030517578,143.24000549316406,327951
2025-10-20 14:30:00,143.19000244140625,143.5500030517578,142.81500244140625,143.1199951171875,472263
2025-10-20 15:30:00,143.10000610351562,143.2550048828125,142.75,143.1199951171875,263679
2025-10-20 16:30:00,143.1199951171875,143.4199981689453,143.02000427246094,143.1699981689453,559712
2025-10-20 17:30:00,143.1699981689453,143.33999633789062,142.99000549316406,143.22000122070312,217032
2025-10-20 18:30:00,143.21499633789062,143.57000732421875,143.0500030517578,143.5,322753
2025-10-20 19:30:00,143.49000549316406,143.57000732421875,143.2010040283203,143.3300018310547,414047
2025-10-21 13:30:00,143.17999267578125,143.8699951171875,142.6649932861328,143.81500244140625,468061
2025-10-21 14:30:00,143.84500122070312,144.15499877929688,143.6649932861328,143.72000122070312,214506
2025-10-21 15:30:00,143.6999969482422,143.8249969482422,143.49000549316406,143.72000122070312,253623
2025-10-21 16:30:00,143.72900390625,143.89999389648438,143.5449981689453,143.77000427246094,185671
2025-10-21 17:30:00,143.75999450683594,144.24000549316406,143.6768035888672,144.14500427246094,192864
2025-10-21 18:30:00,144.13999938964844,144.21499633789062,143.91000366210938,143.99249267578125,273812
2025-10-21 19:30:00,143.9949951171875,144.3000030517578,143.86000061035156,143.8699951171875,433883
2025-10-22 13:30:00,144.39999389648438,144.5399932861328,143.2949981689453,144.27499389648438,316955
2025-10-22 14:30:00,144.2100067138672,144.61500549316406,143.9600067138672,144.3350067138672,657693
2025-10-22 15:30:00,144.3350067138672,144.6199951171875,143.9199981689453,143.9600067138672,309879
2025-10-22 16:30:00,143.9499969482422,144.32000732421875,143.49000549316406,143.97999572753906,250992
2025-10-22 17:30:00,143.97000122070312,144.11000061035156,143.73089599609375,143.9600067138672,362384
2025-10-22 18:30:00,143.96499633789062,144.0,143.5,143.6049041748047,265742
2025-10-22 19:30:00,143.6199951171875,143.6300048828125,142.92999267578125,143.07000732421875,688976
2025-10-23 13:30:00,143.05999755859375,143.38999938964844,142.4600067138672,143.10499572753906,420396
2025-10-23 14:30:00,143.10499572753906,143.27999877929688,142.75999450683594,142.75999450683594,286441
2025-10-23 15:30:00,142.75,142.83999633789062,142.08999633789062,142.5500030517578,313357
2025-10-23 16:30:00,142.5449981689453,142.88999938964844,142.5449981689453,142.72000122070312,418738
2025-10-23 17:30:00,142.71060180664062,143.01499938964844,142.57000732421875,142.88999938964844,423541
2025-10-23 18:30:00,142.88999938964844,143.00999450683594,142.5749969482422,142.6199951171875,402952
2025-10-23 19:30:00,142.6199951171875,142.65499877929688,142.27999877929688,142.36000061035156,1156047
2025-10-24 13:30:00,142.77000427246094,142.97999572753906,142.10000610351562,142.27999877929688,497556
2025-10-24 14:30:00,142.25,142.74000549316406,142.11000061035156,142.63999938964844,319841
2025-10-24 15:30:00,142.64999389648438,142.99000549316406,142.41000366210938,142.56500244140625,249736
2025-10-24 16:30:00,142.55999755859375,142.8800048828125,142.4550018310547,142.60000610351562,290930
2025-10-24 17:30:00,142.60000610351562,142.63499450683594,142.3800048828125,142.4199981689453,220265
2025-10-24 18:30:00,142.41000366210938,142.63999938964844,142.19000244140625,142.43499755859375,352623
2025-10-24 19:30:00,142.41000366210938,142.46249389648438,141.83999633789062,141.88999938964844,526254
2025-10-27 13:30:00,142.5500030517578,143.1300048828125,142.2100067138672,142.2100067138672,492340
2025-10-27 14:30:00,142.27000427246094,142.6649932861328,142.08999633789062,142.4250030517578,346442
2025-10-27 15:30:00,142.4499969482422,143.02000427246094,142.36500549316406,142.97999572753906,277640
2025-10-27 16:30:00,143.00999450683594,143.5399932861328,142.77999877929688,142.94000244140625,454236
2025-10-27 17:30:00,142.94000244140625,143.05999755859375,142.85060119628906,142.94500732421875,264874
2025-10-27 18:30:00,142.97500610351562,143.27000427246094,142.9199981689453,143.17999267578125,317096
2025-10-27 19:30:00,143.17999267578125,143.3300018310547,142.98500061035156,143.25999450683594,541598
2025-10-28 13:30:00,142.82000732421875,143.35000610351562,142.2675018310547,142.8000030517578,404381
2025-10-28 14:30:00,142.83999633789062,143.22000122070312,142.68380737304688,142.9499969482422,371881
2025-10-28 15:30:00,142.9550018310547,143.0749969482422,142.67999267578125,143.06500244140625,289062
2025-10-28 16:30:00,143.06500244140625,143.84500122070312,142.99000549316406,143.4199981689453,399590
2025-10-28 17:30:00,143.4149932861328,143.66000366210938,143.3000030517578,143.30999755859375,259089
2025-10-28 18:30:00,143.30999755859375,143.92999267578125,143.30999755859375,143.88499450683594,384588
2025-10-28 19:30:00,143.88999938964844,144.0500030517578,143.57000732421875,144.02999877929688,592136
2025-10-29 13:30:00,143.57000732421875,143.8350067138672,142.89010620117188,142.9250030517578,447017
2025-10-29 14:30:00,142.9499969482422,143.01499938964844,142.4199981689453,142.6199951171875,275908
2025-10-29 15:30:00,142.60499572753906,142.95989990234375,142.4199981689453,142.6199951171875,271975
2025-10-29 16:30:00,142.58999633789062,142.86000061035156,142.55999755859375,142.63999938964844,241738
2025-10-29 17:30:00,142.6300048828125,142.89500427246094,142.4600067138672,142.88999938964844,216341
2025-10-29 18:30:00,142.89500427246094,142.89500427246094,141.50999450683594,141.52000427246094,628766
2025-10-29 19:30:00,141.5,141.75,140.86000061035156,141.75,914793
2025-10-30 13:30:00,141.61000061035156,143.47000122070312,141.39999389648438,142.9499969482422,673990
2025-10-30 14:30:00,142.99000549316406,143.3000030517578,142.75999450683594,142.9600067138672,376750
2025-10-30 15:30:00,142.95159912109375,143.11000061035156,142.8000030517578,142.9550018310547,310890
2025-10-30 16:30:00,142.94000244140625,143.4199981689453,142.83999633789062,143.35000610351562,293301
2025-10-30 17:30:00,143.3699951171875,143.49000549316406,143.0749969482422,143.34500122070312,351854
2025-10-30 18:30:00,143.3350067138672,143.4199981689453,142.66000366210938,142.8699951171875,437593
2025-10-30 19:30:00,142.8699951171875,142.96499633789062,142.2100067138672,142.3000030517578,674940
2025-10-31 13:30:00,141.6699981689453,142.05999755859375,141.02650451660156,141.27000427246094,544219
2025-10-31 14:30:00,141.30250549316406,141.5800018310547,140.6199951171875,141.13999938964844,380727
2025-10-31 15:30:00,141.13999938964844,141.13999938964844,140.14999389648438,140.27999877929688,437209
2025-10-31 16:30:00,140.26119995117188,140.32000732421875,139.8800048828125,139.8800048828125,369860
2025-10-31 17:30:00,139.86000061035156,140.47999572753906,139.7100067138672,140.30499267578125,506752
2025-10-31 18:30:00,140.30499267578125,140.42999267578125,140.02999877929688,140.27999877929688,433032
2025-10-31 19:30:00,140.27999877929688,140.5399932861328,140.02999877929688,140.1300048828125,882270
2025-11-03 14:30:00,140.3800048828125,140.72999572753906,138.81500244140625,139.09500122070312,615989
2025-11-03 15:30:00,139.09500122070312,139.77999877929688,139.07000732421875,139.7050018310547,493185
2025-11-03 16:30:00,139.6999969482422,139.875,139.24000549316406,139.36000061035156,361045
2025-11-03 17:30:00,139.35000610351562,139.72250366210938,139.19000244140625,139.6300048828125,322640
2025-11-03 18:30:00,139.6199951171875,139.98500061035156,139.4600067138672,139.9600067138672,446487
2025-11-03 19:30:00,139.9600067138672,140.1750030517578,139.5,139.875,538245
2025-11-03 20:30:00,139.8699951171875,140.4199981689453,139.73500061035156,140.4199981689453,852995
2025-11-04 14:30:00,139.80999755859375,141.3699951171875,139.75999450683594,140.52000427246094,653696
2025-11-04 15:30:00,140.49000549316406,140.49000549316406,140.05999755859375,140.44500732421875,397934
2025-11-04 16:30:00,140.44000244140625,141.0,140.44000244140625,140.6199951171875,274819
2025-11-04 17:30:00,140.60000610351562,141.25,140.4113006591797,140.88999938964844,291182
2025-11-04 18:30:00,140.88999938964844,141.2899932861328,140.86000061035156,141.16749572753906,291752
2025-11-04 19:30:00,141.13999938964844,141.74000549316406,141.09030151367188,141.66000366210938,476637
2025-11-04 20:30:00,141.6699981689453,142.10000610351562,141.58999633789062,142.07000732421875,605185
2025-11-05 14:30:00,141.74000549316406,143.15499877929688,141.36000061035156,142.9600067138672,801738
2025-11-05 15:30:00,142.92999267578125,143.49000549316406,142.57749938964844,143.3800048828125,872461
2025-11-05 16:30:00,143.38999938964844,145.0500030517578,143.38999938964844,144.99000549316406,668061
2025-11-05 17:30:00,144.98500061035156,145.5500030517578,144.93499755859375,145.2050018310547,382531
2025-11-05 18:30:00,145.2050018310547,145.27000427246094,144.2550048828125,144.43499755859375,367616
2025-11-05 19:30:00,144.47000122070312,144.47000122070312,142.36500549316406,143.5800018310547,953349
2025-11-05 20:30:00,143.5800018310547,144.32000732421875,143.5800018310547,143.6999969482422,950257
2025-11-06 14:30:00,143.38999938964844,143.99000549316406,141.85000610351562,142.43499755859375,583042
2025-11-06 15:30:00,142.45989990234375,143.5500030517578,142.4199981689453,142.84739685058594,464952
2025-11-06 16:30:00,142.8300018310547,143.16000366210938,142.69000244140625,143.13999938964844,292190
2025-11-06 17:30:00,143.13499450683594,143.1699981689453,142.1199951171875,142.4499969482422,250511
2025-11-06 18:30:00,142.4600067138672,143.1699981689453,142.3300018310547,143.0399932861328,275469
2025-11-06 19:30:00,143.04849243164062,143.50999450683594,142.94000244140625,143.44000244140625,417557
2025-11-06 20:30:00,143.4499969482422,144.02999877929688,143.30999755859375,143.75,1058195
2025-11-07 14:30:00,143.97000122070312,145.10989379882812,143.9250030517578,144.125,1587955
2025-11-07 15:30:00,144.10000610351562,144.52000427246094,143.86000061035156,144.1999969482422,327431
2025-11-07 16:30:00,144.19500732421875,144.44000244140625,144.00999450683594,144.1699981689453,698896
2025-11-07 17:30:00,144.14999389648438,144.5050048828125,143.9949951171875,144.32000732421875,227019
2025-11-07 18:30:00,144.3489990234375,144.47999572753906,143.33999633789062,144.3699951171875,637644
2025-11-07 19:30:00,144.3699951171875,144.75286865234375,144.3000946044922,144.63499450683594,402458
2025-11-07 20:30:00,144.63999938964844,144.6649932861328,144.25,144.625,690457
2025-11-10 14:30:00,144.11000061035156,145.5500030517578,143.7550048828125,145.33250427246094,509096
2025-11-10 15:30:00,145.33999633789062,145.80499267578125,145.0800018310547,145.42999267578125,346498
2025-11-10 16:30:00,145.4499969482422,145.9698944091797,145.3300018310547,145.9199981689453,298951
2025-11-10 17:30:00,145.9199981689453,146.2899932861328,145.88999938964844,146.11500549316406,322267
2025-11-10 18:30:00,146.11500549316406,146.4799041748047,145.9600067138672,146.40499877929688,256901
2025-11-10 19:30:00,146.40499877929688,146.85499572753906,146.27000427246094,146.77499389648438,352416
2025-11-10 20:30:00,146.77499389648438,146.92999267578125,146.46499633789062,146.7100067138672,525114
2025-11-11 14:30:00,147.19000244140625,147.58900451660156,146.10499572753906,146.17999267578125,491419
2025-11-11 15:30:00,146.19000244140625,146.28990173339844,145.77999877929688,145.9550018310547,232799
2025-11-11 16:30:00,145.94000244140625,146.11000061035156,145.6179962158203,145.9949951171875,229125
2025-11-11 17:30:00,145.97999572753906,146.27999877929688,145.85000610351562,146.24000549316406,260088
2025-11-11 18:30:00,146.2449951171875,146.3300018310547,145.77520751953125,146.2100067138672,242294
2025-11-11 19:30:00,146.18601989746094,146.2100067138672,145.7899932861328,145.9600067138672,454745
2025-11-11 20:30:00,145.9499969482422,146.1699981689453,145.77999877929688,146.16000366210938,526649
2025-11-12 14:30:00,146.66000366210938,146.74000549316406,144.92999267578125,145.94000244140625,796400
2025-11-12 15:30:00,145.91000366210938,146.9499053955078,145.84500122070312,146.6699981689453,455702
2025-11-12 16:30:00,146.6199951171875,147.27000427246094,146.4001007080078,147.1699981689453,295959
2025-11-12 17:30:00,147.1699981689453,147.5399932861328,147.05999755859375,147.35000610351562,339335
2025-11-12 18:30:00,147.3699951171875,147.9199981689453,147.25,147.88499450683594,470016
2025-11-12 19:30:00,147.85000610351562,148.11000061035156,147.72000122070312,148.09500122070312,456162
2025-11-12 20:30:00,148.0800018310547,148.0800018310547,147.3300018310547,147.63499450683594,1118343
2025-11-13 14:30:00,146.97000122070312,147.9199981689453,146.33999633789062,147.55999755859375,634786
2025-11-13 15:30:00,147.55999755859375,147.66000366210938,146.74000549316406,147.19000244140625,430132
2025-11-13 16:30:00,147.13999938964844,147.35000610351562,146.80999755859375,147.3300018310547,311610
2025-11-13 17:30:00,147.2949981689453,147.58999633789062,147.11000061035156,147.5800018310547,276526
2025-11-13 18:30:00,147.55499267578125,147.66000366210938,147.0500030517578,147.1999969482422,295834
2025-11-13 19:30:00,147.2010040283203,147.22000122070312,146.4521026611328,146.5800018310547,394721
2025-11-13 20:30:00,146.55999755859375,146.72500610351562,146.25,146.4199981689453,660175
2025-11-14 14:30:00,146.16000366210938,147.6999969482422,145.4250030517578,146.36000061035156,768583
2025-11-14 15:30:00,146.31500244140625,146.97000122070312,145.97500610351562,146.5399932861328,341602
2025-11-14 16:30:00,146.49899291992188,146.97779846191406,146.2700958251953,146.83999633789062,228210
2025-11-14 17:30:00,146.82000732421875,146.83999633789062,146.14210510253906,146.27999877929688,264175
2025-11-14 18:30:00,146.2635955810547,146.6300048828125,146.19000244140625,146.60699462890625,265411
2025-11-14 19:30:00,146.60000610351562,146.76499938964844,146.3699951171875,146.47500610351562,362359
2025-11-14 20:30:00,146.4499969482422,146.63999938964844,145.9929962158203,146.0800018310547,806591
2025-11-17 14:30:00,146.16000366210938,147.0,145.67999267578125,146.4499969482422,2503660
2025-11-17 15:30:00,146.44000244140625,146.61000061035156,145.75999450683594,146.0500030517578,440245
2025-11-17 16:30:00,146.06500244140625,146.5800018310547,146.02999877929688,146.35009765625,580650
2025-11-17 17:30:00,146.42999267578125,146.4499969482422,145.84500122070312,145.94149780273438,392356
2025-11-17 18:30:00,145.94000244140625,146.0800018310547,145.3800048828125,145.5,474669
2025-11-17 19:30:00,145.49000549316406,145.60000610351562,144.75999450683594,145.5399932861328,561221
2025-11-17 20:30:00,145.5800018310547,145.5800018310547,145.06500244140625,145.19000244140625,908115
2025-11-18 14:30:00,144.25,146.1999969482422,143.8155059814453,145.63999938964844,2215186
2025-11-18 15:30:00,145.67999267578125,146.389892578125,145.44000244140625,146.3300018310547,633776
2025-11-18 16:30:00,146.31500244140625,146.38999938964844,145.44500732421875,145.46499633789062,648990
2025-11-18 17:30:00,145.46249389648438,146.30999755859375,145.25,146.2899932861328,599684
2025-11-18 18:30:00,146.3000030517578,146.71499633789062,146.24000549316406,146.60000610351562,635075
2025-11-18 19:30:00,146.59500122070312,146.85000610351562,146.22999572753906,146.27000427246094,834021
2025-11-18 20:30:00,146.2698974609375,146.30999755859375,145.61000061035156,145.63999938964844,1356670
2025-11-19 14:30:00,150.5,151.0,144.66000366210938,147.36000061035156,2228444
2025-11-19 15:30:00,147.3699951171875,147.3699951171875,145.08999633789062,145.2949981689453,894157
2025-11-19 16:30:00,145.2949981689453,146.14500427246094,144.8800048828125,145.75,727456
2025-11-19 17:30:00,145.75,146.82650756835938,145.61000061035156,146.74000549316406,636251
2025-11-19 18:30:00,146.74000549316406,146.99000549316406,145.39999389648438,145.4429931640625,807775
2025-11-19 19:30:00,145.47000122070312,146.36000061035156,145.1999969482422,146.16690063476562,722855
2025-11-19 20:30:00,146.16000366210938,146.5850067138672,145.55499267578125,145.80499267578125,1077427
2025-11-20 14:30:00,146.25,149.22999572753906,145.94000244140625,149.13499450683594,1625536
2025-11-20 15:30:00,149.13499450683594,149.22999572753906,148.1999969482422,148.77000427246094,832552
2025-11-20 16:30:00,148.77000427246094,148.9499969482422,147.58999633789062,148.05999755859375,664449
2025-11-20 17:30:00,148.10499572753906,148.4199981689453,147.75999450683594,148.2899932861328,618770
2025-11-20 18:30:00,148.25999450683594,148.4499969482422,147.4199981689453,148.44000244140625,518846
2025-11-20 19:30:00,148.4499969482422,148.99989318847656,148.29989624023438,148.77000427246094,729308
2025-11-20 20:30:00,148.77999877929688,149.0,148.0399932861328,148.0800018310547,984769
2025-11-21 14:30:00,149.05499267578125,151.8249969482422,148.82000732421875,151.6199951171875,1953930
2025-11-21 15:30:00,151.5800018310547,152.0,151.10000610351562,151.55499267578125,891138
2025-11-21 16:30:00,151.5800018310547,152.3249969482422,151.4600067138672,151.7100067138672,1219979
2025-11-21 17:30:00,151.75,151.8000030517578,151.1300048828125,151.64500427246094,597907
2025-11-21 18:30:00,151.6199951171875,152.33999633789062,151.5500030517578,152.19500732421875,495865
2025-11-21 19:30:00,152.1699981689453,152.5800018310547,151.75,151.77999877929688,651473
2025-11-21 20:30:00,151.77499389648438,152.0449981689453,151.3699951171875,151.4600067138672,1181593
2025-11-24 14:30:00,151.5,151.7165069580078,149.32000732421875,149.57000732421875,1158547
2025-11-24 15:30:00,149.57000732421875,150.3699951171875,149.3300018310547,150.22000122070312,901198
2025-11-24 16:30:00,150.22999572753906,150.58999633789062,149.8699951171875,150.47999572753906,785509
2025-11-24 17:30:00,150.48060607910156,150.58999633789062,150.00999450683594,150.53500366210938,459818
2025-11-24 18:30:00,150.52000427246094,150.6199951171875,150.18499755859375,150.3249969482422,381770
2025-11-24 19:30:00,150.32000732421875,150.32989501953125,149.7899932861328,150.1157989501953,760162
2025-11-24 20:30:00,150.10000610351562,150.27499389648438,148.5,148.8249969482422,1392589
2025-11-25 14:30:00,148.8699951171875,151.50999450683594,148.41000366210938,151.2050018310547,1002678
2025-11-25 15:30:00,151.17999267578125,152.4199981689453,151.10000610351562,152.41000366210938,624493
2025-11-25 16:30:00,152.39999389648438,153.02000427246094,152.30499267578125,152.4949951171875,502559
2025-11-25 17:30:00,152.47999572753906,152.72000122070312,152.2187957763672,152.5800018310547,371602
2025-11-25 18:30:00,152.57000732421875,152.7899932861328,152.41000366210938,152.60000610351562,371008
2025-11-25 19:30:00,152.61700439453125,152.80999755859375,151.9199981689453,152.00599670410156,658669
2025-11-25 20:30:00,151.97000122070312,152.47000122070312,151.96200561523438,152.41000366210938,779323
2025-11-26 14:30:00,152.99000549316406,153.61000061035156,151.9499969482422,153.52000427246094,766854
2025-11-26 15:30:00,153.52000427246094,154.05499267578125,153.30499267578125,153.9459991455078,493941
2025-11-26 16:30:00,153.91510009765625,154.5399932861328,153.91000366210938,154.40499877929688,389765
2025-11-26 17:30:00,154.40499877929688,154.66400146484375,154.02000427246094,154.02830505371094,387492
2025-11-26 18:30:00,154.00999450683594,154.0399932861328,153.39999389648438,153.68820190429688,372125
2025-11-26 19:30:00,153.68499755859375,153.72000122070312,153.24000549316406,153.39280700683594,437705
2025-11-26 20:30:00,153.39999389648438,153.5800018310547,153.1199951171875,153.1199951171875,497208
2025-11-28 14:30:00,152.89999389648438,153.05999755859375,152.1300048828125,152.875,548763
2025-11-28 15:30:00,152.85000610351562,152.97000122070312,152.27999877929688,152.3800048828125,413345
2025-11-28 16:30:00,152.38999938964844,152.55999755859375,151.63499450683594,151.7100067138672,402033
2025-12-01 14:30:00,151.5,151.75,150.71359252929688,151.6011962890625,455190
2025-12-01 15:30:00,151.5850067138672,152.4600067138672,151.55999755859375,152.3699951171875,431481
2025-12-01 16:30:00,152.3699951171875,152.6199951171875,152.1300048828125,152.1300048828125,329176
2025-12-01 17:30:00,152.14500427246094,152.69000244140625,152.05999755859375,152.69000244140625,328576
2025-12-01 18:30:00,152.68499755859375,152.74000549316406,151.75010681152344,151.77999877929688,319468
2025-12-01 19:30:00,151.7550048828125,151.85000610351562,151.30999755859375,151.49000549316406,473131
2025-12-01 20:30:00,151.49000549316406,151.51499938964844,150.91000366210938,151.19500732421875,808871
2025-12-02 14:30:00,151.69000244140625,151.74000549316406,149.41000366210938,149.5800018310547,546915
2025-12-02 15:30:00,149.55999755859375,150.3350067138672,149.47999572753906,149.9499969482422,593155
2025-12-02 16:30:00,149.92999267578125,150.19000244140625,149.8800048828125,150.1199951171875,394680
2025-12-02 17:30:00,150.1199951171875,150.24000549316406,149.6999969482422,149.88999938964844,603841
2025-12-02 18:30:00,149.88999938964844,149.9600067138672,149.6501007080078,149.9199981689453,328020
2025-12-02 19:30:00,149.89999389648438,150.27000427246094,149.88999938964844,150.11500549316406,411229
2025-12-02 20:30:00,150.11500549316406,150.38999938964844,150.0,150.02999877929688,724630
2025-12-03 14:30:00,150.3699951171875,150.9199981689453,149.65499877929688,150.78250122070312,635515
2025-12-03 15:30:00,150.80999755859375,150.97999572753906,150.32000732421875,150.57000732421875,297114
2025-12-03 16:30:00,150.5800018310547,150.77610778808594,150.4600067138672,150.7550048828125,225777
2025-12-03 17:30:00,150.77000427246094,150.79119873046875,150.49740600585938,150.52569580078125,185299
2025-12-03 18:30:00,150.5399932861328,150.6199951171875,150.2050018310547,150.2100067138672,285906
2025-12-03 19:30:00,150.27000427246094,150.4149932861328,150.1649932861328,150.2082977294922,318901
2025-12-03 20:30:00,150.21499633789062,150.52000427246094,150.02000427246094,150.07000732421875,638096
2025-12-04 14:30:00,150.08999633789062,150.92999267578125,150.05999755859375,150.5399932861328,565177
2025-12-04 15:30:00,150.50999450683594,151.30999755859375,150.50999450683594,150.7949981689453,396696
2025-12-04 16:30:00,150.7949981689453,150.8699951171875,150.30999755859375,150.55999755859375,320125
2025-12-04 17:30:00,150.55999755859375,150.9550018310547,150.49000549316406,150.8800048828125,292235
2025-12-04 18:30:00,150.85000610351562,150.8800048828125,150.2100067138672,150.3350067138672,296110
2025-12-04 19:30:00,150.3350067138672,150.5800018310547,150.1199951171875,150.1999969482422,380562
2025-12-04 20:30:00,150.19500732421875,150.36500549316406,150.09500122070312,150.3300018310547,602036
2025-12-05 14:30:00,150.0800018310547,150.6999053955078,149.94500732421875,150.3800048828125,639235
2025-12-05 15:30:00,150.38999938964844,151.2799072265625,150.33999633789062,151.25,350823
2025-12-05 16:30:00,151.24000549316406,152.05999755859375,151.24000549316406,151.97999572753906,479589
2025-12-05 17:30:00,151.99000549316406,152.3699951171875,151.76800537109375,152.3249969482422,346045
2025-12-05 18:30:00,152.32000732421875,152.5117950439453,152.10000610351562,152.35000610351562,333810
2025-12-05 19:30:00,152.3800048828125,152.7050018310547,152.17010498046875,152.63999938964844,506533
2025-12-05 20:30:00,152.6300048828125,153.3300018310547,152.4949951171875,153.25,1085372
2025-12-08 14:30:00,153.25,154.43499755859375,152.8000946044922,154.0800018310547,874980
2025-12-08 15:30:00,154.02499389648438,154.11000061035156,152.8800048828125,153.02000427246094,694984
2025-12-08 16:30:00,153.03500366210938,153.52999877929688,152.8300018310547,153.2449951171875,608530
2025-12-08 17:30:00,153.2449951171875,153.6300048828125,153.13999938964844,153.3699951171875,438908
2025-12-08 18:30:00,153.36000061035156,153.89999389648438,153.25999450683594,153.77000427246094,436397
2025-12-08 19:30:00,153.75,153.97000122070312,153.62010192871094,153.7899932861328,529033
2025-12-08 20:30:00,153.77999877929688,153.92999267578125,153.3699951171875,153.72500610351562,809785
2025-12-09 14:30:00,153.52999877929688,154.05999755859375,153.0500030517578,153.86000061035156,585146
2025-12-09 15:30:00,153.8699951171875,154.05999755859375,153.27000427246094,153.664794921875,477814
2025-12-09 16:30:00,153.67999267578125,153.75,153.0500030517578,153.1824951171875,442631
2025-12-09 17:30:00,153.18350219726562,153.41000366210938,153.06500244140625,153.1699981689453,399175
2025-12-09 18:30:00,153.1699981689453,153.39999389648438,153.02000427246094,153.23500061035156,480878
2025-12-09 19:30:00,153.24000549316406,153.47000122070312,153.02000427246094,153.25,605589
2025-12-09 20:30:00,153.24000549316406,153.78500366210938,153.16000366210938,153.69000244140625,900505
2025-12-10 14:30:00,155.0800018310547,155.76499938964844,154.8699951171875,155.32000732421875,812691
2025-12-10 15:30:00,155.32000732421875,155.9199981689453,154.91000366210938,155.83999633789062,524815
2025-12-10 16:30:00,155.83999633789062,155.97999572753906,155.6649932861328,155.86500549316406,406018
2025-12-10 17:30:00,155.88499450683594,155.9199981689453,155.42999267578125,155.59800720214844,365976
2025-12-10 18:30:00,155.63999938964844,155.80499267578125,155.39999389648438,155.5500030517578,513420
2025-12-10 19:30:00,155.5399932861328,156.39999389648438,155.47000122070312,155.75999450683594,927410
2025-12-10 20:30:00,155.7449951171875,155.94000244140625,155.49000549316406,155.67999267578125,965700
2025-12-11 14:30:00,156.27999877929688,157.52499389648438,155.82000732421875,157.47000122070312,591374
2025-12-11 15:30:00,157.42999267578125,157.72000122070312,157.05999755859375,157.0814971923828,401906
2025-12-11 16:30:00,157.08999633789062,157.27000427246094,156.77000427246094,157.05499267578125,263389
2025-12-11 17:30:00,157.05499267578125,157.10000610351562,156.25,156.27000427246094,494814
2025-12-11 18:30:00,156.27000427246094,156.4011993408203,155.4600067138672,155.72000122070312,453749
2025-12-11 19:30:00,155.6999969482422,155.75,155.30999755859375,155.5500030517578,494702
2025-12-11 20:30:00,155.5500030517578,155.69000244140625,155.2100067138672,155.60000610351562,809079
2025-12-12 14:30:00,156.08999633789062,157.13999938964844,155.90499877929688,155.97000122070312,579884
2025-12-12 15:30:00,155.97000122070312,156.69000244140625,155.60000610351562,156.6649932861328,724013
2025-12-12 16:30:00,156.61000061035156,157.02000427246094,156.52000427246094,156.7899932861328,271360
2025-12-12 17:30:00,156.7899932861328,156.8800048828125,156.33999633789062,156.4600067138672,241841
2025-12-12 18:30:00,156.4199981689453,156.4250030517578,155.860107421875,156.0,279827
2025-12-12 19:30:00,156.0,156.5220947265625,155.92999267578125,156.21009826660156,372663
2025-12-12 20:30:00,156.17999267578125,156.27000427246094,155.8699951171875,156.16000366210938,697589
2025-12-15 14:30:00,156.2100067138672,157.25999450683594,155.92999267578125,156.4799041748047,863503
2025-12-15 15:30:00,156.41000366210938,157.33999633789062,156.22999572753906,156.2449951171875,545580
2025-12-15 16:30:00,156.2449951171875,156.3594970703125,156.00999450683594,156.17999267578125,276896
2025-12-15 17:30:00,156.1750030517578,156.35000610351562,155.92999267578125,156.10499572753906,356090
2025-12-15 18:30:00,156.1199951171875,156.5399932861328,156.0749969482422,156.5399932861328,368137
2025-12-15 19:30:00,156.55999755859375,157.05499267578125,156.47000122070312,156.52999877929688,484289
2025-12-15 20:30:00,156.52999877929688,156.99000549316406,156.52999877929688,156.67999267578125,720146
2025-12-16 14:30:00,157.0399932861328,157.8249969482422,156.14999389648438,156.22000122070312,680655
2025-12-16 15:30:00,156.2449951171875,156.89990234375,155.69000244140625,155.89999389648438,377634
2025-12-16 16:30:00,155.88999938964844,156.2436981201172,155.72000122070312,155.9499969482422,363761
2025-12-16 17:30:00,155.93499755859375,155.9915008544922,155.39999389648438,155.4149932861328,195269
2025-12-16 18:30:00,155.42999267578125,155.9199981689453,155.16000366210938,155.5399932861328,351928
2025-12-16 19:30:00,155.57000732421875,155.6699981689453,155.41000366210938,155.44000244140625,351484
2025-12-16 20:30:00,155.44000244140625,155.8800048828125,155.00999450683594,155.10000610351562,600951
2025-12-17 14:30:00,155.55999755859375,155.75999450683594,154.61000061035156,155.00999450683594,488509
2025-12-17 15:30:00,155.07000732421875,155.78500366210938,154.94000244140625,155.55999755859375,313333
2025-12-17 16:30:00,155.57000732421875,155.8699951171875,155.25999450683594,155.52000427246094,241914
2025-12-17 17:30:00,155.48500061035156,155.6999969482422,155.33999633789062,155.44500732421875,167200
2025-12-17 18:30:00,155.42999267578125,155.6999969482422,155.32000732421875,155.61000061035156,252030
2025-12-17 19:30:00,155.60499572753906,155.8231964111328,155.33999633789062,155.36000061035156,253425
2025-12-17 20:30:00,155.3800048828125,155.67999267578125,155.27999877929688,155.66000366210938,455231
2025-12-18 14:30:00,155.61000061035156,156.82000732421875,155.27149963378906,156.66000366210938,674663
2025-12-18 15:30:00,156.69000244140625,156.9199981689453,155.72000122070312,155.88999938964844,583652
2025-12-18 16:30:00,155.8699951171875,155.9499969482422,155.10000610351562,155.39999389648438,387567
2025-12-18 17:30:00,155.35000610351562,155.74000549316406,155.1699981689453,155.61000061035156,306310
2025-12-18 18:30:00,155.63999938964844,155.80999755859375,155.1199951171875,155.22999572753906,270725
2025-12-18 19:30:00,155.22999572753906,155.31500244140625,154.99000549316406,154.9949951171875,344687
2025-12-18 20:30:00,155.00999450683594,155.41000366210938,154.66000366210938,154.875,668023
2025-12-19 14:30:00,155.13999938964844,155.42539978027344,154.39999389648438,154.6699981689453,1971781
2025-12-19 15:30:00,154.6699981689453,155.10000610351562,154.60000610351562,154.6999969482422,397879
2025-12-19 16:30:00,154.6999969482422,154.8300018310547,154.22500610351562,154.5800018310547,353538
2025-12-19 17:30:00,154.60000610351562,154.80999755859375,154.23500061035156,154.6750030517578,394575
2025-12-19 18:30:00,154.67999267578125,154.72000122070312,154.32000732421875,154.625,459906
2025-12-19 19:30:00,154.625,154.73500061035156,154.43499755859375,154.625,634521
2025-12-19 20:30:00,154.6199951171875,154.8090057373047,154.14999389648438,154.58999633789062,927031
2025-12-22 14:30:00,154.52000427246094,155.9149932861328,154.14999389648438,155.3300018310547,484543
2025-12-22 15:30:00,155.3350067138672,156.00999450683594,155.22999572753906,155.8800048828125,291798
2025-12-22 16:30:00,155.89999389648438,156.1750030517578,155.85000610351562,156.08999633789062,424647
2025-12-22 17:30:00,156.1199951171875,156.5399932861328,156.08999633789062,156.21800231933594,200732
2025-12-22 18:30:00,156.1999969482422,156.3699951171875,155.9499969482422,156.1199951171875,233976
2025-12-22 19:30:00,156.14999389648438,156.47999572753906,156.07000732421875,156.44000244140625,275897
2025-12-22 20:30:00,156.4600067138672,156.6199951171875,156.3699951171875,156.55499267578125,485848
2025-12-23 14:30:00,156.8800048828125,157.15989685058594,155.61000061035156,155.9250030517578,336002
2025-12-23 15:30:00,155.9499969482422,156.18499755859375,155.7899932861328,155.81500244140625,171818
2025-12-23 16:30:00,155.81900024414062,156.0847930908203,155.74000549316406,156.07400512695312,191903
2025-12-23 17:30:00,156.1199951171875,156.3699951171875,155.97999572753906,156.2949981689453,128134
2025-12-23 18:30:00,156.3300018310547,156.33999633789062,156.05999755859375,156.25,159488
2025-12-23 19:30:00,156.25999450683594,156.3000030517578,155.86000061035156,155.8699951171875,266736
2025-12-23 20:30:00,155.8699951171875,155.97000122070312,155.75,155.8699951171875,655641
2025-12-24 14:30:00,155.92999267578125,157.22999572753906,155.9199981689453,157.13999938964844,325261
2025-12-24 15:30:00,157.10279846191406,157.3300018310547,156.88999938964844,157.30999755859375,303525
2025-12-24 16:30:00,157.3300018310547,157.4499969482422,157.1226043701172,157.21499633789062,240879
2025-12-26 14:30:00,157.0,157.75999450683594,156.89500427246094,157.35000610351562,232377
2025-12-26 15:30:00,157.3000030517578,157.38499450683594,156.96249389648438,157.02999877929688,127302
2025-12-26 16:30:00,157.02999877929688,157.27000427246094,156.9199981689453,157.25799560546875,177713
2025-12-26 17:30:00,157.25999450683594,157.25999450683594,156.9499969482422,156.97999572753906,131954
2025-12-26 18:30:00,156.99000549316406,157.11500549316406,156.69000244140625,156.8000030517578,182320
2025-12-26 19:30:00,156.8000030517578,157.0399932861328,156.8000030517578,156.9199981689453,168109
2025-12-26 20:30:00,156.91000366210938,157.1999969482422,156.8300018310547,157.07000732421875,271766
2025-12-29 14:30:00,156.83999633789062,157.57000732421875,156.14999389648438,156.69000244140625,627607
2025-12-29 15:30:00,156.69000244140625,156.75999450683594,156.3000030517578,156.38999938964844,318308
2025-12-29 16:30:00,156.3699951171875,156.39999389648438,156.0500030517578,156.13999938964844,232529
2025-12-29 17:30:00,156.13999938964844,156.5050048828125,156.0449981689453,156.5,212061
2025-12-29 18:30:00,156.50999450683594,156.70359802246094,156.08599853515625,156.2100067138672,270437
2025-12-29 19:30:00,156.1999969482422,156.55999755859375,156.02999877929688,156.3300018310547,317413
2025-12-29 20:30:00,156.34800720214844,156.6199951171875,156.30999755859375,156.4739990234375,443001
2025-12-30 14:30:00,155.8000030517578,156.4949951171875,155.13999938964844,155.26499938964844,399068
2025-12-30 15:30:00,155.26499938964844,155.32000732421875,155.07000732421875,155.22999572753906,284027
2025-12-30 16:30:00,155.23500061035156,155.38999938964844,155.0399932861328,155.1750030517578,230666
2025-12-30 17:30:00,155.1750030517578,155.49000549316406,155.0800018310547,155.46499633789062,213716
2025-12-30 18:30:00,155.45770263671875,155.5050048828125,155.33999633789062,155.4810028076172,196401
2025-12-30 19:30:00,155.49000549316406,155.66000366210938,155.2100067138672,155.3000030517578,357525
2025-12-30 20:30:00,155.3000030517578,155.46499633789062,155.27999877929688,155.35000610351562,444130
2025-12-31 14:30:00,155.14999389648438,155.91000366210938,154.77000427246094,154.8498992919922,278851
2025-12-31 15:30:00,154.84100341796875,154.875,154.49000549316406,154.57000732421875,219464
2025-12-31 16:30:00,154.57000732421875,154.7698974609375,154.5399932861328,154.61000061035156,221057
2025-12-31 17:30:00,154.61000061035156,154.6699981689453,154.47999572753906,154.60000610351562,154873
2025-12-31 18:30:00,154.60499572753906,154.6750030517578,154.49000549316406,154.5,221025
2025-12-31 19:30:00,154.50999450683594,154.5500030517578,154.0800018310547,154.13999938964844,263924
2025-12-31 20:30:00,154.13299560546875,154.25,153.5800018310547,153.6300048828125,496828
2026-01-02 14:30:00,153.25,153.61000061035156,152.0500030517578,152.38999938964844,839328
2026-01-02 15:30:00,152.38499450683594,153.19000244140625,152.38009643554688,153.09500122070312,304590
2026-01-02 16:30:00,153.11000061035156,153.57000732421875,152.96499633789062,153.27499389648438,279759
2026-01-02 17:30:00,153.2899932861328,153.30999755859375,152.83999633789062,152.99000549316406,236540
2026-01-02 18:30:00,152.97999572753906,153.66000366210938,152.8000030517578,153.66000366210938,268104
2026-01-02 19:30:00,153.65499877929688,153.85000610351562,153.5749969482422,153.7100067138672,341153
2026-01-02 20:30:00,153.6999969482422,154.35000610351562,153.6300048828125,154.27000427246094,622015
2026-01-05 14:30:00,154.0,154.75999450683594,152.8800048828125,154.16000366210938,842398
2026-01-05 15:30:00,154.19000244140625,154.72000122070312,154.10000610351562,154.5,610137
2026-01-05 16:30:00,154.49000549316406,155.0198974609375,154.30499267578125,154.72000122070312,498048
2026-01-05 17:30:00,154.72000122070312,154.80999755859375,154.20289611816406,154.25,377312
2026-01-05 18:30:00,154.25,154.25999450683594,153.7100067138672,153.85499572753906,480953
2026-01-05 19:30:00,153.85499572753906,153.9499969482422,153.49000549316406,153.60899353027344,491665
2026-01-05 20:30:00,153.61000061035156,153.97000122070312,153.5800018310547,153.83999633789062,684141
2026-01-06 14:30:00,152.51499938964844,153.5500030517578,152.1300048828125,153.44500732421875,703206
2026-01-06 15:30:00,153.64999389648438,154.08999633789062,153.0800018310547,153.80999755859375,743975
2026-01-06 16:30:00,153.78990173339844,154.38999938964844,153.77999877929688,154.38999938964844,629437
2026-01-06 17:30:00,154.3000030517578,154.75,153.88999938964844,154.47500610351562,684854
2026-01-06 18:30:00,154.44000244140625,154.82000732421875,154.3300018310547,154.52999877929688,367366
2026-01-06 19:30:00,154.5399932861328,154.6699981689453,154.39500427246094,154.42999267578125,498560
2026-01-06 20:30:00,154.3800048828125,154.3800048828125,153.89999389648438,153.9199981689453,679236
2026-01-07 14:30:00,154.3699951171875,154.94000244140625,153.3249969482422,154.25,759451
2026-01-07 15:30:00,154.25999450683594,155.01499938964844,154.1999969482422,154.89999389648438,475152
2026-01-07 16:30:00,154.94000244140625,155.47000122070312,154.8300018310547,155.44500732421875,420798
2026-01-07 17:30:00,155.4600067138672,155.4949951171875,154.86000061035156,155.01499938964844,372939
2026-01-07 18:30:00,155.01499938964844,155.44601440429688,154.9600067138672,155.1925048828125,448970
2026-01-07 19:30:00,155.1699981689453,155.5399932861328,154.9499969482422,155.12289428710938,444359
2026-01-07 20:30:00,155.10000610351562,155.11500549316406,154.02000427246094,154.05499267578125,933508
2026-01-08 14:30:00,154.39999389648438,157.27999877929688,153.4199981689453,157.1199951171875,655654
2026-01-08 15:30:00,157.1199951171875,157.7100067138672,157.10499572753906,157.6699981689453,493926
2026-01-08 16:30:00,157.69000244140625,158.24000549316406,157.55999755859375,157.76400756835938,621994
2026-01-08 17:30:00,157.8000030517578,158.14500427246094,157.7100067138672,157.7899932861328,358332
2026-01-08 18:30:00,157.8083038330078,158.0500030517578,157.42999267578125,157.6750030517578,367177
2026-01-08 19:30:00,157.6750030517578,158.5500030517578,157.5399932861328,157.60000610351562,1457609
2026-01-08 20:30:00,157.61000061035156,158.27999877929688,157.61000061035156,158.25,876400
2026-01-09 14:30:00,158.14999389648438,159.47999572753906,157.3000030517578,159.13499450683594,1382905
2026-01-09 15:30:00,159.1999969482422,159.2550048828125,158.23500061035156,158.23500061035156,383437
2026-01-09 16:30:00,158.1999969482422,158.4571075439453,157.8509979248047,158.40499877929688,372893
2026-01-09 17:30:00,158.40499877929688,158.55999755859375,158.21499633789062,158.41000366210938,319634
2026-01-09 18:30:00,158.4250030517578,158.65499877929688,158.19000244140625,158.23500061035156,347672
2026-01-09 19:30:00,158.2100067138672,158.4600067138672,157.83999633789062,158.4040069580078,384305
2026-01-09 20:30:00,158.41000366210938,158.4499969482422,157.8000030517578,157.8000030517578,617023
2026-01-12 14:30:00,157.7100067138672,158.56500244140625,157.22500610351562,158.2899932861328,622565
2026-01-12 15:30:00,158.33999633789062,158.75999450683594,158.15499877929688,158.15499877929688,431658
2026-01-12 16:30:00,158.16000366210938,158.2209930419922,157.39999389648438,157.42999267578125,312262
2026-01-12 17:30:00,157.42999267578125,157.52999877929688,156.8000030517578,157.5135955810547,451919
2026-01-12 18:30:00,157.4709930419922,157.52999877929688,157.2100067138672,157.4149932861328,457515
2026-01-12 19:30:00,157.39999389648438,157.9199981689453,157.13999938964844,157.13999938964844,458731
2026-01-12 20:30:00,157.13999938964844,157.27999877929688,156.91000366210938,157.07000732421875,850921
2026-01-13 14:30:00,156.8800048828125,157.49000549316406,156.28500366210938,157.24000549316406,487086
2026-01-13 15:30:00,157.2100067138672,157.26499938964844,156.85499572753906,157.1199951171875,362822
2026-01-13 16:30:00,157.10000610351562,157.27000427246094,156.97500610351562,157.05140686035156,335105
2026-01-13 17:30:00,157.0500030517578,157.5500030517578,156.9199981689453,157.19000244140625,393798
2026-01-13 18:30:00,157.1699981689453,157.57000732421875,157.08999633789062,157.2899932861328,249014
2026-01-13 19:30:00,157.27499389648438,157.57989501953125,157.2093048095703,157.49000549316406,269268
2026-01-13 20:30:00,157.50999450683594,158.16000366210938,157.3800048828125,158.11000061035156,686433
2026-01-14 14:30:00,157.75,158.11000061035156,155.91000366210938,156.02000427246094,679543
2026-01-14 15:30:00,156.0500030517578,156.9199981689453,155.89999389648438,156.49000549316406,466093
2026-01-14 16:30:00,156.50990295410156,156.63999938964844,156.10000610351562,156.27000427246094,330084
2026-01-14 17:30:00,156.22999572753906,156.33999633789062,155.27000427246094,155.27000427246094,404776
2026-01-14 18:30:00,155.26499938964844,155.27999877929688,154.67999267578125,154.67999267578125,470166
2026-01-14 19:30:00,154.72999572753906,155.0850067138672,154.53500366210938,155.0800018310547,647807
2026-01-14 20:30:00,155.0850067138672,155.42999267578125,154.77000427246094,155.14999389648438,967067
2026-01-15 14:30:00,155.75,156.39999389648438,154.80999755859375,156.23500061035156,498128
2026-01-15 15:30:00,156.30999755859375,156.7899932861328,156.19000244140625,156.4499969482422,341391
2026-01-15 16:30:00,156.44500732421875,156.64999389648438,156.125,156.22999572753906,372026
2026-01-15 17:30:00,156.23089599609375,156.59500122070312,156.05999755859375,156.55999755859375,301868
2026-01-15 18:30:00,156.55999755859375,156.71600341796875,156.14999389648438,156.25,396617
2026-01-15 19:30:00,156.22999572753906,156.2949981689453,155.60000610351562,155.63999938964844,419762
2026-01-15 20:30:00,155.6300048828125,156.19000244140625,155.61000061035156,156.1699981689453,558095
2026-01-16 14:30:00,155.97000122070312,156.47869873046875,155.7100067138672,156.14500427246094,987885
2026-01-16 15:30:00,156.14500427246094,157.10000610351562,155.9801025390625,157.05999755859375,573816
2026-01-16 16:30:00,157.0800018310547,157.78500366210938,156.9499969482422,157.58619689941406,520357
2026-01-16 17:30:00,157.61500549316406,157.72000122070312,157.09500122070312,157.28500366210938,335702
2026-01-16 18:30:00,157.28500366210938,157.75999450683594,157.11000061035156,157.44000244140625,381529
2026-01-16 19:30:00,157.4199981689453,157.72000122070312,156.75999450683594,156.8000030517578,463182
2026-01-16 20:30:00,156.79989624023438,157.5399932861328,156.72999572753906,157.3800048828125,783809
2026-01-20 14:30:00,157.1999969482422,157.3000030517578,155.34910583496094,157.3000030517578,934053
2026-01-20 15:30:00,157.30999755859375,157.60000610351562,156.91000366210938,156.97500610351562,575928
2026-01-20 16:30:00,156.97000122070312,157.02000427246094,156.33999633789062,156.35000610351562,564468
2026-01-20 17:30:00,156.36000061035156,156.5850067138672,156.0399932861328,156.3800048828125,320689
2026-01-20 18:30:00,156.38999938964844,156.39999389648438,155.75,156.0449981689453,430701
2026-01-20 19:30:00,156.0500030517578,156.25999450683594,155.63999938964844,156.07000732421875,687977
2026-01-20 20:30:00,156.07000732421875,156.0800018310547,155.69500732421875,156.05999755859375,856101
2026-01-21 14:30:00,156.33999633789062,157.0,155.7550048828125,156.34500122070312,612714
2026-01-21 15:30:00,156.34500122070312,156.64785766601562,155.22000122070312,155.92999267578125,556529
2026-01-21 16:30:00,155.9199981689453,156.00999450683594,155.27000427246094,155.5399932861328,443811
2026-01-21 17:30:00,155.47000122070312,155.52999877929688,155.00999450683594,155.22000122070312,328522
2026-01-21 18:30:00,155.22000122070312,156.02999877929688,155.19000244140625,155.9199981689453,442223
2026-01-21 19:30:00,155.94000244140625,156.30250549316406,155.4550018310547,155.89999389648438,777500
2026-01-21 20:30:00,155.88999938964844,155.9600067138672,155.51499938964844,155.8300018310547,806721
2026-01-22 14:30:00,155.94000244140625,156.69000244140625,153.64999389648438,154.35000610351562,1188755
2026-01-22 15:30:00,154.36000061035156,154.44000244140625,153.53160095214844,153.9340057373047,537346
2026-01-22 16:30:00,153.94000244140625,154.1999969482422,153.8699951171875,154.08999633789062,309770
2026-01-22 17:30:00,154.08999633789062,154.32000732421875,153.89500427246094,153.9499969482422,361978
2026-01-22 18:30:00,153.9600067138672,154.11000061035156,153.05999755859375,153.24000549316406,582552
2026-01-22 19:30:00,153.22999572753906,153.39999389648438,152.82000732421875,153.02000427246094,778312
2026-01-22 20:30:00,153.02000427246094,153.41000366210938,152.74000549316406,153.39999389648438,1088140
2026-01-23 14:30:00,153.0500030517578,153.64999389648438,152.61000061035156,152.77960205078125,727748
2026-01-23 15:30:00,152.77000427246094,153.55999755859375,152.7100067138672,153.02999877929688,715463
2026-01-23 16:30:00,153.0399932861328,153.1999969482422,152.46499633789062,153.17999267578125,524145
2026-01-23 17:30:00,153.2050018310547,153.3000030517578,152.77499389648438,153.0749969482422,703853
2026-01-23 18:30:00,153.11000061035156,153.47500610351562,152.99000549316406,153.38999938964844,381518
2026-01-23 19:30:00,153.39999389648438,153.72999572753906,153.38999938964844,153.57029724121094,509452
2026-01-23 20:30:00,153.5800018310547,153.58999633789062,152.72000122070312,153.24000549316406,858413
2026-01-26 14:30:00,152.72999572753906,153.7899932861328,151.08799743652344,151.1999969482422,985501
2026-01-26 15:30:00,151.2100067138672,151.5,150.46499633789062,150.61500549316406,805467
2026-01-26 16:30:00,150.60000610351562,150.7100067138672,149.50999450683594,149.83999633789062,909423
2026-01-26 17:30:00,149.8300018310547,149.8800048828125,148.89199829101562,149.55999755859375,854051
2026-01-26 18:30:00,149.5500030517578,150.6750030517578,149.35000610351562,150.0399932861328,674623
2026-01-26 19:30:00,150.0399932861328,150.7100067138672,150.00999450683594,150.60000610351562,648385
2026-01-26 20:30:00,150.60000610351562,150.60000610351562,149.89999389648438,150.07000732421875,1170914
2026-01-27 14:30:00,150.5,150.91000366210938,148.08999633789062,148.406494140625,1077765
2026-01-27 15:30:00,148.3800048828125,149.42999267578125,148.35000610351562,148.67999267578125,657061
2026-01-27 16:30:00,148.67999267578125,148.72999572753906,147.99000549316406,148.20750427246094,691230
2026-01-27 17:30:00,148.22000122070312,148.25,147.6999969482422,147.83999633789062,582887
2026-01-27 18:30:00,147.83999633789062,147.94500732421875,147.5500030517578,147.77000427246094,765446
2026-01-27 19:30:00,147.77999877929688,148.24000549316406,147.7100067138672,147.9149932861328,991673
2026-01-27 20:30:00,147.91000366210938,148.0500030517578,147.65499877929688,147.9949951171875,1320815
2026-01-28 14:30:00,147.3800048828125,148.0800018310547,147.08999633789062,147.73150634765625,711189
2026-01-28 15:30:00,147.73500061035156,148.22500610351562,147.41000366210938,147.8699951171875,600287
2026-01-28 16:30:00,147.84500122070312,147.86000061035156,147.40919494628906,147.52999877929688,305154
2026-01-28 17:30:00,147.5500030517578,147.5850067138672,147.1699981689453,147.4199981689453,357548
2026-01-28 18:30:00,147.42999267578125,147.47000122070312,146.9199981689453,147.0,492503
2026-01-28 19:30:00,147.01499938964844,147.8699951171875,146.75,147.3300018310547,864458
2026-01-28 20:30:00,147.3300018310547,147.82000732421875,147.22999572753906,147.78500366210938,1136823
2026-01-29 14:30:00,147.74000549316406,148.8300018310547,146.7899932861328,146.88999938964844,652772
2026-01-29 15:30:00,146.8800048828125,147.35000610351562,146.77000427246094,146.83999633789062,461785
2026-01-29 16:30:00,146.82749938964844,146.97999572753906,146.3300018310547,146.4199981689453,362652
2026-01-29 17:30:00,146.4199981689453,146.49000549316406,145.8300018310547,146.19000244140625,431980
2026-01-29 18:30:00,146.1699981689453,147.22999572753906,146.10499572753906,147.21499633789062,400819
2026-01-29 19:30:00,147.21499633789062,147.52000427246094,146.8800048828125,147.32000732421875,449785
2026-01-29 20:30:00,147.33999633789062,147.52000427246094,147.07000732421875,147.4149932861328,912488
2026-01-30 14:30:00,147.7100067138672,148.9499969482422,147.08999633789062,148.71499633789062,726661
2026-01-30 15:30:00,148.7100067138672,148.89999389648438,147.7899932861328,147.8699951171875,661501
2026-01-30 16:30:00,147.80999755859375,148.2299041748047,147.35000610351562,147.9149932861328,556524
2026-01-30 17:30:00,147.92999267578125,148.14500427246094,147.55999755859375,147.97000122070312,327587
2026-01-30 18:30:00,147.97500610351562,149.4199981689453,147.8800048828125,149.1300048828125,482239
2026-01-30 19:30:00,149.13999938964844,149.74000549316406,149.05999755859375,149.7100067138672,556809
2026-01-30 20:30:00,149.72000122070312,149.94000244140625,149.52999877929688,149.80999755859375,885590
2026-02-02 14:30:00,150.3000030517578,150.49000549316406,148.75,149.47999572753906,777354
2026-02-02 15:30:00,149.47000122070312,149.64500427246094,149.16000366210938,149.60499572753906,499038
2026-02-02 16:30:00,149.6199951171875,150.14999389648438,149.51499938964844,150.07369995117188,319894
2026-02-02 17:30:00,150.07000732421875,150.40499877929688,149.8699951171875,149.8800048828125,398386
2026-02-02 18:30:00,149.88999938964844,149.88999938964844,149.55999755859375,149.64999389648438,344468
2026-02-02 19:30:00,149.67999267578125,150.23500061035156,149.6300048828125,150.17999267578125,455289
2026-02-02 20:30:00,150.1699981689453,150.33999633789062,149.9600067138672,150.16000366210938,739528
2026-02-03 14:30:00,149.69000244140625,152.13999938964844,149.50999450683594,151.94500732421875,802517
2026-02-03 15:30:00,151.99000549316406,152.22999572753906,151.1699981689453,151.25999450683594,391412
2026-02-03 16:30:00,151.25999450683594,151.89999389648438,151.1649932861328,151.77999877929688,331840
2026-02-03 17:30:00,151.77000427246094,152.17999267578125,151.67999267578125,151.88999938964844,428563
2026-02-03 18:30:00,151.9199981689453,152.25999450683594,151.8404998779297,152.1199951171875,510796
2026-02-03 19:30:00,152.16000366210938,152.61000061035156,152.14999389648438,152.22000122070312,492737
2026-02-03 20:30:00,152.22999572753906,152.3090057373047,151.80999755859375,152.02999877929688,653414
2026-02-04 14:30:00,152.8800048828125,154.00999450683594,152.625,153.11500549316406,611174
2026-02-04 15:30:00,153.15499877929688,154.3800048828125,153.02499389648438,154.22999572753906,422403
2026-02-04 16:30:00,154.22000122070312,154.8699951171875,154.1699981689453,154.58999633789062,394460
2026-02-04 17:30:00,154.5850067138672,154.80999755859375,153.9600067138672,154.49400329589844,481932
2026-02-04 18:30:00,154.49000549316406,154.97959899902344,154.42999267578125,154.96499633789062,464650
2026-02-04 19:30:00,154.97999572753906,155.19000244140625,154.47999572753906,154.5800018310547,1330031
2026-02-04 20:30:00,154.60499572753906,154.61000061035156,153.4199981689453,153.92999267578125,1119574
2026-02-05 14:30:00,154.5399932861328,156.22000122070312,153.58999633789062,155.55999755859375,754664
2026-02-05 15:30:00,155.55499267578125,156.0749969482422,155.33999633789062,155.47500610351562,661927
2026-02-05 16:30:00,155.52000427246094,155.86000061035156,154.94000244140625,155.4250030517578,541792
2026-02-05 17:30:00,155.44000244140625,155.86000061035156,155.05999755859375,155.17999267578125,518486
2026-02-05 18:30:00,155.15499877929688,156.07000732421875,155.10000610351562,156.06500244140625,586276
2026-02-05 19:30:00,156.07000732421875,156.3300018310547,155.77999877929688,156.32000732421875,516246
2026-02-05 20:30:00,156.3000030517578,156.38999938964844,155.1300048828125,155.41000366210938,1120108
2026-02-06 14:30:00,155.3800048828125,156.33999633789062,154.8800048828125,155.90499877929688,705528
2026-02-06 15:30:00,155.94000244140625,156.05990600585938,155.30999755859375,155.5399932861328,371936
2026-02-06 16:30:00,155.5399932861328,155.5800018310547,154.83999633789062,155.27999877929688,673808
2026-02-06 17:30:00,155.30999755859375,155.30999755859375,154.72500610351562,155.14999389648438,453620
2026-02-06 18:30:00,155.22999572753906,155.41000366210938,154.8300018310547,155.32000732421875,492403
2026-02-06 19:30:00,155.3249969482422,155.5800018310547,155.0850067138672,155.42999267578125,498716
2026-02-06 20:30:00,155.4199981689453,155.91000366210938,155.1750030517578,155.7899932861328,618313
2026-02-09 14:30:00,155.39999389648438,156.0,154.02000427246094,154.88999938964844,494432
2026-02-09 15:30:00,154.8800048828125,155.3300018310547,154.72999572753906,155.19500732421875,351909
2026-02-09 16:30:00,155.1699981689453,155.53500366210938,154.99000549316406,155.51499938964844,318701
2026-02-09 17:30:00,155.51499938964844,155.80999755859375,155.36000061035156,155.72500610351562,292740
2026-02-09 18:30:00,155.72500610351562,155.92999267578125,155.60000610351562,155.61000061035156,272052
2026-02-09 19:30:00,155.63999938964844,156.05999755859375,155.3800048828125,155.86000061035156,340431
2026-02-09 20:30:00,155.85000610351562,156.3300018310547,155.77999877929688,156.22999572753906,630415
2026-02-10 14:30:00,156.61000061035156,157.16000366210938,155.13299560546875,155.13499450683594,580499
2026-02-10 15:30:00,155.1699981689453,155.24000549316406,153.74000549316406,154.11500549316406,407446
2026-02-10 16:30:00,154.1199951171875,154.13499450683594,153.05999755859375,153.4600067138672,421342
2026-02-10 17:30:00,153.44000244140625,154.13999938964844,153.30499267578125,153.9199981689453,319636
2026-02-10 18:30:00,153.89999389648438,154.0,153.57000732421875,153.97999572753906,268553
2026-02-10 19:30:00,153.99000549316406,154.07000732421875,153.58999633789062,153.6649932861328,456305
2026-02-10 20:30:00,153.67999267578125,153.7100067138672,153.13999938964844,153.24000549316406,711339
2026-02-11 14:30:00,153.17999267578125,154.25999450683594,152.8000030517578,153.72999572753906,568413
2026-02-11 15:30:00,153.72500610351562,153.72500610351562,152.44000244140625,152.5,467742
2026-02-11 16:30:00,152.49000549316406,152.9499969482422,151.33999633789062,151.36000061035156,489657
2026-02-11 17:30:00,151.36000061035156,151.36000061035156,150.875,150.89999389648438,421752
2026-02-11 18:30:00,150.9199981689453,150.94000244140625,150.26499938964844,150.60499572753906,442071
2026-02-11 19:30:00,150.60499572753906,150.97999572753906,150.50999450683594,150.75999450683594,579831
2026-02-11 20:30:00,150.73500061035156,150.99000549316406,150.27999877929688,150.69000244140625,937178
2026-02-12 14:30:00,153.10499572753906,154.61500549316406,151.97999572753906,154.55999755859375,952057
2026-02-12 15:30:00,154.5,155.5500030517578,154.3800048828125,155.44500732421875,897372
2026-02-12 16:30:00,155.47999572753906,155.58999633789062,154.8000030517578,154.91000366210938,688217
2026-02-12 17:30:00,154.83999633789062,155.05960083007812,154.3800048828125,154.5500030517578,381536
2026-02-12 18:30:00,154.55999755859375,154.86000061035156,154.08999633789062,154.47999572753906,349734
2026-02-12 19:30:00,154.4949951171875,155.3699951171875,154.4949951171875,154.80499267578125,444860
2026-02-12 20:30:00,154.77499389648438,154.8800048828125,153.9199981689453,154.1699981689453,798023
2026-02-13 14:30:00,153.9199981689453,154.50999450683594,152.6699981689453,154.09500122070312,658279
2026-02-13 15:30:00,154.09500122070312,155.61000061035156,153.89999389648438,155.5500030517578,338482
2026-02-13 16:30:00,155.6199951171875,155.6999969482422,155.2050018310547,155.3699951171875,270665
2026-02-13 17:30:00,155.39999389648438,155.80999755859375,155.34010314941406,155.72999572753906,244978
2026-02-13 18:30:00,155.72999572753906,155.81979370117188,155.02999877929688,155.125,258309
2026-02-13 19:30:00,155.1300048828125,155.2100067138672,154.10000610351562,154.17999267578125,372579
2026-02-13 20:30:00,154.18499755859375,154.52999877929688,153.77999877929688,154.4199981689453,682233
2026-02-17 14:30:00,155.36000061035156,155.67999267578125,153.89999389648438,154.25999450683594,1192073
2026-02-17 15:30:00,154.16000366210938,154.77999877929688,153.41000366210938,154.39999389648438,417962
2026-02-17 16:30:00,154.35000610351562,154.5299072265625,154.07000732421875,154.4600067138672,274573
2026-02-17 17:30:00,154.4199981689453,154.82000732421875,154.08999633789062,154.7949981689453,246708
2026-02-17 18:30:00,154.75,155.19000244140625,154.51499938964844,155.02000427246094,446875
2026-02-17 19:30:00,155.0,156.1199951171875,155.0,156.11000061035156,467324
2026-02-17 20:30:00,156.0800018310547,156.99000549316406,155.94000244140625,156.97000122070312,1020099
2026-02-18 14:30:00,156.33999633789062,157.1300048828125,155.9600067138672,156.09500122070312,413816
2026-02-18 15:30:00,156.1300048828125,156.97000122070312,156.02000427246094,156.68499755859375,268595
2026-02-18 16:30:00,156.67999267578125,157.05999755859375,156.5449981689453,157.05999755859375,247000
2026-02-18 17:30:00,157.05999755859375,157.27000427246094,156.86000061035156,157.02000427246094,208222
2026-02-18 18:30:00,157.02000427246094,157.14500427246094,156.7100067138672,156.85000610351562,238738
2026-02-18 19:30:00,156.85000610351562,156.97500610351562,156.52000427246094,156.58999633789062,291112
2026-02-18 20:30:00,156.61000061035156,157.32000732421875,156.61000061035156,157.2100067138672,451801
2026-02-19 14:30:00,156.97000122070312,157.32000732421875,155.8000030517578,156.24000549316406,430593
2026-02-19 15:30:00,156.32000732421875,156.67999267578125,155.6479949951172,155.64999389648438,292805
2026-02-19 16:30:00,155.64500427246094,156.02499389648438,155.3800048828125,155.92999267578125,362838
2026-02-19 17:30:00,155.97500610351562,156.2100067138672,155.84500122070312,155.99000549316406,294717
2026-02-19 18:30:00,155.99000549316406,156.3699951171875,155.7899932861328,155.9250030517578,346777
2026-02-19 19:30:00,155.88999938964844,155.99000549316406,155.27000427246094,155.61500549316406,345520
2026-02-19 20:30:00,155.64500427246094,156.5500030517578,155.47000122070312,156.50999450683594,682590
2026-02-20 14:30:00,156.05999755859375,158.5,155.66000366210938,158.10499572753906,1058418
2026-02-20 15:30:00,158.1199951171875,158.1300048828125,156.35000610351562,156.35000610351562,546411
2026-02-20 16:30:00,156.3000030517578,156.6699981689453,156.10000610351562,156.47000122070312,323604
2026-02-20 17:30:00,156.4600067138672,157.00999450683594,156.2949981689453,156.61000061035156,672763
2026-02-20 18:30:00,156.5850067138672,157.47999572753906,156.39999389648438,157.46249389648438,272665
2026-02-20 19:30:00,157.51499938964844,158.14999389648438,157.35000610351562,158.09500122070312,416869
2026-02-20 20:30:00,158.08999633789062,158.35000610351562,157.7899932861328,158.25999450683594,637096
2026-02-23 14:30:00,159.0,160.4600067138672,156.59010314941406,156.85890197753906,956782
2026-02-23 15:30:00,156.8000030517578,157.08999633789062,155.91000366210938,156.13999938964844,633338
2026-02-23 16:30:00,156.13999938964844,156.4199981689453,155.75,156.0399932861328,591673
2026-02-23 17:30:00,156.02000427246094,157.22000122070312,155.8800048828125,157.2050018310547,354682
2026-02-23 18:30:00,157.2050018310547,157.64500427246094,157.0175018310547,157.27999877929688,421752
2026-02-23 19:30:00,157.27999877929688,157.97999572753906,157.25,157.6999969482422,496095
2026-02-23 20:30:00,157.69000244140625,157.9250030517578,157.36000061035156,157.72000122070312,771229
2026-02-24 14:30:00,158.07000732421875,158.9499969482422,157.02000427246094,157.33999633789062,718484
2026-02-24 15:30:00,157.3800048828125,157.8800048828125,157.25999450683594,157.49000549316406,544996
2026-02-24 16:30:00,157.49000549316406,158.02999877929688,157.3800048828125,157.8300018310547,470247
2026-02-24 17:30:00,157.8300018310547,158.27999877929688,157.75999450683594,158.16000366210938,491503
2026-02-24 18:30:00,158.1699981689453,158.5500030517578,158.02999877929688,158.4600067138672,499416
2026-02-24 19:30:00,158.4694061279297,158.52000427246094,157.9499969482422,157.9595947265625,639701
2026-02-24 20:30:00,157.9550018310547,158.27000427246094,157.6300048828125,157.7100067138672,880811
2026-02-25 14:30:00,157.5500030517578,162.67990112304688,157.5500030517578,158.96499633789062,2192883
2026-02-25 15:30:00,158.99000549316406,159.66000366210938,158.52000427246094,158.86000061035156,592887
2026-02-25 16:30:00,158.8300018310547,159.39999389648438,154.8000030517578,156.7071075439453,982320
2026-02-25 17:30:00,156.75,157.1999969482422,155.53500366210938,156.6999969482422,519739
2026-02-25 18:30:00,156.6199951171875,157.19000244140625,156.0449981689453,156.1199951171875,524065
2026-02-25 19:30:00,156.12750244140625,156.67999267578125,155.13999938964844,155.18499755859375,774834
2026-02-25 20:30:00,155.2100067138672,155.8800048828125,155.0,155.77999877929688,992992
2026-02-26 14:30:00,157.82000732421875,159.00999450683594,156.4149932861328,158.61000061035156,993398
2026-02-26 15:30:00,158.5800018310547,159.10000610351562,158.17999267578125,158.38999938964844,589561
2026-02-26 16:30:00,158.4199981689453,158.60000610351562,157.4423065185547,157.5500030517578,471969
2026-02-26 17:30:00,157.53880310058594,158.4799041748047,157.47999572753906,157.82000732421875,853316
2026-02-26 18:30:00,157.82000732421875,158.82000732421875,157.7100067138672,158.81500244140625,524426
2026-02-26 19:30:00,158.7899932861328,159.3300018310547,158.5,158.66000366210938,729390
2026-02-26 20:30:00,158.66000366210938,158.6999969482422,158.30999755859375,158.69000244140625,859343
2026-02-27 14:30:00,158.42999267578125,160.41000366210938,158.39500427246094,160.28990173339844,692101
2026-02-27 15:30:00,160.27000427246094,160.72999572753906,159.7899932861328,159.9499969482422,450857
2026-02-27 16:30:00,159.9499969482422,159.9499969482422,159.37100219726562,159.8249969482422,268898
2026-02-27 17:30:00,159.8249969482422,160.3800048828125,159.78500366210938,160.25,228412
2026-02-27 18:30:00,160.27499389648438,160.39999389648438,159.5399932861328,160.24000549316406,393330
2026-02-27 19:30:00,160.22000122070312,160.77999877929688,160.0,160.72000122070312,497981
2026-02-27 20:30:00,160.72000122070312,161.6300048828125,160.66000366210938,161.59500122070312,1045081
2026-03-02 14:30:00,160.22000122070312,160.74000549316406,159.02999877929688,159.1649932861328,796061
2026-03-02 15:30:00,159.1649932861328,159.7899932861328,158.75,159.27000427246094,475162
2026-03-02 16:30:00,159.28610229492188,160.3699951171875,159.02000427246094,160.2899932861328,350226
2026-03-02 17:30:00,160.2303924560547,160.8699951171875,160.1999969482422,160.7550048828125,350369
2026-03-02 18:30:00,160.77999877929688,161.2100067138672,160.49009704589844,161.1199951171875,413341
2026-03-02 19:30:00,161.14999389648438,161.5,159.5399932861328,159.55999755859375,493447
2026-03-02 20:30:00,159.5500030517578,160.19000244140625,159.39999389648438,159.9499969482422,764277
2026-03-03 14:30:00,158.66000366210938,158.66000366210938,156.29510498046875,157.07000732421875,635047
2026-03-03 15:30:00,156.99000549316406,157.7299041748047,155.75,157.66000366210938,460760
2026-03-03 16:30:00,157.58999633789062,158.6300048828125,157.31500244140625,158.5399932861328,377396
2026-03-03 17:30:00,158.5399932861328,159.0399932861328,158.17999267578125,158.97000122070312,254700
2026-03-03 18:30:00,158.98500061035156,159.39999389648438,158.58999633789062,158.75,416073
2026-03-03 19:30:00,158.7100067138672,159.41000366210938,158.10000610351562,159.22999572753906,555978
2026-03-03 20:30:00,159.24989318847656,159.67999267578125,159.1699981689453,159.44000244140625,387554
2026-03-04 14:30:00,160.00999450683594,161.5,158.1999969482422,161.33999633789062,907449
2026-03-04 15:30:00,161.38999938964844,161.72509765625,160.71499633789062,161.375,609070
2026-03-04 16:30:00,161.3800048828125,161.53500366210938,160.9550018310547,161.13510131835938,289947
2026-03-04 17:30:00,161.16000366210938,161.4199981689453,160.8699951171875,160.8699951171875,277574
2026-03-04 18:30:00,160.91000366210938,161.1699981689453,160.5,160.63499450683594,446039
2026-03-04 19:30:00,160.65499877929688,161.58999633789062,160.65499877929688,161.28500366210938,463815
2026-03-04 20:30:00,161.27000427246094,161.89999389648438,161.1999969482422,161.7100067138672,746045
2026-03-05 14:30:00,160.27000427246094,161.1999969482422,159.0500030517578,159.32000732421875,776401
2026-03-05 15:30:00,159.3699951171875,160.25,158.96499633789062,159.6199951171875,654932
2026-03-05 16:30:00,159.5749969482422,160.81500244140625,159.50999450683594,160.05999755859375,658566
2026-03-05 17:30:00,160.05999755859375,160.4799041748047,159.6300048828125,160.1300048828125,645694
2026-03-05 18:30:00,160.16000366210938,160.5,159.8300018310547,159.8800048828125,446037
2026-03-05 19:30:00,159.86000061035156,160.53500366210938,159.77000427246094,160.4149932861328,561449
2026-03-05 20:30:00,160.4199981689453,161.02999877929688,160.2899932861328,160.91000366210938,921700
2026-03-06 14:30:00,159.67999267578125,160.11000061035156,158.13999938964844,158.97999572753906,1156398
2026-03-06 15:30:00,158.9499969482422,159.63999938964844,158.47999572753906,158.73500061035156,637775
2026-03-06 16:30:00,158.67999267578125,159.0500030517578,157.6199951171875,158.6199951171875,452846
2026-03-06 17:30:00,158.5800018310547,159.28500366210938,158.44000244140625,158.93589782714844,362074
2026-03-06 18:30:00,158.91000366210938,159.52000427246094,158.85000610351562,159.4600067138672,494077
2026-03-06 19:30:00,159.47999572753906,159.75999450683594,159.3699951171875,159.6699981689453,436402
2026-03-06 20:30:00,159.64999389648438,159.8699951171875,159.1649932861328,159.32000732421875,998266
2026-03-09 13:30:00,158.47999572753906,158.9250030517578,155.11000061035156,156.53500366210938,862255
2026-03-09 14:30:00,156.57760620117188,157.61500549316406,156.4700927734375,157.52999877929688,369293
2026-03-09 15:30:00,157.41000366210938,157.4600067138672,156.73500061035156,157.2100067138672,339693
2026-03-09 16:30:00,157.22999572753906,157.82000732421875,157.0399932861328,157.39999389648438,331480
2026-03-09 17:30:00,157.41000366210938,157.50999450683594,155.91160583496094,157.05999755859375,517234
2026-03-09 18:30:00,157.05999755859375,158.0500030517578,157.0500030517578,157.96499633789062,457037
2026-03-09 19:30:00,157.9293975830078,158.61000061035156,157.75999450683594,158.1699981689453,752993
2026-03-10 13:30:00,157.27000427246094,159.47999572753906,156.3800048828125,159.3000030517578,464481
2026-03-10 14:30:00,159.32000732421875,160.60000610351562,159.22000122070312,160.41000366210938,424746
2026-03-10 15:30:00,160.41000366210938,161.0,160.10000610351562,160.94000244140625,381950
2026-03-10 16:30:00,160.9149932861328,162.42999267578125,160.8300018310547,162.31500244140625,985150
2026-03-10 17:30:00,162.36000061035156,162.58999633789062,161.52000427246094,161.74000549316406,782374
2026-03-10 18:30:00,161.8000030517578,161.8800048828125,160.81500244140625,160.87249755859375,589851
2026-03-10 19:30:00,160.85499572753906,160.85499572753906,159.4600067138672,159.53500366210938,636513
2026-03-11 13:30:00,158.61000061035156,158.9949951171875,157.14999389648438,157.7050018310547,467975
2026-03-11 14:30:00,157.7899932861328,158.66000366210938,157.69000244140625,158.33999633789062,318102
2026-03-11 15:30:00,158.375,158.49000549316406,157.64999389648438,158.2550048828125,243693
2026-03-11 16:30:00,158.2550048828125,158.38999938964844,157.77000427246094,157.99000549316406,213037
2026-03-11 17:30:00,158.00999450683594,158.05999755859375,157.39999389648438,157.72000122070312,301153
2026-03-11 18:30:00,157.74000549316406,158.0500030517578,157.63999938964844,157.82000732421875,395500
2026-03-11 19:30:00,157.8000030517578,158.07000732421875,157.72000122070312,157.86000061035156,474601
2026-03-12 13:30:00,157.25,158.17999267578125,156.56500244140625,157.44500732421875,426504
2026-03-12 14:30:00,157.44500732421875,157.75999450683594,157.2100067138672,157.2675018310547,260198
2026-03-12 15:30:00,157.1999969482422,157.72999572753906,156.9409942626953,157.35499572753906,259105
2026-03-12 16:30:00,157.30999755859375,157.77999877929688,157.0749969482422,157.24000549316406,338273
2026-03-12 17:30:00,157.25,157.9600067138672,157.1300048828125,157.2050018310547,250782
2026-03-12 18:30:00,157.17660522460938,157.30499267578125,156.53500366210938,156.57000732421875,305951
2026-03-12 19:30:00,156.5749969482422,156.63999938964844,155.69000244140625,155.77999877929688,479295
2026-03-13 13:30:00,156.4600067138672,157.86990356445312,155.07000732421875,155.35499572753906,319452
2026-03-13 14:30:00,155.36000061035156,155.91990661621094,155.27000427246094,155.40499877929688,265993
2026-03-13 15:30:00,155.3699951171875,156.06500244140625,155.32000732421875,156.0050048828125,246216
2026-03-13 16:30:00,156.0500030517578,156.07000732421875,155.58999633789062,156.05999755859375,221827
2026-03-13 17:30:00,156.03500366210938,156.0800018310547,155.52999877929688,155.73500061035156,289221
2026-03-13 18:30:00,155.73500061035156,156.03500366210938,155.5800018310547,155.72000122070312,383030
2026-03-13 19:30:00,155.7100067138672,155.75999450683594,155.02999877929688,155.4199981689453,342116
2026-03-16 13:30:00,156.5800018310547,157.77999877929688,155.625,157.6300048828125,483062
2026-03-16 14:30:00,157.59500122070312,157.67999267578125,155.99000549316406,156.0500030517578,346898
2026-03-16 15:30:00,156.02999877929688,156.47999572753906,155.6999969482422,155.9550018310547,438908
2026-03-16 16:30:00,155.94000244140625,156.25999450683594,155.58999633789062,155.875,418197
2026-03-16 17:30:00,155.875,155.9499969482422,155.3249969482422,155.69000244140625,425100
2026-03-16 18:30:00,155.69000244140625,156.28500366210938,155.52999877929688,155.64999389648438,535465
2026-03-16 19:30:00,155.66000366210938,156.2899932861328,155.6300048828125,156.0399932861328,703279
2026-03-17 13:30:00,156.60000610351562,156.7689971923828,155.22999572753906,155.4199981689453,525004
2026-03-17 14:30:00,155.57000732421875,156.2949981689453,155.3800048828125,155.89999389648438,283014
2026-03-17 15:30:00,155.91000366210938,155.91000366210938,155.17999267578125,155.25999450683594,263879
2026-03-17 16:30:00,155.3000030517578,155.36000061035156,154.57000732421875,154.60000610351562,269706
2026-03-17 17:30:00,154.57000732421875,155.49989318847656,154.38999938964844,155.22500610351562,249101
2026-03-17 18:30:00,155.22500610351562,155.5500030517578,155.07000732421875,155.1199951171875,297101
2026-03-17 19:30:00,155.1199951171875,155.57000732421875,155.0,155.42999267578125,486796
2026-03-18 13:30:00,154.72000122070312,155.4149932861328,154.08999633789062,155.1024932861328,355244
2026-03-18 14:30:00,155.0500030517578,155.75,154.97000122070312,155.30999755859375,297271
2026-03-18 15:30:00,155.33999633789062,155.64999389648438,154.99000549316406,155.06500244140625,278313
2026-03-18 16:30:00,155.06500244140625,155.55999755859375,154.6199951171875,154.7050018310547,234693
2026-03-18 17:30:00,154.74000549316406,154.7899932861328,154.02000427246094,154.26499938964844,258989
2026-03-18 18:30:00,154.26499938964844,154.42999267578125,153.47000122070312,153.49000549316406,330053
2026-03-18 19:30:00,153.47999572753906,153.47999572753906,152.75,152.88999938964844,533883
2026-03-19 13:30:00,152.94000244140625,154.0399932861328,152.17999267578125,153.0500030517578,502449
2026-03-19 14:30:00,153.0500030517578,153.7100067138672,152.85000610351562,153.35000610351562,309637
2026-03-19 15:30:00,153.32809448242188,153.8350067138672,153.02999877929688,153.77999877929688,356052
2026-03-19 16:30:00,153.82000732421875,154.72999572753906,153.7899932861328,154.6300048828125,248238
2026-03-19 17:30:00,154.6300048828125,154.80999755859375,154.1199951171875,154.14999389648438,281213
2026-03-19 18:30:00,154.14999389648438,155.49000549316406,153.86000061035156,155.32000732421875,444726
2026-03-19 19:30:00,155.32000732421875,155.58999633789062,154.55499267578125,154.67999267578125,792534
2026-03-20 13:30:00,154.27000427246094,155.4199981689453,154.27000427246094,154.5,1320620
2026-03-20 14:30:00,154.5,156.1300048828125,154.42999267578125,155.7899932861328,729106
2026-03-20 15:30:00,155.7899932861328,156.2100067138672,155.75999450683594,155.9949951171875,485663
2026-03-20 16:30:00,156.0222930908203,156.67999267578125,155.8800048828125,156.59500122070312,292408
2026-03-20 17:30:00,156.5399932861328,156.5800018310547,155.66000366210938,155.9149932861328,374616
2026-03-20 18:30:00,155.9250030517578,156.11000061035156,155.4300994873047,155.67999267578125,353693
2026-03-20 19:30:00,155.69000244140625,155.7100067138672,154.74000549316406,154.99000549316406,951833
2026-03-23 13:30:00,157.3000030517578,157.81500244140625,155.60000610351562,156.6699981689453,721248
2026-03-23 14:30:00,156.7050018310547,156.99000549316406,156.19000244140625,156.72500610351562,392200
2026-03-23 15:30:00,156.77999877929688,157.13999938964844,156.3000030517578,156.3000030517578,271995
2026-03-23 16:30:00,156.38499450683594,156.83999633789062,156.27000427246094,156.52999877929688,236270
2026-03-23 17:30:00,156.52999877929688,157.39500427246094,156.4499969482422,156.9199981689453,441381
2026-03-23 18:30:00,156.97000122070312,157.25999450683594,156.32000732421875,156.32000732421875,377948
2026-03-23 19:30:00,156.3699951171875,156.64999389648438,156.0399932861328,156.49000549316406,721955
2026-03-24 13:30:00,156.72999572753906,158.1199951171875,155.47000122070312,157.65499877929688,510763
2026-03-24 14:30:00,157.64999389648438,158.63099670410156,157.05999755859375,158.63099670410156,566955
2026-03-24 15:30:00,158.59500122070312,159.44000244140625,158.59500122070312,159.10000610351562,456400
2026-03-24 16:30:00,159.05499267578125,159.05499267578125,158.22999572753906,158.60000610351562,254861
2026-03-24 17:30:00,158.61000061035156,159.35000610351562,158.3800048828125,159.02499389648438,396637
2026-03-24 18:30:00,159.02000427246094,159.4550018310547,158.5,158.5399932861328,413450
2026-03-24 19:30:00,158.49000549316406,158.6300048828125,158.24000549316406,158.41000366210938,620741
2026-03-25 13:30:00,157.5500030517578,159.3800048828125,156.77000427246094,158.0800018310547,754159
2026-03-25 14:30:00,158.10000610351562,159.35000610351562,158.02000427246094,159.2949981689453,351703
2026-03-25 15:30:00,159.28500366210938,159.47999572753906,158.8300018310547,159.30999755859375,299146
2026-03-25 16:30:00,159.35000610351562,159.55499267578125,159.0749969482422,159.25999450683594,299418
2026-03-25 17:30:00,159.24000549316406,159.55999755859375,159.15499877929688,159.36500549316406,301611
2026-03-25 18:30:00,159.3800048828125,159.91000366210938,159.24000549316406,159.77999877929688,345585
2026-03-25 19:30:00,159.77999877929688,159.78500366210938,159.38499450683594,159.75,565298
2026-03-26 13:30:00,159.5800018310547,159.92999267578125,157.02499389648438,159.48500061035156,603042
2026-03-26 14:30:00,159.52999877929688,159.75,158.9600067138672,159.05999755859375,452886
2026-03-26 15:30:00,159.02999877929688,159.19000244140625,158.49000549316406,158.5,283522
2026-03-26 16:30:00,158.4499969482422,158.85000610351562,158.08009338378906,158.3800048828125,328361
2026-03-26 17:30:00,158.39999389648438,158.75,158.0800018310547,158.6199951171875,238676
2026-03-26 18:30:00,158.61000061035156,159.00999450683594,158.22000122070312,158.3699951171875,365098
2026-03-26 19:30:00,158.3699951171875,158.41000366210938,157.5399932861328,157.6199951171875,810975
2026-03-27 13:30:00,157.30999755859375,157.88999938964844,156.80999755859375,157.25,371525
2026-03-27 14:30:00,157.25,158.0,156.58999633789062,157.15499877929688,255262
2026-03-27 15:30:00,157.17999267578125,157.5,156.5166015625,156.5800018310547,241108
2026-03-27 16:30:00,156.57000732421875,156.968505859375,156.42999267578125,156.5500030517578,211203
2026-03-27 17:30:00,156.5399932861328,156.68499755859375,154.8350067138672,154.91000366210938,368625
2026-03-27 18:30:00,154.8800048828125,155.375,154.61000061035156,154.97000122070312,391266
2026-03-27 19:30:00,154.94000244140625,155.35000610351562,154.4600067138672,155.08999633789062,617209
2026-03-30 13:30:00,157.07000732421875,157.4600067138672,155.91000366210938,156.7801055908203,434844
2026-03-30 14:30:00,156.8699951171875,157.66000366210938,156.74000549316406,157.55999755859375,336977
2026-03-30 15:30:00,157.42999267578125,157.57000732421875,156.91000366210938,156.9949951171875,299175
2026-03-30 16:30:00,157.0,157.23500061035156,156.4499969482422,156.49000549316406,215149
2026-03-30 17:30:00,156.47999572753906,156.72999572753906,156.10000610351562,156.15499877929688,354346
2026-03-30 18:30:00,156.125,156.50999450683594,155.49000549316406,155.5500030517578,404651
2026-03-30 19:30:00,155.55999755859375,155.86000061035156,155.25,155.80999755859375,749025
2026-03-31 13:30:00,157.33999633789062,158.05999755859375,156.82000732421875,157.57000732421875,409837
2026-03-31 14:30:00,157.52999877929688,158.49000549316406,157.27000427246094,158.08999633789062,276000
2026-03-31 15:30:00,158.14999389648438,158.58999633789062,158.0500030517578,158.43899536132812,242003
2026-03-31 16:30:00,158.38999938964844,160.1999969482422,158.36000061035156,159.1699981689453,317008
2026-03-31 17:30:00,159.27000427246094,159.82000732421875,159.17999267578125,159.39999389648438,315912
2026-03-31 18:30:00,159.39999389648438,159.6199951171875,158.82000732421875,159.58999633789062,362613
2026-03-31 19:30:00,159.57000732421875,160.3300018310547,159.57000732421875,159.6999969482422,663007
2026-04-01 13:30:00,160.4600067138672,162.31019592285156,160.0,161.47000122070312,665043
2026-04-01 14:30:00,161.48500061035156,162.0800018310547,160.97999572753906,161.69000244140625,347050
2026-04-01 15:30:00,161.59249877929688,161.94000244140625,161.1300048828125,161.3175048828125,354090
2026-04-01 16:30:00,161.31500244140625,162.11000061035156,161.27999877929688,162.10499572753906,250604
2026-04-01 17:30:00,162.1199951171875,162.3699951171875,161.42999267578125,161.4600067138672,479315
2026-04-01 18:30:00,161.4600067138672,161.76849365234375,161.0399932861328,161.35000610351562,476710
2026-04-01 19:30:00,161.34500122070312,162.1999969482422,161.2949981689453,162.0399932861328,628857
2026-04-02 13:30:00,161.5,162.0,160.3000030517578,160.9149932861328,522294
2026-04-02 14:30:00,160.97999572753906,162.3350067138672,160.8249969482422,161.11000061035156,462936
2026-04-02 15:30:00,161.1199951171875,161.1199951171875,160.2100067138672,160.23089599609375,556779
2026-04-02 16:30:00,160.24000549316406,161.06500244140625,160.16000366210938,160.83999633789062,319007
2026-04-02 17:30:00,160.89999389648438,161.22000122070312,160.67999267578125,161.02999877929688,318139
2026-04-02 18:30:00,161.0399932861328,161.58999633789062,161.02999877929688,161.06500244140625,337518
2026-04-02 19:30:00,161.0500030517578,161.5800018310547,161.0500030517578,161.3000030517578,527009
2026-04-06 13:30:00,160.82000732421875,161.4499053955078,159.89999389648438,161.27499389648438,339617
2026-04-06 14:30:00,161.27499389648438,161.6584930419922,160.97500610351562,161.47000122070312,256638
2026-04-06 15:30:00,161.47999572753906,161.82000732421875,161.3000030517578,161.80999755859375,191832
2026-04-06 16:30:00,161.80999755859375,162.0399932861328,161.60000610351562,161.96499633789062,173399
2026-04-06 17:30:00,161.96499633789062,162.0850067138672,161.72000122070312,162.03500366210938,208594
2026-04-06 18:30:00,161.99000549316406,162.14669799804688,161.88099670410156,162.0500030517578,224930
2026-04-06 19:30:00,162.0399932861328,162.14999389648438,161.6132049560547,161.82000732421875,804857
2026-04-07 13:30:00,161.27999877929688,161.4600067138672,157.89999389648438,159.55999755859375,649171
2026-04-07 14:30:00,159.5,160.0050048828125,158.28500366210938,158.94000244140625,262967
2026-04-07 15:30:00,159.00999450683594,159.2050018310547,158.35000610351562,158.8300018310547,212334
2026-04-07 16:30:00,158.7801055908203,158.8699951171875,158.3300018310547,158.3699951171875,203103
2026-04-07 17:30:00,158.4149932861328,158.85000610351562,158.0,158.17010498046875,243474
2026-04-07 18:30:00,158.24000549316406,158.3800048828125,157.4499969482422,157.9199981689453,403531
2026-04-07 19:30:00,157.90420532226562,158.11000061035156,157.42999267578125,157.6199951171875,749498
2026-04-08 13:30:00,158.42999267578125,160.44000244140625,158.0500030517578,160.27000427246094,666061
2026-04-08 14:30:00,160.2899932861328,160.6199951171875,159.6699981689453,159.75,448091
2026-04-08 15:30:00,159.75,160.85000610351562,159.58999633789062,160.7899932861328,375555
2026-04-08 16:30:00,160.7949981689453,161.09959411621094,160.5399932861328,160.92999267578125,225333
2026-04-08 17:30:00,160.9875030517578,161.81500244140625,160.89999389648438,161.56500244140625,315933
2026-04-08 18:30:00,161.56500244140625,161.60000610351562,160.94000244140625,161.1199951171875,424205
2026-04-08 19:30:00,161.10000610351562,161.88999938964844,161.08999633789062,161.64999389648438,763917
2026-04-09 13:30:00,160.8300018310547,163.5800018310547,160.5399932861328,163.44000244140625,617353
2026-04-09 14:30:00,163.43499755859375,163.4600067138672,162.78500366210938,163.25,272434
2026-04-09 15:30:00,163.22999572753906,164.10000610351562,163.1300048828125,163.9600067138672,306403
2026-04-09 16:30:00,163.9600067138672,164.22999572753906,163.73500061035156,164.11000061035156,209107
2026-04-09 17:30:00,164.11000061035156,164.53500366210938,163.875,164.3800048828125,428577
2026-04-09 18:30:00,164.3800048828125,165.25,164.22999572753906,165.08999633789062,600433
2026-04-09 19:30:00,165.1300048828125,165.82000732421875,164.94000244140625,165.0,981798
2026-04-10 13:30:00,164.42999267578125,164.9499969482422,160.4199981689453,161.99989318847656,657977
2026-04-10 14:30:00,161.99000549316406,162.05999755859375,161.27999877929688,161.39999389648438,397602
2026-04-10 15:30:00,161.4499969482422,161.7655029296875,161.1699981689453,161.46499633789062,269466
2026-04-10 16:30:00,161.46499633789062,162.2899932861328,161.42120361328125,162.0,298305
2026-04-10 17:30:00,161.96499633789062,162.42990112304688,161.9199981689453,162.19500732421875,246946
2026-04-10 18:30:00,162.17999267578125,162.17999267578125,161.38999938964844,161.4149932861328,290526
2026-04-10 19:30:00,161.4149932861328,161.72999572753906,161.02999877929688,161.61000061035156,578495
2026-04-13 13:30:00,160.97000122070312,161.25,159.89999389648438,160.07009887695312,265019
2026-04-13 14:30:00,160.2100067138672,160.47669982910156,158.80499267578125,159.1300048828125,480016
2026-04-13 15:30:00,159.09500122070312,159.18499755859375,158.52000427246094,158.97999572753906,366257
2026-04-13 16:30:00,158.94000244140625,158.9499969482422,158.0,158.25,441684
2026-04-13 17:30:00,158.2899932861328,158.5,157.88999938964844,158.36000061035156,404005
2026-04-13 18:30:00,158.33999633789062,158.38999938964844,157.3300018310547,158.25,585002
2026-04-13 19:30:00,158.23500061035156,159.41000366210938,157.77000427246094,159.27999877929688,942426
2026-04-14 13:30:00,158.49000549316406,159.58999633789062,157.89999389648438,159.4550018310547,477342
2026-04-14 14:30:00,159.4550018310547,159.77999877929688,159.10699462890625,159.63499450683594,488523
2026-04-14 15:30:00,159.63499450683594,159.77000427246094,159.10000610351562,159.75999450683594,316441
2026-04-14 16:30:00,159.77000427246094,159.8000030517578,159.19000244140625,159.41000366210938,506760
2026-04-14 17:30:00,159.41000366210938,159.5850067138672,158.94000244140625,158.98500061035156,307612
2026-04-14 18:30:00,158.99000549316406,159.5500030517578,158.5800018310547,159.47999572753906,420765
2026-04-14 19:30:00,159.47999572753906,160.3699951171875,159.36000061035156,160.2899932861328,644421
2026-04-15 13:30:00,159.6999969482422,160.2899932861328,158.9499969482422,159.8249969482422,417004
2026-04-15 14:30:00,159.8249969482422,159.8249969482422,159.05999755859375,159.66000366210938,346849
2026-04-15 15:30:00,159.69500732421875,160.22999572753906,159.6750030517578,160.1199951171875,211278
2026-04-15 16:30:00,160.17999267578125,160.8800048828125,160.10000610351562,160.85499572753906,240871
2026-04-15 17:30:00,160.85499572753906,160.99000549316406,160.506103515625,160.63999938964844,259409
2026-04-15 18:30:00,160.63999938964844,161.27000427246094,160.47000122070312,161.25999450683594,352077
2026-04-15 19:30:00,161.22999572753906,161.22999572753906,160.17999267578125,160.24000549316406,502473
2026-04-16 13:30:00,160.39999389648438,161.16000366210938,158.4199981689453,158.5500030517578,429158
2026-04-16 14:30:00,158.47000122070312,158.6699981689453,157.89999389648438,157.97000122070312,361987
2026-04-16 15:30:00,157.99000549316406,158.10989379882812,157.2028045654297,157.64999389648438,334667
2026-04-16 16:30:00,157.58999633789062,157.64599609375,156.4199981689453,157.0800018310547,344831
2026-04-16 17:30:00,157.0800018310547,157.4550018310547,156.85499572753906,157.02999877929688,282232
2026-04-16 18:30:00,157.0399932861328,157.19979858398438,156.74000549316406,156.97000122070312,323198
2026-04-16 19:30:00,156.9199981689453,157.86000061035156,156.9199981689453,157.4499969482422,826779
2026-04-17 13:30:00,158.5800018310547,160.41000366210938,158.5050048828125,160.35000610351562,929508
2026-04-17 14:30:00,160.30999755859375,160.74989318847656,159.3699951171875,159.77499389648438,823922
2026-04-17 15:30:00,159.75999450683594,160.74000549316406,159.7100067138672,160.6199951171875,482685
2026-04-17 16:30:00,160.63999938964844,161.14999389648438,160.63499450683594,161.0,405871
2026-04-17 17:30:00,161.00999450683594,161.39999389648438,160.44000244140625,160.55999755859375,368796
2026-04-17 18:30:00,160.55499267578125,160.64999389648438,159.98500061035156,160.0449981689453,332103
2026-04-17 19:30:00,160.07000732421875,160.7100067138672,159.99000549316406,160.67999267578125,681137
2026-04-20 13:30:00,161.02999877929688,161.4949951171875,160.64500427246094,161.02000427246094,396138
2026-04-20 14:30:00,161.05990600585938,161.35000610351562,160.63999938964844,161.24000549316406,310720
2026-04-20 15:30:00,161.27000427246094,161.39999389648438,160.36000061035156,160.58999633789062,273568
2026-04-20 16:30:00,160.58999633789062,160.6300048828125,160.25999450683594,160.5,197799
2026-04-20 17:30:00,160.5399932861328,160.5800018310547,160.19000244140625,160.26010131835938,268413
2026-04-20 18:30:00,160.31500244140625,160.47999572753906,159.85000610351562,159.91000366210938,434293
2026-04-20 19:30:00,159.88999938964844,160.13999938964844,159.3699951171875,159.72000122070312,975159
2026-04-21 13:30:00,160.07000732421875,160.69000244140625,159.61000061035156,159.8101043701172,565728
2026-04-21 14:30:00,159.8699951171875,160.0800018310547,159.05999755859375,159.0800018310547,366975
2026-04-21 15:30:00,159.16000366210938,160.47999572753906,159.07000732421875,160.19000244140625,279296
2026-04-21 16:30:00,160.22999572753906,160.4199981689453,159.2100067138672,159.5,232884
2026-04-21 17:30:00,159.47999572753906,159.8498992919922,159.0,159.27999877929688,229482
2026-04-21 18:30:00,159.24000549316406,159.47300720214844,158.91830444335938,159.27499389648438,280693
2026-04-21 19:30:00,159.25999450683594,159.34500122070312,158.47999572753906,159.24000549316406,502351
2026-04-22 13:30:00,159.39999389648438,160.22999572753906,158.22000122070312,158.87939453125,306438
2026-04-22 14:30:00,158.8800048828125,159.44000244140625,158.64999389648438,159.0500030517578,234588
2026-04-22 15:30:00,159.0500030517578,159.17999267578125,158.5247039794922,158.7899932861328,163042
2026-04-22 16:30:00,158.81500244140625,159.50999450683594,158.75,159.30999755859375,189581
2026-04-22 17:30:00,159.25,159.44000244140625,158.50999450683594,158.5399932861328,195501
2026-04-22 18:30:00,158.60000610351562,158.71499633789062,158.39999389648438,158.66000366210938,259758
2026-04-22 19:30:00,158.6199951171875,158.64999389648438,158.1999969482422,158.47000122070312,392243
2026-04-23 13:30:00,158.73500061035156,160.52499389648438,158.73500061035156,159.85000610351562,411342
2026-04-23 14:30:00,159.89500427246094,159.89500427246094,157.72999572753906,158.05999755859375,390238
2026-04-23 15:30:00,158.0500030517578,158.17999267578125,157.5,158.13999938964844,364369
2026-04-23 16:30:00,158.1300048828125,158.47999572753906,157.64999389648438,157.72000122070312,243008
2026-04-23 17:30:00,157.75,158.17999267578125,157.6199951171875,158.02000427246094,428019
2026-04-23 18:30:00,158.02000427246094,158.32000732421875,157.8800048828125,158.1699981689453,284625
2026-04-23 19:30:00,158.19500732421875,158.47000122070312,157.8300018310547,158.3300018310547,429480
2026-04-24 13:30:00,157.69000244140625,158.55999755859375,155.72000122070312,157.01499938964844,492984
2026-04-24 14:30:00,157.01499938964844,157.33999633789062,156.39999389648438,156.39999389648438,406717
2026-04-24 15:30:00,156.40499877929688,157.0800018310547,155.94000244140625,156.88999938964844,250557
2026-04-24 16:30:00,156.92999267578125,157.0,156.4700927734375,156.6300048828125,254198
2026-04-24 17:30:00,156.64999389648438,156.95899963378906,156.36000061035156,156.8699951171875,345455
2026-04-24 18:30:00,156.91000366210938,157.25,156.57009887695312,156.99000549316406,297112
2026-04-24 19:30:00,157.0,157.5500030517578,156.92999267578125,157.0399932861328,487215
2026-04-27 13:30:00,156.47000122070312,158.17999267578125,156.47000122070312,157.61000061035156,427901
2026-04-27 14:30:00,157.61500549316406,157.8350067138672,157.38400268554688,157.42999267578125,318494
2026-04-27 15:30:00,157.44000244140625,158.6999969482422,157.41000366210938,158.4199981689453,343412
2026-04-27 16:30:00,158.42880249023438,158.50999450683594,158.05999755859375,158.3000030517578,232836
2026-04-27 17:30:00,158.27000427246094,158.52000427246094,158.1199951171875,158.19000244140625,241532
2026-04-27 18:30:00,158.1699981689453,158.77000427246094,158.10499572753906,158.1999969482422,376581
2026-04-27 19:30:00,158.17999267578125,158.51499938964844,157.50999450683594,157.53500366210938,546829
2026-04-28 13:30:00,158.4600067138672,158.75,155.85000610351562,156.15499877929688,367612
2026-04-28 14:30:00,156.22000122070312,157.92999267578125,156.1199951171875,157.7100067138672,233670
2026-04-28 15:30:00,157.69500732421875,157.89999389648438,157.52000427246094,157.74000549316406,181937
2026-04-28 16:30:00,157.7449951171875,157.90499877929688,157.5399932861328,157.77000427246094,182665
2026-04-28 17:30:00,157.7449951171875,157.9499969482422,157.1999969482422,157.26499938964844,305135
2026-04-28 18:30:00,157.26499938964844,157.27999877929688,156.57000732421875,156.76499938964844,319922
2026-04-28 19:30:00,156.7550048828125,157.38999938964844,156.5800018310547,157.2100067138672,532156
2026-04-29 13:30:00,156.00999450683594,156.63999938964844,155.24000549316406,155.5800018310547,390784
2026-04-29 14:30:00,155.50999450683594,155.9600067138672,155.14999389648438,155.85000610351562,327885
2026-04-29 15:30:00,155.85000610351562,155.8699951171875,155.2899932861328,155.52000427246094,222090
2026-04-29 16:30:00,155.55999755859375,156.00999450683594,155.44000244140625,155.92999267578125,210446
2026-04-29 17:30:00,155.98500061035156,156.1999969482422,155.5500030517578,155.6300048828125,173959
2026-04-29 18:30:00,155.6649932861328,155.9550018310547,155.42999267578125,155.94000244140625,261930
2026-04-29 19:30:00,155.9149932861328,156.35000610351562,155.8800048828125,156.11000061035156,583802
2026-04-30 13:30:00,156.10000610351562,157.5800018310547,155.63999938964844,157.4600067138672,409415
2026-04-30 14:30:00,157.47000122070312,157.47000122070312,155.42999267578125,156.22000122070312,330078
2026-04-30 15:30:00,156.23500061035156,156.6699981689453,156.01229858398438,156.38499450683594,229197
2026-04-30 16:30:00,156.38499450683594,156.74000549316406,156.02499389648438,156.64999389648438,181044
2026-04-30 17:30:00,156.69000244140625,157.11000061035156,156.58999633789062,156.89500427246094,211724
2026-04-30 18:30:00,156.86000061035156,157.39999389648438,156.77000427246094,157.10499572753906,325567
2026-04-30 19:30:00,157.10499572753906,157.14999389648438,156.69000244140625,156.75,624376
2026-05-01 13:30:00,157.11000061035156,157.92990112304688,156.0,157.75,362179
2026-05-01 14:30:00,157.78500366210938,158.27999877929688,157.49009704589844,157.64999389648438,317402
2026-05-01 15:30:00,157.6300048828125,157.72000122070312,156.6999969482422,156.72999572753906,211078
2026-05-01 16:30:00,156.6999969482422,156.82000732421875,156.38999938964844,156.6199951171875,277242
2026-05-01 17:30:00,156.62803649902344,156.8000030517578,156.41000366210938,156.8000030517578,230954
2026-05-01 18:30:00,156.7899932861328,157.25999450683594,156.6800994873047,157.25,379882
2026-05-01 19:30:00,157.25999450683594,157.30999755859375,156.8300018310547,156.85000610351562,600511
2026-05-04 13:30:00,155.88499450683594,156.80999755859375,154.7899932861328,156.50999450683594,521935
2026-05-04 14:30:00,156.50999450683594,156.5399932861328,154.8000030517578,154.80499267578125,361027
2026-05-04 15:30:00,154.77999877929688,154.89999389648438,154.02000427246094,154.02000427246094,389575
2026-05-04 16:30:00,154.02000427246094,154.77000427246094,153.5,154.7100067138672,293034
2026-05-04 17:30:00,154.71499633789062,154.82000732421875,154.02000427246094,154.02999877929688,279775
2026-05-04 18:30:00,154.02999877929688,154.5500030517578,153.94000244140625,153.9499969482422,332253
2026-05-04 19:30:00,153.9600067138672,154.66000366210938,153.92999267578125,154.60000610351562,596828
2026-05-05 13:30:00,155.00999450683594,157.125,154.9499969482422,155.66000366210938,470134
2026-05-05 14:30:00,155.61000061035156,156.09500122070312,155.24000549316406,156.09500122070312,242713
2026-05-05 15:30:00,156.11000061035156,156.25,155.7550048828125,155.75999450683594,201516
2026-05-05 16:30:00,155.76499938964844,155.77000427246094,155.13999938964844,155.4149932861328,259112
2026-05-05 17:30:00,155.38999938964844,155.58999633789062,155.2050018310547,155.3699951171875,388437
2026-05-05 18:30:00,155.33999633789062,155.4199981689453,154.75999450683594,154.9499969482422,712722
2026-05-05 19:30:00,154.97999572753906,155.38999938964844,154.6999969482422,154.9499969482422,684322
2026-05-06 13:30:00,155.85000610351562,156.14999389648438,153.22000122070312,154.88999938964844,830799
2026-05-06 14:30:00,154.84519958496094,155.2899932861328,154.33999633789062,154.7899932861328,653939
2026-05-06 15:30:00,154.77000427246094,154.99000549316406,154.42999267578125,154.42999267578125,425548
2026-05-06 16:30:00,154.4199981689453,154.77499389648438,154.35000610351562,154.44500732421875,355397
2026-05-06 17:30:00,154.4600067138672,155.0399932861328,154.22000122070312,154.8800048828125,600468
2026-05-06 18:30:00,154.90499877929688,155.28500366210938,154.63499450683594,154.88499450683594,703925
2026-05-06 19:30:00,154.8699951171875,155.6300048828125,154.74000549316406,155.4499969482422,1050835
2026-05-07 13:30:00,156.0399932861328,157.42999267578125,154.52999877929688,154.6479034423828,746734
2026-05-07 14:30:00,154.72999572753906,156.0800018310547,154.6999969482422,155.02000427246094,411849
2026-05-07 15:30:00,155.02999877929688,155.13999938964844,154.66000366210938,154.89999389648438,587712
2026-05-07 16:30:00,154.94000244140625,155.1699981689453,154.05999755859375,154.5,394897
2026-05-07 17:30:00,154.44000244140625,154.52999877929688,153.4199981689453,154.3800048828125,419913
2026-05-07 18:30:00,154.35000610351562,154.77499389648438,154.14999389648438,154.50999450683594,390606
2026-05-07 19:30:00,154.51499938964844,154.6199951171875,154.0,154.47000122070312,568723
2026-05-08 13:30:00,155.02000427246094,155.3000030517578,152.52000427246094,153.5800018310547,644099
2026-05-08 14:30:00,153.58999633789062,154.6699981689453,153.5,153.8699951171875,465382
2026-05-08 15:30:00,153.9199981689453,154.61990356445312,153.88999938964844,154.0,284189
2026-05-08 16:30:00,153.99000549316406,154.49000549316406,153.92999267578125,154.11000061035156,220393
2026-05-08 17:30:00,154.11000061035156,154.6699981689453,154.0500030517578,154.30999755859375,198143
2026-05-08 18:30:00,154.3699951171875,154.54989624023438,153.69000244140625,153.88999938964844,251118
2026-05-08 19:30:00,153.91000366210938,154.0399932861328,153.1300048828125,153.3699951171875,506526
2026-05-11 13:30:00,152.83999633789062,153.8800048828125,151.19500732421875,151.41000366210938,597923
2026-05-11 14:30:00,151.47500610351562,151.5063934326172,149.32000732421875,149.6300048828125,569010
2026-05-11 15:30:00,149.52999877929688,149.59500122070312,148.10499572753906,148.10499572753906,542529
2026-05-11 16:30:00,148.07000732421875,148.4499969482422,147.8300018310547,147.86500549316406,544890
2026-05-11 17:30:00,147.89999389648438,147.9550018310547,147.27000427246094,147.47999572753906,538405
2026-05-11 18:30:00,147.47500610351562,148.3800048828125,147.33999633789062,148.36000061035156,577036
2026-05-11 19:30:00,148.2899932861328,148.9199981689453,147.8300018310547,148.86000061035156,830049
2026-05-12 13:30:00,149.0,149.4799041748047,147.11000061035156,148.27000427246094,806505
2026-05-12 14:30:00,148.24000549316406,150.2698974609375,147.69000244140625,150.2698974609375,561137
2026-05-12 15:30:00,150.14999389648438,150.4499969482422,149.7100067138672,150.27999877929688,366331
2026-05-12 16:30:00,150.27499389648438,151.0500030517578,150.13999938964844,150.7550048828125,326979
2026-05-12 17:30:00,150.69000244140625,150.75880432128906,150.19000244140625,150.43499755859375,322456
2026-05-12 18:30:00,150.44500732421875,150.9199981689453,150.1999969482422,150.77999877929688,418807
2026-05-12 19:30:00,150.77000427246094,150.9199981689453,150.17999267578125,150.25999450683594,919719
2026-05-13 13:30:00,149.17999267578125,149.8000030517578,147.77999877929688,147.875,757827
2026-05-13 14:30:00,147.875,147.9499969482422,146.13999938964844,146.49000549316406,853759
2026-05-13 15:30:00,146.51499938964844,147.6999969482422,146.44749450683594,147.5709991455078,550622
2026-05-13 16:30:00,147.5800018310547,148.36000061035156,147.49009704589844,147.6750030517578,353088
2026-05-13 17:30:00,147.5800018310547,147.82000732421875,147.0500030517578,147.14849853515625,377934
2026-05-13 18:30:00,147.13999938964844,147.6199951171875,146.86000061035156,147.11000061035156,658370
2026-05-13 19:30:00,147.10000610351562,147.14999389648438,146.6199951171875,147.02999877929688,957444
2026-05-14 13:30:00,146.75999450683594,148.1199951171875,146.72000122070312,147.02499389648438,1255707
2026-05-14 14:30:00,147.02499389648438,147.19000244140625,146.39999389648438,146.8350067138672,970361
2026-05-14 15:30:00,146.8699951171875,147.40350341796875,146.7449951171875,147.2899932861328,1411419
2026-05-14 16:30:00,147.2989959716797,147.75999450683594,147.08999633789062,147.52999877929688,680050
2026-05-14 17:30:00,147.5500030517578,147.75,147.25,147.27999877929688,607919
2026-05-14 18:30:00,147.2899932861328,147.6199951171875,147.1999969482422,147.4550018310547,645752
2026-05-14 19:30:00,147.47000122070312,147.5850067138672,147.27999877929688,147.35000610351562,919228
2026-05-15 13:30:00,147.82000732421875,148.3699951171875,147.1999969482422,147.8300018310547,989103
2026-05-15 14:30:00,147.7899932861328,148.2198944091797,147.47000122070312,147.86000061035156,801136
2026-05-15 15:30:00,147.85000610351562,148.0800018310547,147.1699981689453,147.55999755859375,1068355
2026-05-15 16:30:00,147.5,147.66000366210938,147.10000610351562,147.1750030517578,383754
2026-05-15 17:30:00,147.14999389648438,147.93499755859375,147.10000610351562,147.8249969482422,442382
2026-05-15 18:30:00,147.83999633789062,147.83999633789062,147.24000549316406,147.66000366210938,598286
2026-05-15 19:30:00,147.64500427246094,147.8249969482422,147.3000030517578,147.44000244140625,1411930
2026-05-18 13:30:00,148.19000244140625,151.66000366210938,147.8000030517578,151.1300048828125,1265108
2026-05-18 14:30:00,151.125,151.42999267578125,150.02999877929688,150.30499267578125,719694
2026-05-18 15:30:00,150.30499267578125,150.6300048828125,150.02999877929688,150.5500030517578,444653
2026-05-18 16:30:00,150.6300048828125,150.69839477539062,150.0500030517578,150.30999755859375,437550
2026-05-18 17:30:00,150.30999755859375,150.5800018310547,149.75,149.82000732421875,499257
2026-05-18 18:30:00,149.80499267578125,150.24989318847656,149.27999877929688,149.97999572753906,624903
2026-05-18 19:30:00,149.97000122070312,150.4427947998047,149.74000549316406,150.2899932861328,890429
2026-05-19 13:30:00,149.10000610351562,151.63999938964844,148.7100067138672,151.3000030517578,1345071
2026-05-19 14:30:00,151.28500366210938,151.875,150.5399932861328,151.0932159423828,788488
2026-05-19 15:30:00,151.08999633789062,152.27999877929688,150.97000122070312,152.05999755859375,890104
2026-05-19 16:30:00,152.0399932861328,152.55999755859375,151.38999938964844,151.6750030517578,703127
2026-05-19 17:30:00,151.67999267578125,151.9199981689453,151.4499969482422,151.72000122070312,723439
2026-05-19 18:30:00,151.7100067138672,151.71119689941406,150.64999389648438,150.97000122070312,857225
2026-05-19 19:30:00,150.9499969482422,151.11000061035156,150.5500030517578,150.69500732421875,1263169
2026-05-20 13:30:00,152.88499450683594,159.92999267578125,152.4499969482422,159.19000244140625,2140215
2026-05-20 14:30:00,159.18499755859375,160.14500427246094,158.22000122070312,159.61500549316406,1370314
2026-05-20 15:30:00,159.60000610351562,160.23800659179688,159.38999938964844,159.52999877929688,932484
2026-05-20 16:30:00,159.52999877929688,160.58999633789062,159.5,160.25,687603
2026-05-20 17:30:00,160.25,160.34750366210938,158.97999572753906,159.03500366210938,643741
2026-05-20 18:30:00,159.03500366210938,159.8699951171875,158.84010314941406,159.51499938964844,786359
2026-05-20 19:30:00,159.5399932861328,160.0500030517578,158.77999877929688,159.22000122070312,1189829
