Datetime,open,high,low,close,volume
2023-06-23 13:30:00,32.584999084472656,32.75,32.51499938964844,32.70500183105469,7121773
2023-06-23 14:30:00,32.709999084472656,32.7599983215332,32.673301696777344,32.755001068115234,3453931
2023-06-23 15:30:00,32.755001068115234,32.81999969482422,32.75,32.81999969482422,4304719
2023-06-23 16:30:00,32.81999969482422,32.849998474121094,32.77009963989258,32.79999923706055,3499137
2023-06-23 17:30:00,32.810001373291016,32.8390007019043,32.744998931884766,32.75,3316196
2023-06-23 18:30:00,32.75,32.7599983215332,32.68000030517578,32.72930145263672,3584097
2023-06-23 19:30:00,32.72999954223633,32.810001373291016,32.720001220703125,32.7400016784668,6728182
2023-06-26 13:30:00,32.689998626708984,32.93989944458008,32.65999984741211,32.65999984741211,4059921
2023-06-26 14:30:00,32.665000915527344,32.70000076293945,32.58000183105469,32.650001525878906,3551527
2023-06-26 15:30:00,32.654998779296875,32.779998779296875,32.650001525878906,32.75,3606367
2023-06-26 16:30:00,32.75,32.78499984741211,32.720001220703125,32.775001525878906,3382258
2023-06-26 17:30:00,32.775001525878906,32.77989959716797,32.68000030517578,32.71149826049805,2255544
2023-06-26 18:30:00,32.709999084472656,32.775001525878906,32.70500183105469,32.775001525878906,2193625
2023-06-26 19:30:00,32.77000045776367,32.78499984741211,32.650001525878906,32.68000030517578,4923261
2023-06-27 13:30:00,32.72999954223633,32.84000015258789,32.709999084472656,32.79999923706055,3744288
2023-06-27 14:30:00,32.79999923706055,32.92499923706055,32.790000915527344,32.8849983215332,3835992
2023-06-27 15:30:00,32.88999938964844,32.900001525878906,32.84000015258789,32.875,4539266
2023-06-27 16:30:00,32.875,32.95000076293945,32.87350082397461,32.935001373291016,5482810
2023-06-27 17:30:00,32.93000030517578,33.0,32.93000030517578,32.974998474121094,2266607
2023-06-27 18:30:00,32.974998474121094,32.97999954223633,32.90999984741211,32.939998626708984,2615849
2023-06-27 19:30:00,32.939998626708984,32.95000076293945,32.900001525878906,32.90999984741211,5630945
2023-06-28 13:30:00,32.88999938964844,32.900001525878906,32.71500015258789,32.7599983215332,6603877
2023-06-28 14:30:00,32.7599983215332,32.790000915527344,32.70009994506836,32.790000915527344,5235904
2023-06-28 15:30:00,32.790000915527344,32.86589813232422,32.779998779296875,32.85499954223633,2958836
2023-06-28 16:30:00,32.86000061035156,32.869998931884766,32.709999084472656,32.755001068115234,4602685
2023-06-28 17:30:00,32.7599983215332,32.77000045776367,32.71009826660156,32.755001068115234,3314501
2023-06-28 18:30:00,32.755001068115234,32.7859001159668,32.709999084472656,32.76499938964844,3126712
2023-06-28 19:30:00,32.7599983215332,32.86000061035156,32.7599983215332,32.86000061035156,5017067
2023-06-29 13:30:00,33.02000045776367,33.32500076293945,32.97999954223633,33.27009963989258,14320599
2023-06-29 14:30:00,33.275001525878906,33.29499816894531,33.16999816894531,33.28499984741211,4059563
2023-06-29 15:30:00,33.28919982910156,33.400001525878906,33.26499938964844,33.380001068115234,4627597
2023-06-29 16:30:00,33.38169860839844,33.400001525878906,33.32500076293945,33.380001068115234,3461966
2023-06-29 17:30:00,33.380001068115234,33.380001068115234,33.28010177612305,33.345001220703125,6779452
2023-06-29 18:30:00,33.34000015258789,33.39500045776367,33.31999969482422,33.375,3625259
2023-06-29 19:30:00,33.375,33.41999816894531,33.33000183105469,33.40999984741211,8153427
2023-06-30 13:30:00,33.63999938964844,33.7599983215332,33.619998931884766,33.709999084472656,7265092
2023-06-30 14:30:00,33.709999084472656,33.73500061035156,33.58000183105469,33.65999984741211,5869108
2023-06-30 15:30:00,33.654998779296875,33.72999954223633,33.619998931884766,33.720001220703125,3158012
2023-06-30 16:30:00,33.720001220703125,33.7599983215332,33.70399856567383,33.755001068115234,3359111
2023-06-30 17:30:00,33.755001068115234,33.80730056762695,33.754600524902344,33.79990005493164,4855382
2023-06-30 18:30:00,33.79499816894531,33.849998474121094,33.77000045776367,33.83000183105469,5848784
2023-06-30 19:30:00,33.82500076293945,33.83570098876953,33.70000076293945,33.70000076293945,8482420
2023-07-03 13:30:00,33.709999084472656,33.81999969482422,33.65999984741211,33.814998626708984,6525307
2023-07-03 14:30:00,33.81999969482422,33.95000076293945,33.80500030517578,33.95000076293945,4621404
2023-07-03 15:30:00,33.94499969482422,34.0,33.935001373291016,33.974998474121094,3130153
2023-07-05 13:30:00,33.70000076293945,33.75,33.599998474121094,33.724998474121094,7178494
2023-07-05 14:30:00,33.72999954223633,33.900001525878906,33.70389938354492,33.8849983215332,5054730
2023-07-05 15:30:00,33.88999938964844,33.91999816894531,33.84000015258789,33.85639953613281,4427950
2023-07-05 16:30:00,33.849998474121094,33.86000061035156,33.80500030517578,33.849998474121094,5260980
2023-07-05 17:30:00,33.845001220703125,33.88600158691406,33.810001373291016,33.849998474121094,4367358
2023-07-05 18:30:00,33.845001220703125,33.885799407958984,33.84000015258789,33.875,3595186
2023-07-05 19:30:00,33.875,33.880001068115234,33.81999969482422,33.82500076293945,4759675
2023-07-06 13:30:00,33.54999923706055,33.58000183105469,33.31999969482422,33.334999084472656,11974869
2023-07-06 14:30:00,33.33000183105469,33.33000183105469,33.25,33.29999923706055,6703602
2023-07-06 15:30:00,33.29999923706055,33.400001525878906,33.29499816894531,33.380001068115234,6239521
2023-07-06 16:30:00,33.3849983215332,33.45000076293945,33.36000061035156,33.43000030517578,2710302
2023-07-06 17:30:00,33.42499923706055,33.470001220703125,33.41999816894531,33.459999084472656,3086609
2023-07-06 18:30:00,33.459999084472656,33.54999923706055,33.459999084472656,33.52000045776367,3707233
2023-07-06 19:30:00,33.52000045776367,33.560001373291016,33.5,33.52299880981445,6248317
2023-07-07 13:30:00,33.400001525878906,33.63999938964844,33.400001525878906,33.619998931884766,5532601
2023-07-07 14:30:00,33.6150016784668,33.63679885864258,33.57500076293945,33.611000061035156,2612108
2023-07-07 15:30:00,33.6150016784668,33.724998474121094,33.594600677490234,33.724998474121094,2400681
2023-07-07 16:30:00,33.72309875488281,33.869998931884766,33.720001220703125,33.834999084472656,4026632
2023-07-07 17:30:00,33.83000183105469,33.83000183105469,33.75,33.80500030517578,4461804
2023-07-07 18:30:00,33.79999923706055,33.80500030517578,33.709999084472656,33.720001220703125,3575993
2023-07-07 19:30:00,33.720001220703125,33.747501373291016,33.55500030517578,33.56999969482422,6637354
2023-07-10 13:30:00,33.595001220703125,33.93000030517578,33.56999969482422,33.79999923706055,8237439
2023-07-10 14:30:00,33.810001373291016,33.81999969482422,33.70500183105469,33.7599983215332,4439512
2023-07-10 15:30:00,33.76499938964844,33.790000915527344,33.72999954223633,33.77560043334961,2545280
2023-07-10 16:30:00,33.775001525878906,33.790000915527344,33.7400016784668,33.744998931884766,2844828
2023-07-10 17:30:00,33.75,33.76850128173828,33.689998626708984,33.720001220703125,2581585
2023-07-10 18:30:00,33.720001220703125,33.720001220703125,33.66999816894531,33.689998626708984,2746210
2023-07-10 19:30:00,33.69499969482422,33.7400016784668,33.66999816894531,33.7400016784668,2908550
2023-07-11 13:30:00,33.86000061035156,33.97999954223633,33.790000915527344,33.95500183105469,4503497
2023-07-11 14:30:00,33.95000076293945,34.0,33.89500045776367,33.97999954223633,3834309
2023-07-11 15:30:00,33.97999954223633,34.060001373291016,33.970001220703125,34.01539993286133,3494074
2023-07-11 16:30:00,34.0099983215332,34.04899978637695,33.97999954223633,34.029998779296875,2820115
2023-07-11 17:30:00,34.029998779296875,34.06999969482422,34.00040054321289,34.06999969482422,3210277
2023-07-11 18:30:00,34.06999969482422,34.119998931884766,34.04010009765625,34.1150016784668,4553518
2023-07-11 19:30:00,34.11000061035156,34.18000030517578,34.08000183105469,34.125,7798643
2023-07-12 13:30:00,34.41999816894531,34.60499954223633,34.415000915527344,34.505001068115234,8131386
2023-07-12 14:30:00,34.5,34.59000015258789,34.4900016784668,34.5,4021784
2023-07-12 15:30:00,34.494998931884766,34.5099983215332,34.369998931884766,34.375,6313041
2023-07-12 16:30:00,34.380001068115234,34.439998626708984,34.369998931884766,34.404998779296875,5262841
2023-07-12 17:30:00,34.404998779296875,34.41999816894531,34.369998931884766,34.404998779296875,3799338
2023-07-12 18:30:00,34.40039825439453,34.41999816894531,34.26499938964844,34.30500030517578,4874199
2023-07-12 19:30:00,34.30500030517578,34.36000061035156,34.29499816894531,34.349998474121094,6030457
2023-07-13 13:30:00,34.40999984741211,34.52000045776367,34.349998474121094,34.5099983215332,6612848
2023-07-13 14:30:00,34.5099983215332,34.53499984741211,34.439998626708984,34.439998626708984,5476047
2023-07-13 15:30:00,34.439998626708984,34.45000076293945,34.404998779296875,34.415000915527344,3136583
2023-07-13 16:30:00,34.415000915527344,34.459999084472656,34.38999938964844,34.41999816894531,2914208
2023-07-13 17:30:00,34.415000915527344,34.45989990234375,34.39500045776367,34.435001373291016,2374580
2023-07-13 18:30:00,34.43000030517578,34.5,34.41999816894531,34.474998474121094,3607246
2023-07-13 19:30:00,34.470001220703125,34.529998779296875,34.459999084472656,34.470001220703125,7228618
2023-07-14 13:30:00,34.72999954223633,34.7400016784668,34.310001373291016,34.314998626708984,9366132
2023-07-14 14:30:00,34.310001373291016,34.320098876953125,34.23500061035156,34.255001068115234,5383988
2023-07-14 15:30:00,34.2599983215332,34.310001373291016,34.23500061035156,34.2400016784668,3537644
2023-07-14 16:30:00,34.2400016784668,34.290000915527344,34.204200744628906,34.27000045776367,4238808
2023-07-14 17:30:00,34.27000045776367,34.31999969482422,34.26499938964844,34.290000915527344,3164822
2023-07-14 18:30:00,34.290000915527344,34.310001373291016,34.22999954223633,34.28010177612305,5033410
2023-07-14 19:30:00,34.290000915527344,34.29999923706055,34.209999084472656,34.25,6833975
2023-07-17 13:30:00,34.209999084472656,34.5099983215332,34.209999084472656,34.44499969482422,5374869
2023-07-17 14:30:00,34.435001373291016,34.61000061035156,34.435001373291016,34.564998626708984,4494775
2023-07-17 15:30:00,34.560001373291016,34.63999938964844,34.54999923706055,34.6349983215332,5320183
2023-07-17 16:30:00,34.6349983215332,34.665000915527344,34.619998931884766,34.650001525878906,3625629
2023-07-17 17:30:00,34.650001525878906,34.66999816894531,34.599998474121094,34.64500045776367,3217288
2023-07-17 18:30:00,34.64500045776367,34.68000030517578,34.61000061035156,34.625,4996196
2023-07-17 19:30:00,34.625,34.650001525878906,34.56999969482422,34.584999084472656,7214967
2023-07-18 13:30:00,34.65999984741211,34.93000030517578,34.61000061035156,34.88999938964844,13299271
2023-07-18 14:30:00,34.88999938964844,35.0,34.849998474121094,34.98500061035156,7701160
2023-07-18 15:30:00,34.98500061035156,34.9900016784668,34.8739013671875,34.95500183105469,5505683
2023-07-18 16:30:00,34.95500183105469,34.959999084472656,34.900001525878906,34.915000915527344,3769513
2023-07-18 17:30:00,34.915000915527344,34.96730041503906,34.90999984741211,34.96500015258789,2958323
2023-07-18 18:30:00,34.96500015258789,34.98500061035156,34.904998779296875,34.959999084472656,3430377
2023-07-18 19:30:00,34.96500015258789,35.0,34.939998626708984,34.9900016784668,7569833
2023-07-19 13:30:00,34.970001220703125,35.220001220703125,34.959999084472656,35.15999984741211,10079860
2023-07-19 14:30:00,35.154998779296875,35.18000030517578,35.060001373291016,35.125,6201566
2023-07-19 15:30:00,35.125,35.209999084472656,35.119998931884766,35.154998779296875,7951739
2023-07-19 16:30:00,35.150001525878906,35.20500183105469,35.09000015258789,35.20000076293945,3756552
2023-07-19 17:30:00,35.19990158081055,35.20000076293945,35.130001068115234,35.1703987121582,4767672
2023-07-19 18:30:00,35.17499923706055,35.2599983215332,35.16999816894531,35.244998931884766,3669564
2023-07-19 19:30:00,35.244998931884766,35.244998931884766,35.119998931884766,35.130001068115234,7313099
2023-07-20 13:30:00,35.060001373291016,35.27000045776367,35.04499816894531,35.16999816894531,8567991
2023-07-20 14:30:00,35.17499923706055,35.2599983215332,35.15999984741211,35.209999084472656,6501591
2023-07-20 15:30:00,35.209999084472656,35.349998474121094,35.20000076293945,35.33000183105469,6091806
2023-07-20 16:30:00,35.33000183105469,35.339900970458984,35.2599983215332,35.314998626708984,3886146
2023-07-20 17:30:00,35.314998626708984,35.349998474121094,35.28499984741211,35.28499984741211,3528801
2023-07-20 18:30:00,35.290000915527344,35.380001068115234,35.279998779296875,35.32500076293945,5581097
2023-07-20 19:30:00,35.33000183105469,35.38999938964844,35.29999923706055,35.369998931884766,6830089
2023-07-21 13:30:00,35.439998626708984,35.459999084472656,35.17499923706055,35.27000045776367,7141306
2023-07-21 14:30:00,35.27000045776367,35.36000061035156,35.2400016784668,35.33000183105469,5133018
2023-07-21 15:30:00,35.34000015258789,35.400001525878906,35.3224983215332,35.345001220703125,3241730
2023-07-21 16:30:00,35.34000015258789,35.380001068115234,35.310001373291016,35.365699768066406,2580080
2023-07-21 17:30:00,35.3650016784668,35.400001525878906,35.34000015258789,35.345001220703125,2627124
2023-07-21 18:30:00,35.349998474121094,35.400001525878906,35.310001373291016,35.31999969482422,3437133
2023-07-21 19:30:00,35.31999969482422,35.33000183105469,35.2400016784668,35.255001068115234,4925805
2023-07-24 13:30:00,35.279998779296875,35.5099983215332,35.27000045776367,35.48500061035156,7464263
2023-07-24 14:30:00,35.48500061035156,35.560001373291016,35.459999084472656,35.54499816894531,3344257
2023-07-24 15:30:00,35.54999923706055,35.709999084472656,35.540000915527344,35.70289993286133,3358437
2023-07-24 16:30:00,35.70500183105469,35.709999084472656,35.630001068115234,35.665000915527344,3065549
2023-07-24 17:30:00,35.665000915527344,35.66999816894531,35.61000061035156,35.619998931884766,2336641
2023-07-24 18:30:00,35.619998931884766,35.619998931884766,35.54999923706055,35.55970001220703,4009412
2023-07-24 19:30:00,35.560001373291016,35.630001068115234,35.560001373291016,35.6150016784668,5493766
2023-07-25 13:30:00,35.5,35.58000183105469,35.3849983215332,35.459999084472656,6852286
2023-07-25 14:30:00,35.459999084472656,35.5171012878418,35.423500061035156,35.45000076293945,4909755
2023-07-25 15:30:00,35.45000076293945,35.47999954223633,35.43000030517578,35.46500015258789,2531623
2023-07-25 16:30:00,35.4640007019043,35.529998779296875,35.4640007019043,35.505001068115234,2928878
2023-07-25 17:30:00,35.5099983215332,35.52000045776367,35.47010040283203,35.5,1873845
2023-07-25 18:30:00,35.5,35.529998779296875,35.36000061035156,35.400001525878906,5491079
2023-07-25 19:30:00,35.39500045776367,35.400001525878906,35.34000015258789,35.349998474121094,7924366
2023-07-26 13:30:00,35.34000015258789,35.58000183105469,35.279998779296875,35.474998474121094,6520706
2023-07-26 14:30:00,35.47779846191406,35.529998779296875,35.41999816894531,35.5,2939667
2023-07-26 15:30:00,35.505001068115234,35.55699920654297,35.470001220703125,35.54029846191406,2904896
2023-07-26 16:30:00,35.54100036621094,35.54990005493164,35.47999954223633,35.5098991394043,2527155
2023-07-26 17:30:00,35.5,35.529998779296875,35.45000076293945,35.528900146484375,3101104
2023-07-26 18:30:00,35.52000045776367,35.689998626708984,35.48500061035156,35.53499984741211,8667845
2023-07-26 19:30:00,35.529998779296875,35.599998474121094,35.47999954223633,35.584999084472656,5751883
2023-07-27 13:30:00,35.58000183105469,35.66999816894531,35.400001525878906,35.564998626708984,11009363
2023-07-27 14:30:00,35.564998626708984,35.65999984741211,35.40999984741211,35.435001373291016,5488550
2023-07-27 15:30:00,35.439998626708984,35.459999084472656,35.380001068115234,35.42499923706055,2589693
2023-07-27 16:30:00,35.43000030517578,35.470001220703125,35.32500076293945,35.33000183105469,4193631
2023-07-27 17:30:00,35.334999084472656,35.345001220703125,35.16999816894531,35.189998626708984,5521718
2023-07-27 18:30:00,35.189998626708984,35.21500015258789,35.11000061035156,35.119998931884766,6439392
2023-07-27 19:30:00,35.119998931884766,35.150001525878906,35.08000183105469,35.125,7682135
2023-07-28 13:30:00,35.40999984741211,35.42499923706055,35.20500183105469,35.32899856567383,5561172
2023-07-28 14:30:00,35.31999969482422,35.34000015258789,35.22999954223633,35.26959991455078,3805572
2023-07-28 15:30:00,35.26499938964844,35.290000915527344,35.15999984741211,35.22710037231445,3453730
2023-07-28 16:30:00,35.22999954223633,35.2599983215332,35.130001068115234,35.130001068115234,2526442
2023-07-28 17:30:00,35.130001068115234,35.13999938964844,35.0099983215332,35.130001068115234,4717973
2023-07-28 18:30:00,35.130001068115234,35.15999984741211,35.09000015258789,35.125,3682710
2023-07-28 19:30:00,35.125,35.20000076293945,35.11000061035156,35.17499923706055,6804843
2023-07-31 13:30:00,35.27000045776367,35.439998626708984,35.23500061035156,35.415000915527344,5714383
2023-07-31 14:30:00,35.41999816894531,35.439998626708984,35.31999969482422,35.35499954223633,4260832
2023-07-31 15:30:00,35.36000061035156,35.36000061035156,35.2599983215332,35.275001525878906,3880188
2023-07-31 16:30:00,35.2765998840332,35.290000915527344,35.22999954223633,35.2598991394043,2445753
2023-07-31 17:30:00,35.255001068115234,35.290000915527344,35.209999084472656,35.2400016784668,2883385
2023-07-31 18:30:00,35.23500061035156,35.25,35.20000076293945,35.22999954223633,3196150
2023-07-31 19:30:00,35.224998474121094,35.34000015258789,35.18000030517578,35.34000015258789,5095028
2023-08-01 13:30:00,35.2599983215332,35.349998474121094,35.185001373291016,35.220001220703125,7250899
2023-08-01 14:30:00,35.220001220703125,35.22999954223633,35.15010070800781,35.16999816894531,4399057
2023-08-01 15:30:00,35.16999816894531,35.20000076293945,35.13999938964844,35.185001373291016,3283302
2023-08-01 16:30:00,35.185001373291016,35.22999954223633,35.172000885009766,35.2156982421875,2282872
2023-08-01 17:30:00,35.21500015258789,35.279998779296875,35.20000076293945,35.255001068115234,2502794
2023-08-01 18:30:00,35.2599983215332,35.34000015258789,35.244998931884766,35.32500076293945,2400638
2023-08-01 19:30:00,35.33000183105469,35.36000061035156,35.28499984741211,35.32500076293945,3696859
2023-08-02 13:30:00,35.029998779296875,35.154998779296875,34.95000076293945,35.005001068115234,6988102
2023-08-02 14:30:00,35.005001068115234,35.040000915527344,34.83000183105469,34.915000915527344,8280292
2023-08-02 15:30:00,34.91999816894531,35.06999969482422,34.90999984741211,35.04999923706055,6370341
2023-08-02 16:30:00,35.04499816894531,35.08000183105469,35.0099983215332,35.04499816894531,4721459
2023-08-02 17:30:00,35.040000915527344,35.06999969482422,35.0099983215332,35.02560043334961,3527744
2023-08-02 18:30:00,35.02000045776367,35.040000915527344,34.95000076293945,34.95000076293945,5279344
2023-08-02 19:30:00,34.95500183105469,35.06999969482422,34.939998626708984,35.02000045776367,9809915
2023-08-03 13:30:00,34.834999084472656,34.91999816894531,34.720001220703125,34.82500076293945,6688033
2023-08-03 14:30:00,34.830101013183594,34.95000076293945,34.79999923706055,34.93000030517578,4813701
2023-08-03 15:30:00,34.93009948730469,35.0,34.91999816894531,34.98500061035156,3299993
2023-08-03 16:30:00,34.98500061035156,35.1254997253418,34.984901428222656,35.10540008544922,4306746
2023-08-03 17:30:00,35.10029983520508,35.119998931884766,35.04999923706055,35.084999084472656,3141728
2023-08-03 18:30:00,35.09000015258789,35.11000061035156,35.040000915527344,35.060001373291016,4007610
2023-08-03 19:30:00,35.060001373291016,35.09000015258789,35.029998779296875,35.040000915527344,4267397
2023-08-04 13:30:00,35.060001373291016,35.21989822387695,35.02000045776367,35.19499969482422,6550296
2023-08-04 14:30:00,35.20000076293945,35.255401611328125,35.18000030517578,35.226200103759766,3978270
2023-08-04 15:30:00,35.22999954223633,35.29499816894531,35.209999084472656,35.28620147705078,3726351
2023-08-04 16:30:00,35.290000915527344,35.36000061035156,35.2599983215332,35.279998779296875,2708635
2023-08-04 17:30:00,35.279998779296875,35.30500030517578,34.9900016784668,35.0099983215332,7895472
2023-08-04 18:30:00,35.010101318359375,35.029998779296875,34.88999938964844,34.92499923706055,5407082
2023-08-04 19:30:00,34.93000030517578,34.9463996887207,34.875,34.90999984741211,4562702
2023-08-07 13:30:00,35.130001068115234,35.345001220703125,35.119998931884766,35.32500076293945,7198338
2023-08-07 14:30:00,35.32500076293945,35.3849983215332,35.310001373291016,35.35499954223633,4023693
2023-08-07 15:30:00,35.349998474121094,35.40999984741211,35.33000183105469,35.3849983215332,4015193
2023-08-07 16:30:00,35.3849983215332,35.41999816894531,35.36000061035156,35.390098571777344,2943427
2023-08-07 17:30:00,35.39500045776367,35.459999084472656,35.380001068115234,35.39500045776367,3452181
2023-08-07 18:30:00,35.39500045776367,35.429901123046875,35.33000183105469,35.344200134277344,4082557
2023-08-07 19:30:00,35.34000015258789,35.41999816894531,35.330101013183594,35.38999938964844,5636602
2023-08-08 13:30:00,34.93000030517578,34.959999084472656,34.70000076293945,34.744998931884766,8034100
2023-08-08 14:30:00,34.7400016784668,34.79999923706055,34.66999816894531,34.78499984741211,6492733
2023-08-08 15:30:00,34.779998779296875,34.880001068115234,34.77000045776367,34.849998474121094,3558087
2023-08-08 16:30:00,34.85260009765625,34.939998626708984,34.844600677490234,34.904998779296875,3597231
2023-08-08 17:30:00,34.904998779296875,35.0099983215332,34.88999938964844,34.974998474121094,3744424
2023-08-08 18:30:00,34.974998474121094,35.09000015258789,34.970001220703125,35.06999969482422,4354845
2023-08-08 19:30:00,35.06999969482422,35.10609817504883,35.040000915527344,35.07500076293945,5770896
2023-08-09 13:30:00,35.060001373291016,35.13999938964844,34.97999954223633,35.13999938964844,4292533
2023-08-09 14:30:00,35.130001068115234,35.15999984741211,34.90999984741211,34.92499923706055,6063227
2023-08-09 15:30:00,34.91999816894531,34.939998626708984,34.779998779296875,34.810001373291016,5064604
2023-08-09 16:30:00,34.814998626708984,34.93000030517578,34.80500030517578,34.90999984741211,2835191
2023-08-09 17:30:00,34.91999816894531,35.02000045776367,34.90999984741211,35.005001068115234,3003064
2023-08-09 18:30:00,35.002498626708984,35.04750061035156,34.97999954223633,35.005001068115234,4876085
2023-08-09 19:30:00,35.0099983215332,35.0099983215332,34.790000915527344,34.810001373291016,6339230
2023-08-10 13:30:00,35.0,35.2599983215332,34.97999954223633,35.21500015258789,5965660
2023-08-10 14:30:00,35.21500015258789,35.2400016784668,35.040000915527344,35.125,4139290
2023-08-10 15:30:00,35.119998931884766,35.150001525878906,34.880001068115234,34.935001373291016,4941772
2023-08-10 16:30:00,34.93000030517578,35.0099983215332,34.86000061035156,34.88999938964844,4065443
2023-08-10 17:30:00,34.880001068115234,34.959999084472656,34.79999923706055,34.904998779296875,4886764
2023-08-10 18:30:00,34.90739822387695,35.0099983215332,34.86000061035156,34.904998779296875,5465673
2023-08-10 19:30:00,34.900001525878906,34.900001525878906,34.7599983215332,34.849998474121094,6323489
2023-08-11 13:30:00,34.7400016784668,34.915000915527344,34.654998779296875,34.89500045776367,5347997
2023-08-11 14:30:00,34.89500045776367,34.95500183105469,34.83250045776367,34.880001068115234,3161665
2023-08-11 15:30:00,34.880001068115234,34.97999954223633,34.869998931884766,34.89500045776367,3133803
2023-08-11 16:30:00,34.900001525878906,34.93000030517578,34.869998931884766,34.915000915527344,2484703
2023-08-11 17:30:00,34.91999816894531,34.959999084472656,34.85499954223633,34.939998626708984,2243073
2023-08-11 18:30:00,34.939998626708984,34.975399017333984,34.900001525878906,34.935001373291016,4343596
2023-08-11 19:30:00,34.935001373291016,34.959999084472656,34.880001068115234,34.92499923706055,6146685
2023-08-14 13:30:00,34.84000015258789,34.869998931884766,34.689998626708984,34.790000915527344,3866899
2023-08-14 14:30:00,34.790000915527344,34.875,34.775001525878906,34.8650016784668,3072113
2023-08-14 15:30:00,34.8650016784668,34.91999816894531,34.82500076293945,34.849998474121094,2171806
2023-08-14 16:30:00,34.844200134277344,34.900001525878906,34.832698822021484,34.8650016784668,1775437
2023-08-14 17:30:00,34.8650016784668,34.877498626708984,34.779998779296875,34.79999923706055,2816134
2023-08-14 18:30:00,34.80500030517578,34.80569839477539,34.75,34.77009963989258,3500208
2023-08-14 19:30:00,34.77000045776367,34.86000061035156,34.755001068115234,34.86000061035156,6017115
2023-08-15 13:30:00,34.560001373291016,34.595001220703125,34.330101013183594,34.36000061035156,9191901
2023-08-15 14:30:00,34.35499954223633,34.3849983215332,34.29999923706055,34.354801177978516,6652577
2023-08-15 15:30:00,34.35499954223633,34.38999938964844,34.290000915527344,34.30500030517578,5609855
2023-08-15 16:30:00,34.30500030517578,34.314998626708984,34.25,34.29499816894531,3972661
2023-08-15 17:30:00,34.290000915527344,34.29990005493164,34.244998931884766,34.275001525878906,3644344
2023-08-15 18:30:00,34.275001525878906,34.31999969482422,34.18000030517578,34.189998626708984,5052841
2023-08-15 19:30:00,34.185001373291016,34.27000045776367,34.16999816894531,34.22999954223633,12827200
2023-08-16 13:30:00,34.150001525878906,34.415000915527344,34.119998931884766,34.28499984741211,5099465
2023-08-16 14:30:00,34.279998779296875,34.3650016784668,34.27009963989258,34.349998474121094,4384580
2023-08-16 15:30:00,34.349998474121094,34.3650016784668,34.2599983215332,34.27000045776367,3435000
2023-08-16 16:30:00,34.275001525878906,34.314998626708984,34.209999084472656,34.209999084472656,2516216
2023-08-16 17:30:00,34.21500015258789,34.32500076293945,34.20500183105469,34.29499816894531,3599960
2023-08-16 18:30:00,34.292598724365234,34.33000183105469,34.119998931884766,34.14950180053711,5081797
2023-08-16 19:30:00,34.150001525878906,34.20000076293945,34.125,34.154998779296875,7470371
2023-08-17 13:30:00,34.27000045776367,34.31999969482422,34.130001068115234,34.30500030517578,8508280
2023-08-17 14:30:00,34.30500030517578,34.310001373291016,34.154998779296875,34.15999984741211,4258346
2023-08-17 15:30:00,34.15999984741211,34.19499969482422,34.04999923706055,34.185001373291016,4118803
2023-08-17 16:30:00,34.185001373291016,34.189998626708984,34.11000061035156,34.119998931884766,2407167
2023-08-17 17:30:00,34.11980056762695,34.13529968261719,34.06999969482422,34.11000061035156,3350669
2023-08-17 18:30:00,34.11000061035156,34.11000061035156,33.89419937133789,33.97999954223633,5762431
2023-08-17 19:30:00,33.97999954223633,34.04999923706055,33.95399856567383,33.97999954223633,7460230
2023-08-18 13:30:00,33.75,34.029998779296875,33.720001220703125,33.880001068115234,9131083
2023-08-18 14:30:00,33.880001068115234,34.06999969482422,33.869998931884766,34.01499938964844,5613815
2023-08-18 15:30:00,34.0099983215332,34.08000183105469,33.96500015258789,33.970001220703125,4783793
2023-08-18 16:30:00,33.96500015258789,34.0099983215332,33.880001068115234,33.92499923706055,2749605
2023-08-18 17:30:00,33.929901123046875,33.959999084472656,33.89500045776367,33.92499923706055,2578145
2023-08-18 18:30:00,33.93000030517578,33.959999084472656,33.86000061035156,33.92259979248047,5477858
2023-08-18 19:30:00,33.91999816894531,34.029998779296875,33.904998779296875,33.959999084472656,6711242
2023-08-21 13:30:00,34.029998779296875,34.095001220703125,33.834999084472656,33.845001220703125,5929761
2023-08-21 14:30:00,33.845001220703125,33.904998779296875,33.79499816894531,33.79999923706055,5390653
2023-08-21 15:30:00,33.79999923706055,33.81999969482422,33.66999816894531,33.755001068115234,6639080
2023-08-21 16:30:00,33.7599983215332,33.790000915527344,33.720001220703125,33.790000915527344,2306033
2023-08-21 17:30:00,33.790000915527344,33.86000061035156,33.779998779296875,33.81999969482422,2720414
2023-08-21 18:30:00,33.83000183105469,33.970001220703125,33.81999969482422,33.96500015258789,2611586
2023-08-21 19:30:00,33.96500015258789,34.02000045776367,33.900001525878906,33.91999816894531,4856713
2023-08-22 13:30:00,33.95000076293945,33.9900016784668,33.779998779296875,33.79499816894531,5343104
2023-08-22 14:30:00,33.790000915527344,33.790000915527344,33.625,33.71500015258789,4673988
2023-08-22 15:30:00,33.71500015258789,33.755001068115234,33.65999984741211,33.724998474121094,5906989
2023-08-22 16:30:00,33.729000091552734,33.76499938964844,33.6244010925293,33.66999816894531,6984532
2023-08-22 17:30:00,33.66999816894531,33.68000030517578,33.619998931884766,33.66999816894531,5345830
2023-08-22 18:30:00,33.66999816894531,33.72999954223633,33.619998931884766,33.650001525878906,5124893
2023-08-22 19:30:00,33.64500045776367,33.650001525878906,33.57440185546875,33.625,8170940
2023-08-23 13:30:00,33.68000030517578,33.790000915527344,33.630001068115234,33.7400016784668,8166663
2023-08-23 14:30:00,33.74089813232422,33.81999969482422,33.70000076293945,33.80339813232422,3876638
2023-08-23 15:30:00,33.80500030517578,33.849998474121094,33.779998779296875,33.83570098876953,2925941
2023-08-23 16:30:00,33.83440017700195,33.93000030517578,33.81999969482422,33.915000915527344,2630635
2023-08-23 17:30:00,33.915000915527344,33.939998626708984,33.86000061035156,33.88059997558594,2883262
2023-08-23 18:30:00,33.88999938964844,33.91999816894531,33.86000061035156,33.911399841308594,2562453
2023-08-23 19:30:00,33.90999984741211,33.959999084472656,33.88999938964844,33.939998626708984,5314181
2023-08-24 13:30:00,33.900001525878906,34.310001373291016,33.900001525878906,34.14500045776367,7999396
2023-08-24 14:30:00,34.14500045776367,34.15999984741211,33.970001220703125,34.0,4766528
2023-08-24 15:30:00,34.0,34.0,33.90999984741211,33.959999084472656,4256005
2023-08-24 16:30:00,33.959999084472656,33.9900016784668,33.875,33.88010025024414,3476211
2023-08-24 17:30:00,33.889400482177734,33.939998626708984,33.869998931884766,33.88999938964844,3221715
2023-08-24 18:30:00,33.8849983215332,33.97999954223633,33.845001220703125,33.95500183105469,4119570
2023-08-24 19:30:00,33.959999084472656,33.97549819946289,33.84000015258789,33.849998474121094,6171936
2023-08-25 13:30:00,33.970001220703125,34.119998931884766,33.77899932861328,33.810001373291016,8326141
2023-08-25 14:30:00,33.80500030517578,33.970001220703125,33.709999084472656,33.970001220703125,8423840
2023-08-25 15:30:00,33.970001220703125,34.03499984741211,33.8849983215332,34.025001525878906,4599611
2023-08-25 16:30:00,34.029998779296875,34.056800842285156,33.915000915527344,33.94499969482422,3251532
2023-08-25 17:30:00,33.94499969482422,34.060001373291016,33.875,34.04999923706055,3603167
2023-08-25 18:30:00,34.05500030517578,34.11000061035156,34.01499938964844,34.060001373291016,5017874
2023-08-25 19:30:00,34.05500030517578,34.08000183105469,33.939998626708984,33.970001220703125,5635269
2023-08-28 13:30:00,34.099998474121094,34.29999923706055,34.099998474121094,34.27000045776367,5405576
2023-08-28 14:30:00,34.27000045776367,34.290000915527344,34.119998931884766,34.1349983215332,4170299
2023-08-28 15:30:00,34.130001068115234,34.18000030517578,34.10409927368164,34.130001068115234,3728561
2023-08-28 16:30:00,34.12910079956055,34.25,34.11000061035156,34.21500015258789,3119744
2023-08-28 17:30:00,34.209999084472656,34.22999954223633,34.07500076293945,34.085601806640625,4372392
2023-08-28 18:30:00,34.084999084472656,34.150001525878906,34.06999969482422,34.1150016784668,4591062
2023-08-28 19:30:00,34.1150016784668,34.2400016784668,34.10499954223633,34.16999816894531,6039046
2023-08-29 13:30:00,34.150001525878906,34.295799255371094,34.099998474121094,34.26499938964844,5816644
2023-08-29 14:30:00,34.26499938964844,34.310001373291016,34.15999984741211,34.279998779296875,5535654
2023-08-29 15:30:00,34.28499984741211,34.439998626708984,34.28499984741211,34.435001373291016,3802533
2023-08-29 16:30:00,34.435001373291016,34.459999084472656,34.369998931884766,34.45500183105469,5535631
2023-08-29 17:30:00,34.459999084472656,34.47999954223633,34.38999938964844,34.404998779296875,5308691
2023-08-29 18:30:00,34.40999984741211,34.46500015258789,34.38079833984375,34.45500183105469,6420985
2023-08-29 19:30:00,34.45000076293945,34.49570083618164,34.439998626708984,34.470001220703125,8659452
2023-08-30 13:30:00,34.540000915527344,34.709999084472656,34.439998626708984,34.46500015258789,6858440
2023-08-30 14:30:00,34.459999084472656,34.560001373291016,34.45000076293945,34.54499816894531,4572716
2023-08-30 15:30:00,34.54999923706055,34.59000015258789,34.525001525878906,34.57500076293945,4390520
2023-08-30 16:30:00,34.58000183105469,34.599998474121094,34.54499816894531,34.55500030517578,2188303
2023-08-30 17:30:00,34.550899505615234,34.58000183105469,34.494998931884766,34.51499938964844,3020295
2023-08-30 18:30:00,34.51499938964844,34.56999969482422,34.5,34.54899978637695,3485294
2023-08-30 19:30:00,34.54570007324219,34.560001373291016,34.4900016784668,34.525001525878906,6414139
2023-08-31 13:30:00,34.61000061035156,34.6150016784668,34.5,34.564998626708984,4251823
2023-08-31 14:30:00,34.564998626708984,34.58000183105469,34.46009826660156,34.5099983215332,2405239
2023-08-31 15:30:00,34.51499938964844,34.51499938964844,34.45500183105469,34.470001220703125,3413840
2023-08-31 16:30:00,34.474998474121094,34.4900016784668,34.400001525878906,34.47570037841797,2706366
2023-08-31 17:30:00,34.47999954223633,34.5,34.45000076293945,34.470001220703125,2748873
2023-08-31 18:30:00,34.470001220703125,34.47420120239258,34.349998474121094,34.36000061035156,4576817
2023-08-31 19:30:00,34.36000061035156,34.43000030517578,34.344600677490234,34.400001525878906,5998509
2023-09-01 13:30:00,34.59000015258789,34.7958984375,34.55500030517578,34.77000045776367,12500567
2023-09-01 14:30:00,34.76499938964844,34.790000915527344,34.650001525878906,34.66999816894531,4793685
2023-09-01 15:30:00,34.66999816894531,34.689998626708984,34.599998474121094,34.66999816894531,4698851
2023-09-01 16:30:00,34.670101165771484,34.709999084472656,34.6349983215332,34.665000915527344,2880224
2023-09-01 17:30:00,34.665000915527344,34.68000030517578,34.630001068115234,34.65010070800781,2719416
2023-09-01 18:30:00,34.64500045776367,34.70000076293945,34.62009811401367,34.70000076293945,3615408
2023-09-01 19:30:00,34.70000076293945,34.720001220703125,34.654998779296875,34.68000030517578,6685076
2023-09-05 13:30:00,34.650001525878906,34.790000915527344,34.470001220703125,34.53499984741211,10490602
2023-09-05 14:30:00,34.53499984741211,34.567501068115234,34.439998626708984,34.505001068115234,4166403
2023-09-05 15:30:00,34.505001068115234,34.52000045776367,34.459999084472656,34.46500015258789,3401861
2023-09-05 16:30:00,34.46500015258789,34.47990036010742,34.349998474121094,34.3650016784668,3723767
2023-09-05 17:30:00,34.3650016784668,34.42499923706055,34.349998474121094,34.415000915527344,3594953
2023-09-05 18:30:00,34.415000915527344,34.439998626708984,34.380001068115234,34.404998779296875,3991195
2023-09-05 19:30:00,34.400001525878906,34.45000076293945,34.33000183105469,34.345001220703125,5617506
2023-09-06 13:30:00,34.25,34.38999938964844,34.18000030517578,34.27000045776367,7601827
2023-09-06 14:30:00,34.26499938964844,34.290000915527344,34.16999816894531,34.19499969482422,3801637
2023-09-06 15:30:00,34.19499969482422,34.20000076293945,34.150001525878906,34.165000915527344,2941932
2023-09-06 16:30:00,34.165000915527344,34.189998626708984,34.06999969482422,34.13999938964844,3890396
2023-09-06 17:30:00,34.14500045776367,34.287498474121094,34.13999938964844,34.270999908447266,4024568
2023-09-06 18:30:00,34.27000045776367,34.349998474121094,34.2599983215332,34.34000015258789,3884346
2023-09-06 19:30:00,34.345001220703125,34.3583984375,34.275001525878906,34.290000915527344,6448506
2023-09-07 13:30:00,34.18000030517578,34.380001068115234,34.130001068115234,34.174198150634766,6427283
2023-09-07 14:30:00,34.18000030517578,34.29999923706055,34.16999816894531,34.28499984741211,3525330
2023-09-07 15:30:00,34.29999923706055,34.34000015258789,34.2400016784668,34.29999923706055,2435828
2023-09-07 16:30:00,34.29999923706055,34.34000015258789,34.260101318359375,34.32500076293945,2118381
2023-09-07 17:30:00,34.33000183105469,34.33000183105469,34.22999954223633,34.22999954223633,2561030
2023-09-07 18:30:00,34.22999954223633,34.25,34.189998626708984,34.224998474121094,2798588
2023-09-07 19:30:00,34.22999954223633,34.279998779296875,34.209999084472656,34.2400016784668,4342802
2023-09-08 13:30:00,34.2599983215332,34.310001373291016,34.125,34.28499984741211,3897678
2023-09-08 14:30:00,34.290000915527344,34.369998931884766,34.27000045776367,34.310001373291016,4721685
2023-09-08 15:30:00,34.29999923706055,34.365501403808594,34.2599983215332,34.345001220703125,3091596
2023-09-08 16:30:00,34.34000015258789,34.36000061035156,34.30500030517578,34.314998626708984,6100921
2023-09-08 17:30:00,34.314998626708984,34.349998474121094,34.279998779296875,34.29499816894531,4459837
2023-09-08 18:30:00,34.29999923706055,34.310001373291016,34.23500061035156,34.2400016784668,5162586
2023-09-08 19:30:00,34.23500061035156,34.31999969482422,34.22999954223633,34.31999969482422,7555493
2023-09-11 13:30:00,34.459999084472656,34.63999938964844,34.439998626708984,34.57500076293945,4857744
2023-09-11 14:30:00,34.56999969482422,34.59000015258789,34.43000030517578,34.44499969482422,3760217
2023-09-11 15:30:00,34.44499969482422,34.510101318359375,34.37030029296875,34.505001068115234,3285069
2023-09-11 16:30:00,34.505001068115234,34.5099983215332,34.470001220703125,34.47999954223633,2668370
2023-09-11 17:30:00,34.47999954223633,34.5,34.41999816894531,34.435001373291016,3054630
2023-09-11 18:30:00,34.435001373291016,34.45000076293945,34.41999816894531,34.43000030517578,3131274
2023-09-11 19:30:00,34.43000030517578,34.45000076293945,34.38999938964844,34.439998626708984,5955183
2023-09-12 13:30:00,34.45000076293945,34.59000015258789,34.404998779296875,34.5,4923460
2023-09-12 14:30:00,34.5,34.70000076293945,34.4900016784668,34.70000076293945,6492804
2023-09-12 15:30:00,34.70000076293945,34.810001373291016,34.689998626708984,34.79499816894531,5260799
2023-09-12 16:30:00,34.79499816894531,34.935001373291016,34.78499984741211,34.915000915527344,4972339
2023-09-12 17:30:00,34.91999816894531,34.93000030517578,34.83000183105469,34.845001220703125,3956261
2023-09-12 18:30:00,34.84000015258789,34.845001220703125,34.689998626708984,34.70989990234375,4232762
2023-09-12 19:30:00,34.70500183105469,34.7400016784668,34.69459915161133,34.72999954223633,7636804
2023-09-13 13:30:00,34.849998474121094,34.88999938964844,34.68000030517578,34.71500015258789,5086133
2023-09-13 14:30:00,34.720001220703125,34.8849983215332,34.709999084472656,34.779998779296875,3835506
2023-09-13 15:30:00,34.78499984741211,34.79750061035156,34.71500015258789,34.73500061035156,2875893
2023-09-13 16:30:00,34.73500061035156,34.779998779296875,34.709999084472656,34.755001068115234,2256471
2023-09-13 17:30:00,34.755001068115234,34.77000045776367,34.68000030517578,34.69499969482422,3191499
2023-09-13 18:30:00,34.69499969482422,34.709999084472656,34.55500030517578,34.6150016784668,4472577
2023-09-13 19:30:00,34.619998931884766,34.720001220703125,34.6150016784668,34.70000076293945,5525968
2023-09-14 13:30:00,34.93000030517578,34.959999084472656,34.755001068115234,34.850101470947266,6868402
2023-09-14 14:30:00,34.86000061035156,34.95000076293945,34.83000183105469,34.89500045776367,3565982
2023-09-14 15:30:00,34.900001525878906,35.0099983215332,34.880001068115234,35.0099983215332,4258119
2023-09-14 16:30:00,35.0,35.03990173339844,34.970001220703125,34.97999954223633,2764521
2023-09-14 17:30:00,34.97999954223633,35.0099983215332,34.94499969482422,34.970001220703125,4055161
2023-09-14 18:30:00,34.97560119628906,35.055198669433594,34.970001220703125,35.0,4566737
2023-09-14 19:30:00,35.0,35.02000045776367,34.970001220703125,35.0099983215332,8147110
2023-09-15 13:30:00,34.779998779296875,35.040000915527344,34.779998779296875,35.005001068115234,7504238
2023-09-15 14:30:00,35.0,35.0099983215332,34.845001220703125,34.970001220703125,8172015
2023-09-15 15:30:00,34.96500015258789,34.97999954223633,34.88999938964844,34.904998779296875,4290365
2023-09-15 16:30:00,34.904998779296875,34.93000030517578,34.790000915527344,34.810001373291016,3286831
2023-09-15 17:30:00,34.79999923706055,34.93000030517578,34.775001525878906,34.834999084472656,4376268
2023-09-15 18:30:00,34.84000015258789,34.900001525878906,34.81999969482422,34.83000183105469,4360735
2023-09-15 19:30:00,34.83000183105469,34.849998474121094,34.7599983215332,34.810001373291016,9982528
2023-09-18 13:30:00,34.630001068115234,34.65999984741211,34.52000045776367,34.619998931884766,5773632
2023-09-18 14:30:00,34.630001068115234,34.73500061035156,34.627899169921875,34.72999954223633,3680845
2023-09-18 15:30:00,34.72999954223633,34.79999923706055,34.72999954223633,34.7843017578125,4443672
2023-09-18 16:30:00,34.790000915527344,34.81999969482422,34.7599983215332,34.775001525878906,2502297
2023-09-18 17:30:00,34.779998779296875,34.810001373291016,34.75,34.76499938964844,3063228
2023-09-18 18:30:00,34.76499938964844,34.79999923706055,34.75410079956055,34.775001525878906,3644256
2023-09-18 19:30:00,34.775001525878906,34.78990173339844,34.74480056762695,34.77000045776367,4715788
2023-09-19 13:30:00,34.79999923706055,34.8650016784668,34.70000076293945,34.73099899291992,5191428
2023-09-19 14:30:00,34.73500061035156,34.73500061035156,34.619998931884766,34.63999938964844,3982876
2023-09-19 15:30:00,34.630001068115234,34.657501220703125,34.56999969482422,34.58300018310547,3381097
2023-09-19 16:30:00,34.584999084472656,34.599998474121094,34.505001068115234,34.5900993347168,3425701
2023-09-19 17:30:00,34.599998474121094,34.66999816894531,34.59479904174805,34.650001525878906,3701768
2023-09-19 18:30:00,34.64500045776367,34.75,34.64500045776367,34.724998474121094,3260524
2023-09-19 19:30:00,34.72999954223633,34.779998779296875,34.70000076293945,34.73529815673828,4928735
2023-09-20 13:30:00,34.849998474121094,34.939998626708984,34.80500030517578,34.900001525878906,4221783
2023-09-20 14:30:00,34.904998779296875,34.959999084472656,34.869998931884766,34.93000030517578,3227093
2023-09-20 15:30:00,34.93000030517578,34.94499969482422,34.86000061035156,34.900001525878906,2840497
2023-09-20 16:30:00,34.900001525878906,34.90999984741211,34.86000061035156,34.86000061035156,1931540
2023-09-20 17:30:00,34.8650016784668,34.869998931884766,34.70500183105469,34.76499938964844,4737028
2023-09-20 18:30:00,34.76499938964844,34.83000183105469,34.58000183105469,34.64929962158203,5604517
2023-09-20 19:30:00,34.650001525878906,34.650001525878906,34.47999954223633,34.5,7582181
2023-09-21 13:30:00,34.349998474121094,34.35499954223633,34.11000061035156,34.224998474121094,9316079
2023-09-21 14:30:00,34.224998474121094,34.22999954223633,34.08000183105469,34.099998474121094,4871727
2023-09-21 15:30:00,34.095001220703125,34.15999984741211,34.029998779296875,34.05500030517578,5358489
2023-09-21 16:30:00,34.04999923706055,34.130001068115234,33.99380111694336,34.119998931884766,3495444
2023-09-21 17:30:00,34.119998931884766,34.130001068115234,34.05500030517578,34.05500030517578,3500725
2023-09-21 18:30:00,34.060001373291016,34.09000015258789,33.97999954223633,33.9900016784668,3549159
2023-09-21 19:30:00,33.9900016784668,34.0099983215332,33.93000030517578,33.94499969482422,10967107
2023-09-22 13:30:00,33.970001220703125,34.0,33.83000183105469,33.93000030517578,6087766
2023-09-22 14:30:00,33.935001373291016,33.96500015258789,33.824798583984375,33.93009948730469,6054104
2023-09-22 15:30:00,33.935001373291016,33.95899963378906,33.820701599121094,33.849998474121094,3959982
2023-09-22 16:30:00,33.845001220703125,33.90999984741211,33.779998779296875,33.79999923706055,3679090
2023-09-22 17:30:00,33.79999923706055,33.814998626708984,33.70249938964844,33.72999954223633,3955510
2023-09-22 18:30:00,33.72999954223633,33.88999938964844,33.70000076293945,33.85499954223633,3545165
2023-09-22 19:30:00,33.859500885009766,33.869998931884766,33.66999816894531,33.689998626708984,9752668
2023-09-25 13:30:00,33.59000015258789,33.6609001159668,33.5,33.57640075683594,8558498
2023-09-25 14:30:00,33.56999969482422,33.685001373291016,33.47999954223633,33.6349983215332,5988460
2023-09-25 15:30:00,33.63999938964844,33.709999084472656,33.619998931884766,33.69499969482422,5200396
2023-09-25 16:30:00,33.70000076293945,33.709999084472656,33.602500915527344,33.630001068115234,3731832
2023-09-25 17:30:00,33.624900817871094,33.720001220703125,33.60499954223633,33.66999816894531,2733829
2023-09-25 18:30:00,33.665000915527344,33.720001220703125,33.599998474121094,33.67499923706055,3204428
2023-09-25 19:30:00,33.67499923706055,33.7599983215332,33.65489959716797,33.75,4598038
2023-09-26 13:30:00,33.4900016784668,33.63999938964844,33.45000076293945,33.525001525878906,9869930
2023-09-26 14:30:00,33.525001525878906,33.54499816894531,33.39500045776367,33.39500045776367,3929219
2023-09-26 15:30:00,33.38999938964844,33.45000076293945,33.31999969482422,33.42499923706055,5198539
2023-09-26 16:30:00,33.42499923706055,33.439998626708984,33.334999084472656,33.334999084472656,5101734
2023-09-26 17:30:00,33.33000183105469,33.36000061035156,33.22999954223633,33.25,4759269
2023-09-26 18:30:00,33.25,33.310001373291016,33.22999954223633,33.275001525878906,5395270
2023-09-26 19:30:00,33.275001525878906,33.349998474121094,33.27000045776367,33.29499816894531,9231321
2023-09-27 13:30:00,33.380001068115234,33.380001068115234,33.16999816894531,33.30690002441406,6352877
2023-09-27 14:30:00,33.29999923706055,33.29999923706055,33.16999816894531,33.255001068115234,6492430
2023-09-27 15:30:00,33.2599983215332,33.290000915527344,33.084999084472656,33.1150016784668,6281710
2023-09-27 16:30:00,33.1150016784668,33.20000076293945,32.9900016784668,32.9900016784668,7193868
2023-09-27 17:30:00,32.9900016784668,33.125,32.95000076293945,33.125,4522784
2023-09-27 18:30:00,33.119998931884766,33.290000915527344,33.119998931884766,33.22999954223633,6154490
2023-09-27 19:30:00,33.22999954223633,33.2400016784668,33.119998931884766,33.22999954223633,6423537
2023-09-28 13:30:00,33.27000045776367,33.459999084472656,33.2599983215332,33.400001525878906,13341541
2023-09-28 14:30:00,33.404998779296875,33.529998779296875,33.33000183105469,33.52000045776367,10182755
2023-09-28 15:30:00,33.52000045776367,33.599998474121094,33.4900016784668,33.57500076293945,6733532
2023-09-28 16:30:00,33.58000183105469,33.59000015258789,33.41999816894531,33.42499923706055,8384633
2023-09-28 17:30:00,33.42499923706055,33.48419952392578,33.380001068115234,33.46500015258789,4466569
2023-09-28 18:30:00,33.470001220703125,33.54999923706055,33.369998931884766,33.540000915527344,4038359
2023-09-28 19:30:00,33.54100036621094,33.54999923706055,33.40999984741211,33.470001220703125,7876970
2023-09-29 13:30:00,33.63999938964844,33.689998626708984,33.459999084472656,33.4900016784668,8732352
2023-09-29 14:30:00,33.4900016784668,33.59000015258789,33.43000030517578,33.4900016784668,3975439
2023-09-29 15:30:00,33.4900016784668,33.52000045776367,33.3650016784668,33.41279983520508,5128788
2023-09-29 16:30:00,33.41999816894531,33.424198150634766,33.15999984741211,33.2400016784668,5064509
2023-09-29 17:30:00,33.2400016784668,33.244998931884766,33.09000015258789,33.10499954223633,6636546
2023-09-29 18:30:00,33.11000061035156,33.2599983215332,33.09000015258789,33.17499923706055,6709367
2023-09-29 19:30:00,33.16999816894531,33.279998779296875,33.10499954223633,33.185001373291016,10118441
2023-10-02 13:30:00,33.060001373291016,33.13999938964844,32.91999816894531,33.0,9589727
2023-10-02 14:30:00,33.0,33.0099983215332,32.84000015258789,32.94449996948242,6750086
2023-10-02 15:30:00,32.9546012878418,32.9900016784668,32.720001220703125,32.790000915527344,6822636
2023-10-02 16:30:00,32.78499984741211,32.84000015258789,32.709999084472656,32.82500076293945,5954072
2023-10-02 17:30:00,32.82099914550781,32.935001373291016,32.779998779296875,32.779998779296875,4928009
2023-10-02 18:30:00,32.78499984741211,32.84000015258789,32.744998931884766,32.82500076293945,5131218
2023-10-02 19:30:00,32.81999969482422,32.900001525878906,32.79499816894531,32.89500045776367,8445347
2023-10-03 13:30:00,32.72999954223633,32.814998626708984,32.5,32.516998291015625,9441099
2023-10-03 14:30:00,32.519901275634766,32.540000915527344,32.380001068115234,32.400001525878906,6941744
2023-10-03 15:30:00,32.400001525878906,32.44499969482422,32.33000183105469,32.43000030517578,6579408
2023-10-03 16:30:00,32.439998626708984,32.474998474121094,32.37480163574219,32.43989944458008,5283088
2023-10-03 17:30:00,32.439998626708984,32.439998626708984,32.25,32.26499938964844,5072539
2023-10-03 18:30:00,32.2599983215332,32.35580062866211,32.25419998168945,32.27000045776367,6131593
2023-10-03 19:30:00,32.2599983215332,32.35499954223633,32.2400016784668,32.349998474121094,9872856
2023-10-04 13:30:00,32.380001068115234,32.439998626708984,32.22999954223633,32.22999954223633,7515709
2023-10-04 14:30:00,32.23500061035156,32.40999984741211,32.209999084472656,32.400001525878906,5541743
2023-10-04 15:30:00,32.39500045776367,32.54999923706055,32.334999084472656,32.53499984741211,6438444
2023-10-04 16:30:00,32.540000915527344,32.56999969482422,32.403499603271484,32.403499603271484,2838970
2023-10-04 17:30:00,32.400001525878906,32.41999816894531,32.31999969482422,32.382598876953125,3199938
2023-10-04 18:30:00,32.380001068115234,32.56999969482422,32.349998474121094,32.54499816894531,4822854
2023-10-04 19:30:00,32.54999923706055,32.630001068115234,32.529998779296875,32.599998474121094,7771610
2023-10-05 13:30:00,32.52000045776367,32.689998626708984,32.470001220703125,32.65999984741211,7245616
2023-10-05 14:30:00,32.654998779296875,32.685001373291016,32.4900016784668,32.50199890136719,5158057
2023-10-05 15:30:00,32.5,32.595001220703125,32.45000076293945,32.595001220703125,3940880
2023-10-05 16:30:00,32.595001220703125,32.61009979248047,32.5099983215332,32.58000183105469,4379372
2023-10-05 17:30:00,32.584999084472656,32.7400016784668,32.54999923706055,32.70000076293945,7170564
2023-10-05 18:30:00,32.709999084472656,32.790000915527344,32.70500183105469,32.779998779296875,6555311
2023-10-05 19:30:00,32.779998779296875,32.81999969482422,32.75,32.77000045776367,5827781
2023-10-06 13:30:00,32.619998931884766,32.71500015258789,32.5099983215332,32.68000030517578,9685516
2023-10-06 14:30:00,32.689998626708984,32.92570114135742,32.6349983215332,32.91999816894531,9847233
2023-10-06 15:30:00,32.93000030517578,33.19499969482422,32.90999984741211,33.04499816894531,6403067
2023-10-06 16:30:00,33.04999923706055,33.150001525878906,33.000099182128906,33.130001068115234,6301076
2023-10-06 17:30:00,33.130001068115234,33.179901123046875,33.095001220703125,33.17499923706055,5746352
2023-10-06 18:30:00,33.18000030517578,33.224998474121094,33.11000061035156,33.154998779296875,4818520
2023-10-06 19:30:00,33.154998779296875,33.16999816894531,33.02000045776367,33.040000915527344,7127896
2023-10-09 13:30:00,32.7400016784668,32.959999084472656,32.72999954223633,32.80500030517578,7390749
2023-10-09 14:30:00,32.810001373291016,32.88999938964844,32.709999084472656,32.8849983215332,3728849
2023-10-09 15:30:00,32.8849983215332,32.90999984741211,32.80500030517578,32.83000183105469,4935469
2023-10-09 16:30:00,32.83369827270508,32.8849983215332,32.78499984741211,32.8849983215332,3661820
2023-10-09 17:30:00,32.88999938964844,33.099998474121094,32.8849983215332,33.08000183105469,5075432
2023-10-09 18:30:00,33.084999084472656,33.130001068115234,33.029998779296875,33.07500076293945,5332252
2023-10-09 19:30:00,33.075801849365234,33.075801849365234,32.97999954223633,33.04999923706055,8092080
2023-10-10 13:30:00,33.15999984741211,33.42499923706055,33.150001525878906,33.400001525878906,6526487
2023-10-10 14:30:00,33.400001525878906,33.45000076293945,33.29999923706055,33.415000915527344,5802493
2023-10-10 15:30:00,33.415000915527344,33.5099983215332,33.39390182495117,33.5,3716072
2023-10-10 16:30:00,33.5,33.5099983215332,33.34000015258789,33.38999938964844,6425152
2023-10-10 17:30:00,33.38999938964844,33.41999816894531,33.310001373291016,33.33000183105469,5486732
2023-10-10 18:30:00,33.33000183105469,33.404998779296875,33.27000045776367,33.28499984741211,8355195
2023-10-10 19:30:00,33.28499984741211,33.33000183105469,33.27000045776367,33.30500030517578,6903263
2023-10-11 13:30:00,33.400001525878906,33.53499984741211,33.35020065307617,33.415000915527344,7076502
2023-10-11 14:30:00,33.41999816894531,33.43000030517578,33.23500061035156,33.26499938964844,5649321
2023-10-11 15:30:00,33.26499938964844,33.29499816894531,33.099998474121094,33.12699890136719,4283695
2023-10-11 16:30:00,33.119998931884766,33.209999084472656,33.11000061035156,33.13999938964844,3559481
2023-10-11 17:30:00,33.1349983215332,33.29499816894531,33.11000061035156,33.2400016784668,4703065
2023-10-11 18:30:00,33.244998931884766,33.310001373291016,33.2400016784668,33.29999923706055,3247459
2023-10-11 19:30:00,33.29999923706055,33.369998931884766,33.290000915527344,33.33330154418945,5637723
2023-10-12 13:30:00,33.45000076293945,33.45000076293945,33.07500076293945,33.22999954223633,6315367
2023-10-12 14:30:00,33.22999954223633,33.310001373291016,33.209999084472656,33.290000915527344,4603437
2023-10-12 15:30:00,33.279998779296875,33.37990188598633,33.191001892089844,33.345001220703125,4508164
2023-10-12 16:30:00,33.345001220703125,33.358001708984375,33.08000183105469,33.08100128173828,6078637
2023-10-12 17:30:00,33.08000183105469,33.10499954223633,32.90999984741211,33.03499984741211,4781228
2023-10-12 18:30:00,33.03099822998047,33.154998779296875,33.01499938964844,33.114200592041016,6873275
2023-10-12 19:30:00,33.1150016784668,33.18000030517578,33.100101470947266,33.130001068115234,6920597
2023-10-13 13:30:00,33.349998474121094,33.654998779296875,33.34000015258789,33.35499954223633,13416215
2023-10-13 14:30:00,33.349998474121094,33.47999954223633,33.253501892089844,33.31999969482422,6323905
2023-10-13 15:30:00,33.32500076293945,33.38990020751953,33.22990036010742,33.345001220703125,5897331
2023-10-13 16:30:00,33.349998474121094,33.369998931884766,33.04999923706055,33.04999923706055,7397473
2023-10-13 17:30:00,33.05500030517578,33.209999084472656,33.029998779296875,33.16999816894531,5721394
2023-10-13 18:30:00,33.170101165771484,33.23500061035156,33.099998474121094,33.154998779296875,5539978
2023-10-13 19:30:00,33.154998779296875,33.20500183105469,33.09000015258789,33.20000076293945,7916614
2023-10-16 13:30:00,33.459999084472656,33.599998474121094,33.3849983215332,33.595001220703125,6872674
2023-10-16 14:30:00,33.599998474121094,33.720001220703125,33.57500076293945,33.6150016784668,6658650
2023-10-16 15:30:00,33.61000061035156,33.619998931884766,33.5,33.560001373291016,4976905
2023-10-16 16:30:00,33.564998626708984,33.59579849243164,33.400001525878906,33.489898681640625,4508523
2023-10-16 17:30:00,33.4900016784668,33.56990051269531,33.459999084472656,33.4900016784668,3891695
2023-10-16 18:30:00,33.4900016784668,33.56999969482422,33.46500015258789,33.564998626708984,4946888
2023-10-16 19:30:00,33.56999969482422,33.58000183105469,33.5099983215332,33.52000045776367,10651139
2023-10-17 13:30:00,33.40999984741211,33.619998931884766,33.400001525878906,33.54990005493164,6835702
2023-10-17 14:30:00,33.54999923706055,33.72999954223633,33.529998779296875,33.70000076293945,6473478
2023-10-17 15:30:00,33.70000076293945,33.93000030517578,33.690101623535156,33.91999816894531,5327001
2023-10-17 16:30:00,33.93000030517578,33.935001373291016,33.74079895019531,33.755001068115234,5414106
2023-10-17 17:30:00,33.755001068115234,33.755001068115234,33.59000015258789,33.625,6064507
2023-10-17 18:30:00,33.625,33.724998474121094,33.55500030517578,33.689998626708984,4626071
2023-10-17 19:30:00,33.689998626708984,33.72999954223633,33.630001068115234,33.724998474121094,5871791
2023-10-18 13:30:00,33.54999923706055,33.58000183105469,33.35100173950195,33.41999816894531,8273289
2023-10-18 14:30:00,33.40999984741211,33.46500015258789,33.290000915527344,33.33000183105469,6047632
2023-10-18 15:30:00,33.33000183105469,33.345001220703125,33.20000076293945,33.23899841308594,4028056
2023-10-18 16:30:00,33.2400016784668,33.38999938964844,33.154998779296875,33.310001373291016,4495778
2023-10-18 17:30:00,33.310001373291016,33.400001525878906,33.220001220703125,33.27000045776367,4127178
2023-10-18 18:30:00,33.275299072265625,33.32500076293945,33.130001068115234,33.150001525878906,5393451
2023-10-18 19:30:00,33.14500045776367,33.189998626708984,33.070098876953125,33.13999938964844,12952513
2023-10-19 13:30:00,33.08000183105469,33.22999954223633,33.0,33.0,8680069
2023-10-19 14:30:00,33.0099983215332,33.05500030517578,32.90999984741211,33.005001068115234,6820623
2023-10-19 15:30:00,33.0098991394043,33.18000030517578,32.92499923706055,33.04999923706055,13043361
2023-10-19 16:30:00,33.05500030517578,33.220001220703125,32.869998931884766,33.130001068115234,7205161
2023-10-19 17:30:00,33.130001068115234,33.1349983215332,32.93000030517578,32.95000076293945,5630683
2023-10-19 18:30:00,32.939998626708984,32.939998626708984,32.720001220703125,32.75,6707331
2023-10-19 19:30:00,32.75,32.79999923706055,32.68000030517578,32.720001220703125,11226575
2023-10-20 13:30:00,32.689998626708984,32.75,32.16999816894531,32.2599983215332,11471260
2023-10-20 14:30:00,32.25,32.380001068115234,32.244998931884766,32.345001220703125,6698243
2023-10-20 15:30:00,32.345001220703125,32.47999954223633,32.310001373291016,32.40999984741211,9317633
2023-10-20 16:30:00,32.40999984741211,32.52000045776367,32.38999938964844,32.48500061035156,4844100
2023-10-20 17:30:00,32.4900016784668,32.5,32.33000183105469,32.345001220703125,5190988
2023-10-20 18:30:00,32.34000015258789,32.400001525878906,32.275001525878906,32.32500076293945,5943651
2023-10-20 19:30:00,32.31999969482422,32.334999084472656,32.209999084472656,32.220001220703125,11883384
2023-10-23 13:30:00,32.125,32.26499938964844,32.029998779296875,32.17499923706055,9829714
2023-10-23 14:30:00,32.16999816894531,32.30500030517578,32.119998931884766,32.249000549316406,7442650
2023-10-23 15:30:00,32.25,32.349998474121094,32.189998626708984,32.2599983215332,6643432
2023-10-23 16:30:00,32.2599983215332,32.36000061035156,32.18000030517578,32.209999084472656,5333100
2023-10-23 17:30:00,32.21500015258789,32.275299072265625,32.1349983215332,32.16999816894531,5453731
2023-10-23 18:30:00,32.16999816894531,32.247501373291016,32.0099983215332,32.01499938964844,7545101
2023-10-23 19:30:00,32.01499938964844,32.06999969482422,31.969999313354492,31.9950008392334,12114900
2023-10-24 13:30:00,32.150001525878906,32.349998474121094,32.13999938964844,32.345001220703125,9465992
2023-10-24 14:30:00,32.345001220703125,32.3650016784668,32.12099838256836,32.15999984741211,4741510
2023-10-24 15:30:00,32.150001525878906,32.220001220703125,32.084999084472656,32.104698181152344,4813197
2023-10-24 16:30:00,32.099998474121094,32.165401458740234,32.05099868774414,32.165000915527344,3388158
2023-10-24 17:30:00,32.16279983520508,32.189998626708984,32.11000061035156,32.185001373291016,3387960
2023-10-24 18:30:00,32.189998626708984,32.2599983215332,32.185001373291016,32.2400016784668,3915506
2023-10-24 19:30:00,32.23500061035156,32.2599983215332,32.20249938964844,32.209999084472656,4601900
2023-10-25 13:30:00,32.099998474121094,32.23500061035156,32.02000045776367,32.064998626708984,8769216
2023-10-25 14:30:00,32.064998626708984,32.314998626708984,32.05500030517578,32.29499816894531,8710940
2023-10-25 15:30:00,32.29499816894531,32.31999969482422,32.104801177978516,32.13999938964844,6659565
2023-10-25 16:30:00,32.13999938964844,32.19599914550781,32.0099983215332,32.060001373291016,7358687
2023-10-25 17:30:00,32.060001373291016,32.14500045776367,32.01250076293945,32.1150016784668,5466934
2023-10-25 18:30:00,32.11899948120117,32.20000076293945,32.08000183105469,32.16999816894531,4825532
2023-10-25 19:30:00,32.16999816894531,32.19499969482422,32.099998474121094,32.130001068115234,6764407
2023-10-26 13:30:00,32.02000045776367,32.28499984741211,31.969999313354492,32.2400016784668,12818114
2023-10-26 14:30:00,32.2400016784668,32.3489990234375,32.10499954223633,32.13999938964844,8161015
2023-10-26 15:30:00,32.14099884033203,32.25,32.04999923706055,32.099998474121094,6047551
2023-10-26 16:30:00,32.09000015258789,32.130001068115234,32.014400482177734,32.05500030517578,5878009
2023-10-26 17:30:00,32.04999923706055,32.189998626708984,32.0,32.17499923706055,6606200
2023-10-26 18:30:00,32.18000030517578,32.290000915527344,32.150001525878906,32.154998779296875,6833681
2023-10-26 19:30:00,32.150001525878906,32.165000915527344,32.025001525878906,32.04999923706055,7967341
2023-10-27 13:30:00,31.989999771118164,32.029998779296875,31.670000076293945,31.709999084472656,10163558
2023-10-27 14:30:00,31.709999084472656,31.84000015258789,31.600000381469727,31.764999389648438,7550938
2023-10-27 15:30:00,31.765300750732422,31.770000457763672,31.659900665283203,31.700000762939453,4011164
2023-10-27 16:30:00,31.704999923706055,31.729999542236328,31.489999771118164,31.510000228881836,7603469
2023-10-27 17:30:00,31.514999389648438,31.530000686645508,31.374399185180664,31.385000228881836,7112237
2023-10-27 18:30:00,31.385000228881836,31.510000228881836,31.354999542236328,31.454999923706055,10616019
2023-10-27 19:30:00,31.450000762939453,31.485000610351562,31.363500595092773,31.469999313354492,16963412
2023-10-30 13:30:00,31.670000076293945,31.809999465942383,31.59000015258789,31.680099487304688,7889378
2023-10-30 14:30:00,31.68000030517578,31.815000534057617,31.65999984741211,31.764999389648438,6510659
2023-10-30 15:30:00,31.764999389648438,31.84000015258789,31.739999771118164,31.80500030517578,3861820
2023-10-30 16:30:00,31.799999237060547,31.969999313354492,31.739999771118164,31.969999313354492,5596280
2023-10-30 17:30:00,31.969999313354492,31.99049949645996,31.920000076293945,31.954999923706055,5128012
2023-10-30 18:30:00,31.959999084472656,32.09000015258789,31.954999923706055,32.060001373291016,6870271
2023-10-30 19:30:00,32.05500030517578,32.060001373291016,31.9950008392334,32.0,10932109
2023-10-31 13:30:00,32.06999969482422,32.18000030517578,32.0099983215332,32.11000061035156,7463455
2023-10-31 14:30:00,32.1150016784668,32.20500183105469,32.06999969482422,32.15999984741211,5444742
2023-10-31 15:30:00,32.15999984741211,32.22999954223633,32.119998931884766,32.15999984741211,4320022
2023-10-31 16:30:00,32.16999816894531,32.27000045776367,32.1150016784668,32.27000045776367,3932120
2023-10-31 17:30:00,32.27000045776367,32.31999969482422,32.26499938964844,32.26499938964844,4385148
2023-10-31 18:30:00,32.26470184326172,32.369998931884766,32.2599983215332,32.35499954223633,5456521
2023-10-31 19:30:00,32.34000015258789,32.369998931884766,32.279998779296875,32.349998474121094,8486519
2023-11-01 13:30:00,32.41999816894531,32.650001525878906,32.349998474121094,32.60900115966797,9279364
2023-11-01 14:30:00,32.61000061035156,32.70000076293945,32.532501220703125,32.54999923706055,6187983
2023-11-01 15:30:00,32.54410171508789,32.599998474121094,32.41999816894531,32.42499923706055,3868691
2023-11-01 16:30:00,32.42499923706055,32.439998626708984,32.345001220703125,32.400001525878906,3936948
2023-11-01 17:30:00,32.400001525878906,32.4900016784668,32.349998474121094,32.45500183105469,5444340
2023-11-01 18:30:00,32.459999084472656,32.63999938964844,32.36000061035156,32.59360122680664,12925065
2023-11-01 19:30:00,32.595001220703125,32.630001068115234,32.540000915527344,32.560001373291016,8560177
2023-11-02 13:30:00,32.869998931884766,33.060001373291016,32.810001373291016,33.035701751708984,8389541
2023-11-02 14:30:00,33.040000915527344,33.169898986816406,33.029998779296875,33.09000015258789,7734428
2023-11-02 15:30:00,33.095001220703125,33.17499923706055,33.08100128173828,33.13999938964844,4931533
2023-11-02 16:30:00,33.13999938964844,33.209999084472656,33.130001068115234,33.20000076293945,4557416
2023-11-02 17:30:00,33.20000076293945,33.279998779296875,33.19200134277344,33.22999954223633,5190866
2023-11-02 18:30:00,33.22999954223633,33.29999923706055,33.209999084472656,33.27000045776367,5343910
2023-11-02 19:30:00,33.275001525878906,33.36000061035156,33.27000045776367,33.34000015258789,8681148
2023-11-03 13:30:00,33.65999984741211,33.880001068115234,33.65999984741211,33.69499969482422,12051764
2023-11-03 14:30:00,33.689998626708984,33.81999969482422,33.650001525878906,33.775001525878906,7326237
2023-11-03 15:30:00,33.779998779296875,33.88999938964844,33.775001525878906,33.85499954223633,6452084
2023-11-03 16:30:00,33.85499954223633,33.93000030517578,33.820098876953125,33.86000061035156,4344790
2023-11-03 17:30:00,33.86000061035156,33.91999816894531,33.85969924926758,33.900001525878906,4399989
2023-11-03 18:30:00,33.900001525878906,33.939998626708984,33.869998931884766,33.869998931884766,5864835
2023-11-03 19:30:00,33.880001068115234,33.880001068115234,33.779998779296875,33.79499816894531,9683513
2023-11-06 14:30:00,33.869998931884766,33.915000915527344,33.560001373291016,33.58000183105469,8191851
2023-11-06 15:30:00,33.57500076293945,33.689998626708984,33.55500030517578,33.64500045776367,4096156
2023-11-06 16:30:00,33.63999938964844,33.66999816894531,33.584999084472656,33.599998474121094,4292453
2023-11-06 17:30:00,33.595001220703125,33.61000061035156,33.52000045776367,33.595001220703125,4454542
2023-11-06 18:30:00,33.59000015258789,33.599998474121094,33.5,33.54999923706055,4127593
2023-11-06 19:30:00,33.54499816894531,33.619998931884766,33.540000915527344,33.6150016784668,4582866
2023-11-06 20:30:00,33.6150016784668,33.68000030517578,33.599998474121094,33.66999816894531,8142489
2023-11-07 14:30:00,33.58000183105469,33.65999984741211,33.529998779296875,33.654998779296875,4844983
2023-11-07 15:30:00,33.650001525878906,33.709999084472656,33.61000061035156,33.6150016784668,3504549
2023-11-07 16:30:00,33.619998931884766,33.665000915527344,33.58100128173828,33.61000061035156,3722641
2023-11-07 17:30:00,33.61000061035156,33.6150016784668,33.52000045776367,33.56999969482422,4005911
2023-11-07 18:30:00,33.56999969482422,33.60100173950195,33.54999923706055,33.58000183105469,2825255
2023-11-07 19:30:00,33.579898834228516,33.630001068115234,33.540000915527344,33.6150016784668,3318082
2023-11-07 20:30:00,33.6150016784668,33.66999816894531,33.560001373291016,33.630001068115234,4628248
2023-11-08 14:30:00,33.619998931884766,33.68009948730469,33.584999084472656,33.634700775146484,4345508
2023-11-08 15:30:00,33.630001068115234,33.70000076293945,33.6150016784668,33.630001068115234,3017143
2023-11-08 16:30:00,33.630001068115234,33.65999984741211,33.459999084472656,33.529998779296875,5842572
2023-11-08 17:30:00,33.525001525878906,33.630001068115234,33.505001068115234,33.61000061035156,4578095
2023-11-08 18:30:00,33.60499954223633,33.66749954223633,33.604400634765625,33.64500045776367,1034388
2023-11-08 19:30:00,33.650001525878906,33.65999984741211,33.58000183105469,33.625,4968994
2023-11-08 20:30:00,33.625,33.689998626708984,33.5900993347168,33.650001525878906,5343752
2023-11-09 14:30:00,33.779998779296875,33.83000183105469,33.595001220703125,33.650001525878906,6392665
2023-11-09 15:30:00,33.64500045776367,33.7599983215332,33.59000015258789,33.724998474121094,2972439
2023-11-09 16:30:00,33.724998474121094,33.775001525878906,33.70500183105469,33.72999954223633,3185142
2023-11-09 17:30:00,33.73500061035156,33.814998626708984,33.60499954223633,33.656898498535156,6441612
2023-11-09 18:30:00,33.654998779296875,33.654998779296875,33.46500015258789,33.529998779296875,5243556
2023-11-09 19:30:00,33.529998779296875,33.58000183105469,33.474998474121094,33.525001525878906,4448446
2023-11-09 20:30:00,33.525001525878906,33.54499816894531,33.47999954223633,33.52000045776367,4679103
2023-11-10 14:30:00,33.689998626708984,33.720001220703125,33.54999923706055,33.569000244140625,4806507
2023-11-10 15:30:00,33.560001373291016,33.685001373291016,33.494998931884766,33.64500045776367,2639413
2023-11-10 16:30:00,33.64500045776367,33.70000076293945,33.599998474121094,33.6609992980957,2890959
2023-11-10 17:30:00,33.665000915527344,33.79999923706055,33.65999984741211,33.775001525878906,5045316
2023-11-10 18:30:00,33.773399353027344,33.834999084472656,33.77000045776367,33.82500076293945,4773980
2023-11-10 19:30:00,33.83000183105469,33.880001068115234,33.79999923706055,33.875,4607847
2023-11-10 20:30:00,33.880001068115234,33.939998626708984,33.8650016784668,33.915000915527344,9042859
2023-11-13 14:30:00,33.85499954223633,33.93000030517578,33.7400016784668,33.845001220703125,6954478
2023-11-13 15:30:00,33.84000015258789,33.915000915527344,33.79999923706055,33.915000915527344,4856174
2023-11-13 16:30:00,33.90999984741211,33.95000076293945,33.86000061035156,33.92499923706055,4105506
2023-11-13 17:30:00,33.91999816894531,33.92660140991211,33.810001373291016,33.811500549316406,2061566
2023-11-13 18:30:00,33.810001373291016,33.86000061035156,33.779998779296875,33.845001220703125,2150756
2023-11-13 19:30:00,33.845001220703125,33.88999938964844,33.82460021972656,33.875,3272817
2023-11-13 20:30:00,33.875,33.880001068115234,33.83000183105469,33.849998474121094,3265710
2023-11-14 14:30:00,34.25,34.54999923706055,34.25,34.54499816894531,10819628
2023-11-14 15:30:00,34.54499816894531,34.68000030517578,34.52000045776367,34.67499923706055,8767987
2023-11-14 16:30:00,34.67499923706055,34.689998626708984,34.51449966430664,34.55500030517578,8496516
2023-11-14 17:30:00,34.54999923706055,34.59000015258789,34.529998779296875,34.54999923706055,4799128
2023-11-14 18:30:00,34.55500030517578,34.59000015258789,34.459999084472656,34.54999923706055,5593146
2023-11-14 19:30:00,34.54999923706055,34.66999816894531,34.54999923706055,34.64500045776367,5356263
2023-11-14 20:30:00,34.64500045776367,34.65999984741211,34.470001220703125,34.5099983215332,8279110
2023-11-15 14:30:00,34.560001373291016,34.75,34.55009841918945,34.71900177001953,7132245
2023-11-15 15:30:00,34.719200134277344,34.790000915527344,34.70000076293945,34.7400016784668,4912463
2023-11-15 16:30:00,34.7400016784668,34.77000045776367,34.6150016784668,34.7599983215332,4077497
2023-11-15 17:30:00,34.7599983215332,34.790000915527344,34.70000076293945,34.744998931884766,3619728
2023-11-15 18:30:00,34.744998931884766,34.790000915527344,34.720001220703125,34.7599983215332,2673978
2023-11-15 19:30:00,34.7599983215332,34.790000915527344,34.72999954223633,34.76499938964844,2951641
2023-11-15 20:30:00,34.77000045776367,34.790000915527344,34.65999984741211,34.720001220703125,6619587
2023-11-16 14:30:00,34.79499816894531,34.8650016784668,34.724998474121094,34.779998779296875,6152409
2023-11-16 15:30:00,34.78499984741211,34.814998626708984,34.68000030517578,34.709999084472656,7372409
2023-11-16 16:30:00,34.709999084472656,34.77750015258789,34.689998626708984,34.744998931884766,4329301
2023-11-16 17:30:00,34.744998931884766,34.779998779296875,34.70000076293945,34.76649856567383,2345278
2023-11-16 18:30:00,34.76499938964844,34.775001525878906,34.689998626708984,34.69499969482422,3108456
2023-11-16 19:30:00,34.69499969482422,34.79750061035156,34.69499969482422,34.78010177612305,2731176
2023-11-16 20:30:00,34.78499984741211,34.83000183105469,34.76499938964844,34.83000183105469,6134045
2023-11-17 14:30:00,34.959999084472656,35.0,34.869998931884766,34.98500061035156,4429834
2023-11-17 15:30:00,34.98030090332031,35.0099983215332,34.92499923706055,34.95000076293945,6419328
2023-11-17 16:30:00,34.95500183105469,35.02000045776367,34.93000030517578,34.97999954223633,3252684
2023-11-17 17:30:00,34.97999954223633,35.0,34.959999084472656,34.968101501464844,2197739
2023-11-17 18:30:00,34.970001220703125,35.02000045776367,34.96500015258789,34.97999954223633,2759466
2023-11-17 19:30:00,34.97999954223633,35.02000045776367,34.959999084472656,35.0099983215332,3800693
2023-11-17 20:30:00,35.0099983215332,35.02000045776367,34.95000076293945,35.02000045776367,6301803
2023-11-20 14:30:00,34.959999084472656,35.029998779296875,34.8849983215332,35.02000045776367,6945778
2023-11-20 15:30:00,35.02000045776367,35.040000915527344,34.972599029541016,35.0099983215332,3690300
2023-11-20 16:30:00,35.0099983215332,35.06999969482422,35.0,35.05500030517578,2557111
2023-11-20 17:30:00,35.060001373291016,35.125,35.0,35.10499954223633,2356172
2023-11-20 18:30:00,35.10499954223633,35.15999984741211,35.10499954223633,35.150001525878906,2193392
2023-11-20 19:30:00,35.150001525878906,35.22999954223633,35.150001525878906,35.224998474121094,3406077
2023-11-20 20:30:00,35.220001220703125,35.22999954223633,35.099998474121094,35.130001068115234,5364524
2023-11-21 14:30:00,35.099998474121094,35.19499969482422,35.06999969482422,35.13999938964844,5451707
2023-11-21 15:30:00,35.13999938964844,35.220001220703125,35.11360168457031,35.154998779296875,4075155
2023-11-21 16:30:00,35.154998779296875,35.189998626708984,35.125,35.165000915527344,3078965
2023-11-21 17:30:00,35.16999816894531,35.20500183105469,35.13999938964844,35.15119934082031,1956904
2023-11-21 18:30:00,35.154998779296875,35.220001220703125,35.150001525878906,35.18000030517578,2354674
2023-11-21 19:30:00,35.18000030517578,35.189998626708984,35.119998931884766,35.13999938964844,2610078
2023-11-21 20:30:00,35.13999938964844,35.16999816894531,35.11000061035156,35.119998931884766,4248462
2023-11-22 14:30:00,35.209999084472656,35.31999969482422,35.150001525878906,35.312599182128906,4764449
2023-11-22 15:30:00,35.310001373291016,35.334999084472656,35.244998931884766,35.28499984741211,6611511
2023-11-22 16:30:00,35.28499984741211,35.34000015258789,35.2599983215332,35.279998779296875,2700432
2023-11-22 17:30:00,35.279998779296875,35.28499984741211,35.209999084472656,35.22999954223633,2136782
2023-11-22 18:30:00,35.22999954223633,35.26499938964844,35.20429992675781,35.2599983215332,1745804
2023-11-22 19:30:00,35.255001068115234,35.279998779296875,35.17020034790039,35.279998779296875,7471909
2023-11-22 20:30:00,35.279998779296875,35.290000915527344,35.25,35.25,4255500
2023-11-24 14:30:00,35.27000045776367,35.41999816894531,35.255001068115234,35.415000915527344,4241203
2023-11-24 15:30:00,35.41809844970703,35.435001373291016,35.34000015258789,35.35649871826172,3679732
2023-11-24 16:30:00,35.36000061035156,35.369998931884766,35.29999923706055,35.308998107910156,2548192
2023-11-27 14:30:00,35.25,35.29999923706055,35.21500015258789,35.25,5498726
2023-11-27 15:30:00,35.255001068115234,35.279998779296875,35.20000076293945,35.26499938964844,2059661
2023-11-27 16:30:00,35.2599983215332,35.27000045776367,35.18000030517578,35.195701599121094,2465830
2023-11-27 17:30:00,35.19499969482422,35.22999954223633,35.19499969482422,35.224998474121094,2204532
2023-11-27 18:30:00,35.22529983520508,35.27000045776367,35.209999084472656,35.25,2980076
2023-11-27 19:30:00,35.244998931884766,35.290000915527344,35.189998626708984,35.279998779296875,2990488
2023-11-27 20:30:00,35.279998779296875,35.31779861450195,35.2400016784668,35.27000045776367,6887404
2023-11-28 14:30:00,35.220001220703125,35.27000045776367,35.165000915527344,35.23500061035156,3259030
2023-11-28 15:30:00,35.22999954223633,35.36000061035156,35.220001220703125,35.29999923706055,3746840
2023-11-28 16:30:00,35.305999755859375,35.369998931884766,35.29999923706055,35.310001373291016,4342492
2023-11-28 17:30:00,35.310001373291016,35.31010055541992,35.15999984741211,35.2599983215332,3961826
2023-11-28 18:30:00,35.255001068115234,35.279998779296875,35.209999084472656,35.22999954223633,2392527
2023-11-28 19:30:00,35.22999954223633,35.28499984741211,35.209999084472656,35.255001068115234,3028473
2023-11-28 20:30:00,35.255001068115234,35.31999969482422,35.22999954223633,35.2400016784668,6056494
2023-11-29 14:30:00,35.349998474121094,35.59000015258789,35.349998474121094,35.55500030517578,7219619
2023-11-29 15:30:00,35.560001373291016,35.630001068115234,35.53499984741211,35.540000915527344,4062213
2023-11-29 16:30:00,35.54999923706055,35.61000061035156,35.525001525878906,35.60499954223633,3353192
2023-11-29 17:30:00,35.60499954223633,35.70000076293945,35.600101470947266,35.69499969482422,4949615
2023-11-29 18:30:00,35.69499969482422,35.709999084472656,35.650001525878906,35.654998779296875,4342259
2023-11-29 19:30:00,35.654998779296875,35.654998779296875,35.5099983215332,35.51499938964844,5127387
2023-11-29 20:30:00,35.52000045776367,35.529998779296875,35.47999954223633,35.5,5848379
2023-11-30 14:30:00,35.58000183105469,35.73500061035156,35.46500015258789,35.685001373291016,5801812
2023-11-30 15:30:00,35.685001373291016,35.810001373291016,35.665000915527344,35.80099868774414,4041366
2023-11-30 16:30:00,35.79999923706055,35.810001373291016,35.68000030517578,35.689998626708984,3381843
2023-11-30 17:30:00,35.685001373291016,35.755001068115234,35.68000030517578,35.720001220703125,2867468
2023-11-30 18:30:00,35.720001220703125,35.790000915527344,35.69499969482422,35.78499984741211,2959179
2023-11-30 19:30:00,35.790000915527344,35.83000183105469,35.75,35.76499938964844,5088732
2023-11-30 20:30:00,35.7599983215332,35.900001525878906,35.75,35.8650016784668,10350346
2023-12-01 14:30:00,35.84000015258789,35.97999954223633,35.779998779296875,35.9370002746582,6399921
2023-12-01 15:30:00,35.935001373291016,35.97999954223633,35.80500030517578,35.970001220703125,7571550
2023-12-01 16:30:00,35.970001220703125,36.15999984741211,35.93000030517578,36.150299072265625,8626933
2023-12-01 17:30:00,36.150001525878906,36.209999084472656,36.099998474121094,36.10499954223633,5064643
2023-12-01 18:30:00,36.10499954223633,36.15999984741211,36.09339904785156,36.130001068115234,4327176
2023-12-01 19:30:00,36.1349983215332,36.16999816894531,36.09000015258789,36.1349983215332,4545331
2023-12-01 20:30:00,36.13999938964844,36.16749954223633,36.099998474121094,36.130001068115234,8528717
2023-12-04 14:30:00,35.959999084472656,36.27000045776367,35.91999816894531,36.06999969482422,8540640
2023-12-04 15:30:00,36.061500549316406,36.099998474121094,35.9900016784668,36.07229995727539,5931786
2023-12-04 16:30:00,36.070098876953125,36.119998931884766,36.0099983215332,36.099998474121094,4901347
2023-12-04 17:30:00,36.09830093383789,36.13750076293945,36.08000183105469,36.11000061035156,3203259
2023-12-04 18:30:00,36.099998474121094,36.15999984741211,36.09000015258789,36.1150016784668,4156275
2023-12-04 19:30:00,36.1150016784668,36.16999816894531,36.099998474121094,36.119998931884766,5628414
2023-12-04 20:30:00,36.1150016784668,36.15999984741211,36.09000015258789,36.1349983215332,7232341
2023-12-05 14:30:00,36.02000045776367,36.025001525878906,35.790000915527344,35.875,8930693
2023-12-05 15:30:00,35.880001068115234,35.93000030517578,35.810001373291016,35.915000915527344,3526927
2023-12-05 16:30:00,35.91999816894531,35.935001373291016,35.83000183105469,35.904998779296875,3035083
2023-12-05 17:30:00,35.904998779296875,35.959999084472656,35.849998474121094,35.95000076293945,2613325
2023-12-05 18:30:00,35.95500183105469,36.029998779296875,35.95000076293945,36.0,3966462
2023-12-05 19:30:00,36.0,36.02000045776367,35.970001220703125,35.984500885009766,2794069
2023-12-05 20:30:00,35.97999954223633,35.9900016784668,35.90999984741211,35.970001220703125,4147352
2023-12-06 14:30:00,36.150001525878906,36.28499984741211,36.130001068115234,36.189998626708984,7091109
2023-12-06 15:30:00,36.1968994140625,36.1968994140625,35.9900016784668,36.040000915527344,4838423
2023-12-06 16:30:00,36.04499816894531,36.04999923706055,35.93000030517578,35.95000076293945,3583385
2023-12-06 17:30:00,35.95000076293945,35.97999954223633,35.88999938964844,35.95500183105469,4026058
2023-12-06 18:30:00,35.95500183105469,35.959999084472656,35.880001068115234,35.89500045776367,2064580
2023-12-06 19:30:00,35.89500045776367,35.92499923706055,35.790000915527344,35.80500030517578,3253548
2023-12-06 20:30:00,35.80500030517578,35.81999969482422,35.72010040283203,35.790000915527344,7420041
2023-12-07 14:30:00,35.86000061035156,35.95000076293945,35.77000045776367,35.928001403808594,4514486
2023-12-07 15:30:00,35.93000030517578,35.95000076293945,35.810001373291016,35.83000183105469,3607979
2023-12-07 16:30:00,35.83000183105469,35.900001525878906,35.814998626708984,35.849998474121094,3085422
2023-12-07 17:30:00,35.849998474121094,35.93000030517578,35.84000015258789,35.900001525878906,3086433
2023-12-07 18:30:00,35.904998779296875,35.959999084472656,35.900001525878906,35.94499969482422,2179937
2023-12-07 19:30:00,35.95000076293945,35.959999084472656,35.900001525878906,35.94499969482422,4187663
2023-12-07 20:30:00,35.95000076293945,35.959999084472656,35.90999984741211,35.92499923706055,4702578
2023-12-08 14:30:00,35.900001525878906,36.095001220703125,35.86000061035156,36.040000915527344,6238400
2023-12-08 15:30:00,36.04499816894531,36.06999969482422,35.91999816894531,35.95000076293945,6055555
2023-12-08 16:30:00,35.95500183105469,36.025001525878906,35.924400329589844,36.025001525878906,4916233
2023-12-08 17:30:00,36.02000045776367,36.08000183105469,36.007598876953125,36.066898345947266,3383087
2023-12-08 18:30:00,36.064998626708984,36.09000015258789,36.0,36.08250045776367,2436048
2023-12-08 19:30:00,36.084999084472656,36.150001525878906,36.060001373291016,36.13990020751953,3979644
2023-12-08 20:30:00,36.13999938964844,36.189998626708984,36.09000015258789,36.099998474121094,5299801
2023-12-11 14:30:00,36.18000030517578,36.310001373291016,36.165000915527344,36.27000045776367,4703857
2023-12-11 15:30:00,36.279998779296875,36.380001068115234,36.2599983215332,36.3650016784668,4574112
2023-12-11 16:30:00,36.3650016784668,36.380001068115234,36.314998626708984,36.3650016784668,3254616
2023-12-11 17:30:00,36.3650016784668,36.41999816894531,36.345001220703125,36.39500045776367,3304166
2023-12-11 18:30:00,36.39500045776367,36.40999984741211,36.369998931884766,36.404998779296875,2160280
2023-12-11 19:30:00,36.404998779296875,36.40999984741211,36.34000015258789,36.35499954223633,4702501
2023-12-11 20:30:00,36.35499954223633,36.380001068115234,36.33000183105469,36.36000061035156,6078003
2023-12-12 14:30:00,36.439998626708984,36.494998931884766,36.290000915527344,36.4900016784668,6645731
2023-12-12 15:30:00,36.48500061035156,36.540000915527344,36.459999084472656,36.5099983215332,7902768
2023-12-12 16:30:00,36.5099983215332,36.59000015258789,36.5,36.57500076293945,4721379
2023-12-12 17:30:00,36.57500076293945,36.61000061035156,36.540000915527344,36.56999969482422,3637998
2023-12-12 18:30:00,36.56999969482422,36.584999084472656,36.52000045776367,36.540000915527344,3199926
2023-12-12 19:30:00,36.53499984741211,36.61000061035156,36.53499984741211,36.60580062866211,3737293
2023-12-12 20:30:00,36.60499954223633,36.619998931884766,36.56999969482422,36.619998931884766,5938658
2023-12-13 14:30:00,36.619998931884766,36.689998626708984,36.54999923706055,36.685001373291016,4916525
2023-12-13 15:30:00,36.685001373291016,36.720001220703125,36.630001068115234,36.69499969482422,2809747
2023-12-13 16:30:00,36.69499969482422,36.720001220703125,36.619998931884766,36.625,4633957
2023-12-13 17:30:00,36.625,36.65999984741211,36.61249923706055,36.625,1764373
2023-12-13 18:30:00,36.619998931884766,36.94499969482422,36.61000061035156,36.91999816894531,6808105
2023-12-13 19:30:00,36.91999816894531,37.244998931884766,36.904998779296875,37.09000015258789,17979968
2023-12-13 20:30:00,37.09000015258789,37.209999084472656,37.040000915527344,37.20000076293945,15796802
2023-12-14 14:30:00,37.5,37.65999984741211,37.369998931884766,37.529998779296875,14730982
2023-12-14 15:30:00,37.529998779296875,37.595001220703125,37.47999954223633,37.54999923706055,8682602
2023-12-14 16:30:00,37.54999923706055,37.69670104980469,37.540000915527344,37.689998626708984,9532465
2023-12-14 17:30:00,37.70000076293945,37.709999084472656,37.54999923706055,37.54999923706055,7456877
2023-12-14 18:30:00,37.55500030517578,37.560001373291016,37.38999938964844,37.51499938964844,6478785
2023-12-14 19:30:00,37.519901275634766,37.58000183105469,37.4900016784668,37.540000915527344,5551053
2023-12-14 20:30:00,37.545101165771484,37.56999969482422,37.47999954223633,37.56999969482422,9372632
2023-12-15 14:30:00,37.34000015258789,37.435001373291016,37.25,37.36000061035156,10010073
2023-12-15 15:30:00,37.3650016784668,37.43000030517578,37.324100494384766,37.39500045776367,14226044
2023-12-15 16:30:00,37.399898529052734,37.43579864501953,37.36000061035156,37.42499923706055,4423239
2023-12-15 17:30:00,37.42499923706055,37.43000030517578,37.349998474121094,37.35499954223633,3954094
2023-12-15 18:30:00,37.3567008972168,37.375301361083984,37.22010040283203,37.23149871826172,7835278
2023-12-15 19:30:00,37.23500061035156,37.27000045776367,37.209999084472656,37.26499938964844,6636453
2023-12-15 20:30:00,37.27000045776367,37.41999816894531,37.189998626708984,37.349998474121094,10847624
2023-12-18 14:30:00,37.349998474121094,37.41999816894531,37.2599983215332,37.310001373291016,8721123
2023-12-18 15:30:00,37.314998626708984,37.40999984741211,37.25,37.369998931884766,4441419
2023-12-18 16:30:00,37.369998931884766,37.38999938964844,37.33150100708008,37.3650016784668,3221426
2023-12-18 17:30:00,37.369998931884766,37.380001068115234,37.2599983215332,37.275001525878906,2435812
2023-12-18 18:30:00,37.27280044555664,37.34000015258789,37.25,37.29999923706055,4090922
2023-12-18 19:30:00,37.30500030517578,37.34000015258789,37.2599983215332,37.31999969482422,6079693
2023-12-18 20:30:00,37.314998626708984,37.33000183105469,37.27000045776367,37.279998779296875,4962706
2023-12-19 14:30:00,37.27000045776367,37.47740173339844,37.16999816894531,37.435001373291016,5556131
2023-12-19 15:30:00,37.43000030517578,37.529998779296875,37.42499923706055,37.51499938964844,3742783
2023-12-19 16:30:00,37.51499938964844,37.560001373291016,37.48500061035156,37.5,3228864
2023-12-19 17:30:00,37.499000549316406,37.54999923706055,37.494998931884766,37.540000915527344,3741882
2023-12-19 18:30:00,37.532501220703125,37.58000183105469,37.52000045776367,37.560001373291016,2985436
2023-12-19 19:30:00,37.560001373291016,37.560001373291016,37.494998931884766,37.54499816894531,3598538
2023-12-19 20:30:00,37.54499816894531,37.56999969482422,37.5099983215332,37.56999969482422,5100680
2023-12-20 14:30:00,37.470001220703125,37.5099983215332,37.380001068115234,37.4297981262207,4779868
2023-12-20 15:30:00,37.43000030517578,37.540000915527344,37.42499923706055,37.53499984741211,3073294
2023-12-20 16:30:00,37.53499984741211,37.55939865112305,37.4900016784668,37.53499984741211,3389280
2023-12-20 17:30:00,37.53499984741211,37.557498931884766,37.47999954223633,37.5,2696443
2023-12-20 18:30:00,37.5,37.525001525878906,37.40999984741211,37.42499923706055,2539691
2023-12-20 19:30:00,37.42499923706055,37.43000030517578,36.9900016784668,37.06999969482422,10049455
2023-12-20 20:30:00,37.064998626708984,37.125,36.900001525878906,36.91999816894531,12053015
2023-12-21 14:30:00,37.060001373291016,37.27000045776367,37.04999923706055,37.16999816894531,5087608
2023-12-21 15:30:00,37.18000030517578,37.220001220703125,37.11000061035156,37.17499923706055,2867104
2023-12-21 16:30:00,37.17499923706055,37.18000030517578,36.97999954223633,37.01499938964844,3143449
2023-12-21 17:30:00,37.01499938964844,37.06850051879883,36.92399978637695,37.02000045776367,3263752
2023-12-21 18:30:00,37.02000045776367,37.08000183105469,36.9900016784668,37.07500076293945,2458086
2023-12-21 19:30:00,37.08000183105469,37.15999984741211,37.02000045776367,37.15999984741211,3411808
2023-12-21 20:30:00,37.15999984741211,37.27000045776367,37.130001068115234,37.244998931884766,6126739
2023-12-22 14:30:00,37.369998931884766,37.4900016784668,37.33000183105469,37.459999084472656,4541998
2023-12-22 15:30:00,37.459999084472656,37.48849868774414,37.31999969482422,37.38970184326172,3555370
2023-12-22 16:30:00,37.38999938964844,37.40999984741211,37.330101013183594,37.3849983215332,4731159
2023-12-22 17:30:00,37.380001068115234,37.429901123046875,37.35449981689453,37.40999984741211,1583352
2023-12-22 18:30:00,37.40999984741211,37.415000915527344,37.220001220703125,37.224998474121094,2514088
2023-12-22 19:30:00,37.22999954223633,37.380001068115234,37.20000076293945,37.35900115966797,3795476
2023-12-22 20:30:00,37.35499954223633,37.36000061035156,37.279998779296875,37.34000015258789,3813151
2023-12-26 14:30:00,37.369998931884766,37.45750045776367,37.310001373291016,37.43000030517578,3107449
2023-12-26 15:30:00,37.43000030517578,37.45500183105469,37.38999938964844,37.39500045776367,1794056
2023-12-26 16:30:00,37.38999938964844,37.459999084472656,37.38999938964844,37.44499969482422,1288452
2023-12-26 17:30:00,37.44499969482422,37.474998474121094,37.41999816894531,37.44499969482422,1289806
2023-12-26 18:30:00,37.44499969482422,37.4900016784668,37.44499969482422,37.48500061035156,962363
2023-12-26 19:30:00,37.48500061035156,37.560001373291016,37.470001220703125,37.51499938964844,2876062
2023-12-26 20:30:00,37.51499938964844,37.540000915527344,37.45000076293945,37.4900016784668,5509468
2023-12-27 14:30:00,37.375,37.540000915527344,37.35499954223633,37.523101806640625,3389101
2023-12-27 15:30:00,37.529998779296875,37.540000915527344,37.459999084472656,37.4900016784668,2443247
2023-12-27 16:30:00,37.4900016784668,37.54499816894531,37.47999954223633,37.529998779296875,2831745
2023-12-27 17:30:00,37.529998779296875,37.61000061035156,37.48500061035156,37.55009841918945,3592952
2023-12-27 18:30:00,37.55500030517578,37.584999084472656,37.45000076293945,37.52000045776367,5261761
2023-12-27 19:30:00,37.52000045776367,37.54999923706055,37.47999954223633,37.525001525878906,2419174
2023-12-27 20:30:00,37.525001525878906,37.599998474121094,37.47999954223633,37.59000015258789,5704387
2023-12-28 14:30:00,37.54999923706055,37.70859909057617,37.540000915527344,37.689998626708984,3348828
2023-12-28 15:30:00,37.689998626708984,37.720001220703125,37.66999816894531,37.70500183105469,4346698
2023-12-28 16:30:00,37.70000076293945,37.7400016784668,37.689998626708984,37.724998474121094,2601864
2023-12-28 17:30:00,37.724998474121094,37.775001525878906,37.70989990234375,37.755001068115234,2455466
2023-12-28 18:30:00,37.75379943847656,37.790000915527344,37.7400016784668,37.779998779296875,2324750
2023-12-28 19:30:00,37.77750015258789,37.79999923706055,37.720001220703125,37.7598991394043,4724519
2023-12-28 20:30:00,37.7599983215332,37.79999923706055,37.70000076293945,37.72999954223633,4794230
2023-12-29 14:30:00,37.709999084472656,37.77000045776367,37.70000076293945,37.7400016784668,3404340
2023-12-29 15:30:00,37.7400016784668,37.744998931884766,37.560001373291016,37.57099914550781,3214360
2023-12-29 16:30:00,37.56999969482422,37.61000061035156,37.4901008605957,37.5099983215332,3658675
2023-12-29 17:30:00,37.51499938964844,37.61000061035156,37.5099983215332,37.560001373291016,3515490
2023-12-29 18:30:00,37.564998626708984,37.63999938964844,37.56399917602539,37.61000061035156,2677567
2023-12-29 19:30:00,37.61000061035156,37.689998626708984,37.61000061035156,37.685001373291016,4017579
2023-12-29 20:30:00,37.685001373291016,37.689998626708984,37.58000183105469,37.630001068115234,6274017
2024-01-02 14:30:00,37.5,37.584999084472656,37.43000030517578,37.4900016784668,5141067
2024-01-02 15:30:00,37.47999954223633,37.599998474121094,37.4640007019043,37.595001220703125,3341045
2024-01-02 16:30:00,37.59000015258789,37.709999084472656,37.58190155029297,37.69499969482422,4490901
2024-01-02 17:30:00,37.70000076293945,37.77000045776367,37.68000030517578,37.744998931884766,2685584
2024-01-02 18:30:00,37.744998931884766,37.77000045776367,37.650001525878906,37.66999816894531,3211826
2024-01-02 19:30:00,37.66999816894531,37.68000030517578,37.60850143432617,37.654998779296875,6219839
2024-01-02 20:30:00,37.654998779296875,37.779998779296875,37.63249969482422,37.77000045776367,4985946
2024-01-03 14:30:00,37.59000015258789,37.59000015258789,37.38999938964844,37.439998626708984,8372766
2024-01-03 15:30:00,37.435001373291016,37.52000045776367,37.380001068115234,37.5,4043172
2024-01-03 16:30:00,37.505001068115234,37.56999969482422,37.459999084472656,37.505001068115234,3702507
2024-01-03 17:30:00,37.5,37.61000061035156,37.5,37.584999084472656,3601237
2024-01-03 18:30:00,37.59000015258789,37.630001068115234,37.48500061035156,37.61000061035156,3799225
2024-01-03 19:30:00,37.619998931884766,37.650001525878906,37.4900016784668,37.51499938964844,7022765
2024-01-03 20:30:00,37.52000045776367,37.56999969482422,37.40999984741211,37.459999084472656,7982808
2024-01-04 14:30:00,37.56999969482422,37.869998931884766,37.52000045776367,37.845001220703125,8221607
2024-01-04 15:30:00,37.84000015258789,37.88999938964844,37.80500030517578,37.86000061035156,5145272
2024-01-04 16:30:00,37.8650016784668,37.880001068115234,37.7776985168457,37.79999923706055,5347828
2024-01-04 17:30:00,37.79499816894531,37.79499816894531,37.709999084472656,37.76499938964844,2962975
2024-01-04 18:30:00,37.76459884643555,37.790000915527344,37.709999084472656,37.71500015258789,3527565
2024-01-04 19:30:00,37.71500015258789,37.72999954223633,37.619998931884766,37.6349983215332,4726501
2024-01-04 20:30:00,37.63999938964844,37.68000030517578,37.54999923706055,37.58000183105469,5958225
2024-01-05 14:30:00,37.59000015258789,37.95000076293945,37.56999969482422,37.829898834228516,10013214
2024-01-05 15:30:00,37.82500076293945,37.91999816894531,37.79999923706055,37.81999969482422,7599830
2024-01-05 16:30:00,37.810001373291016,37.839900970458984,37.70500183105469,37.720001220703125,3786990
2024-01-05 17:30:00,37.724998474121094,37.75,37.63999938964844,37.7400016784668,3055779
2024-01-05 18:30:00,37.7400016784668,37.829898834228516,37.7400016784668,37.79750061035156,3732045
2024-01-05 19:30:00,37.790000915527344,37.81999969482422,37.665000915527344,37.70500183105469,5474716
2024-01-05 20:30:00,37.709999084472656,37.79990005493164,37.650001525878906,37.7599983215332,7313987
2024-01-08 14:30:00,37.7599983215332,37.84000015258789,37.560001373291016,37.654998779296875,8038195
2024-01-08 15:30:00,37.659000396728516,37.717498779296875,37.64500045776367,37.685001373291016,4399498
2024-01-08 16:30:00,37.685001373291016,37.68939971923828,37.6150016784668,37.63999938964844,2986273
2024-01-08 17:30:00,37.630001068115234,37.70000076293945,37.625,37.64500045776367,2114454
2024-01-08 18:30:00,37.650001525878906,37.83000183105469,37.650001525878906,37.814998626708984,3996742
2024-01-08 19:30:00,37.81999969482422,37.91999816894531,37.814998626708984,37.89500045776367,4744295
2024-01-08 20:30:00,37.89500045776367,38.0099983215332,37.88999938964844,37.9900016784668,9039306
2024-01-09 14:30:00,37.790000915527344,37.790000915527344,37.63399887084961,37.71500015258789,6935676
2024-01-09 15:30:00,37.709999084472656,37.7599983215332,37.65999984741211,37.755001068115234,5305182
2024-01-09 16:30:00,37.755001068115234,37.790000915527344,37.72999954223633,37.76499938964844,2530282
2024-01-09 17:30:00,37.77000045776367,37.79499816894531,37.685001373291016,37.70500183105469,2990642
2024-01-09 18:30:00,37.70159912109375,37.79499816894531,37.654998779296875,37.68989944458008,2708686
2024-01-09 19:30:00,37.689998626708984,37.744998931884766,37.650001525878906,37.70500183105469,6145778
2024-01-09 20:30:00,37.70009994506836,37.7599983215332,37.68000030517578,37.72999954223633,6720428
2024-01-10 14:30:00,37.689998626708984,37.755001068115234,37.599998474121094,37.657501220703125,5516940
2024-01-10 15:30:00,37.654998779296875,37.70000076293945,37.622501373291016,37.63999938964844,3143000
2024-01-10 16:30:00,37.64500045776367,37.65999984741211,37.56999969482422,37.61000061035156,4019980
2024-01-10 17:30:00,37.61899948120117,37.66999816894531,37.59000015258789,37.62730026245117,4854242
2024-01-10 18:30:00,37.619998931884766,37.7859992980957,37.6150016784668,37.775001525878906,4636850
2024-01-10 19:30:00,37.779998779296875,37.84000015258789,37.720001220703125,37.744998931884766,5079367
2024-01-10 20:30:00,37.744998931884766,37.83000183105469,37.70000076293945,37.79999923706055,8733093
2024-01-11 14:30:00,37.7599983215332,37.810001373291016,37.41999816894531,37.510101318359375,10778878
2024-01-11 15:30:00,37.51499938964844,37.54499816894531,37.369998931884766,37.43000030517578,6077089
2024-01-11 16:30:00,37.43000030517578,37.470001220703125,37.38999938964844,37.4375,6048591
2024-01-11 17:30:00,37.435001373291016,37.54999923706055,37.435001373291016,37.51499938964844,6508160
2024-01-11 18:30:00,37.52000045776367,37.619998931884766,37.5,37.61009979248047,3971910
2024-01-11 19:30:00,37.61000061035156,37.68000030517578,37.570098876953125,37.619998931884766,5458888
2024-01-11 20:30:00,37.6150016784668,37.689998626708984,37.599998474121094,37.654998779296875,7548897
2024-01-12 14:30:00,37.849998474121094,37.9900016784668,37.58000183105469,37.650001525878906,11390796
2024-01-12 15:30:00,37.65999984741211,37.709999084472656,37.494998931884766,37.54499816894531,7016413
2024-01-12 16:30:00,37.54999923706055,37.61000061035156,37.44499969482422,37.48500061035156,4687696
2024-01-12 17:30:00,37.486000061035156,37.61000061035156,37.46500015258789,37.595001220703125,2834905
2024-01-12 18:30:00,37.595001220703125,37.689998626708984,37.58000183105469,37.68000030517578,2062354
2024-01-12 19:30:00,37.66999816894531,37.67499923706055,37.53499984741211,37.564998626708984,3873209
2024-01-12 20:30:00,37.560001373291016,37.605201721191406,37.54999923706055,37.564998626708984,5805102
2024-01-16 14:30:00,37.34000015258789,37.380001068115234,37.13079833984375,37.33399963378906,9663942
2024-01-16 15:30:00,37.334999084472656,37.40999984741211,37.23500061035156,37.349998474121094,6670788
2024-01-16 16:30:00,37.36000061035156,37.404998779296875,37.28499984741211,37.29499816894531,4299931
2024-01-16 17:30:00,37.29999923706055,37.349998474121094,37.2599983215332,37.34989929199219,5213510
2024-01-16 18:30:00,37.349998474121094,37.3650016784668,37.20000076293945,37.23500061035156,3542126
2024-01-16 19:30:00,37.23059844970703,37.279998779296875,37.220001220703125,37.23540115356445,4576373
2024-01-16 20:30:00,37.23500061035156,37.34000015258789,37.209999084472656,37.32500076293945,7722931
2024-01-17 14:30:00,37.02000045776367,37.41999816894531,37.0,37.310001373291016,8014522
2024-01-17 15:30:00,37.314998626708984,37.36000061035156,37.28499984741211,37.31650161743164,4122001
2024-01-17 16:30:00,37.310001373291016,37.334999084472656,37.20500183105469,37.209999084472656,4185473
2024-01-17 17:30:00,37.209999084472656,37.22999954223633,37.11009979248047,37.1349983215332,3553375
2024-01-17 18:30:00,37.1349983215332,37.189998626708984,37.099998474121094,37.17499923706055,4347625
2024-01-17 19:30:00,37.17499923706055,37.19499969482422,37.09000015258789,37.1150016784668,4198645
2024-01-17 20:30:00,37.1150016784668,37.25,37.11000061035156,37.22999954223633,7394091
2024-01-18 14:30:00,37.220001220703125,37.275001525878906,37.084999084472656,37.18000030517578,7604814
2024-01-18 15:30:00,37.189998626708984,37.209999084472656,37.029998779296875,37.064998626708984,5830572
2024-01-18 16:30:00,37.06999969482422,37.10499954223633,36.95000076293945,37.01499938964844,5899412
2024-01-18 17:30:00,37.0099983215332,37.119998931884766,36.991600036621094,37.095001220703125,3087776
2024-01-18 18:30:00,37.095001220703125,37.220001220703125,37.095001220703125,37.209999084472656,3571321
2024-01-18 19:30:00,37.209999084472656,37.29999923706055,37.15999984741211,37.29499816894531,5582922
2024-01-18 20:30:00,37.29499816894531,37.3650016784668,37.28450012207031,37.314998626708984,6851780
2024-01-19 14:30:00,37.470001220703125,37.564998626708984,37.349998474121094,37.560001373291016,8373714
2024-01-19 15:30:00,37.54999923706055,37.65950012207031,37.5,37.599998474121094,7917906
2024-01-19 16:30:00,37.599998474121094,37.65999984741211,37.54999923706055,37.65570068359375,5406146
2024-01-19 17:30:00,37.65999984741211,37.810001373291016,37.65840148925781,37.8036003112793,6473232
2024-01-19 18:30:00,37.80500030517578,37.970001220703125,37.790000915527344,37.915000915527344,6774142
2024-01-19 19:30:00,37.91999816894531,37.95000076293945,37.869998931884766,37.904998779296875,13080868
2024-01-19 20:30:00,37.904998779296875,37.95000076293945,37.89500045776367,37.939998626708984,9583227
2024-01-22 14:30:00,38.09000015258789,38.290000915527344,38.04999923706055,38.283599853515625,14604976
2024-01-22 15:30:00,38.28499984741211,38.29999923706055,38.130001068115234,38.165000915527344,8197892
2024-01-22 16:30:00,38.16659927368164,38.179901123046875,38.099998474121094,38.154998779296875,4803035
2024-01-22 17:30:00,38.154998779296875,38.15999984741211,38.029998779296875,38.040199279785156,3055044
2024-01-22 18:30:00,38.040000915527344,38.10499954223633,38.02470016479492,38.060001373291016,3385407
2024-01-22 19:30:00,38.064998626708984,38.11000061035156,38.03450012207031,38.10499954223633,4403672
2024-01-22 20:30:00,38.099998474121094,38.13529968261719,38.08000183105469,38.095001220703125,6529699
2024-01-23 14:30:00,38.09000015258789,38.18000030517578,38.04999923706055,38.08000183105469,5685098
2024-01-23 15:30:00,38.07500076293945,38.099998474121094,38.0099983215332,38.08000183105469,4420201
2024-01-23 16:30:00,38.06999969482422,38.099998474121094,38.060001373291016,38.09000015258789,4863644
2024-01-23 17:30:00,38.095001220703125,38.125,38.08000183105469,38.095001220703125,3370708
2024-01-23 18:30:00,38.095001220703125,38.13999938964844,38.08000183105469,38.1150016784668,2849870
2024-01-23 19:30:00,38.10499954223633,38.19990158081055,38.099998474121094,38.1599006652832,3723790
2024-01-23 20:30:00,38.154998779296875,38.18000030517578,38.119998931884766,38.13999938964844,7141702
2024-01-24 14:30:00,38.33000183105469,38.415000915527344,38.29999923706055,38.36220169067383,5428526
2024-01-24 15:30:00,38.369998931884766,38.525001525878906,38.349998474121094,38.514198303222656,5858709
2024-01-24 16:30:00,38.5099983215332,38.529998779296875,38.459999084472656,38.4900016784668,6414899
2024-01-24 17:30:00,38.494998931884766,38.5099983215332,38.42499923706055,38.45000076293945,6093684
2024-01-24 18:30:00,38.45500183105469,38.459999084472656,38.369998931884766,38.380001068115234,4527338
2024-01-24 19:30:00,38.380001068115234,38.439998626708984,38.29999923706055,38.33000183105469,8185883
2024-01-24 20:30:00,38.32500076293945,38.380001068115234,38.290000915527344,38.33000183105469,6697351
2024-01-25 14:30:00,38.5,38.54999923706055,38.36000061035156,38.470001220703125,6838451
2024-01-25 15:30:00,38.474998474121094,38.47679901123047,38.34000015258789,38.415000915527344,6789199
2024-01-25 16:30:00,38.400001525878906,38.404998779296875,38.27399826049805,38.314998626708984,6965599
2024-01-25 17:30:00,38.31999969482422,38.38999938964844,38.27000045776367,38.349998474121094,4335676
2024-01-25 18:30:00,38.349998474121094,38.45000076293945,38.345001220703125,38.439998626708984,3527234
2024-01-25 19:30:00,38.44499969482422,38.46989822387695,38.404998779296875,38.45000076293945,4734864
2024-01-25 20:30:00,38.45500183105469,38.540000915527344,38.44490051269531,38.540000915527344,8364651
2024-01-26 14:30:00,38.439998626708984,38.619998931884766,38.41999816894531,38.57500076293945,7192310
2024-01-26 15:30:00,38.58000183105469,38.70000076293945,38.56999969482422,38.658599853515625,4376328
2024-01-26 16:30:00,38.650001525878906,38.65999984741211,38.59000015258789,38.6150016784668,2519139
2024-01-26 17:30:00,38.6150016784668,38.6349983215332,38.529998779296875,38.619998931884766,4197349
2024-01-26 18:30:00,38.630001068115234,38.650001525878906,38.5443000793457,38.6245002746582,2514232
2024-01-26 19:30:00,38.625,38.717899322509766,38.619998931884766,38.65999984741211,4324304
2024-01-26 20:30:00,38.65999984741211,38.68510055541992,38.61000061035156,38.63999938964844,4853192
2024-01-29 14:30:00,38.529998779296875,38.689998626708984,38.529998779296875,38.654701232910156,4683955
2024-01-29 15:30:00,38.650001525878906,38.66999816894531,38.540000915527344,38.570098876953125,5375693
2024-01-29 16:30:00,38.56999969482422,38.59000015258789,38.5099983215332,38.52009963989258,2866149
2024-01-29 17:30:00,38.52009963989258,38.540000915527344,38.43000030517578,38.5,3432454
2024-01-29 18:30:00,38.494998931884766,38.54999923706055,38.47999954223633,38.53499984741211,2686977
2024-01-29 19:30:00,38.53499984741211,38.779998779296875,38.52000045776367,38.72359848022461,9513496
2024-01-29 20:30:00,38.724998474121094,38.779998779296875,38.65999984741211,38.7599983215332,5301192
2024-01-30 14:30:00,38.790000915527344,38.96500015258789,38.77000045776367,38.95500183105469,7378740
2024-01-30 15:30:00,38.959999084472656,39.08000183105469,38.939998626708984,39.08000183105469,5684124
2024-01-30 16:30:00,39.07500076293945,39.189998626708984,39.072200775146484,39.15999984741211,5408384
2024-01-30 17:30:00,39.154998779296875,39.189998626708984,39.1349983215332,39.18000030517578,4876052
2024-01-30 18:30:00,39.18000030517578,39.2599983215332,39.16999816894531,39.244998931884766,3747100
2024-01-30 19:30:00,39.244998931884766,39.279998779296875,39.22999954223633,39.2599983215332,6704457
2024-01-30 20:30:00,39.26499938964844,39.27000045776367,39.20000076293945,39.22999954223633,7687340
2024-01-31 14:30:00,39.15999984741211,39.45000076293945,39.150001525878906,39.32500076293945,11505268
2024-01-31 15:30:00,39.32500076293945,39.34000015258789,39.16999816894531,39.20500183105469,8606550
2024-01-31 16:30:00,39.209999084472656,39.22999954223633,39.08000183105469,39.22999954223633,6102683
2024-01-31 17:30:00,39.220001220703125,39.22999954223633,39.144798278808594,39.165000915527344,4536035
2024-01-31 18:30:00,39.16999816894531,39.20000076293945,39.029998779296875,39.09000015258789,8122835
2024-01-31 19:30:00,39.09000015258789,39.2400016784668,38.84000015258789,38.904998779296875,14264473
2024-01-31 20:30:00,38.900001525878906,38.915000915527344,38.7400016784668,38.7400016784668,10299486
2024-02-01 14:30:00,38.79499816894531,38.845001220703125,38.5099983215332,38.59000015258789,12439833
2024-02-01 15:30:00,38.59000015258789,38.599998474121094,38.25,38.37919998168945,12977536
2024-02-01 16:30:00,38.380001068115234,38.630001068115234,38.380001068115234,38.6150016784668,9591009
2024-02-01 17:30:00,38.61750030517578,38.80500030517578,38.61000061035156,38.67100143432617,8024163
2024-02-01 18:30:00,38.66999816894531,38.715999603271484,38.619998931884766,38.67499923706055,4617104
2024-02-01 19:30:00,38.67499923706055,38.81999969482422,38.63999938964844,38.775001525878906,6150731
2024-02-01 20:30:00,38.779998779296875,38.810001373291016,38.70000076293945,38.79999923706055,6410663
2024-02-02 14:30:00,38.689998626708984,38.880001068115234,38.665000915527344,38.83000183105469,14169507
2024-02-02 15:30:00,38.83000183105469,38.939998626708984,38.75,38.92499923706055,6296631
2024-02-02 16:30:00,38.92499923706055,39.04999923706055,38.900001525878906,38.96179962158203,6155325
2024-02-02 17:30:00,38.96630096435547,39.040000915527344,38.810001373291016,38.939998626708984,10342287
2024-02-02 18:30:00,38.939998626708984,39.099998474121094,38.920101165771484,39.06740188598633,7939101
2024-02-02 19:30:00,39.06999969482422,39.154998779296875,39.05500030517578,39.154998779296875,6027689
2024-02-02 20:30:00,39.154998779296875,39.15769958496094,38.97999954223633,38.97999954223633,8778863
2024-02-05 14:30:00,38.75,38.834999084472656,38.57500076293945,38.650001525878906,9545741
2024-02-05 15:30:00,38.654998779296875,38.75,38.630001068115234,38.71500015258789,4810108
2024-02-05 16:30:00,38.71500015258789,38.7400016784668,38.665000915527344,38.7400016784668,4801833
2024-02-05 17:30:00,38.73500061035156,38.79999923706055,38.720001220703125,38.72600173950195,4382147
2024-02-05 18:30:00,38.72990036010742,38.83000183105469,38.7244987487793,38.83000183105469,3163557
2024-02-05 19:30:00,38.820098876953125,38.86000061035156,38.7599983215332,38.834999084472656,4275379
2024-02-05 20:30:00,38.84000015258789,38.869998931884766,38.7400016784668,38.744998931884766,5385538
2024-02-06 14:30:00,38.70000076293945,38.8849983215332,38.64500045776367,38.75,5256020
2024-02-06 15:30:00,38.744998931884766,38.809898376464844,38.70320129394531,38.777000427246094,3722316
2024-02-06 16:30:00,38.775001525878906,38.78499984741211,38.70500183105469,38.75,3467840
2024-02-06 17:30:00,38.755001068115234,38.77000045776367,38.70100021362305,38.7400016784668,2771038
2024-02-06 18:30:00,38.73500061035156,38.810001373291016,38.70500183105469,38.70500183105469,3484468
2024-02-06 19:30:00,38.709999084472656,38.81999969482422,38.70000076293945,38.77000045776367,4676321
2024-02-06 20:30:00,38.775001525878906,38.869998931884766,38.75,38.86000061035156,5796365
2024-02-07 14:30:00,39.040000915527344,39.060001373291016,38.77000045776367,39.02000045776367,5255854
2024-02-07 15:30:00,39.02000045776367,39.029998779296875,38.91310119628906,38.95000076293945,4659087
2024-02-07 16:30:00,38.94900131225586,39.064998626708984,38.94499969482422,39.05500030517578,3444996
2024-02-07 17:30:00,39.04999923706055,39.15999984741211,39.03499984741211,39.14500045776367,4661519
2024-02-07 18:30:00,39.150001525878906,39.165000915527344,39.09000015258789,39.1349983215332,3335992
2024-02-07 19:30:00,39.13999938964844,39.165000915527344,39.099998474121094,39.099998474121094,6716173
2024-02-07 20:30:00,39.099998474121094,39.13999938964844,39.064998626708984,39.125,7542818
2024-02-08 14:30:00,38.97999954223633,39.084999084472656,38.8484001159668,38.875,8023816
2024-02-08 15:30:00,38.875,38.88999938964844,38.720001220703125,38.749000549316406,5239378
2024-02-08 16:30:00,38.744998931884766,38.849998474121094,38.72999954223633,38.82500076293945,5955780
2024-02-08 17:30:00,38.82500076293945,38.88999938964844,38.810001373291016,38.82500076293945,3697491
2024-02-08 18:30:00,38.82500076293945,39.0,38.810001373291016,38.97999954223633,11261980
2024-02-08 19:30:00,38.97999954223633,38.9900016784668,38.939998626708984,38.96989822387695,5286298
2024-02-08 20:30:00,38.970001220703125,38.9900016784668,38.900001525878906,38.95500183105469,6674184
2024-02-09 14:30:00,38.91999816894531,38.9900016784668,38.86000061035156,38.870601654052734,6901343
2024-02-09 15:30:00,38.869998931884766,38.93560028076172,38.838401794433594,38.89500045776367,6662954
2024-02-09 16:30:00,38.89099884033203,38.970001220703125,38.81999969482422,38.96500015258789,6060263
2024-02-09 17:30:00,38.970001220703125,39.029998779296875,38.939998626708984,39.01620101928711,10686828
2024-02-09 18:30:00,39.02000045776367,39.08000183105469,39.0099983215332,39.05500030517578,6622174
2024-02-09 19:30:00,39.05500030517578,39.095001220703125,39.0099983215332,39.064998626708984,7556071
2024-02-09 20:30:00,39.064998626708984,39.08000183105469,39.0099983215332,39.06999969482422,5232338
2024-02-12 14:30:00,39.08000183105469,39.20000076293945,38.9900016784668,39.1599006652832,6236945
2024-02-12 15:30:00,39.15999984741211,39.34000015258789,39.150001525878906,39.33060073852539,5263314
2024-02-12 16:30:00,39.339900970458984,39.400001525878906,39.33000183105469,39.35499954223633,10601837
2024-02-12 17:30:00,39.35499954223633,39.400001525878906,39.33000183105469,39.36000061035156,3386702
2024-02-12 18:30:00,39.350101470947266,39.43000030517578,39.27000045776367,39.29999923706055,3546154
2024-02-12 19:30:00,39.29890060424805,39.314998626708984,39.22999954223633,39.25,4974109
2024-02-12 20:30:00,39.255001068115234,39.279998779296875,39.220001220703125,39.25,4697923
2024-02-13 14:30:00,38.959999084472656,39.05500030517578,38.70000076293945,38.7400016784668,13324570
2024-02-13 15:30:00,38.744998931884766,38.81999969482422,38.66999816894531,38.80500030517578,8239489
2024-02-13 16:30:00,38.80500030517578,38.84600067138672,38.7400016784668,38.755001068115234,5736070
2024-02-13 17:30:00,38.75,38.81990051269531,38.65999984741211,38.67499923706055,4714736
2024-02-13 18:30:00,38.67499923706055,38.689998626708984,38.47999954223633,38.51499938964844,7231099
2024-02-13 19:30:00,38.5099983215332,38.58509826660156,38.41999816894531,38.47999954223633,8554405
2024-02-13 20:30:00,38.48500061035156,38.744998931884766,38.46009826660156,38.7400016784668,12075562
2024-02-14 14:30:00,38.959999084472656,39.06999969482422,38.85499954223633,39.040000915527344,7713956
2024-02-14 15:30:00,39.040000915527344,39.06999969482422,38.869998931884766,38.96500015258789,6296308
2024-02-14 16:30:00,38.96500015258789,38.97999954223633,38.810001373291016,38.9099006652832,5333238
2024-02-14 17:30:00,38.90999984741211,38.95500183105469,38.880001068115234,38.92499923706055,3566964
2024-02-14 18:30:00,38.92499923706055,39.005001068115234,38.845001220703125,38.959999084472656,4783762
2024-02-14 19:30:00,38.96500015258789,39.08000183105469,38.939998626708984,39.064998626708984,5739596
2024-02-14 20:30:00,39.064998626708984,39.130001068115234,39.01449966430664,39.099998474121094,9959026
2024-02-15 14:30:00,39.220001220703125,39.630001068115234,39.209999084472656,39.4900016784668,11793912
2024-02-15 15:30:00,39.4900016784668,39.52000045776367,39.439998626708984,39.474998474121094,5066104
2024-02-15 16:30:00,39.470001220703125,39.66510009765625,39.459999084472656,39.6349983215332,8364134
2024-02-15 17:30:00,39.6349983215332,39.68000030517578,39.564998626708984,39.67499923706055,6302126
2024-02-15 18:30:00,39.67499923706055,39.790000915527344,39.619998931884766,39.775699615478516,5151106
2024-02-15 19:30:00,39.779998779296875,39.849998474121094,39.7599983215332,39.81990051269531,6231558
2024-02-15 20:30:00,39.814998626708984,39.81990051269531,39.709999084472656,39.7599983215332,10465789
2024-02-16 14:30:00,39.68000030517578,39.77000045776367,39.55059814453125,39.71500015258789,6836824
2024-02-16 15:30:00,39.717498779296875,39.775001525878906,39.63999938964844,39.7400016784668,5556541
2024-02-16 16:30:00,39.7400016784668,39.809898376464844,39.709999084472656,39.775001525878906,4466264
2024-02-16 17:30:00,39.775001525878906,39.790000915527344,39.674800872802734,39.77000045776367,3519883
2024-02-16 18:30:00,39.77000045776367,39.810001373291016,39.7400016784668,39.78499984741211,2831746
2024-02-16 19:30:00,39.78499984741211,39.790000915527344,39.60499954223633,39.70500183105469,6988271
2024-02-16 20:30:00,39.70500183105469,39.720001220703125,39.56999969482422,39.63999938964844,6400848
2024-02-20 14:30:00,39.380001068115234,39.60499954223633,39.314998626708984,39.56999969482422,6706876
2024-02-20 15:30:00,39.56999969482422,39.65999984741211,39.55500030517578,39.625,3754080
2024-02-20 16:30:00,39.625,39.63999938964844,39.5099983215332,39.540000915527344,4171683
2024-02-20 17:30:00,39.53499984741211,39.560001373291016,39.47999954223633,39.5099983215332,4146510
2024-02-20 18:30:00,39.505001068115234,39.56999969482422,39.4640007019043,39.560001373291016,3655604
2024-02-20 19:30:00,39.560001373291016,39.630001068115234,39.54499816894531,39.60499954223633,4184973
2024-02-20 20:30:00,39.61000061035156,39.6150016784668,39.45000076293945,39.5099983215332,10306376
2024-02-21 14:30:00,39.470001220703125,39.540000915527344,39.33000183105469,39.44900131225586,5898297
2024-02-21 15:30:00,39.45000076293945,39.51499938964844,39.415000915527344,39.47999954223633,4305383
2024-02-21 16:30:00,39.47999954223633,39.4900016784668,39.439998626708984,39.46500015258789,4366555
2024-02-21 17:30:00,39.46500015258789,39.505001068115234,39.380001068115234,39.474998474121094,4287453
2024-02-21 18:30:00,39.47999954223633,39.56999969482422,39.46500015258789,39.51110076904297,6050749
2024-02-21 19:30:00,39.5099983215332,39.51380157470703,39.375,39.41999816894531,7605117
2024-02-21 20:30:00,39.43000030517578,39.63999938964844,39.415000915527344,39.630001068115234,7038639
2024-02-22 14:30:00,39.86000061035156,40.11000061035156,39.790000915527344,40.04499816894531,8304092
2024-02-22 15:30:00,40.040000915527344,40.09000015258789,40.005001068115234,40.07500076293945,5531257
2024-02-22 16:30:00,40.08000183105469,40.1349983215332,40.060001373291016,40.125,4485123
2024-02-22 17:30:00,40.130001068115234,40.13999938964844,40.057701110839844,40.13999938964844,5791591
2024-02-22 18:30:00,40.13999938964844,40.2400016784668,40.09000015258789,40.23500061035156,3969523
2024-02-22 19:30:00,40.2400016784668,40.244998931884766,40.09000015258789,40.165000915527344,8547095
2024-02-22 20:30:00,40.16999816894531,40.220001220703125,40.130001068115234,40.13999938964844,12749588
2024-02-23 14:30:00,40.25,40.45000076293945,40.23500061035156,40.43000030517578,6656221
2024-02-23 15:30:00,40.42499923706055,40.46500015258789,40.314998626708984,40.369998931884766,5306358
2024-02-23 16:30:00,40.369998931884766,40.400001525878906,40.33000183105469,40.359901428222656,5293035
2024-02-23 17:30:00,40.359500885009766,40.38750076293945,40.320098876953125,40.345001220703125,4484327
2024-02-23 18:30:00,40.34000015258789,40.356201171875,40.2400016784668,40.244998931884766,2394127
2024-02-23 19:30:00,40.25,40.329898834228516,40.2239990234375,40.30500030517578,3484988
2024-02-23 20:30:00,40.310001373291016,40.34000015258789,40.27000045776367,40.275001525878906,7166791
2024-02-26 14:30:00,40.26499938964844,40.529998779296875,40.25,40.25960159301758,7742430
2024-02-26 15:30:00,40.2599983215332,40.27000045776367,40.165000915527344,40.220298767089844,5192359
2024-02-26 16:30:00,40.22999954223633,40.2599983215332,40.189998626708984,40.25,3183008
2024-02-26 17:30:00,40.25,40.25,40.084999084472656,40.095001220703125,3247243
2024-02-26 18:30:00,40.09000015258789,40.154998779296875,40.029998779296875,40.154998779296875,5105717
2024-02-26 19:30:00,40.154998779296875,40.165000915527344,40.099998474121094,40.13999938964844,4089006
2024-02-26 20:30:00,40.13999938964844,40.189998626708984,40.08000183105469,40.099998474121094,4929286
2024-02-27 14:30:00,40.13999938964844,40.189998626708984,39.935001373291016,40.0099983215332,6910466
2024-02-27 15:30:00,40.01499938964844,40.029998779296875,39.95500183105469,40.02000045776367,4045395
2024-02-27 16:30:00,40.0099983215332,40.040000915527344,39.96500015258789,39.99810028076172,2713071
2024-02-27 17:30:00,39.994998931884766,40.08000183105469,39.9900016784668,40.040000915527344,2854399
2024-02-27 18:30:00,40.040000915527344,40.11989974975586,40.029998779296875,40.08000183105469,2233089
2024-02-27 19:30:00,40.08549880981445,40.13999938964844,40.040000915527344,40.130001068115234,4535039
2024-02-27 20:30:00,40.1349983215332,40.220001220703125,40.119998931884766,40.209999084472656,4740030
2024-02-28 14:30:00,40.130001068115234,40.38999938964844,40.1150016784668,40.38249969482422,5155969
2024-02-28 15:30:00,40.38999938964844,40.5,40.3734016418457,40.45000076293945,6795294
2024-02-28 16:30:00,40.45500183105469,40.459999084472656,40.36399841308594,40.38010025024414,6399198
2024-02-28 17:30:00,40.38999938964844,40.45000076293945,40.369998931884766,40.441001892089844,2984240
2024-02-28 18:30:00,40.44499969482422,40.459999084472656,40.29499816894531,40.36000061035156,5362701
2024-02-28 19:30:00,40.349998474121094,40.3650016784668,40.29999923706055,40.35499954223633,5473325
2024-02-28 20:30:00,40.35499954223633,40.369998931884766,40.290000915527344,40.35499954223633,5142521
2024-02-29 14:30:00,40.459999084472656,40.54999923706055,40.2599983215332,40.375,6457534
2024-02-29 15:30:00,40.369998931884766,40.387901306152344,40.279998779296875,40.31999969482422,4698777
2024-02-29 16:30:00,40.31999969482422,40.31999969482422,40.16999816894531,40.22999954223633,4573707
2024-02-29 17:30:00,40.23500061035156,40.32749938964844,40.22999954223633,40.28499984741211,3476316
2024-02-29 18:30:00,40.28499984741211,40.349998474121094,40.279998779296875,40.30500030517578,3027844
2024-02-29 19:30:00,40.30500030517578,40.32500076293945,40.23500061035156,40.32500076293945,3415582
2024-02-29 20:30:00,40.32500076293945,40.439998626708984,40.310001373291016,40.310001373291016,9260406
2024-03-01 14:30:00,40.33000183105469,40.420101165771484,40.154998779296875,40.349998474121094,7803991
2024-03-01 15:30:00,40.349998474121094,40.3849983215332,40.22999954223633,40.23500061035156,5524297
2024-03-01 16:30:00,40.23500061035156,40.29999923706055,40.15999984741211,40.2599983215332,4429175
2024-03-01 17:30:00,40.2599983215332,40.314998626708984,40.209999084472656,40.22999954223633,4266874
2024-03-01 18:30:00,40.22999954223633,40.31999969482422,40.189998626708984,40.30500030517578,4722177
2024-03-01 19:30:00,40.30500030517578,40.32749938964844,40.22999954223633,40.28499984741211,5168417
2024-03-01 20:30:00,40.28499984741211,40.316001892089844,40.2599983215332,40.279998779296875,7997314
2024-03-04 14:30:00,40.220001220703125,40.489898681640625,40.209999084472656,40.489898681640625,11434862
2024-03-04 15:30:00,40.48500061035156,40.4900016784668,40.31999969482422,40.34000015258789,6893146
2024-03-04 16:30:00,40.345001220703125,40.459999084472656,40.34000015258789,40.45000076293945,4903924
2024-03-04 17:30:00,40.45500183105469,40.470001220703125,40.404998779296875,40.415000915527344,5148910
2024-03-04 18:30:00,40.415000915527344,40.44499969482422,40.29999923706055,40.375,4385485
2024-03-04 19:30:00,40.369998931884766,40.5,40.36000061035156,40.44990158081055,7857599
2024-03-04 20:30:00,40.44499969482422,40.45000076293945,40.349998474121094,40.3650016784668,8930093
2024-03-05 14:30:00,40.25,40.630001068115234,40.25,40.53499984741211,6489760
2024-03-05 15:30:00,40.529998779296875,40.595001220703125,40.49250030517578,40.525001525878906,5197302
2024-03-05 16:30:00,40.525001525878906,40.56999969482422,40.400001525878906,40.494998931884766,8267397
2024-03-05 17:30:00,40.494998931884766,40.52000045776367,40.435001373291016,40.505001068115234,4197123
2024-03-05 18:30:00,40.505001068115234,40.54999923706055,40.45500183105469,40.4900016784668,4882655
2024-03-05 19:30:00,40.48500061035156,40.48500061035156,40.25,40.255001068115234,8101291
2024-03-05 20:30:00,40.255001068115234,40.44499969482422,40.25,40.42499923706055,11728981
2024-03-06 14:30:00,40.459999084472656,40.65999984741211,40.275001525878906,40.55500030517578,14512198
2024-03-06 15:30:00,40.54999923706055,40.715301513671875,40.529998779296875,40.71500015258789,7791021
2024-03-06 16:30:00,40.709999084472656,40.72999954223633,40.540000915527344,40.625,7192743
2024-03-06 17:30:00,40.630001068115234,40.68000030517578,40.59000015258789,40.665000915527344,3243434
2024-03-06 18:30:00,40.65999984741211,40.665000915527344,40.39500045776367,40.595001220703125,8974588
2024-03-06 19:30:00,40.599998474121094,40.61000061035156,40.4900016784668,40.54999923706055,6333740
2024-03-06 20:30:00,40.54999923706055,40.650001525878906,40.5,40.599998474121094,9252919
2024-03-07 14:30:00,40.7599983215332,40.834999084472656,40.650001525878906,40.71500015258789,6328551
2024-03-07 15:30:00,40.720001220703125,40.755001068115234,40.529998779296875,40.560001373291016,6083181
2024-03-07 16:30:00,40.560001373291016,40.58000183105469,40.440101623535156,40.44499969482422,4374970
2024-03-07 17:30:00,40.45000076293945,40.5,40.400001525878906,40.494998931884766,4248976
2024-03-07 18:30:00,40.5,40.58000183105469,40.459999084472656,40.505001068115234,4921342
2024-03-07 19:30:00,40.505001068115234,40.529998779296875,40.43000030517578,40.505001068115234,3819605
2024-03-07 20:30:00,40.505001068115234,40.61000061035156,40.49489974975586,40.529998779296875,5022685
2024-03-08 14:30:00,40.59000015258789,40.83000183105469,40.56999969482422,40.67499923706055,7408617
2024-03-08 15:30:00,40.68000030517578,40.76570129394531,40.619998931884766,40.67499923706055,8385659
2024-03-08 16:30:00,40.68000030517578,40.724998474121094,40.630001068115234,40.71500015258789,10052467
2024-03-08 17:30:00,40.720001220703125,40.75,40.61000061035156,40.67499923706055,5125720
2024-03-08 18:30:00,40.66999816894531,40.71500015258789,40.564998626708984,40.70000076293945,4533747
2024-03-08 19:30:00,40.70000076293945,40.77000045776367,40.584999084472656,40.595001220703125,4912032
2024-03-08 20:30:00,40.59000015258789,40.66999816894531,40.58000183105469,40.6150016784668,5702697
2024-03-11 13:30:00,40.470001220703125,40.630001068115234,40.400001525878906,40.432498931884766,5542133
2024-03-11 14:30:00,40.43000030517578,40.540000915527344,40.400001525878906,40.48249816894531,5260077
2024-03-11 15:30:00,40.48500061035156,40.59000015258789,40.46500015258789,40.56990051269531,6338504
2024-03-11 16:30:00,40.56999969482422,40.65999984741211,40.55500030517578,40.64500045776367,4466995
2024-03-11 17:30:00,40.650001525878906,40.68000030517578,40.6150016784668,40.66999816894531,2642243
2024-03-11 18:30:00,40.66999816894531,40.72999954223633,40.65010070800781,40.65999984741211,3980765
2024-03-11 19:30:00,40.665000915527344,40.72999954223633,40.63999938964844,40.70000076293945,7449323
2024-03-12 13:30:00,40.779998779296875,40.90999984741211,40.63999938964844,40.896400451660156,8457832
2024-03-12 14:30:00,40.89500045776367,40.959999084472656,40.845001220703125,40.86000061035156,7057174
2024-03-12 15:30:00,40.8650016784668,40.91999816894531,40.83000183105469,40.845001220703125,5470520
2024-03-12 16:30:00,40.845001220703125,40.849998474121094,40.689998626708984,40.76499938964844,10461728
2024-03-12 17:30:00,40.77000045776367,40.87229919433594,40.76499938964844,40.87229919433594,10270639
2024-03-12 18:30:00,40.87990188598633,40.97999954223633,40.810001373291016,40.96099853515625,3979939
2024-03-12 19:30:00,40.96500015258789,40.970001220703125,40.869998931884766,40.875,5566722
2024-03-13 13:30:00,40.939998626708984,41.119998931884766,40.90999984741211,41.099998474121094,6213698
2024-03-13 14:30:00,41.099998474121094,41.16999816894531,41.029998779296875,41.10499954223633,6546610
2024-03-13 15:30:00,41.099998474121094,41.1599006652832,41.08000183105469,41.095001220703125,4485092
2024-03-13 16:30:00,41.095001220703125,41.150001525878906,41.06999969482422,41.1150016784668,3981119
2024-03-13 17:30:00,41.11000061035156,41.125,41.060001373291016,41.09000015258789,2902371
2024-03-13 18:30:00,41.09000015258789,41.11000061035156,40.93000030517578,40.98500061035156,4623848
2024-03-13 19:30:00,40.98500061035156,41.13999938964844,40.970001220703125,41.11000061035156,11507284
2024-03-14 13:30:00,41.16999816894531,41.25,40.84000015258789,40.84000015258789,8815323
2024-03-14 14:30:00,40.84000015258789,40.900001525878906,40.77000045776367,40.814998626708984,7138249
2024-03-14 15:30:00,40.814998626708984,40.939998626708984,40.779998779296875,40.915000915527344,5044326
2024-03-14 16:30:00,40.915000915527344,40.93000030517578,40.709999084472656,40.71500015258789,4893814
2024-03-14 17:30:00,40.71500015258789,40.81999969482422,40.65999984741211,40.78499984741211,6780632
2024-03-14 18:30:00,40.78499984741211,40.810001373291016,40.6150016784668,40.664798736572266,8486383
2024-03-14 19:30:00,40.66999816894531,40.849998474121094,40.61000061035156,40.849998474121094,12289549
2024-03-15 13:30:00,40.599998474121094,40.904998779296875,40.52000045776367,40.8849983215332,9902162
2024-03-15 14:30:00,40.8849983215332,40.97999954223633,40.849998474121094,40.94499969482422,9480919
2024-03-15 15:30:00,40.94499969482422,40.967498779296875,40.810001373291016,40.829898834228516,7145031
2024-03-15 16:30:00,40.82500076293945,40.849998474121094,40.7400016784668,40.814998626708984,5205693
2024-03-15 17:30:00,40.814998626708984,40.86000061035156,40.77000045776367,40.83000183105469,5133579
2024-03-15 18:30:00,40.83000183105469,40.900001525878906,40.80500030517578,40.82500076293945,6428554
2024-03-15 19:30:00,40.82500076293945,40.85499954223633,40.77000045776367,40.81999969482422,10097476
2024-03-18 13:30:00,40.779998779296875,40.81999969482422,40.57500076293945,40.7599983215332,6401265
2024-03-18 14:30:00,40.755001068115234,40.84000015258789,40.70500183105469,40.834999084472656,3613778
2024-03-18 15:30:00,40.834999084472656,40.885501861572266,40.79499816894531,40.875,4235191
2024-03-18 16:30:00,40.875,40.91999816894531,40.845001220703125,40.919898986816406,4974823
2024-03-18 17:30:00,40.919898986816406,40.919898986816406,40.82500076293945,40.8650016784668,3167895
2024-03-18 18:30:00,40.869998931884766,40.88999938964844,40.82500076293945,40.869998931884766,4067527
2024-03-18 19:30:00,40.875,40.900001525878906,40.814998626708984,40.86000061035156,6502091
2024-03-19 13:30:00,40.900001525878906,41.0099983215332,40.875,40.935001373291016,4712016
2024-03-19 14:30:00,40.939998626708984,41.02000045776367,40.93000030517578,41.005001068115234,4840263
2024-03-19 15:30:00,41.005001068115234,41.04999923706055,40.97990036010742,41.005001068115234,5309538
2024-03-19 16:30:00,41.0099983215332,41.08000183105469,41.0098991394043,41.04499816894531,4343785
2024-03-19 17:30:00,41.04499816894531,41.060001373291016,40.935001373291016,40.97010040283203,2579021
2024-03-19 18:30:00,40.970001220703125,41.029998779296875,40.959999084472656,40.98500061035156,5998223
2024-03-19 19:30:00,40.98500061035156,41.09000015258789,40.970001220703125,41.060001373291016,7773085
2024-03-20 13:30:00,41.02000045776367,41.17499923706055,40.95000076293945,41.16999816894531,4579714
2024-03-20 14:30:00,41.16999816894531,41.25,41.150001525878906,41.224998474121094,4168050
2024-03-20 15:30:00,41.220001220703125,41.22999954223633,41.189998626708984,41.19499969482422,3898607
2024-03-20 16:30:00,41.19499969482422,41.220001220703125,41.13999938964844,41.15999984741211,2815329
2024-03-20 17:30:00,41.154998779296875,41.33000183105469,41.11000061035156,41.29499816894531,6233870
2024-03-20 18:30:00,41.29499816894531,41.587501525878906,41.17499923706055,41.56999969482422,15227788
2024-03-20 19:30:00,41.564998626708984,41.59000015258789,41.47999954223633,41.560001373291016,13690932
2024-03-21 13:30:00,41.65999984741211,41.90999984741211,41.61000061035156,41.89509963989258,7885172
2024-03-21 14:30:00,41.900001525878906,42.0,41.880001068115234,41.900001525878906,10227607
2024-03-21 15:30:00,41.900001525878906,41.97999954223633,41.880001068115234,41.89500045776367,6279758
2024-03-21 16:30:00,41.89500045776367,41.939998626708984,41.849998474121094,41.90999984741211,5394553
2024-03-21 17:30:00,41.90999984741211,41.939998626708984,41.880001068115234,41.93000030517578,3638017
2024-03-21 18:30:00,41.93000030517578,41.959999084472656,41.90999984741211,41.95750045776367,4346071
2024-03-21 19:30:00,41.95000076293945,41.97999954223633,41.900001525878906,41.90999984741211,9020111
2024-03-22 13:30:00,41.95000076293945,42.03499984741211,41.654998779296875,41.689998626708984,6225465
2024-03-22 14:30:00,41.689998626708984,41.709999084472656,41.592498779296875,41.6349983215332,4339897
2024-03-22 15:30:00,41.6349983215332,41.64540100097656,41.52000045776367,41.55500030517578,3071994
2024-03-22 16:30:00,41.55500030517578,41.59000015258789,41.52000045776367,41.564998626708984,2881460
2024-03-22 17:30:00,41.564998626708984,41.59000015258789,41.54029846191406,41.58580017089844,2500952
2024-03-22 18:30:00,41.584999084472656,41.58539962768555,41.45000076293945,41.525001525878906,3801386
2024-03-22 19:30:00,41.523799896240234,41.540000915527344,41.38999938964844,41.400001525878906,8046840
2024-03-25 13:30:00,41.38999938964844,41.459999084472656,41.290000915527344,41.35689926147461,8346043
2024-03-25 14:30:00,41.35749816894531,41.38999938964844,41.334999084472656,41.380001068115234,3174835
2024-03-25 15:30:00,41.380001068115234,41.38999938964844,41.34000015258789,41.36640167236328,2252408
2024-03-25 16:30:00,41.369998931884766,41.369998931884766,41.29999923706055,41.32500076293945,2179082
2024-03-25 17:30:00,41.32500076293945,41.36000061035156,41.290000915527344,41.349998474121094,2004390
2024-03-25 18:30:00,41.349998474121094,41.36000061035156,41.2599983215332,41.28499984741211,3337820
2024-03-25 19:30:00,41.28499984741211,41.334999084472656,41.2599983215332,41.29499816894531,8489215
2024-03-26 13:30:00,41.40999984741211,41.4900016784668,41.27000045776367,41.4900016784668,5729243
2024-03-26 14:30:00,41.47999954223633,41.5099983215332,41.439998626708984,41.46500015258789,4870749
2024-03-26 15:30:00,41.459999084472656,41.5099983215332,41.43000030517578,41.494998931884766,2541768
2024-03-26 16:30:00,41.494998931884766,41.5260009765625,41.459999084472656,41.47999954223633,2840007
2024-03-26 17:30:00,41.48500061035156,41.505401611328125,41.459999084472656,41.474998474121094,2188079
2024-03-26 18:30:00,41.474998474121094,41.5099983215332,41.439998626708984,41.459999084472656,3689770
2024-03-26 19:30:00,41.459999084472656,41.470001220703125,41.36000061035156,41.400001525878906,6083255
2024-03-27 13:30:00,41.599998474121094,41.755001068115234,41.540000915527344,41.55009841918945,6768045
2024-03-27 14:30:00,41.54999923706055,41.599998474121094,41.494998931884766,41.582298278808594,4282969
2024-03-27 15:30:00,41.584999084472656,41.599998474121094,41.49399948120117,41.52519989013672,3495433
2024-03-27 16:30:00,41.52519989013672,41.61000061035156,41.52519989013672,41.599998474121094,2059425
2024-03-27 17:30:00,41.59000015258789,41.619998931884766,41.540000915527344,41.6150016784668,3232223
2024-03-27 18:30:00,41.619998931884766,41.689998626708984,41.58000183105469,41.68000030517578,4788980
2024-03-27 19:30:00,41.68000030517578,41.900001525878906,41.68000030517578,41.89500045776367,10978158
2024-03-28 13:30:00,41.939998626708984,42.0260009765625,41.8650016784668,41.959999084472656,6964753
2024-03-28 14:30:00,41.959999084472656,42.02000045776367,41.939998626708984,41.98500061035156,3478535
2024-03-28 15:30:00,41.98249816894531,42.08000183105469,41.974998474121094,42.060001373291016,3904048
2024-03-28 16:30:00,42.060001373291016,42.067298889160156,42.02000045776367,42.029998779296875,4014801
2024-03-28 17:30:00,42.029998779296875,42.11000061035156,42.0,42.07500076293945,3721037
2024-03-28 18:30:00,42.08000183105469,42.20500183105469,42.040000915527344,42.20000076293945,6673908
2024-03-28 19:30:00,42.20500183105469,42.220001220703125,42.099998474121094,42.099998474121094,10306082
2024-04-01 13:30:00,42.15999984741211,42.19499969482422,41.89500045776367,41.96500015258789,8267808
2024-04-01 14:30:00,41.959999084472656,41.970001220703125,41.900001525878906,41.939998626708984,5929134
2024-04-01 15:30:00,41.93000030517578,41.939998626708984,41.84000015258789,41.8849983215332,3693367
2024-04-01 16:30:00,41.880001068115234,41.899898529052734,41.81010055541992,41.84000015258789,3124537
2024-04-01 17:30:00,41.834999084472656,41.86000061035156,41.810001373291016,41.824501037597656,2657727
2024-04-01 18:30:00,41.82500076293945,41.88600158691406,41.81010055541992,41.834999084472656,3401639
2024-04-01 19:30:00,41.834999084472656,41.900001525878906,41.81999969482422,41.849998474121094,6388850
2024-04-02 13:30:00,41.7599983215332,41.814998626708984,41.65999984741211,41.7400016784668,7983730
2024-04-02 14:30:00,41.744998931884766,41.80500030517578,41.66999816894531,41.68000030517578,4333749
2024-04-02 15:30:00,41.68000030517578,41.70610046386719,41.619998931884766,41.69390106201172,3207190
2024-04-02 16:30:00,41.70000076293945,41.720001220703125,41.6150016784668,41.6349983215332,2586883
2024-04-02 17:30:00,41.63999938964844,41.689998626708984,41.599998474121094,41.66999816894531,3983249
2024-04-02 18:30:00,41.66999816894531,41.709999084472656,41.63999938964844,41.69499969482422,4338163
2024-04-02 19:30:00,41.69499969482422,41.709999084472656,41.64500045776367,41.689998626708984,8158278
2024-04-03 13:30:00,41.68000030517578,41.959999084472656,41.68000030517578,41.79499816894531,6075974
2024-04-03 14:30:00,41.79499816894531,41.81999969482422,41.70000076293945,41.709999084472656,5149006
2024-04-03 15:30:00,41.709999084472656,41.775001525878906,41.690101623535156,41.76499938964844,3372288
2024-04-03 16:30:00,41.76499938964844,41.78499984741211,41.67499923706055,41.74340057373047,5139657
2024-04-03 17:30:00,41.744998931884766,41.779998779296875,41.685001373291016,41.69499969482422,3890465
2024-04-03 18:30:00,41.69499969482422,41.720001220703125,41.53499984741211,41.595001220703125,6171979
2024-04-03 19:30:00,41.595001220703125,41.70000076293945,41.59000015258789,41.65999984741211,8230088
2024-04-04 13:30:00,42.0,42.04999923706055,41.8849983215332,42.025001525878906,5401743
2024-04-04 14:30:00,42.02790069580078,42.08000183105469,41.920101165771484,41.970001220703125,4056472
2024-04-04 15:30:00,41.970001220703125,42.029998779296875,41.95000076293945,41.974998474121094,3197874
2024-04-04 16:30:00,41.974998474121094,41.97999954223633,41.935001373291016,41.939998626708984,2336393
2024-04-04 17:30:00,41.94499969482422,41.95000076293945,41.4900016784668,41.505001068115234,8692006
2024-04-04 18:30:00,41.505001068115234,41.505001068115234,41.22999954223633,41.24470138549805,13198409
2024-04-04 19:30:00,41.244998931884766,41.28499984741211,41.130001068115234,41.189998626708984,14135666
2024-04-05 13:30:00,41.34000015258789,41.41999816894531,41.20000076293945,41.25,7242209
2024-04-05 14:30:00,41.25,41.51499938964844,41.224998474121094,41.51499938964844,4599937
2024-04-05 15:30:00,41.52000045776367,41.66999816894531,41.459999084472656,41.64500045776367,5788741
2024-04-05 16:30:00,41.63999938964844,41.67499923706055,41.4900016784668,41.54499816894531,5189061
2024-04-05 17:30:00,41.5458984375,41.60499954223633,41.45000076293945,41.5099983215332,5630817
2024-04-05 18:30:00,41.5099983215332,41.560001373291016,41.45000076293945,41.51499938964844,6235709
2024-04-05 19:30:00,41.5099983215332,41.61000061035156,41.4900016784668,41.54999923706055,7901533
2024-04-08 13:30:00,41.58000183105469,41.72999954223633,41.560001373291016,41.727500915527344,5903020
2024-04-08 14:30:00,41.720001220703125,41.810001373291016,41.70500183105469,41.72249984741211,3560151
2024-04-08 15:30:00,41.720001220703125,41.75,41.654998779296875,41.744998931884766,3256632
2024-04-08 16:30:00,41.744998931884766,41.79999923706055,41.724998474121094,41.79629898071289,2885205
2024-04-08 17:30:00,41.79499816894531,41.81999969482422,41.755001068115234,41.775001525878906,3092834
2024-04-08 18:30:00,41.775001525878906,41.79499816894531,41.7400016784668,41.78499984741211,2974669
2024-04-08 19:30:00,41.779998779296875,41.81999969482422,41.68000030517578,41.73500061035156,6151844
2024-04-09 13:30:00,41.77000045776367,41.875,41.45000076293945,41.459999084472656,7740546
2024-04-09 14:30:00,41.459999084472656,41.4650993347168,41.17499923706055,41.314998626708984,9898710
2024-04-09 15:30:00,41.314998626708984,41.470001220703125,41.29499816894531,41.42499923706055,6224647
2024-04-09 16:30:00,41.43000030517578,41.47999954223633,41.375,41.415000915527344,3780416
2024-04-09 17:30:00,41.40999984741211,41.45000076293945,41.334999084472656,41.349998474121094,4600027
2024-04-09 18:30:00,41.349998474121094,41.540000915527344,41.310001373291016,41.529998779296875,7343391
2024-04-09 19:30:00,41.529998779296875,41.540000915527344,41.400001525878906,41.52000045776367,7414659
2024-04-10 13:30:00,41.11000061035156,41.20000076293945,40.845001220703125,41.178199768066406,11790936
2024-04-10 14:30:00,41.18000030517578,41.27000045776367,41.040000915527344,41.09000015258789,4767894
2024-04-10 15:30:00,41.09000015258789,41.095001220703125,40.91999816894531,40.98500061035156,5099102
2024-04-10 16:30:00,40.97999954223633,41.029998779296875,40.775001525878906,40.92499923706055,8054257
2024-04-10 17:30:00,40.91999816894531,40.994998931884766,40.790000915527344,40.86000061035156,8651756
2024-04-10 18:30:00,40.85390090942383,41.0,40.7599983215332,40.939998626708984,8685103
2024-04-10 19:30:00,40.94499969482422,40.970001220703125,40.849998474121094,40.880001068115234,10192813
2024-04-11 13:30:00,40.869998931884766,40.869998931884766,40.35499954223633,40.404998779296875,10311984
2024-04-11 14:30:00,40.404998779296875,40.564998626708984,40.40010070800781,40.53499984741211,9436396
2024-04-11 15:30:00,40.540000915527344,40.689998626708984,40.51499938964844,40.61000061035156,4877293
2024-04-11 16:30:00,40.61000061035156,40.84000015258789,40.599998474121094,40.790000915527344,5513555
2024-04-11 17:30:00,40.79999923706055,40.93000030517578,40.72999954223633,40.834999084472656,6945527
2024-04-11 18:30:00,40.84000015258789,40.869998931884766,40.7599983215332,40.790000915527344,6860417
2024-04-11 19:30:00,40.79499816894531,40.81999969482422,40.630001068115234,40.63999938964844,9512202
2024-04-12 13:30:00,40.33000183105469,40.49980163574219,40.2400016784668,40.27000045776367,20739158
2024-04-12 14:30:00,40.2599983215332,40.31999969482422,40.119998931884766,40.18000030517578,9235020
2024-04-12 15:30:00,40.18000030517578,40.28499984741211,40.11000061035156,40.13999938964844,9153012
2024-04-12 16:30:00,40.13999938964844,40.154998779296875,39.95000076293945,39.970001220703125,9170342
2024-04-12 17:30:00,39.959999084472656,40.130001068115234,39.904998779296875,40.064998626708984,8219959
2024-04-12 18:30:00,40.06990051269531,40.08000183105469,39.939998626708984,39.98500061035156,11388726
2024-04-12 19:30:00,39.98500061035156,40.084999084472656,39.935001373291016,40.08000183105469,10020127
2024-04-15 13:30:00,40.58000183105469,40.7400016784668,40.334999084472656,40.369998931884766,11732999
2024-04-15 14:30:00,40.369998931884766,40.404998779296875,40.185001373291016,40.255001068115234,6748142
2024-04-15 15:30:00,40.255001068115234,40.369998931884766,40.234901428222656,40.2599983215332,5140093
2024-04-15 16:30:00,40.255001068115234,40.255001068115234,39.939998626708984,39.939998626708984,5853674
2024-04-15 17:30:00,39.939998626708984,39.994998931884766,39.83000183105469,39.845001220703125,11188124
2024-04-15 18:30:00,39.845001220703125,39.97999954223633,39.744998931884766,39.814998626708984,9955799
2024-04-15 19:30:00,39.81999969482422,39.93000030517578,39.790000915527344,39.86000061035156,12611200
2024-04-16 13:30:00,39.88999938964844,39.97999954223633,39.58000183105469,39.584999084472656,11577754
2024-04-16 14:30:00,39.58000183105469,39.724998474121094,39.529998779296875,39.65999984741211,9190210
2024-04-16 15:30:00,39.650001525878906,39.79499816894531,39.584999084472656,39.7599983215332,7716400
2024-04-16 16:30:00,39.755001068115234,39.79999923706055,39.68000030517578,39.7400016784668,4207470
2024-04-16 17:30:00,39.75,39.86000061035156,39.540000915527344,39.61000061035156,13057909
2024-04-16 18:30:00,39.599998474121094,39.849998474121094,39.599998474121094,39.81999969482422,8279298
2024-04-16 19:30:00,39.82500076293945,39.82500076293945,39.59000015258789,39.61000061035156,11871366
2024-04-17 13:30:00,39.77000045776367,39.91999816894531,39.720001220703125,39.814998626708984,7412591
2024-04-17 14:30:00,39.810001373291016,39.814998626708984,39.650001525878906,39.65010070800781,5226006
2024-04-17 15:30:00,39.650001525878906,39.69499969482422,39.53219985961914,39.625,6180938
2024-04-17 16:30:00,39.619998931884766,39.75,39.54999923706055,39.75,5704734
2024-04-17 17:30:00,39.75,39.814998626708984,39.68000030517578,39.775001525878906,3231052
2024-04-17 18:30:00,39.779998779296875,39.94499969482422,39.654998779296875,39.709999084472656,6295801
2024-04-17 19:30:00,39.709999084472656,39.78499984741211,39.685001373291016,39.689998626708984,6767878
2024-04-18 13:30:00,39.869998931884766,40.01499938964844,39.77000045776367,40.01499938964844,7616482
2024-04-18 14:30:00,40.0099983215332,40.18000030517578,39.9900016784668,40.1150016784668,6004584
2024-04-18 15:30:00,40.1150016784668,40.130001068115234,40.005001068115234,40.02289962768555,4751106
2024-04-18 16:30:00,40.02000045776367,40.025001525878906,39.75,39.869998931884766,6614606
2024-04-18 17:30:00,39.875,39.904998779296875,39.73500061035156,39.81999969482422,4399315
2024-04-18 18:30:00,39.81999969482422,39.91999816894531,39.76499938964844,39.872100830078125,5680246
2024-04-18 19:30:00,39.880001068115234,39.95000076293945,39.814998626708984,39.85499954223633,6070887
2024-04-19 13:30:00,40.04999923706055,40.2598991394043,39.970001220703125,40.224998474121094,9183210
2024-04-19 14:30:00,40.220001220703125,40.30500030517578,40.16999816894531,40.26499938964844,7919473
2024-04-19 15:30:00,40.2599983215332,40.34000015258789,40.15999984741211,40.189998626708984,8142671
2024-04-19 16:30:00,40.189998626708984,40.375,40.15999984741211,40.30500030517578,7411909
2024-04-19 17:30:00,40.310001373291016,40.45500183105469,40.2599983215332,40.2599983215332,5373081
2024-04-19 18:30:00,40.26499938964844,40.36000061035156,40.220001220703125,40.314998626708984,6504624
2024-04-19 19:30:00,40.310001373291016,40.40999984741211,40.2400016784668,40.38999938964844,9846264
2024-04-22 13:30:00,40.599998474121094,40.65999984741211,40.43000030517578,40.64500045776367,6847846
2024-04-22 14:30:00,40.650001525878906,40.66999816894531,40.56209945678711,40.58000183105469,4892532
2024-04-22 15:30:00,40.58000183105469,40.744998931884766,40.5724983215332,40.72999954223633,6545600
2024-04-22 16:30:00,40.72999954223633,40.93000030517578,40.69499969482422,40.91999816894531,4248602
2024-04-22 17:30:00,40.91999816894531,41.099998474121094,40.900001525878906,41.084999084472656,7206317
2024-04-22 18:30:00,41.084999084472656,41.095001220703125,40.893699645996094,40.93519973754883,6110408
2024-04-22 19:30:00,40.93000030517578,40.9375,40.823299407958984,40.88999938964844,9107619
2024-04-23 13:30:00,41.060001373291016,41.099998474121094,40.95000076293945,41.09000015258789,7725533
2024-04-23 14:30:00,41.095001220703125,41.189998626708984,41.07500076293945,41.135101318359375,5261143
2024-04-23 15:30:00,41.1349983215332,41.18000030517578,41.078800201416016,41.165000915527344,3203935
2024-04-23 16:30:00,41.165000915527344,41.20000076293945,41.125,41.20000076293945,3324746
2024-04-23 17:30:00,41.19990158081055,41.22999954223633,41.11000061035156,41.1349983215332,2761753
2024-04-23 18:30:00,41.136199951171875,41.150001525878906,41.060001373291016,41.099998474121094,4196660
2024-04-23 19:30:00,41.095001220703125,41.18000030517578,41.08000183105469,41.15999984741211,6516628
2024-04-24 13:30:00,41.0,41.15999984741211,41.0,41.11000061035156,8498028
2024-04-24 14:30:00,41.10499954223633,41.11000061035156,40.90999984741211,40.970001220703125,4839858
2024-04-24 15:30:00,40.96699905395508,41.02000045776367,40.935001373291016,41.0,2540321
2024-04-24 16:30:00,41.0,41.07749938964844,40.94990158081055,41.064998626708984,2207576
2024-04-24 17:30:00,41.06999969482422,41.17499923706055,41.060001373291016,41.09000015258789,2913995
2024-04-24 18:30:00,41.09000015258789,41.15999984741211,41.034698486328125,41.1349983215332,5648965
2024-04-24 19:30:00,41.1349983215332,41.165000915527344,41.06999969482422,41.099998474121094,4849033
2024-04-25 13:30:00,40.91999816894531,41.029998779296875,40.525001525878906,40.61000061035156,10337916
2024-04-25 14:30:00,40.6150016784668,40.7599983215332,40.584999084472656,40.7400016784668,6218144
2024-04-25 15:30:00,40.73500061035156,40.8656005859375,40.71500015258789,40.85530090332031,5099342
2024-04-25 16:30:00,40.85499954223633,40.86000061035156,40.7400016784668,40.790000915527344,4421780
2024-04-25 17:30:00,40.790000915527344,40.959999084472656,40.779998779296875,40.814998626708984,4602814
2024-04-25 18:30:00,40.814998626708984,40.995399475097656,40.8125,40.97999954223633,5248112
2024-04-25 19:30:00,40.97999954223633,40.97999954223633,40.880001068115234,40.90999984741211,7154828
2024-04-26 13:30:00,40.810001373291016,41.04499816894531,40.720001220703125,40.91999816894531,9347172
2024-04-26 14:30:00,40.91999816894531,40.97719955444336,40.7400016784668,40.775001525878906,4409728
2024-04-26 15:30:00,40.77859878540039,40.89500045776367,40.750099182128906,40.88999938964844,3349035
2024-04-26 16:30:00,40.88999938964844,40.92570114135742,40.87110137939453,40.904998779296875,2617048
2024-04-26 17:30:00,40.900001525878906,40.94990158081055,40.875,40.919898986816406,2643735
2024-04-26 18:30:00,40.91999816894531,40.967498779296875,40.8849983215332,40.93000030517578,4388851
2024-04-26 19:30:00,40.92499923706055,40.929901123046875,40.79999923706055,40.80500030517578,4740544
2024-04-29 13:30:00,40.84000015258789,40.987300872802734,40.79999923706055,40.919898986816406,3937300
2024-04-29 14:30:00,40.912498474121094,40.94499969482422,40.85499954223633,40.86009979248047,4196321
2024-04-29 15:30:00,40.86009979248047,40.869998931884766,40.790000915527344,40.869998931884766,2895919
2024-04-29 16:30:00,40.869998931884766,40.880001068115234,40.790000915527344,40.82500076293945,2940994
2024-04-29 17:30:00,40.829898834228516,40.849998474121094,40.78499984741211,40.82500076293945,3441621
2024-04-29 18:30:00,40.81999969482422,40.81999969482422,40.61000061035156,40.68009948730469,6563922
2024-04-29 19:30:00,40.685001373291016,40.7599983215332,40.650001525878906,40.7599983215332,8313392
2024-04-30 13:30:00,40.66999816894531,40.7599983215332,40.58000183105469,40.654998779296875,5804116
2024-04-30 14:30:00,40.652000427246094,40.7599983215332,40.560001373291016,40.57500076293945,5921578
2024-04-30 15:30:00,40.58000183105469,40.599998474121094,40.5099983215332,40.55500030517578,4059669
2024-04-30 16:30:00,40.54999923706055,40.55500030517578,40.45000076293945,40.505001068115234,3383580
2024-04-30 17:30:00,40.5098991394043,40.61000061035156,40.4900016784668,40.5099983215332,2960673
2024-04-30 18:30:00,40.52000045776367,40.54999923706055,40.43000030517578,40.45500183105469,3197560
2024-04-30 19:30:00,40.45009994506836,40.47999954223633,40.36000061035156,40.3650016784668,7427982
2024-05-01 13:30:00,40.33000183105469,40.5099983215332,40.279998779296875,40.40999984741211,6723336
2024-05-01 14:30:00,40.40999984741211,40.5099983215332,40.40019989013672,40.474998474121094,4511505
2024-05-01 15:30:00,40.474998474121094,40.52690124511719,40.43479919433594,40.474998474121094,4219960
2024-05-01 16:30:00,40.470001220703125,40.47999954223633,40.369998931884766,40.42499923706055,2790396
2024-05-01 17:30:00,40.42499923706055,40.55500030517578,40.400001525878906,40.55500030517578,4929617
2024-05-01 18:30:00,40.55500030517578,40.849998474121094,40.400001525878906,40.70000076293945,15056528
2024-05-01 19:30:00,40.69499969482422,40.69499969482422,40.33000183105469,40.334999084472656,15255909
2024-05-02 13:30:00,40.63999938964844,40.69499969482422,40.209999084472656,40.3400993347168,7812836
2024-05-02 14:30:00,40.34000015258789,40.3849983215332,40.16999816894531,40.29029846191406,4860035
2024-05-02 15:30:00,40.290000915527344,40.33000183105469,40.22999954223633,40.290000915527344,3923794
2024-05-02 16:30:00,40.290000915527344,40.43000030517578,40.23249816894531,40.42499923706055,3995057
2024-05-02 17:30:00,40.42499923706055,40.45000076293945,40.380001068115234,40.44499969482422,3454451
2024-05-02 18:30:00,40.439998626708984,40.540000915527344,40.43000030517578,40.47010040283203,5817656
2024-05-02 19:30:00,40.470001220703125,40.470001220703125,40.349998474121094,40.459999084472656,4529445
2024-05-03 13:30:00,40.75,40.790000915527344,40.369998931884766,40.459999084472656,12328616
2024-05-03 14:30:00,40.45500183105469,40.5,40.35499954223633,40.494998931884766,8560593
2024-05-03 15:30:00,40.494998931884766,40.599998474121094,40.470001220703125,40.592899322509766,3652636
2024-05-03 16:30:00,40.599998474121094,40.654998779296875,40.56999969482422,40.625,3317993
2024-05-03 17:30:00,40.62009811401367,40.689998626708984,40.59000015258789,40.66600036621094,2977091
2024-05-03 18:30:00,40.65999984741211,40.66999816894531,40.57500076293945,40.61009979248047,3132858
2024-05-03 19:30:00,40.61009979248047,40.63999938964844,40.56999969482422,40.57500076293945,5196741
2024-05-06 13:30:00,40.86000061035156,40.93000030517578,40.790000915527344,40.89500045776367,7730329
2024-05-06 14:30:00,40.89500045776367,40.900001525878906,40.779998779296875,40.79499816894531,4754410
2024-05-06 15:30:00,40.79499816894531,40.845001220703125,40.77000045776367,40.82500076293945,3460754
2024-05-06 16:30:00,40.82500076293945,40.91999816894531,40.82500076293945,40.90999984741211,2387395
2024-05-06 17:30:00,40.904998779296875,41.0,40.90010070800781,40.994998931884766,4671624
2024-05-06 18:30:00,40.994998931884766,41.0,40.869998931884766,40.904998779296875,4663254
2024-05-06 19:30:00,40.900001525878906,41.06999969482422,40.88999938964844,41.064998626708984,8762619
2024-05-07 13:30:00,41.16999816894531,41.26499938964844,41.099998474121094,41.23500061035156,12845125
2024-05-07 14:30:00,41.23500061035156,41.290000915527344,41.189998626708984,41.24470138549805,3457039
2024-05-07 15:30:00,41.2400016784668,41.244998931884766,41.18000030517578,41.20000076293945,2628475
2024-05-07 16:30:00,41.19499969482422,41.2400016784668,41.13999938964844,41.230098724365234,2575273
2024-05-07 17:30:00,41.23500061035156,41.244998931884766,41.15999984741211,41.16999816894531,5113026
2024-05-07 18:30:00,41.16999816894531,41.189998626708984,41.130001068115234,41.18000030517578,4492964
2024-05-07 19:30:00,41.18000030517578,41.2400016784668,41.16999816894531,41.185001373291016,6696017
2024-05-08 13:30:00,41.16999816894531,41.22999954223633,41.05500030517578,41.11000061035156,5040206
2024-05-08 14:30:00,41.1150016784668,41.220001220703125,41.11000061035156,41.20500183105469,3151783
2024-05-08 15:30:00,41.20500183105469,41.27000045776367,41.185001373291016,41.25,2771161
2024-05-08 16:30:00,41.25,41.279998779296875,41.209999084472656,41.26499938964844,1907002
2024-05-08 17:30:00,41.2599983215332,41.349998474121094,41.25,41.334999084472656,2671768
2024-05-08 18:30:00,41.334999084472656,41.400001525878906,41.314998626708984,41.36399841308594,4336716
2024-05-08 19:30:00,41.3650016784668,41.43000030517578,41.349998474121094,41.36000061035156,6135628
2024-05-09 13:30:00,41.2599983215332,41.540000915527344,41.25,41.53499984741211,5218962
2024-05-09 14:30:00,41.529998779296875,41.56990051269531,41.5099983215332,41.529998779296875,4216601
2024-05-09 15:30:00,41.529998779296875,41.540000915527344,41.47999954223633,41.48500061035156,3542066
2024-05-09 16:30:00,41.48500061035156,41.525001525878906,41.46500015258789,41.51499938964844,3311920
2024-05-09 17:30:00,41.52000045776367,41.52519989013672,41.47999954223633,41.525001525878906,2177859
2024-05-09 18:30:00,41.52000045776367,41.619998931884766,41.5099983215332,41.61000061035156,3759395
2024-05-09 19:30:00,41.60499954223633,41.66999816894531,41.59000015258789,41.65999984741211,6792973
2024-05-10 13:30:00,41.81999969482422,41.90999984741211,41.81010055541992,41.85499954223633,6461753
2024-05-10 14:30:00,41.85499954223633,41.900001525878906,41.77000045776367,41.80500030517578,4209014
2024-05-10 15:30:00,41.80500030517578,41.869998931884766,41.79499816894531,41.82500076293945,9381868
2024-05-10 16:30:00,41.82500076293945,41.845001220703125,41.77000045776367,41.775001525878906,2084223
2024-05-10 17:30:00,41.775001525878906,41.84000015258789,41.775001525878906,41.814998626708984,2010413
2024-05-10 18:30:00,41.81480026245117,41.869998931884766,41.77009963989258,41.85499954223633,3580504
2024-05-10 19:30:00,41.86000061035156,41.88999938964844,41.84000015258789,41.849998474121094,5872113
2024-05-13 13:30:00,41.95000076293945,42.02000045776367,41.89500045776367,41.915000915527344,5119839
2024-05-13 14:30:00,41.90999984741211,41.917301177978516,41.79999923706055,41.869998931884766,6526475
2024-05-13 15:30:00,41.83000183105469,41.84000015258789,41.79999923706055,41.814998626708984,2546093
2024-05-13 16:30:00,41.810001373291016,41.81999969482422,41.709999084472656,41.744998931884766,4017439
2024-05-13 17:30:00,41.74909973144531,41.7599983215332,41.720001220703125,41.757198333740234,2033166
2024-05-13 18:30:00,41.755001068115234,41.790000915527344,41.709999084472656,41.724998474121094,2666492
2024-05-13 19:30:00,41.720001220703125,41.75,41.65999984741211,41.685001373291016,5603064
2024-05-14 13:30:00,41.81999969482422,41.85499954223633,41.65999984741211,41.779998779296875,5511755
2024-05-14 14:30:00,41.779701232910156,41.790000915527344,41.69499969482422,41.750999450683594,3006515
2024-05-14 15:30:00,41.75,41.79499816894531,41.724998474121094,41.73780059814453,2022345
2024-05-14 16:30:00,41.7400016784668,41.75,41.66999816894531,41.67499923706055,1983191
2024-05-14 17:30:00,41.66999816894531,41.75579833984375,41.65999984741211,41.75529861450195,1837935
2024-05-14 18:30:00,41.7599983215332,41.869998931884766,41.7400016784668,41.84000015258789,7863857
2024-05-14 19:30:00,41.84000015258789,41.900001525878906,41.81999969482422,41.8650016784668,7813135
2024-05-15 13:30:00,41.970001220703125,42.189998626708984,41.95500183105469,42.08000183105469,8404782
2024-05-15 14:30:00,42.09000015258789,42.119998931884766,42.000301361083984,42.091400146484375,4459412
2024-05-15 15:30:00,42.095001220703125,42.11000061035156,42.0,42.04999923706055,2716335
2024-05-15 16:30:00,42.04970169067383,42.10499954223633,42.03450012207031,42.06999969482422,2091684
2024-05-15 17:30:00,42.069801330566406,42.07500076293945,41.994998931884766,42.03499984741211,3204518
2024-05-15 18:30:00,42.03499984741211,42.08000183105469,42.000099182128906,42.059898376464844,3326517
2024-05-15 19:30:00,42.04999923706055,42.220001220703125,42.040000915527344,42.18000030517578,10705708
2024-05-16 13:30:00,42.220001220703125,42.349998474121094,42.20000076293945,42.27009963989258,6981416
2024-05-16 14:30:00,42.27000045776367,42.375,42.2599983215332,42.375,4218974
2024-05-16 15:30:00,42.368499755859375,42.380001068115234,42.310001373291016,42.339900970458984,7479371
2024-05-16 16:30:00,42.339900970458984,42.369998931884766,42.2599983215332,42.28499984741211,2520300
2024-05-16 17:30:00,42.28499984741211,42.29999923706055,42.18009948730469,42.22999954223633,3353107
2024-05-16 18:30:00,42.23500061035156,42.34000015258789,42.22999954223633,42.30500030517578,3095657
2024-05-16 19:30:00,42.30500030517578,42.31999969482422,42.15999984741211,42.18000030517578,7296738
2024-05-17 13:30:00,42.25,42.349998474121094,42.20000076293945,42.349998474121094,4620792
2024-05-17 14:30:00,42.345001220703125,42.345001220703125,42.27000045776367,42.310001373291016,2966866
2024-05-17 15:30:00,42.29999923706055,42.34000015258789,42.290000915527344,42.310001373291016,2602912
2024-05-17 16:30:00,42.314998626708984,42.369998931884766,42.310001373291016,42.3650016784668,1662523
2024-05-17 17:30:00,42.369998931884766,42.380001068115234,42.310001373291016,42.354000091552734,2379795
2024-05-17 18:30:00,42.35499954223633,42.40999984741211,42.349998474121094,42.404998779296875,3333843
2024-05-17 19:30:00,42.404998779296875,42.45000076293945,42.38999938964844,42.45000076293945,8949112
2024-05-20 13:30:00,42.459999084472656,42.459999084472656,42.25,42.359901428222656,6389338
2024-05-20 14:30:00,42.35499954223633,42.419898986816406,42.31999969482422,42.400001525878906,3532066
2024-05-20 15:30:00,42.400001525878906,42.40999984741211,42.2400016784668,42.2599983215332,4760780
2024-05-20 16:30:00,42.26499938964844,42.26499938964844,42.1150016784668,42.13999938964844,2417539
2024-05-20 17:30:00,42.1349983215332,42.1599006652832,41.97999954223633,42.022300720214844,3519997
2024-05-20 18:30:00,42.02009963989258,42.040000915527344,41.939998626708984,41.95000076293945,4111841
2024-05-20 19:30:00,41.95500183105469,42.0,41.88999938964844,41.939998626708984,9440323
2024-05-21 13:30:00,41.9900016784668,42.119998931884766,41.970001220703125,42.06999969482422,5802963
2024-05-21 14:30:00,42.060001373291016,42.154998779296875,42.04999923706055,42.109901428222656,4919620
2024-05-21 15:30:00,42.10499954223633,42.11000061035156,42.005001068115234,42.040000915527344,7044608
2024-05-21 16:30:00,42.040000915527344,42.06610107421875,42.0099983215332,42.04999923706055,2129940
2024-05-21 17:30:00,42.04999923706055,42.130001068115234,42.04499816894531,42.119998931884766,3235386
2024-05-21 18:30:00,42.125,42.16999816894531,42.099998474121094,42.150001525878906,2303601
2024-05-21 19:30:00,42.150001525878906,42.220001220703125,42.13999938964844,42.16999816894531,5457738
2024-05-22 13:30:00,42.09000015258789,42.27000045776367,42.04499816894531,42.25,8901932
2024-05-22 14:30:00,42.24980163574219,42.2599983215332,42.06999969482422,42.06999969482422,5092474
2024-05-22 15:30:00,42.06999969482422,42.11000061035156,42.040000915527344,42.11000061035156,1576672
2024-05-22 16:30:00,42.10499954223633,42.14500045776367,42.09000015258789,42.095001220703125,2098836
2024-05-22 17:30:00,42.099998474121094,42.11000061035156,41.869998931884766,41.875,5403711
2024-05-22 18:30:00,41.875,41.95000076293945,41.849998474121094,41.8849983215332,6212087
2024-05-22 19:30:00,41.88990020751953,41.974998474121094,41.85499954223633,41.95000076293945,7781226
2024-05-23 13:30:00,41.900001525878906,41.939998626708984,41.599998474121094,41.63999938964844,8425855
2024-05-23 14:30:00,41.64500045776367,41.68000030517578,41.570098876953125,41.63999938964844,4733967
2024-05-23 15:30:00,41.63999938964844,41.709999084472656,41.619998931884766,41.63999938964844,2594540
2024-05-23 16:30:00,41.63999938964844,41.65549850463867,41.439998626708984,41.494998931884766,4652653
2024-05-23 17:30:00,41.5,41.5,41.20000076293945,41.244998931884766,12251813
2024-05-23 18:30:00,41.2400016784668,41.35609817504883,41.220001220703125,41.31560134887695,7190610
2024-05-23 19:30:00,41.314998626708984,41.34000015258789,41.27000045776367,41.33000183105469,9588179
2024-05-24 13:30:00,41.439998626708984,41.59000015258789,41.439998626708984,41.56990051269531,3927353
2024-05-24 14:30:00,41.564998626708984,41.619998931884766,41.470001220703125,41.57500076293945,2883192
2024-05-24 15:30:00,41.57500076293945,41.61000061035156,41.5,41.57500076293945,2485799
2024-05-24 16:30:00,41.58000183105469,41.58000183105469,41.51490020751953,41.57500076293945,1828585
2024-05-24 17:30:00,41.57500076293945,41.59000015258789,41.540000915527344,41.54999923706055,2086918
2024-05-24 18:30:00,41.54499816894531,41.599998474121094,41.494998931884766,41.53519821166992,2384851
2024-05-24 19:30:00,41.53499984741211,41.61000061035156,41.525001525878906,41.599998474121094,6611142
2024-05-28 13:30:00,41.459999084472656,41.52000045776367,41.310001373291016,41.31999969482422,5264274
2024-05-28 14:30:00,41.31999969482422,41.33599853515625,41.230098724365234,41.2599983215332,3509422
2024-05-28 15:30:00,41.26499938964844,41.2859992980957,41.22999954223633,41.244998931884766,1664528
2024-05-28 16:30:00,41.244998931884766,41.279998779296875,41.150001525878906,41.150001525878906,1901998
2024-05-28 17:30:00,41.150001525878906,41.16849899291992,41.06999969482422,41.084999084472656,2865916
2024-05-28 18:30:00,41.08000183105469,41.11000061035156,41.0,41.060001373291016,5224317
2024-05-28 19:30:00,41.064998626708984,41.15999984741211,41.060001373291016,41.154998779296875,9149078
2024-05-29 13:30:00,40.81999969482422,40.8650016784668,40.69499969482422,40.78499984741211,5772801
2024-05-29 14:30:00,40.78499984741211,40.839900970458984,40.7400016784668,40.775001525878906,5929251
2024-05-29 15:30:00,40.779998779296875,40.84000015258789,40.7401008605957,40.84000015258789,3247831
2024-05-29 16:30:00,40.834999084472656,40.88999938964844,40.79999923706055,40.88999938964844,5069930
2024-05-29 17:30:00,40.88990020751953,40.91999816894531,40.830101013183594,40.89500045776367,5483953
2024-05-29 18:30:00,40.89500045776367,40.95000076293945,40.86000061035156,40.92399978637695,3950115
2024-05-29 19:30:00,40.92499923706055,40.9474983215332,40.779998779296875,40.81999969482422,8615670
2024-05-30 13:30:00,40.86000061035156,40.994998931884766,40.7599983215332,40.880001068115234,4875206
2024-05-30 14:30:00,40.875,41.08000183105469,40.8650016784668,41.05500030517578,5342588
2024-05-30 15:30:00,41.060001373291016,41.06999969482422,40.91999816894531,40.98500061035156,3594613
2024-05-30 16:30:00,40.97999954223633,41.08000183105469,40.96500015258789,41.060001373291016,2131007
2024-05-30 17:30:00,41.060001373291016,41.10499954223633,41.03499984741211,41.095001220703125,2725311
2024-05-30 18:30:00,41.095001220703125,41.119998931884766,41.040000915527344,41.11000061035156,2871629
2024-05-30 19:30:00,41.10499954223633,41.12990188598633,40.959999084472656,41.05500030517578,7151758
2024-05-31 13:30:00,41.119998931884766,41.2400016784668,41.0,41.07600021362305,5053899
2024-05-31 14:30:00,41.06999969482422,41.189998626708984,41.040000915527344,41.18000030517578,3477190
2024-05-31 15:30:00,41.18000030517578,41.19499969482422,41.064998626708984,41.1150016784668,3049683
2024-05-31 16:30:00,41.11000061035156,41.18000030517578,41.09000015258789,41.16379928588867,2255684
2024-05-31 17:30:00,41.16999816894531,41.334999084472656,41.169898986816406,41.310001373291016,3393133
2024-05-31 18:30:00,41.310001373291016,41.349998474121094,41.27000045776367,41.310001373291016,4204476
2024-05-31 19:30:00,41.310001373291016,41.68000030517578,41.28499984741211,41.65999984741211,11677750
2024-06-03 13:30:00,41.630001068115234,41.67499923706055,41.349998474121094,41.375,8725876
2024-06-03 14:30:00,41.29999923706055,41.31999969482422,41.160301208496094,41.189998626708984,3753488
2024-06-03 15:30:00,41.18949890136719,41.25,41.04499816894531,41.060001373291016,5757824
2024-06-03 16:30:00,41.064998626708984,41.1349983215332,41.01499938964844,41.125,5091732
2024-06-03 17:30:00,41.125,41.2599983215332,41.125,41.21500015258789,2780981
2024-06-03 18:30:00,41.21500015258789,41.33000183105469,41.21500015258789,41.30849838256836,5612498
2024-06-03 19:30:00,41.310001373291016,41.400001525878906,41.27000045776367,41.39500045776367,5074320
2024-06-04 13:30:00,41.15999984741211,41.5,41.15999984741211,41.380001068115234,6505489
2024-06-04 14:30:00,41.369998931884766,41.38999938964844,41.1150016784668,41.119998931884766,4405583
2024-06-04 15:30:00,41.119998931884766,41.130001068115234,41.0,41.09000015258789,3835357
2024-06-04 16:30:00,41.09000015258789,41.154998779296875,41.040000915527344,41.154998779296875,2924625
2024-06-04 17:30:00,41.154998779296875,41.279998779296875,41.099998474121094,41.23500061035156,2076734
2024-06-04 18:30:00,41.23500061035156,41.2599983215332,41.11000061035156,41.17499923706055,3159583
2024-06-04 19:30:00,41.17499923706055,41.220001220703125,41.150001525878906,41.20500183105469,3649801
2024-06-05 13:30:00,41.31999969482422,41.36000061035156,41.0099983215332,41.08000183105469,5832493
2024-06-05 14:30:00,41.084999084472656,41.21500015258789,41.080101013183594,41.189998626708984,2900042
2024-06-05 15:30:00,41.189998626708984,41.21500015258789,41.1150016784668,41.15999984741211,2912286
2024-06-05 16:30:00,41.15480041503906,41.19990158081055,41.099998474121094,41.165000915527344,1897485
2024-06-05 17:30:00,41.165000915527344,41.2400016784668,41.13999938964844,41.2400016784668,1428921
2024-06-05 18:30:00,41.2400016784668,41.339900970458984,41.23500061035156,41.269500732421875,2950465
2024-06-05 19:30:00,41.26499938964844,41.310001373291016,41.22999954223633,41.30500030517578,4970658
2024-06-06 13:30:00,41.380001068115234,41.5,41.25,41.435001373291016,4813001
2024-06-06 14:30:00,41.435001373291016,41.435001373291016,41.290000915527344,41.32500076293945,4487695
2024-06-06 15:30:00,41.334999084472656,41.349998474121094,41.144100189208984,41.15999984741211,5317772
2024-06-06 16:30:00,41.15999984741211,41.255001068115234,41.130001068115234,41.244998931884766,3666822
2024-06-06 17:30:00,41.244998931884766,41.34000015258789,41.18000030517578,41.244998931884766,5570913
2024-06-06 18:30:00,41.23500061035156,41.34000015258789,41.22010040283203,41.334999084472656,3201298
2024-06-06 19:30:00,41.334999084472656,41.334999084472656,41.2599983215332,41.310001373291016,3739507
2024-06-07 13:30:00,41.29999923706055,41.56999969482422,41.220001220703125,41.560001373291016,6273118
2024-06-07 14:30:00,41.55630111694336,41.709999084472656,41.5099983215332,41.540000915527344,5777124
2024-06-07 15:30:00,41.529998779296875,41.61000061035156,41.505001068115234,41.60499954223633,3291439
2024-06-07 16:30:00,41.60499954223633,41.66999816894531,41.540000915527344,41.63999938964844,3364637
2024-06-07 17:30:00,41.630001068115234,41.650001525878906,41.494998931884766,41.59000015258789,3279921
2024-06-07 18:30:00,41.584999084472656,41.6349983215332,41.5099983215332,41.55500030517578,2650178
2024-06-07 19:30:00,41.54999923706055,41.560001373291016,41.45000076293945,41.470001220703125,5869216
2024-06-10 13:30:00,41.29999923706055,41.36000061035156,41.07500076293945,41.220001220703125,7206178
2024-06-10 14:30:00,41.220001220703125,41.22999954223633,41.04999923706055,41.165000915527344,3498294
2024-06-10 15:30:00,41.165000915527344,41.27000045776367,41.15999984741211,41.224998474121094,2255893
2024-06-10 16:30:00,41.224998474121094,41.279998779296875,41.174400329589844,41.224998474121094,1732106
2024-06-10 17:30:00,41.22999954223633,41.36000061035156,41.224998474121094,41.32500076293945,2514583
2024-06-10 18:30:00,41.33000183105469,41.369998931884766,41.29999923706055,41.32500076293945,2718974
2024-06-10 19:30:00,41.32500076293945,41.33000183105469,41.2599983215332,41.32500076293945,5601460
2024-06-11 13:30:00,41.0099983215332,41.029998779296875,40.689998626708984,40.69580078125,12535435
2024-06-11 14:30:00,40.689998626708984,40.84000015258789,40.650001525878906,40.78499984741211,7608912
2024-06-11 15:30:00,40.790000915527344,40.849998474121094,40.70009994506836,40.71500015258789,5625002
2024-06-11 16:30:00,40.720001220703125,40.7599983215332,40.650001525878906,40.69499969482422,5579304
2024-06-11 17:30:00,40.69499969482422,40.84000015258789,40.69499969482422,40.834999084472656,3233265
2024-06-11 18:30:00,40.84000015258789,40.86000061035156,40.790000915527344,40.810001373291016,4332490
2024-06-11 19:30:00,40.810001373291016,40.84000015258789,40.75,40.810001373291016,10750149
2024-06-12 13:30:00,41.27000045776367,41.31999969482422,41.060001373291016,41.18000030517578,10136262
2024-06-12 14:30:00,41.16999816894531,41.27000045776367,41.04499816894531,41.095001220703125,7854744
2024-06-12 15:30:00,41.099700927734375,41.119998931884766,41.029998779296875,41.07500076293945,2561746
2024-06-12 16:30:00,41.07500076293945,41.09000015258789,41.02450180053711,41.040000915527344,1828671
2024-06-12 17:30:00,41.03499984741211,41.04999923706055,40.849998474121094,40.94499969482422,5202795
2024-06-12 18:30:00,40.95000076293945,41.025001525878906,40.75,40.77000045776367,6827775
2024-06-12 19:30:00,40.77000045776367,40.90999984741211,40.755001068115234,40.84000015258789,9459885
2024-06-13 13:30:00,40.810001373291016,40.81999969482422,40.5,40.584999084472656,6397559
2024-06-13 14:30:00,40.584999084472656,40.619998931884766,40.51499938964844,40.619998931884766,7734519
2024-06-13 15:30:00,40.619998931884766,40.64500045776367,40.54999923706055,40.560001373291016,2796349
2024-06-13 16:30:00,40.54999923706055,40.709999084472656,40.540000915527344,40.70000076293945,4484295
2024-06-13 17:30:00,40.70500183105469,40.72549819946289,40.650001525878906,40.70500183105469,2229258
2024-06-13 18:30:00,40.709999084472656,40.810001373291016,40.70500183105469,40.744998931884766,8075277
2024-06-13 19:30:00,40.7400016784668,40.790000915527344,40.720001220703125,40.75,4806793
2024-06-14 13:30:00,40.5,40.66999816894531,40.369998931884766,40.46220016479492,7661521
2024-06-14 14:30:00,40.46099853515625,40.67509841918945,40.41299819946289,40.65999984741211,4102787
2024-06-14 15:30:00,40.66999816894531,40.705101013183594,40.59000015258789,40.599998474121094,2364182
2024-06-14 16:30:00,40.595001220703125,40.72999954223633,40.59000015258789,40.64500045776367,1413272
2024-06-14 17:30:00,40.63999938964844,40.63999938964844,40.5099983215332,40.595001220703125,3529840
2024-06-14 18:30:00,40.595001220703125,40.65999984741211,40.57500076293945,40.654998779296875,2790699
2024-06-14 19:30:00,40.654998779296875,40.68000030517578,40.599998474121094,40.665000915527344,5082533
2024-06-17 13:30:00,40.54999923706055,40.70000076293945,40.47999954223633,40.649898529052734,5260408
2024-06-17 14:30:00,40.64500045776367,40.744998931884766,40.57500076293945,40.724998474121094,4012014
2024-06-17 15:30:00,40.724998474121094,40.834999084472656,40.65999984741211,40.83000183105469,3560474
2024-06-17 16:30:00,40.83000183105469,40.849998474121094,40.78499984741211,40.80500030517578,3935594
2024-06-17 17:30:00,40.79999923706055,40.95500183105469,40.79399871826172,40.95000076293945,3809861
2024-06-17 18:30:00,40.94499969482422,40.9900016784668,40.88999938964844,40.980098724365234,5386112
2024-06-17 19:30:00,40.97999954223633,41.02000045776367,40.95000076293945,40.9900016784668,7444892
2024-06-18 13:30:00,40.959999084472656,41.23500061035156,40.92499923706055,41.060001373291016,7437831
2024-06-18 14:30:00,41.060001373291016,41.17499923706055,41.04999923706055,41.13719940185547,2054508
2024-06-18 15:30:00,41.1349983215332,41.27000045776367,41.130001068115234,41.19990158081055,4395521
2024-06-18 16:30:00,41.19499969482422,41.22999954223633,41.14500045776367,41.165000915527344,2776944
2024-06-18 17:30:00,41.165000915527344,41.239898681640625,41.150001525878906,41.165000915527344,2719330
2024-06-18 18:30:00,41.165000915527344,41.18000030517578,41.11000061035156,41.154998779296875,2535695
2024-06-18 19:30:00,41.154998779296875,41.2599983215332,41.150001525878906,41.25,5191696
2024-06-20 13:30:00,41.18000030517578,41.34000015258789,41.17499923706055,41.279998779296875,6257977
2024-06-20 14:30:00,41.279998779296875,41.29999923706055,41.1349983215332,41.17499923706055,7181350
2024-06-20 15:30:00,41.17499923706055,41.28499984741211,41.150001525878906,41.25,2407647
2024-06-20 16:30:00,41.25,41.36000061035156,41.224998474121094,41.35499954223633,3268536
2024-06-20 17:30:00,41.35499954223633,41.560001373291016,41.34000015258789,41.55500030517578,5472241
2024-06-20 18:30:00,41.560001373291016,41.595001220703125,41.43000030517578,41.48500061035156,6352466
2024-06-20 19:30:00,41.47999954223633,41.540000915527344,41.40999984741211,41.47999954223633,6367353
2024-06-21 13:30:00,41.38999938964844,41.43000030517578,41.09000015258789,41.345001220703125,8567960
2024-06-21 14:30:00,41.345001220703125,41.345001220703125,41.20000076293945,41.21500015258789,2966305
2024-06-21 15:30:00,41.209999084472656,41.209999084472656,41.130001068115234,41.20000076293945,2904134
2024-06-21 16:30:00,41.20500183105469,41.31999969482422,41.18000030517578,41.290000915527344,3022513
2024-06-21 17:30:00,41.290000915527344,41.35499954223633,41.275001525878906,41.34000015258789,3168867
2024-06-21 18:30:00,41.34000015258789,41.349998474121094,41.279998779296875,41.29499816894531,7378341
2024-06-21 19:30:00,41.290000915527344,41.40999984741211,41.28010177612305,41.34000015258789,11553738
2024-06-24 13:30:00,41.34000015258789,41.70000076293945,41.23500061035156,41.69139862060547,11217994
2024-06-24 14:30:00,41.69499969482422,41.845001220703125,41.689998626708984,41.7599983215332,9293673
2024-06-24 15:30:00,41.7599983215332,41.790000915527344,41.689998626708984,41.7400016784668,2303217
2024-06-24 16:30:00,41.7400016784668,41.75,41.66999816894531,41.70500183105469,2760166
2024-06-24 17:30:00,41.70500183105469,41.70500183105469,41.63999938964844,41.685001373291016,2984086
2024-06-24 18:30:00,41.685001373291016,41.709999084472656,41.6150016784668,41.6349983215332,6191562
2024-06-24 19:30:00,41.6349983215332,41.689998626708984,41.56999969482422,41.58000183105469,7377918
2024-06-25 13:30:00,41.5099983215332,41.63999938964844,41.38629913330078,41.41999816894531,5432674
2024-06-25 14:30:00,41.41999816894531,41.43000030517578,41.28010177612305,41.29499816894531,3827934
2024-06-25 15:30:00,41.29499816894531,41.334999084472656,41.22999954223633,41.235801696777344,2600799
2024-06-25 16:30:00,41.23500061035156,41.31549835205078,41.15999984741211,41.31549835205078,2666091
2024-06-25 17:30:00,41.31999969482422,41.31999969482422,41.2400016784668,41.314998626708984,3462973
2024-06-25 18:30:00,41.314998626708984,41.31999969482422,41.25,41.28010177612305,3129883
2024-06-25 19:30:00,41.279998779296875,41.28499984741211,41.209999084472656,41.2400016784668,7838169
2024-06-26 13:30:00,41.09000015258789,41.11000061035156,40.85499954223633,40.875,5788653
2024-06-26 14:30:00,40.875,40.96500015258789,40.81999969482422,40.95000076293945,2975173
2024-06-26 15:30:00,40.94499969482422,41.01499938964844,40.93000030517578,40.9900016784668,2995607
2024-06-26 16:30:00,40.98500061035156,41.0,40.93000030517578,40.94499969482422,1903328
2024-06-26 17:30:00,40.94810104370117,41.01499938964844,40.91999816894531,40.994998931884766,2597062
2024-06-26 18:30:00,41.0,41.06999969482422,40.970001220703125,41.040000915527344,5248510
2024-06-26 19:30:00,41.040000915527344,41.099998474121094,40.9900016784668,41.040000915527344,6163107
2024-06-27 13:30:00,40.900001525878906,40.939998626708984,40.720001220703125,40.93600082397461,8756091
2024-06-27 14:30:00,40.935001373291016,40.97999954223633,40.86000061035156,40.95000076293945,3846353
2024-06-27 15:30:00,40.94049835205078,41.02000045776367,40.93000030517578,40.96500015258789,1827060
2024-06-27 16:30:00,40.970001220703125,41.0,40.91999816894531,40.97999954223633,1416170
2024-06-27 17:30:00,40.98500061035156,40.98500061035156,40.810001373291016,40.81990051269531,1697761
2024-06-27 18:30:00,40.810001373291016,40.90999984741211,40.790000915527344,40.904998779296875,2246191
2024-06-27 19:30:00,40.90999984741211,40.97999954223633,40.88999938964844,40.95500183105469,4161915
2024-06-28 13:30:00,41.060001373291016,41.27000045776367,41.005001068115234,41.22999954223633,9790957
2024-06-28 14:30:00,41.2400016784668,41.369998931884766,41.16999816894531,41.185001373291016,6080426
2024-06-28 15:30:00,41.18000030517578,41.236000061035156,41.084999084472656,41.17499923706055,2259572
2024-06-28 16:30:00,41.16999816894531,41.220001220703125,41.130001068115234,41.154998779296875,3041044
2024-06-28 17:30:00,41.150001525878906,41.17499923706055,41.060001373291016,41.07320022583008,2546327
2024-06-28 18:30:00,41.072200775146484,41.072200775146484,40.95249938964844,41.01499938964844,3350761
2024-06-28 19:30:00,41.02000045776367,41.11000061035156,40.935001373291016,41.11000061035156,7941064
2024-07-01 13:30:00,41.279998779296875,41.54999923706055,41.13999938964844,41.165000915527344,8540275
2024-07-01 14:30:00,41.16999816894531,41.20000076293945,41.029998779296875,41.14500045776367,4193128
2024-07-01 15:30:00,41.14500045776367,41.220001220703125,41.10499954223633,41.220001220703125,4861393
2024-07-01 16:30:00,41.209999084472656,41.2599983215332,41.16999816894531,41.24729919433594,1964535
2024-07-01 17:30:00,41.2400016784668,41.27000045776367,41.20370101928711,41.20500183105469,1562384
2024-07-01 18:30:00,41.20500183105469,41.220001220703125,41.11000061035156,41.130001068115234,2413454
2024-07-01 19:30:00,41.130001068115234,41.220001220703125,41.130001068115234,41.220001220703125,9027560
2024-07-02 13:30:00,41.119998931884766,41.34000015258789,41.099998474121094,41.334999084472656,5302602
2024-07-02 14:30:00,41.33000183105469,41.334999084472656,41.25,41.310001373291016,2789103
2024-07-02 15:30:00,41.310001373291016,41.38999938964844,41.30039978027344,41.380001068115234,2316690
2024-07-02 16:30:00,41.375,41.41999816894531,41.345001220703125,41.369998931884766,1683068
2024-07-02 17:30:00,41.369998931884766,41.47999954223633,41.3650016784668,41.46500015258789,2550572
2024-07-02 18:30:00,41.46500015258789,41.56999969482422,41.45000076293945,41.564998626708984,3016120
2024-07-02 19:30:00,41.560001373291016,41.66999816894531,41.54999923706055,41.665000915527344,7039260
2024-07-03 13:30:00,41.720001220703125,41.755001068115234,41.54010009765625,41.69499969482422,7946879
2024-07-03 14:30:00,41.689998626708984,41.709999084472656,41.55500030517578,41.564998626708984,4805709
2024-07-03 15:30:00,41.564998626708984,41.619998931884766,41.529998779296875,41.55500030517578,2959946
2024-07-05 13:30:00,41.63999938964844,41.63999938964844,41.29999923706055,41.3588981628418,5284575
2024-07-05 14:30:00,41.3650016784668,41.459999084472656,41.3650016784668,41.38999938964844,2853821
2024-07-05 15:30:00,41.38999938964844,41.400001525878906,41.349998474121094,41.36000061035156,2304347
2024-07-05 16:30:00,41.35499954223633,41.43000030517578,41.349998474121094,41.39500045776367,1300069
2024-07-05 17:30:00,41.400001525878906,41.505001068115234,41.39500045776367,41.47999954223633,1635252
2024-07-05 18:30:00,41.47999954223633,41.52000045776367,41.470001220703125,41.474998474121094,2053159
2024-07-05 19:30:00,41.474998474121094,41.540000915527344,41.470001220703125,41.52000045776367,4473499
2024-07-08 13:30:00,41.599998474121094,41.849998474121094,41.580101013183594,41.66999816894531,4971571
2024-07-08 14:30:00,41.67499923706055,41.69499969482422,41.53990173339844,41.53990173339844,3338142
2024-07-08 15:30:00,41.53499984741211,41.540000915527344,41.439998626708984,41.5,4247901
2024-07-08 16:30:00,41.494998931884766,41.5260009765625,41.38010025024414,41.38010025024414,1998069
2024-07-08 17:30:00,41.3849983215332,41.4900016784668,41.3849983215332,41.474998474121094,1613778
2024-07-08 18:30:00,41.474998474121094,41.47999954223633,41.400001525878906,41.46500015258789,4473044
2024-07-08 19:30:00,41.459999084472656,41.470001220703125,41.41999816894531,41.45000076293945,3805626
2024-07-09 13:30:00,41.470001220703125,41.59000015258789,41.41999816894531,41.472198486328125,4414993
2024-07-09 14:30:00,41.474998474121094,41.63610076904297,41.45000076293945,41.625,3730378
2024-07-09 15:30:00,41.625,41.849998474121094,41.619998931884766,41.849998474121094,4572763
2024-07-09 16:30:00,41.845001220703125,42.02000045776367,41.84000015258789,41.93000030517578,8834854
2024-07-09 17:30:00,41.93000030517578,41.959999084472656,41.84000015258789,41.84669876098633,2711444
2024-07-09 18:30:00,41.84479904174805,41.869998931884766,41.709999084472656,41.814998626708984,2576821
2024-07-09 19:30:00,41.810001373291016,41.81999969482422,41.720001220703125,41.73500061035156,5369973
2024-07-10 13:30:00,41.54999923706055,41.689998626708984,41.529998779296875,41.625,6409602
2024-07-10 14:30:00,41.619998931884766,41.75,41.604801177978516,41.72999954223633,4161784
2024-07-10 15:30:00,41.72999954223633,41.7400016784668,41.63999938964844,41.68000030517578,2948737
2024-07-10 16:30:00,41.68000030517578,41.71500015258789,41.625,41.68560028076172,2979152
2024-07-10 17:30:00,41.685001373291016,41.72999954223633,41.654998779296875,41.70500183105469,2415825
2024-07-10 18:30:00,41.70500183105469,41.80500030517578,41.70000076293945,41.79499816894531,2067622
2024-07-10 19:30:00,41.79499816894531,41.91999816894531,41.790000915527344,41.900001525878906,5216460
2024-07-11 13:30:00,41.95000076293945,42.15999984741211,41.814998626708984,42.084999084472656,10050900
2024-07-11 14:30:00,42.08000183105469,42.185001373291016,42.05500030517578,42.18000030517578,4977677
2024-07-11 15:30:00,42.185001373291016,42.209999084472656,42.06999969482422,42.084999084472656,5128718
2024-07-11 16:30:00,42.08000183105469,42.16999816894531,42.040000915527344,42.165000915527344,3182353
2024-07-11 17:30:00,42.15999984741211,42.310001373291016,42.13999938964844,42.23500061035156,4566452
2024-07-11 18:30:00,42.23500061035156,42.28499984741211,42.189998626708984,42.21500015258789,4536738
2024-07-11 19:30:00,42.220001220703125,42.279998779296875,42.20000076293945,42.255001068115234,8314031
2024-07-12 13:30:00,42.189998626708984,42.36000061035156,42.08000183105469,42.31999969482422,9563551
2024-07-12 14:30:00,42.31999969482422,42.435001373291016,42.209999084472656,42.42499923706055,5155782
2024-07-12 15:30:00,42.42499923706055,42.50619888305664,42.39500045776367,42.46009826660156,4688660
2024-07-12 16:30:00,42.459999084472656,42.54999923706055,42.420101165771484,42.53499984741211,3638835
2024-07-12 17:30:00,42.529998779296875,42.560001373291016,42.470001220703125,42.5099983215332,3545686
2024-07-12 18:30:00,42.505001068115234,42.54999923706055,42.45000076293945,42.540000915527344,3888159
2024-07-12 19:30:00,42.53499984741211,42.540000915527344,42.33000183105469,42.369998931884766,7483344
2024-07-15 13:30:00,42.529998779296875,42.79499816894531,42.5,42.689998626708984,10011465
2024-07-15 14:30:00,42.689998626708984,42.900001525878906,42.68000030517578,42.869998931884766,3341360
2024-07-15 15:30:00,42.869998931884766,43.040000915527344,42.849998474121094,42.98500061035156,4467841
2024-07-15 16:30:00,42.97999954223633,42.97999954223633,42.880001068115234,42.93000030517578,5608464
2024-07-15 17:30:00,42.92499923706055,42.9900016784668,42.86000061035156,42.98569869995117,3660968
2024-07-15 18:30:00,42.9900016784668,43.029998779296875,42.959999084472656,42.96500015258789,4845447
2024-07-15 19:30:00,42.96500015258789,43.0,42.88999938964844,42.974998474121094,10451394
2024-07-16 13:30:00,43.029998779296875,43.34000015258789,42.959999084472656,43.334999084472656,12278802
2024-07-16 14:30:00,43.334999084472656,43.474998474121094,43.275001525878906,43.314998626708984,10356256
2024-07-16 15:30:00,43.314998626708984,43.404998779296875,43.16999816894531,43.35499954223633,5089821
2024-07-16 16:30:00,43.35499954223633,43.40999984741211,43.279998779296875,43.30500030517578,4083619
2024-07-16 17:30:00,43.29999923706055,43.43000030517578,43.279998779296875,43.3849983215332,4504180
2024-07-16 18:30:00,43.380001068115234,43.459999084472656,43.375,43.44499969482422,3611198
2024-07-16 19:30:00,43.435001373291016,43.5099983215332,43.41999816894531,43.48500061035156,8892005
2024-07-17 13:30:00,43.439998626708984,43.755001068115234,43.369998931884766,43.73569869995117,15005597
2024-07-17 14:30:00,43.73500061035156,43.79499816894531,43.59000015258789,43.76499938964844,5634073
2024-07-17 15:30:00,43.77000045776367,43.900001525878906,43.7400016784668,43.78499984741211,7922760
2024-07-17 16:30:00,43.78499984741211,43.837501525878906,43.619998931884766,43.67499923706055,4922726
2024-07-17 17:30:00,43.66999816894531,43.779998779296875,43.644798278808594,43.775001525878906,5027629
2024-07-17 18:30:00,43.77000045776367,43.83000183105469,43.7400016784668,43.819698333740234,4394926
2024-07-17 19:30:00,43.81999969482422,43.869998931884766,43.7400016784668,43.849998474121094,7617922
2024-07-18 13:30:00,43.66999816894531,44.09000015258789,43.63999938964844,44.084999084472656,8852541
2024-07-18 14:30:00,44.09000015258789,44.10499954223633,43.790000915527344,43.80500030517578,9684536
2024-07-18 15:30:00,43.80500030517578,43.839900970458984,43.51499938964844,43.53499984741211,7216896
2024-07-18 16:30:00,43.529998779296875,43.630001068115234,43.529998779296875,43.625,3656057
2024-07-18 17:30:00,43.619998931884766,43.63999938964844,43.36000061035156,43.36029815673828,3984283
2024-07-18 18:30:00,43.36000061035156,43.404998779296875,43.189998626708984,43.23500061035156,9851829
2024-07-18 19:30:00,43.23500061035156,43.375,43.224998474121094,43.290000915527344,9462165
2024-07-19 13:30:00,43.27000045776367,43.36000061035156,43.060001373291016,43.0900993347168,7397400
2024-07-19 14:30:00,43.09000015258789,43.12990188598633,42.939998626708984,42.939998626708984,6559383
2024-07-19 15:30:00,42.939998626708984,43.154998779296875,42.900001525878906,43.029998779296875,5119435
2024-07-19 16:30:00,43.029998779296875,43.04499816894531,42.84000015258789,42.89500045776367,6398046
2024-07-19 17:30:00,42.88999938964844,43.0099983215332,42.869998931884766,42.935001373291016,5434401
2024-07-19 18:30:00,42.935001373291016,43.040000915527344,42.8849983215332,42.9900016784668,5108454
2024-07-19 19:30:00,42.994998931884766,42.994998931884766,42.80009841918945,42.869998931884766,9131920
2024-07-22 13:30:00,42.95000076293945,43.157501220703125,42.75,42.994998931884766,6940202
2024-07-22 14:30:00,42.994998931884766,43.16999816894531,42.9900016784668,43.060001373291016,2984000
2024-07-22 15:30:00,43.050201416015625,43.07500076293945,42.959999084472656,42.96500015258789,3606086
2024-07-22 16:30:00,42.959999084472656,43.130001068115234,42.92499923706055,43.06999969482422,2489450
2024-07-22 17:30:00,43.08000183105469,43.125,43.01250076293945,43.04010009765625,1031401
2024-07-22 18:30:00,43.043701171875,43.13999938964844,43.040000915527344,43.08000183105469,1640346
2024-07-22 19:30:00,43.07500076293945,43.15999984741211,43.07500076293945,43.130001068115234,6405187
2024-07-23 13:30:00,43.20000076293945,43.38999938964844,43.099998474121094,43.275001525878906,3998020
2024-07-23 14:30:00,43.275001525878906,43.34000015258789,43.20000076293945,43.244998931884766,2735742
2024-07-23 15:30:00,43.25,43.349998474121094,43.2400016784668,43.264198303222656,4311777
2024-07-23 16:30:00,43.2599983215332,43.275001525878906,43.20000076293945,43.21500015258789,1923141
2024-07-23 17:30:00,43.214698791503906,43.31999969482422,43.17499923706055,43.29999923706055,2100670
2024-07-23 18:30:00,43.29499816894531,43.310001373291016,43.244998931884766,43.275001525878906,2038183
2024-07-23 19:30:00,43.27000045776367,43.279998779296875,43.130001068115234,43.15999984741211,3809359
2024-07-24 13:30:00,43.040000915527344,43.125,42.7599983215332,42.8650016784668,7716357
2024-07-24 14:30:00,42.8650016784668,43.005001068115234,42.814998626708984,42.875,3782635
2024-07-24 15:30:00,42.875,43.029998779296875,42.86000061035156,43.0,3091084
2024-07-24 16:30:00,42.9900016784668,43.0099983215332,42.900001525878906,42.900001525878906,3917246
2024-07-24 17:30:00,42.900001525878906,42.96500015258789,42.849998474121094,42.89500045776367,3906564
2024-07-24 18:30:00,42.88999938964844,42.91999816894531,42.744998931884766,42.7588996887207,6297259
2024-07-24 19:30:00,42.755001068115234,42.779998779296875,42.599998474121094,42.650001525878906,13003334
2024-07-25 13:30:00,42.65999984741211,43.08000183105469,42.650001525878906,42.974998474121094,9188291
2024-07-25 14:30:00,42.970001220703125,43.060001373291016,42.86000061035156,43.027400970458984,4917141
2024-07-25 15:30:00,43.02000045776367,43.27000045776367,42.98500061035156,43.2400016784668,5608816
2024-07-25 16:30:00,43.2400016784668,43.3650016784668,43.185001373291016,43.19499969482422,5290076
2024-07-25 17:30:00,43.20000076293945,43.20000076293945,43.0099983215332,43.02000045776367,4532394
2024-07-25 18:30:00,43.02000045776367,43.060001373291016,42.869998931884766,43.029998779296875,3872724
2024-07-25 19:30:00,43.029998779296875,43.040000915527344,42.77000045776367,42.779998779296875,6956293
2024-07-26 13:30:00,42.970001220703125,43.48830032348633,42.95000076293945,43.440101623535156,6300447
2024-07-26 14:30:00,43.44499969482422,43.53710174560547,43.310001373291016,43.3849983215332,4799126
2024-07-26 15:30:00,43.38999938964844,43.52000045776367,43.3400993347168,43.454498291015625,3024540
2024-07-26 16:30:00,43.45500183105469,43.540000915527344,43.36050033569336,43.525001525878906,2436989
2024-07-26 17:30:00,43.52000045776367,43.52000045776367,43.3400993347168,43.419898986816406,3375239
2024-07-26 18:30:00,43.415000915527344,43.47999954223633,43.334598541259766,43.445098876953125,4254516
2024-07-26 19:30:00,43.44499969482422,43.470001220703125,43.32500076293945,43.42499923706055,6956363
2024-07-29 13:30:00,43.5099983215332,43.53499984741211,43.15999984741211,43.224998474121094,5780969
2024-07-29 14:30:00,43.224998474121094,43.35499954223633,43.130001068115234,43.31999969482422,2790390
2024-07-29 15:30:00,43.314998626708984,43.45000076293945,43.23500061035156,43.33000183105469,2169977
2024-07-29 16:30:00,43.334999084472656,43.41999816894531,43.320098876953125,43.32500076293945,1601218
2024-07-29 17:30:00,43.32500076293945,43.400001525878906,43.29999923706055,43.37009811401367,1287135
2024-07-29 18:30:00,43.371700286865234,43.40999984741211,43.33000183105469,43.349998474121094,3791753
2024-07-29 19:30:00,43.349998474121094,43.38999938964844,43.29999923706055,43.33000183105469,9039634
2024-07-30 13:30:00,43.619998931884766,43.935001373291016,43.61000061035156,43.8849983215332,6101258
2024-07-30 14:30:00,43.8849983215332,44.0,43.790000915527344,43.83000183105469,5332715
2024-07-30 15:30:00,43.830299377441406,43.88999938964844,43.70000076293945,43.7599983215332,2890497
2024-07-30 16:30:00,43.755001068115234,43.80500030517578,43.599998474121094,43.665000915527344,3860446
2024-07-30 17:30:00,43.665000915527344,43.779998779296875,43.650001525878906,43.73500061035156,1969376
2024-07-30 18:30:00,43.73500061035156,43.790000915527344,43.665000915527344,43.78499984741211,3423164
2024-07-30 19:30:00,43.78499984741211,43.935001373291016,43.7599983215332,43.83000183105469,6463061
2024-07-31 13:30:00,43.95000076293945,44.08000183105469,43.82500076293945,43.98500061035156,7763253
2024-07-31 14:30:00,43.9900016784668,44.04990005493164,43.915000915527344,43.95000076293945,2661390
2024-07-31 15:30:00,43.959999084472656,43.9900016784668,43.88999938964844,43.94499969482422,2659957
2024-07-31 16:30:00,43.942100524902344,44.0099983215332,43.86000061035156,43.890098571777344,2358286
2024-07-31 17:30:00,43.88999938964844,43.989898681640625,43.83000183105469,43.92839813232422,3634136
2024-07-31 18:30:00,43.920101165771484,44.109901428222656,43.720001220703125,43.744998931884766,8188261
2024-07-31 19:30:00,43.7400016784668,43.90999984741211,43.709999084472656,43.7599983215332,8911685
2024-08-01 13:30:00,43.900001525878906,43.959999084472656,43.494998931884766,43.54499816894531,8494785
2024-08-01 14:30:00,43.54499816894531,43.55500030517578,43.185001373291016,43.21009826660156,10081245
2024-08-01 15:30:00,43.220001220703125,43.36000061035156,43.18000030517578,43.279998779296875,5428425
2024-08-01 16:30:00,43.279998779296875,43.28499984741211,43.06999969482422,43.095001220703125,4071114
2024-08-01 17:30:00,43.09000015258789,43.150001525878906,42.9900016784668,43.019798278808594,3157754
2024-08-01 18:30:00,43.005001068115234,43.04999923706055,42.93000030517578,43.005001068115234,5153123
2024-08-01 19:30:00,43.0099983215332,43.18000030517578,43.005001068115234,43.150001525878906,8225303
2024-08-02 13:30:00,42.630001068115234,42.779998779296875,42.099998474121094,42.1349983215332,22835835
2024-08-02 14:30:00,42.1349983215332,42.18199920654297,41.79999923706055,41.89500045776367,16487373
2024-08-02 15:30:00,41.900001525878906,42.17499923706055,41.900001525878906,42.13999938964844,9493387
2024-08-02 16:30:00,42.130001068115234,42.18000030517578,41.97999954223633,42.0,4764756
2024-08-02 17:30:00,41.994998931884766,42.0,41.80500030517578,41.970001220703125,3399269
2024-08-02 18:30:00,41.970001220703125,42.06999969482422,41.900001525878906,42.04999923706055,5247129
2024-08-02 19:30:00,42.05500030517578,42.119998931884766,41.92499923706055,42.099998474121094,12195060
2024-08-05 13:30:00,41.04999923706055,41.14500045776367,40.65999984741211,40.77000045776367,35410581
2024-08-05 14:30:00,40.779998779296875,41.06999969482422,40.73500061035156,41.02000045776367,11287700
2024-08-05 15:30:00,41.02000045776367,41.22999954223633,40.9900016784668,41.209999084472656,14178731
2024-08-05 16:30:00,41.209999084472656,41.22999954223633,40.970001220703125,41.099998474121094,8119916
2024-08-05 17:30:00,41.095001220703125,41.15999984741211,40.994998931884766,41.10499954223633,7622038
2024-08-05 18:30:00,41.084999084472656,41.099998474121094,40.83000183105469,40.841800689697266,7519059
2024-08-05 19:30:00,40.84000015258789,40.91999816894531,40.779998779296875,40.900001525878906,18781602
2024-08-06 13:30:00,41.02000045776367,41.709999084472656,40.90999984741211,41.599998474121094,14584423
2024-08-06 14:30:00,41.599998474121094,41.73500061035156,41.40999984741211,41.41999816894531,5547542
2024-08-06 15:30:00,41.41999816894531,41.766300201416016,41.400001525878906,41.709999084472656,4980208
2024-08-06 16:30:00,41.70000076293945,41.82500076293945,41.64500045776367,41.814998626708984,4068815
2024-08-06 17:30:00,41.814998626708984,41.88999938964844,41.724998474121094,41.869998931884766,3352501
2024-08-06 18:30:00,41.875,41.98500061035156,41.665000915527344,41.79999923706055,9551544
2024-08-06 19:30:00,41.810001373291016,41.83000183105469,41.470001220703125,41.47999954223633,11645218
2024-08-07 13:30:00,41.959999084472656,42.35499954223633,41.95000076293945,42.1349983215332,11302532
2024-08-07 14:30:00,42.1349983215332,42.275001525878906,42.09000015258789,42.15999984741211,3676173
2024-08-07 15:30:00,42.15999984741211,42.189998626708984,41.95000076293945,42.084999084472656,4078061
2024-08-07 16:30:00,42.084999084472656,42.11000061035156,41.77000045776367,41.89500045776367,5915810
2024-08-07 17:30:00,41.88999938964844,42.0,41.59000015258789,41.67499923706055,4420196
2024-08-07 18:30:00,41.66999816894531,41.7400016784668,41.56999969482422,41.70500183105469,3895220
2024-08-07 19:30:00,41.70500183105469,41.775001525878906,41.4900016784668,41.540000915527344,7542227
2024-08-08 13:30:00,41.81999969482422,42.150001525878906,41.7599983215332,42.130001068115234,10407127
2024-08-08 14:30:00,42.130001068115234,42.165000915527344,42.01959991455078,42.10499954223633,3984492
2024-08-08 15:30:00,42.10499954223633,42.1150016784668,41.98500061035156,42.04990005493164,2576621
2024-08-08 16:30:00,42.04499816894531,42.14500045776367,41.93000030517578,42.14500045776367,2949294
2024-08-08 17:30:00,42.150001525878906,42.25,42.1150016784668,42.19499969482422,4059422
2024-08-08 18:30:00,42.19499969482422,42.26499938964844,42.13999938964844,42.20500183105469,6813552
2024-08-08 19:30:00,42.20500183105469,42.27000045776367,42.100101470947266,42.209999084472656,8485137
2024-08-09 13:30:00,42.209999084472656,42.349998474121094,42.040000915527344,42.32500076293945,6288233
2024-08-09 14:30:00,42.31999969482422,42.439998626708984,42.23500061035156,42.290000915527344,2744922
2024-08-09 15:30:00,42.28499984741211,42.345001220703125,42.22999954223633,42.275001525878906,1817174
2024-08-09 16:30:00,42.275001525878906,42.5,42.27000045776367,42.494998931884766,2131414
2024-08-09 17:30:00,42.499000549316406,42.505001068115234,42.29499816894531,42.32500076293945,1790976
2024-08-09 18:30:00,42.31999969482422,42.43000030517578,42.279998779296875,42.39500045776367,1978170
2024-08-09 19:30:00,42.39500045776367,42.439998626708984,42.310001373291016,42.3849983215332,3948576
2024-08-12 13:30:00,42.47999954223633,42.59000015258789,42.130001068115234,42.310001373291016,3804905
2024-08-12 14:30:00,42.310001373291016,42.45000076293945,42.208900451660156,42.2599983215332,2023247
2024-08-12 15:30:00,42.2599983215332,42.38990020751953,42.209999084472656,42.26359939575195,1821462
2024-08-12 16:30:00,42.2599983215332,42.29499816894531,42.13999938964844,42.22999954223633,2027795
2024-08-12 17:30:00,42.2400016784668,42.25,42.099998474121094,42.14500045776367,2106250
2024-08-12 18:30:00,42.14500045776367,42.20000076293945,42.1349983215332,42.17499923706055,2654611
2024-08-12 19:30:00,42.18000030517578,42.20000076293945,42.09000015258789,42.18000030517578,4449456
2024-08-13 13:30:00,42.43000030517578,42.43000030517578,42.119998931884766,42.21500015258789,4581801
2024-08-13 14:30:00,42.209999084472656,42.33000183105469,42.17499923706055,42.29999923706055,2299172
2024-08-13 15:30:00,42.29999923706055,42.40999984741211,42.25749969482422,42.34000015258789,1759500
2024-08-13 16:30:00,42.34000015258789,42.42499923706055,42.310001373291016,42.349998474121094,2158412
2024-08-13 17:30:00,42.349998474121094,42.41999816894531,42.279998779296875,42.40999984741211,2935172
2024-08-13 18:30:00,42.40999984741211,42.48500061035156,42.404998779296875,42.45500183105469,2170757
2024-08-13 19:30:00,42.45000076293945,42.560001373291016,42.43009948730469,42.529998779296875,7832940
2024-08-14 13:30:00,42.630001068115234,42.849998474121094,42.599998474121094,42.817901611328125,6416288
2024-08-14 14:30:00,42.814998626708984,42.88740158081055,42.71500015258789,42.8849983215332,2938641
2024-08-14 15:30:00,42.8849983215332,42.97999954223633,42.8650016784668,42.869998931884766,3682587
2024-08-14 16:30:00,42.869998931884766,42.9900016784668,42.8650016784668,42.96500015258789,1926128
2024-08-14 17:30:00,42.96989822387695,43.040000915527344,42.95000076293945,42.97999954223633,1909075
2024-08-14 18:30:00,42.974998474121094,43.130001068115234,42.974998474121094,43.04499816894531,2399833
2024-08-14 19:30:00,43.04560089111328,43.130001068115234,43.02000045776367,43.04999923706055,9329554
2024-08-15 13:30:00,43.459999084472656,43.689998626708984,43.310001373291016,43.41999816894531,9608875
2024-08-15 14:30:00,43.41999816894531,43.529998779296875,43.380001068115234,43.470001220703125,3176759
2024-08-15 15:30:00,43.470001220703125,43.540000915527344,43.45000076293945,43.53499984741211,3509269
2024-08-15 16:30:00,43.53499984741211,43.540000915527344,43.435001373291016,43.4900016784668,2521381
2024-08-15 17:30:00,43.4900016784668,43.52000045776367,43.45000076293945,43.505001068115234,1937925
2024-08-15 18:30:00,43.505001068115234,43.54999923706055,43.459999084472656,43.54309844970703,3057981
2024-08-15 19:30:00,43.54499816894531,43.56999969482422,43.400001525878906,43.47999954223633,7351158
2024-08-16 13:30:00,43.400001525878906,43.71500015258789,43.400001525878906,43.560001373291016,4889767
2024-08-16 14:30:00,43.560001373291016,43.619998931884766,43.480098724365234,43.6150016784668,2401185
2024-08-16 15:30:00,43.6150016784668,43.70000076293945,43.56999969482422,43.64500045776367,1883639
2024-08-16 16:30:00,43.650001525878906,43.755001068115234,43.63999938964844,43.70000076293945,2199600
2024-08-16 17:30:00,43.70500183105469,43.7599983215332,43.689998626708984,43.70500183105469,1682931
2024-08-16 18:30:00,43.70500183105469,43.7599983215332,43.689998626708984,43.7052001953125,4282921
2024-08-16 19:30:00,43.70000076293945,43.7599983215332,43.68000030517578,43.75,5466642
2024-08-19 13:30:00,43.779998779296875,43.969600677490234,43.779998779296875,43.915199279785156,5096250
2024-08-19 14:30:00,43.90999984741211,44.02000045776367,43.89500045776367,43.93989944458008,2286056
2024-08-19 15:30:00,43.935001373291016,43.97999954223633,43.920101165771484,43.974998474121094,1998998
2024-08-19 16:30:00,43.970001220703125,44.02000045776367,43.95000076293945,43.95800018310547,1791144
2024-08-19 17:30:00,43.95500183105469,43.970001220703125,43.90999984741211,43.92499923706055,1633130
2024-08-19 18:30:00,43.92499923706055,43.97999954223633,43.90999984741211,43.93519973754883,2355418
2024-08-19 19:30:00,43.93000030517578,44.0099983215332,43.90999984741211,44.005001068115234,5387497
2024-08-20 13:30:00,43.959999084472656,43.994998931884766,43.81999969482422,43.940399169921875,4450795
2024-08-20 14:30:00,43.939998626708984,43.994998931884766,43.849998474121094,43.849998474121094,3328868
2024-08-20 15:30:00,43.849998474121094,43.91999816894531,43.814998626708984,43.845001220703125,2133739
2024-08-20 16:30:00,43.845001220703125,43.88999938964844,43.79999923706055,43.834999084472656,1673512
2024-08-20 17:30:00,43.834999084472656,43.93000030517578,43.78010177612305,43.904998779296875,1878840
2024-08-20 18:30:00,43.90999984741211,43.90999984741211,43.84000015258789,43.84000015258789,2189447
2024-08-20 19:30:00,43.845001220703125,43.8650016784668,43.779998779296875,43.86000061035156,3196988
2024-08-21 13:30:00,43.939998626708984,43.9900016784668,43.619998931884766,43.72999954223633,3148684
2024-08-21 14:30:00,43.724998474121094,43.79999923706055,43.56999969482422,43.682899475097656,2499850
2024-08-21 15:30:00,43.68000030517578,43.720001220703125,43.58000183105469,43.68000030517578,2485013
2024-08-21 16:30:00,43.68000030517578,43.75,43.66999816894531,43.73500061035156,2114363
2024-08-21 17:30:00,43.7400016784668,43.779998779296875,43.71500015258789,43.775001525878906,2820122
2024-08-21 18:30:00,43.779998779296875,43.810001373291016,43.689998626708984,43.730098724365234,2241244
2024-08-21 19:30:00,43.72999954223633,43.81999969482422,43.70249938964844,43.79999923706055,3049437
2024-08-22 13:30:00,43.849998474121094,43.98500061035156,43.810001373291016,43.869998931884766,5068960
2024-08-22 14:30:00,43.8650016784668,43.97990036010742,43.810001373291016,43.845001220703125,2209210
2024-08-22 15:30:00,43.845001220703125,44.0099983215332,43.84370040893555,43.98500061035156,3114561
2024-08-22 16:30:00,43.9900016784668,44.028499603271484,43.869998931884766,43.8849983215332,1868389
2024-08-22 17:30:00,43.880001068115234,44.01499938964844,43.810001373291016,43.9900016784668,2908005
2024-08-22 18:30:00,43.9900016784668,44.029998779296875,43.95000076293945,43.98500061035156,3548122
2024-08-22 19:30:00,43.97999954223633,44.04999923706055,43.91999816894531,44.040000915527344,3132861
2024-08-23 13:30:00,44.18000030517578,44.400001525878906,44.10499954223633,44.349998474121094,7701271
2024-08-23 14:30:00,44.349998474121094,44.540000915527344,44.220001220703125,44.5,8311045
2024-08-23 15:30:00,44.494998931884766,44.5099983215332,44.11000061035156,44.1349983215332,3404735
2024-08-23 16:30:00,44.13999938964844,44.314998626708984,44.09000015258789,44.290000915527344,2251659
2024-08-23 17:30:00,44.29499816894531,44.32500076293945,44.22999954223633,44.31010055541992,1541585
2024-08-23 18:30:00,44.314998626708984,44.43000030517578,44.29069900512695,44.42380142211914,2407572
2024-08-23 19:30:00,44.42499923706055,44.459999084472656,44.34000015258789,44.40999984741211,6319005
2024-08-26 13:30:00,44.58000183105469,44.775001525878906,44.54499816894531,44.76499938964844,7140896
2024-08-26 14:30:00,44.76499938964844,44.810001373291016,44.55500030517578,44.56999969482422,3188121
2024-08-26 15:30:00,44.560001373291016,44.63669967651367,44.529998779296875,44.62950134277344,2058650
2024-08-26 16:30:00,44.625,44.665000915527344,44.61000061035156,44.6150016784668,3944608
2024-08-26 17:30:00,44.61000061035156,44.61690139770508,44.470001220703125,44.54499816894531,1319637
2024-08-26 18:30:00,44.54499816894531,44.56999969482422,44.4900016784668,44.525001525878906,1690511
2024-08-26 19:30:00,44.52000045776367,44.59000015258789,44.5,44.56999969482422,3057077
2024-08-27 13:30:00,44.65999984741211,44.76499938964844,44.58000183105469,44.70000076293945,3661509
2024-08-27 14:30:00,44.69499969482422,44.7599983215332,44.66999816894531,44.70500183105469,2288371
2024-08-27 15:30:00,44.70240020751953,44.7599983215332,44.650001525878906,44.72999954223633,3035845
2024-08-27 16:30:00,44.724998474121094,44.79499816894531,44.65999984741211,44.790000915527344,1686517
2024-08-27 17:30:00,44.790000915527344,44.81999969482422,44.744998931884766,44.77000045776367,2560925
2024-08-27 18:30:00,44.775001525878906,44.79679870605469,44.7599983215332,44.78499984741211,2292144
2024-08-27 19:30:00,44.779998779296875,44.810001373291016,44.720001220703125,44.790000915527344,5216833
2024-08-28 13:30:00,44.68000030517578,45.099998474121094,44.68000030517578,44.93149948120117,5733320
2024-08-28 14:30:00,44.93000030517578,45.154998779296875,44.915000915527344,45.05619812011719,3198087
2024-08-28 15:30:00,45.04999923706055,45.04999923706055,44.81999969482422,44.834999084472656,2145386
2024-08-28 16:30:00,44.83000183105469,44.8650016784668,44.77000045776367,44.79999923706055,1743373
2024-08-28 17:30:00,44.79999923706055,44.834999084472656,44.640098571777344,44.650001525878906,2716344
2024-08-28 18:30:00,44.650001525878906,44.869998931884766,44.63999938964844,44.86000061035156,2932633
2024-08-28 19:30:00,44.86000061035156,44.970001220703125,44.81999969482422,44.91999816894531,4020664
2024-08-29 13:30:00,45.060001373291016,45.189998626708984,44.75,45.15999984741211,6566676
2024-08-29 14:30:00,45.16999816894531,45.220001220703125,45.064998626708984,45.20000076293945,3507375
2024-08-29 15:30:00,45.20610046386719,45.3650016784668,45.17250061035156,45.334999084472656,3710063
2024-08-29 16:30:00,45.34000015258789,45.369998931884766,45.29999923706055,45.35499954223633,2750721
2024-08-29 17:30:00,45.349998474121094,45.459999084472656,45.33000183105469,45.383201599121094,2775192
2024-08-29 18:30:00,45.380001068115234,45.39500045776367,45.165000915527344,45.38999938964844,4392577
2024-08-29 19:30:00,45.3849983215332,45.40999984741211,45.23500061035156,45.29499816894531,7764353
2024-08-30 13:30:00,45.439998626708984,45.54999923706055,45.362098693847656,45.4900016784668,3724097
2024-08-30 14:30:00,45.48500061035156,45.53499984741211,45.33000183105469,45.34000015258789,2734949
2024-08-30 15:30:00,45.34000015258789,45.400001525878906,45.27000045776367,45.29029846191406,2566979
2024-08-30 16:30:00,45.29999923706055,45.40999984741211,45.22999954223633,45.34000015258789,2657806
2024-08-30 17:30:00,45.34000015258789,45.459999084472656,45.33000183105469,45.415000915527344,1480375
2024-08-30 18:30:00,45.415000915527344,45.56560134887695,45.415000915527344,45.55500030517578,2618889
2024-08-30 19:30:00,45.55500030517578,45.779998779296875,45.52000045776367,45.709999084472656,8845478
2024-09-03 13:30:00,45.5,45.875,45.400001525878906,45.459999084472656,10843999
2024-09-03 14:30:00,45.45000076293945,45.75,45.40999984741211,45.744998931884766,6333517
2024-09-03 15:30:00,45.744998931884766,45.790000915527344,45.65999984741211,45.689998626708984,4069155
2024-09-03 16:30:00,45.689998626708984,45.71500015258789,45.619998931884766,45.665000915527344,1744312
2024-09-03 17:30:00,45.665000915527344,45.665000915527344,45.470001220703125,45.474998474121094,3064511
2024-09-03 18:30:00,45.474998474121094,45.5098991394043,45.349998474121094,45.404998779296875,4735453
2024-09-03 19:30:00,45.404998779296875,45.45000076293945,45.185001373291016,45.40999984741211,7270466
2024-09-04 13:30:00,45.47999954223633,45.77000045776367,45.470001220703125,45.68000030517578,7510267
2024-09-04 14:30:00,45.66999816894531,45.71500015258789,45.5099983215332,45.51499938964844,3356652
2024-09-04 15:30:00,45.5099983215332,45.51499938964844,45.369998931884766,45.415000915527344,3884038
2024-09-04 16:30:00,45.435001373291016,45.499900817871094,45.279998779296875,45.290000915527344,2813697
2024-09-04 17:30:00,45.29499816894531,45.345001220703125,45.21500015258789,45.32500076293945,1910651
2024-09-04 18:30:00,45.326900482177734,45.380001068115234,45.2400016784668,45.3650016784668,3141733
2024-09-04 19:30:00,45.349998474121094,45.477500915527344,45.290000915527344,45.43000030517578,6077514
2024-09-05 13:30:00,45.63999938964844,45.65999984741211,45.165000915527344,45.290000915527344,5794971
2024-09-05 14:30:00,45.290000915527344,45.32500076293945,44.880001068115234,44.915000915527344,5547178
2024-09-05 15:30:00,44.915000915527344,44.939998626708984,44.77000045776367,44.80500030517578,7108856
2024-09-05 16:30:00,44.80500030517578,44.904998779296875,44.744998931884766,44.82500076293945,3481838
2024-09-05 17:30:00,44.82500076293945,45.060001373291016,44.80500030517578,45.0,4409592
2024-09-05 18:30:00,44.994998931884766,45.099998474121094,44.90999984741211,44.974998474121094,3862725
2024-09-05 19:30:00,44.970001220703125,45.060001373291016,44.91999816894531,44.970001220703125,7965451
2024-09-06 13:30:00,45.029998779296875,45.20000076293945,44.7599983215332,44.78499984741211,6649776
2024-09-06 14:30:00,44.790000915527344,44.8849983215332,44.435001373291016,44.494998931884766,10835659
2024-09-06 15:30:00,44.4900016784668,44.58000183105469,44.290000915527344,44.30500030517578,7161826
2024-09-06 16:30:00,44.30500030517578,44.415000915527344,44.27000045776367,44.34000015258789,3461146
2024-09-06 17:30:00,44.34000015258789,44.38999938964844,44.20500183105469,44.244998931884766,4415291
2024-09-06 18:30:00,44.2400016784668,44.349998474121094,44.189998626708984,44.30500030517578,6183277
2024-09-06 19:30:00,44.30500030517578,44.33000183105469,44.20000076293945,44.30500030517578,10337338
2024-09-09 13:30:00,44.709999084472656,44.994998931884766,44.650001525878906,44.880001068115234,7482709
2024-09-09 14:30:00,44.880001068115234,44.970001220703125,44.76499938964844,44.8849983215332,6299645
2024-09-09 15:30:00,44.88999938964844,45.119998931884766,44.8849983215332,45.1150016784668,4313139
2024-09-09 16:30:00,45.1150016784668,45.20000076293945,45.10499954223633,45.13999938964844,3153727
2024-09-09 17:30:00,45.14500045776367,45.16999816894531,45.002899169921875,45.04349899291992,3358677
2024-09-09 18:30:00,45.04499816894531,45.060001373291016,44.92499923706055,44.98500061035156,3326425
2024-09-09 19:30:00,44.98419952392578,45.03499984741211,44.88999938964844,44.91999816894531,8928732
2024-09-10 13:30:00,44.92499923706055,44.974998474121094,44.2400016784668,44.310001373291016,14066262
2024-09-10 14:30:00,44.29999923706055,44.369998931884766,44.185001373291016,44.22999954223633,11312402
2024-09-10 15:30:00,44.224998474121094,44.27000045776367,43.974998474121094,44.04999923706055,8238342
2024-09-10 16:30:00,44.04999923706055,44.22999954223633,44.02000045776367,44.20500183105469,3510765
2024-09-10 17:30:00,44.209999084472656,44.44499969482422,44.209999084472656,44.430999755859375,7123567
2024-09-10 18:30:00,44.43000030517578,44.56990051269531,44.42499923706055,44.529998779296875,6343776
2024-09-10 19:30:00,44.52000045776367,44.525001525878906,44.41999816894531,44.470001220703125,6771274
2024-09-11 13:30:00,44.209999084472656,44.22999954223633,43.39500045776367,43.42499923706055,18738099
2024-09-11 14:30:00,43.42499923706055,43.64500045776367,43.380001068115234,43.55500030517578,7208022
2024-09-11 15:30:00,43.560001373291016,43.790000915527344,43.55500030517578,43.73500061035156,4483253
2024-09-11 16:30:00,43.73500061035156,44.040000915527344,43.70000076293945,43.95090103149414,7118068
2024-09-11 17:30:00,43.95500183105469,44.060001373291016,43.95000076293945,44.01020050048828,3330179
2024-09-11 18:30:00,44.02000045776367,44.279998779296875,44.0,44.27000045776367,5198682
2024-09-11 19:30:00,44.26499938964844,44.349998474121094,44.130001068115234,44.279998779296875,6479448
2024-09-12 13:30:00,44.34000015258789,44.52000045776367,44.005001068115234,44.255001068115234,6190769
2024-09-12 14:30:00,44.25,44.310001373291016,44.1349983215332,44.19990158081055,4450710
2024-09-12 15:30:00,44.20000076293945,44.26499938964844,44.18000030517578,44.19620132446289,2489811
2024-09-12 16:30:00,44.19499969482422,44.3650016784668,44.189998626708984,44.35499954223633,2947777
2024-09-12 17:30:00,44.35499954223633,44.439998626708984,44.18000030517578,44.34000015258789,7630471
2024-09-12 18:30:00,44.34000015258789,44.369998931884766,44.18000030517578,44.314998626708984,5106250
2024-09-12 19:30:00,44.314998626708984,44.400001525878906,44.27000045776367,44.369998931884766,5772066
2024-09-13 13:30:00,44.459999084472656,44.68000030517578,44.45000076293945,44.595001220703125,10180470
2024-09-13 14:30:00,44.595001220703125,44.685001373291016,44.474998474121094,44.55009841918945,2737671
2024-09-13 15:30:00,44.560001373291016,44.64500045776367,44.470001220703125,44.470001220703125,2693826
2024-09-13 16:30:00,44.45050048828125,44.57500076293945,44.40999984741211,44.57500076293945,3077151
2024-09-13 17:30:00,44.58000183105469,44.609901428222656,44.474998474121094,44.480098724365234,5160835
2024-09-13 18:30:00,44.47999954223633,44.54499816894531,44.459999084472656,44.529998779296875,3248057
2024-09-13 19:30:00,44.540000915527344,44.56520080566406,44.494998931884766,44.52000045776367,5081281
2024-09-16 13:30:00,44.845001220703125,45.0099983215332,44.70000076293945,44.8849983215332,10439791
2024-09-16 14:30:00,44.880001068115234,44.939998626708984,44.779998779296875,44.790000915527344,5621132
2024-09-16 15:30:00,44.790000915527344,45.0099983215332,44.78499984741211,45.0099983215332,3591707
2024-09-16 16:30:00,45.0099983215332,45.029998779296875,44.93000030517578,44.974998474121094,2969098
2024-09-16 17:30:00,44.974998474121094,45.02000045776367,44.94499969482422,45.0099983215332,3573436
2024-09-16 18:30:00,45.0099983215332,45.06999969482422,44.9900016784668,45.040000915527344,3078400
2024-09-16 19:30:00,45.040000915527344,45.099998474121094,45.0,45.08000183105469,6123557
2024-09-17 13:30:00,45.16999816894531,45.439998626708984,45.15420150756836,45.349998474121094,6594062
2024-09-17 14:30:00,45.35499954223633,45.45000076293945,45.275001525878906,45.429901123046875,2845285
2024-09-17 15:30:00,45.43000030517578,45.47990036010742,45.34000015258789,45.40999984741211,3749626
2024-09-17 16:30:00,45.400001525878906,45.400001525878906,45.13999938964844,45.22999954223633,4655282
2024-09-17 17:30:00,45.220001220703125,45.31999969482422,45.18000030517578,45.26499938964844,2192972
2024-09-17 18:30:00,45.2599983215332,45.28990173339844,45.15999984741211,45.21500015258789,2603504
2024-09-17 19:30:00,45.21500015258789,45.31999969482422,45.189998626708984,45.31999969482422,4469418
2024-09-18 13:30:00,45.349998474121094,45.380001068115234,45.125,45.189998626708984,4219389
2024-09-18 14:30:00,45.18000030517578,45.26499938964844,45.09000015258789,45.2599983215332,2606109
2024-09-18 15:30:00,45.2599983215332,45.290000915527344,45.185001373291016,45.275001525878906,2927476
2024-09-18 16:30:00,45.275001525878906,45.34989929199219,45.25,45.34000015258789,2126305
2024-09-18 17:30:00,45.34000015258789,45.689998626708984,45.150001525878906,45.35499954223633,9191822
2024-09-18 18:30:00,45.35499954223633,45.52000045776367,45.189998626708984,45.42499923706055,9549280
2024-09-18 19:30:00,45.41999816894531,45.45500183105469,45.150001525878906,45.18000030517578,6885447
2024-09-19 13:30:00,45.72999954223633,45.75,45.34000015258789,45.685001373291016,9661843
2024-09-19 14:30:00,45.689998626708984,45.709999084472656,45.459999084472656,45.54499816894531,7571572
2024-09-19 15:30:00,45.54999923706055,45.650001525878906,45.494998931884766,45.60499954223633,3772958
2024-09-19 16:30:00,45.60020065307617,45.689998626708984,45.584999084472656,45.650001525878906,4414291
2024-09-19 17:30:00,45.650001525878906,45.790000915527344,45.6349983215332,45.73500061035156,3214431
2024-09-19 18:30:00,45.7400016784668,45.810001373291016,45.685001373291016,45.70000076293945,4330475
2024-09-19 19:30:00,45.70000076293945,45.7599983215332,45.65999984741211,45.70500183105469,7460626
2024-09-20 13:30:00,45.54499816894531,45.595001220703125,45.334999084472656,45.46500015258789,5429060
2024-09-20 14:30:00,45.46989822387695,45.56999969482422,45.45500183105469,45.48500061035156,4697919
2024-09-20 15:30:00,45.48500061035156,45.53499984741211,45.42499923706055,45.525299072265625,2418124
2024-09-20 16:30:00,45.52000045776367,45.599998474121094,45.5,45.57500076293945,5055298
2024-09-20 17:30:00,45.58000183105469,45.61690139770508,45.45000076293945,45.45500183105469,3064958
2024-09-20 18:30:00,45.45000076293945,45.53499984741211,45.380001068115234,45.5098991394043,8582104
2024-09-20 19:30:00,45.505001068115234,45.599998474121094,45.47999954223633,45.56999969482422,8386900
2024-09-23 13:30:00,45.4900016784668,45.66999816894531,45.40999984741211,45.54249954223633,5367564
2024-09-23 14:30:00,45.54499816894531,45.54999923706055,45.43000030517578,45.47999954223633,5597883
2024-09-23 15:30:00,45.48500061035156,45.5,45.41130065917969,45.435001373291016,2032641
2024-09-23 16:30:00,45.43000030517578,45.459999084472656,45.369998931884766,45.45000076293945,2184799
2024-09-23 17:30:00,45.45500183105469,45.4900016784668,45.40999984741211,45.43009948730469,1725171
2024-09-23 18:30:00,45.43000030517578,45.4452018737793,45.36000061035156,45.410099029541016,2566482
2024-09-23 19:30:00,45.41999816894531,45.470001220703125,45.40422821044922,45.45000076293945,3233875
2024-09-24 13:30:00,45.29999923706055,45.29999923706055,45.08000183105469,45.17879867553711,6418847
2024-09-24 14:30:00,45.18000030517578,45.209999084472656,45.05220031738281,45.125,6534265
2024-09-24 15:30:00,45.125,45.150001525878906,44.900001525878906,44.915000915527344,2980922
2024-09-24 16:30:00,44.90999984741211,45.03499984741211,44.89500045776367,44.98500061035156,6601985
2024-09-24 17:30:00,44.98500061035156,45.01499938964844,44.95000076293945,44.96989822387695,4811953
2024-09-24 18:30:00,44.96500015258789,45.01599884033203,44.91350173950195,44.99959945678711,3664998
2024-09-24 19:30:00,44.994998931884766,45.060001373291016,44.94499969482422,45.04999923706055,5655848
2024-09-25 13:30:00,45.130001068115234,45.13999938964844,44.709999084472656,44.7400016784668,5152088
2024-09-25 14:30:00,44.744998931884766,44.82500076293945,44.70000076293945,44.755001068115234,2771575
2024-09-25 15:30:00,44.75,44.86000061035156,44.70249938964844,44.779998779296875,3266172
2024-09-25 16:30:00,44.775001525878906,44.79999923706055,44.709999084472656,44.714599609375,3083487
2024-09-25 17:30:00,44.71500015258789,44.79499816894531,44.650001525878906,44.78499984741211,2551948
2024-09-25 18:30:00,44.779998779296875,44.810001373291016,44.72999954223633,44.76499938964844,2311323
2024-09-25 19:30:00,44.76499938964844,44.779998779296875,44.70000076293945,44.779998779296875,5427277
2024-09-26 13:30:00,44.91999816894531,44.98500061035156,44.77000045776367,44.959999084472656,6068830
2024-09-26 14:30:00,44.959999084472656,45.11000061035156,44.94499969482422,45.0,5877269
2024-09-26 15:30:00,44.994998931884766,45.089900970458984,44.98500061035156,44.98500061035156,2759935
2024-09-26 16:30:00,44.98649978637695,45.060001373291016,44.970001220703125,45.04999923706055,4954666
2024-09-26 17:30:00,45.05500030517578,45.09000015258789,45.029998779296875,45.029998779296875,2697332
2024-09-26 18:30:00,45.025001525878906,45.029998779296875,44.974998474121094,44.99869918823242,3270577
2024-09-26 19:30:00,44.994998931884766,45.05500030517578,44.95000076293945,45.0099983215332,3258139
2024-09-27 13:30:00,45.119998931884766,45.349998474121094,45.05500030517578,45.30500030517578,5330501
2024-09-27 14:30:00,45.310001373291016,45.4370002746582,45.27000045776367,45.41999816894531,2592423
2024-09-27 15:30:00,45.41999816894531,45.43000030517578,45.2400016784668,45.26279830932617,4418071
2024-09-27 16:30:00,45.2599983215332,45.27000045776367,45.20000076293945,45.220001220703125,2315234
2024-09-27 17:30:00,45.21500015258789,45.26499938964844,45.164798736572266,45.19369888305664,2026830
2024-09-27 18:30:00,45.20000076293945,45.27519989013672,45.130001068115234,45.21500015258789,2072435
2024-09-27 19:30:00,45.21500015258789,45.2400016784668,45.1349983215332,45.14500045776367,3209181
2024-09-30 13:30:00,45.040000915527344,45.10499954223633,44.845001220703125,45.07500076293945,4032464
2024-09-30 14:30:00,45.08000183105469,45.220001220703125,45.064998626708984,45.119998931884766,1885751
2024-09-30 15:30:00,45.125,45.16999816894531,45.09000015258789,45.13999938964844,1059391
2024-09-30 16:30:00,45.13999938964844,45.14500045776367,45.064998626708984,45.064998626708984,1235176
2024-09-30 17:30:00,45.06999969482422,45.130001068115234,44.84000015258789,44.96500015258789,2986480
2024-09-30 18:30:00,44.96500015258789,45.1150016784668,44.910099029541016,45.11000061035156,2704554
2024-09-30 19:30:00,45.10499954223633,45.34000015258789,45.099998474121094,45.30500030517578,5192445
2024-10-01 13:30:00,45.13999938964844,45.154998779296875,44.775001525878906,44.869998931884766,7723206
2024-10-01 14:30:00,44.880001068115234,45.109901428222656,44.834999084472656,45.095001220703125,3768468
2024-10-01 15:30:00,45.095001220703125,45.23659896850586,45.08000183105469,45.209999084472656,2955380
2024-10-01 16:30:00,45.20500183105469,45.209999084472656,45.005001068115234,45.01499938964844,3755226
2024-10-01 17:30:00,45.01499938964844,45.29999923706055,45.0,45.255001068115234,3820057
2024-10-01 18:30:00,45.2599983215332,45.310001373291016,45.190101623535156,45.25,2649614
2024-10-01 19:30:00,45.244998931884766,45.244998931884766,45.02000045776367,45.06999969482422,5815101
2024-10-02 13:30:00,45.060001373291016,45.22999954223633,44.83000183105469,45.06999969482422,6646563
2024-10-02 14:30:00,45.06999969482422,45.18000030517578,45.02000045776367,45.119998931884766,4980529
2024-10-02 15:30:00,45.125,45.150001525878906,45.02009963989258,45.04999923706055,3277723
2024-10-02 16:30:00,45.04499816894531,45.04499816894531,44.95000076293945,44.974998474121094,4406268
2024-10-02 17:30:00,44.970001220703125,45.069698333740234,44.939998626708984,45.0,3713693
2024-10-02 18:30:00,44.994998931884766,45.084999084472656,44.98500061035156,45.025001525878906,3797702
2024-10-02 19:30:00,45.025001525878906,45.119998931884766,44.9900016784668,45.099998474121094,6232969
2024-10-03 13:30:00,44.959999084472656,45.04999923706055,44.665000915527344,44.845001220703125,5969555
2024-10-03 14:30:00,44.845001220703125,44.90999984741211,44.755001068115234,44.81999969482422,2159636
2024-10-03 15:30:00,44.81999969482422,44.9900016784668,44.814998626708984,44.959999084472656,2039295
2024-10-03 16:30:00,44.959999084472656,44.959999084472656,44.755001068115234,44.79999923706055,2876403
2024-10-03 17:30:00,44.79999923706055,44.8849983215332,44.78499984741211,44.869998931884766,2402232
2024-10-03 18:30:00,44.86000061035156,44.8849983215332,44.79999923706055,44.845001220703125,1752327
2024-10-03 19:30:00,44.845001220703125,44.93000030517578,44.79999923706055,44.900001525878906,5142130
2024-10-04 13:30:00,45.33000183105469,45.51499938964844,45.22999954223633,45.314998626708984,10357975
2024-10-04 14:30:00,45.314998626708984,45.40999984741211,45.150001525878906,45.25,5265118
2024-10-04 15:30:00,45.255001068115234,45.400001525878906,45.224998474121094,45.334999084472656,2071375
2024-10-04 16:30:00,45.33000183105469,45.529998779296875,45.30419921875,45.505001068115234,4500023
2024-10-04 17:30:00,45.505001068115234,45.52000045776367,45.3650016784668,45.47999954223633,2686023
2024-10-04 18:30:00,45.474998474121094,45.61000061035156,45.45000076293945,45.60499954223633,3968278
2024-10-04 19:30:00,45.609901428222656,45.689998626708984,45.59000015258789,45.65999984741211,9471146
2024-10-07 13:30:00,45.650001525878906,45.66999816894531,45.375,45.380001068115234,4730268
2024-10-07 14:30:00,45.380001068115234,45.439998626708984,45.32500076293945,45.375,2188994
2024-10-07 15:30:00,45.375,45.38999938964844,45.22999954223633,45.30500030517578,2707136
2024-10-07 16:30:00,45.30500030517578,45.30500030517578,45.191043853759766,45.22999954223633,1530556
2024-10-07 17:30:00,45.220001220703125,45.224998474121094,45.040000915527344,45.06999969482422,2292325
2024-10-07 18:30:00,45.06999969482422,45.1150016784668,44.900001525878906,45.09000015258789,4046344
2024-10-07 19:30:00,45.099998474121094,45.16999816894531,45.005001068115234,45.11000061035156,7496551
2024-10-08 13:30:00,45.2599983215332,45.439998626708984,45.187599182128906,45.26499938964844,4867200
2024-10-08 14:30:00,45.2599983215332,45.3849983215332,45.18000030517578,45.375,5008103
2024-10-08 15:30:00,45.37009811401367,45.415000915527344,45.345001220703125,45.3849983215332,2640754
2024-10-08 16:30:00,45.3849983215332,45.400001525878906,45.290000915527344,45.33000183105469,2676004
2024-10-08 17:30:00,45.32500076293945,45.36000061035156,45.29999923706055,45.345001220703125,3450169
2024-10-08 18:30:00,45.349998474121094,45.43000030517578,45.340999603271484,45.40999984741211,2973237
2024-10-08 19:30:00,45.404998779296875,45.459999084472656,45.349998474121094,45.36000061035156,5411637
2024-10-09 13:30:00,45.349998474121094,45.650001525878906,45.2599983215332,45.474998474121094,4649114
2024-10-09 14:30:00,45.474998474121094,45.7400016784668,45.45000076293945,45.724998474121094,3164612
2024-10-09 15:30:00,45.72999954223633,45.86000061035156,45.720001220703125,45.755001068115234,4326222
2024-10-09 16:30:00,45.755001068115234,45.84000015258789,45.70000076293945,45.78499984741211,2238568
2024-10-09 17:30:00,45.78499984741211,45.81999969482422,45.654998779296875,45.67499923706055,3700556
2024-10-09 18:30:00,45.67499923706055,45.75,45.65999984741211,45.744998931884766,2796025
2024-10-09 19:30:00,45.744998931884766,45.834999084472656,45.70500183105469,45.7599983215332,6069910
2024-10-10 13:30:00,45.81999969482422,45.86000061035156,45.64500045776367,45.654998779296875,6004923
2024-10-10 14:30:00,45.650001525878906,45.7400016784668,45.58000183105469,45.649898529052734,3752964
2024-10-10 15:30:00,45.64500045776367,45.69866943359375,45.58000183105469,45.689998626708984,2772912
2024-10-10 16:30:00,45.689998626708984,45.69499969482422,45.47999954223633,45.54499816894531,4449325
2024-10-10 17:30:00,45.54499816894531,45.57500076293945,45.44499969482422,45.4900016784668,3156663
2024-10-10 18:30:00,45.4900016784668,45.529998779296875,45.439998626708984,45.505001068115234,4331233
2024-10-10 19:30:00,45.50379943847656,45.63999938964844,45.5,45.6150016784668,6080177
2024-10-11 13:30:00,45.91999816894531,46.560001373291016,45.88999938964844,46.54499816894531,20049715
2024-10-11 14:30:00,46.54499816894531,46.599998474121094,46.40999984741211,46.52000045776367,9507698
2024-10-11 15:30:00,46.52000045776367,46.56999969482422,46.39500045776367,46.415000915527344,4370678
2024-10-11 16:30:00,46.415000915527344,46.470001220703125,46.380001068115234,46.435001373291016,2571706
2024-10-11 17:30:00,46.435001373291016,46.540000915527344,46.404998779296875,46.4900016784668,3141074
2024-10-11 18:30:00,46.4900016784668,46.55500030517578,46.44499969482422,46.505001068115234,5211915
2024-10-11 19:30:00,46.5,46.560001373291016,46.4900016784668,46.494998931884766,6113486
2024-10-14 13:30:00,46.59000015258789,46.66999816894531,46.459999084472656,46.595001220703125,6770019
2024-10-14 14:30:00,46.595001220703125,46.79999923706055,46.595001220703125,46.775001525878906,6622625
2024-10-14 15:30:00,46.779998779296875,46.84000015258789,46.72999954223633,46.80009841918945,3669360
2024-10-14 16:30:00,46.79999923706055,46.849998474121094,46.7400016784668,46.77000045776367,3434045
2024-10-14 17:30:00,46.77000045776367,46.790000915527344,46.71500015258789,46.775001525878906,2376303
2024-10-14 18:30:00,46.77000045776367,46.79999923706055,46.744998931884766,46.78499984741211,3251922
2024-10-14 19:30:00,46.779998779296875,46.84000015258789,46.7599983215332,46.790000915527344,6716449
2024-10-15 13:30:00,47.119998931884766,47.25,46.959999084472656,47.130001068115234,9583312
2024-10-15 14:30:00,47.125,47.310001373291016,47.084999084472656,47.279998779296875,6996067
2024-10-15 15:30:00,47.277400970458984,47.38999938964844,47.19499969482422,47.380001068115234,4391405
2024-10-15 16:30:00,47.380001068115234,47.380001068115234,47.14500045776367,47.185001373291016,4192900
2024-10-15 17:30:00,47.185001373291016,47.220001220703125,47.010101318359375,47.01499938964844,4012409
2024-10-15 18:30:00,47.01499938964844,47.064998626708984,46.96500015258789,46.96500015258789,3787943
2024-10-15 19:30:00,46.970001220703125,46.9900016784668,46.84000015258789,46.90999984741211,5486205
2024-10-16 13:30:00,47.08000183105469,47.40999984741211,46.9900016784668,47.269901275634766,11836237
2024-10-16 14:30:00,47.26499938964844,47.36000061035156,47.224998474121094,47.27000045776367,5874624
2024-10-16 15:30:00,47.27000045776367,47.43000030517578,47.26499938964844,47.375,5835186
2024-10-16 16:30:00,47.375,47.400001525878906,47.29999923706055,47.34000015258789,2587969
2024-10-16 17:30:00,47.345001220703125,47.459999084472656,47.342098236083984,47.44499969482422,3870534
2024-10-16 18:30:00,47.45000076293945,47.47999954223633,47.38999938964844,47.44770050048828,2787005
2024-10-16 19:30:00,47.44499969482422,47.5,47.439998626708984,47.470001220703125,7327582
2024-10-17 13:30:00,47.68000030517578,47.810001373291016,47.60499954223633,47.65999984741211,9339673
2024-10-17 14:30:00,47.650001525878906,47.744998931884766,47.592498779296875,47.70009994506836,3868260
2024-10-17 15:30:00,47.70500183105469,47.747501373291016,47.654998779296875,47.72999954223633,5290603
2024-10-17 16:30:00,47.724998474121094,47.79999923706055,47.689998626708984,47.73500061035156,4555218
2024-10-17 17:30:00,47.73500061035156,47.76750183105469,47.599998474121094,47.64500045776367,6045721
2024-10-17 18:30:00,47.650001525878906,47.70000076293945,47.61000061035156,47.654998779296875,4587631
2024-10-17 19:30:00,47.654998779296875,47.68000030517578,47.58000183105469,47.619998931884766,6549583
2024-10-18 13:30:00,47.61000061035156,47.689998626708984,47.350101470947266,47.474998474121094,6869120
2024-10-18 14:30:00,47.474998474121094,47.559898376464844,47.45000076293945,47.550201416015625,3575659
2024-10-18 15:30:00,47.55500030517578,47.66999816894531,47.540000915527344,47.654998779296875,4016096
2024-10-18 16:30:00,47.654998779296875,47.70000076293945,47.61000061035156,47.619998931884766,2500300
2024-10-18 17:30:00,47.619998931884766,47.720001220703125,47.584999084472656,47.69499969482422,1851455
2024-10-18 18:30:00,47.69499969482422,47.709999084472656,47.584999084472656,47.6150016784668,2771480
2024-10-18 19:30:00,47.61000061035156,47.669898986816406,47.599998474121094,47.63100051879883,4837373
2024-10-21 13:30:00,47.540000915527344,47.650001525878906,47.369998931884766,47.375,5594552
2024-10-21 14:30:00,47.380001068115234,47.45500183105469,47.189998626708984,47.21500015258789,4921848
2024-10-21 15:30:00,47.21500015258789,47.290000915527344,47.150001525878906,47.23500061035156,2673805
2024-10-21 16:30:00,47.2400016784668,47.34000015258789,47.209999084472656,47.29499816894531,2132987
2024-10-21 17:30:00,47.29499816894531,47.31999969482422,47.209999084472656,47.25,1409516
2024-10-21 18:30:00,47.25,47.290000915527344,47.20479965209961,47.27000045776367,2818153
2024-10-21 19:30:00,47.2599983215332,47.2599983215332,47.150001525878906,47.22999954223633,5616803
2024-10-22 13:30:00,47.0,47.16999816894531,46.779998779296875,46.849998474121094,8900645
2024-10-22 14:30:00,46.845001220703125,47.13999938964844,46.810001373291016,47.060001373291016,4474400
2024-10-22 15:30:00,47.060001373291016,47.13999938964844,47.060001373291016,47.13999938964844,3405774
2024-10-22 16:30:00,47.13999938964844,47.189998626708984,47.060001373291016,47.095001220703125,2335667
2024-10-22 17:30:00,47.098793029785156,47.20000076293945,47.09000015258789,47.15999984741211,2703038
2024-10-22 18:30:00,47.15999984741211,47.185001373291016,47.11000061035156,47.18000030517578,3185302
2024-10-22 19:30:00,47.17499923706055,47.22999954223633,47.15999984741211,47.15999984741211,3208746
2024-10-23 13:30:00,47.099998474121094,47.220001220703125,47.029998779296875,47.1349983215332,3363948
2024-10-23 14:30:00,47.1349983215332,47.18000030517578,47.02000045776367,47.07500076293945,3511309
2024-10-23 15:30:00,47.08000183105469,47.220001220703125,47.060001373291016,47.1599006652832,2043667
2024-10-23 16:30:00,47.154998779296875,47.20500183105469,47.05500030517578,47.064998626708984,1478996
2024-10-23 17:30:00,47.064998626708984,47.07500076293945,46.880001068115234,46.97700119018555,2821099
2024-10-23 18:30:00,46.97949981689453,47.16999816894531,46.97010040283203,47.14500045776367,2999627
2024-10-23 19:30:00,47.13999938964844,47.17499923706055,47.08000183105469,47.099998474121094,3283669
2024-10-24 13:30:00,47.119998931884766,47.20500183105469,46.97999954223633,47.13999938964844,3865923
2024-10-24 14:30:00,47.1349983215332,47.179901123046875,47.040000915527344,47.05500030517578,2764408
2024-10-24 15:30:00,47.04999923706055,47.064998626708984,46.86000061035156,46.95500183105469,2982483
2024-10-24 16:30:00,46.959999084472656,47.12590026855469,46.95000076293945,47.12590026855469,1748419
2024-10-24 17:30:00,47.125,47.15999984741211,47.025001525878906,47.084999084472656,1173148
2024-10-24 18:30:00,47.08369827270508,47.150001525878906,47.02000045776367,47.1349983215332,2497027
2024-10-24 19:30:00,47.1349983215332,47.15999984741211,47.10499954223633,47.13999938964844,3786682
2024-10-25 13:30:00,47.34000015258789,47.41999816894531,47.10499954223633,47.1349983215332,4870621
2024-10-25 14:30:00,47.1349983215332,47.165000915527344,46.790000915527344,46.81999969482422,4796732
2024-10-25 15:30:00,46.81999969482422,46.83000183105469,46.709999084472656,46.80500030517578,2736598
2024-10-25 16:30:00,46.79999923706055,46.81999969482422,46.6150016784668,46.67499923706055,3037001
2024-10-25 17:30:00,46.66999816894531,46.67499923706055,46.52000045776367,46.63999938964844,2374370
2024-10-25 18:30:00,46.630001068115234,46.720001220703125,46.61000061035156,46.670101165771484,2398717
2024-10-25 19:30:00,46.67499923706055,46.6775016784668,46.599998474121094,46.63999938964844,4094375
2024-10-28 13:30:00,46.869998931884766,47.099998474121094,46.85499954223633,47.084999084472656,3866542
2024-10-28 14:30:00,47.08769989013672,47.130001068115234,46.959999084472656,47.125,5148343
2024-10-28 15:30:00,47.130001068115234,47.16709899902344,47.03499984741211,47.150001525878906,3467693
2024-10-28 16:30:00,47.15999984741211,47.16999816894531,47.060001373291016,47.13999938964844,1767761
2024-10-28 17:30:00,47.1349983215332,47.19499969482422,47.11000061035156,47.17499923706055,4816515
2024-10-28 18:30:00,47.17499923706055,47.220001220703125,47.1349983215332,47.19499969482422,4216098
2024-10-28 19:30:00,47.19499969482422,47.249900817871094,47.16999816894531,47.189998626708984,6335064
2024-10-29 13:30:00,47.09000015258789,47.220001220703125,47.029998779296875,47.08000183105469,6914020
2024-10-29 14:30:00,47.08000183105469,47.130001068115234,46.97999954223633,47.03499984741211,2883729
2024-10-29 15:30:00,47.032798767089844,47.119998931884766,47.029998779296875,47.064998626708984,3692720
2024-10-29 16:30:00,47.060001373291016,47.13999938964844,47.01499938964844,47.04499816894531,2376889
2024-10-29 17:30:00,47.04999923706055,47.06999969482422,46.99449920654297,47.025001525878906,2425795
2024-10-29 18:30:00,47.025001525878906,47.07500076293945,46.95000076293945,46.9900016784668,2571816
2024-10-29 19:30:00,46.98500061035156,46.9900016784668,46.880001068115234,46.90999984741211,5046587
2024-10-30 13:30:00,46.97999954223633,47.43000030517578,46.939998626708984,47.30500030517578,7102362
2024-10-30 14:30:00,47.30500030517578,47.31999969482422,47.25,47.29999923706055,3409962
2024-10-30 15:30:00,47.2958984375,47.38999938964844,47.29499816894531,47.310001373291016,2394899
2024-10-30 16:30:00,47.310001373291016,47.310001373291016,47.209999084472656,47.22999954223633,2298609
2024-10-30 17:30:00,47.22999954223633,47.2599983215332,47.150001525878906,47.18000030517578,2765665
2024-10-30 18:30:00,47.185001373291016,47.189998626708984,47.08000183105469,47.1349983215332,2707762
2024-10-30 19:30:00,47.130001068115234,47.165000915527344,47.070098876953125,47.119998931884766,5370963
2024-10-31 13:30:00,47.06999969482422,47.209999084472656,46.79999923706055,46.839900970458984,13297093
2024-10-31 14:30:00,46.834999084472656,46.880001068115234,46.650001525878906,46.69499969482422,7001402
2024-10-31 15:30:00,46.69499969482422,46.8849983215332,46.67499923706055,46.8650016784668,4437027
2024-10-31 16:30:00,46.86000061035156,46.869998931884766,46.779998779296875,46.80500030517578,2932837
2024-10-31 17:30:00,46.80500030517578,46.80569839477539,46.68000030517578,46.755001068115234,3109120
2024-10-31 18:30:00,46.755001068115234,46.790000915527344,46.66999816894531,46.7400016784668,4835695
2024-10-31 19:30:00,46.744998931884766,46.7599983215332,46.5,46.5,9666173
2024-11-01 13:30:00,46.630001068115234,46.98500061035156,46.560001373291016,46.98500061035156,7701140
2024-11-01 14:30:00,46.97999954223633,46.999900817871094,46.810001373291016,46.9900016784668,4238971
2024-11-01 15:30:00,46.9900016784668,47.0,46.79999923706055,46.79999923706055,2258678
2024-11-01 16:30:00,46.79999923706055,46.87649917602539,46.75,46.845001220703125,3035971
2024-11-01 17:30:00,46.847198486328125,46.847198486328125,46.65999984741211,46.755001068115234,4119160
2024-11-01 18:30:00,46.755001068115234,46.77790069580078,46.69499969482422,46.70000076293945,3586290
2024-11-01 19:30:00,46.70000076293945,46.709999084472656,46.55500030517578,46.59000015258789,8704394
2024-11-04 14:30:00,46.61000061035156,46.650001525878906,46.2505989074707,46.3849983215332,11460619
2024-11-04 15:30:00,46.3849983215332,46.40999984741211,46.27000045776367,46.28499984741211,5461990
2024-11-04 16:30:00,46.279998779296875,46.290000915527344,46.025001525878906,46.224998474121094,6208652
2024-11-04 17:30:00,46.22999954223633,46.32500076293945,46.17250061035156,46.279998779296875,3990991
2024-11-04 18:30:00,46.275001525878906,46.35499954223633,46.25,46.27920150756836,3825295
2024-11-04 19:30:00,46.27000045776367,46.33000183105469,46.250999450683594,46.28499984741211,3685391
2024-11-04 20:30:00,46.28499984741211,46.29999923706055,46.189998626708984,46.26499938964844,5570861
2024-11-05 14:30:00,46.31999969482422,46.61000061035156,46.22999954223633,46.57500076293945,6619651
2024-11-05 15:30:00,46.57500076293945,46.709999084472656,46.5,46.54499816894531,5382474
2024-11-05 16:30:00,46.54999923706055,46.61000061035156,46.51499938964844,46.54999923706055,3403379
2024-11-05 17:30:00,46.55500030517578,46.66999816894531,46.54999923706055,46.59000015258789,2466473
2024-11-05 18:30:00,46.59000015258789,46.609901428222656,46.51499938964844,46.54499816894531,2188304
2024-11-05 19:30:00,46.54999923706055,46.58000183105469,46.4900016784668,46.53499984741211,5505732
2024-11-05 20:30:00,46.53499984741211,46.72999954223633,46.5099983215332,46.72999954223633,6887596
2024-11-06 14:30:00,49.040000915527344,49.33000183105469,48.70000076293945,49.04010009765625,51931143
2024-11-06 15:30:00,49.04999923706055,49.25,48.90999984741211,49.189998626708984,21350007
2024-11-06 16:30:00,49.189998626708984,49.400001525878906,49.185001373291016,49.38999938964844,16196781
2024-11-06 17:30:00,49.38999938964844,49.560001373291016,49.369998931884766,49.494998931884766,11846118
2024-11-06 18:30:00,49.5,49.529998779296875,49.33000183105469,49.38999938964844,13783655
2024-11-06 19:30:00,49.3849983215332,49.58000183105469,49.3031005859375,49.494998931884766,11134813
2024-11-06 20:30:00,49.5,49.68000030517578,49.46009826660156,49.584999084472656,20883038
2024-11-07 14:30:00,49.439998626708984,49.439998626708984,48.95000076293945,49.1349983215332,16209881
2024-11-07 15:30:00,49.1349983215332,49.18000030517578,48.869998931884766,48.935001373291016,9880594
2024-11-07 16:30:00,48.939998626708984,49.019901275634766,48.869998931884766,48.997501373291016,6674431
2024-11-07 17:30:00,48.994998931884766,48.994998931884766,48.880001068115234,48.915000915527344,7087610
2024-11-07 18:30:00,48.915000915527344,48.97990036010742,48.790000915527344,48.81999969482422,5851532
2024-11-07 19:30:00,48.82500076293945,48.95000076293945,48.65999984741211,48.880001068115234,8740119
2024-11-07 20:30:00,48.875,48.904998779296875,48.77000045776367,48.779998779296875,11655513
2024-11-08 14:30:00,49.099998474121094,49.310001373291016,48.849998474121094,49.25519943237305,8628282
2024-11-08 15:30:00,49.255001068115234,49.3849983215332,49.25,49.30500030517578,5180822
2024-11-08 16:30:00,49.30220031738281,49.310001373291016,49.13999938964844,49.21500015258789,5469581
2024-11-08 17:30:00,49.21989822387695,49.29999923706055,49.209999084472656,49.249900817871094,5078798
2024-11-08 18:30:00,49.23500061035156,49.415000915527344,49.22999954223633,49.39500045776367,6470082
2024-11-08 19:30:00,49.38999938964844,49.46620178222656,49.279998779296875,49.314998626708984,11662034
2024-11-08 20:30:00,49.314998626708984,49.31990051269531,49.16999816894531,49.189998626708984,9751832
2024-11-11 14:30:00,49.68000030517578,50.060001373291016,49.67499923706055,50.025001525878906,13615283
2024-11-11 15:30:00,50.029998779296875,50.099998474121094,49.95500183105469,49.98500061035156,11469318
2024-11-11 16:30:00,49.974998474121094,50.1349983215332,49.959999084472656,50.06999969482422,7749425
2024-11-11 17:30:00,50.07500076293945,50.08549880981445,49.834999084472656,49.880001068115234,4840737
2024-11-11 18:30:00,49.88999938964844,49.95000076293945,49.84000015258789,49.94499969482422,9908100
2024-11-11 19:30:00,49.939998626708984,49.959999084472656,49.869998931884766,49.8849983215332,7085195
2024-11-11 20:30:00,49.880001068115234,49.900001525878906,49.849998474121094,49.900001525878906,7033761
2024-11-12 14:30:00,49.869998931884766,49.939998626708984,49.83000183105469,49.845001220703125,16800299
2024-11-12 15:30:00,49.845001220703125,49.880001068115234,49.7599983215332,49.81999969482422,6207153
2024-11-12 16:30:00,49.79499816894531,49.79999923706055,49.68000030517578,49.724998474121094,5253968
2024-11-12 17:30:00,49.71500015258789,49.7400016784668,49.59000015258789,49.685001373291016,5330843
2024-11-12 18:30:00,49.685001373291016,49.880001068115234,49.68000030517578,49.849998474121094,6714823
2024-11-12 19:30:00,49.849998474121094,49.880001068115234,49.7400016784668,49.76499938964844,5436199
2024-11-12 20:30:00,49.7599983215332,49.779998779296875,49.709999084472656,49.73500061035156,6868069
2024-11-13 14:30:00,49.84000015258789,49.90999984741211,49.685001373291016,49.85499954223633,5293967
2024-11-13 15:30:00,49.85499954223633,50.04999923706055,49.834999084472656,50.04999923706055,5018322
2024-11-13 16:30:00,50.040000915527344,50.125,49.994998931884766,50.005001068115234,3589444
2024-11-13 17:30:00,50.0,50.025001525878906,49.82500076293945,49.86800003051758,3365220
2024-11-13 18:30:00,49.869998931884766,49.90999984741211,49.790000915527344,49.80110168457031,2908671
2024-11-13 19:30:00,49.80500030517578,49.849998474121094,49.720001220703125,49.82500076293945,5810027
2024-11-13 20:30:00,49.82500076293945,49.869998931884766,49.7400016784668,49.7599983215332,5015110
2024-11-14 14:30:00,49.880001068115234,49.9900016784668,49.71500015258789,49.92530059814453,5404158
2024-11-14 15:30:00,49.92499923706055,49.97999954223633,49.810001373291016,49.834999084472656,3687090
2024-11-14 16:30:00,49.834999084472656,49.885101318359375,49.619998931884766,49.630001068115234,5536283
2024-11-14 17:30:00,49.62990188598633,49.709999084472656,49.54999923706055,49.599998474121094,5780899
2024-11-14 18:30:00,49.595001220703125,49.724998474121094,49.54499816894531,49.724998474121094,4765282
2024-11-14 19:30:00,49.724998474121094,49.814998626708984,49.59000015258789,49.724998474121094,3941188
2024-11-14 20:30:00,49.72999954223633,49.7400016784668,49.599998474121094,49.619998931884766,5583756
2024-11-15 14:30:00,49.63999938964844,50.0099983215332,49.61000061035156,49.78499984741211,11477667
2024-11-15 15:30:00,49.77000045776367,49.90999984741211,49.709999084472656,49.88140106201172,3866970
2024-11-15 16:30:00,49.880001068115234,49.880001068115234,49.7400016784668,49.77000045776367,2878375
2024-11-15 17:30:00,49.77000045776367,49.904998779296875,49.709999084472656,49.830101013183594,1986165
2024-11-15 18:30:00,49.83000183105469,49.83000183105469,49.66999816894531,49.75899887084961,3686722
2024-11-15 19:30:00,49.755001068115234,49.93000030517578,49.7400016784668,49.84000015258789,3811197
2024-11-15 20:30:00,49.84000015258789,49.970001220703125,49.81230163574219,49.8849983215332,8294036
2024-11-18 14:30:00,49.90999984741211,49.970001220703125,49.70000076293945,49.760101318359375,5726878
2024-11-18 15:30:00,49.76499938964844,50.029998779296875,49.7400016784668,49.989898681640625,4300621
2024-11-18 16:30:00,49.9900016784668,50.11000061035156,49.98500061035156,50.025001525878906,2453280
2024-11-18 17:30:00,50.0099983215332,50.099998474121094,49.99250030517578,49.994998931884766,1480290
2024-11-18 18:30:00,49.994998931884766,50.025001525878906,49.915000915527344,49.94499969482422,1770830
2024-11-18 19:30:00,49.94499969482422,50.03990173339844,49.88999938964844,50.01499938964844,3473962
2024-11-18 20:30:00,50.02000045776367,50.02000045776367,49.959999084472656,50.02000045776367,5518927
2024-11-19 14:30:00,49.619998931884766,49.66999816894531,49.41999816894531,49.595001220703125,6841112
2024-11-19 15:30:00,49.595001220703125,49.8650016784668,49.59000015258789,49.845001220703125,2820141
2024-11-19 16:30:00,49.845001220703125,49.86989974975586,49.73500061035156,49.779998779296875,2283926
2024-11-19 17:30:00,49.779998779296875,49.86000061035156,49.77000045776367,49.78229904174805,1867308
2024-11-19 18:30:00,49.78499984741211,49.87990188598633,49.75,49.755001068115234,2229012
2024-11-19 19:30:00,49.755001068115234,49.7599983215332,49.650001525878906,49.69499969482422,4184200
2024-11-19 20:30:00,49.69499969482422,49.72999954223633,49.654998779296875,49.68000030517578,5410682
2024-11-20 14:30:00,49.880001068115234,49.91999816894531,49.3848991394043,49.494998931884766,6060976
2024-11-20 15:30:00,49.494998931884766,49.58000183105469,49.3849983215332,49.3849983215332,4357965
2024-11-20 16:30:00,49.38970184326172,49.5099983215332,49.29499816894531,49.35499954223633,4625461
2024-11-20 17:30:00,49.349998474121094,49.474998474121094,49.33000183105469,49.43000030517578,3510401
2024-11-20 18:30:00,49.439701080322266,49.43989944458008,49.29999923706055,49.400001525878906,2995065
2024-11-20 19:30:00,49.400001525878906,49.529998779296875,49.38999938964844,49.51499938964844,3513106
2024-11-20 20:30:00,49.52000045776367,49.650001525878906,49.5099983215332,49.54999923706055,6611618
2024-11-21 14:30:00,49.790000915527344,50.01499938964844,49.65999984741211,49.875,7191625
2024-11-21 15:30:00,49.869998931884766,50.209999084472656,49.845001220703125,50.17499923706055,6753079
2024-11-21 16:30:00,50.18000030517578,50.290000915527344,50.10499954223633,50.20500183105469,7165808
2024-11-21 17:30:00,50.209999084472656,50.39509963989258,50.16999816894531,50.339698791503906,8985891
2024-11-21 18:30:00,50.334999084472656,50.380001068115234,50.27000045776367,50.380001068115234,3666757
2024-11-21 19:30:00,50.380001068115234,50.380001068115234,50.279998779296875,50.334999084472656,3784164
2024-11-21 20:30:00,50.33000183105469,50.34000015258789,50.150001525878906,50.17499923706055,9846742
2024-11-22 14:30:00,50.13999938964844,50.63999938964844,50.130001068115234,50.4900016784668,14981974
2024-11-22 15:30:00,50.5,50.68000030517578,50.494998931884766,50.65700149536133,5888665
2024-11-22 16:30:00,50.654998779296875,50.709999084472656,50.599998474121094,50.685001373291016,2979706
2024-11-22 17:30:00,50.685001373291016,50.6963005065918,50.584999084472656,50.67499923706055,2173116
2024-11-22 18:30:00,50.67499923706055,50.72999954223633,50.58000183105469,50.685001373291016,2324748
2024-11-22 19:30:00,50.685001373291016,50.72999954223633,50.58000183105469,50.625,3434650
2024-11-22 20:30:00,50.625,50.779998779296875,50.61410140991211,50.72999954223633,8721879
2024-11-25 14:30:00,51.0099983215332,51.244998931884766,50.959999084472656,51.189998626708984,11393538
2024-11-25 15:30:00,51.185001373291016,51.20500183105469,50.939998626708984,50.939998626708984,10652309
2024-11-25 16:30:00,50.94499969482422,50.994998931884766,50.86000061035156,50.94499969482422,3233218
2024-11-25 17:30:00,50.95000076293945,51.04999923706055,50.87810134887695,51.03499984741211,2567098
2024-11-25 18:30:00,51.040000915527344,51.125,51.0099983215332,51.0364990234375,2567877
2024-11-25 19:30:00,51.03499984741211,51.079898834228516,50.96500015258789,51.05500030517578,5000181
2024-11-25 20:30:00,51.05500030517578,51.08539962768555,50.98500061035156,51.040000915527344,7984359
2024-11-26 14:30:00,51.08000183105469,51.084999084472656,50.7599983215332,50.86000061035156,6633402
2024-11-26 15:30:00,50.8650016784668,51.04690170288086,50.78499984741211,51.040000915527344,2884467
2024-11-26 16:30:00,51.04999923706055,51.06999969482422,50.959999084472656,51.03499984741211,1887850
2024-11-26 17:30:00,51.03499984741211,51.099998474121094,51.02000045776367,51.08000183105469,1719342
2024-11-26 18:30:00,51.08000183105469,51.13999938964844,51.025001525878906,51.1349983215332,2322162
2024-11-26 19:30:00,51.1349983215332,51.21500015258789,51.119998931884766,51.17499923706055,3484641
2024-11-26 20:30:00,51.17499923706055,51.2599983215332,51.13999938964844,51.13999938964844,7084054
2024-11-27 14:30:00,51.22999954223633,51.619998931884766,51.20500183105469,51.48500061035156,6188570
2024-11-27 15:30:00,51.48500061035156,51.560001373291016,51.40999984741211,51.415000915527344,5085892
2024-11-27 16:30:00,51.41999816894531,51.470001220703125,51.290000915527344,51.375,6595697
2024-11-27 17:30:00,51.375,51.380001068115234,51.290000915527344,51.30500030517578,2822576
2024-11-27 18:30:00,51.30500030517578,51.34000015258789,51.25,51.272499084472656,2225341
2024-11-27 19:30:00,51.275001525878906,51.290000915527344,51.209999084472656,51.275001525878906,2346193
2024-11-27 20:30:00,51.275001525878906,51.31999969482422,51.2400016784668,51.279998779296875,4916304
2024-11-29 14:30:00,51.439998626708984,51.55009841918945,51.25,51.37919998168945,3793925
2024-11-29 15:30:00,51.380001068115234,51.45000076293945,51.33330154418945,51.435001373291016,2407750
2024-11-29 16:30:00,51.439998626708984,51.540000915527344,51.41999816894531,51.51499938964844,2670633
2024-12-02 14:30:00,51.41999816894531,51.47999954223633,50.86000061035156,50.935001373291016,9532617
2024-12-02 15:30:00,50.935001373291016,50.95000076293945,50.70000076293945,50.81999969482422,19777888
2024-12-02 16:30:00,50.81999969482422,50.86000061035156,50.7400016784668,50.775001525878906,5352498
2024-12-02 17:30:00,50.779998779296875,50.939998626708984,50.775001525878906,50.93000030517578,4023952
2024-12-02 18:30:00,50.935001373291016,50.970001220703125,50.88999938964844,50.95500183105469,2567759
2024-12-02 19:30:00,50.959999084472656,51.005001068115234,50.94499969482422,50.974998474121094,2909161
2024-12-02 20:30:00,50.974998474121094,50.974998474121094,50.83000183105469,50.86000061035156,8480511
2024-12-03 14:30:00,51.130001068115234,51.130001068115234,50.63999938964844,50.66999816894531,7699414
2024-12-03 15:30:00,50.670101165771484,50.70000076293945,50.540000915527344,50.57500076293945,5476326
2024-12-03 16:30:00,50.56999969482422,50.62910079956055,50.470001220703125,50.61000061035156,4251536
2024-12-03 17:30:00,50.6150016784668,50.67499923706055,50.599998474121094,50.65999984741211,3519691
2024-12-03 18:30:00,50.654998779296875,50.65999984741211,50.529998779296875,50.61579895019531,3036433
2024-12-03 19:30:00,50.61000061035156,50.63999938964844,50.56999969482422,50.57500076293945,5046971
2024-12-03 20:30:00,50.57500076293945,50.59000015258789,50.45000076293945,50.459999084472656,13209591
2024-12-04 14:30:00,50.400001525878906,50.439998626708984,50.119998931884766,50.165000915527344,7923980
2024-12-04 15:30:00,50.15999984741211,50.209999084472656,50.130001068115234,50.17499923706055,2960076
2024-12-04 16:30:00,50.17499923706055,50.22999954223633,50.119998931884766,50.13999938964844,6665998
2024-12-04 17:30:00,50.14500045776367,50.22999954223633,50.12009811401367,50.18000030517578,3579917
2024-12-04 18:30:00,50.17499923706055,50.22999954223633,50.084999084472656,50.21500015258789,4796134
2024-12-04 19:30:00,50.220001220703125,50.349998474121094,50.20249938964844,50.314998626708984,4520849
2024-12-04 20:30:00,50.31290054321289,50.380001068115234,50.25,50.27000045776367,6160519
2024-12-05 14:30:00,50.34000015258789,50.66999816894531,50.29999923706055,50.5,5184695
2024-12-05 15:30:00,50.494998931884766,50.61000061035156,50.470001220703125,50.599998474121094,2925456
2024-12-05 16:30:00,50.599998474121094,50.6150016784668,50.5099983215332,50.525001525878906,2495019
2024-12-05 17:30:00,50.52000045776367,50.56999969482422,50.444000244140625,50.508201599121094,2413323
2024-12-05 18:30:00,50.5099983215332,50.560001373291016,50.474998474121094,50.4900016784668,4661117
2024-12-05 19:30:00,50.4900016784668,50.540000915527344,50.46500015258789,50.494998931884766,4255800
2024-12-05 20:30:00,50.4900016784668,50.560001373291016,50.369998931884766,50.40999984741211,5176676
2024-12-06 14:30:00,50.400001525878906,50.56999969482422,50.26490020751953,50.32500076293945,4880099
2024-12-06 15:30:00,50.31999969482422,50.47999954223633,50.30500030517578,50.36000061035156,3273637
2024-12-06 16:30:00,50.35499954223633,50.449798583984375,50.31999969482422,50.36000061035156,3843173
2024-12-06 17:30:00,50.36000061035156,50.47570037841797,50.33000183105469,50.400001525878906,1725660
2024-12-06 18:30:00,50.405399322509766,50.439998626708984,50.31999969482422,50.345001220703125,1960151
2024-12-06 19:30:00,50.34629821777344,50.3849983215332,50.31999969482422,50.35499954223633,1489545
2024-12-06 20:30:00,50.35499954223633,50.45000076293945,50.34000015258789,50.400001525878906,5220414
2024-12-09 14:30:00,50.439998626708984,50.4900016784668,50.130001068115234,50.17689895629883,6507490
2024-12-09 15:30:00,50.17499923706055,50.185001373291016,49.90999984741211,50.040000915527344,5604212
2024-12-09 16:30:00,50.040000915527344,50.11000061035156,49.940101623535156,49.98500061035156,3522951
2024-12-09 17:30:00,49.97999954223633,50.0,49.904998779296875,49.92499923706055,2574028
2024-12-09 18:30:00,49.91999816894531,49.97999954223633,49.8849983215332,49.95000076293945,5250093
2024-12-09 19:30:00,49.95500183105469,49.9900016784668,49.83000183105469,49.85499954223633,5389513
2024-12-09 20:30:00,49.86000061035156,49.88999938964844,49.689998626708984,49.72999954223633,10051848
2024-12-10 14:30:00,49.75,49.75,49.3849983215332,49.6150016784668,12038743
2024-12-10 15:30:00,49.6150016784668,49.869998931884766,49.6150016784668,49.85499954223633,4827792
2024-12-10 16:30:00,49.86000061035156,49.869998931884766,49.77000045776367,49.78329849243164,4107714
2024-12-10 17:30:00,49.78499984741211,49.97999954223633,49.7400016784668,49.775001525878906,5313219
2024-12-10 18:30:00,49.77000045776367,49.80500030517578,49.685001373291016,49.78499984741211,2051701
2024-12-10 19:30:00,49.78499984741211,49.885501861572266,49.75339889526367,49.775001525878906,2663418
2024-12-10 20:30:00,49.76499938964844,49.77000045776367,49.63999938964844,49.69499969482422,4227193
2024-12-11 14:30:00,49.900001525878906,49.91999816894531,49.58000183105469,49.72999954223633,9678464
2024-12-11 15:30:00,49.73500061035156,49.81999969482422,49.625,49.76499938964844,5938870
2024-12-11 16:30:00,49.767799377441406,49.814998626708984,49.69499969482422,49.69499969482422,2103849
2024-12-11 17:30:00,49.70000076293945,49.80500030517578,49.683101654052734,49.775001525878906,2310674
2024-12-11 18:30:00,49.77000045776367,49.779998779296875,49.692501068115234,49.72999954223633,1827109
2024-12-11 19:30:00,49.72999954223633,49.80500030517578,49.729000091552734,49.76499938964844,2926312
2024-12-11 20:30:00,49.76259994506836,49.86000061035156,49.72999954223633,49.810001373291016,4971277
2024-12-12 14:30:00,49.93000030517578,49.970001220703125,49.724998474121094,49.82500076293945,5292041
2024-12-12 15:30:00,49.810001373291016,49.900001525878906,49.72999954223633,49.80500030517578,2667337
2024-12-12 16:30:00,49.79999923706055,49.82500076293945,49.709999084472656,49.720001220703125,2591975
2024-12-12 17:30:00,49.720001220703125,49.779998779296875,49.65999984741211,49.725799560546875,1741536
2024-12-12 18:30:00,49.72999954223633,49.73500061035156,49.59000015258789,49.595001220703125,1959197
2024-12-12 19:30:00,49.59000015258789,49.709999084472656,49.58000183105469,49.69309997558594,2849871
2024-12-12 20:30:00,49.69499969482422,49.720001220703125,49.595001220703125,49.60499954223633,4622485
2024-12-13 14:30:00,49.779998779296875,49.79499816894531,49.435001373291016,49.525001525878906,10293255
2024-12-13 15:30:00,49.52000045776367,49.619998931884766,49.435001373291016,49.61000061035156,4974544
2024-12-13 16:30:00,49.60499954223633,49.635501861572266,49.474998474121094,49.48500061035156,2778064
2024-12-13 17:30:00,49.4900016784668,49.529998779296875,49.459999084472656,49.510101318359375,2496822
2024-12-13 18:30:00,49.51499938964844,49.540000915527344,49.45399856567383,49.46989822387695,2830558
2024-12-13 19:30:00,49.46500015258789,49.5099983215332,49.43000030517578,49.440101623535156,2483522
2024-12-13 20:30:00,49.439998626708984,49.5099983215332,49.43000030517578,49.470001220703125,7837104
2024-12-16 14:30:00,49.56999969482422,49.630001068115234,49.35499954223633,49.42259979248047,7689845
2024-12-16 15:30:00,49.42499923706055,49.56999969482422,49.404998779296875,49.459999084472656,4767008
2024-12-16 16:30:00,49.459999084472656,49.5099983215332,49.411598205566406,49.474998474121094,4405800
2024-12-16 17:30:00,49.474998474121094,49.55009841918945,49.459999084472656,49.55009841918945,2277077
2024-12-16 18:30:00,49.55500030517578,49.58000183105469,49.47999954223633,49.505001068115234,2499229
2024-12-16 19:30:00,49.5099983215332,49.560001373291016,49.46009826660156,49.53499984741211,3080538
2024-12-16 20:30:00,49.53499984741211,49.54999923706055,49.38999938964844,49.470001220703125,5095482
2024-12-17 14:30:00,49.2599983215332,49.27000045776367,48.96120071411133,49.069698333740234,8960217
2024-12-17 15:30:00,49.064998626708984,49.16999816894531,49.0099983215332,49.07500076293945,6308902
2024-12-17 16:30:00,49.07500076293945,49.185298919677734,49.04499816894531,49.04999923706055,4349155
2024-12-17 17:30:00,49.04999923706055,49.11000061035156,48.9900016784668,49.0,2796448
2024-12-17 18:30:00,49.005001068115234,49.040000915527344,48.970001220703125,49.0,3183057
2024-12-17 19:30:00,49.0,49.01539993286133,48.93410110473633,48.98500061035156,4194027
2024-12-17 20:30:00,48.9900016784668,49.15999984741211,48.97999954223633,49.11000061035156,7217152
2024-12-18 14:30:00,49.189998626708984,49.27000045776367,49.025001525878906,49.209999084472656,5153649
2024-12-18 15:30:00,49.209999084472656,49.29999923706055,49.14099884033203,49.19409942626953,3209235
2024-12-18 16:30:00,49.19499969482422,49.290000915527344,49.15999984741211,49.224998474121094,5229815
2024-12-18 17:30:00,49.220001220703125,49.2400016784668,49.099998474121094,49.130001068115234,1612407
2024-12-18 18:30:00,49.125,49.2400016784668,48.671199798583984,48.69499969482422,6332481
2024-12-18 19:30:00,48.66999816894531,48.810001373291016,48.20500183105469,48.224998474121094,19638731
2024-12-18 20:30:00,48.22999954223633,48.25,47.595001220703125,47.619998931884766,22992604
2024-12-19 14:30:00,48.16999816894531,48.529998779296875,47.959999084472656,48.040000915527344,19337984
2024-12-19 15:30:00,48.029998779296875,48.20000076293945,47.95000076293945,48.179901123046875,10978536
2024-12-19 16:30:00,48.16999816894531,48.19499969482422,47.9900016784668,47.994998931884766,4409552
2024-12-19 17:30:00,48.0,48.10749816894531,47.880001068115234,48.10749816894531,5396313
2024-12-19 18:30:00,48.099998474121094,48.220001220703125,48.0099983215332,48.03499984741211,5435435
2024-12-19 19:30:00,48.03499984741211,48.04999923706055,47.880001068115234,47.98500061035156,6505826
2024-12-19 20:30:00,47.98500061035156,48.04999923706055,47.790000915527344,47.81999969482422,8612931
2024-12-20 14:30:00,47.70000076293945,48.189998626708984,47.599998474121094,48.189998626708984,9886334
2024-12-20 15:30:00,48.18880081176758,48.61000061035156,48.18000030517578,48.60499954223633,6841338
2024-12-20 16:30:00,48.599998474121094,48.8849983215332,48.595001220703125,48.86000061035156,8797248
2024-12-20 17:30:00,48.86000061035156,48.86000061035156,48.529998779296875,48.54999923706055,4279719
2024-12-20 18:30:00,48.54499816894531,48.689998626708984,48.525001525878906,48.67499923706055,2533626
2024-12-20 19:30:00,48.66999816894531,48.72999954223633,48.560001373291016,48.595001220703125,6087173
2024-12-20 20:30:00,48.595001220703125,48.71500015258789,48.439998626708984,48.505001068115234,9387805
2024-12-23 14:30:00,48.060001373291016,48.189998626708984,47.869998931884766,48.05500030517578,6898392
2024-12-23 15:30:00,48.060001373291016,48.08000183105469,47.88370132446289,48.08000183105469,5848441
2024-12-23 16:30:00,48.07500076293945,48.29999923706055,48.05339813232422,48.255001068115234,2898890
2024-12-23 17:30:00,48.255001068115234,48.29999923706055,48.189998626708984,48.29499816894531,3235827
2024-12-23 18:30:00,48.29499816894531,48.34000015258789,48.209999084472656,48.244998931884766,2951049
2024-12-23 19:30:00,48.244998931884766,48.290000915527344,48.185001373291016,48.27000045776367,4661484
2024-12-23 20:30:00,48.27000045776367,48.45500183105469,48.2599983215332,48.400001525878906,6517382
2024-12-24 14:30:00,48.52000045776367,48.7400016784668,48.42499923706055,48.70500183105469,4667650
2024-12-24 15:30:00,48.709999084472656,48.81999969482422,48.685001373291016,48.76499938964844,3507502
2024-12-24 16:30:00,48.76499938964844,48.95000076293945,48.7599983215332,48.93000030517578,3524601
2024-12-26 14:30:00,48.77000045776367,48.95500183105469,48.7400016784668,48.900001525878906,3807593
2024-12-26 15:30:00,48.900001525878906,49.01499938964844,48.83000183105469,48.97999954223633,2954786
2024-12-26 16:30:00,48.97380065917969,49.10599899291992,48.97380065917969,49.04499816894531,2030780
2024-12-26 17:30:00,49.04499816894531,49.095001220703125,48.970001220703125,49.05500030517578,1633560
2024-12-26 18:30:00,49.060001373291016,49.06999969482422,48.970001220703125,48.994998931884766,1595442
2024-12-26 19:30:00,49.0,49.09000015258789,48.994998931884766,49.06999969482422,2050632
2024-12-26 20:30:00,49.064998626708984,49.130001068115234,49.02000045776367,49.09000015258789,2578282
2024-12-27 14:30:00,48.849998474121094,49.16999816894531,48.75,48.755001068115234,7133833
2024-12-27 15:30:00,48.755001068115234,48.880001068115234,48.63999938964844,48.78499984741211,5195013
2024-12-27 16:30:00,48.779998779296875,48.81999969482422,48.5,48.560001373291016,3893627
2024-12-27 17:30:00,48.564998626708984,48.630001068115234,48.4900016784668,48.595001220703125,3039986
2024-12-27 18:30:00,48.595001220703125,48.79499816894531,48.58000183105469,48.7400016784668,2376309
2024-12-27 19:30:00,48.744998931884766,48.84000015258789,48.62189865112305,48.650001525878906,2851740
2024-12-27 20:30:00,48.650001525878906,48.79999923706055,48.540000915527344,48.7400016784668,7076105
2024-12-30 14:30:00,48.25,48.290000915527344,47.86000061035156,47.93000030517578,8228403
2024-12-30 15:30:00,47.92499923706055,48.29999923706055,47.91999816894531,48.275001525878906,6163431
2024-12-30 16:30:00,48.29999923706055,48.40999984741211,48.25,48.375,3758377
2024-12-30 17:30:00,48.369998931884766,48.494998931884766,48.290000915527344,48.42499923706055,2576804
2024-12-30 18:30:00,48.41999816894531,48.49549865722656,48.334999084472656,48.41999816894531,3355542
2024-12-30 19:30:00,48.415000915527344,48.47999954223633,48.3650016784668,48.3650016784668,2454163
2024-12-30 20:30:00,48.3650016784668,48.45000076293945,48.2599983215332,48.2599983215332,3922621
2024-12-31 14:30:00,48.400001525878906,48.56999969482422,48.345001220703125,48.45000076293945,3875482
2024-12-31 15:30:00,48.45500183105469,48.45500183105469,48.26499938964844,48.29499816894531,3053740
2024-12-31 16:30:00,48.290000915527344,48.334999084472656,48.185001373291016,48.20000076293945,4229229
2024-12-31 17:30:00,48.20000076293945,48.38999938964844,48.15999984741211,48.20500183105469,3267984
2024-12-31 18:30:00,48.21989822387695,48.365299224853516,48.19279861450195,48.209999084472656,2205571
2024-12-31 19:30:00,48.21500015258789,48.36000061035156,48.16999816894531,48.345001220703125,2996013
2024-12-31 20:30:00,48.345001220703125,48.36000061035156,48.2400016784668,48.34000015258789,4651418
2025-01-02 14:30:00,48.58000183105469,48.76499938964844,48.41999816894531,48.5099983215332,7452956
2025-01-02 15:30:00,48.5,48.56999969482422,48.31999969482422,48.494998931884766,4586098
2025-01-02 16:30:00,48.4901008605957,48.58000183105469,48.244998931884766,48.25,2873499
2025-01-02 17:30:00,48.25,48.255001068115234,47.994998931884766,48.10499954223633,4511679
2025-01-02 18:30:00,48.099998474121094,48.18000030517578,47.939998626708984,48.179901123046875,3883598
2025-01-02 19:30:00,48.16999816894531,48.310001373291016,48.06999969482422,48.2599983215332,3821940
2025-01-02 20:30:00,48.27000045776367,48.345001220703125,48.150001525878906,48.209999084472656,4374362
2025-01-03 14:30:00,48.4900016784668,48.56990051269531,48.07500076293945,48.301700592041016,6678485
2025-01-03 15:30:00,48.30500030517578,48.44499969482422,48.255001068115234,48.375,2583855
2025-01-03 16:30:00,48.375,48.45000076293945,48.36000061035156,48.37590026855469,2054510
2025-01-03 17:30:00,48.380001068115234,48.45000076293945,48.3650016784668,48.44499969482422,1963404
2025-01-03 18:30:00,48.45000076293945,48.529998779296875,48.41999816894531,48.50550079345703,2081229
2025-01-03 19:30:00,48.503700256347656,48.589900970458984,48.459999084472656,48.58000183105469,2594802
2025-01-03 20:30:00,48.584999084472656,48.619998931884766,48.52000045776367,48.59000015258789,5538010
2025-01-06 14:30:00,48.79999923706055,48.91999816894531,48.505001068115234,48.79999923706055,6581650
2025-01-06 15:30:00,48.80500030517578,48.939998626708984,48.625,48.90999984741211,12381538
2025-01-06 16:30:00,48.909000396728516,49.02000045776367,48.869998931884766,48.90999984741211,6806813
2025-01-06 17:30:00,48.88999938964844,48.89590072631836,48.70000076293945,48.76689910888672,3991797
2025-01-06 18:30:00,48.76499938964844,48.77000045776367,48.529998779296875,48.58000183105469,6941239
2025-01-06 19:30:00,48.58000183105469,48.61000061035156,48.400001525878906,48.46500015258789,8792732
2025-01-06 20:30:00,48.470001220703125,48.5099983215332,48.349998474121094,48.43000030517578,7686409
2025-01-07 14:30:00,48.650001525878906,48.7400016784668,48.1150016784668,48.5,7922513
2025-01-07 15:30:00,48.5099983215332,48.7599983215332,48.3650016784668,48.685001373291016,12798597
2025-01-07 16:30:00,48.685001373291016,48.73500061035156,48.51499938964844,48.540000915527344,7227031
2025-01-07 17:30:00,48.540000915527344,48.650001525878906,48.46500015258789,48.619998931884766,5553096
2025-01-07 18:30:00,48.619998931884766,48.654998779296875,48.459999084472656,48.5099983215332,3403722
2025-01-07 19:30:00,48.5099983215332,48.52000045776367,48.20500183105469,48.22999954223633,4199614
2025-01-07 20:30:00,48.224998474121094,48.349998474121094,48.17499923706055,48.349998474121094,6062291
2025-01-08 14:30:00,48.34000015258789,48.435001373291016,48.029998779296875,48.040000915527344,9342132
2025-01-08 15:30:00,48.04499816894531,48.345001220703125,48.02000045776367,48.293399810791016,3839309
2025-01-08 16:30:00,48.29999923706055,48.439998626708984,48.209999084472656,48.22999954223633,3216819
2025-01-08 17:30:00,48.22999954223633,48.40999984741211,48.185001373291016,48.375,3251831
2025-01-08 18:30:00,48.369998931884766,48.5,48.244998931884766,48.46500015258789,3430415
2025-01-08 19:30:00,48.459999084472656,48.459999084472656,48.32229995727539,48.44499969482422,2778866
2025-01-08 20:30:00,48.44499969482422,48.5,48.369998931884766,48.46500015258789,5020058
2025-01-10 14:30:00,48.099998474121094,48.13999938964844,47.41999816894531,47.55500030517578,12738605
2025-01-10 15:30:00,47.54999923706055,47.630001068115234,47.29999923706055,47.31999969482422,7238206
2025-01-10 16:30:00,47.33000183105469,47.39390182495117,47.150001525878906,47.255001068115234,5250417
2025-01-10 17:30:00,47.255001068115234,47.54999923706055,47.2400016784668,47.5,5235639
2025-01-10 18:30:00,47.505001068115234,47.56999969482422,47.35499954223633,47.435001373291016,4214169
2025-01-10 19:30:00,47.435001373291016,47.45500183105469,47.27280044555664,47.310001373291016,5328863
2025-01-10 20:30:00,47.310001373291016,47.40999984741211,47.2599983215332,47.310001373291016,10664005
2025-01-13 14:30:00,47.08000183105469,47.5099983215332,47.03499984741211,47.31999969482422,7081997
2025-01-13 15:30:00,47.314998626708984,47.529998779296875,47.290000915527344,47.36000061035156,5528016
2025-01-13 16:30:00,47.349998474121094,47.43000030517578,47.2400016784668,47.350101470947266,3267898
2025-01-13 17:30:00,47.349998474121094,47.470001220703125,47.30500030517578,47.46500015258789,2358859
2025-01-13 18:30:00,47.46500015258789,47.53990173339844,47.439998626708984,47.529998779296875,2900834
2025-01-13 19:30:00,47.53499984741211,47.619998931884766,47.474998474121094,47.584999084472656,3592555
2025-01-13 20:30:00,47.584999084472656,47.68000030517578,47.560001373291016,47.63999938964844,5920557
2025-01-14 14:30:00,47.849998474121094,48.040000915527344,47.779998779296875,48.005001068115234,8543969
2025-01-14 15:30:00,48.0099983215332,48.09000015258789,47.849998474121094,47.900001525878906,5122958
2025-01-14 16:30:00,47.900001525878906,47.935001373291016,47.74489974975586,47.900001525878906,2472670
2025-01-14 17:30:00,47.900001525878906,48.11000061035156,47.81999969482422,48.084999084472656,2917130
2025-01-14 18:30:00,48.08000183105469,48.27000045776367,48.06999969482422,48.212799072265625,4193111
2025-01-14 19:30:00,48.21500015258789,48.2599983215332,48.01499938964844,48.14500045776367,4753774
2025-01-14 20:30:00,48.14500045776367,48.28519821166992,48.08000183105469,48.2599983215332,6913930
2025-01-15 14:30:00,49.279998779296875,49.474998474121094,49.0098991394043,49.29499816894531,19930003
2025-01-15 15:30:00,49.29999923706055,49.380001068115234,49.15010070800781,49.32500076293945,7868470
2025-01-15 16:30:00,49.32500076293945,49.38999938964844,49.22999954223633,49.334999084472656,5731576
2025-01-15 17:30:00,49.334999084472656,49.400001525878906,49.28499984741211,49.375,3156622
2025-01-15 18:30:00,49.37638473510742,49.52000045776367,49.375,49.46500015258789,4930771
2025-01-15 19:30:00,49.46500015258789,49.599998474121094,49.45500183105469,49.57500076293945,7361925
2025-01-15 20:30:00,49.564998626708984,49.61000061035156,49.4900016784668,49.494998931884766,9663862
2025-01-16 14:30:00,49.459999084472656,49.77750015258789,49.45500183105469,49.650001525878906,6790345
2025-01-16 15:30:00,49.654998779296875,49.72999954223633,49.5099983215332,49.67499923706055,4604335
2025-01-16 16:30:00,49.67499923706055,49.7598991394043,49.625,49.67499923706055,2685545
2025-01-16 17:30:00,49.67499923706055,49.679100036621094,49.59000015258789,49.6150016784668,4256371
2025-01-16 18:30:00,49.60749816894531,49.65999984741211,49.529998779296875,49.599998474121094,2573544
2025-01-16 19:30:00,49.60499954223633,49.64500045776367,49.529998779296875,49.63999938964844,6311891
2025-01-16 20:30:00,49.6349983215332,49.845001220703125,49.6349983215332,49.790000915527344,5080736
2025-01-17 14:30:00,49.90999984741211,50.09870147705078,49.72999954223633,50.04499816894531,11066375
2025-01-17 15:30:00,50.04499816894531,50.189998626708984,50.02000045776367,50.13750076293945,5050307
2025-01-17 16:30:00,50.1349983215332,50.2599983215332,50.130001068115234,50.244998931884766,3737140
2025-01-17 17:30:00,50.244998931884766,50.27000045776367,50.150001525878906,50.15999984741211,4545988
2025-01-17 18:30:00,50.154998779296875,50.2400016784668,50.130001068115234,50.21500015258789,2433527
2025-01-17 19:30:00,50.21500015258789,50.29999923706055,50.16999816894531,50.29499816894531,4772402
2025-01-17 20:30:00,50.29499816894531,50.31999969482422,50.19499969482422,50.220001220703125,8761976
2025-01-21 14:30:00,50.400001525878906,50.709999084472656,50.3849983215332,50.54499816894531,9397122
2025-01-21 15:30:00,50.54719924926758,50.689998626708984,50.48500061035156,50.67499923706055,4453547
2025-01-21 16:30:00,50.66999816894531,50.689998626708984,50.484100341796875,50.51499938964844,4464518
2025-01-21 17:30:00,50.519901275634766,50.58000183105469,50.5099983215332,50.54499816894531,4417414
2025-01-21 18:30:00,50.54499816894531,50.630001068115234,50.5099983215332,50.57500076293945,1775188
2025-01-21 19:30:00,50.579898834228516,50.59000015258789,50.51470184326172,50.58000183105469,2183326
2025-01-21 20:30:00,50.58000183105469,50.66999816894531,50.560001373291016,50.630001068115234,5116986
2025-01-22 14:30:00,50.650001525878906,50.65999984741211,50.31999969482422,50.44499969482422,10345539
2025-01-22 15:30:00,50.45000076293945,50.45000076293945,50.25,50.29999923706055,4331001
2025-01-22 16:30:00,50.29499816894531,50.367801666259766,50.209999084472656,50.29600143432617,7429598
2025-01-22 17:30:00,50.29499816894531,50.47999954223633,50.279998779296875,50.46500015258789,2510567
2025-01-22 18:30:00,50.46500015258789,50.5,50.380001068115234,50.43000030517578,3029135
2025-01-22 19:30:00,50.42499923706055,50.58000183105469,50.42499923706055,50.50149917602539,3357810
2025-01-22 20:30:00,50.505001068115234,50.52000045776367,50.38999938964844,50.40999984741211,4510722
2025-01-23 14:30:00,50.4900016784668,50.78499984741211,50.47999954223633,50.564998626708984,5177892
2025-01-23 15:30:00,50.563499450683594,50.689998626708984,50.483306884765625,50.630001068115234,4022106
2025-01-23 16:30:00,50.6349983215332,50.72999954223633,50.6150016784668,50.68519973754883,2801950
2025-01-23 17:30:00,50.685001373291016,50.790000915527344,50.66999816894531,50.744998931884766,1742056
2025-01-23 18:30:00,50.75,50.75,50.63999938964844,50.67530059814453,1806830
2025-01-23 19:30:00,50.67499923706055,50.70000076293945,50.650001525878906,50.67530059814453,2607627
2025-01-23 20:30:00,50.67499923706055,50.718299865722656,50.584999084472656,50.709999084472656,4243269
2025-01-24 14:30:00,50.529998779296875,50.84510040283203,50.47999954223633,50.814998626708984,5695543
2025-01-24 15:30:00,50.814998626708984,50.84000015258789,50.7400016784668,50.829498291015625,5040883
2025-01-24 16:30:00,50.82500076293945,50.900001525878906,50.790000915527344,50.86000061035156,3600799
2025-01-24 17:30:00,50.8650016784668,50.900001525878906,50.810001373291016,50.845001220703125,4807807
2025-01-24 18:30:00,50.845001220703125,50.880001068115234,50.78499984741211,50.79999923706055,2567010
2025-01-24 19:30:00,50.80500030517578,50.81999969482422,50.7400016784668,50.7599983215332,3087819
2025-01-24 20:30:00,50.7599983215332,50.83000183105469,50.709999084472656,50.81999969482422,7680612
2025-01-27 14:30:00,50.7599983215332,50.95000076293945,50.619998931884766,50.8849983215332,15422050
2025-01-27 15:30:00,50.8849983215332,51.02000045776367,50.814998626708984,50.970001220703125,9031054
2025-01-27 16:30:00,50.970001220703125,51.119998931884766,50.935001373291016,51.099998474121094,4833451
2025-01-27 17:30:00,51.099998474121094,51.1260986328125,50.93000030517578,50.98500061035156,4177729
2025-01-27 18:30:00,50.98500061035156,51.255001068115234,50.92250061035156,51.244998931884766,3948406
2025-01-27 19:30:00,51.244998931884766,51.29499816894531,51.10499954223633,51.209999084472656,6831841
2025-01-27 20:30:00,51.209999084472656,51.439998626708984,51.17499923706055,51.41999816894531,11716241
2025-01-28 14:30:00,51.349998474121094,51.45000076293945,51.11000061035156,51.29999923706055,8765754
2025-01-28 15:30:00,51.290000915527344,51.54999923706055,51.26459884643555,51.31520080566406,6351540
2025-01-28 16:30:00,51.314998626708984,51.380001068115234,51.220001220703125,51.334999084472656,5624864
2025-01-28 17:30:00,51.334999084472656,51.429901123046875,51.29999923706055,51.37779998779297,3195185
2025-01-28 18:30:00,51.375,51.40999984741211,51.290000915527344,51.33599853515625,2802420
2025-01-28 19:30:00,51.339900970458984,51.40999984741211,51.32400131225586,51.375301361083984,2765483
2025-01-28 20:30:00,51.375,51.41999816894531,51.29999923706055,51.29999923706055,7716566
2025-01-29 14:30:00,51.18000030517578,51.724998474121094,51.16999816894531,51.6349983215332,7940333
2025-01-29 15:30:00,51.63999938964844,51.7400016784668,51.51499938964844,51.560001373291016,5925758
2025-01-29 16:30:00,51.560001373291016,51.63999938964844,51.55500030517578,51.57500076293945,2819972
2025-01-29 17:30:00,51.57500076293945,51.595001220703125,51.35499954223633,51.54990005493164,9291554
2025-01-29 18:30:00,51.54499816894531,51.560001373291016,51.209999084472656,51.224998474121094,3628723
2025-01-29 19:30:00,51.224998474121094,51.519500732421875,51.21500015258789,51.439998626708984,5675196
2025-01-29 20:30:00,51.439998626708984,51.46500015258789,51.27000045776367,51.290000915527344,5045759
2025-01-30 14:30:00,51.75,51.83000183105469,51.630001068115234,51.64500045776367,12238468
2025-01-30 15:30:00,51.650001525878906,51.79499816894531,51.63999938964844,51.76499938964844,7029558
2025-01-30 16:30:00,51.810001373291016,51.95989990234375,51.77000045776367,51.78499984741211,7456685
2025-01-30 17:30:00,51.78499984741211,51.959999084472656,51.779998779296875,51.95819854736328,12947496
2025-01-30 18:30:00,51.95500183105469,52.040000915527344,51.94271469116211,51.95500183105469,6491934
2025-01-30 19:30:00,51.95500183105469,51.95500183105469,51.880001068115234,51.88520050048828,3688942
2025-01-30 20:30:00,51.8849983215332,51.8849983215332,51.43000030517578,51.779998779296875,10513706
2025-01-31 14:30:00,51.83000183105469,51.970001220703125,51.68009948730469,51.880001068115234,6134452
2025-01-31 15:30:00,51.880001068115234,51.89670181274414,51.75,51.775001525878906,5333174
2025-01-31 16:30:00,51.775001525878906,51.900001525878906,51.775001525878906,51.866600036621094,5256196
2025-01-31 17:30:00,51.869998931884766,51.895599365234375,51.65999984741211,51.665000915527344,3228740
2025-01-31 18:30:00,51.630001068115234,51.689998626708984,51.435001373291016,51.595001220703125,6136003
2025-01-31 19:30:00,51.595001220703125,51.67499923706055,51.435001373291016,51.52000045776367,5889107
2025-01-31 20:30:00,51.52000045776367,51.57500076293945,51.435001373291016,51.459999084472656,7778802
2025-02-03 14:30:00,50.75,50.96500015258789,50.412498474121094,50.95989990234375,34191082
2025-02-03 15:30:00,50.95500183105469,51.29999923706055,50.89500045776367,51.189998626708984,8857035
2025-02-03 16:30:00,51.185001373291016,51.34000015258789,51.07500076293945,51.17100143432617,5504114
2025-02-03 17:30:00,51.16999816894531,51.314998626708984,51.06999969482422,51.28010177612305,7770666
2025-02-03 18:30:00,51.290000915527344,51.339900970458984,51.23500061035156,51.29499816894531,3294461
2025-02-03 19:30:00,51.29499816894531,51.380001068115234,51.21500015258789,51.224998474121094,6367737
2025-02-03 20:30:00,51.224998474121094,51.39500045776367,51.189998626708984,51.279998779296875,5943688
2025-02-04 14:30:00,51.31999969482422,51.325401306152344,51.0,51.21889877319336,7773881
2025-02-04 15:30:00,51.209999084472656,51.380001068115234,51.11000061035156,51.375,5617193
2025-02-04 16:30:00,51.375,51.38999938964844,51.119998931884766,51.125,5204677
2025-02-04 17:30:00,51.130001068115234,51.209999084472656,51.0900993347168,51.18980026245117,2605667
2025-02-04 18:30:00,51.189998626708984,51.22999954223633,51.10499954223633,51.21500015258789,1945565
2025-02-04 19:30:00,51.220001220703125,51.2400016784668,51.09000015258789,51.10499954223633,6639499
2025-02-04 20:30:00,51.10499954223633,51.16999816894531,51.099998474121094,51.119998931884766,10687509
2025-02-05 14:30:00,51.36000061035156,51.4900016784668,51.1349983215332,51.470001220703125,6827342
2025-02-05 15:30:00,51.46500015258789,51.46500015258789,51.30500030517578,51.400001525878906,5602169
2025-02-05 16:30:00,51.404998779296875,51.44990158081055,51.290000915527344,51.330101013183594,4267127
2025-02-05 17:30:00,51.334999084472656,51.470001220703125,51.324798583984375,51.46500015258789,1892341
2025-02-05 18:30:00,51.46500015258789,51.560001373291016,51.45000076293945,51.525001525878906,2895150
2025-02-05 19:30:00,51.5255012512207,51.650001525878906,51.459999084472656,51.619998931884766,3559002
2025-02-05 20:30:00,51.619998931884766,51.689998626708984,51.61000061035156,51.665000915527344,5813497
2025-02-06 14:30:00,51.97999954223633,52.01499938964844,51.834999084472656,51.8849983215332,6203320
2025-02-06 15:30:00,51.8849983215332,52.095001220703125,51.849998474121094,52.064998626708984,4561359
2025-02-06 16:30:00,52.064998626708984,52.11000061035156,52.02330017089844,52.06999969482422,3359631
2025-02-06 17:30:00,52.07500076293945,52.095001220703125,52.0,52.01499938964844,4267619
2025-02-06 18:30:00,52.01499938964844,52.029998779296875,51.88999938964844,51.919898986816406,2763327
2025-02-06 19:30:00,51.915000915527344,52.040000915527344,51.7599983215332,52.040000915527344,4063449
2025-02-06 20:30:00,52.040000915527344,52.125,51.994998931884766,52.09000015258789,5815965
2025-02-07 14:30:00,52.16999816894531,52.2599983215332,51.97999954223633,52.14500045776367,10637494
2025-02-07 15:30:00,52.13999938964844,52.20000076293945,51.83000183105469,51.974998474121094,7327469
2025-02-07 16:30:00,51.974998474121094,52.084999084472656,51.915000915527344,52.01499938964844,5097867
2025-02-07 17:30:00,52.0099983215332,52.07820129394531,51.939998626708984,52.029998779296875,2580536
2025-02-07 18:30:00,52.02000045776367,52.06999969482422,51.849998474121094,51.869998931884766,3410907
2025-02-07 19:30:00,51.8650016784668,51.935001373291016,51.810001373291016,51.82500076293945,3467036
2025-02-07 20:30:00,51.82500076293945,51.91999816894531,51.779998779296875,51.810001373291016,4685290
2025-02-10 14:30:00,51.90999984741211,51.974998474121094,51.3849983215332,51.44499969482422,9663973
2025-02-10 15:30:00,51.45000076293945,51.4900016784668,51.25,51.290000915527344,6090550
2025-02-10 16:30:00,51.29999923706055,51.33539962768555,51.189998626708984,51.279998779296875,5703598
2025-02-10 17:30:00,51.279998779296875,51.47999954223633,51.275001525878906,51.400001525878906,3676744
2025-02-10 18:30:00,51.400001525878906,51.54999923706055,51.380001068115234,51.5099983215332,2068071
2025-02-10 19:30:00,51.5099983215332,51.525699615478516,51.40999984741211,51.41999816894531,3425964
2025-02-10 20:30:00,51.41999816894531,51.470001220703125,51.352500915527344,51.415000915527344,5457117
2025-02-11 14:30:00,51.33000183105469,51.33000183105469,51.02000045776367,51.060001373291016,15062531
2025-02-11 15:30:00,51.064998626708984,51.29999923706055,51.04499816894531,51.19499969482422,7268360
2025-02-11 16:30:00,51.19499969482422,51.43539810180664,51.184600830078125,51.425201416015625,4568518
2025-02-11 17:30:00,51.42499923706055,51.43000030517578,51.29999923706055,51.369998931884766,2746807
2025-02-11 18:30:00,51.375,51.48749923706055,51.369998931884766,51.474998474121094,4039002
2025-02-11 19:30:00,51.47010040283203,51.630001068115234,51.470001220703125,51.58810043334961,5273946
2025-02-11 20:30:00,51.586299896240234,51.63999938964844,51.505001068115234,51.55500030517578,4991304
2025-02-12 14:30:00,51.279998779296875,51.279998779296875,51.060001373291016,51.06999969482422,8533535
2025-02-12 15:30:00,51.07500076293945,51.23500061035156,50.91999816894531,50.98500061035156,7758168
2025-02-12 16:30:00,50.97999954223633,51.31999969482422,50.97999954223633,51.29990005493164,7722096
2025-02-12 17:30:00,51.29999923706055,51.33000183105469,51.209999084472656,51.28620147705078,4677819
2025-02-12 18:30:00,51.28499984741211,51.34000015258789,51.20500183105469,51.27000045776367,2881670
2025-02-12 19:30:00,51.275001525878906,51.380001068115234,51.2244987487793,51.22999954223633,2900938
2025-02-12 20:30:00,51.224998474121094,51.349998474121094,51.20000076293945,51.33000183105469,7163393
2025-02-13 14:30:00,51.5,51.529998779296875,51.30500030517578,51.43000030517578,5434264
2025-02-13 15:30:00,51.43000030517578,51.439998626708984,51.32500076293945,51.415000915527344,4160564
2025-02-13 16:30:00,51.41999816894531,51.42639923095703,51.34000015258789,51.38999938964844,2689308
2025-02-13 17:30:00,51.39099884033203,51.41529846191406,51.279998779296875,51.380001068115234,3214324
2025-02-13 18:30:00,51.385101318359375,51.59000015258789,51.31999969482422,51.584999084472656,4832924
2025-02-13 19:30:00,51.584999084472656,51.72999954223633,51.56999969482422,51.715301513671875,4891339
2025-02-13 20:30:00,51.71500015258789,51.77000045776367,51.689998626708984,51.70000076293945,7024898
2025-02-14 14:30:00,51.77000045776367,52.02000045776367,51.7599983215332,51.88999938964844,5602072
2025-02-14 15:30:00,51.89500045776367,52.0,51.869998931884766,51.900001525878906,6088968
2025-02-14 16:30:00,51.89500045776367,51.970001220703125,51.869998931884766,51.91999816894531,3495172
2025-02-14 17:30:00,51.92509841918945,51.96500015258789,51.849998474121094,51.92499923706055,2850907
2025-02-14 18:30:00,51.92499923706055,51.9900016784668,51.900001525878906,51.90999984741211,1721143
2025-02-14 19:30:00,51.904998779296875,51.939998626708984,51.779998779296875,51.78990173339844,2963779
2025-02-14 20:30:00,51.78499984741211,51.81999969482422,51.75,51.779998779296875,3583084
2025-02-18 14:30:00,51.880001068115234,51.974998474121094,51.744998931884766,51.95500183105469,5265219
2025-02-18 15:30:00,51.95500183105469,52.060001373291016,51.85499954223633,51.89500045776367,3890717
2025-02-18 16:30:00,51.88999938964844,52.04570007324219,51.88999938964844,52.029998779296875,6314966
2025-02-18 17:30:00,52.03030014038086,52.11000061035156,52.02000045776367,52.084999084472656,2043392
2025-02-18 18:30:00,52.09000015258789,52.13999938964844,51.95500183105469,51.959999084472656,2756304
2025-02-18 19:30:00,51.96500015258789,52.060001373291016,51.959999084472656,52.04999923706055,2338661
2025-02-18 20:30:00,52.04499816894531,52.20000076293945,52.02000045776367,52.20000076293945,7808447
2025-02-19 14:30:00,52.040000915527344,52.06999969482422,51.900001525878906,52.01499938964844,4820815
2025-02-19 15:30:00,52.01580047607422,52.04999923706055,51.904998779296875,52.005001068115234,3259476
2025-02-19 16:30:00,52.005001068115234,52.119998931884766,51.97999954223633,51.98500061035156,3588130
2025-02-19 17:30:00,51.98500061035156,52.029998779296875,51.935001373291016,52.025001525878906,7590855
2025-02-19 18:30:00,52.029998779296875,52.220001220703125,52.025001525878906,52.1880989074707,3493763
2025-02-19 19:30:00,52.189998626708984,52.220001220703125,52.150001525878906,52.20500183105469,2244991
2025-02-19 20:30:00,52.21500015258789,52.25,52.150001525878906,52.189998626708984,5315374
2025-02-20 14:30:00,52.11000061035156,52.150001525878906,51.4900016784668,51.494998931884766,7899991
2025-02-20 15:30:00,51.494998931884766,51.55500030517578,51.06999969482422,51.125,11039757
2025-02-20 16:30:00,51.119998931884766,51.255001068115234,51.03499984741211,51.209999084472656,4699483
2025-02-20 17:30:00,51.20500183105469,51.25,51.08000183105469,51.11000061035156,5220689
2025-02-20 18:30:00,51.10499954223633,51.314998626708984,51.084999084472656,51.255001068115234,4534361
2025-02-20 19:30:00,51.25410079956055,51.47999954223633,51.2400016784668,51.45000076293945,3724656
2025-02-20 20:30:00,51.45500183105469,51.470001220703125,51.349998474121094,51.380001068115234,8035137
2025-02-21 14:30:00,51.40999984741211,51.5,51.27000045776367,51.345001220703125,7477772
2025-02-21 15:30:00,51.34000015258789,51.43000030517578,51.290000915527344,51.400001525878906,6303583
2025-02-21 16:30:00,51.395599365234375,51.458099365234375,51.33000183105469,51.334999084472656,3454625
2025-02-21 17:30:00,51.334999084472656,51.334999084472656,50.79999923706055,50.80500030517578,9278565
2025-02-21 18:30:00,50.810001373291016,50.900001525878906,50.64500045776367,50.66999816894531,5683133
2025-02-21 19:30:00,50.67499923706055,50.849998474121094,50.665000915527344,50.845001220703125,7055784
2025-02-21 20:30:00,50.84000015258789,50.900001525878906,50.720001220703125,50.76499938964844,9103880
2025-02-24 14:30:00,50.9900016784668,51.404998779296875,50.68000030517578,50.93000030517578,12913995
2025-02-24 15:30:00,50.92499923706055,51.15999984741211,50.85499954223633,51.095001220703125,8811307
2025-02-24 16:30:00,51.095001220703125,51.220001220703125,51.029998779296875,51.154998779296875,6961511
2025-02-24 17:30:00,51.150001525878906,51.290000915527344,51.1150016784668,51.23030090332031,5248457
2025-02-24 18:30:00,51.230098724365234,51.345001220703125,51.150001525878906,51.220001220703125,7023881
2025-02-24 19:30:00,51.21500015258789,51.265499114990234,51.130001068115234,51.130001068115234,7390842
2025-02-24 20:30:00,51.1349983215332,51.20000076293945,50.95000076293945,51.005001068115234,6715978
2025-02-25 14:30:00,51.27000045776367,51.404998779296875,50.599998474121094,50.61000061035156,8571889
2025-02-25 15:30:00,50.60499954223633,50.89500045776367,50.43000030517578,50.46500015258789,9442259
2025-02-25 16:30:00,50.46500015258789,50.619998931884766,50.30500030517578,50.61669921875,8498325
2025-02-25 17:30:00,50.6150016784668,50.959999084472656,50.613800048828125,50.7400016784668,4437302
2025-02-25 18:30:00,50.75,51.02669906616211,50.7400016784668,50.845001220703125,3800965
2025-02-25 19:30:00,50.845001220703125,51.18000030517578,50.845001220703125,51.125,9606192
2025-02-25 20:30:00,51.125,51.125,50.88999938964844,50.94499969482422,4655526
2025-02-26 14:30:00,50.970001220703125,51.27000045776367,50.88999938964844,51.224998474121094,6588428
2025-02-26 15:30:00,51.224998474121094,51.315399169921875,51.11000061035156,51.1150016784668,4240873
2025-02-26 16:30:00,51.11309051513672,51.20000076293945,51.04499816894531,51.1349983215332,2965834
2025-02-26 17:30:00,51.13690185546875,51.16659927368164,50.81999969482422,50.82500076293945,4463136
2025-02-26 18:30:00,50.81999969482422,50.89649963378906,50.75,50.840999603271484,4178818
2025-02-26 19:30:00,50.845001220703125,50.939998626708984,50.775001525878906,50.834999084472656,3270092
2025-02-26 20:30:00,50.83549880981445,50.95000076293945,50.790000915527344,50.849998474121094,4015855
2025-02-27 14:30:00,51.029998779296875,51.79999923706055,51.0099983215332,51.654998779296875,10773516
2025-02-27 15:30:00,51.650001525878906,51.68000030517578,51.48500061035156,51.55500030517578,7813761
2025-02-27 16:30:00,51.55009841918945,51.599998474121094,51.33000183105469,51.525001525878906,4580475
2025-02-27 17:30:00,51.525001525878906,51.599998474121094,51.375,51.55270004272461,2840421
2025-02-27 18:30:00,51.560001373291016,51.61000061035156,51.40999984741211,51.40999984741211,2471512
2025-02-27 19:30:00,51.40999984741211,51.412498474121094,50.9900016784668,51.00419998168945,6214321
2025-02-27 20:30:00,51.005001068115234,51.20000076293945,51.005001068115234,51.13999938964844,7501878
2025-02-28 14:30:00,51.38999938964844,51.70500183105469,51.31999969482422,51.60499954223633,10602038
2025-02-28 15:30:00,51.599998474121094,51.650001525878906,51.45000076293945,51.47999954223633,6923387
2025-02-28 16:30:00,51.470001220703125,51.62540054321289,51.45000076293945,51.47010040283203,4358388
2025-02-28 17:30:00,51.474998474121094,51.47999954223633,51.16999816894531,51.345001220703125,5797017
2025-02-28 18:30:00,51.33250045776367,51.53499984741211,51.279998779296875,51.52000045776367,6487982
2025-02-28 19:30:00,51.5099983215332,51.86989974975586,51.4900016784668,51.8650016784668,7120970
2025-02-28 20:30:00,51.8650016784668,52.2598991394043,51.75,52.185001373291016,15669486
2025-03-03 14:30:00,52.31999969482422,52.6349983215332,52.20500183105469,52.46500015258789,13949517
2025-03-03 15:30:00,52.46500015258789,52.61000061035156,52.275001525878906,52.290000915527344,7523499
2025-03-03 16:30:00,52.290000915527344,52.45000076293945,52.125,52.400001525878906,6483626
2025-03-03 17:30:00,52.400001525878906,52.439998626708984,52.00429916381836,52.01499938964844,10720145
2025-03-03 18:30:00,52.01499938964844,52.18000030517578,51.959999084472656,52.029998779296875,8448216
2025-03-03 19:30:00,52.025001525878906,52.13679885864258,51.38999938964844,51.400001525878906,14385879
2025-03-03 20:30:00,51.404998779296875,51.77000045776367,51.3650016784668,51.77000045776367,11687413
2025-03-04 14:30:00,51.220001220703125,51.278099060058594,49.720001220703125,50.029998779296875,30884038
2025-03-04 15:30:00,50.025001525878906,50.11000061035156,49.640098571777344,49.71500015258789,12802239
2025-03-04 16:30:00,49.720001220703125,50.14500045776367,49.665000915527344,50.11000061035156,12325702
2025-03-04 17:30:00,50.10499954223633,50.349998474121094,49.94499969482422,50.119998931884766,10560558
2025-03-04 18:30:00,50.119998931884766,50.57500076293945,50.084999084472656,50.400001525878906,6362509
2025-03-04 19:30:00,50.400001525878906,50.7400016784668,50.310001373291016,50.56999969482422,8184871
2025-03-04 20:30:00,50.560001373291016,50.57680130004883,49.72999954223633,49.91999816894531,15590840
2025-03-05 14:30:00,49.939998626708984,50.17499923706055,49.70000076293945,49.78499984741211,15955152
2025-03-05 15:30:00,49.790000915527344,49.9900016784668,49.57500076293945,49.63999938964844,9087129
2025-03-05 16:30:00,49.63999938964844,49.974998474121094,49.560001373291016,49.900001525878906,8654096
2025-03-05 17:30:00,49.900001525878906,50.1150016784668,49.849998474121094,49.959999084472656,4888561
2025-03-05 18:30:00,49.959999084472656,50.38999938964844,49.85499954223633,50.244998931884766,5647147
2025-03-05 19:30:00,50.244998931884766,50.445899963378906,50.220001220703125,50.39929962158203,8151791
2025-03-05 20:30:00,50.38999938964844,50.399898529052734,50.04999923706055,50.220001220703125,7324020
2025-03-06 14:30:00,49.619998931884766,49.724998474121094,49.05500030517578,49.720001220703125,14655159
2025-03-06 15:30:00,49.71500015258789,49.95500183105469,49.63999938964844,49.790000915527344,6091643
2025-03-06 16:30:00,49.779998779296875,49.89500045776367,49.275001525878906,49.31949996948242,5354982
2025-03-06 17:30:00,49.310001373291016,49.494998931884766,49.17499923706055,49.349998474121094,4862289
2025-03-06 18:30:00,49.349998474121094,49.4099006652832,49.1150016784668,49.165000915527344,4838314
2025-03-06 19:30:00,49.154998779296875,49.5,49.095001220703125,49.3650016784668,7706936
2025-03-06 20:30:00,49.369998931884766,49.474998474121094,49.26499938964844,49.39500045776367,7698954
2025-03-07 14:30:00,49.20000076293945,49.33000183105469,48.724998474121094,48.8650016784668,18469919
2025-03-07 15:30:00,48.8650016784668,48.88010025024414,48.314998626708984,48.33000183105469,11172648
2025-03-07 16:30:00,48.334999084472656,48.5099983215332,48.25,48.459999084472656,15527626
2025-03-07 17:30:00,48.45000076293945,48.9900016784668,48.40999984741211,48.85499954223633,8566701
2025-03-07 18:30:00,48.86000061035156,49.275001525878906,48.81460189819336,49.17499923706055,6916536
2025-03-07 19:30:00,49.17499923706055,49.2599983215332,49.04999923706055,49.15999984741211,10635016
2025-03-07 20:30:00,49.15999984741211,49.2400016784668,48.900001525878906,49.1150016784668,12825442
2025-03-10 13:30:00,48.290000915527344,48.4900016784668,47.994998931884766,48.349998474121094,17224979
2025-03-10 14:30:00,48.349998474121094,48.60499954223633,48.20000076293945,48.34000015258789,10857020
2025-03-10 15:30:00,48.334999084472656,48.529998779296875,48.18000030517578,48.2400016784668,8975830
2025-03-10 16:30:00,48.25,48.32500076293945,48.01100158691406,48.02000045776367,6969700
2025-03-10 17:30:00,48.01499938964844,48.029998779296875,47.724998474121094,47.75,7774567
2025-03-10 18:30:00,47.750301361083984,47.97999954223633,47.459999084472656,47.85499954223633,11909959
2025-03-10 19:30:00,47.849998474121094,48.11000061035156,47.849998474121094,48.029998779296875,12180325
2025-03-11 13:30:00,47.95000076293945,48.07500076293945,47.459999084472656,47.4900016784668,13637390
2025-03-11 14:30:00,47.47999954223633,47.72999954223633,47.279998779296875,47.56999969482422,10697553
2025-03-11 15:30:00,47.58000183105469,47.810001373291016,47.470001220703125,47.58000183105469,9154391
2025-03-11 16:30:00,47.58000183105469,47.64500045776367,47.29499816894531,47.31999969482422,9320593
2025-03-11 17:30:00,47.31999969482422,47.81999969482422,47.314998626708984,47.724998474121094,9167454
2025-03-11 18:30:00,47.724998474121094,48.064998626708984,47.630001068115234,47.7599983215332,12046006
2025-03-11 19:30:00,47.76499938964844,47.880001068115234,47.56999969482422,47.584999084472656,7167571
2025-03-12 13:30:00,48.119998931884766,48.189998626708984,47.439998626708984,47.560001373291016,13977675
2025-03-12 14:30:00,47.56999969482422,47.56999969482422,47.220001220703125,47.54199981689453,7269725
2025-03-12 15:30:00,47.54499816894531,47.79990005493164,47.51499938964844,47.71500015258789,5204303
2025-03-12 16:30:00,47.720001220703125,47.91999816894531,47.599998474121094,47.91999816894531,6402948
2025-03-12 17:30:00,47.915000915527344,47.97999954223633,47.65999984741211,47.84000015258789,6522896
2025-03-12 18:30:00,47.849998474121094,47.97999954223633,47.724998474121094,47.79499816894531,7720091
2025-03-12 19:30:00,47.79499816894531,47.849998474121094,47.68000030517578,47.685001373291016,8585532
2025-03-13 13:30:00,47.79499816894531,48.07500076293945,47.564998626708984,47.91999816894531,11300094
2025-03-13 14:30:00,47.93000030517578,48.040000915527344,47.69499969482422,47.69499969482422,6211330
2025-03-13 15:30:00,47.689998626708984,47.75,47.45650100708008,47.479698181152344,9330674
2025-03-13 16:30:00,47.474998474121094,47.650001525878906,47.38999938964844,47.44499969482422,5477012
2025-03-13 17:30:00,47.439998626708984,47.555999755859375,47.279998779296875,47.4900016784668,4678535
2025-03-13 18:30:00,47.4900016784668,47.599998474121094,47.36000061035156,47.404998779296875,4676944
2025-03-13 19:30:00,47.40999984741211,47.505001068115234,47.349998474121094,47.439998626708984,4851645
2025-03-14 13:30:00,47.869998931884766,48.154998779296875,47.619998931884766,48.03499984741211,9291437
2025-03-14 14:30:00,48.040000915527344,48.43000030517578,48.029998779296875,48.3650016784668,8662113
2025-03-14 15:30:00,48.3650016784668,48.5,48.23500061035156,48.26499938964844,5942805
2025-03-14 16:30:00,48.27000045776367,48.52000045776367,48.255001068115234,48.44499969482422,6639410
2025-03-14 17:30:00,48.45500183105469,48.4900016784668,48.29999923706055,48.380001068115234,3254841
2025-03-14 18:30:00,48.38999938964844,48.540000915527344,48.38999938964844,48.48500061035156,5047025
2025-03-14 19:30:00,48.48500061035156,48.599998474121094,48.39500045776367,48.52000045776367,8639580
2025-03-17 13:30:00,48.33000183105469,48.89910125732422,48.314998626708984,48.724998474121094,9898889
2025-03-17 14:30:00,48.720001220703125,48.959999084472656,48.684600830078125,48.89500045776367,5816512
2025-03-17 15:30:00,48.89500045776367,48.970001220703125,48.75,48.8650016784668,4527994
2025-03-17 16:30:00,48.8650016784668,49.04999923706055,48.834999084472656,49.03499984741211,2691078
2025-03-17 17:30:00,49.03499984741211,49.150001525878906,48.97999954223633,49.07350158691406,6083081
2025-03-17 18:30:00,49.07500076293945,49.310001373291016,49.06999969482422,49.30500030517578,6022373
2025-03-17 19:30:00,49.30500030517578,49.32500076293945,49.099998474121094,49.099998474121094,7130875
2025-03-18 13:30:00,49.130001068115234,49.290000915527344,49.005001068115234,49.064998626708984,6766340
2025-03-18 14:30:00,49.064998626708984,49.125,48.869998931884766,48.88999938964844,3970189
2025-03-18 15:30:00,48.88999938964844,49.040000915527344,48.85499954223633,49.040000915527344,3282308
2025-03-18 16:30:00,49.040000915527344,49.05619812011719,48.85449981689453,48.944000244140625,4132968
2025-03-18 17:30:00,48.94499969482422,49.05500030517578,48.904998779296875,48.935001373291016,2497381
2025-03-18 18:30:00,48.935001373291016,49.07500076293945,48.935001373291016,49.060001373291016,4228784
2025-03-18 19:30:00,49.05500030517578,49.09000015258789,48.900001525878906,49.04999923706055,5847365
2025-03-19 13:30:00,49.060001373291016,49.279998779296875,48.85499954223633,49.23500061035156,5000893
2025-03-19 14:30:00,49.2400016784668,49.36000061035156,49.209999084472656,49.29499816894531,2956083
2025-03-19 15:30:00,49.29499816894531,49.5,49.28499984741211,49.404598236083984,5359177
2025-03-19 16:30:00,49.40999984741211,49.435001373291016,49.253501892089844,49.275001525878906,3073230
2025-03-19 17:30:00,49.275001525878906,49.470001220703125,49.150001525878906,49.375,6551854
2025-03-19 18:30:00,49.380001068115234,49.83000183105469,49.380001068115234,49.56560134887695,10914136
2025-03-19 19:30:00,49.560001373291016,49.7400016784668,49.540000915527344,49.564998626708984,8271332
2025-03-20 13:30:00,49.290000915527344,49.90999984741211,49.20000076293945,49.85499954223633,7026298
2025-03-20 14:30:00,49.85499954223633,49.959999084472656,49.810001373291016,49.849998474121094,6788401
2025-03-20 15:30:00,49.85499954223633,49.93000030517578,49.7400016784668,49.775001525878906,7697496
2025-03-20 16:30:00,49.7755012512207,49.79999923706055,49.56999969482422,49.595001220703125,5310806
2025-03-20 17:30:00,49.595001220703125,49.75,49.560001373291016,49.560001373291016,4691380
2025-03-20 18:30:00,49.560001373291016,49.77000045776367,49.52000045776367,49.64500045776367,4631414
2025-03-20 19:30:00,49.650001525878906,49.744998931884766,49.599998474121094,49.63999938964844,7288688
2025-03-21 13:30:00,49.38999938964844,49.51499938964844,49.029998779296875,49.255001068115234,9556067
2025-03-21 14:30:00,49.255001068115234,49.47999954223633,49.18000030517578,49.3650016784668,5142224
2025-03-21 15:30:00,49.36000061035156,49.5099983215332,49.2400016784668,49.48500061035156,4232147
2025-03-21 16:30:00,49.47999954223633,49.6150016784668,49.38999938964844,49.505001068115234,5263762
2025-03-21 17:30:00,49.505001068115234,49.63999938964844,49.439998626708984,49.459999084472656,3045981
2025-03-21 18:30:00,49.46500015258789,49.57939910888672,49.3849983215332,49.43510055541992,5927888
2025-03-21 19:30:00,49.43000030517578,49.4900016784668,49.380001068115234,49.439998626708984,9805116
2025-03-24 13:30:00,49.790000915527344,50.10499954223633,49.660099029541016,50.064998626708984,7354592
2025-03-24 14:30:00,50.064998626708984,50.18000030517578,50.005001068115234,50.165000915527344,2948647
2025-03-24 15:30:00,50.16999816894531,50.20000076293945,50.060001373291016,50.084999084472656,5904934
2025-03-24 16:30:00,50.09000015258789,50.1150016784668,49.939998626708984,49.994998931884766,2790793
2025-03-24 17:30:00,50.0,50.04999923706055,49.880001068115234,49.91999816894531,2182456
2025-03-24 18:30:00,49.93000030517578,50.19499969482422,49.90010070800781,50.169898986816406,5583644
2025-03-24 19:30:00,50.165000915527344,50.27000045776367,50.130001068115234,50.13999938964844,7099839
2025-03-25 13:30:00,50.33000183105469,50.470001220703125,50.08000183105469,50.38999938964844,5768167
2025-03-25 14:30:00,50.400001525878906,50.5099983215332,50.349998474121094,50.3849983215332,2498411
2025-03-25 15:30:00,50.3849983215332,50.400001525878906,50.22999954223633,50.28340148925781,3025540
2025-03-25 16:30:00,50.285099029541016,50.3849983215332,50.26499938964844,50.291500091552734,3102874
2025-03-25 17:30:00,50.29499816894531,50.369998931884766,50.23460006713867,50.28499984741211,1677562
2025-03-25 18:30:00,50.290000915527344,50.34000015258789,50.22999954223633,50.315101623535156,2164996
2025-03-25 19:30:00,50.31999969482422,50.459999084472656,50.22999954223633,50.40999984741211,4074680
2025-03-26 13:30:00,50.58000183105469,50.90999984741211,50.560001373291016,50.73500061035156,7685757
2025-03-26 14:30:00,50.73500061035156,50.76499938964844,50.470001220703125,50.4900016784668,4224458
2025-03-26 15:30:00,50.494998931884766,50.619998931884766,50.33000183105469,50.42499923706055,5381651
2025-03-26 16:30:00,50.41999816894531,50.4557991027832,50.2400016784668,50.255001068115234,5392560
2025-03-26 17:30:00,50.25,50.32500076293945,50.185001373291016,50.275001525878906,5298062
2025-03-26 18:30:00,50.27000045776367,50.29990005493164,50.09000015258789,50.16999816894531,3186341
2025-03-26 19:30:00,50.16999816894531,50.349998474121094,50.14500045776367,50.27000045776367,5112130
2025-03-27 13:30:00,50.189998626708984,50.369998931884766,49.78499984741211,50.29999923706055,7219176
2025-03-27 14:30:00,50.310001373291016,50.44499969482422,50.290000915527344,50.310001373291016,3235096
2025-03-27 15:30:00,50.310001373291016,50.36750030517578,50.13999938964844,50.32500076293945,3507626
2025-03-27 16:30:00,50.3202018737793,50.380001068115234,50.06999969482422,50.150001525878906,4280455
2025-03-27 17:30:00,50.14500045776367,50.244998931884766,50.06999969482422,50.185001373291016,3619183
2025-03-27 18:30:00,50.185001373291016,50.369998931884766,50.11000061035156,50.3650016784668,3643439
2025-03-27 19:30:00,50.3650016784668,50.369998931884766,50.140098571777344,50.165000915527344,5598459
2025-03-28 13:30:00,50.029998779296875,50.29999923706055,49.45000076293945,49.459999084472656,9121120
2025-03-28 14:30:00,49.459999084472656,49.5099983215332,49.2400016784668,49.415000915527344,9837694
2025-03-28 15:30:00,49.40999984741211,49.525001525878906,49.23500061035156,49.244998931884766,4243963
2025-03-28 16:30:00,49.244998931884766,49.30500030517578,49.025001525878906,49.040000915527344,4335383
2025-03-28 17:30:00,49.040000915527344,49.22999954223633,49.01499938964844,49.14500045776367,4116374
2025-03-28 18:30:00,49.14500045776367,49.22999954223633,49.099998474121094,49.1349983215332,2898304
2025-03-28 19:30:00,49.1349983215332,49.28499984741211,49.060001373291016,49.189998626708984,8709873
2025-03-31 13:30:00,48.720001220703125,49.060001373291016,48.58000183105469,48.96500015258789,8317088
2025-03-31 14:30:00,48.970001220703125,49.29999923706055,48.95000076293945,49.2400016784668,3848051
2025-03-31 15:30:00,49.22999954223633,49.41999816894531,49.13999938964844,49.40999984741211,4268996
2025-03-31 16:30:00,49.40999984741211,49.51499938964844,49.29999923706055,49.400001525878906,3414125
2025-03-31 17:30:00,49.400001525878906,49.744998931884766,49.31439971923828,49.665000915527344,4045081
2025-03-31 18:30:00,49.689998626708984,49.88999938964844,49.564998626708984,49.71989822387695,3738133
2025-03-31 19:30:00,49.71500015258789,50.060001373291016,49.689998626708984,49.83000183105469,9099079
2025-04-01 13:30:00,49.619998931884766,49.75,49.19499969482422,49.310001373291016,7338083
2025-04-01 14:30:00,49.29999923706055,49.90999984741211,49.279998779296875,49.75,5554884
2025-04-01 15:30:00,49.75,49.970001220703125,49.709999084472656,49.744998931884766,6772486
2025-04-01 16:30:00,49.744998931884766,49.790000915527344,49.52000045776367,49.54499816894531,4479202
2025-04-01 17:30:00,49.540000915527344,49.63999938964844,49.380001068115234,49.415000915527344,4335053
2025-04-01 18:30:00,49.40999984741211,49.650001525878906,49.36009979248047,49.619998931884766,3156217
2025-04-01 19:30:00,49.61000061035156,49.815101623535156,49.59000015258789,49.72999954223633,4591907
2025-04-02 13:30:00,49.349998474121094,49.834999084472656,49.27000045776367,49.834999084472656,7135320
2025-04-02 14:30:00,49.834999084472656,50.060001373291016,49.81999969482422,50.025001525878906,5711766
2025-04-02 15:30:00,50.025001525878906,50.06999969482422,49.790000915527344,49.9900016784668,8136875
2025-04-02 16:30:00,49.994998931884766,50.32500076293945,49.90999984741211,50.17499923706055,4140311
2025-04-02 17:30:00,50.16999816894531,50.17639923095703,49.82500076293945,49.83000183105469,4028978
2025-04-02 18:30:00,49.81999969482422,50.065101623535156,49.814998626708984,49.98500061035156,2835749
2025-04-02 19:30:00,49.97999954223633,50.2599983215332,49.959999084472656,50.165000915527344,7129233
2025-04-03 13:30:00,48.20000076293945,48.650001525878906,47.834999084472656,48.02000045776367,31640571
2025-04-03 14:30:00,48.02000045776367,48.154998779296875,47.7599983215332,48.03499984741211,16266446
2025-04-03 15:30:00,48.029998779296875,48.584999084472656,47.989898681640625,48.580299377441406,9322426
2025-04-03 16:30:00,48.584999084472656,48.630001068115234,48.234901428222656,48.25,7081032
2025-04-03 17:30:00,48.25,48.40999984741211,48.05070114135742,48.08000183105469,9441063
2025-04-03 18:30:00,48.08000183105469,48.21500015258789,47.755001068115234,47.83000183105469,8279493
2025-04-03 19:30:00,47.834999084472656,47.849998474121094,47.600101470947266,47.66999816894531,15728631
2025-04-04 13:30:00,46.06999969482422,46.40999984741211,45.1349983215332,45.150001525878906,29464083
2025-04-04 14:30:00,45.13999938964844,45.65999984741211,44.66999816894531,45.025001525878906,21616537
2025-04-04 15:30:00,45.029998779296875,45.150001525878906,44.70000076293945,44.76499938964844,15416274
2025-04-04 16:30:00,44.7599983215332,45.0099983215332,44.404998779296875,44.66999816894531,9705550
2025-04-04 17:30:00,44.66999816894531,45.09510040283203,44.41999816894531,44.435001373291016,11477567
2025-04-04 18:30:00,44.439998626708984,44.685001373291016,44.099998474121094,44.525001525878906,12378154
2025-04-04 19:30:00,44.5099983215332,44.810001373291016,44.09000015258789,44.16999816894531,23194911
2025-04-07 13:30:00,42.84000015258789,45.650001525878906,42.209999084472656,43.43000030517578,57881737
2025-04-07 14:30:00,43.439998626708984,44.59000015258789,43.06999969482422,43.20000076293945,37297236
2025-04-07 15:30:00,43.209999084472656,44.220001220703125,43.209999084472656,43.689998626708984,16878745
2025-04-07 16:30:00,43.68000030517578,44.220001220703125,43.290000915527344,44.20000076293945,16146713
2025-04-07 17:30:00,44.20000076293945,44.650001525878906,43.86000061035156,44.16999816894531,21737785
2025-04-07 18:30:00,44.17100143432617,44.40999984741211,43.7599983215332,43.77000045776367,13395074
2025-04-07 19:30:00,43.775001525878906,44.33000183105469,43.775001525878906,44.1349983215332,12191598
2025-04-08 13:30:00,45.79999923706055,46.220001220703125,45.44179916381836,46.099998474121094,23084698
2025-04-08 14:30:00,46.095001220703125,46.15999984741211,45.07500076293945,45.154998779296875,13221468
2025-04-08 15:30:00,45.150001525878906,45.56999969482422,45.13330078125,45.314998626708984,8499692
2025-04-08 16:30:00,45.310001373291016,45.36000061035156,44.34000015258789,44.361698150634766,11345588
2025-04-08 17:30:00,44.36000061035156,44.935001373291016,44.29499816894531,44.33000183105469,12255200
2025-04-08 18:30:00,44.33000183105469,44.84000015258789,43.709999084472656,44.0,15359145
2025-04-08 19:30:00,44.0,44.010398864746094,43.23500061035156,43.939998626708984,13182488
2025-04-09 13:30:00,43.2400016784668,44.22999954223633,43.2400016784668,43.654998779296875,21692667
2025-04-09 14:30:00,43.65999984741211,43.85499954223633,43.06999969482422,43.584999084472656,15510689
2025-04-09 15:30:00,43.59000015258789,43.720001220703125,43.22999954223633,43.56999969482422,22072655
2025-04-09 16:30:00,43.56999969482422,46.564998626708984,43.29999923706055,45.790000915527344,36353495
2025-04-09 17:30:00,45.79999923706055,47.16999816894531,45.689998626708984,47.064998626708984,31188970
2025-04-09 18:30:00,47.06999969482422,47.2599983215332,46.34000015258789,47.18000030517578,24331681
2025-04-09 19:30:00,47.16999816894531,47.61000061035156,47.11000061035156,47.26499938964844,22164645
2025-04-10 13:30:00,46.525001525878906,46.599998474121094,45.939998626708984,46.13999938964844,21317304
2025-04-10 14:30:00,46.150001525878906,46.43000030517578,45.83000183105469,45.834999084472656,11731294
2025-04-10 15:30:00,45.84000015258789,45.869998931884766,44.59000015258789,44.720001220703125,13010899
2025-04-10 16:30:00,44.720001220703125,45.79999923706055,44.70000076293945,45.369998931884766,13191790
2025-04-10 17:30:00,45.369998931884766,46.22999954223633,45.290000915527344,46.19499969482422,8696140
2025-04-10 18:30:00,46.20000076293945,46.31719970703125,45.56999969482422,45.58000183105469,8777983
2025-04-10 19:30:00,45.58000183105469,45.959999084472656,45.18000030517578,45.880001068115234,14419885
2025-04-11 13:30:00,45.599998474121094,46.220001220703125,45.43000030517578,45.54499816894531,16367379
2025-04-11 14:30:00,45.540000915527344,46.15999984741211,45.4900016784668,45.64500045776367,9798741
2025-04-11 15:30:00,45.63999938964844,46.13999938964844,45.58000183105469,46.029998779296875,4754156
2025-04-11 16:30:00,46.025001525878906,46.564998626708984,46.02000045776367,46.35499954223633,5962129
2025-04-11 17:30:00,46.36000061035156,46.970001220703125,46.314998626708984,46.60499954223633,9092539
2025-04-11 18:30:00,46.61000061035156,46.880001068115234,46.505001068115234,46.814998626708984,5610562
2025-04-11 19:30:00,46.80500030517578,46.88999938964844,46.63999938964844,46.65999984741211,10369312
2025-04-14 13:30:00,47.349998474121094,47.6150016784668,47.15999984741211,47.36000061035156,13628634
2025-04-14 14:30:00,47.3650016784668,47.529998779296875,47.095001220703125,47.099998474121094,5161574
2025-04-14 15:30:00,47.11000061035156,47.2599983215332,46.8650016784668,47.025001525878906,5807351
2025-04-14 16:30:00,47.025001525878906,47.3849983215332,46.994998931884766,47.18000030517578,7403009
2025-04-14 17:30:00,47.17499923706055,47.375,47.1150016784668,47.35499954223633,3289397
2025-04-14 18:30:00,47.35499954223633,47.51499938964844,47.31999969482422,47.40010070800781,5049250
2025-04-14 19:30:00,47.400001525878906,47.45000076293945,47.130001068115234,47.16999816894531,7844652
2025-04-15 13:30:00,47.41999816894531,47.900001525878906,47.40999984741211,47.60499954223633,9738111
2025-04-15 14:30:00,47.60499954223633,47.79499816894531,47.529998779296875,47.6349983215332,6711473
2025-04-15 15:30:00,47.6349983215332,47.76499938964844,47.595001220703125,47.665000915527344,4518563
2025-04-15 16:30:00,47.66999816894531,47.720001220703125,47.42499923706055,47.48500061035156,4306476
2025-04-15 17:30:00,47.48500061035156,47.59000015258789,47.415000915527344,47.43539810180664,3347550
2025-04-15 18:30:00,47.43000030517578,47.540000915527344,47.40999984741211,47.48500061035156,6082307
2025-04-15 19:30:00,47.45500183105469,47.470001220703125,47.22999954223633,47.27000045776367,6099708
2025-04-16 13:30:00,47.16999816894531,47.31999969482422,46.86000061035156,47.025001525878906,7804547
2025-04-16 14:30:00,47.029998779296875,47.336299896240234,46.959999084472656,47.33000183105469,5398464
2025-04-16 15:30:00,47.33000183105469,47.334999084472656,47.02000045776367,47.07500076293945,3853605
2025-04-16 16:30:00,47.07500076293945,47.119998931884766,46.954200744628906,47.03010177612305,4973078
2025-04-16 17:30:00,47.03499984741211,47.03499984741211,46.38999938964844,46.67499923706055,11134087
2025-04-16 18:30:00,46.66999816894531,46.685001373291016,46.18000030517578,46.224998474121094,5850295
2025-04-16 19:30:00,46.224998474121094,46.560001373291016,46.21500015258789,46.52000045776367,7788275
2025-04-17 13:30:00,46.5,46.869998931884766,46.43000030517578,46.505001068115234,8458448
2025-04-17 14:30:00,46.505001068115234,46.974998474121094,46.459999084472656,46.849998474121094,5764009
2025-04-17 15:30:00,46.849998474121094,47.095001220703125,46.79499816894531,47.060001373291016,6210941
2025-04-17 16:30:00,47.060001373291016,47.147098541259766,46.915000915527344,46.93000030517578,8493255
2025-04-17 17:30:00,46.93000030517578,47.20500183105469,46.92499923706055,47.04999923706055,3415396
2025-04-17 18:30:00,47.04999923706055,47.13999938964844,46.81999969482422,46.875,9238077
2025-04-17 19:30:00,46.869998931884766,46.959999084472656,46.63999938964844,46.65999984741211,10412938
2025-04-21 13:30:00,46.40999984741211,46.54499816894531,45.91999816894531,45.9900016784668,7553994
2025-04-21 14:30:00,45.9900016784668,46.03499984741211,45.654998779296875,45.69499969482422,5608274
2025-04-21 15:30:00,45.70000076293945,45.71500015258789,45.45000076293945,45.564998626708984,4036079
2025-04-21 16:30:00,45.560001373291016,45.709999084472656,45.33000183105469,45.375,4548791
2025-04-21 17:30:00,45.369998931884766,45.43000030517578,45.13999938964844,45.31999969482422,4297050
2025-04-21 18:30:00,45.314998626708984,45.43000030517578,45.2400016784668,45.3650016784668,4719435
2025-04-21 19:30:00,45.369998931884766,45.70500183105469,45.345001220703125,45.63999938964844,8444859
2025-04-22 13:30:00,46.34000015258789,46.61000061035156,46.20000076293945,46.58000183105469,6027261
2025-04-22 14:30:00,46.58000183105469,46.80500030517578,46.52000045776367,46.70500183105469,4163456
2025-04-22 15:30:00,46.70500183105469,47.119998931884766,46.64500045776367,47.04999923706055,5158414
2025-04-22 16:30:00,47.04999923706055,47.084999084472656,46.599998474121094,46.6150016784668,6179829
2025-04-22 17:30:00,46.619998931884766,46.9900016784668,46.55500030517578,46.95000076293945,3735120
2025-04-22 18:30:00,46.94499969482422,47.17499923706055,46.94499969482422,47.040000915527344,3965133
2025-04-22 19:30:00,47.029998779296875,47.279998779296875,47.0098991394043,47.154998779296875,7465195
2025-04-23 13:30:00,48.040000915527344,48.724998474121094,48.025001525878906,48.56999969482422,18444620
2025-04-23 14:30:00,48.560001373291016,48.654998779296875,47.99100112915039,48.06999969482422,7493496
2025-04-23 15:30:00,48.064998626708984,48.130001068115234,47.625,47.810001373291016,4863755
2025-04-23 16:30:00,47.810001373291016,48.064998626708984,47.7400016784668,47.94499969482422,4859561
2025-04-23 17:30:00,47.95000076293945,48.0,47.69499969482422,47.709999084472656,3276241
2025-04-23 18:30:00,47.720001220703125,47.814998626708984,47.560001373291016,47.599998474121094,3753812
2025-04-23 19:30:00,47.599998474121094,47.810001373291016,47.56999969482422,47.70000076293945,5332314
2025-04-24 13:30:00,47.54999923706055,47.939998626708984,47.36000061035156,47.90999984741211,6397110
2025-04-24 14:30:00,47.904998779296875,48.060001373291016,47.86000061035156,47.970001220703125,3322627
2025-04-24 15:30:00,47.94358825683594,48.220001220703125,47.91999816894531,48.154998779296875,3388822
2025-04-24 16:30:00,48.15999984741211,48.306461334228516,48.13249969482422,48.220001220703125,2006642
2025-04-24 17:30:00,48.21500015258789,48.29999923706055,48.119998931884766,48.165000915527344,1311965
2025-04-24 18:30:00,48.16999816894531,48.29560089111328,48.1150016784668,48.20500183105469,2627039
2025-04-24 19:30:00,48.209999084472656,48.34000015258789,48.150001525878906,48.2400016784668,5979090
2025-04-25 13:30:00,48.0099983215332,48.22999954223633,47.70000076293945,47.79999923706055,5505959
2025-04-25 14:30:00,47.79499816894531,48.0088005065918,47.720001220703125,47.869998931884766,2885039
2025-04-25 15:30:00,47.869998931884766,48.01499938964844,47.79999923706055,47.98500061035156,2243591
2025-04-25 16:30:00,47.98500061035156,48.13999938964844,47.92499923706055,48.13999938964844,3158203
2025-04-25 17:30:00,48.14500045776367,48.15999984741211,47.78499984741211,48.0099983215332,5621933
2025-04-25 18:30:00,48.02000045776367,48.1150016784668,47.97999954223633,48.02510070800781,2519214
2025-04-25 19:30:00,48.02000045776367,48.08000183105469,47.94499969482422,48.029998779296875,4117242
2025-04-28 13:30:00,48.220001220703125,48.56999969482422,48.209999084472656,48.429901123046875,7984942
2025-04-28 14:30:00,48.42499923706055,48.435001373291016,48.07500076293945,48.095001220703125,4599293
2025-04-28 15:30:00,48.09000015258789,48.150001525878906,47.904998779296875,47.94499969482422,2977549
2025-04-28 16:30:00,47.95000076293945,48.04999923706055,47.85499954223633,47.86000061035156,2658125
2025-04-28 17:30:00,47.849998474121094,48.084999084472656,47.83000183105469,48.04999923706055,2749627
2025-04-28 18:30:00,48.05500030517578,48.17499923706055,48.00389862060547,48.16999816894531,3314218
2025-04-28 19:30:00,48.16999816894531,48.279998779296875,48.09000015258789,48.189998626708984,5883723
2025-04-29 13:30:00,48.18000030517578,48.310001373291016,47.959999084472656,47.98509979248047,14329921
2025-04-29 14:30:00,47.98030090332031,48.45000076293945,47.98030090332031,48.435001373291016,3411330
2025-04-29 15:30:00,48.43009948730469,48.5,48.310001373291016,48.4900016784668,4427491
2025-04-29 16:30:00,48.4900016784668,48.540000915527344,48.31999969482422,48.525001525878906,2823723
2025-04-29 17:30:00,48.529998779296875,48.72999954223633,48.525001525878906,48.6349983215332,3580113
2025-04-29 18:30:00,48.6349983215332,48.68000030517578,48.56999969482422,48.6599006652832,4164997
2025-04-29 19:30:00,48.65999984741211,48.7599983215332,48.619998931884766,48.654998779296875,7074031
2025-04-30 13:30:00,48.150001525878906,48.150001525878906,47.5,47.99509811401367,7412621
2025-04-30 14:30:00,47.994998931884766,48.33000183105469,47.939998626708984,48.26409912109375,3345293
2025-04-30 15:30:00,48.2599983215332,48.40999984741211,48.23440170288086,48.25,3282403
2025-04-30 16:30:00,48.25,48.43000030517578,48.2046012878418,48.42499923706055,2116800
2025-04-30 17:30:00,48.41999816894531,48.619998931884766,48.310001373291016,48.369998931884766,5705847
2025-04-30 18:30:00,48.36000061035156,48.400001525878906,48.209999084472656,48.28499984741211,2273552
2025-04-30 19:30:00,48.290000915527344,48.92499923706055,48.23440170288086,48.7400016784668,7758750
2025-05-01 13:30:00,48.57500076293945,48.880001068115234,48.435001373291016,48.814998626708984,9562668
2025-05-01 14:30:00,48.814998626708984,48.98500061035156,48.6349983215332,48.93000030517578,6488423
2025-05-01 15:30:00,48.93000030517578,48.98500061035156,48.73500061035156,48.82500076293945,4089467
2025-05-01 16:30:00,48.83000183105469,48.974998474121094,48.744998931884766,48.91999816894531,3784935
2025-05-01 17:30:00,48.91999816894531,48.97999954223633,48.78499984741211,48.95500183105469,3376679
2025-05-01 18:30:00,48.959999084472656,49.040000915527344,48.900001525878906,49.0,2223155
2025-05-01 19:30:00,48.994998931884766,49.06999969482422,48.68000030517578,48.72999954223633,3927394
2025-05-02 13:30:00,49.4900016784668,49.75,49.33449935913086,49.68349838256836,7607025
2025-05-02 14:30:00,49.689998626708984,49.70000076293945,49.52000045776367,49.53499984741211,4619097
2025-05-02 15:30:00,49.540000915527344,49.84550094604492,49.525001525878906,49.775001525878906,3589530
2025-05-02 16:30:00,49.77259826660156,49.82500076293945,49.689998626708984,49.724998474121094,2601641
2025-05-02 17:30:00,49.72999954223633,49.81999969482422,49.70500183105469,49.80500030517578,2870674
2025-05-02 18:30:00,49.810001373291016,49.935001373291016,49.7400016784668,49.91999816894531,3435146
2025-05-02 19:30:00,49.91999816894531,49.939998626708984,49.7599983215332,49.779998779296875,8760535
2025-05-05 13:30:00,49.34000015258789,49.5099983215332,49.099998474121094,49.505001068115234,5569973
2025-05-05 14:30:00,49.5099983215332,49.749000549316406,49.459999084472656,49.71500015258789,3323009
2025-05-05 15:30:00,49.71500015258789,49.83000183105469,49.624900817871094,49.7599983215332,2633037
2025-05-05 16:30:00,49.76499938964844,49.79499816894531,49.67499923706055,49.69499969482422,2069220
2025-05-05 17:30:00,49.69499969482422,49.81570053100586,49.689998626708984,49.7400016784668,1797195
2025-05-05 18:30:00,49.7400016784668,49.76499938964844,49.540000915527344,49.564998626708984,2540348
2025-05-05 19:30:00,49.564998626708984,49.599998474121094,49.40999984741211,49.44499969482422,5006575
2025-05-06 13:30:00,49.0,49.375,48.970001220703125,49.349998474121094,5403460
2025-05-06 14:30:00,49.345001220703125,49.52000045776367,49.33000183105469,49.474998474121094,1665809
2025-05-06 15:30:00,49.474998474121094,49.55500030517578,49.32500076293945,49.35499954223633,4182433
2025-05-06 16:30:00,49.349998474121094,49.40999984741211,49.22999954223633,49.32500076293945,4910307
2025-05-06 17:30:00,49.32500076293945,49.38999938964844,49.20000076293945,49.3849983215332,2872071
2025-05-06 18:30:00,49.3849983215332,49.43000030517578,49.3025016784668,49.35490036010742,2644121
2025-05-06 19:30:00,49.36000061035156,49.40510177612305,49.13999938964844,49.150001525878906,5205823
2025-05-07 13:30:00,49.31999969482422,49.55659866333008,49.279998779296875,49.53499984741211,3949640
2025-05-07 14:30:00,49.5348014831543,49.564998626708984,49.43000030517578,49.540000915527344,3002666
2025-05-07 15:30:00,49.529998779296875,49.63999938964844,49.47999954223633,49.494998931884766,3685789
2025-05-07 16:30:00,49.5,49.71500015258789,49.494998931884766,49.654998779296875,1666029
2025-05-07 17:30:00,49.654998779296875,49.66999816894531,49.2599983215332,49.400001525878906,3886265
2025-05-07 18:30:00,49.404998779296875,49.66999816894531,49.34000015258789,49.349998474121094,5192980
2025-05-07 19:30:00,49.35499954223633,49.67499923706055,49.29499816894531,49.45000076293945,6452412
2025-05-08 13:30:00,49.84000015258789,50.0,49.73500061035156,49.900001525878906,5079990
2025-05-08 14:30:00,49.90999984741211,50.1609992980957,49.724998474121094,50.08000183105469,6031722
2025-05-08 15:30:00,50.09000015258789,50.32500076293945,50.025001525878906,50.224998474121094,4875768
2025-05-08 16:30:00,50.224998474121094,50.369998931884766,50.220001220703125,50.26499938964844,2903509
2025-05-08 17:30:00,50.26499938964844,50.29499816894531,50.1150016784668,50.165000915527344,2410788
2025-05-08 18:30:00,50.165000915527344,50.220001220703125,50.05500030517578,50.17499923706055,3462398
2025-05-08 19:30:00,50.175899505615234,50.185001373291016,49.810001373291016,49.849998474121094,5426572
2025-05-09 13:30:00,49.959999084472656,50.03499984741211,49.7599983215332,49.82500076293945,4337040
2025-05-09 14:30:00,49.83000183105469,49.8764762878418,49.720001220703125,49.845001220703125,3038416
2025-05-09 15:30:00,49.845001220703125,49.959999084472656,49.773101806640625,49.78499984741211,3026771
2025-05-09 16:30:00,49.78499984741211,49.8650016784668,49.71500015258789,49.845001220703125,4289606
2025-05-09 17:30:00,49.845001220703125,49.95000076293945,49.810001373291016,49.8650016784668,1365900
2025-05-09 18:30:00,49.8650016784668,49.9900016784668,49.86367416381836,49.88999938964844,2198773
2025-05-09 19:30:00,49.88999938964844,49.90999984741211,49.79999923706055,49.849998474121094,3139377
2025-05-12 13:30:00,51.11000061035156,51.19499969482422,50.63999938964844,50.68000030517578,13172660
2025-05-12 14:30:00,50.66999816894531,50.83000183105469,50.55500030517578,50.630001068115234,3928246
2025-05-12 15:30:00,50.6349983215332,50.689998626708984,50.54999923706055,50.60499954223633,2843666
2025-05-12 16:30:00,50.599998474121094,50.83000183105469,50.594600677490234,50.71500015258789,5488986
2025-05-12 17:30:00,50.720001220703125,50.79499816894531,50.689998626708984,50.77009963989258,2773562
2025-05-12 18:30:00,50.775001525878906,50.84000015258789,50.7400016784668,50.76499938964844,3328359
2025-05-12 19:30:00,50.76499938964844,50.900001525878906,50.744998931884766,50.880001068115234,7595066
2025-05-13 13:30:00,51.0,51.27000045776367,50.90999984741211,51.204898834228516,6835114
2025-05-13 14:30:00,51.209999084472656,51.279998779296875,51.084999084472656,51.249698638916016,5092572
2025-05-13 15:30:00,51.2400016784668,51.310001373291016,51.12459945678711,51.125,4750969
2025-05-13 16:30:00,51.125,51.279998779296875,51.12009811401367,51.24250030517578,3894224
2025-05-13 17:30:00,51.244998931884766,51.31999969482422,51.189998626708984,51.19499969482422,2938540
2025-05-13 18:30:00,51.189998626708984,51.279998779296875,51.15999984741211,51.22999954223633,2955601
2025-05-13 19:30:00,51.22999954223633,51.29999923706055,51.064998626708984,51.06999969482422,5569952
2025-05-14 13:30:00,51.10499954223633,51.16999816894531,50.84000015258789,50.96500015258789,8043073
2025-05-14 14:30:00,50.96500015258789,51.029998779296875,50.810001373291016,50.994998931884766,6982340
2025-05-14 15:30:00,50.994998931884766,51.04499816894531,50.904998779296875,50.915000915527344,3977749
2025-05-14 16:30:00,50.91339874267578,50.970001220703125,50.78499984741211,50.84000015258789,6489134
2025-05-14 17:30:00,50.84000015258789,50.970001220703125,50.834999084472656,50.900001525878906,3121461
2025-05-14 18:30:00,50.900001525878906,51.0099983215332,50.880001068115234,50.92499923706055,3586916
2025-05-14 19:30:00,50.93000030517578,51.040000915527344,50.8849983215332,50.93000030517578,5888472
2025-05-15 13:30:00,50.869998931884766,51.27000045776367,50.83000183105469,51.055599212646484,6115893
2025-05-15 14:30:00,51.05500030517578,51.087501525878906,50.95000076293945,51.025001525878906,5828552
2025-05-15 15:30:00,51.02000045776367,51.20000076293945,51.0099983215332,51.029998779296875,4170373
2025-05-15 16:30:00,51.025001525878906,51.099998474121094,50.98500061035156,51.07500076293945,2758278
2025-05-15 17:30:00,51.07500076293945,51.209999084472656,51.025001525878906,51.209999084472656,2488078
2025-05-15 18:30:00,51.209999084472656,51.349998474121094,51.201499938964844,51.314998626708984,4612633
2025-05-15 19:30:00,51.314998626708984,51.36000061035156,51.185001373291016,51.279998779296875,7846873
2025-05-16 13:30:00,51.27000045776367,51.36000061035156,51.15999984741211,51.314998626708984,8789898
2025-05-16 14:30:00,51.31999969482422,51.5,51.255001068115234,51.494998931884766,5019816
2025-05-16 15:30:00,51.4900016784668,51.584999084472656,51.45009994506836,51.53350067138672,5797156
2025-05-16 16:30:00,51.555198669433594,51.66709899902344,51.5099983215332,51.64500045776367,4242107
2025-05-16 17:30:00,51.64500045776367,51.654998779296875,51.540000915527344,51.595001220703125,6353599
2025-05-16 18:30:00,51.599998474121094,51.654998779296875,51.56999969482422,51.595001220703125,9708204
2025-05-16 19:30:00,51.59000015258789,51.650001525878906,51.564998626708984,51.619998931884766,11852292
2025-05-19 13:30:00,51.31999969482422,51.68000030517578,51.2400016784668,51.58000183105469,6839895
2025-05-19 14:30:00,51.57500076293945,51.650001525878906,51.380001068115234,51.44499969482422,5460303
2025-05-19 15:30:00,51.44499969482422,51.70000076293945,51.44499969482422,51.685001373291016,3674662
2025-05-19 16:30:00,51.68000030517578,51.77000045776367,51.65999984741211,51.73500061035156,1907733
2025-05-19 17:30:00,51.7400016784668,51.7599983215332,51.54999923706055,51.60020065307617,2056387
2025-05-19 18:30:00,51.60499954223633,51.665000915527344,51.53030014038086,51.55500030517578,1551778
2025-05-19 19:30:00,51.55540084838867,51.630001068115234,51.529998779296875,51.61000061035156,3810981
2025-05-20 13:30:00,51.380001068115234,51.52000045776367,51.29999923706055,51.439998626708984,6887099
2025-05-20 14:30:00,51.439998626708984,51.505001068115234,51.380001068115234,51.44499969482422,2718467
2025-05-20 15:30:00,51.44499969482422,51.459999084472656,51.290000915527344,51.310001373291016,2976618
2025-05-20 16:30:00,51.30500030517578,51.400001525878906,51.30500030517578,51.3650016784668,1771206
2025-05-20 17:30:00,51.369998931884766,51.38999938964844,51.17499923706055,51.184600830078125,2797623
2025-05-20 18:30:00,51.18000030517578,51.2599983215332,51.11000061035156,51.23500061035156,3780017
2025-05-20 19:30:00,51.23500061035156,51.36000061035156,51.23500061035156,51.34000015258789,4921525
2025-05-21 13:30:00,51.02000045776367,51.165000915527344,50.970001220703125,50.970001220703125,4964532
2025-05-21 14:30:00,50.96500015258789,51.0,50.779998779296875,50.88010025024414,3730419
2025-05-21 15:30:00,50.8849983215332,50.915000915527344,50.824100494384766,50.86750030517578,3737015
2025-05-21 16:30:00,50.86000061035156,50.95000076293945,50.375,50.3849983215332,5259273
2025-05-21 17:30:00,50.380001068115234,50.595001220703125,50.30500030517578,50.45989990234375,5622231
2025-05-21 18:30:00,50.45500183105469,50.51499938964844,50.244998931884766,50.27000045776367,6630627
2025-05-21 19:30:00,50.275001525878906,50.43000030517578,50.2599983215332,50.27000045776367,9053135
2025-05-22 13:30:00,50.18000030517578,50.29999923706055,50.04499816894531,50.064998626708984,5681927
2025-05-22 14:30:00,50.064998626708984,50.2400016784668,49.971900939941406,50.18000030517578,6053422
2025-05-22 15:30:00,50.18000030517578,50.38990020751953,50.165000915527344,50.255001068115234,4710088
2025-05-22 16:30:00,50.255001068115234,50.3650016784668,50.150001525878906,50.334999084472656,3129519
2025-05-22 17:30:00,50.334999084472656,50.45000076293945,50.32500076293945,50.435001373291016,3101837
2025-05-22 18:30:00,50.435001373291016,50.52000045776367,50.36249923706055,50.5099983215332,3093820
2025-05-22 19:30:00,50.505001068115234,50.5099983215332,50.18000030517578,50.22999954223633,6094949
2025-05-23 13:30:00,49.584999084472656,49.94499969482422,49.56999969482422,49.84000015258789,8920011
2025-05-23 14:30:00,49.84000015258789,50.02000045776367,49.84000015258789,49.9900016784668,5284113
2025-05-23 15:30:00,49.98500061035156,50.084999084472656,49.93199920654297,50.040000915527344,5462684
2025-05-23 16:30:00,50.02000045776367,50.16999816894531,49.970001220703125,50.165000915527344,2893617
2025-05-23 17:30:00,50.165000915527344,50.290000915527344,50.11000061035156,50.18000030517578,3107458
2025-05-23 18:30:00,50.18000030517578,50.25,50.09000015258789,50.10499954223633,2338037
2025-05-23 19:30:00,50.10499954223633,50.20000076293945,49.970001220703125,50.040000915527344,4718350
2025-05-27 13:30:00,50.435001373291016,50.650001525878906,50.2599983215332,50.6150016784668,8802796
2025-05-27 14:30:00,50.6150016784668,50.66999816894531,50.540000915527344,50.665000915527344,4375680
2025-05-27 15:30:00,50.65999984741211,50.77000045776367,50.654998779296875,50.73160171508789,4206023
2025-05-27 16:30:00,50.73500061035156,50.84000015258789,50.720001220703125,50.82500076293945,3942236
2025-05-27 17:30:00,50.82500076293945,50.959999084472656,50.80500030517578,50.90999984741211,2411719
2025-05-27 18:30:00,50.90999984741211,50.95000076293945,50.8650016784668,50.880001068115234,2405255
2025-05-27 19:30:00,50.87009811401367,50.939998626708984,50.849998474121094,50.93000030517578,6682159
2025-05-28 13:30:00,50.88999938964844,51.02000045776367,50.7400016784668,50.755001068115234,4918810
2025-05-28 14:30:00,50.7599983215332,50.775001525878906,50.599998474121094,50.60499954223633,3392141
2025-05-28 15:30:00,50.599998474121094,50.709999084472656,50.540000915527344,50.689998626708984,2611387
2025-05-28 16:30:00,50.69499969482422,50.790000915527344,50.66999816894531,50.755001068115234,2283308
2025-05-28 17:30:00,50.755001068115234,50.790000915527344,50.69499969482422,50.78010177612305,2610902
2025-05-28 18:30:00,50.78499984741211,50.80500030517578,50.595001220703125,50.685001373291016,7240350
2025-05-28 19:30:00,50.685001373291016,50.70500183105469,50.5099983215332,50.58000183105469,7347374
2025-05-29 13:30:00,50.7599983215332,50.779998779296875,50.503501892089844,50.63349914550781,9046401
2025-05-29 14:30:00,50.630001068115234,50.66999816894531,50.494998931884766,50.65010070800781,4981359
2025-05-29 15:30:00,50.650001525878906,50.654998779296875,50.36000061035156,50.54990005493164,3317361
2025-05-29 16:30:00,50.54499816894531,50.707401275634766,50.540000915527344,50.654998779296875,4949969
2025-05-29 17:30:00,50.654998779296875,50.72999954223633,50.625,50.689998626708984,2090382
2025-05-29 18:30:00,50.685001373291016,50.79999923706055,50.685001373291016,50.71500015258789,4622468
2025-05-29 19:30:00,50.709999084472656,50.86000061035156,50.709999084472656,50.83000183105469,4176267
2025-05-30 13:30:00,50.68000030517578,50.81999969482422,50.58000183105469,50.78499984741211,4217146
2025-05-30 14:30:00,50.779998779296875,50.83000183105469,50.68000030517578,50.79999923706055,3658327
2025-05-30 15:30:00,50.79499816894531,50.814998626708984,50.540000915527344,50.56999969482422,4167424
2025-05-30 16:30:00,50.56999969482422,50.65999984741211,50.45500183105469,50.64500045776367,5640063
2025-05-30 17:30:00,50.64500045776367,50.880001068115234,50.62379837036133,50.849998474121094,3946054
2025-05-30 18:30:00,50.845001220703125,51.02000045776367,50.810001373291016,51.01499938964844,4217494
2025-05-30 19:30:00,51.0099983215332,51.04499816894531,50.86000061035156,50.900001525878906,9112756
2025-06-02 13:30:00,50.68000030517578,50.70000076293945,50.290000915527344,50.54499816894531,5554894
2025-06-02 14:30:00,50.54499816894531,50.66999816894531,50.52000045776367,50.59000015258789,5904154
2025-06-02 15:30:00,50.5974006652832,50.72999954223633,50.58000183105469,50.630001068115234,3874079
2025-06-02 16:30:00,50.6349983215332,50.76499938964844,50.6150016784668,50.69540023803711,2816500
2025-06-02 17:30:00,50.69499969482422,50.900001525878906,50.68000030517578,50.854801177978516,3731685
2025-06-02 18:30:00,50.85639953613281,50.970001220703125,50.849998474121094,50.95500183105469,2969352
2025-06-02 19:30:00,50.959999084472656,51.0,50.90999984741211,50.9900016784668,4025528
2025-06-03 13:30:00,50.81999969482422,51.04999923706055,50.40999984741211,50.83000183105469,5817830
2025-06-03 14:30:00,50.82500076293945,50.904998779296875,50.73030090332031,50.88999938964844,4490121
2025-06-03 15:30:00,50.88999938964844,51.02989959716797,50.880001068115234,51.005001068115234,4950375
2025-06-03 16:30:00,51.005001068115234,51.08000183105469,50.959999084472656,51.05500030517578,4118141
2025-06-03 17:30:00,51.05500030517578,51.08000183105469,50.95000076293945,51.07500076293945,3957877
2025-06-03 18:30:00,51.08000183105469,51.105499267578125,51.01499938964844,51.05500030517578,2817209
2025-06-03 19:30:00,51.05500030517578,51.130001068115234,51.0,51.06999969482422,5508323
2025-06-04 13:30:00,51.150001525878906,51.209999084472656,50.994998931884766,51.13010025024414,3540307
2025-06-04 14:30:00,51.1349983215332,51.167198181152344,50.994998931884766,51.01499938964844,3960788
2025-06-04 15:30:00,51.0099983215332,51.08000183105469,50.8650016784668,50.8849983215332,4247239
2025-06-04 16:30:00,50.8849983215332,51.01499938964844,50.88010025024414,51.0,2849519
2025-06-04 17:30:00,51.005001068115234,51.02000045776367,50.94499969482422,50.959999084472656,2453792
2025-06-04 18:30:00,50.959999084472656,50.959999084472656,50.849998474121094,50.904998779296875,2789185
2025-06-04 19:30:00,50.90999984741211,50.93000030517578,50.779998779296875,50.779998779296875,3729877
2025-06-05 13:30:00,50.79999923706055,50.880001068115234,50.45000076293945,50.57500076293945,8541406
2025-06-05 14:30:00,50.57500076293945,50.776615142822266,50.459999084472656,50.775001525878906,7872651
2025-06-05 15:30:00,50.775001525878906,50.86000061035156,50.75,50.810001373291016,6014150
2025-06-05 16:30:00,50.815799713134766,50.81999969482422,50.57500076293945,50.76499938964844,5297398
2025-06-05 17:30:00,50.77000045776367,50.849998474121094,50.599998474121094,50.75550079345703,2756764
2025-06-05 18:30:00,50.75,50.810001373291016,50.459999084472656,50.56999969482422,5136065
2025-06-05 19:30:00,50.56999969482422,50.73500061035156,50.560001373291016,50.65999984741211,5623287
2025-06-06 13:30:00,51.16999816894531,51.439998626708984,51.130001068115234,51.30009841918945,7934115
2025-06-06 14:30:00,51.30500030517578,51.31999969482422,51.1150016784668,51.150001525878906,5855746
2025-06-06 15:30:00,51.13999938964844,51.220001220703125,51.099998474121094,51.15999984741211,2219942
2025-06-06 16:30:00,51.165000915527344,51.189998626708984,51.04499816894531,51.10499954223633,1878511
2025-06-06 17:30:00,51.099998474121094,51.2599983215332,51.099998474121094,51.22999954223633,1836693
2025-06-06 18:30:00,51.22999954223633,51.32500076293945,51.224998474121094,51.29499816894531,4057939
2025-06-06 19:30:00,51.29499816894531,51.34000015258789,51.25,51.279998779296875,7351358
2025-06-09 13:30:00,51.34000015258789,51.36000061035156,50.72999954223633,50.89500045776367,6308805
2025-06-09 14:30:00,50.900001525878906,50.90999984741211,50.689998626708984,50.834999084472656,4920703
2025-06-09 15:30:00,50.84000015258789,51.02000045776367,50.84000015258789,50.9900016784668,4156832
2025-06-09 16:30:00,50.98500061035156,51.15999984741211,50.939998626708984,51.154998779296875,2557984
2025-06-09 17:30:00,51.154998779296875,51.20000076293945,51.11000061035156,51.185001373291016,2223132
2025-06-09 18:30:00,51.18000030517578,51.20000076293945,51.08000183105469,51.095001220703125,2272207
2025-06-09 19:30:00,51.09000015258789,51.130001068115234,50.9900016784668,51.0099983215332,4252267
2025-06-10 13:30:00,50.9900016784668,51.0099983215332,50.88999938964844,50.96500015258789,7913056
2025-06-10 14:30:00,50.96500015258789,51.029998779296875,50.880001068115234,50.9900016784668,2245674
2025-06-10 15:30:00,50.98500061035156,51.00849914550781,50.89500045776367,50.974998474121094,3748711
2025-06-10 16:30:00,50.972801208496094,51.08000183105469,50.970001220703125,51.040000915527344,3548381
2025-06-10 17:30:00,51.03499984741211,51.06999969482422,50.89350128173828,50.90999984741211,3166526
2025-06-10 18:30:00,50.915000915527344,51.08000183105469,50.900001525878906,50.994998931884766,2738764
2025-06-10 19:30:00,51.0,51.08000183105469,50.91999816894531,51.060001373291016,3112281
2025-06-11 13:30:00,51.11000061035156,51.22999954223633,50.810001373291016,51.20500183105469,9567549
2025-06-11 14:30:00,51.20000076293945,51.22999954223633,51.125,51.19499969482422,3183117
2025-06-11 15:30:00,51.19499969482422,51.2400016784668,51.040000915527344,51.154998779296875,5160177
2025-06-11 16:30:00,51.154998779296875,51.34000015258789,51.099998474121094,51.314998626708984,3176819
2025-06-11 17:30:00,51.31999969482422,51.33000183105469,50.8849983215332,50.95500183105469,3760542
2025-06-11 18:30:00,50.95000076293945,51.08000183105469,50.8849983215332,50.91999816894531,7652100
2025-06-11 19:30:00,50.915000915527344,51.0099983215332,50.833900451660156,50.98500061035156,6173815
2025-06-12 13:30:00,50.70000076293945,50.90999984741211,50.5,50.89500045776367,5038126
2025-06-12 14:30:00,50.900001525878906,50.95000076293945,50.7599983215332,50.82500076293945,4847033
2025-06-12 15:30:00,50.81999969482422,50.849998474121094,50.72999954223633,50.82500076293945,3483210
2025-06-12 16:30:00,50.82500076293945,50.90999984741211,50.755001068115234,50.85499954223633,3095730
2025-06-12 17:30:00,50.85499954223633,50.91999816894531,50.845001220703125,50.875,1832976
2025-06-12 18:30:00,50.869998931884766,50.970001220703125,50.85499954223633,50.959999084472656,2344335
2025-06-12 19:30:00,50.95439910888672,51.0099983215332,50.904998779296875,51.0099983215332,4006068
2025-06-13 13:30:00,50.349998474121094,50.459999084472656,49.869998931884766,49.869998931884766,11697872
2025-06-13 14:30:00,49.880001068115234,50.314998626708984,49.810001373291016,50.310001373291016,7122195
2025-06-13 15:30:00,50.314998626708984,50.40999984741211,50.27000045776367,50.31999969482422,5686003
2025-06-13 16:30:00,50.31999969482422,50.369998931884766,50.1150016784668,50.13999938964844,5378487
2025-06-13 17:30:00,50.13999938964844,50.189998626708984,49.904998779296875,49.915000915527344,6129169
2025-06-13 18:30:00,49.915000915527344,50.005401611328125,49.81999969482422,49.90999984741211,6543742
2025-06-13 19:30:00,49.915000915527344,49.970001220703125,49.81999969482422,49.959999084472656,11163324
2025-06-16 13:30:00,50.31999969482422,50.775001525878906,50.310001373291016,50.72999954223633,8308062
2025-06-16 14:30:00,50.7400016784668,50.875,50.720001220703125,50.744998931884766,5213792
2025-06-16 15:30:00,50.75,50.834999084472656,50.709999084472656,50.724998474121094,3525411
2025-06-16 16:30:00,50.724998474121094,50.749900817871094,50.584999084472656,50.654998779296875,2740799
2025-06-16 17:30:00,50.65999984741211,50.70000076293945,50.54999923706055,50.58610153198242,2491480
2025-06-16 18:30:00,50.59000015258789,50.599998474121094,50.5,50.5098991394043,3264370
2025-06-16 19:30:00,50.505001068115234,50.56999969482422,50.45000076293945,50.540000915527344,6898041
2025-06-17 13:30:00,50.27000045776367,50.47990036010742,50.224998474121094,50.44499969482422,5095257
2025-06-17 14:30:00,50.439998626708984,50.459999084472656,50.25,50.25,3610794
2025-06-17 15:30:00,50.25,50.380001068115234,50.21179962158203,50.345001220703125,4651821
2025-06-17 16:30:00,50.345001220703125,50.40999984741211,50.20500183105469,50.209999084472656,3515867
2025-06-17 17:30:00,50.20000076293945,50.29499816894531,50.084999084472656,50.15999984741211,3189490
2025-06-17 18:30:00,50.15999984741211,50.275001525878906,50.11000061035156,50.260101318359375,2621285
2025-06-17 19:30:00,50.2599983215332,50.279998779296875,50.189998626708984,50.22999954223633,5496175
2025-06-18 13:30:00,50.220001220703125,50.75,50.20000076293945,50.71500015258789,7127483
2025-06-18 14:30:00,50.71500015258789,50.77000045776367,50.3849983215332,50.52000045776367,7435358
2025-06-18 15:30:00,50.52000045776367,50.54999923706055,50.31999969482422,50.380001068115234,6074636
2025-06-18 16:30:00,50.369998931884766,50.474998474121094,50.29999923706055,50.38999938964844,5238572
2025-06-18 17:30:00,50.38999938964844,50.540000915527344,50.334999084472656,50.439998626708984,3845195
2025-06-18 18:30:00,50.44499969482422,50.54999923706055,50.150001525878906,50.154998779296875,6241618
2025-06-18 19:30:00,50.150001525878906,50.29999923706055,50.14500045776367,50.22999954223633,7345611
2025-06-20 13:30:00,50.3650016784668,50.56999969482422,50.29999923706055,50.42499923706055,6021211
2025-06-20 14:30:00,50.42499923706055,50.560001373291016,50.36009979248047,50.5099983215332,5101127
2025-06-20 15:30:00,50.5099983215332,50.57500076293945,50.380001068115234,50.46500015258789,6469576
2025-06-20 16:30:00,50.470001220703125,50.529998779296875,50.349998474121094,50.349998474121094,3967425
2025-06-20 17:30:00,50.349998474121094,50.369998931884766,50.220001220703125,50.32500076293945,3368335
2025-06-20 18:30:00,50.32500076293945,50.345001220703125,50.21500015258789,50.275001525878906,4072255
2025-06-20 19:30:00,50.279998779296875,50.439998626708984,50.2599983215332,50.3650016784668,6241464
2025-06-23 13:30:00,50.20000076293945,50.52000045776367,50.10499954223633,50.46500015258789,5765367
2025-06-23 14:30:00,50.46500015258789,50.48500061035156,50.22999954223633,50.244998931884766,7322590
2025-06-23 15:30:00,50.220001220703125,50.255001068115234,49.974998474121094,49.98500061035156,2451131
2025-06-23 16:30:00,49.96500015258789,50.34000015258789,49.845001220703125,50.34000015258789,8136712
2025-06-23 17:30:00,50.349998474121094,50.529998779296875,50.349998474121094,50.5099983215332,5418063
2025-06-23 18:30:00,50.505001068115234,50.689998626708984,50.48500061035156,50.6349983215332,3022101
2025-06-23 19:30:00,50.63999938964844,50.84000015258789,50.630001068115234,50.810001373291016,8982693
2025-06-24 13:30:00,51.31999969482422,51.529998779296875,51.275001525878906,51.41999816894531,10354979
2025-06-24 14:30:00,51.41999816894531,51.505001068115234,51.404998779296875,51.44499969482422,5915904
2025-06-24 15:30:00,51.45000076293945,51.52000045776367,51.43000030517578,51.4900016784668,3258932
2025-06-24 16:30:00,51.493499755859375,51.619998931884766,51.4900016784668,51.54010009765625,3733769
2025-06-24 17:30:00,51.54499816894531,51.66999816894531,51.529998779296875,51.6349983215332,2467902
2025-06-24 18:30:00,51.6349983215332,51.709999084472656,51.619998931884766,51.69499969482422,2900674
2025-06-24 19:30:00,51.69499969482422,51.77000045776367,51.560001373291016,51.56999969482422,10030792
2025-06-25 13:30:00,51.59000015258789,51.595001220703125,51.349998474121094,51.380001068115234,5389292
2025-06-25 14:30:00,51.380001068115234,51.470001220703125,51.31999969482422,51.380001068115234,4337274
2025-06-25 15:30:00,51.37009811401367,51.45000076293945,51.29499816894531,51.42499923706055,4227838
2025-06-25 16:30:00,51.42499923706055,51.43899917602539,51.31999969482422,51.39500045776367,2461358
2025-06-25 17:30:00,51.38999938964844,51.44499969482422,51.34000015258789,51.415000915527344,3875227
2025-06-25 18:30:00,51.415000915527344,51.439998626708984,51.33000183105469,51.40010070800781,3031599
2025-06-25 19:30:00,51.400001525878906,51.40650177001953,51.33000183105469,51.400001525878906,7987659
2025-06-26 13:30:00,51.439998626708984,51.720001220703125,51.40999984741211,51.59000015258789,7210338
2025-06-26 14:30:00,51.599998474121094,51.7760009765625,51.599998474121094,51.69499969482422,5561013
2025-06-26 15:30:00,51.69499969482422,51.75,51.650001525878906,51.73500061035156,4333234
2025-06-26 16:30:00,51.73500061035156,51.7599983215332,51.685001373291016,51.720001220703125,1990223
2025-06-26 17:30:00,51.724998474121094,51.790000915527344,51.71500015258789,51.755001068115234,2353843
2025-06-26 18:30:00,51.755001068115234,51.779998779296875,51.689998626708984,51.744998931884766,2260494
2025-06-26 19:30:00,51.7400016784668,51.83000183105469,51.71500015258789,51.77000045776367,8068966
2025-06-27 13:30:00,51.75,51.97999954223633,51.70000076293945,51.95500183105469,5525282
2025-06-27 14:30:00,51.959999084472656,52.099998474121094,51.93000030517578,52.040000915527344,3771666
2025-06-27 15:30:00,52.040000915527344,52.20000076293945,52.029998779296875,52.18000030517578,3086706
2025-06-27 16:30:00,52.18000030517578,52.22999954223633,52.060001373291016,52.07500076293945,6432400
2025-06-27 17:30:00,52.07500076293945,52.11000061035156,51.80500030517578,51.80500030517578,5728728
2025-06-27 18:30:00,51.80500030517578,51.85499954223633,51.70000076293945,51.79499816894531,4939356
2025-06-27 19:30:00,51.79499816894531,51.970001220703125,51.779998779296875,51.91999816894531,6551586
2025-06-30 13:30:00,52.18000030517578,52.38999938964844,52.14500045776367,52.29499816894531,8709239
2025-06-30 14:30:00,52.29499816894531,52.30500030517578,52.1349983215332,52.23500061035156,4215054
2025-06-30 15:30:00,52.2400016784668,52.349998474121094,52.23500061035156,52.26499938964844,4247538
2025-06-30 16:30:00,52.26499938964844,52.349998474121094,52.2599983215332,52.29499816894531,2505920
2025-06-30 17:30:00,52.29499816894531,52.29999923706055,52.13999938964844,52.244998931884766,3493077
2025-06-30 18:30:00,52.22999954223633,52.34000015258789,52.20500183105469,52.30500030517578,3888492
2025-06-30 19:30:00,52.29999923706055,52.4375,52.20500183105469,52.349998474121094,9428558
2025-07-01 13:30:00,52.2400016784668,52.400001525878906,52.209999084472656,52.345001220703125,5580752
2025-07-01 14:30:00,52.345001220703125,52.459999084472656,52.279998779296875,52.45500183105469,5827688
2025-07-01 15:30:00,52.45500183105469,52.56999969482422,52.323001861572266,52.505001068115234,5735835
2025-07-01 16:30:00,52.502498626708984,52.68000030517578,52.43000030517578,52.660099029541016,5245290
2025-07-01 17:30:00,52.665000915527344,52.724998474121094,52.58000183105469,52.63999938964844,2257537
2025-07-01 18:30:00,52.63999938964844,52.73500061035156,52.61000061035156,52.71500015258789,3217406
2025-07-01 19:30:00,52.71500015258789,52.76499938964844,52.63999938964844,52.66999816894531,4795683
2025-07-02 13:30:00,52.75,52.7599983215332,52.34000015258789,52.46500015258789,9388270
2025-07-02 14:30:00,52.46500015258789,52.529998779296875,52.345001220703125,52.412899017333984,5192838
2025-07-02 15:30:00,52.41999816894531,52.54999923706055,52.3849983215332,52.42499923706055,3942616
2025-07-02 16:30:00,52.42499923706055,52.527099609375,52.40999984741211,52.48500061035156,2316738
2025-07-02 17:30:00,52.4900016784668,52.52000045776367,52.41999816894531,52.435001373291016,2350978
2025-07-02 18:30:00,52.435001373291016,52.58000183105469,52.435001373291016,52.564998626708984,6944361
2025-07-02 19:30:00,52.564998626708984,52.61000061035156,52.53499984741211,52.61000061035156,6944032
2025-07-03 13:30:00,52.75,53.147499084472656,52.69499969482422,53.125,8549320
2025-07-03 14:30:00,53.125,53.255001068115234,53.08000183105469,53.130001068115234,4519092
2025-07-03 15:30:00,53.125,53.165000915527344,53.09000015258789,53.150001525878906,3873728
2025-07-07 13:30:00,53.130001068115234,53.25,52.91999816894531,52.96500015258789,6912054
2025-07-07 14:30:00,52.96500015258789,52.998199462890625,52.79999923706055,52.845001220703125,3359341
2025-07-07 15:30:00,52.845001220703125,52.849998474121094,52.58000183105469,52.689998626708984,5109588
2025-07-07 16:30:00,52.685001373291016,52.73500061035156,52.52000045776367,52.654998779296875,3977356
2025-07-07 17:30:00,52.654598236083984,52.744998931884766,52.415000915527344,52.435001373291016,3512475
2025-07-07 18:30:00,52.435001373291016,52.599998474121094,52.42499923706055,52.53499984741211,2840807
2025-07-07 19:30:00,52.529998779296875,52.709999084472656,52.52000045776367,52.709999084472656,7342697
2025-07-08 13:30:00,52.560001373291016,52.599998474121094,52.279998779296875,52.334999084472656,16683642
2025-07-08 14:30:00,52.34000015258789,52.435001373291016,52.18000030517578,52.35499954223633,7549095
2025-07-08 15:30:00,52.35499954223633,52.43000030517578,52.2400016784668,52.3650016784668,4733798
2025-07-08 16:30:00,52.369998931884766,52.38999938964844,52.220001220703125,52.310001373291016,4509897
2025-07-08 17:30:00,52.310001373291016,52.34000015258789,52.2400016784668,52.26499938964844,6016856
2025-07-08 18:30:00,52.26300048828125,52.29999923706055,52.220001220703125,52.275001525878906,5089500
2025-07-08 19:30:00,52.275001525878906,52.290000915527344,52.17499923706055,52.22999954223633,7141313
2025-07-09 13:30:00,52.47999954223633,52.5,52.290000915527344,52.36899948120117,8536812
2025-07-09 14:30:00,52.349998474121094,52.38999938964844,52.2400016784668,52.30500030517578,4093355
2025-07-09 15:30:00,52.30500030517578,52.339900970458984,52.17499923706055,52.17499923706055,3534617
2025-07-09 16:30:00,52.18000030517578,52.334999084472656,52.13999938964844,52.31999969482422,4980993
2025-07-09 17:30:00,52.314998626708984,52.40999984741211,52.25,52.275001525878906,5693422
2025-07-09 18:30:00,52.27000045776367,52.334999084472656,52.23500061035156,52.329898834228516,3687189
2025-07-09 19:30:00,52.32500076293945,52.400001525878906,52.314701080322266,52.375,4677633
2025-07-10 13:30:00,52.279998779296875,52.56999969482422,52.279998779296875,52.494998931884766,6426087
2025-07-10 14:30:00,52.5,52.70000076293945,52.4900016784668,52.665000915527344,6005182
2025-07-10 15:30:00,52.665000915527344,52.720001220703125,52.619998931884766,52.654998779296875,2696439
2025-07-10 16:30:00,52.650001525878906,52.7400016784668,52.619998931884766,52.685001373291016,2190369
2025-07-10 17:30:00,52.685001373291016,52.72999954223633,52.650001525878906,52.683101654052734,1882484
2025-07-10 18:30:00,52.685001373291016,52.72999954223633,52.594200134277344,52.7052001953125,2156969
2025-07-10 19:30:00,52.709999084472656,52.7599983215332,52.650001525878906,52.720001220703125,4778724
2025-07-11 13:30:00,52.36000061035156,52.400001525878906,52.099998474121094,52.22999954223633,6596238
2025-07-11 14:30:00,52.22999954223633,52.32569885253906,52.20500183105469,52.20500183105469,3075597
2025-07-11 15:30:00,52.209999084472656,52.279998779296875,52.08000183105469,52.176998138427734,3270722
2025-07-11 16:30:00,52.17499923706055,52.244998931884766,52.14500045776367,52.205101013183594,1939288
2025-07-11 17:30:00,52.20500183105469,52.279998779296875,52.095001220703125,52.1349983215332,3208532
2025-07-11 18:30:00,52.130001068115234,52.27000045776367,52.119998931884766,52.244998931884766,4490257
2025-07-11 19:30:00,52.2400016784668,52.27000045776367,52.13999938964844,52.17499923706055,6966327
2025-07-14 13:30:00,52.150001525878906,52.470001220703125,52.02000045776367,52.400001525878906,6699676
2025-07-14 14:30:00,52.400001525878906,52.5088005065918,52.34000015258789,52.505001068115234,3769347
2025-07-14 15:30:00,52.5099983215332,52.560001373291016,52.439998626708984,52.48500061035156,3205441
2025-07-14 16:30:00,52.48500061035156,52.557498931884766,52.42499923706055,52.53499984741211,2223671
2025-07-14 17:30:00,52.540000915527344,52.57500076293945,52.48500061035156,52.51499938964844,2203744
2025-07-14 18:30:00,52.51499938964844,52.56999969482422,52.470001220703125,52.505001068115234,3546644
2025-07-14 19:30:00,52.5099983215332,52.57500076293945,52.4900016784668,52.54499816894531,4913320
2025-07-15 13:30:00,52.34000015258789,52.44599914550781,51.94499969482422,52.01499938964844,11619511
2025-07-15 14:30:00,52.01499938964844,52.027099609375,51.849998474121094,51.935001373291016,5531953
2025-07-15 15:30:00,51.939998626708984,52.015899658203125,51.83000183105469,51.87929916381836,3872300
2025-07-15 16:30:00,51.87409973144531,51.91999816894531,51.75,51.869998931884766,2740949
2025-07-15 17:30:00,51.8650016784668,51.8849983215332,51.779998779296875,51.86000061035156,4825049
2025-07-15 18:30:00,51.86000061035156,51.904998779296875,51.74489974975586,51.82500076293945,4870250
2025-07-15 19:30:00,51.83000183105469,51.84510040283203,51.65999984741211,51.67499923706055,11415276
2025-07-16 13:30:00,51.93000030517578,52.04999923706055,51.755001068115234,51.78499984741211,10847428
2025-07-16 14:30:00,51.78030014038086,51.880001068115234,51.439998626708984,51.6150016784668,10560286
2025-07-16 15:30:00,51.61000061035156,51.744998931884766,51.32500076293945,51.689998626708984,6555168
2025-07-16 16:30:00,51.689998626708984,51.885101318359375,51.64500045776367,51.849998474121094,2481162
2025-07-16 17:30:00,51.849998474121094,51.929901123046875,51.83000183105469,51.904998779296875,2421661
2025-07-16 18:30:00,51.904998779296875,52.059898376464844,51.903499603271484,52.025001525878906,3998346
2025-07-16 19:30:00,52.02000045776367,52.060001373291016,51.959999084472656,52.02000045776367,6764671
2025-07-17 13:30:00,51.869998931884766,52.31999969482422,51.810001373291016,52.07500076293945,11207625
2025-07-17 14:30:00,52.07500076293945,52.224998474121094,51.9900016784668,52.20500183105469,4994486
2025-07-17 15:30:00,52.20500183105469,52.36000061035156,52.20000076293945,52.224998474121094,4815082
2025-07-17 16:30:00,52.224998474121094,52.29999923706055,52.209999084472656,52.275001525878906,3681937
2025-07-17 17:30:00,52.275001525878906,52.5099983215332,52.26499938964844,52.5,3209834
2025-07-17 18:30:00,52.505001068115234,52.599998474121094,52.46260070800781,52.525001525878906,5656602
2025-07-17 19:30:00,52.525001525878906,52.59000015258789,52.474998474121094,52.529998779296875,8702020
2025-07-18 13:30:00,52.56999969482422,52.64500045776367,52.46500015258789,52.53499984741211,8243347
2025-07-18 14:30:00,52.53499984741211,52.619998931884766,52.43000030517578,52.54499816894531,4538928
2025-07-18 15:30:00,52.54499816894531,52.6349983215332,52.4900016784668,52.505001068115234,4577223
2025-07-18 16:30:00,52.505001068115234,52.599998474121094,52.459999084472656,52.470001220703125,3555788
2025-07-18 17:30:00,52.474998474121094,52.560001373291016,52.45000076293945,52.46500015258789,2235710
2025-07-18 18:30:00,52.46500015258789,52.54999923706055,52.45000076293945,52.53499984741211,2339983
2025-07-18 19:30:00,52.540000915527344,52.599998474121094,52.4900016784668,52.540000915527344,3326850
2025-07-21 13:30:00,52.56999969482422,52.7599983215332,52.529998779296875,52.744998931884766,6867545
2025-07-21 14:30:00,52.7400016784668,52.880001068115234,52.63999938964844,52.869998931884766,4242418
2025-07-21 15:30:00,52.8650016784668,52.939998626708984,52.8400993347168,52.86000061035156,6568741
2025-07-21 16:30:00,52.859901428222656,52.89500045776367,52.79349899291992,52.79669952392578,2148703
2025-07-21 17:30:00,52.79499816894531,52.80569839477539,52.7400016784668,52.744998931884766,1778621
2025-07-21 18:30:00,52.7401008605957,52.75,52.4901008605957,52.494998931884766,4223382
2025-07-21 19:30:00,52.5,52.529998779296875,52.369998931884766,52.415000915527344,7078216
2025-07-22 13:30:00,52.5,52.709999084472656,52.470001220703125,52.6349983215332,8655612
2025-07-22 14:30:00,52.630001068115234,52.70000076293945,52.599998474121094,52.61000061035156,3763787
2025-07-22 15:30:00,52.618099212646484,52.65999984741211,52.51499938964844,52.619998931884766,2991190
2025-07-22 16:30:00,52.6150016784668,52.709999084472656,52.57500076293945,52.69499969482422,2888157
2025-07-22 17:30:00,52.70000076293945,52.73500061035156,52.5900993347168,52.64500045776367,4036541
2025-07-22 18:30:00,52.64500045776367,52.72999954223633,52.630001068115234,52.66999816894531,4094409
2025-07-22 19:30:00,52.67499923706055,52.744998931884766,52.64500045776367,52.665000915527344,4890696
2025-07-23 13:30:00,52.75,52.80509948730469,52.560001373291016,52.74250030517578,8272613
2025-07-23 14:30:00,52.75,52.78739929199219,52.6525993347168,52.73500061035156,2972820
2025-07-23 15:30:00,52.7400016784668,52.93000030517578,52.66999816894531,52.875,4352567
2025-07-23 16:30:00,52.875,52.95989990234375,52.82500076293945,52.915000915527344,1980958
2025-07-23 17:30:00,52.915000915527344,53.02000045776367,52.904998779296875,52.974998474121094,2963527
2025-07-23 18:30:00,52.974998474121094,53.04999923706055,52.959999084472656,53.01499938964844,3261175
2025-07-23 19:30:00,53.02000045776367,53.095001220703125,53.0099983215332,53.06999969482422,5272853
2025-07-24 13:30:00,53.119998931884766,53.30500030517578,53.040000915527344,53.21500015258789,7378737
2025-07-24 14:30:00,53.21500015258789,53.439998626708984,53.20500183105469,53.345001220703125,4151407
2025-07-24 15:30:00,53.349998474121094,53.435001373291016,53.29999923706055,53.310001373291016,3060314
2025-07-24 16:30:00,53.310001373291016,53.3849983215332,53.29359817504883,53.33000183105469,2255660
2025-07-24 17:30:00,53.32500076293945,53.39500045776367,53.279998779296875,53.3025016784668,2235862
2025-07-24 18:30:00,53.30500030517578,53.32500076293945,53.21500015258789,53.253501892089844,5252030
2025-07-24 19:30:00,53.25,53.26499938964844,53.04499816894531,53.060001373291016,6453779
2025-07-25 13:30:00,53.099998474121094,53.23500061035156,52.9900016784668,53.21969985961914,7112850
2025-07-25 14:30:00,53.21500015258789,53.380001068115234,53.20500183105469,53.2599983215332,4777405
2025-07-25 15:30:00,53.255001068115234,53.30500030517578,53.20500183105469,53.29999923706055,2872533
2025-07-25 16:30:00,53.29499816894531,53.41999816894531,53.27000045776367,53.415000915527344,2457316
2025-07-25 17:30:00,53.415000915527344,53.486698150634766,53.41460037231445,53.445499420166016,2713530
2025-07-25 18:30:00,53.44499969482422,53.47999954223633,53.400001525878906,53.42689895629883,2462672
2025-07-25 19:30:00,53.42499923706055,53.47999954223633,53.400001525878906,53.43000030517578,5652235
2025-07-28 13:30:00,53.380001068115234,53.439998626708984,53.28499984741211,53.404998779296875,5701668
2025-07-28 14:30:00,53.404998779296875,53.40999984741211,53.1349983215332,53.185001373291016,5214846
2025-07-28 15:30:00,53.18000030517578,53.23820114135742,53.130001068115234,53.20500183105469,4055642
2025-07-28 16:30:00,53.20320129394531,53.220001220703125,53.06999969482422,53.08000183105469,1765933
2025-07-28 17:30:00,53.084999084472656,53.099998474121094,52.959999084472656,52.994998931884766,2207945
2025-07-28 18:30:00,52.994998931884766,53.04999923706055,52.97999954223633,52.99399948120117,3087307
2025-07-28 19:30:00,52.9900016784668,53.084999084472656,52.980098724365234,53.06999969482422,5918867
2025-07-29 13:30:00,53.25,53.29499816894531,53.13999938964844,53.165000915527344,7219087
2025-07-29 14:30:00,53.165000915527344,53.18000030517578,52.88999938964844,52.900001525878906,3965675
2025-07-29 15:30:00,52.900001525878906,52.959999084472656,52.849998474121094,52.935001373291016,6691153
2025-07-29 16:30:00,52.939998626708984,53.01499938964844,52.900001525878906,52.96500015258789,3075814
2025-07-29 17:30:00,52.96500015258789,52.97999954223633,52.79499816894531,52.814998626708984,3652643
2025-07-29 18:30:00,52.810001373291016,52.849998474121094,52.7599983215332,52.78310012817383,3311050
2025-07-29 19:30:00,52.790000915527344,52.79999923706055,52.68000030517578,52.779998779296875,6374186
2025-07-30 13:30:00,52.779998779296875,52.97999954223633,52.709999084472656,52.931800842285156,6472937
2025-07-30 14:30:00,52.935001373291016,52.98740005493164,52.82500076293945,52.87009811401367,4374804
2025-07-30 15:30:00,52.875,52.970001220703125,52.85499954223633,52.95500183105469,3630024
2025-07-30 16:30:00,52.95500183105469,52.97999954223633,52.894798278808594,52.904998779296875,3072944
2025-07-30 17:30:00,52.90599822998047,53.0,52.87289810180664,52.959999084472656,2603850
2025-07-30 18:30:00,52.95819854736328,53.025001525878906,52.45500183105469,52.4900016784668,8452790
2025-07-30 19:30:00,52.4900016784668,52.720001220703125,52.439998626708984,52.68000030517578,6297384
2025-07-31 13:30:00,52.47999954223633,52.9900016784668,52.47999954223633,52.79010009765625,11788709
2025-07-31 14:30:00,52.79999923706055,52.8849983215332,52.55500030517578,52.63990020751953,6920889
2025-07-31 15:30:00,52.6349983215332,52.83000183105469,52.619998931884766,52.79499816894531,4292461
2025-07-31 16:30:00,52.79499816894531,52.84000015258789,52.5099983215332,52.554100036621094,3843999
2025-07-31 17:30:00,52.54999923706055,52.68000030517578,52.45500183105469,52.65999984741211,5673951
2025-07-31 18:30:00,52.65999984741211,52.775001525878906,52.4900016784668,52.5099983215332,4220736
2025-07-31 19:30:00,52.52000045776367,52.56999969482422,52.27000045776367,52.36000061035156,7721649
2025-08-01 13:30:00,51.720001220703125,51.7599983215332,51.04999923706055,51.41999816894531,18783634
2025-08-01 14:30:00,51.40999984741211,51.5099983215332,51.20000076293945,51.23500061035156,7634289
2025-08-01 15:30:00,51.2400016784668,51.630001068115234,51.224998474121094,51.56999969482422,6037252
2025-08-01 16:30:00,51.57500076293945,51.59000015258789,51.28499984741211,51.28499984741211,6023205
2025-08-01 17:30:00,51.28499984741211,51.38999938964844,51.209999084472656,51.375,5152067
2025-08-01 18:30:00,51.375,51.474998474121094,51.29499816894531,51.42499923706055,5898897
2025-08-01 19:30:00,51.42499923706055,51.519901275634766,51.33000183105469,51.415000915527344,12258267
2025-08-04 13:30:00,51.599998474121094,51.7599983215332,51.48500061035156,51.71480178833008,9395779
2025-08-04 14:30:00,51.71480178833008,51.8650016784668,51.65010070800781,51.744998931884766,9414474
2025-08-04 15:30:00,51.7400016784668,51.7599983215332,51.6349983215332,51.640098571777344,3460621
2025-08-04 16:30:00,51.63999938964844,51.81999969482422,51.6349983215332,51.7599983215332,3346147
2025-08-04 17:30:00,51.7599983215332,51.790000915527344,51.68000030517578,51.724998474121094,2555974
2025-08-04 18:30:00,51.724998474121094,51.86000061035156,51.724998474121094,51.845001220703125,3035103
2025-08-04 19:30:00,51.849998474121094,51.900001525878906,51.82350158691406,51.89500045776367,7147828
2025-08-05 13:30:00,52.04999923706055,52.09000015258789,51.54999923706055,51.630001068115234,6812322
2025-08-05 14:30:00,51.625,51.630001068115234,51.36000061035156,51.500099182128906,6195679
2025-08-05 15:30:00,51.505001068115234,51.689998626708984,51.459999084472656,51.68000030517578,4333836
2025-08-05 16:30:00,51.685001373291016,51.84000015258789,51.630001068115234,51.82500076293945,4460173
2025-08-05 17:30:00,51.83000183105469,51.869998931884766,51.665000915527344,51.706298828125,2581456
2025-08-05 18:30:00,51.709999084472656,51.84000015258789,51.68000030517578,51.805198669433594,3300271
2025-08-05 19:30:00,51.80500030517578,51.83000183105469,51.66999816894531,51.69499969482422,4805353
2025-08-06 13:30:00,51.810001373291016,51.96500015258789,51.65999984741211,51.70000076293945,8252020
2025-08-06 14:30:00,51.689998626708984,51.9650993347168,51.65999984741211,51.95000076293945,4040907
2025-08-06 15:30:00,51.95500183105469,52.01499938964844,51.875,51.959999084472656,3735409
2025-08-06 16:30:00,51.96500015258789,52.025001525878906,51.86000061035156,51.904998779296875,3598958
2025-08-06 17:30:00,51.904998779296875,52.016998291015625,51.900001525878906,51.97999954223633,3371909
2025-08-06 18:30:00,51.97999954223633,52.005001068115234,51.91999816894531,51.94499969482422,3548702
2025-08-06 19:30:00,51.94499969482422,51.9900016784668,51.91999816894531,51.939998626708984,4299793
2025-08-07 13:30:00,52.18000030517578,52.25,51.7400016784668,51.779998779296875,10559366
2025-08-07 14:30:00,51.775001525878906,51.79999923706055,51.47999954223633,51.51499938964844,5363494
2025-08-07 15:30:00,51.51499938964844,51.54999923706055,51.33000183105469,51.40999984741211,4904844
2025-08-07 16:30:00,51.419898986816406,51.45000076293945,51.220001220703125,51.24509811401367,4091422
2025-08-07 17:30:00,51.244998931884766,51.399898529052734,51.22999954223633,51.35499954223633,4161937
2025-08-07 18:30:00,51.349998474121094,51.40999984741211,51.290000915527344,51.334999084472656,4612655
2025-08-07 19:30:00,51.34000015258789,51.40999984741211,51.2599983215332,51.380001068115234,8378531
2025-08-08 13:30:00,51.66999816894531,51.91899871826172,51.5,51.834999084472656,6921870
2025-08-08 14:30:00,51.834999084472656,51.899898529052734,51.66999816894531,51.709999084472656,5239656
2025-08-08 15:30:00,51.70000076293945,51.86000061035156,51.599998474121094,51.76499938964844,4258141
2025-08-08 16:30:00,51.76499938964844,51.869998931884766,51.69499969482422,51.85499954223633,3995354
2025-08-08 17:30:00,51.85499954223633,51.970001220703125,51.849998474121094,51.904998779296875,3555126
2025-08-08 18:30:00,51.900001525878906,51.93000030517578,51.834999084472656,51.87990188598633,3798489
2025-08-08 19:30:00,51.880001068115234,51.88589859008789,51.720001220703125,51.84000015258789,8706264
2025-08-11 13:30:00,51.959999084472656,52.029998779296875,51.84000015258789,51.869998931884766,6103957
2025-08-11 14:30:00,51.86410140991211,51.875,51.7400016784668,51.82500076293945,5065046
2025-08-11 15:30:00,51.82500076293945,51.97999954223633,51.790000915527344,51.94810104370117,3551452
2025-08-11 16:30:00,51.94810104370117,51.95000076293945,51.750099182128906,51.82500076293945,4271949
2025-08-11 17:30:00,51.82500076293945,51.88999938964844,51.794898986816406,51.814998626708984,2287944
2025-08-11 18:30:00,51.814998626708984,51.87630081176758,51.71500015258789,51.8650016784668,2575610
2025-08-11 19:30:00,51.86000061035156,51.88999938964844,51.7400016784668,51.834999084472656,4785445
2025-08-12 13:30:00,52.04999923706055,52.46500015258789,52.04999923706055,52.45000076293945,8483988
2025-08-12 14:30:00,52.459999084472656,52.54990005493164,52.32500076293945,52.400001525878906,7692634
2025-08-12 15:30:00,52.39500045776367,52.459999084472656,52.369998931884766,52.439998626708984,3222633
2025-08-12 16:30:00,52.435001373291016,52.4900016784668,52.369998931884766,52.40999984741211,2677279
2025-08-12 17:30:00,52.415000915527344,52.5,52.400001525878906,52.4099006652832,3460746
2025-08-12 18:30:00,52.40999984741211,52.439998626708984,52.349998474121094,52.415000915527344,4193487
2025-08-12 19:30:00,52.415000915527344,52.47999954223633,52.38999938964844,52.44499969482422,6609366
2025-08-13 13:30:00,52.65999984741211,52.90999984741211,52.540000915527344,52.77000045776367,8709029
2025-08-13 14:30:00,52.775001525878906,52.78499984741211,52.619998931884766,52.715301513671875,6998433
2025-08-13 15:30:00,52.720001220703125,52.779998779296875,52.58000183105469,52.595001220703125,4435801
2025-08-13 16:30:00,52.59510040283203,52.63850021362305,52.48500061035156,52.57500076293945,6927828
2025-08-13 17:30:00,52.56999969482422,52.6974983215332,52.5,52.67150115966797,1845263
2025-08-13 18:30:00,52.68000030517578,52.76499938964844,52.650001525878906,52.66999816894531,3405810
2025-08-13 19:30:00,52.665000915527344,52.790000915527344,52.650001525878906,52.75,7481987
2025-08-14 13:30:00,52.709999084472656,52.845001220703125,52.529998779296875,52.724998474121094,7987013
2025-08-14 14:30:00,52.72999954223633,52.82529830932617,52.68000030517578,52.685001373291016,3992522
2025-08-14 15:30:00,52.689998626708984,52.77560043334961,52.6150016784668,52.665000915527344,4477340
2025-08-14 16:30:00,52.665000915527344,52.79999923706055,52.625,52.79499816894531,2643059
2025-08-14 17:30:00,52.794700622558594,52.849998474121094,52.75,52.81999969482422,2611037
2025-08-14 18:30:00,52.814998626708984,53.0099983215332,52.81010055541992,52.96149826049805,4507163
2025-08-14 19:30:00,52.959999084472656,53.04999923706055,52.935001373291016,53.01499938964844,8089955
2025-08-15 13:30:00,53.130001068115234,53.150001525878906,52.595001220703125,52.685001373291016,7614575
2025-08-15 14:30:00,52.68000030517578,52.71500015258789,52.595001220703125,52.625,5264223
2025-08-15 15:30:00,52.630001068115234,52.720001220703125,52.56999969482422,52.61000061035156,6062764
2025-08-15 16:30:00,52.61000061035156,52.628501892089844,52.4900016784668,52.595001220703125,3060460
2025-08-15 17:30:00,52.595001220703125,52.630001068115234,52.540000915527344,52.60499954223633,4278698
2025-08-15 18:30:00,52.60499954223633,52.6349983215332,52.5,52.529998779296875,5627277
2025-08-15 19:30:00,52.525001525878906,52.529998779296875,52.41999816894531,52.459999084472656,13164991
2025-08-18 13:30:00,52.3849983215332,52.470001220703125,52.290000915527344,52.334999084472656,6193044
2025-08-18 14:30:00,52.334999084472656,52.470001220703125,52.31010055541992,52.45000076293945,3702483
2025-08-18 15:30:00,52.45000076293945,52.5,52.40250015258789,52.47990036010742,3210249
2025-08-18 16:30:00,52.474998474121094,52.5,52.415000915527344,52.45500183105469,2019196
2025-08-18 17:30:00,52.45000076293945,52.5099983215332,52.380001068115234,52.42499923706055,1956002
2025-08-18 18:30:00,52.43000030517578,52.5,52.41999816894531,52.494998931884766,2518226
2025-08-18 19:30:00,52.494998931884766,52.560001373291016,52.4900016784668,52.5,3120924
2025-08-19 13:30:00,52.45000076293945,52.82500076293945,52.45000076293945,52.814998626708984,5104049
2025-08-19 14:30:00,52.810001373291016,52.86989974975586,52.650001525878906,52.70500183105469,5094991
2025-08-19 15:30:00,52.70000076293945,52.7400016784668,52.505001068115234,52.5099983215332,3222374
2025-08-19 16:30:00,52.5099983215332,52.56999969482422,52.46500015258789,52.54499816894531,2529359
2025-08-19 17:30:00,52.54499816894531,52.59000015258789,52.4901008605957,52.52000045776367,1763138
2025-08-19 18:30:00,52.51499938964844,52.56999969482422,52.4900016784668,52.54999923706055,2837400
2025-08-19 19:30:00,52.54999923706055,52.6150016784668,52.5,52.61000061035156,3359569
2025-08-20 13:30:00,52.63999938964844,52.8400993347168,52.505001068115234,52.6349983215332,11540092
2025-08-20 14:30:00,52.6349983215332,52.869998931884766,52.619998931884766,52.84349822998047,6421912
2025-08-20 15:30:00,52.849998474121094,52.85499954223633,52.64500045776367,52.775001525878906,3943721
2025-08-20 16:30:00,52.779998779296875,52.84000015258789,52.720001220703125,52.77320098876953,3618097
2025-08-20 17:30:00,52.779998779296875,52.86000061035156,52.65999984741211,52.71500015258789,3550866
2025-08-20 18:30:00,52.71500015258789,52.95539855957031,52.70000076293945,52.935001373291016,2643568
2025-08-20 19:30:00,52.935001373291016,53.0098991394043,52.834999084472656,52.86000061035156,6379041
2025-08-21 13:30:00,52.720001220703125,52.720001220703125,52.349998474121094,52.70000076293945,6725076
2025-08-21 14:30:00,52.69499969482422,52.77000045776367,52.61989974975586,52.724998474121094,4681022
2025-08-21 15:30:00,52.724998474121094,52.79999923706055,52.599998474121094,52.68000030517578,3216150
2025-08-21 16:30:00,52.68000030517578,52.7599983215332,52.595001220703125,52.63999938964844,4467538
2025-08-21 17:30:00,52.63999938964844,52.75,52.625,52.685001373291016,1775911
2025-08-21 18:30:00,52.685001373291016,52.7599983215332,52.650001525878906,52.665000915527344,1870512
2025-08-21 19:30:00,52.65999984741211,52.724998474121094,52.619998931884766,52.70000076293945,4743784
2025-08-22 13:30:00,52.970001220703125,53.505001068115234,52.94499969482422,53.334999084472656,10086748
2025-08-22 14:30:00,53.334999084472656,53.619998931884766,53.334999084472656,53.56999969482422,7124337
2025-08-22 15:30:00,53.57500076293945,53.68000030517578,53.564998626708984,53.61000061035156,5047045
2025-08-22 16:30:00,53.61000061035156,53.68000030517578,53.58000183105469,53.60499954223633,3938319
2025-08-22 17:30:00,53.60499954223633,53.630001068115234,53.4901008605957,53.505001068115234,4272412
2025-08-22 18:30:00,53.505001068115234,53.584999084472656,53.4901008605957,53.50640106201172,5037231
2025-08-22 19:30:00,53.5099983215332,53.599998474121094,53.459999084472656,53.57500076293945,10024390
2025-08-25 13:30:00,53.470001220703125,53.57500076293945,53.25,53.34989929199219,6170130
2025-08-25 14:30:00,53.345001220703125,53.369998931884766,53.279998779296875,53.314998626708984,3975481
2025-08-25 15:30:00,53.314998626708984,53.36000061035156,53.23500061035156,53.32500076293945,3000069
2025-08-25 16:30:00,53.32500076293945,53.38999938964844,53.290000915527344,53.314998626708984,3309504
2025-08-25 17:30:00,53.31010055541992,53.32500076293945,53.244998931884766,53.29499816894531,1959041
2025-08-25 18:30:00,53.290000915527344,53.35499954223633,53.2599983215332,53.270301818847656,2070410
2025-08-25 19:30:00,53.27000045776367,53.33000183105469,53.2400016784668,53.25,3639763
2025-08-26 13:30:00,53.099998474121094,53.310001373291016,53.099998474121094,53.23500061035156,5361103
2025-08-26 14:30:00,53.23500061035156,53.25,53.125,53.15999984741211,3963693
2025-08-26 15:30:00,53.15999984741211,53.29999923706055,53.15999984741211,53.279998779296875,3275003
2025-08-26 16:30:00,53.279998779296875,53.380001068115234,53.27000045776367,53.369998931884766,2678053
2025-08-26 17:30:00,53.380001068115234,53.40999984741211,53.34000015258789,53.384300231933594,2153250
2025-08-26 18:30:00,53.3849983215332,53.54999923706055,53.380001068115234,53.529998779296875,3062201
2025-08-26 19:30:00,53.53499984741211,53.689998626708984,53.52000045776367,53.65999984741211,6174171
2025-08-27 13:30:00,53.540000915527344,53.875999450683594,53.5099983215332,53.79499816894531,5378442
2025-08-27 14:30:00,53.79499816894531,53.939998626708984,53.724998474121094,53.92499923706055,3986618
2025-08-27 15:30:00,53.92499923706055,53.939998626708984,53.779998779296875,53.814998626708984,4837115
2025-08-27 16:30:00,53.813899993896484,53.875,53.7599983215332,53.86000061035156,5961345
2025-08-27 17:30:00,53.8650016784668,53.88999938964844,53.82500076293945,53.86000061035156,4318884
2025-08-27 18:30:00,53.85499954223633,53.90999984741211,53.82500076293945,53.87009811401367,4407154
2025-08-27 19:30:00,53.875,53.90999984741211,53.7599983215332,53.7599983215332,8042779
2025-08-28 13:30:00,53.88999938964844,53.900001525878906,53.720001220703125,53.8650016784668,5844527
2025-08-28 14:30:00,53.869998931884766,53.88999938964844,53.69499969482422,53.720001220703125,4024537
2025-08-28 15:30:00,53.720001220703125,53.88999938964844,53.720001220703125,53.8849983215332,3173003
2025-08-28 16:30:00,53.88999938964844,53.900001525878906,53.79999923706055,53.810001373291016,3023665
2025-08-28 17:30:00,53.81999969482422,53.8650016784668,53.79999923706055,53.82500076293945,1962218
2025-08-28 18:30:00,53.82500076293945,53.880001068115234,53.81999969482422,53.86000061035156,1977940
2025-08-28 19:30:00,53.8650016784668,53.90629959106445,53.790000915527344,53.86000061035156,4834434
2025-08-29 13:30:00,53.900001525878906,54.06999969482422,53.79999923706055,53.904998779296875,10712149
2025-08-29 14:30:00,53.904998779296875,54.04990005493164,53.834999084472656,53.982200622558594,5269242
2025-08-29 15:30:00,53.98500061035156,54.13999938964844,53.96500015258789,54.079898834228516,3938796
2025-08-29 16:30:00,54.08000183105469,54.130001068115234,54.04499816894531,54.084999084472656,2851158
2025-08-29 17:30:00,54.08000183105469,54.130001068115234,54.029998779296875,54.04999923706055,1670939
2025-08-29 18:30:00,54.04999923706055,54.07500076293945,53.96500015258789,53.98509979248047,1963437
2025-08-29 19:30:00,53.9900016784668,54.0099983215332,53.875,53.9900016784668,4799443
2025-09-02 13:30:00,53.70000076293945,53.70000076293945,53.1150016784668,53.459999084472656,11097906
2025-09-02 14:30:00,53.459999084472656,53.540000915527344,53.282501220703125,53.334999084472656,4652456
2025-09-02 15:30:00,53.334999084472656,53.34000015258789,53.16999816894531,53.20000076293945,7270432
2025-09-02 16:30:00,53.20000076293945,53.375,53.189998626708984,53.35279846191406,3514203
2025-09-02 17:30:00,53.36000061035156,53.5,53.35499954223633,53.3650016784668,2482507
2025-09-02 18:30:00,53.3650016784668,53.470001220703125,53.29999923706055,53.45500183105469,2912972
2025-09-02 19:30:00,53.45573425292969,53.599998474121094,53.44499969482422,53.59000015258789,5377762
2025-09-03 13:30:00,53.5,53.595001220703125,53.32500076293945,53.39500045776367,7409850
2025-09-03 14:30:00,53.400001525878906,53.54999923706055,53.36000061035156,53.3849983215332,4635850
2025-09-03 15:30:00,53.38999938964844,53.41999816894531,53.250099182128906,53.26499938964844,3556407
2025-09-03 16:30:00,53.26499938964844,53.29999923706055,53.16279983520508,53.27009963989258,4236353
2025-09-03 17:30:00,53.27000045776367,53.2952995300293,53.130001068115234,53.27000045776367,4456307
2025-09-03 18:30:00,53.27000045776367,53.310001373291016,53.224998474121094,53.26499938964844,3277812
2025-09-03 19:30:00,53.26499938964844,53.529998779296875,53.2599983215332,53.52000045776367,6367756
2025-09-04 13:30:00,53.689998626708984,53.845001220703125,53.564998626708984,53.75,7280014
2025-09-04 14:30:00,53.744998931884766,53.88999938964844,53.72999954223633,53.849998474121094,3950571
2025-09-04 15:30:00,53.85499954223633,53.93000030517578,53.83000183105469,53.875,3272559
2025-09-04 16:30:00,53.875,53.9900016784668,53.849998474121094,53.974998474121094,3560242
2025-09-04 17:30:00,53.974998474121094,54.060001373291016,53.939998626708984,54.025001525878906,2160807
2025-09-04 18:30:00,54.025001525878906,54.07500076293945,53.970001220703125,54.03499984741211,3424267
2025-09-04 19:30:00,54.03499984741211,54.060001373291016,54.0,54.040000915527344,7939860
2025-09-05 13:30:00,54.10499954223633,54.25,53.30500030517578,53.334999084472656,15457041
2025-09-05 14:30:00,53.334999084472656,53.349998474121094,52.880001068115234,53.125,12379039
2025-09-05 15:30:00,53.119998931884766,53.15999984741211,52.98030090332031,53.01499938964844,6447515
2025-09-05 16:30:00,53.02000045776367,53.13999938964844,52.970001220703125,53.0,4353459
2025-09-05 17:30:00,53.005001068115234,53.025001525878906,52.869998931884766,52.994998931884766,5710475
2025-09-05 18:30:00,52.99449920654297,53.17720031738281,52.99449920654297,53.150001525878906,5196392
2025-09-05 19:30:00,53.154998779296875,53.16510009765625,53.04499816894531,53.08000183105469,7792102
2025-09-08 13:30:00,53.09000015258789,53.119998931884766,52.834999084472656,52.915000915527344,10182886
2025-09-08 14:30:00,52.915000915527344,53.11000061035156,52.900001525878906,53.084999084472656,4578521
2025-09-08 15:30:00,53.084999084472656,53.09000015258789,52.95000076293945,53.039798736572266,3832836
2025-09-08 16:30:00,53.040000915527344,53.099998474121094,52.9900016784668,53.064998626708984,3336203
2025-09-08 17:30:00,53.060001373291016,53.08000183105469,52.869998931884766,52.994998931884766,4393322
2025-09-08 18:30:00,52.994998931884766,53.09000015258789,52.9739990234375,52.98500061035156,5098417
2025-09-08 19:30:00,52.9900016784668,53.16999816894531,52.959999084472656,53.10499954223633,10051299
2025-09-09 13:30:00,52.97999954223633,53.439998626708984,52.959999084472656,53.310001373291016,9707411
2025-09-09 14:30:00,53.314998626708984,53.560001373291016,53.23500061035156,53.54999923706055,10237592
2025-09-09 15:30:00,53.54499816894531,53.59000015258789,53.220001220703125,53.26499938964844,4585334
2025-09-09 16:30:00,53.2599983215332,53.314998626708984,53.17499923706055,53.27000045776367,3551608
2025-09-09 17:30:00,53.27000045776367,53.4900016784668,53.25640106201172,53.46369934082031,1860021
2025-09-09 18:30:00,53.46500015258789,53.50680160522461,53.310001373291016,53.36000061035156,2504277
2025-09-09 19:30:00,53.3650016784668,53.41749954223633,53.31999969482422,53.33000183105469,4728966
2025-09-10 13:30:00,53.16999816894531,53.39500045776367,53.04499816894531,53.275001525878906,8743146
2025-09-10 14:30:00,53.27000045776367,53.27000045776367,52.93009948730469,53.025001525878906,5426409
2025-09-10 15:30:00,53.025001525878906,53.25,52.994998931884766,53.130001068115234,4240937
2025-09-10 16:30:00,53.130001068115234,53.31999969482422,53.119998931884766,53.175899505615234,3001068
2025-09-10 17:30:00,53.17499923706055,53.239898681640625,53.11000061035156,53.186500549316406,2033083
2025-09-10 18:30:00,53.189998626708984,53.220001220703125,53.06999969482422,53.07500076293945,2701151
2025-09-10 19:30:00,53.07500076293945,53.22999954223633,53.0099983215332,53.165000915527344,6076691
2025-09-11 13:30:00,53.189998626708984,53.779998779296875,53.18000030517578,53.75189971923828,7645266
2025-09-11 14:30:00,53.755001068115234,53.849998474121094,53.70500183105469,53.810001373291016,5744930
2025-09-11 15:30:00,53.80500030517578,53.90999984741211,53.755001068115234,53.8650016784668,3571963
2025-09-11 16:30:00,53.8650016784668,53.939998626708984,53.83290100097656,53.875,2693537
2025-09-11 17:30:00,53.880001068115234,54.02000045776367,53.880001068115234,53.915000915527344,3382713
2025-09-11 18:30:00,53.90999984741211,53.994998931884766,53.86009979248047,53.959999084472656,3578116
2025-09-11 19:30:00,53.96500015258789,54.06999969482422,53.96500015258789,54.029998779296875,8157552
2025-09-12 13:30:00,53.959999084472656,54.064998626708984,53.82400131225586,53.86000061035156,5499565
2025-09-12 14:30:00,53.8650016784668,53.86989974975586,53.71500015258789,53.744998931884766,3582246
2025-09-12 15:30:00,53.75,53.78499984741211,53.709999084472656,53.76499938964844,2429546
2025-09-12 16:30:00,53.76499938964844,53.90999984741211,53.72999954223633,53.884498596191406,2233673
2025-09-12 17:30:00,53.8849983215332,53.939998626708984,53.845001220703125,53.93000030517578,1814164
2025-09-12 18:30:00,53.935001373291016,53.959999084472656,53.849998474121094,53.8849983215332,3074092
2025-09-12 19:30:00,53.8849983215332,53.90999984741211,53.75,53.790000915527344,6116521
2025-09-15 13:30:00,53.88999938964844,54.09000015258789,53.86000061035156,54.0,5920977
2025-09-15 14:30:00,54.0099983215332,54.064998626708984,53.78020095825195,53.78020095825195,4067249
2025-09-15 15:30:00,53.779998779296875,53.81990051269531,53.689998626708984,53.810001373291016,4259936
2025-09-15 16:30:00,53.80009841918945,53.83000183105469,53.689998626708984,53.720001220703125,2949899
2025-09-15 17:30:00,53.720001220703125,53.83000183105469,53.630001068115234,53.69609832763672,2448801
2025-09-15 18:30:00,53.70000076293945,53.74810028076172,53.65380096435547,53.67499923706055,3760570
2025-09-15 19:30:00,53.67499923706055,53.70000076293945,53.619998931884766,53.68000030517578,6283772
2025-09-16 13:30:00,53.61000061035156,53.66999816894531,53.27000045776367,53.30500030517578,6627273
2025-09-16 14:30:00,53.30500030517578,53.41999816894531,53.26499938964844,53.29999923706055,3492265
2025-09-16 15:30:00,53.29499816894531,53.459999084472656,53.26499938964844,53.404998779296875,3437755
2025-09-16 16:30:00,53.400001525878906,53.529998779296875,53.369998931884766,53.5,3435418
2025-09-16 17:30:00,53.5,53.599998474121094,53.494998931884766,53.57500076293945,2076136
2025-09-16 18:30:00,53.57500076293945,53.66999816894531,53.501800537109375,53.51499938964844,2723251
2025-09-16 19:30:00,53.51530075073242,53.6349983215332,53.47999954223633,53.57500076293945,5862106
2025-09-17 13:30:00,53.66999816894531,54.06999969482422,53.650001525878906,53.970001220703125,7301194
2025-09-17 14:30:00,53.970001220703125,54.12990188598633,53.942901611328125,54.04499816894531,4310122
2025-09-17 15:30:00,54.04499816894531,54.130001068115234,53.96989822387695,53.974998474121094,4109718
2025-09-17 16:30:00,53.974998474121094,54.01900100708008,53.91999816894531,53.95500183105469,3646596
2025-09-17 17:30:00,53.95500183105469,54.33000183105469,53.90999984741211,54.27000045776367,8851390
2025-09-17 18:30:00,54.26499938964844,54.290000915527344,53.64500045776367,54.064998626708984,10443103
2025-09-17 19:30:00,54.060001373291016,54.18000030517578,54.0099983215332,54.08000183105469,8647159
2025-09-18 13:30:00,54.11000061035156,54.4900016784668,53.9900016784668,54.46500015258789,9432774
2025-09-18 14:30:00,54.470001220703125,54.494998931884766,54.16999816894531,54.23500061035156,6528174
2025-09-18 15:30:00,54.2400016784668,54.33000183105469,54.17499923706055,54.29499816894531,2725687
2025-09-18 16:30:00,54.298099517822266,54.380001068115234,54.16999816894531,54.20000076293945,3018828
2025-09-18 17:30:00,54.20000076293945,54.23500061035156,54.099998474121094,54.1349983215332,2756160
2025-09-18 18:30:00,54.13349914550781,54.18000030517578,54.03499984741211,54.1349983215332,3379831
2025-09-18 19:30:00,54.1349983215332,54.18000030517578,54.04999923706055,54.119998931884766,5720954
2025-09-19 13:30:00,54.2599983215332,54.2599983215332,53.91999816894531,54.03499984741211,15007997
2025-09-19 14:30:00,54.03499984741211,54.06999969482422,53.95000076293945,53.98500061035156,4602722
2025-09-19 15:30:00,53.97999954223633,54.21500015258789,53.95500183105469,54.17499923706055,4273706
2025-09-19 16:30:00,54.17499923706055,54.220001220703125,54.119998931884766,54.219600677490234,2832439
2025-09-19 17:30:00,54.209999084472656,54.2599983215332,54.16999816894531,54.20500183105469,4465304
2025-09-19 18:30:00,54.20500183105469,54.36000061035156,54.18349838256836,54.345001220703125,3726617
2025-09-19 19:30:00,54.349998474121094,54.404998779296875,54.20000076293945,54.224998474121094,8715823
2025-09-22 13:30:00,53.70000076293945,53.970001220703125,53.63999938964844,53.935001373291016,4742403
2025-09-22 14:30:00,53.93000030517578,54.02000045776367,53.90999984741211,53.91999816894531,2888294
2025-09-22 15:30:00,53.92499923706055,53.974998474121094,53.875,53.91999816894531,3101583
2025-09-22 16:30:00,53.91999816894531,53.970001220703125,53.8849983215332,53.95000076293945,3251208
2025-09-22 17:30:00,53.94499969482422,54.0098991394043,53.86000061035156,53.89500045776367,6642612
2025-09-22 18:30:00,53.89500045776367,53.9900016784668,53.880001068115234,53.96500015258789,4133435
2025-09-22 19:30:00,53.96620178222656,54.060001373291016,53.95009994506836,53.97999954223633,5370487
2025-09-23 13:30:00,53.95000076293945,54.4900016784668,53.95000076293945,54.29499816894531,4847865
2025-09-23 14:30:00,54.29499816894531,54.35499954223633,54.11000061035156,54.1150016784668,3171115
2025-09-23 15:30:00,54.11429977416992,54.1349983215332,53.97999954223633,54.000099182128906,3174979
2025-09-23 16:30:00,54.005001068115234,54.11000061035156,53.84000015258789,53.84000015258789,2917195
2025-09-23 17:30:00,53.83000183105469,53.86000061035156,53.650001525878906,53.68000030517578,3915913
2025-09-23 18:30:00,53.67499923706055,53.75,53.630001068115234,53.65999984741211,3849077
2025-09-23 19:30:00,53.654998779296875,53.80500030517578,53.64250183105469,53.75,5532335
2025-09-24 13:30:00,53.79999923706055,53.959999084472656,53.775001525878906,53.81999969482422,4309466
2025-09-24 14:30:00,53.81999969482422,53.8849983215332,53.73500061035156,53.7598991394043,2669668
2025-09-24 15:30:00,53.76499938964844,53.775001525878906,53.54999923706055,53.65999984741211,5151008
2025-09-24 16:30:00,53.665000915527344,53.70989990234375,53.61470031738281,53.64500045776367,3042111
2025-09-24 17:30:00,53.650001525878906,53.67499923706055,53.51499938964844,53.564998626708984,1972121
2025-09-24 18:30:00,53.56999969482422,53.595001220703125,53.494998931884766,53.560001373291016,1732946
2025-09-24 19:30:00,53.564998626708984,53.63999938964844,53.540000915527344,53.61000061035156,4066046
2025-09-25 13:30:00,53.5,53.709999084472656,53.375,53.63999938964844,6235995
2025-09-25 14:30:00,53.63240051269531,53.70000076293945,53.43000030517578,53.450599670410156,3016742
2025-09-25 15:30:00,53.45500183105469,53.599998474121094,53.420101165771484,53.45000076293945,2547672
2025-09-25 16:30:00,53.45000076293945,53.57550048828125,53.36000061035156,53.41590118408203,2607010
2025-09-25 17:30:00,53.40999984741211,53.45500183105469,53.2400016784668,53.4202995300293,2326864
2025-09-25 18:30:00,53.41999816894531,53.5099983215332,53.38999938964844,53.44499969482422,1794969
2025-09-25 19:30:00,53.45000076293945,53.51499938964844,53.41999816894531,53.47999954223633,3782748
2025-09-26 13:30:00,53.709999084472656,54.095001220703125,53.70000076293945,53.76499938964844,6068407
2025-09-26 14:30:00,53.76499938964844,53.826499938964844,53.63999938964844,53.81999969482422,5499349
2025-09-26 15:30:00,53.82500076293945,53.959999084472656,53.720001220703125,53.939998626708984,2851158
2025-09-26 16:30:00,53.94499969482422,54.03499984741211,53.900001525878906,53.994998931884766,3781385
2025-09-26 17:30:00,53.994998931884766,54.04499816894531,53.915000915527344,53.97990036010742,3373982
2025-09-26 18:30:00,53.97999954223633,54.02000045776367,53.8849983215332,53.904998779296875,2135263
2025-09-26 19:30:00,53.904998779296875,53.919898986816406,53.84000015258789,53.849998474121094,6325600
2025-09-29 13:30:00,54.040000915527344,54.060001373291016,53.7400016784668,53.87820053100586,5046949
2025-09-29 14:30:00,53.875,53.9900016784668,53.81999969482422,53.9012451171875,2281595
2025-09-29 15:30:00,53.904998779296875,53.959999084472656,53.86000061035156,53.93000030517578,2588186
2025-09-29 16:30:00,53.93000030517578,53.95989990234375,53.88010025024414,53.8849983215332,1870343
2025-09-29 17:30:00,53.88740158081055,54.0,53.86000061035156,54.0,1793458
2025-09-29 18:30:00,53.99259948730469,54.060001373291016,53.939998626708984,54.03499984741211,1730829
2025-09-29 19:30:00,54.03499984741211,54.14609909057617,54.03499984741211,54.119998931884766,4730947
2025-09-30 13:30:00,54.09000015258789,54.23500061035156,53.85499954223633,53.869998931884766,4787263
2025-09-30 14:30:00,53.869998931884766,53.880001068115234,53.4900016784668,53.595001220703125,6011522
2025-09-30 15:30:00,53.595001220703125,53.68000030517578,53.5,53.625,4281591
2025-09-30 16:30:00,53.630001068115234,53.66809844970703,53.42499923706055,53.459999084472656,3495118
2025-09-30 17:30:00,53.45000076293945,53.599998474121094,53.41999816894531,53.58000183105469,2607127
2025-09-30 18:30:00,53.57500076293945,53.8650016784668,53.564998626708984,53.84000015258789,4474829
2025-09-30 19:30:00,53.84989929199219,53.939998626708984,53.790000915527344,53.86000061035156,5683062
2025-10-01 13:30:00,53.709999084472656,53.7599983215332,53.40999984741211,53.630001068115234,7235174
2025-10-01 14:30:00,53.6349983215332,53.65999984741211,53.494998931884766,53.625,4047709
2025-10-01 15:30:00,53.625,53.720001220703125,53.52000045776367,53.54999923706055,3450160
2025-10-01 16:30:00,53.54999923706055,53.560001373291016,53.439998626708984,53.525001525878906,3399244
2025-10-01 17:30:00,53.525001525878906,53.53499984741211,53.41999816894531,53.494998931884766,3848225
2025-10-01 18:30:00,53.4900016784668,53.540000915527344,53.40999984741211,53.459999084472656,3362962
2025-10-01 19:30:00,53.459999084472656,53.49580001831055,53.369998931884766,53.380001068115234,6675007
2025-10-02 13:30:00,53.310001373291016,53.47999954223633,53.13999938964844,53.23500061035156,9195596
2025-10-02 14:30:00,53.23500061035156,53.275001525878906,53.099998474121094,53.15999984741211,3489466
2025-10-02 15:30:00,53.165000915527344,53.19499969482422,53.063899993896484,53.17499923706055,3538998
2025-10-02 16:30:00,53.18000030517578,53.255699157714844,53.11000061035156,53.20500183105469,3356943
2025-10-02 17:30:00,53.209999084472656,53.400001525878906,53.16999816894531,53.39500045776367,3576641
2025-10-02 18:30:00,53.39500045776367,53.43000030517578,53.369998931884766,53.40999984741211,2342218
2025-10-02 19:30:00,53.400001525878906,53.41999816894531,53.33000183105469,53.349998474121094,4484513
2025-10-03 13:30:00,53.41999816894531,53.79999923706055,53.380001068115234,53.7599983215332,6535518
2025-10-03 14:30:00,53.7599983215332,53.849998474121094,53.63999938964844,53.65999984741211,4321874
2025-10-03 15:30:00,53.65999984741211,53.900001525878906,53.654300689697266,53.875,4253540
2025-10-03 16:30:00,53.875,53.970001220703125,53.83000183105469,53.83000183105469,4526583
2025-10-03 17:30:00,53.83000183105469,53.900001525878906,53.709999084472656,53.85499954223633,2995840
2025-10-03 18:30:00,53.86000061035156,53.87009811401367,53.7599983215332,53.78559875488281,2370427
2025-10-03 19:30:00,53.78499984741211,53.856201171875,53.709999084472656,53.72999954223633,5917731
2025-10-06 13:30:00,53.93000030517578,54.064998626708984,53.29499816894531,53.75,8919845
2025-10-06 14:30:00,53.755001068115234,53.869998931884766,53.7400016784668,53.845001220703125,3155614
2025-10-06 15:30:00,53.849998474121094,53.869998931884766,53.70500183105469,53.790000915527344,2096690
2025-10-06 16:30:00,53.790000915527344,53.79600143432617,53.703399658203125,53.77000045776367,1924808
2025-10-06 17:30:00,53.77410125732422,53.814998626708984,53.65999984741211,53.65999984741211,2921609
2025-10-06 18:30:00,53.665000915527344,53.68000030517578,53.61000061035156,53.650001525878906,8715586
2025-10-06 19:30:00,53.65650177001953,53.724998474121094,53.64469909667969,53.70000076293945,3372790
2025-10-07 13:30:00,53.880001068115234,54.04499816894531,53.810001373291016,53.82500076293945,5597857
2025-10-07 14:30:00,53.814998626708984,53.89500045776367,53.731201171875,53.76499938964844,4133006
2025-10-07 15:30:00,53.77000045776367,53.790000915527344,53.52000045776367,53.6349983215332,7863264
2025-10-07 16:30:00,53.63999938964844,53.79999923706055,53.63999938964844,53.724998474121094,3220037
2025-10-07 17:30:00,53.724998474121094,53.75619888305664,53.65010070800781,53.69499969482422,1979529
2025-10-07 18:30:00,53.70000076293945,53.75,53.66999816894531,53.685001373291016,2321383
2025-10-07 19:30:00,53.685001373291016,53.775001525878906,53.66999816894531,53.775001525878906,5578718
2025-10-08 13:30:00,53.93000030517578,53.95000076293945,53.34000015258789,53.80500030517578,9576034
2025-10-08 14:30:00,53.810001373291016,53.849998474121094,53.7401008605957,53.834999084472656,3209061
2025-10-08 15:30:00,53.83000183105469,53.90999984741211,53.79499816894531,53.845001220703125,2143022
2025-10-08 16:30:00,53.849998474121094,53.88999938964844,53.810001373291016,53.845001220703125,1699166
2025-10-08 17:30:00,53.84090042114258,53.849998474121094,53.68000030517578,53.70000076293945,1777818
2025-10-08 18:30:00,53.70000076293945,53.709999084472656,53.5724983215332,53.599998474121094,1864200
2025-10-08 19:30:00,53.59000015258789,53.60499954223633,53.47999954223633,53.5099983215332,5831769
2025-10-09 13:30:00,53.625,53.810001373291016,53.33000183105469,53.3650016784668,8892848
2025-10-09 14:30:00,53.36000061035156,53.470001220703125,53.29999923706055,53.369998931884766,4119473
2025-10-09 15:30:00,53.375,53.41999816894531,53.279998779296875,53.32500076293945,3752716
2025-10-09 16:30:00,53.32500076293945,53.369998931884766,53.20000076293945,53.275001525878906,4192851
2025-10-09 17:30:00,53.275001525878906,53.345001220703125,53.189998626708984,53.26499938964844,2962815
2025-10-09 18:30:00,53.26350021362305,53.26499938964844,53.189998626708984,53.224998474121094,3608392
2025-10-09 19:30:00,53.2234992980957,53.343299865722656,53.209999084472656,53.31999969482422,5136249
2025-10-10 13:30:00,53.459999084472656,53.679901123046875,53.29999923706055,53.435001373291016,7056253
2025-10-10 14:30:00,53.439998626708984,53.470001220703125,52.77000045776367,52.84000015258789,10943167
2025-10-10 15:30:00,52.83000183105469,52.869998931884766,52.51499938964844,52.67499923706055,11520477
2025-10-10 16:30:00,52.68000030517578,52.80500030517578,52.470001220703125,52.58000183105469,7803043
2025-10-10 17:30:00,52.560001373291016,52.689998626708984,52.52000045776367,52.59000015258789,6497215
2025-10-10 18:30:00,52.58000183105469,52.60499954223633,52.31999969482422,52.349998474121094,6602480
2025-10-10 19:30:00,52.345001220703125,52.45000076293945,52.15999984741211,52.18000030517578,15969807
2025-10-13 13:30:00,52.54999923706055,52.775001525878906,52.3650016784668,52.43625259399414,9318024
2025-10-13 14:30:00,52.439998626708984,52.71500015258789,52.34000015258789,52.69499969482422,4999026
2025-10-13 15:30:00,52.70000076293945,52.76499938964844,52.6349983215332,52.720001220703125,5799743
2025-10-13 16:30:00,52.720001220703125,52.790000915527344,52.66450119018555,52.67110061645508,2949123
2025-10-13 17:30:00,52.66999816894531,52.790000915527344,52.60499954223633,52.775001525878906,3480858
2025-10-13 18:30:00,52.775001525878906,52.814998626708984,52.54349899291992,52.689998626708984,4330010
2025-10-13 19:30:00,52.685001373291016,52.7598991394043,52.650001525878906,52.65650177001953,6691788
2025-10-14 13:30:00,52.45000076293945,52.8849983215332,52.25,52.845001220703125,11561442
2025-10-14 14:30:00,52.84000015258789,52.994998931884766,52.810001373291016,52.88999938964844,6878676
2025-10-14 15:30:00,52.88999938964844,53.25,52.8849983215332,53.18000030517578,9378805
2025-10-14 16:30:00,53.185001373291016,53.505001068115234,53.17499923706055,53.494998931884766,6675158
2025-10-14 17:30:00,53.494998931884766,53.650001525878906,53.439998626708984,53.48500061035156,5854784
2025-10-14 18:30:00,53.48500061035156,53.525001525878906,53.41999816894531,53.474998474121094,6624517
2025-10-14 19:30:00,53.470001220703125,53.47999954223633,53.13999938964844,53.25,14202747
2025-10-15 13:30:00,53.43000030517578,53.72999954223633,53.43000030517578,53.71500015258789,7950234
2025-10-15 14:30:00,53.71500015258789,53.7599983215332,53.439998626708984,53.53499984741211,4699369
2025-10-15 15:30:00,53.529998779296875,53.54869842529297,53.2599983215332,53.39500045776367,5706627
2025-10-15 16:30:00,53.39179992675781,53.400001525878906,52.85499954223633,53.01499938964844,6290625
2025-10-15 17:30:00,53.0099983215332,53.2599983215332,52.994998931884766,53.165000915527344,3869475
2025-10-15 18:30:00,53.185001373291016,53.2599983215332,53.1349983215332,53.190101623535156,4045565
2025-10-15 19:30:00,53.189998626708984,53.2557373046875,53.130001068115234,53.22999954223633,5734418
2025-10-16 13:30:00,53.09000015258789,53.119998931884766,52.52000045776367,52.68000030517578,11333769
2025-10-16 14:30:00,52.68000030517578,52.84000015258789,52.61859893798828,52.64500045776367,6806868
2025-10-16 15:30:00,52.64500045776367,52.744998931884766,52.34000015258789,52.36000061035156,9189012
2025-10-16 16:30:00,52.35499954223633,52.35499954223633,52.06999969482422,52.29499816894531,10415368
2025-10-16 17:30:00,52.290000915527344,52.32500076293945,51.709999084472656,51.79499816894531,15620902
2025-10-16 18:30:00,51.79499816894531,51.970001220703125,51.60430145263672,51.650001525878906,12841573
2025-10-16 19:30:00,51.650001525878906,51.81999969482422,51.540000915527344,51.75,16437082
2025-10-17 13:30:00,51.900001525878906,52.220001220703125,51.72999954223633,52.08000183105469,17366840
2025-10-17 14:30:00,52.07500076293945,52.095001220703125,51.880001068115234,51.994998931884766,6490904
2025-10-17 15:30:00,51.999698638916016,52.220001220703125,51.915000915527344,52.16550064086914,4791633
2025-10-17 16:30:00,52.15999984741211,52.19499969482422,51.970001220703125,52.04499816894531,3995485
2025-10-17 17:30:00,52.04499816894531,52.27000045776367,52.0,52.2401008605957,3848748
2025-10-17 18:30:00,52.25,52.36000061035156,52.244998931884766,52.290000915527344,4941962
2025-10-17 19:30:00,52.290000915527344,52.310001373291016,52.16999816894531,52.189998626708984,9512331
2025-10-20 13:30:00,52.36000061035156,52.525001525878906,52.290000915527344,52.470001220703125,7531865
2025-10-20 14:30:00,52.47195053100586,52.75,52.470001220703125,52.665000915527344,7215757
2025-10-20 15:30:00,52.665000915527344,52.689998626708984,52.57500076293945,52.650001525878906,4025207
2025-10-20 16:30:00,52.653499603271484,52.810001373291016,52.61000061035156,52.775001525878906,3605744
2025-10-20 17:30:00,52.775001525878906,52.86000061035156,52.77000045776367,52.82500076293945,2838832
2025-10-20 18:30:00,52.82500076293945,52.89500045776367,52.779998779296875,52.84000015258789,3347223
2025-10-20 19:30:00,52.845001220703125,52.880001068115234,52.77000045776367,52.779998779296875,7592574
2025-10-21 13:30:00,52.654998779296875,52.994998931884766,52.654998779296875,52.90999984741211,7133764
2025-10-21 14:30:00,52.904998779296875,53.12649917602539,52.900001525878906,52.96500015258789,4722043
2025-10-21 15:30:00,52.96500015258789,53.00529861450195,52.910099029541016,52.94499969482422,2956811
2025-10-21 16:30:00,52.94350051879883,53.0,52.81010055541992,52.834999084472656,3373158
2025-10-21 17:30:00,52.84000015258789,52.88999938964844,52.790000915527344,52.85369873046875,4296986
2025-10-21 18:30:00,52.85499954223633,52.880001068115234,52.79999923706055,52.82500076293945,3092694
2025-10-21 19:30:00,52.81999969482422,52.83549880981445,52.70500183105469,52.709999084472656,4469634
2025-10-22 13:30:00,52.779998779296875,52.81999969482422,52.505001068115234,52.525001525878906,7751147
2025-10-22 14:30:00,52.525001525878906,52.61000061035156,52.400001525878906,52.494998931884766,10227026
2025-10-22 15:30:00,52.5,52.59000015258789,52.375,52.3849983215332,5178056
2025-10-22 16:30:00,52.3849983215332,52.529998779296875,52.116600036621094,52.27000045776367,11026598
2025-10-22 17:30:00,52.27000045776367,52.33000183105469,52.154998779296875,52.29499816894531,5575438
2025-10-22 18:30:00,52.29999923706055,52.439998626708984,52.275001525878906,52.415000915527344,5381944
2025-10-22 19:30:00,52.415000915527344,52.470001220703125,52.369998931884766,52.41999816894531,6570177
2025-10-23 13:30:00,52.59000015258789,52.625,52.290000915527344,52.404998779296875,6642004
2025-10-23 14:30:00,52.400001525878906,52.5099983215332,52.314998626708984,52.404998779296875,3158716
2025-10-23 15:30:00,52.404998779296875,52.494998931884766,52.34000015258789,52.459999084472656,2602005
2025-10-23 16:30:00,52.45500183105469,52.61000061035156,52.45000076293945,52.540000915527344,3934785
2025-10-23 17:30:00,52.540000915527344,52.679901123046875,52.540000915527344,52.654998779296875,3496151
2025-10-23 18:30:00,52.654998779296875,52.68000030517578,52.58000183105469,52.595001220703125,3246173
2025-10-23 19:30:00,52.59560012817383,52.61000061035156,52.529998779296875,52.54999923706055,5490281
2025-10-24 13:30:00,52.849998474121094,53.20000076293945,52.80500030517578,53.064998626708984,6780660
2025-10-24 14:30:00,53.064998626708984,53.224998474121094,53.025001525878906,53.220001220703125,3694659
2025-10-24 15:30:00,53.21500015258789,53.25,53.119998931884766,53.13650131225586,2808165
2025-10-24 16:30:00,53.1349983215332,53.220001220703125,53.064998626708984,53.220001220703125,2657577
2025-10-24 17:30:00,53.21849822998047,53.27000045776367,53.16999816894531,53.23500061035156,2671021
2025-10-24 18:30:00,53.23500061035156,53.275001525878906,53.209999084472656,53.224998474121094,2421621
2025-10-24 19:30:00,53.220001220703125,53.22999954223633,53.08000183105469,53.130001068115234,6913205
2025-10-27 13:30:00,53.369998931884766,53.42499923706055,53.255401611328125,53.36000061035156,5909475
2025-10-27 14:30:00,53.3650016784668,53.3849983215332,53.224998474121094,53.30500030517578,3179730
2025-10-27 15:30:00,53.310001373291016,53.33000183105469,53.2599983215332,53.29010009765625,4003035
2025-10-27 16:30:00,53.29999923706055,53.349998474121094,53.20000076293945,53.25,1395155
2025-10-27 17:30:00,53.25,53.279998779296875,53.209999084472656,53.224998474121094,2133457
2025-10-27 18:30:00,53.224998474121094,53.31999969482422,53.2234992980957,53.30500030517578,2813991
2025-10-27 19:30:00,53.30500030517578,53.3849983215332,53.279998779296875,53.310001373291016,4499466
2025-10-28 13:30:00,53.33000183105469,53.3650016784668,53.11000061035156,53.349998474121094,8404479
2025-10-28 14:30:00,53.345001220703125,53.400001525878906,53.16999816894531,53.205101013183594,3066965
2025-10-28 15:30:00,53.20909881591797,53.224998474121094,53.040000915527344,53.09000015258789,4539714
2025-10-28 16:30:00,53.084999084472656,53.202301025390625,53.04999923706055,53.119998931884766,4245921
2025-10-28 17:30:00,53.119998931884766,53.220001220703125,53.09000015258789,53.130001068115234,2783308
2025-10-28 18:30:00,53.130001068115234,53.13999938964844,53.040000915527344,53.07500076293945,2488878
2025-10-28 19:30:00,53.071800231933594,53.08000183105469,52.939998626708984,52.98500061035156,6280147
2025-10-29 13:30:00,52.45000076293945,52.57500076293945,52.2599983215332,52.3400993347168,11068124
2025-10-29 14:30:00,52.345001220703125,52.5,52.25,52.39500045776367,6620108
2025-10-29 15:30:00,52.400001525878906,52.52989959716797,52.38999938964844,52.48500061035156,4752063
2025-10-29 16:30:00,52.47999954223633,52.5099983215332,52.345001220703125,52.375,4695417
2025-10-29 17:30:00,52.369998931884766,52.400001525878906,52.244998931884766,52.29499816894531,5723051
2025-10-29 18:30:00,52.290000915527344,52.34000015258789,51.869998931884766,52.0,12509755
2025-10-29 19:30:00,52.0,52.11989974975586,51.869998931884766,52.10499954223633,14454201
2025-10-30 13:30:00,52.02000045776367,52.63999938964844,52.01499938964844,52.56999969482422,15117573
2025-10-30 14:30:00,52.560001373291016,52.81999969482422,52.560001373291016,52.68659973144531,7913603
2025-10-30 15:30:00,52.68000030517578,52.70500183105469,52.540000915527344,52.630001068115234,4314928
2025-10-30 16:30:00,52.630001068115234,52.63999938964844,52.48500061035156,52.551700592041016,3503118
2025-10-30 17:30:00,52.54999923706055,52.59000015258789,52.41999816894531,52.5,3299102
2025-10-30 18:30:00,52.5,52.5348014831543,52.29999923706055,52.3650016784668,4848400
2025-10-30 19:30:00,52.36000061035156,52.40999984741211,52.20000076293945,52.23500061035156,7164643
2025-10-31 13:30:00,52.0099983215332,52.34000015258789,51.939998626708984,52.244998931884766,8480546
2025-10-31 14:30:00,52.24610137939453,52.38999938964844,52.20439910888672,52.224998474121094,4266481
2025-10-31 15:30:00,52.224998474121094,52.29999923706055,52.11000061035156,52.279998779296875,5726014
2025-10-31 16:30:00,52.279998779296875,52.32500076293945,52.05009841918945,52.084999084472656,3895928
2025-10-31 17:30:00,52.08440017700195,52.32500076293945,52.03499984741211,52.310001373291016,5061568
2025-10-31 18:30:00,52.30500030517578,52.459999084472656,52.275001525878906,52.45500183105469,4784884
2025-10-31 19:30:00,52.45500183105469,52.5,52.349998474121094,52.349998474121094,7383968
2025-11-03 14:30:00,52.33000183105469,52.34000015258789,51.68000030517578,51.70000076293945,8016725
2025-11-03 15:30:00,51.70000076293945,52.064998626708984,51.650001525878906,52.040000915527344,4947356
2025-11-03 16:30:00,52.040000915527344,52.15999984741211,51.9900016784668,52.025001525878906,5381616
2025-11-03 17:30:00,52.025001525878906,52.13999938964844,52.02000045776367,52.064998626708984,4645277
2025-11-03 18:30:00,52.060001373291016,52.220001220703125,52.060001373291016,52.19499969482422,5300117
2025-11-03 19:30:00,52.19499969482422,52.224998474121094,52.11000061035156,52.19499969482422,3461161
2025-11-03 20:30:00,52.19499969482422,52.20000076293945,52.09000015258789,52.150001525878906,5771790
2025-11-04 14:30:00,51.94499969482422,52.540000915527344,51.834999084472656,52.48500061035156,11792228
2025-11-04 15:30:00,52.48500061035156,52.48500061035156,52.33449935913086,52.474998474121094,6217952
2025-11-04 16:30:00,52.470001220703125,52.4900016784668,52.30350112915039,52.3650016784668,6353251
2025-11-04 17:30:00,52.36000061035156,52.40999984741211,52.279998779296875,52.33340072631836,4418136
2025-11-04 18:30:00,52.334999084472656,52.39509963989258,52.26499938964844,52.369998931884766,3338392
2025-11-04 19:30:00,52.369998931884766,52.47999954223633,52.31010055541992,52.459999084472656,4433934
2025-11-04 20:30:00,52.45500183105469,52.505001068115234,52.38999938964844,52.41999816894531,6767004
2025-11-05 14:30:00,52.4900016784668,52.56999969482422,52.18000030517578,52.46500015258789,11057868
2025-11-05 15:30:00,52.46500015258789,52.525001525878906,52.35499954223633,52.505001068115234,6104612
2025-11-05 16:30:00,52.505001068115234,52.7599983215332,52.5,52.755001068115234,3285835
2025-11-05 17:30:00,52.755001068115234,52.81999969482422,52.689998626708984,52.71500015258789,2994178
2025-11-05 18:30:00,52.709999084472656,52.749900817871094,52.6349983215332,52.67499923706055,2390082
2025-11-05 19:30:00,52.67499923706055,52.779998779296875,52.65999984741211,52.720001220703125,2957259
2025-11-05 20:30:00,52.720001220703125,52.75,52.560001373291016,52.58000183105469,7417636
2025-11-06 14:30:00,52.5099983215332,52.70000076293945,52.369998931884766,52.45500183105469,9378482
2025-11-06 15:30:00,52.45500183105469,52.470001220703125,52.18339920043945,52.279998779296875,6637774
2025-11-06 16:30:00,52.279998779296875,52.314998626708984,52.170101165771484,52.20500183105469,4335233
2025-11-06 17:30:00,52.20500183105469,52.38999938964844,52.18000030517578,52.37009811401367,4327629
2025-11-06 18:30:00,52.375,52.51530075073242,52.369998931884766,52.494998931884766,4621951
2025-11-06 19:30:00,52.494998931884766,52.57699966430664,52.43000030517578,52.5,4374045
2025-11-06 20:30:00,52.5,52.54499816894531,52.369998931884766,52.41999816894531,7716622
2025-11-07 14:30:00,52.279998779296875,52.540000915527344,52.130001068115234,52.4556999206543,10081323
2025-11-07 15:30:00,52.459999084472656,52.52000045776367,52.189998626708984,52.21500015258789,6261427
2025-11-07 16:30:00,52.21500015258789,52.309898376464844,52.09000015258789,52.25,4440425
2025-11-07 17:30:00,52.25,52.45000076293945,52.154998779296875,52.40449905395508,4031955
2025-11-07 18:30:00,52.404998779296875,52.540000915527344,52.3849983215332,52.53499984741211,2815154
2025-11-07 19:30:00,52.53990173339844,52.790000915527344,52.53990173339844,52.654998779296875,8959002
2025-11-07 20:30:00,52.654998779296875,52.79999923706055,52.625,52.790000915527344,7913535
2025-11-10 14:30:00,52.93000030517578,53.150001525878906,52.72999954223633,52.852699279785156,11465960
2025-11-10 15:30:00,52.85499954223633,52.86000061035156,52.650001525878906,52.70000076293945,5620030
2025-11-10 16:30:00,52.70500183105469,52.94499969482422,52.70500183105469,52.900001525878906,2916625
2025-11-10 17:30:00,52.900001525878906,53.05500030517578,52.900001525878906,53.0099983215332,3876491
2025-11-10 18:30:00,53.02000045776367,53.084999084472656,52.96500015258789,53.07500076293945,2754840
2025-11-10 19:30:00,53.07500076293945,53.11000061035156,53.000099182128906,53.03499984741211,4113193
2025-11-10 20:30:00,53.029998779296875,53.04999923706055,52.93000030517578,52.95000076293945,9616477
2025-11-11 14:30:00,53.06999969482422,53.11000061035156,52.880001068115234,53.02009963989258,5113182
2025-11-11 15:30:00,53.025001525878906,53.17580032348633,52.994998931884766,53.1150016784668,3134051
2025-11-11 16:30:00,53.1150016784668,53.25,53.099998474121094,53.244998931884766,2759756
2025-11-11 17:30:00,53.2400016784668,53.337501525878906,53.18000030517578,53.275001525878906,5296033
2025-11-11 18:30:00,53.275001525878906,53.29999923706055,53.18000030517578,53.244998931884766,2709276
2025-11-11 19:30:00,53.2400016784668,53.2598991394043,53.165000915527344,53.18000030517578,3583862
2025-11-11 20:30:00,53.18000030517578,53.209999084472656,53.13999938964844,53.189998626708984,6232568
2025-11-12 14:30:00,53.220001220703125,53.8849983215332,53.220001220703125,53.70500183105469,11225924
2025-11-12 15:30:00,53.70000076293945,53.80550003051758,53.630001068115234,53.685001373291016,5766692
2025-11-12 16:30:00,53.685001373291016,53.779998779296875,53.630001068115234,53.7599983215332,4170775
2025-11-12 17:30:00,53.7599983215332,53.86000061035156,53.69350051879883,53.71500015258789,3858788
2025-11-12 18:30:00,53.709999084472656,53.79499816894531,53.670101165771484,53.70500183105469,2926378
2025-11-12 19:30:00,53.70500183105469,53.7599983215332,53.644500732421875,53.72999954223633,6181047
2025-11-12 20:30:00,53.73500061035156,53.779998779296875,53.650001525878906,53.66999816894531,10093708
2025-11-13 14:30:00,53.56999969482422,53.7599983215332,53.4900016784668,53.589698791503906,8927867
2025-11-13 15:30:00,53.59000015258789,53.60499954223633,53.31999969482422,53.330101013183594,7141408
2025-11-13 16:30:00,53.33000183105469,53.400001525878906,53.17499923706055,53.29999923706055,5360779
2025-11-13 17:30:00,53.30500030517578,53.369998931884766,53.224998474121094,53.26499938964844,3779680
2025-11-13 18:30:00,53.2599983215332,53.290000915527344,53.13999938964844,53.23500061035156,4677904
2025-11-13 19:30:00,53.23500061035156,53.246498107910156,52.900001525878906,52.959999084472656,5599541
2025-11-13 20:30:00,52.959999084472656,53.060001373291016,52.880001068115234,52.959999084472656,11237729
2025-11-14 14:30:00,52.810001373291016,52.810001373291016,52.27000045776367,52.4900016784668,13575841
2025-11-14 15:30:00,52.5,52.71500015258789,52.45500183105469,52.70500183105469,6652578
2025-11-14 16:30:00,52.70500183105469,52.779998779296875,52.6349983215332,52.7599983215332,3073470
2025-11-14 17:30:00,52.75,52.810001373291016,52.584999084472656,52.654998779296875,2404726
2025-11-14 18:30:00,52.650001525878906,52.7400016784668,52.53499984741211,52.70500183105469,2887897
2025-11-14 19:30:00,52.709999084472656,52.7400016784668,52.47999954223633,52.51100158691406,4743897
2025-11-14 20:30:00,52.51499938964844,52.529998779296875,52.40999984741211,52.459999084472656,11126145
2025-11-17 14:30:00,52.470001220703125,52.4900016784668,52.25450134277344,52.375,11092473
2025-11-17 15:30:00,52.369998931884766,52.375,51.939998626708984,52.130001068115234,9712062
2025-11-17 16:30:00,52.130001068115234,52.22999954223633,52.10499954223633,52.22999954223633,4042281
2025-11-17 17:30:00,52.22999954223633,52.25,51.904998779296875,51.935001373291016,3904847
2025-11-17 18:30:00,51.935001373291016,51.974998474121094,51.58000183105469,51.6349983215332,5487687
2025-11-17 19:30:00,51.6349983215332,51.6349983215332,51.25230026245117,51.415000915527344,11768080
2025-11-17 20:30:00,51.415000915527344,51.52000045776367,51.33000183105469,51.459999084472656,21371877
2025-11-18 14:30:00,51.279998779296875,51.58000183105469,51.14500045776367,51.185001373291016,12731858
2025-11-18 15:30:00,51.185001373291016,51.494998931884766,51.150001525878906,51.474998474121094,10558203
2025-11-18 16:30:00,51.47999954223633,51.51499938964844,51.220001220703125,51.224998474121094,8980767
2025-11-18 17:30:00,51.224998474121094,51.720001220703125,51.19499969482422,51.595001220703125,7477620
2025-11-18 18:30:00,51.595001220703125,51.747100830078125,51.5,51.529998779296875,6413464
2025-11-18 19:30:00,51.529998779296875,51.67499923706055,51.47010040283203,51.51499938964844,7118072
2025-11-18 20:30:00,51.51499938964844,51.54999923706055,51.34000015258789,51.36000061035156,11793818
2025-11-19 14:30:00,51.380001068115234,51.595001220703125,51.34000015258789,51.42499923706055,6369354
2025-11-19 15:30:00,51.42499923706055,51.495601654052734,51.25,51.29999923706055,5673200
2025-11-19 16:30:00,51.290000915527344,51.41510009765625,51.204898834228516,51.345001220703125,4965203
2025-11-19 17:30:00,51.345001220703125,51.52510070800781,51.22010040283203,51.42499923706055,4272469
2025-11-19 18:30:00,51.41999816894531,51.540000915527344,51.189998626708984,51.224998474121094,4062545
2025-11-19 19:30:00,51.224998474121094,51.560001373291016,51.209999084472656,51.525001525878906,6061524
2025-11-19 20:30:00,51.525001525878906,51.64500045776367,51.4900016784668,51.56999969482422,10144280
2025-11-20 14:30:00,52.029998779296875,52.3849983215332,51.959999084472656,52.255001068115234,13492467
2025-11-20 15:30:00,52.2599983215332,52.276100158691406,51.88999938964844,51.93000030517578,7496299
2025-11-20 16:30:00,51.93000030517578,51.95000076293945,51.275001525878906,51.375,13275891
2025-11-20 17:30:00,51.369998931884766,51.66999816894531,51.18000030517578,51.48500061035156,10659472
2025-11-20 18:30:00,51.47999954223633,51.51499938964844,51.165000915527344,51.435001373291016,6809794
2025-11-20 19:30:00,51.435001373291016,51.529998779296875,51.32500076293945,51.42499923706055,6696909
2025-11-20 20:30:00,51.42499923706055,51.459999084472656,51.08000183105469,51.119998931884766,10770558
2025-11-21 14:30:00,51.459999084472656,51.529998779296875,51.1349983215332,51.279998779296875,17502373
2025-11-21 15:30:00,51.27000045776367,51.45000076293945,51.14500045776367,51.45000076293945,11119800
2025-11-21 16:30:00,51.45500183105469,51.900001525878906,51.40999984741211,51.810001373291016,7646988
2025-11-21 17:30:00,51.80500030517578,51.880001068115234,51.59479904174805,51.685001373291016,6607465
2025-11-21 18:30:00,51.68000030517578,51.96500015258789,51.65999984741211,51.85499954223633,6184216
2025-11-21 19:30:00,51.85499954223633,51.935001373291016,51.599998474121094,51.60499954223633,7248177
2025-11-21 20:30:00,51.60499954223633,51.776798248291016,51.584999084472656,51.68000030517578,9923632
2025-11-24 14:30:00,51.73500061035156,51.79499816894531,51.32500076293945,51.709999084472656,9378554
2025-11-24 15:30:00,51.709999084472656,51.88999938964844,51.68000030517578,51.744998931884766,5034156
2025-11-24 16:30:00,51.75,51.77000045776367,51.61000061035156,51.70000076293945,5841872
2025-11-24 17:30:00,51.70000076293945,51.900001525878906,51.66999816894531,51.85499954223633,5616384
2025-11-24 18:30:00,51.85150146484375,51.95000076293945,51.81999969482422,51.85499954223633,2466692
2025-11-24 19:30:00,51.859901428222656,51.935001373291016,51.79999923706055,51.89820098876953,4163910
2025-11-24 20:30:00,51.88999938964844,51.970001220703125,51.83000183105469,51.900001525878906,9750735
2025-11-25 14:30:00,52.11000061035156,52.400001525878906,51.90999984741211,52.189998626708984,11265122
2025-11-25 15:30:00,52.189998626708984,52.400001525878906,52.16999816894531,52.29999923706055,7024501
2025-11-25 16:30:00,52.30500030517578,52.4900016784668,52.30500030517578,52.474998474121094,5302790
2025-11-25 17:30:00,52.474998474121094,52.52989959716797,52.439998626708984,52.51499938964844,4540294
2025-11-25 18:30:00,52.51900100708008,52.564998626708984,52.47999954223633,52.55500030517578,2893402
2025-11-25 19:30:00,52.55500030517578,52.65999984741211,52.51499938964844,52.595001220703125,3561349
2025-11-25 20:30:00,52.59000015258789,52.659000396728516,52.52000045776367,52.525001525878906,10300978
2025-11-26 14:30:00,52.66999816894531,52.935001373291016,52.599998474121094,52.875,6809471
2025-11-26 15:30:00,52.875,53.040000915527344,52.875,52.97999954223633,4925828
2025-11-26 16:30:00,52.98500061035156,53.086299896240234,52.96500015258789,53.029998779296875,4278334
2025-11-26 17:30:00,53.029998779296875,53.13990020751953,53.0,53.06100082397461,4981439
2025-11-26 18:30:00,53.060001373291016,53.1349983215332,52.97990036010742,53.130001068115234,2129350
2025-11-26 19:30:00,53.12300109863281,53.145599365234375,53.064998626708984,53.1150016784668,3541624
2025-11-26 20:30:00,53.119998931884766,53.150001525878906,52.935001373291016,52.939998626708984,7085088
2025-11-28 14:30:00,53.099998474121094,53.429901123046875,53.029998779296875,53.40999984741211,2907165
2025-11-28 15:30:00,53.40999984741211,53.5099983215332,53.40999984741211,53.48500061035156,3737222
2025-11-28 16:30:00,53.47999954223633,53.54999923706055,53.36000061035156,53.375,3467606
2025-12-01 14:30:00,53.06999969482422,53.400001525878906,52.97999954223633,53.01499938964844,6300845
2025-12-01 15:30:00,53.02000045776367,53.224998474121094,52.96699905395508,53.160099029541016,3787231
2025-12-01 16:30:00,53.16999816894531,53.26499938964844,53.125,53.196998596191406,3306629
2025-12-01 17:30:00,53.20000076293945,53.249900817871094,53.150001525878906,53.209999084472656,2857609
2025-12-01 18:30:00,53.21500015258789,53.244998931884766,53.0,53.01499938964844,3200998
2025-12-01 19:30:00,53.0099983215332,53.060001373291016,52.959999084472656,53.000099182128906,2702772
2025-12-01 20:30:00,53.005001068115234,53.0099983215332,52.84000015258789,52.88999938964844,6168156
2025-12-02 14:30:00,52.9900016784668,53.0099983215332,52.63999938964844,52.845001220703125,4861318
2025-12-02 15:30:00,52.849998474121094,53.13999938964844,52.83000183105469,52.95500183105469,3958128
2025-12-02 16:30:00,52.95500183105469,53.1150016784668,52.935001373291016,53.099998474121094,3569815
2025-12-02 17:30:00,53.099998474121094,53.119998931884766,52.849998474121094,52.875,3128547
2025-12-02 18:30:00,52.875,53.02000045776367,52.820098876953125,52.970001220703125,3260252
2025-12-02 19:30:00,52.96500015258789,53.05500030517578,52.959999084472656,52.98889923095703,1937835
2025-12-02 20:30:00,52.98500061035156,53.040000915527344,52.83000183105469,52.849998474121094,6857519
2025-12-03 14:30:00,52.939998626708984,53.2599983215332,52.875,53.220001220703125,5967613
2025-12-03 15:30:00,53.209999084472656,53.310001373291016,53.16999816894531,53.26499938964844,3749940
2025-12-03 16:30:00,53.26499938964844,53.36000061035156,53.209999084472656,53.35499954223633,5636065
2025-12-03 17:30:00,53.35499954223633,53.540000915527344,53.35499954223633,53.4900016784668,3005754
2025-12-03 18:30:00,53.494998931884766,53.560001373291016,53.470001220703125,53.5,1984684
2025-12-03 19:30:00,53.5,53.599998474121094,53.48500061035156,53.525001525878906,3746039
2025-12-03 20:30:00,53.525001525878906,53.56999969482422,53.50419998168945,53.540000915527344,6733109
2025-12-04 14:30:00,53.59000015258789,53.90999984741211,53.56999969482422,53.790000915527344,10737611
2025-12-04 15:30:00,53.78499984741211,53.79499816894531,53.64099884033203,53.665000915527344,4115148
2025-12-04 16:30:00,53.665000915527344,53.720001220703125,53.599998474121094,53.69499969482422,2836417
2025-12-04 17:30:00,53.69499969482422,53.779998779296875,53.665000915527344,53.775001525878906,2676968
2025-12-04 18:30:00,53.77000045776367,53.779998779296875,53.47999954223633,53.51499938964844,3893592
2025-12-04 19:30:00,53.5099983215332,53.635501861572266,53.470001220703125,53.525001525878906,3499418
2025-12-04 20:30:00,53.525001525878906,53.65999984741211,53.5,53.654998779296875,5159569
2025-12-05 14:30:00,53.540000915527344,53.93000030517578,53.45000076293945,53.84000015258789,6448133
2025-12-05 15:30:00,53.845001220703125,53.90999984741211,53.7599983215332,53.76499938964844,5483204
2025-12-05 16:30:00,53.7599983215332,53.814998626708984,53.665000915527344,53.775001525878906,3172497
2025-12-05 17:30:00,53.779998779296875,53.93000030517578,53.70500183105469,53.8849983215332,2394881
2025-12-05 18:30:00,53.88010025024414,53.915000915527344,53.73500061035156,53.76499938964844,1886584
2025-12-05 19:30:00,53.77000045776367,53.81990051269531,53.7400016784668,53.79499816894531,2479789
2025-12-05 20:30:00,53.790000915527344,53.79499816894531,53.619998931884766,53.66999816894531,5786160
2025-12-08 14:30:00,53.70000076293945,53.709999084472656,53.45000076293945,53.55500030517578,7740144
2025-12-08 15:30:00,53.55500030517578,53.57659912109375,53.350101470947266,53.474998474121094,4173455
2025-12-08 16:30:00,53.470001220703125,53.474998474121094,53.279998779296875,53.314998626708984,3303542
2025-12-08 17:30:00,53.314998626708984,53.40999984741211,53.290000915527344,53.29999923706055,2889891
2025-12-08 18:30:00,53.29999923706055,53.415000915527344,53.279998779296875,53.361000061035156,3237922
2025-12-08 19:30:00,53.3650016784668,53.4900016784668,53.36000061035156,53.45000076293945,3198976
2025-12-08 20:30:00,53.459999084472656,53.4900016784668,53.380001068115234,53.4900016784668,5851228
2025-12-09 14:30:00,53.5,53.869998931884766,53.439998626708984,53.775001525878906,7030091
2025-12-09 15:30:00,53.77000045776367,53.935001373291016,53.72999954223633,53.869998931884766,4370652
2025-12-09 16:30:00,53.875,53.95000076293945,53.7599983215332,53.79499816894531,4060243
2025-12-09 17:30:00,53.79499816894531,53.849998474121094,53.33000183105469,53.345001220703125,13050736
2025-12-09 18:30:00,53.345001220703125,53.38999938964844,53.2599983215332,53.29499816894531,4489440
2025-12-09 19:30:00,53.29499816894531,53.41999816894531,53.27000045776367,53.345001220703125,5119735
2025-12-09 20:30:00,53.345001220703125,53.36000061035156,53.25,53.279998779296875,6210013
2025-12-10 14:30:00,53.279998779296875,53.57500076293945,53.209999084472656,53.54999923706055,5702763
2025-12-10 15:30:00,53.54499816894531,53.6682014465332,53.440101623535156,53.63999938964844,3667217
2025-12-10 16:30:00,53.64500045776367,53.64500045776367,53.564998626708984,53.584999084472656,2887542
2025-12-10 17:30:00,53.58000183105469,53.67499923706055,53.5,53.619998931884766,2258761
2025-12-10 18:30:00,53.6150016784668,53.72999954223633,53.4900016784668,53.65999984741211,4465027
2025-12-10 19:30:00,53.65999984741211,54.0,53.654998779296875,53.94499969482422,12992490
2025-12-10 20:30:00,53.939998626708984,54.08000183105469,53.86000061035156,53.880001068115234,11486347
2025-12-11 14:30:00,53.959999084472656,54.57500076293945,53.93000030517578,54.52000045776367,9678771
2025-12-11 15:30:00,54.51499938964844,54.619998931884766,54.435001373291016,54.53499984741211,5689991
2025-12-11 16:30:00,54.53499984741211,54.7400016784668,54.529998779296875,54.71500015258789,5712828
2025-12-11 17:30:00,54.71500015258789,54.86000061035156,54.66999816894531,54.80500030517578,3437367
2025-12-11 18:30:00,54.80500030517578,54.878501892089844,54.77470016479492,54.845001220703125,4870724
2025-12-11 19:30:00,54.849998474121094,54.97999954223633,54.83000183105469,54.869998931884766,7786613
2025-12-11 20:30:00,54.8755989074707,54.939998626708984,54.849998474121094,54.880001068115234,12010929
2025-12-12 14:30:00,55.15999984741211,55.20000076293945,54.88999938964844,54.91999816894531,14294618
2025-12-12 15:30:00,54.90999984741211,55.04999923706055,54.709999084472656,54.814998626708984,14672347
2025-12-12 16:30:00,54.810001373291016,55.0099983215332,54.709999084472656,54.89500045776367,5404338
2025-12-12 17:30:00,54.88999938964844,55.01499938964844,54.849998474121094,54.98500061035156,7521962
2025-12-12 18:30:00,54.98500061035156,54.999900817871094,54.790000915527344,54.819000244140625,4146593
2025-12-12 19:30:00,54.81999969482422,54.9359016418457,54.81449890136719,54.845001220703125,4130320
2025-12-12 20:30:00,54.845001220703125,54.970001220703125,54.7599983215332,54.95000076293945,12398856
2025-12-15 14:30:00,55.18000030517578,55.30500030517578,55.08000183105469,55.16680145263672,10366499
2025-12-15 15:30:00,55.15999984741211,55.23500061035156,55.0099983215332,55.07500076293945,5102798
2025-12-15 16:30:00,55.08000183105469,55.084999084472656,54.869998931884766,54.904998779296875,3259662
2025-12-15 17:30:00,54.900001525878906,54.974998474121094,54.81999969482422,54.880001068115234,2921134
2025-12-15 18:30:00,54.875,54.9900016784668,54.845001220703125,54.94499969482422,2456962
2025-12-15 19:30:00,54.94499969482422,55.095001220703125,54.939998626708984,54.98509979248047,4220870
2025-12-15 20:30:00,54.98500061035156,55.06999969482422,54.95000076293945,55.0099983215332,5597800
2025-12-16 14:30:00,55.040000915527344,55.15999984741211,54.650001525878906,54.71500015258789,7997175
2025-12-16 15:30:00,54.71500015258789,54.82500076293945,54.70000076293945,54.72999954223633,4927810
2025-12-16 16:30:00,54.72999954223633,54.836299896240234,54.6349983215332,54.724998474121094,3994793
2025-12-16 17:30:00,54.720001220703125,54.755001068115234,54.47999954223633,54.57500076293945,5342107
2025-12-16 18:30:00,54.58000183105469,54.75,54.5,54.579898834228516,3515038
2025-12-16 19:30:00,54.58000183105469,54.7400016784668,54.58000183105469,54.724998474121094,2916808
2025-12-16 20:30:00,54.724998474121094,54.790000915527344,54.619998931884766,54.630001068115234,6668114
2025-12-17 14:30:00,54.79999923706055,55.06999969482422,54.72999954223633,55.025001525878906,7796774
2025-12-17 15:30:00,55.025001525878906,55.04669952392578,54.72999954223633,54.83000183105469,6376548
2025-12-17 16:30:00,54.83000183105469,54.869998931884766,54.72999954223633,54.779998779296875,4301212
2025-12-17 17:30:00,54.779998779296875,54.83000183105469,54.630001068115234,54.63999938964844,3616691
2025-12-17 18:30:00,54.6349983215332,54.70000076293945,54.599998474121094,54.665000915527344,2960232
2025-12-17 19:30:00,54.665000915527344,54.75,54.63999938964844,54.685001373291016,2672018
2025-12-17 20:30:00,54.685001373291016,54.689998626708984,54.580101013183594,54.619998931884766,8750682
2025-12-18 14:30:00,54.83000183105469,55.01499938964844,54.720001220703125,54.8849983215332,6412591
2025-12-18 15:30:00,54.88999938964844,55.01499938964844,54.82500076293945,54.89500045776367,4090537
2025-12-18 16:30:00,54.900001525878906,54.936683654785156,54.35499954223633,54.435001373291016,4561856
2025-12-18 17:30:00,54.435001373291016,54.709999084472656,54.36000061035156,54.70989990234375,4347036
2025-12-18 18:30:00,54.709999084472656,54.790000915527344,54.56999969482422,54.6150016784668,2743696
2025-12-18 19:30:00,54.6150016784668,54.65879821777344,54.48500061035156,54.619998931884766,3807691
2025-12-18 20:30:00,54.6150016784668,54.689998626708984,54.5099983215332,54.540000915527344,7978189
2025-12-19 14:30:00,54.560001373291016,54.87990188598633,54.560001373291016,54.855499267578125,9243643
2025-12-19 15:30:00,54.85499954223633,54.93560028076172,54.78499984741211,54.93560028076172,3918586
2025-12-19 16:30:00,54.935001373291016,54.9900016784668,54.834999084472656,54.95500183105469,4077516
2025-12-19 17:30:00,54.95500183105469,55.01750183105469,54.880001068115234,54.994998931884766,3235042
2025-12-19 18:30:00,54.994998931884766,55.02000045776367,54.88999938964844,54.89500045776367,9899030
2025-12-19 19:30:00,54.900001525878906,54.96500015258789,54.86000061035156,54.875,1415556
2025-12-19 20:30:00,54.875,54.91999816894531,54.779998779296875,54.849998474121094,11668569
2025-12-22 14:30:00,54.75,55.15999984741211,54.7400016784668,55.14500045776367,8906011
2025-12-22 15:30:00,55.14500045776367,55.334999084472656,55.10499954223633,55.29990005493164,3304874
2025-12-22 16:30:00,55.29499816894531,55.38999938964844,55.279998779296875,55.3650016784668,6988467
2025-12-22 17:30:00,55.369998931884766,55.439998626708984,55.349998474121094,55.3650016784668,2867250
2025-12-22 18:30:00,55.36909866333008,55.40999984741211,55.230098724365234,55.305301666259766,4517629
2025-12-22 19:30:00,55.30500030517578,55.38999938964844,55.29999923706055,55.369998931884766,2452127
2025-12-22 20:30:00,55.3650016784668,55.38639831542969,55.29499816894531,55.31999969482422,6166905
2025-12-23 14:30:00,55.310001373291016,55.51900100708008,55.310001373291016,55.400001525878906,4397208
2025-12-23 15:30:00,55.40999984741211,55.5,55.39500045776367,55.39500045776367,2954591
2025-12-23 16:30:00,55.400001525878906,55.45000076293945,55.34000015258789,55.435001373291016,2425692
2025-12-23 17:30:00,55.43989944458008,55.54999923706055,55.400001525878906,55.53499984741211,2617613
2025-12-23 18:30:00,55.540000915527344,55.560001373291016,55.470001220703125,55.494998931884766,2064347
2025-12-23 19:30:00,55.494998931884766,55.5099983215332,55.44499969482422,55.45500183105469,2661262
2025-12-23 20:30:00,55.4536018371582,55.47999954223633,55.40999984741211,55.43000030517578,5062158
2025-12-24 14:30:00,55.5099983215332,55.709999084472656,55.404998779296875,55.683101654052734,4891088
2025-12-24 15:30:00,55.68000030517578,55.7599983215332,55.654998779296875,55.744998931884766,2904714
2025-12-24 16:30:00,55.744998931884766,55.84000015258789,55.720001220703125,55.834999084472656,2843742
2025-12-26 14:30:00,55.709999084472656,55.79499816894531,55.61280059814453,55.69499969482422,3668745
2025-12-26 15:30:00,55.70000076293945,55.720001220703125,55.55500030517578,55.584999084472656,2592403
2025-12-26 16:30:00,55.584999084472656,55.61000061035156,55.5,55.56999969482422,1659641
2025-12-26 17:30:00,55.56999969482422,55.58000183105469,55.439998626708984,55.474998474121094,2416143
2025-12-26 18:30:00,55.47999954223633,55.529998779296875,55.470001220703125,55.48500061035156,1429447
2025-12-26 19:30:00,55.48500061035156,55.56999969482422,55.48500061035156,55.55500030517578,2098253
2025-12-26 20:30:00,55.55500030517578,55.630001068115234,55.54999923706055,55.61000061035156,4766311
2025-12-29 14:30:00,55.59000015258789,55.68000030517578,55.375,55.380001068115234,4754203
2025-12-29 15:30:00,55.3849983215332,55.43000030517578,55.32500076293945,55.369998931884766,3343059
2025-12-29 16:30:00,55.3650016784668,55.380001068115234,55.279998779296875,55.290000915527344,5927134
2025-12-29 17:30:00,55.29499816894531,55.3650016784668,55.2599983215332,55.345001220703125,3941071
2025-12-29 18:30:00,55.345001220703125,55.38999938964844,55.29010009765625,55.345001220703125,3865192
2025-12-29 19:30:00,55.349700927734375,55.43000030517578,55.34000015258789,55.404998779296875,3178691
2025-12-29 20:30:00,55.404998779296875,55.41999816894531,55.28499984741211,55.34000015258789,7826570
2025-12-30 14:30:00,55.39500045776367,55.39500045776367,55.15999984741211,55.220001220703125,4344293
2025-12-30 15:30:00,55.220001220703125,55.22999954223633,55.150001525878906,55.229000091552734,2281781
2025-12-30 16:30:00,55.22999954223633,55.235599517822266,55.13999938964844,55.18000030517578,2185901
2025-12-30 17:30:00,55.18000030517578,55.220001220703125,55.16999816894531,55.206600189208984,1178800
2025-12-30 18:30:00,55.20500183105469,55.225975036621094,55.17499923706055,55.20000076293945,1095007
2025-12-30 19:30:00,55.19499969482422,55.2400016784668,55.189998626708984,55.209999084472656,1458041
2025-12-30 20:30:00,55.21500015258789,55.2599983215332,55.150001525878906,55.185001373291016,3170419
2025-12-31 14:30:00,55.220001220703125,55.2599983215332,55.029998779296875,55.070098876953125,3053331
2025-12-31 15:30:00,55.06999969482422,55.10499954223633,54.98500061035156,55.04499816894531,1860941
2025-12-31 16:30:00,55.04499816894531,55.060001373291016,55.0,55.025001525878906,2715222
2025-12-31 17:30:00,55.025001525878906,55.060001373291016,54.97999954223633,55.05500030517578,2448901
2025-12-31 18:30:00,55.05500030517578,55.13999938964844,55.04999923706055,55.06990051269531,3065913
2025-12-31 19:30:00,55.064998626708984,55.06999969482422,54.8849983215332,54.904998779296875,2300609
2025-12-31 20:30:00,54.904998779296875,54.96500015258789,54.75,54.7599983215332,6710540
2026-01-02 14:30:00,54.83000183105469,54.970001220703125,54.34000015258789,54.54999923706055,10948601
2026-01-02 15:30:00,54.54999923706055,54.84000015258789,54.540000915527344,54.76499938964844,4414718
2026-01-02 16:30:00,54.76499938964844,54.83000183105469,54.56999969482422,54.81010055541992,4875303
2026-01-02 17:30:00,54.81990051269531,54.869998931884766,54.58000183105469,54.61000061035156,3690490
2026-01-02 18:30:00,54.6150016784668,54.869998931884766,54.60499954223633,54.85499954223633,2568422
2026-01-02 19:30:00,54.849998474121094,54.994998931884766,54.849998474121094,54.875,3259533
2026-01-02 20:30:00,54.880001068115234,54.95000076293945,54.790000915527344,54.939998626708984,5448363
2026-01-05 14:30:00,54.81999969482422,56.30500030517578,54.81999969482422,56.29999923706055,14336936
2026-01-05 15:30:00,56.29999923706055,56.435001373291016,56.189998626708984,56.244998931884766,10433610
2026-01-05 16:30:00,56.2400016784668,56.499900817871094,56.209999084472656,56.42499923706055,6406753
2026-01-05 17:30:00,56.42499923706055,56.48500061035156,56.404998779296875,56.404998779296875,4597301
2026-01-05 18:30:00,56.404998779296875,56.5,56.38399887084961,56.490699768066406,4671552
2026-01-05 19:30:00,56.4900016784668,56.5099983215332,56.25,56.26499938964844,3461006
2026-01-05 20:30:00,56.26499938964844,56.28990173339844,56.09000015258789,56.1349983215332,9372576
2026-01-06 14:30:00,56.06999969482422,56.220001220703125,56.005001068115234,56.20500183105469,11564696
2026-01-06 15:30:00,56.17499923706055,56.28710174560547,56.09339904785156,56.25,6339188
2026-01-06 16:30:00,56.21500015258789,56.36989974975586,56.16999816894531,56.34769821166992,3873811
2026-01-06 17:30:00,56.35499954223633,56.404998779296875,56.279998779296875,56.36000061035156,4395579
2026-01-06 18:30:00,56.36009979248047,56.4900016784668,56.36000061035156,56.43000030517578,3095095
2026-01-06 19:30:00,56.435001373291016,56.5099983215332,56.42499923706055,56.470001220703125,2891314
2026-01-06 20:30:00,56.48500061035156,56.51499938964844,56.439998626708984,56.44499969482422,3550616
2026-01-07 14:30:00,56.22999954223633,56.34000015258789,55.54499816894531,55.564998626708984,12775343
2026-01-07 15:30:00,55.564998626708984,55.779998779296875,55.540000915527344,55.729400634765625,4660616
2026-01-07 16:30:00,55.724998474121094,55.939998626708984,55.70000076293945,55.89500045776367,3035787
2026-01-07 17:30:00,55.89500045776367,55.90999984741211,55.72159957885742,55.73149871826172,6436675
2026-01-07 18:30:00,55.73500061035156,55.83000183105469,55.69499969482422,55.755001068115234,3885578
2026-01-07 19:30:00,55.7599983215332,55.81999969482422,55.61000061035156,55.619998931884766,4769770
2026-01-07 20:30:00,55.619998931884766,55.654998779296875,55.54499816894531,55.595001220703125,7824131
2026-01-08 14:30:00,55.45000076293945,56.070701599121094,55.40999984741211,55.9900016784668,10275107
2026-01-08 15:30:00,55.9900016784668,56.130001068115234,55.95000076293945,56.119998931884766,4459091
2026-01-08 16:30:00,56.1150016784668,56.209999084472656,56.09000015258789,56.17499923706055,4203234
2026-01-08 17:30:00,56.16999816894531,56.25,56.084999084472656,56.095001220703125,2955993
2026-01-08 18:30:00,56.095001220703125,56.097999572753906,55.99369812011719,56.04499816894531,1965377
2026-01-08 19:30:00,56.04499816894531,56.09000015258789,55.97999954223633,56.025001525878906,3328370
2026-01-08 20:30:00,56.025001525878906,56.04999923706055,55.900001525878906,55.900001525878906,5774177
2026-01-09 14:30:00,56.0,56.15999984741211,55.7401008605957,55.90650177001953,8908300
2026-01-09 15:30:00,55.900001525878906,55.95500183105469,55.790000915527344,55.89500045776367,3097657
2026-01-09 16:30:00,55.89500045776367,55.994998931884766,55.849998474121094,55.93000030517578,1790417
2026-01-09 17:30:00,55.93360137939453,55.97880172729492,55.779998779296875,55.810001373291016,2139625
2026-01-09 18:30:00,55.80500030517578,55.88999938964844,55.779998779296875,55.810001373291016,3881900
2026-01-09 19:30:00,55.810001373291016,55.849998474121094,55.7599983215332,55.80500030517578,3873980
2026-01-09 20:30:00,55.80500030517578,55.83000183105469,55.720001220703125,55.724998474121094,4444320
2026-01-12 14:30:00,55.04499816894531,55.2400016784668,54.84000015258789,55.06999969482422,14888221
2026-01-12 15:30:00,55.064998626708984,55.220001220703125,55.06460189819336,55.165000915527344,5742173
2026-01-12 16:30:00,55.16999816894531,55.310001373291016,55.06999969482422,55.130001068115234,4023586
2026-01-12 17:30:00,55.130001068115234,55.15999984741211,55.09000015258789,55.1150016784668,2459973
2026-01-12 18:30:00,55.117401123046875,55.15999984741211,55.07500076293945,55.095001220703125,3601290
2026-01-12 19:30:00,55.095001220703125,55.25,55.09000015258789,55.20989990234375,3023573
2026-01-12 20:30:00,55.209999084472656,55.36000061035156,55.209999084472656,55.275001525878906,6409104
2026-01-13 14:30:00,55.150001525878906,55.22999954223633,54.279998779296875,54.349998474121094,20967789
2026-01-13 15:30:00,54.34000015258789,54.59000015258789,54.28499984741211,54.349998474121094,11578461
2026-01-13 16:30:00,54.34000015258789,54.36000061035156,54.24359893798828,54.345001220703125,7664047
2026-01-13 17:30:00,54.345401763916016,54.387901306152344,54.27000045776367,54.35499954223633,6280282
2026-01-13 18:30:00,54.35499954223633,54.41999816894531,54.2599983215332,54.28499984741211,6975113
2026-01-13 19:30:00,54.28499984741211,54.31999969482422,54.20000076293945,54.20029830932617,9018693
2026-01-13 20:30:00,54.20009994506836,54.275001525878906,54.150001525878906,54.25,12483070
2026-01-14 14:30:00,54.04999923706055,54.18000030517578,53.77000045776367,53.8849983215332,16610003
2026-01-14 15:30:00,53.8849983215332,54.04999923706055,53.790000915527344,54.005001068115234,6780454
2026-01-14 16:30:00,54.0,54.040000915527344,53.689998626708984,53.775001525878906,7547825
2026-01-14 17:30:00,53.775001525878906,53.939998626708984,53.72999954223633,53.935001373291016,5220433
2026-01-14 18:30:00,53.935001373291016,54.02000045776367,53.900001525878906,53.95500183105469,5865491
2026-01-14 19:30:00,53.95500183105469,54.13999938964844,53.9202995300293,54.095001220703125,7602156
2026-01-14 20:30:00,54.095001220703125,54.17499923706055,54.01449966430664,54.15999984741211,8754174
2026-01-15 14:30:00,54.220001220703125,54.679901123046875,54.209999084472656,54.665000915527344,15022664
2026-01-15 15:30:00,54.65999984741211,54.70000076293945,54.5099983215332,54.58000183105469,7844823
2026-01-15 16:30:00,54.58000183105469,54.6150016784668,54.4900016784668,54.4900016784668,3450844
2026-01-15 17:30:00,54.494998931884766,54.560001373291016,54.439998626708984,54.46500015258789,2582822
2026-01-15 18:30:00,54.470001220703125,54.56999969482422,54.459999084472656,54.48500061035156,3558709
2026-01-15 19:30:00,54.48500061035156,54.48500061035156,54.279998779296875,54.29499816894531,4871899
2026-01-15 20:30:00,54.29499816894531,54.380001068115234,54.28010177612305,54.369998931884766,8813184
2026-01-16 14:30:00,54.369998931884766,54.599998474121094,54.28499984741211,54.499900817871094,9759059
2026-01-16 15:30:00,54.5,54.57500076293945,54.33000183105469,54.529998779296875,4740251
2026-01-16 16:30:00,54.529998779296875,54.67900085449219,54.52000045776367,54.654998779296875,3936102
2026-01-16 17:30:00,54.654998779296875,54.7599983215332,54.64500045776367,54.73500061035156,2968733
2026-01-16 18:30:00,54.73500061035156,54.755001068115234,54.61000061035156,54.619998931884766,3215780
2026-01-16 19:30:00,54.6150016784668,54.69499969482422,54.45000076293945,54.45500183105469,4030454
2026-01-16 20:30:00,54.45000076293945,54.4900016784668,54.380001068115234,54.43000030517578,8773951
2026-01-20 14:30:00,53.61000061035156,54.0989990234375,53.525001525878906,54.04499816894531,13365926
2026-01-20 15:30:00,54.04999923706055,54.11000061035156,53.79999923706055,53.839698791503906,5448323
2026-01-20 16:30:00,53.834999084472656,53.91999816894531,53.70000076293945,53.73500061035156,5127149
2026-01-20 17:30:00,53.73500061035156,53.73500061035156,53.5,53.505001068115234,4168142
2026-01-20 18:30:00,53.505001068115234,53.52000045776367,53.13999938964844,53.16999816894531,7235993
2026-01-20 19:30:00,53.165000915527344,53.26499938964844,53.099998474121094,53.25,5909004
2026-01-20 20:30:00,53.25,53.27000045776367,53.13999938964844,53.220001220703125,12428171
2026-01-21 14:30:00,53.369998931884766,53.82500076293945,53.349998474121094,53.654998779296875,8707584
2026-01-21 15:30:00,53.654998779296875,53.71500015258789,53.3650016784668,53.45000076293945,6057189
2026-01-21 16:30:00,53.44499969482422,53.499900817871094,53.2400016784668,53.43539810180664,5284805
2026-01-21 17:30:00,53.435001373291016,53.474998474121094,53.310001373291016,53.459999084472656,3629153
2026-01-21 18:30:00,53.459999084472656,53.65999984741211,53.349998474121094,53.61989974975586,6258877
2026-01-21 19:30:00,53.6150016784668,53.77000045776367,53.560001373291016,53.56629943847656,9748043
2026-01-21 20:30:00,53.564998626708984,53.6150016784668,53.41999816894531,53.45000076293945,8193703
2026-01-22 14:30:00,53.650001525878906,53.95500183105469,53.6349983215332,53.720001220703125,9170524
2026-01-22 15:30:00,53.71500015258789,53.869998931884766,53.70000076293945,53.814998626708984,4342043
2026-01-22 16:30:00,53.814998626708984,54.04999923706055,53.80500030517578,53.941898345947266,10145410
2026-01-22 17:30:00,53.94499969482422,54.00899887084961,53.83000183105469,53.845001220703125,3801463
2026-01-22 18:30:00,53.845001220703125,53.95000076293945,53.834999084472656,53.8849983215332,3438600
2026-01-22 19:30:00,53.8849983215332,53.88999938964844,53.720001220703125,53.755001068115234,3479772
2026-01-22 20:30:00,53.75,53.79999923706055,53.70000076293945,53.79999923706055,7035447
2026-01-23 14:30:00,53.4900016784668,53.5099983215332,53.1334228515625,53.145999908447266,11643378
2026-01-23 15:30:00,53.14500045776367,53.209999084472656,53.073699951171875,53.125,5133884
2026-01-23 16:30:00,53.130001068115234,53.15999984741211,53.02000045776367,53.14500045776367,4748240
2026-01-23 17:30:00,53.150001525878906,53.15999984741211,52.880001068115234,52.94540023803711,6264874
2026-01-23 18:30:00,52.94499969482422,53.1349983215332,52.940101623535156,53.095001220703125,4440962
2026-01-23 19:30:00,53.095001220703125,53.130001068115234,53.029998779296875,53.03499984741211,3267042
2026-01-23 20:30:00,53.029998779296875,53.10499954223633,53.01499938964844,53.06999969482422,9979491
2026-01-26 14:30:00,53.099998474121094,53.435001373291016,53.09000015258789,53.30500030517578,7463362
2026-01-26 15:30:00,53.29999923706055,53.36000061035156,53.184200286865234,53.2401008605957,4406246
2026-01-26 16:30:00,53.25,53.290000915527344,53.20000076293945,53.27000045776367,2642767
2026-01-26 17:30:00,53.26499938964844,53.36000061035156,53.25,53.350101470947266,1955553
2026-01-26 18:30:00,53.36000061035156,53.380001068115234,53.279998779296875,53.380001068115234,1710770
2026-01-26 19:30:00,53.380001068115234,53.54999923706055,53.36000061035156,53.439998626708984,4235814
2026-01-26 20:30:00,53.440101623535156,53.47999954223633,53.380001068115234,53.40999984741211,6516668
2026-01-27 14:30:00,53.314998626708984,53.42499923706055,52.85499954223633,52.86000061035156,7048945
2026-01-27 15:30:00,52.86000061035156,53.04999923706055,52.84000015258789,52.974998474121094,4297457
2026-01-27 16:30:00,52.970001220703125,53.01499938964844,52.88999938964844,52.939998626708984,2828478
2026-01-27 17:30:00,52.939998626708984,53.0099983215332,52.900001525878906,53.005001068115234,2530865
2026-01-27 18:30:00,53.005001068115234,53.04999923706055,52.97999954223633,53.03499984741211,4900248
2026-01-27 19:30:00,53.029998779296875,53.099998474121094,53.029998779296875,53.04499816894531,6050488
2026-01-27 20:30:00,53.04499816894531,53.06999969482422,52.9900016784668,53.005001068115234,9307039
2026-01-28 14:30:00,52.93000030517578,53.08000183105469,52.83000183105469,52.96500015258789,6579764
2026-01-28 15:30:00,52.96500015258789,53.064998626708984,52.96500015258789,53.01499938964844,4099708
2026-01-28 16:30:00,53.01409912109375,53.09000015258789,52.97999954223633,53.029998779296875,2818008
2026-01-28 17:30:00,53.029998779296875,53.029998779296875,52.939998626708984,52.96500015258789,4018955
2026-01-28 18:30:00,52.96500015258789,52.97999954223633,52.7599983215332,52.814998626708984,5415779
2026-01-28 19:30:00,52.814998626708984,53.209999084472656,52.76499938964844,52.88999938964844,9052561
2026-01-28 20:30:00,52.88999938964844,53.01499938964844,52.849998474121094,52.9900016784668,8543655
2026-01-29 14:30:00,53.31999969482422,53.630001068115234,53.06999969482422,53.29499816894531,16720870
2026-01-29 15:30:00,53.29499816894531,53.33000183105469,52.9900016784668,53.1349983215332,7824683
2026-01-29 16:30:00,53.130001068115234,53.470001220703125,53.125,53.380001068115234,4472333
2026-01-29 17:30:00,53.369998931884766,53.39500045776367,53.01499938964844,53.270599365234375,4278345
2026-01-29 18:30:00,53.26499938964844,53.34000015258789,53.189998626708984,53.33000183105469,3056704
2026-01-29 19:30:00,53.334999084472656,53.42499923706055,53.244998931884766,53.3849983215332,3872337
2026-01-29 20:30:00,53.3849983215332,53.56999969482422,53.375,53.540000915527344,8870507
2026-01-30 14:30:00,53.380001068115234,53.654998779296875,53.34000015258789,53.474998474121094,8304546
2026-01-30 15:30:00,53.474998474121094,53.560001373291016,53.06999969482422,53.08000183105469,6754863
2026-01-30 16:30:00,53.08000183105469,53.255001068115234,53.02000045776367,53.255001068115234,6111398
2026-01-30 17:30:00,53.25,53.290000915527344,53.064998626708984,53.22999954223633,3497515
2026-01-30 18:30:00,53.22999954223633,53.52000045776367,53.13100051879883,53.375,3965931
2026-01-30 19:30:00,53.375,53.47010040283203,53.33000183105469,53.380001068115234,5191857
2026-01-30 20:30:00,53.380001068115234,53.52000045776367,53.37009811401367,53.45500183105469,6619617
2026-02-02 14:30:00,53.44499969482422,53.810001373291016,53.19499969482422,53.66999816894531,9119381
2026-02-02 15:30:00,53.67499923706055,53.8849983215332,53.64500045776367,53.83000183105469,5310111
2026-02-02 16:30:00,53.82500076293945,54.0099983215332,53.7599983215332,53.935001373291016,7687505
2026-02-02 17:30:00,53.939998626708984,53.974998474121094,53.84000015258789,53.8650016784668,5208954
2026-02-02 18:30:00,53.86000061035156,53.9900016784668,53.86000061035156,53.98970031738281,2530986
2026-02-02 19:30:00,53.9900016784668,54.09000015258789,53.939998626708984,53.98910140991211,6298145
2026-02-02 20:30:00,53.97999954223633,54.040000915527344,53.970001220703125,54.0099983215332,8649863
2026-02-03 14:30:00,53.720001220703125,54.165000915527344,53.595001220703125,53.89500045776367,12306802
2026-02-03 15:30:00,53.900001525878906,53.98500061035156,53.709999084472656,53.71500015258789,5006287
2026-02-03 16:30:00,53.71500015258789,53.7599983215332,53.5,53.505001068115234,6271061
2026-02-03 17:30:00,53.505001068115234,53.525001525878906,53.2400016784668,53.275001525878906,11438735
2026-02-03 18:30:00,53.275001525878906,53.400001525878906,53.15999984741211,53.275001525878906,10565268
2026-02-03 19:30:00,53.275001525878906,53.52000045776367,53.25,53.51499938964844,8234848
2026-02-03 20:30:00,53.52000045776367,53.595001220703125,53.47999954223633,53.5099983215332,9733546
2026-02-04 14:30:00,53.5099983215332,53.94499969482422,53.400001525878906,53.88999938964844,13494116
2026-02-04 15:30:00,53.88999938964844,54.01649856567383,53.79499816894531,54.005001068115234,7248111
2026-02-04 16:30:00,54.01499938964844,54.18000030517578,53.87009811401367,53.95000076293945,7601366
2026-02-04 17:30:00,53.95000076293945,53.9900016784668,53.790000915527344,53.97999954223633,6615335
2026-02-04 18:30:00,53.97999954223633,54.029998779296875,53.834999084472656,53.900001525878906,4941537
2026-02-04 19:30:00,53.89500045776367,54.18000030517578,53.89500045776367,54.060001373291016,6079780
2026-02-04 20:30:00,54.064998626708984,54.13999938964844,53.904998779296875,53.95000076293945,9292755
2026-02-05 14:30:00,53.939998626708984,54.060001373291016,53.27000045776367,53.29999923706055,16685796
2026-02-05 15:30:00,53.29999923706055,53.43000030517578,53.189998626708984,53.35499954223633,10519281
2026-02-05 16:30:00,53.36000061035156,53.619998931884766,53.30500030517578,53.60499954223633,5891324
2026-02-05 17:30:00,53.60499954223633,53.625,53.23500061035156,53.26499938964844,6871473
2026-02-05 18:30:00,53.27000045776367,53.439998626708984,53.18000030517578,53.39500045776367,4295103
2026-02-05 19:30:00,53.38999938964844,53.46500015258789,53.26499938964844,53.35499954223633,3781169
2026-02-05 20:30:00,53.35499954223633,53.38999938964844,53.20000076293945,53.275001525878906,9308354
2026-02-06 14:30:00,53.83000183105469,54.30500030517578,53.83000183105469,54.1349983215332,15131328
2026-02-06 15:30:00,54.1349983215332,54.26499938964844,54.03450012207031,54.064998626708984,6819297
2026-02-06 16:30:00,54.064998626708984,54.12900161743164,54.025001525878906,54.084999084472656,4853200
2026-02-06 17:30:00,54.09000015258789,54.150001525878906,54.04330062866211,54.1150016784668,3741919
2026-02-06 18:30:00,54.1150016784668,54.22999954223633,54.1150016784668,54.19499969482422,3211727
2026-02-06 19:30:00,54.19499969482422,54.23609924316406,54.13999938964844,54.17499923706055,4210380
2026-02-06 20:30:00,54.16999816894531,54.345001220703125,54.165000915527344,54.2599983215332,11449973
2026-02-09 14:30:00,54.08000183105469,54.38999938964844,54.040000915527344,54.279998779296875,8913343
2026-02-09 15:30:00,54.28499984741211,54.3650016784668,54.130001068115234,54.185001373291016,2628350
2026-02-09 16:30:00,54.185001373291016,54.220001220703125,54.060001373291016,54.1349983215332,2201276
2026-02-09 17:30:00,54.1349983215332,54.16999816894531,54.03499984741211,54.10499954223633,2812043
2026-02-09 18:30:00,54.11000061035156,54.19499969482422,54.09000015258789,54.15999984741211,3081788
2026-02-09 19:30:00,54.154998779296875,54.15999984741211,54.0,54.005001068115234,3612128
2026-02-09 20:30:00,54.005001068115234,54.0099983215332,53.900001525878906,53.92499923706055,7252630
2026-02-10 14:30:00,53.70000076293945,54.25,53.70000076293945,54.19612503051758,8782481
2026-02-10 15:30:00,54.19499969482422,54.255001068115234,53.61000061035156,53.76499938964844,8953850
2026-02-10 16:30:00,53.77000045776367,53.900001525878906,53.709999084472656,53.71500015258789,6559341
2026-02-10 17:30:00,53.71500015258789,53.724998474121094,53.33000183105469,53.33000183105469,5790022
2026-02-10 18:30:00,53.334999084472656,53.40999984741211,53.1150016784668,53.404998779296875,10910594
2026-02-10 19:30:00,53.40999984741211,53.61000061035156,53.349998474121094,53.564998626708984,7114311
2026-02-10 20:30:00,53.564998626708984,53.619998931884766,53.5,53.529998779296875,7961540
2026-02-11 14:30:00,53.66999816894531,53.93000030517578,53.0,53.06999969482422,17743809
2026-02-11 15:30:00,53.064998626708984,53.10499954223633,52.760101318359375,52.935001373291016,10935685
2026-02-11 16:30:00,52.935001373291016,53.1150016784668,52.89500045776367,52.92499923706055,4613111
2026-02-11 17:30:00,52.92499923706055,52.994998931884766,52.810001373291016,52.88999938964844,4615651
2026-02-11 18:30:00,52.88999938964844,52.91999816894531,52.689998626708984,52.845001220703125,6566820
2026-02-11 19:30:00,52.845001220703125,52.94499969482422,52.810001373291016,52.84000015258789,4185216
2026-02-11 20:30:00,52.84000015258789,52.880001068115234,52.72999954223633,52.72999954223633,9276548
2026-02-12 14:30:00,52.900001525878906,53.11000061035156,52.630001068115234,52.650001525878906,10064874
2026-02-12 15:30:00,52.654998779296875,52.665000915527344,51.650001525878906,51.76499938964844,17506776
2026-02-12 16:30:00,51.76499938964844,51.875,51.43000030517578,51.564998626708984,14522297
2026-02-12 17:30:00,51.564998626708984,51.77000045776367,51.53499984741211,51.64500045776367,18081770
2026-02-12 18:30:00,51.64500045776367,52.099998474121094,51.59000015258789,51.970001220703125,12058412
2026-02-12 19:30:00,51.970001220703125,52.154998779296875,51.92399978637695,51.94919967651367,7117562
2026-02-12 20:30:00,51.94499969482422,51.95000076293945,51.66999816894531,51.68000030517578,12355098
2026-02-13 14:30:00,51.54499816894531,51.7599983215332,51.25,51.5,16691117
2026-02-13 15:30:00,51.5,51.720001220703125,51.41999816894531,51.70000076293945,10682381
2026-02-13 16:30:00,51.709999084472656,51.93000030517578,51.630001068115234,51.834999084472656,5576579
2026-02-13 17:30:00,51.834999084472656,51.90999984741211,51.689998626708984,51.810001373291016,5478727
2026-02-13 18:30:00,51.810001373291016,51.85499954223633,51.70000076293945,51.724998474121094,2796575
2026-02-13 19:30:00,51.724998474121094,51.790000915527344,51.5,51.53609848022461,5442449
2026-02-13 20:30:00,51.53499984741211,51.68000030517578,51.51020050048828,51.65999984741211,8821485
2026-02-17 14:30:00,51.814998626708984,52.40999984741211,51.814998626708984,51.970001220703125,13536542
2026-02-17 15:30:00,51.970001220703125,52.32640075683594,51.91999816894531,52.224998474121094,6967403
2026-02-17 16:30:00,52.224998474121094,52.34000015258789,52.099998474121094,52.21500015258789,8539834
2026-02-17 17:30:00,52.220001220703125,52.2400016784668,52.02000045776367,52.19499969482422,5430881
2026-02-17 18:30:00,52.19499969482422,52.33000183105469,52.18050003051758,52.244998931884766,4993668
2026-02-17 19:30:00,52.244998931884766,52.279998779296875,52.189998626708984,52.25339889526367,3512853
2026-02-17 20:30:00,52.25,52.255001068115234,52.13999938964844,52.20000076293945,9068843
2026-02-18 14:30:00,52.345001220703125,52.779998779296875,52.275001525878906,52.665000915527344,13492490
2026-02-18 15:30:00,52.65999984741211,52.720001220703125,52.560001373291016,52.6150016784668,4382188
2026-02-18 16:30:00,52.619300842285156,52.69499969482422,52.529998779296875,52.68000030517578,5374570
2026-02-18 17:30:00,52.68000030517578,52.75,52.59000015258789,52.625,3226205
2026-02-18 18:30:00,52.625,52.67499923706055,52.53499984741211,52.61000061035156,4671584
2026-02-18 19:30:00,52.619998931884766,52.68000030517578,52.5099983215332,52.53010177612305,5091260
2026-02-18 20:30:00,52.529998779296875,52.65999984741211,52.52539825439453,52.58000183105469,7654947
2026-02-19 14:30:00,52.13999938964844,52.380001068115234,51.959999084472656,52.0,10632646
2026-02-19 15:30:00,52.005001068115234,52.15999984741211,51.880001068115234,51.885101318359375,6596564
2026-02-19 16:30:00,51.88999938964844,52.040000915527344,51.8849983215332,51.95000076293945,3888670
2026-02-19 17:30:00,51.95500183105469,52.0099983215332,51.744998931884766,51.790000915527344,4046502
2026-02-19 18:30:00,51.790000915527344,51.939998626708984,51.7400016784668,51.915000915527344,3461512
2026-02-19 19:30:00,51.90999984741211,52.029998779296875,51.814998626708984,52.005001068115234,3441529
2026-02-19 20:30:00,52.005001068115234,52.15999984741211,52.005001068115234,52.13999938964844,11636660
2026-02-20 14:30:00,52.040000915527344,52.334999084472656,51.720001220703125,52.21500015258789,11861477
2026-02-20 15:30:00,52.220001220703125,52.255001068115234,52.0099983215332,52.01499938964844,6229343
2026-02-20 16:30:00,52.01499938964844,52.220001220703125,51.935001373291016,52.040000915527344,4337403
2026-02-20 17:30:00,52.040000915527344,52.19499969482422,52.029998779296875,52.130001068115234,6614739
2026-02-20 18:30:00,52.130001068115234,52.41999816894531,52.095001220703125,52.32500076293945,7530088
2026-02-20 19:30:00,52.31999969482422,52.41999816894531,52.27000045776367,52.36000061035156,5039297
2026-02-20 20:30:00,52.36000061035156,52.494998931884766,52.35499954223633,52.48500061035156,8936979
2026-02-23 14:30:00,52.185001373291016,52.470001220703125,51.04999923706055,51.1150016784668,13506046
2026-02-23 15:30:00,51.1150016784668,51.14500045776367,50.70000076293945,50.974998474121094,14800128
2026-02-23 16:30:00,50.974998474121094,51.02000045776367,50.65999984741211,50.685001373291016,11124758
2026-02-23 17:30:00,50.685001373291016,50.91999816894531,50.662601470947266,50.91999816894531,12018557
2026-02-23 18:30:00,50.915000915527344,50.935001373291016,50.720001220703125,50.72999954223633,6778471
2026-02-23 19:30:00,50.724998474121094,50.86000061035156,50.709999084472656,50.7599983215332,7815211
2026-02-23 20:30:00,50.755001068115234,50.81999969482422,50.63999938964844,50.7400016784668,17506012
2026-02-24 14:30:00,50.45000076293945,50.89500045776367,50.23500061035156,50.619998931884766,21136318
2026-02-24 15:30:00,50.6150016784668,50.65999984741211,50.470001220703125,50.650001525878906,7747515
2026-02-24 16:30:00,50.65999984741211,50.88999938964844,50.54999923706055,50.86470031738281,8161490
2026-02-24 17:30:00,50.86009979248047,51.02009963989258,50.810001373291016,51.01499938964844,5381016
2026-02-24 18:30:00,51.01499938964844,51.18000030517578,50.95009994506836,51.029998779296875,6832341
2026-02-24 19:30:00,51.025001525878906,51.025001525878906,50.849998474121094,50.8650016784668,5613916
2026-02-24 20:30:00,50.86000061035156,51.029998779296875,50.86000061035156,50.970001220703125,6757163
2026-02-25 14:30:00,51.2400016784668,51.5,51.16999816894531,51.43000030517578,10070789
2026-02-25 15:30:00,51.43000030517578,51.599998474121094,51.404998779296875,51.564998626708984,5543128
2026-02-25 16:30:00,51.56999969482422,51.75,51.564998626708984,51.724998474121094,5407966
2026-02-25 17:30:00,51.72999954223633,51.83000183105469,51.71500015258789,51.755001068115234,4695776
2026-02-25 18:30:00,51.75,51.81999969482422,51.709999084472656,51.779998779296875,2793282
2026-02-25 19:30:00,51.775001525878906,51.88999938964844,51.7599983215332,51.76499938964844,6706953
2026-02-25 20:30:00,51.7599983215332,51.869998931884766,51.7599983215332,51.83000183105469,10319453
2026-02-26 14:30:00,52.06999969482422,52.654998779296875,51.97999954223633,52.375,19544201
2026-02-26 15:30:00,52.375,52.564998626708984,52.33000183105469,52.41999816894531,7333035
2026-02-26 16:30:00,52.42499923706055,52.429901123046875,51.9900016784668,52.1349983215332,8521729
2026-02-26 17:30:00,52.1349983215332,52.2599983215332,52.060001373291016,52.21500015258789,4878764
2026-02-26 18:30:00,52.220001220703125,52.529998779296875,52.21500015258789,52.45500183105469,5287983
2026-02-26 19:30:00,52.45500183105469,52.54999923706055,52.439998626708984,52.5,5024822
2026-02-26 20:30:00,52.5,52.560001373291016,52.470001220703125,52.4900016784668,8163166
2026-02-27 14:30:00,51.880001068115234,52.05500030517578,51.1349983215332,51.334999084472656,23564682
2026-02-27 15:30:00,51.33000183105469,51.53879928588867,51.275001525878906,51.474998474121094,8835307
2026-02-27 16:30:00,51.474998474121094,51.54499816894531,51.0099983215332,51.01499938964844,9145579
2026-02-27 17:30:00,51.01499938964844,51.28499984741211,51.0099983215332,51.209999084472656,9942428
2026-02-27 18:30:00,51.209999084472656,51.290000915527344,51.13999938964844,51.165000915527344,8177751
2026-02-27 19:30:00,51.165000915527344,51.380001068115234,51.08100128173828,51.35499954223633,6180206
2026-02-27 20:30:00,51.36000061035156,51.5,51.33000183105469,51.439998626708984,12345619
2026-03-02 14:30:00,50.60499954223633,51.27000045776367,50.459999084472656,51.11000061035156,19767164
2026-03-02 15:30:00,51.11000061035156,51.369998931884766,50.94499969482422,51.150001525878906,11719244
2026-03-02 16:30:00,51.150001525878906,51.415000915527344,51.1349983215332,51.27000045776367,6636886
2026-03-02 17:30:00,51.2599983215332,51.47999954223633,51.2400016784668,51.42940139770508,3839338
2026-03-02 18:30:00,51.42499923706055,51.581600189208984,51.30009841918945,51.57500076293945,5003894
2026-03-02 19:30:00,51.58000183105469,51.630001068115234,51.31420135498047,51.349998474121094,6664845
2026-03-02 20:30:00,51.349998474121094,51.42499923706055,51.290000915527344,51.30500030517578,11273828
2026-03-03 14:30:00,50.290000915527344,50.56999969482422,50.08000183105469,50.2599983215332,25721090
2026-03-03 15:30:00,50.2599983215332,50.76499938964844,50.255001068115234,50.73500061035156,11510655
2026-03-03 16:30:00,50.73500061035156,50.95000076293945,50.6349983215332,50.904998779296875,8003677
2026-03-03 17:30:00,50.904998779296875,51.36000061035156,50.814998626708984,51.31999969482422,10192770
2026-03-03 18:30:00,51.314998626708984,51.47999954223633,51.30500030517578,51.3849983215332,10319375
2026-03-03 19:30:00,51.3849983215332,51.54999923706055,51.279998779296875,51.3650016784668,7568807
2026-03-03 20:30:00,51.3650016784668,51.375,51.18000030517578,51.244998931884766,6774691
2026-03-04 14:30:00,51.33000183105469,51.595001220703125,51.07500076293945,51.525001525878906,13431594
2026-03-04 15:30:00,51.525001525878906,51.61000061035156,51.375,51.564998626708984,9292951
2026-03-04 16:30:00,51.564998626708984,51.6150016784668,51.45000076293945,51.45000076293945,3627189
2026-03-04 17:30:00,51.45500183105469,51.505001068115234,51.380001068115234,51.474998474121094,6607553
2026-03-04 18:30:00,51.474998474121094,51.57500076293945,51.45500183105469,51.49250030517578,3390631
2026-03-04 19:30:00,51.5,51.625,51.494998931884766,51.54999923706055,3720965
2026-03-04 20:30:00,51.54499816894531,51.650001525878906,51.5,51.5099983215332,7076905
2026-03-05 14:30:00,51.2400016784668,51.81999969482422,51.125,51.165000915527344,10592374
2026-03-05 15:30:00,51.165000915527344,51.20000076293945,50.97999954223633,51.04999923706055,6372874
2026-03-05 16:30:00,51.04999923706055,51.23500061035156,51.025001525878906,51.06999969482422,5539251
2026-03-05 17:30:00,51.06999969482422,51.27000045776367,51.01499938964844,51.13999938964844,7055723
2026-03-05 18:30:00,51.1349983215332,51.224998474121094,50.96009826660156,50.97999954223633,3928842
2026-03-05 19:30:00,50.97999954223633,51.2599983215332,50.904998779296875,51.19499969482422,7544699
2026-03-05 20:30:00,51.189998626708984,51.310001373291016,51.16999816894531,51.25,9566398
2026-03-06 14:30:00,50.439998626708984,50.5099983215332,49.75,50.21500015258789,20445197
2026-03-06 15:30:00,50.220001220703125,50.404998779296875,50.084999084472656,50.19499969482422,13712863
2026-03-06 16:30:00,50.19499969482422,50.39500045776367,50.15999984741211,50.2599983215332,7920146
2026-03-06 17:30:00,50.26499938964844,50.40999984741211,50.04999923706055,50.26499938964844,5502461
2026-03-06 18:30:00,50.26499938964844,50.404998779296875,50.165000915527344,50.400001525878906,4987566
2026-03-06 19:30:00,50.38999938964844,50.56999969482422,50.375,50.48500061035156,5304407
2026-03-06 20:30:00,50.4900016784668,50.6150016784668,50.400001525878906,50.56999969482422,14586849
2026-03-09 13:30:00,49.91999816894531,50.084999084472656,49.18000030517578,49.26499938964844,15849242
2026-03-09 14:30:00,49.26499938964844,49.625,49.2599983215332,49.625,9355656
2026-03-09 15:30:00,49.619998931884766,49.790000915527344,49.45500183105469,49.75,9820429
2026-03-09 16:30:00,49.755001068115234,49.81999969482422,49.57500076293945,49.590301513671875,8660201
2026-03-09 17:30:00,49.595001220703125,49.65999984741211,49.5,49.599998474121094,4742633
2026-03-09 18:30:00,49.60499954223633,50.279998779296875,49.56999969482422,50.275001525878906,11072038
2026-03-09 19:30:00,50.27000045776367,50.52000045776367,50.153900146484375,50.33000183105469,15436422
2026-03-10 13:30:00,50.33000183105469,50.40999984741211,49.75,50.11000061035156,14340589
2026-03-10 14:30:00,50.10499954223633,50.43000030517578,50.095001220703125,50.38999938964844,10484153
2026-03-10 15:30:00,50.38999938964844,50.41999816894531,50.23500061035156,50.334999084472656,9861555
2026-03-10 16:30:00,50.34000015258789,50.68989944458008,50.33769989013672,50.685001373291016,5055145
2026-03-10 17:30:00,50.68009948730469,50.68009948730469,50.099998474121094,50.275001525878906,9833306
2026-03-10 18:30:00,50.279998779296875,50.375,50.1349983215332,50.13999938964844,6205022
2026-03-10 19:30:00,50.150001525878906,50.224998474121094,50.02000045776367,50.060001373291016,13736891
2026-03-11 13:30:00,49.97999954223633,50.1150016784668,49.40999984741211,49.45500183105469,13211420
2026-03-11 14:30:00,49.45500183105469,49.80500030517578,49.33000183105469,49.42499923706055,9906189
2026-03-11 15:30:00,49.43000030517578,49.459999084472656,49.2234992980957,49.400001525878906,9111037
2026-03-11 16:30:00,49.400001525878906,49.685001373291016,49.400001525878906,49.654998779296875,4833956
2026-03-11 17:30:00,49.654998779296875,49.667701721191406,49.38999938964844,49.58000183105469,5238674
2026-03-11 18:30:00,49.56999969482422,49.599998474121094,49.474998474121094,49.564998626708984,4550047
2026-03-11 19:30:00,49.564998626708984,49.689998626708984,49.560001373291016,49.64500045776367,7766995
2026-03-12 13:30:00,48.97999954223633,49.220001220703125,48.900001525878906,48.95500183105469,15842322
2026-03-12 14:30:00,48.95500183105469,49.209999084472656,48.869998931884766,48.939998626708984,8274627
2026-03-12 15:30:00,48.935001373291016,49.165000915527344,48.869998931884766,48.935001373291016,9431536
2026-03-12 16:30:00,48.93000030517578,49.04499816894531,48.84000015258789,48.900001525878906,9587357
2026-03-12 17:30:00,48.89500045776367,49.02000045776367,48.83440017700195,48.8849983215332,4511290
2026-03-12 18:30:00,48.8849983215332,48.95000076293945,48.790000915527344,48.92499923706055,7491304
2026-03-12 19:30:00,48.93000030517578,48.97999954223633,48.790000915527344,48.83000183105469,10054720
2026-03-13 13:30:00,49.11000061035156,49.459999084472656,49.05500030517578,49.2400016784668,12130541
2026-03-13 14:30:00,49.24020004272461,49.375,49.04999923706055,49.07500076293945,7185016
2026-03-13 15:30:00,49.07500076293945,49.21500015258789,49.02000045776367,49.099998474121094,6026335
2026-03-13 16:30:00,49.09989929199219,49.150001525878906,48.9900016784668,49.04999923706055,4037157
2026-03-13 17:30:00,49.04999923706055,49.060001373291016,48.8650016784668,48.98500061035156,4486235
2026-03-13 18:30:00,48.9900016784668,49.095001220703125,48.8849983215332,48.900001525878906,5328681
2026-03-13 19:30:00,48.904998779296875,48.96989822387695,48.845001220703125,48.880001068115234,6783232
2026-03-16 13:30:00,49.25,49.744998931884766,49.224998474121094,49.52000045776367,15168097
2026-03-16 14:30:00,49.51499938964844,49.52000045776367,49.189998626708984,49.44499969482422,7214721
2026-03-16 15:30:00,49.45000076293945,49.505001068115234,49.112998962402344,49.14500045776367,5074157
2026-03-16 16:30:00,49.14500045776367,49.290000915527344,49.11000061035156,49.22999954223633,2852511
2026-03-16 17:30:00,49.224998474121094,49.310001373291016,49.130001068115234,49.27000045776367,2621600
2026-03-16 18:30:00,49.279998779296875,49.38999938964844,49.2599983215332,49.36000061035156,5083763
2026-03-16 19:30:00,49.36000061035156,49.375,49.2400016784668,49.29999923706055,6604972
2026-03-17 13:30:00,49.69499969482422,50.189998626708984,49.689998626708984,49.77399826049805,12683987
2026-03-17 14:30:00,49.779998779296875,49.86000061035156,49.65999984741211,49.689998626708984,8044992
2026-03-17 15:30:00,49.69499969482422,49.75,49.58000183105469,49.6150016784668,4735657
2026-03-17 16:30:00,49.6150016784668,49.7599983215332,49.573699951171875,49.7599983215332,3330958
2026-03-17 17:30:00,49.755001068115234,49.77000045776367,49.52000045776367,49.525001525878906,2386965
2026-03-17 18:30:00,49.529998779296875,49.709999084472656,49.52000045776367,49.65999984741211,3379940
2026-03-17 19:30:00,49.654998779296875,49.689998626708984,49.5099983215332,49.56010055541992,6371396
2026-03-18 13:30:00,49.369998931884766,49.709999084472656,49.209999084472656,49.310001373291016,12499823
2026-03-18 14:30:00,49.310001373291016,49.380001068115234,49.18000030517578,49.30500030517578,7203665
2026-03-18 15:30:00,49.29999923706055,49.369998931884766,49.18000030517578,49.29499816894531,3402609
2026-03-18 16:30:00,49.290000915527344,49.310001373291016,49.17499923706055,49.20759963989258,3228520
2026-03-18 17:30:00,49.20000076293945,49.27000045776367,49.1150016784668,49.21549987792969,5820332
2026-03-18 18:30:00,49.209999084472656,49.279998779296875,49.02000045776367,49.040000915527344,6158262
2026-03-18 19:30:00,49.040000915527344,49.06999969482422,48.91999816894531,48.970001220703125,9361980
2026-03-19 13:30:00,48.77000045776367,49.154998779296875,48.52000045776367,48.54499816894531,16882137
2026-03-19 14:30:00,48.54499816894531,48.84000015258789,48.52000045776367,48.790000915527344,6046332
2026-03-19 15:30:00,48.779998779296875,48.83000183105469,48.63999938964844,48.7400016784668,8344970
2026-03-19 16:30:00,48.7400016784668,48.79499816894531,48.54999923706055,48.69499969482422,3385125
2026-03-19 17:30:00,48.70000076293945,48.779998779296875,48.61000061035156,48.67499923706055,4249486
2026-03-19 18:30:00,48.66999816894531,49.17499923706055,48.650001525878906,48.974998474121094,8901985
2026-03-19 19:30:00,48.974998474121094,49.07500076293945,48.91999816894531,48.97999954223633,7484285
2026-03-20 13:30:00,48.95500183105469,49.14500045776367,48.83000183105469,48.94900131225586,16710588
2026-03-20 14:30:00,48.94499969482422,49.13999938964844,48.845001220703125,48.8849983215332,8550021
2026-03-20 15:30:00,48.880001068115234,49.189998626708984,48.880001068115234,49.154998779296875,4865458
2026-03-20 16:30:00,49.150001525878906,49.34000015258789,49.084999084472656,49.28499984741211,8139384
2026-03-20 17:30:00,49.28499984741211,49.310001373291016,49.029998779296875,49.095001220703125,5413164
2026-03-20 18:30:00,49.095001220703125,49.10499954223633,48.95000076293945,48.994998931884766,13751231
2026-03-20 19:30:00,49.0,49.16999816894531,48.790000915527344,49.099998474121094,14362769
2026-03-23 13:30:00,49.70000076293945,49.86000061035156,49.310001373291016,49.564998626708984,21727523
2026-03-23 14:30:00,49.564998626708984,49.85499954223633,49.52000045776367,49.654998779296875,14106564
2026-03-23 15:30:00,49.65999984741211,49.67499923706055,49.222599029541016,49.22999954223633,12712794
2026-03-23 16:30:00,49.22999954223633,49.415000915527344,49.220001220703125,49.35499954223633,7569950
2026-03-23 17:30:00,49.350101470947266,49.6349983215332,49.345001220703125,49.55580139160156,5911734
2026-03-23 18:30:00,49.560001373291016,49.72999954223633,49.459999084472656,49.470001220703125,5087282
2026-03-23 19:30:00,49.46500015258789,49.540000915527344,49.244998931884766,49.25,9514331
2026-03-24 13:30:00,48.79999923706055,49.13999938964844,48.78499984741211,49.08000183105469,10031167
2026-03-24 14:30:00,49.08000183105469,49.56999969482422,49.060001373291016,49.505001068115234,8135582
2026-03-24 15:30:00,49.505001068115234,49.59000015258789,49.38999938964844,49.51499938964844,4627914
2026-03-24 16:30:00,49.51499938964844,49.540000915527344,49.28499984741211,49.369998931884766,3694764
2026-03-24 17:30:00,49.3650016784668,49.44499969482422,49.314998626708984,49.41999816894531,4125793
2026-03-24 18:30:00,49.42499923706055,49.58000183105469,49.38999938964844,49.415000915527344,3489223
2026-03-24 19:30:00,49.40999984741211,49.459999084472656,49.22999954223633,49.28099822998047,5701936
2026-03-25 13:30:00,49.59000015258789,49.95009994506836,49.33000183105469,49.46500015258789,9864833
2026-03-25 14:30:00,49.459999084472656,49.540000915527344,48.9900016784668,49.31999969482422,6715229
2026-03-25 15:30:00,49.32500076293945,49.39500045776367,49.189998626708984,49.369998931884766,4418306
2026-03-25 16:30:00,49.380001068115234,49.45500183105469,49.31999969482422,49.42499923706055,2776761
2026-03-25 17:30:00,49.42499923706055,49.5,49.31999969482422,49.36000061035156,3662482
2026-03-25 18:30:00,49.36000061035156,49.40999984741211,49.310001373291016,49.3849983215332,4475290
2026-03-25 19:30:00,49.3849983215332,49.40999984741211,49.29999923706055,49.34000015258789,7063591
2026-03-26 13:30:00,49.11000061035156,49.4900016784668,49.064998626708984,49.369998931884766,11465393
2026-03-26 14:30:00,49.369998931884766,49.47999954223633,49.18000030517578,49.209999084472656,5767235
2026-03-26 15:30:00,49.20500183105469,49.209999084472656,48.875,48.90999984741211,5717830
2026-03-26 16:30:00,48.904998779296875,49.11000061035156,48.880001068115234,48.935001373291016,3695594
2026-03-26 17:30:00,48.935001373291016,49.064998626708984,48.93000030517578,49.04999923706055,6862755
2026-03-26 18:30:00,49.04499816894531,49.20000076293945,48.98500061035156,49.0,4006111
2026-03-26 19:30:00,49.00130081176758,49.09000015258789,48.95000076293945,49.04499816894531,5672653
2026-03-27 13:30:00,48.790000915527344,48.834999084472656,47.95000076293945,48.31999969482422,16653628
2026-03-27 14:30:00,48.310001373291016,48.53499984741211,48.29999923706055,48.40999984741211,6821705
2026-03-27 15:30:00,48.41999816894531,48.47999954223633,48.150001525878906,48.23500061035156,5752972
2026-03-27 16:30:00,48.23500061035156,48.29999923706055,48.06999969482422,48.070098876953125,3670151
2026-03-27 17:30:00,48.07500076293945,48.130001068115234,47.91999816894531,47.96929931640625,6053236
2026-03-27 18:30:00,47.96500015258789,48.06999969482422,47.86000061035156,47.90999984741211,9754857
2026-03-27 19:30:00,47.912200927734375,47.93000030517578,47.66999816894531,47.79999923706055,13897450
2026-03-30 13:30:00,48.22999954223633,48.45500183105469,48.09000015258789,48.334999084472656,14980729
2026-03-30 14:30:00,48.34000015258789,48.720001220703125,48.2400016784668,48.59510040283203,7734984
2026-03-30 15:30:00,48.599998474121094,48.689998626708984,48.54499816894531,48.595001220703125,5182724
2026-03-30 16:30:00,48.595001220703125,48.6349983215332,48.37220001220703,48.415000915527344,4215087
2026-03-30 17:30:00,48.41999816894531,48.48500061035156,48.334999084472656,48.334999084472656,4429243
2026-03-30 18:30:00,48.33000183105469,48.400001525878906,48.14500045776367,48.15999984741211,7152098
2026-03-30 19:30:00,48.16999816894531,48.400001525878906,48.154998779296875,48.349998474121094,12243903
2026-03-31 13:30:00,48.91999816894531,49.08000183105469,48.59000015258789,48.84000015258789,18610350
2026-03-31 14:30:00,48.84000015258789,48.86000061035156,48.5099983215332,48.744998931884766,7788432
2026-03-31 15:30:00,48.7400016784668,48.834999084472656,48.68000030517578,48.81999969482422,4605891
2026-03-31 16:30:00,48.814998626708984,49.400001525878906,48.76499938964844,49.244998931884766,16702893
2026-03-31 17:30:00,49.2400016784668,49.334999084472656,49.1349983215332,49.29499816894531,6420940
2026-03-31 18:30:00,49.290000915527344,49.40999984741211,49.2599983215332,49.30500030517578,12034711
2026-03-31 19:30:00,49.30500030517578,49.459999084472656,49.290000915527344,49.380001068115234,16611154
2026-04-01 13:30:00,49.79999923706055,49.849998474121094,49.13999938964844,49.369998931884766,14091370
2026-04-01 14:30:00,49.369998931884766,49.755001068115234,49.220001220703125,49.679901123046875,7235525
2026-04-01 15:30:00,49.66999816894531,49.77000045776367,49.6150016784668,49.6150016784668,6005490
2026-04-01 16:30:00,49.6150016784668,49.720001220703125,49.584999084472656,49.689998626708984,8370343
2026-04-01 17:30:00,49.689998626708984,49.70000076293945,49.345001220703125,49.38999938964844,5578520
2026-04-01 18:30:00,49.38999938964844,49.46500015258789,49.34000015258789,49.45000076293945,4890044
2026-04-01 19:30:00,49.45000076293945,49.529998779296875,49.369998931884766,49.400001525878906,11906659
2026-04-02 13:30:00,48.82500076293945,49.18000030517578,48.599998474121094,49.15999984741211,8944585
2026-04-02 14:30:00,49.16999816894531,49.810001373291016,49.15999984741211,49.505001068115234,9924147
2026-04-02 15:30:00,49.5099983215332,49.560001373291016,49.345001220703125,49.38999938964844,4696117
2026-04-02 16:30:00,49.38999938964844,49.619998931884766,49.383201599121094,49.584999084472656,3527036
2026-04-02 17:30:00,49.59000015258789,49.6150016784668,49.439998626708984,49.470001220703125,3451685
2026-04-02 18:30:00,49.46500015258789,49.56999969482422,49.439998626708984,49.470001220703125,3782487
2026-04-02 19:30:00,49.46500015258789,49.599998474121094,49.439998626708984,49.540000915527344,4164958
2026-04-06 13:30:00,49.5099983215332,49.9900016784668,49.45000076293945,49.94499969482422,5570344
2026-04-06 14:30:00,49.939998626708984,50.005001068115234,49.779998779296875,49.834999084472656,4179166
2026-04-06 15:30:00,49.834999084472656,49.935001373291016,49.810001373291016,49.91999816894531,1778280
2026-04-06 16:30:00,49.92499923706055,49.959999084472656,49.75,49.83000183105469,3192402
2026-04-06 17:30:00,49.82500076293945,49.939998626708984,49.7599983215332,49.92499923706055,2192236
2026-04-06 18:30:00,49.93000030517578,49.939998626708984,49.80500030517578,49.810001373291016,3298128
2026-04-06 19:30:00,49.810001373291016,49.90999984741211,49.79999923706055,49.88999938964844,5076226
2026-04-07 13:30:00,49.619998931884766,49.8650016784668,49.5,49.86000061035156,4650110
2026-04-07 14:30:00,49.86000061035156,49.93000030517578,49.61000061035156,49.709999084472656,5338900
2026-04-07 15:30:00,49.720001220703125,49.93000030517578,49.60499954223633,49.810001373291016,3676144
2026-04-07 16:30:00,49.79499816894531,49.900001525878906,49.75,49.775001525878906,4158837
2026-04-07 17:30:00,49.779998779296875,49.95000076293945,49.775001525878906,49.814998626708984,2716093
2026-04-07 18:30:00,49.810001373291016,49.95000076293945,49.650001525878906,49.8849983215332,3737858
2026-04-07 19:30:00,49.880001068115234,50.0099983215332,49.79999923706055,49.900001525878906,5988528
2026-04-08 13:30:00,51.189998626708984,51.47999954223633,51.11000061035156,51.20000076293945,15391275
2026-04-08 14:30:00,51.20000076293945,51.21500015258789,50.96009826660156,50.994998931884766,6093768
2026-04-08 15:30:00,50.994998931884766,51.189998626708984,50.9900016784668,51.095001220703125,3886940
2026-04-08 16:30:00,51.095001220703125,51.13999938964844,51.04999923706055,51.064998626708984,3379504
2026-04-08 17:30:00,51.060001373291016,51.27000045776367,51.04999923706055,51.125,4281823
2026-04-08 18:30:00,51.130001068115234,51.150001525878906,50.98500061035156,51.04499816894531,4371309
2026-04-08 19:30:00,51.04499816894531,51.22999954223633,51.04499816894531,51.18000030517578,8332721
2026-04-09 13:30:00,50.939998626708984,51.040000915527344,50.79499816894531,50.974998474121094,5367162
2026-04-09 14:30:00,50.974998474121094,51.03499984741211,50.79499816894531,51.01499938964844,3787049
2026-04-09 15:30:00,51.01499938964844,51.489898681640625,51.0,51.435001373291016,6792357
2026-04-09 16:30:00,51.435001373291016,51.47999954223633,51.36000061035156,51.459999084472656,2825622
2026-04-09 17:30:00,51.459999084472656,51.540000915527344,51.400001525878906,51.404998779296875,3252754
2026-04-09 18:30:00,51.404998779296875,51.41999816894531,51.334999084472656,51.375,2978501
2026-04-09 19:30:00,51.369998931884766,51.43000030517578,51.314998626708984,51.31999969482422,4405336
2026-04-10 13:30:00,51.22999954223633,51.290000915527344,50.65999984741211,50.994998931884766,10477852
2026-04-10 14:30:00,50.994998931884766,51.0,50.75,50.76499938964844,3853547
2026-04-10 15:30:00,50.76499938964844,50.779998779296875,50.63999938964844,50.720001220703125,2460858
2026-04-10 16:30:00,50.724998474121094,50.78499984741211,50.67250061035156,50.71500015258789,1851533
2026-04-10 17:30:00,50.714698791503906,50.83000183105469,50.70500183105469,50.814998626708984,4069097
2026-04-10 18:30:00,50.814998626708984,50.880001068115234,50.790000915527344,50.820098876953125,2534930
2026-04-10 19:30:00,50.82500076293945,50.83000183105469,50.7400016784668,50.790000915527344,8476257
2026-04-13 13:30:00,50.5,50.88999938964844,50.41999816894531,50.8849983215332,5424913
2026-04-13 14:30:00,50.88999938964844,51.02000045776367,50.849998474121094,50.8650016784668,3483800
2026-04-13 15:30:00,50.8650016784668,51.1349983215332,50.84000015258789,51.119998931884766,1976135
2026-04-13 16:30:00,51.119998931884766,51.34000015258789,51.119998931884766,51.275001525878906,3994898
2026-04-13 17:30:00,51.275001525878906,51.34510040283203,51.21500015258789,51.329898834228516,1849879
2026-04-13 18:30:00,51.32500076293945,51.48500061035156,51.314998626708984,51.474998474121094,3167489
2026-04-13 19:30:00,51.474998474121094,51.66999816894531,51.459999084472656,51.63999938964844,12055020
2026-04-14 13:30:00,51.5099983215332,51.834999084472656,51.439998626708984,51.6150016784668,9258476
2026-04-14 14:30:00,51.61000061035156,51.84000015258789,51.599998474121094,51.81999969482422,9578927
2026-04-14 15:30:00,51.82500076293945,51.90999984741211,51.779998779296875,51.78499984741211,2649350
2026-04-14 16:30:00,51.78499984741211,51.839900970458984,51.7400016784668,51.834999084472656,2231634
2026-04-14 17:30:00,51.83000183105469,51.88999938964844,51.755001068115234,51.779998779296875,2275583
2026-04-14 18:30:00,51.78499984741211,51.85499954223633,51.7599983215332,51.85499954223633,2257558
2026-04-14 19:30:00,51.85499954223633,51.900001525878906,51.709999084472656,51.775001525878906,5992007
2026-04-15 13:30:00,52.06999969482422,52.31990051269531,51.81999969482422,52.08000183105469,7520814
2026-04-15 14:30:00,52.08000183105469,52.13999938964844,51.94499969482422,52.11000061035156,5827231
2026-04-15 15:30:00,52.1150016784668,52.14500045776367,52.04999923706055,52.125,3064315
2026-04-15 16:30:00,52.130001068115234,52.2599983215332,52.11000061035156,52.23500061035156,2555190
2026-04-15 17:30:00,52.2400016784668,52.33000183105469,52.220001220703125,52.29999923706055,3085876
2026-04-15 18:30:00,52.29499816894531,52.33000183105469,52.220001220703125,52.279998779296875,3107723
2026-04-15 19:30:00,52.279998779296875,52.29499816894531,52.150001525878906,52.154998779296875,6989663
2026-04-16 13:30:00,52.09000015258789,52.40999984741211,52.029998779296875,52.095001220703125,7093199
2026-04-16 14:30:00,52.09000015258789,52.19499969482422,52.040000915527344,52.040000915527344,3834468
2026-04-16 15:30:00,52.029998779296875,52.18000030517578,51.97999954223633,52.1349983215332,2073933
2026-04-16 16:30:00,52.1349983215332,52.150001525878906,51.915000915527344,51.98500061035156,3172948
2026-04-16 17:30:00,51.98500061035156,52.130001068115234,51.98500061035156,52.084999084472656,1887349
2026-04-16 18:30:00,52.084999084472656,52.125,52.060001373291016,52.095001220703125,1256869
2026-04-16 19:30:00,52.09000015258789,52.1150016784668,52.029998779296875,52.029998779296875,4865029
2026-04-17 13:30:00,52.369998931884766,52.709999084472656,52.29999923706055,52.69499969482422,8268401
2026-04-17 14:30:00,52.69499969482422,52.84000015258789,52.61000061035156,52.654998779296875,6586910
2026-04-17 15:30:00,52.654998779296875,52.93000030517578,52.650001525878906,52.83000183105469,4945428
2026-04-17 16:30:00,52.83000183105469,52.97999954223633,52.650001525878906,52.689998626708984,6887683
2026-04-17 17:30:00,52.689998626708984,52.70000076293945,52.525001525878906,52.564998626708984,6155288
2026-04-17 18:30:00,52.561100006103516,52.57500076293945,52.45000076293945,52.46500015258789,3506679
2026-04-17 19:30:00,52.470001220703125,52.529998779296875,52.41999816894531,52.43000030517578,6772103
2026-04-20 13:30:00,52.334999084472656,52.7599983215332,52.2599983215332,52.68000030517578,4492837
2026-04-20 14:30:00,52.68000030517578,52.685001373291016,52.459999084472656,52.595001220703125,2567411
2026-04-20 15:30:00,52.59000015258789,52.61000061035156,52.459999084472656,52.51499938964844,1827930
2026-04-20 16:30:00,52.519901275634766,52.619998931884766,52.47999954223633,52.59000015258789,1725227
2026-04-20 17:30:00,52.59000015258789,52.599998474121094,52.474998474121094,52.564998626708984,2088962
2026-04-20 18:30:00,52.564998626708984,52.59000015258789,52.5,52.564998626708984,3416747
2026-04-20 19:30:00,52.560001373291016,52.630001068115234,52.560001373291016,52.625,5163967
2026-04-21 13:30:00,52.709999084472656,53.189998626708984,52.66999816894531,52.95500183105469,9567701
2026-04-21 14:30:00,52.95500183105469,52.974998474121094,52.4900016784668,52.52009963989258,3234855
2026-04-21 15:30:00,52.540000915527344,52.619998931884766,52.43000030517578,52.494998931884766,2464089
2026-04-21 16:30:00,52.494998931884766,52.54499816894531,52.28499984741211,52.3650016784668,2288448
2026-04-21 17:30:00,52.369998931884766,52.51499938964844,52.310001373291016,52.345001220703125,3223869
2026-04-21 18:30:00,52.345001220703125,52.54999923706055,52.30289840698242,52.54999923706055,3458836
2026-04-21 19:30:00,52.54499816894531,52.54999923706055,52.20000076293945,52.290000915527344,7406103
2026-04-22 13:30:00,52.47999954223633,52.64500045776367,52.189998626708984,52.44499969482422,4905104
2026-04-22 14:30:00,52.45000076293945,52.45000076293945,52.209999084472656,52.279998779296875,3975266
2026-04-22 15:30:00,52.28499984741211,52.29999923706055,52.150001525878906,52.154998779296875,1360407
2026-04-22 16:30:00,52.150001525878906,52.23500061035156,52.130001068115234,52.185001373291016,2516423
2026-04-22 17:30:00,52.18000030517578,52.20500183105469,52.06999969482422,52.10499954223633,1960014
2026-04-22 18:30:00,52.10499954223633,52.18000030517578,52.099998474121094,52.17499923706055,2860139
2026-04-22 19:30:00,52.17499923706055,52.220001220703125,52.11000061035156,52.189998626708984,5560969
2026-04-23 13:30:00,52.08000183105469,52.16600036621094,51.900001525878906,52.10499954223633,6063336
2026-04-23 14:30:00,52.11000061035156,52.150001525878906,51.970001220703125,51.994998931884766,2556650
2026-04-23 15:30:00,51.9900016784668,52.0,51.880001068115234,51.8849983215332,2398430
2026-04-23 16:30:00,51.8849983215332,51.904998779296875,51.4900016784668,51.5,4780773
2026-04-23 17:30:00,51.5,51.77000045776367,51.29999923706055,51.76499938964844,13592606
2026-04-23 18:30:00,51.76499938964844,51.849998474121094,51.689998626708984,51.83000183105469,5406905
2026-04-23 19:30:00,51.83000183105469,51.849998474121094,51.650001525878906,51.78499984741211,7195194
2026-04-24 13:30:00,51.58000183105469,51.665000915527344,51.31999969482422,51.5,5843034
2026-04-24 14:30:00,51.5,51.59000015258789,51.415000915527344,51.46500015258789,1810582
2026-04-24 15:30:00,51.470001220703125,51.63999938964844,51.4025993347168,51.474998474121094,4534242
2026-04-24 16:30:00,51.474998474121094,51.52000045776367,51.439998626708984,51.500099182128906,1176886
2026-04-24 17:30:00,51.500099182128906,51.56999969482422,51.470001220703125,51.51729965209961,2252442
2026-04-24 18:30:00,51.5099983215332,51.529998779296875,51.43000030517578,51.463375091552734,1658410
2026-04-24 19:30:00,51.46500015258789,51.5,51.41999816894531,51.45000076293945,6746020
2026-04-27 13:30:00,51.310001373291016,51.834999084472656,51.27000045776367,51.79499816894531,4963316
2026-04-27 14:30:00,51.79999923706055,51.88999938964844,51.70000076293945,51.78499984741211,2848125
2026-04-27 15:30:00,51.78499984741211,51.849998474121094,51.713985443115234,51.82500076293945,1678325
2026-04-27 16:30:00,51.82500076293945,51.84000015258789,51.724998474121094,51.779998779296875,1904383
2026-04-27 17:30:00,51.779998779296875,51.81999969482422,51.66999816894531,51.744998931884766,2407200
2026-04-27 18:30:00,51.7400016784668,51.900001525878906,51.72999954223633,51.880001068115234,2740975
2026-04-27 19:30:00,51.875,51.900001525878906,51.790000915527344,51.79999923706055,5901365
2026-04-28 13:30:00,52.20000076293945,52.39500045776367,51.869998931884766,51.935001373291016,8149528
2026-04-28 14:30:00,51.939998626708984,52.150001525878906,51.935001373291016,52.08000183105469,4404337
2026-04-28 15:30:00,52.084999084472656,52.13999938964844,52.04999923706055,52.064998626708984,1648241
2026-04-28 16:30:00,52.064998626708984,52.06990051269531,51.9900016784668,52.04499816894531,2485753
2026-04-28 17:30:00,52.04499816894531,52.099998474121094,51.8849983215332,51.904998779296875,1562416
2026-04-28 18:30:00,51.904998779296875,51.90999984741211,51.83000183105469,51.849998474121094,1410179
2026-04-28 19:30:00,51.85499954223633,51.904998779296875,51.79999923706055,51.86000061035156,2964607
2026-04-29 13:30:00,52.130001068115234,52.29999923706055,51.7400016784668,51.98500061035156,5846055
2026-04-29 14:30:00,51.98500061035156,52.02000045776367,51.869998931884766,51.900001525878906,2017552
2026-04-29 15:30:00,51.89550018310547,51.900001525878906,51.70000076293945,51.834999084472656,2078105
2026-04-29 16:30:00,51.834999084472656,51.875,51.79999923706055,51.83000183105469,1301637
2026-04-29 17:30:00,51.83000183105469,51.915000915527344,51.779998779296875,51.82500076293945,2004540
2026-04-29 18:30:00,51.82500076293945,51.959999084472656,51.779998779296875,51.915000915527344,3841675
2026-04-29 19:30:00,51.915000915527344,52.005001068115234,51.8650016784668,51.91999816894531,4026837
2026-04-30 13:30:00,51.5099983215332,52.06999969482422,51.20000076293945,52.040000915527344,9748366
2026-04-30 14:30:00,52.040000915527344,52.154998779296875,51.98500061035156,52.084999084472656,3966244
2026-04-30 15:30:00,52.08000183105469,52.13999938964844,52.02000045776367,52.1349983215332,1818991
2026-04-30 16:30:00,52.1349983215332,52.1349983215332,51.970001220703125,52.040000915527344,1806776
2026-04-30 17:30:00,52.04999923706055,52.13999938964844,52.029998779296875,52.1349983215332,1810249
2026-04-30 18:30:00,52.1349983215332,52.22999954223633,52.11000061035156,52.20500183105469,3977772
2026-04-30 19:30:00,52.20500183105469,52.25,52.130001068115234,52.13999938964844,6192774
2026-05-01 13:30:00,52.400001525878906,52.59989929199219,52.130001068115234,52.525001525878906,9429827
2026-05-01 14:30:00,52.529998779296875,52.61000061035156,52.34000015258789,52.41999816894531,4132638
2026-05-01 15:30:00,52.41999816894531,52.439998626708984,52.212501525878906,52.21500015258789,5131590
2026-05-01 16:30:00,52.21500015258789,52.244998931884766,52.13999938964844,52.2400016784668,1492770
2026-05-01 17:30:00,52.23500061035156,52.310001373291016,52.06999969482422,52.11000061035156,3018885
2026-05-01 18:30:00,52.10499954223633,52.1349983215332,52.025001525878906,52.095001220703125,2563024
2026-05-01 19:30:00,52.099998474121094,52.12990188598633,51.91999816894531,51.939998626708984,8474713
2026-05-04 13:30:00,51.779998779296875,52.18000030517578,51.64500045776367,52.154998779296875,5648561
2026-05-04 14:30:00,52.15999984741211,52.189998626708984,51.77000045776367,51.79499816894531,3893840
2026-05-04 15:30:00,51.79499816894531,51.849998474121094,51.61000061035156,51.70500183105469,6696495
2026-05-04 16:30:00,51.70500183105469,51.75,51.4900016784668,51.69499969482422,13100893
2026-05-04 17:30:00,51.69499969482422,51.709999084472656,51.59000015258789,51.595001220703125,2195140
2026-05-04 18:30:00,51.595001220703125,51.709999084472656,51.540000915527344,51.564998626708984,3192761
2026-05-04 19:30:00,51.56999969482422,51.619998931884766,51.529998779296875,51.59000015258789,7823395
2026-05-05 13:30:00,51.56999969482422,51.68000030517578,51.37990188598633,51.595001220703125,6576802
2026-05-05 14:30:00,51.599998474121094,51.76499938964844,51.4900016784668,51.64500045776367,3217201
2026-05-05 15:30:00,51.650001525878906,51.650001525878906,51.470001220703125,51.510101318359375,4203603
2026-05-05 16:30:00,51.5099983215332,51.58000183105469,51.474998474121094,51.525001525878906,1738070
2026-05-05 17:30:00,51.525001525878906,51.59000015258789,51.5099983215332,51.56999969482422,1260590
2026-05-05 18:30:00,51.564998626708984,51.77000045776367,51.5099983215332,51.724998474121094,2603723
2026-05-05 19:30:00,51.724998474121094,51.7599983215332,51.560001373291016,51.584999084472656,5917405
2026-05-06 13:30:00,51.91999816894531,52.23500061035156,51.904998779296875,52.095001220703125,8248769
2026-05-06 14:30:00,52.095001220703125,52.13999938964844,51.970001220703125,51.97999954223633,3183940
2026-05-06 15:30:00,51.974998474121094,52.02000045776367,51.880001068115234,51.900001525878906,3015060
2026-05-06 16:30:00,51.900001525878906,51.92919921875,51.79499816894531,51.845001220703125,2784516
2026-05-06 17:30:00,51.845001220703125,51.95000076293945,51.775001525878906,51.904998779296875,4125038
2026-05-06 18:30:00,51.900001525878906,51.959999084472656,51.810001373291016,51.8849983215332,3888110
2026-05-06 19:30:00,51.8849983215332,51.95000076293945,51.810001373291016,51.81999969482422,11255124
2026-05-07 13:30:00,51.779998779296875,52.08000183105469,51.45500183105469,51.474998474121094,6822103
2026-05-07 14:30:00,51.48500061035156,51.83000183105469,51.47999954223633,51.755001068115234,3836835
2026-05-07 15:30:00,51.755001068115234,51.809898376464844,51.709999084472656,51.78499984741211,4095239
2026-05-07 16:30:00,51.78499984741211,51.79499816894531,51.505001068115234,51.505001068115234,3377060
2026-05-07 17:30:00,51.5099983215332,51.564998626708984,51.41999816894531,51.55500030517578,4172294
2026-05-07 18:30:00,51.55500030517578,51.6150016784668,51.43000030517578,51.55500030517578,4145419
2026-05-07 19:30:00,51.54999923706055,51.58000183105469,51.5,51.54499816894531,7722556
2026-05-08 13:30:00,51.68000030517578,51.7400016784668,51.29499816894531,51.459999084472656,4053727
2026-05-08 14:30:00,51.45500183105469,51.53499984741211,51.290000915527344,51.314998626708984,3761870
2026-05-08 15:30:00,51.314998626708984,51.404998779296875,51.27000045776367,51.334999084472656,2502602
2026-05-08 16:30:00,51.334999084472656,51.380001068115234,51.209999084472656,51.29499816894531,3682505
2026-05-08 17:30:00,51.29499816894531,51.400001525878906,51.22999954223633,51.3849983215332,3075029
2026-05-08 18:30:00,51.3849983215332,51.40999984741211,51.1349983215332,51.26499938964844,3456603
2026-05-08 19:30:00,51.26499938964844,51.310001373291016,51.18000030517578,51.25,7679419
2026-05-11 13:30:00,51.2599983215332,51.459999084472656,50.95500183105469,51.45500183105469,6691549
2026-05-11 14:30:00,51.45000076293945,51.459999084472656,51.11000061035156,51.150001525878906,3411946
2026-05-11 15:30:00,51.154998779296875,51.2150993347168,51.029998779296875,51.15999984741211,2297149
2026-05-11 16:30:00,51.15999984741211,51.26499938964844,51.099998474121094,51.2400016784668,2011266
2026-05-11 17:30:00,51.2400016784668,51.28499984741211,51.18000030517578,51.2599983215332,1642228
2026-05-11 18:30:00,51.2599983215332,51.290000915527344,51.11199951171875,51.189998626708984,3894869
2026-05-11 19:30:00,51.189998626708984,51.190101623535156,51.099998474121094,51.18000030517578,4928030
2026-05-12 13:30:00,51.18000030517578,51.34000015258789,50.810001373291016,51.1349983215332,8691647
2026-05-12 14:30:00,51.13750076293945,51.275001525878906,51.0,51.275001525878906,4550402
2026-05-12 15:30:00,51.275001525878906,51.459999084472656,51.23500061035156,51.439998626708984,3929618
2026-05-12 16:30:00,51.44499969482422,51.665000915527344,51.41999816894531,51.6150016784668,5334948
2026-05-12 17:30:00,51.6150016784668,51.689998626708984,51.56999969482422,51.63999938964844,2202867
2026-05-12 18:30:00,51.650001525878906,51.70000076293945,51.58000183105469,51.6150016784668,3633550
2026-05-12 19:30:00,51.6150016784668,51.650001525878906,51.54999923706055,51.56999969482422,9851223
2026-05-13 13:30:00,51.13999938964844,51.32500076293945,51.0,51.25,8006634
2026-05-13 14:30:00,51.25,51.310001373291016,50.970001220703125,51.0099983215332,4961829
2026-05-13 15:30:00,51.005001068115234,51.09000015258789,50.95500183105469,51.05500030517578,3020454
2026-05-13 16:30:00,51.05500030517578,51.10499954223633,51.0,51.040000915527344,3268492
2026-05-13 17:30:00,51.04499816894531,51.11000061035156,51.01499938964844,51.040000915527344,2231872
2026-05-13 18:30:00,51.04499816894531,51.150001525878906,50.994998931884766,51.090301513671875,2779664
2026-05-13 19:30:00,51.09270095825195,51.119998931884766,50.9900016784668,51.005001068115234,6875645
2026-05-14 13:30:00,51.27000045776367,51.470001220703125,51.095001220703125,51.32500076293945,7631577
2026-05-14 14:30:00,51.32500076293945,51.470001220703125,51.21500015258789,51.39500045776367,5218439
2026-05-14 15:30:00,51.38999938964844,51.4900016784668,51.345001220703125,51.3650016784668,2659567
2026-05-14 16:30:00,51.3650016784668,51.38999938964844,51.13999938964844,51.244998931884766,4079014
2026-05-14 17:30:00,51.2400016784668,51.40999984741211,51.20000076293945,51.310001373291016,2135884
2026-05-14 18:30:00,51.29999923706055,51.375,51.28437042236328,51.314998626708984,1924130
2026-05-14 19:30:00,51.310001373291016,51.36000061035156,51.2400016784668,51.28499984741211,5269573
2026-05-15 13:30:00,51.31999969482422,51.494998931884766,51.154998779296875,51.38999938964844,6784984
2026-05-15 14:30:00,51.400001525878906,51.43000030517578,51.13999938964844,51.15999984741211,2581082
2026-05-15 15:30:00,51.165000915527344,51.220001220703125,51.03499984741211,51.185001373291016,3632612
2026-05-15 16:30:00,51.185001373291016,51.28499984741211,51.154998779296875,51.220001220703125,1488236
2026-05-15 17:30:00,51.220001220703125,51.2400016784668,51.099998474121094,51.130001068115234,2083801
2026-05-15 18:30:00,51.130001068115234,51.189998626708984,51.060001373291016,51.154998779296875,2116060
2026-05-15 19:30:00,51.154998779296875,51.18000030517578,51.07500076293945,51.119998931884766,8932500
2026-05-18 13:30:00,51.0099983215332,51.76499938964844,50.970001220703125,51.7599983215332,7252160
2026-05-18 14:30:00,51.755001068115234,51.7599983215332,51.44499969482422,51.494998931884766,5221010
2026-05-18 15:30:00,51.494998931884766,51.630001068115234,51.459999084472656,51.564998626708984,2442102
2026-05-18 16:30:00,51.56999969482422,51.720001220703125,51.48500061035156,51.685001373291016,1978263
2026-05-18 17:30:00,51.685001373291016,51.69929885864258,51.4900016784668,51.53499984741211,2131842
2026-05-18 18:30:00,51.53499984741211,51.779998779296875,51.51499938964844,51.685001373291016,4746183
2026-05-18 19:30:00,51.685001373291016,51.79999923706055,51.654998779296875,51.73500061035156,7856070
2026-05-19 13:30:00,51.630001068115234,51.790000915527344,51.279998779296875,51.709999084472656,8153534
2026-05-19 14:30:00,51.720001220703125,51.7400016784668,51.45000076293945,51.494998931884766,3578411
2026-05-19 15:30:00,51.4900016784668,51.625,51.45500183105469,51.560001373291016,2743461
2026-05-19 16:30:00,51.55500030517578,51.56999969482422,51.41999816894531,51.494998931884766,1737387
2026-05-19 17:30:00,51.494998931884766,51.560001373291016,51.400001525878906,51.41999816894531,2648590
2026-05-19 18:30:00,51.415000915527344,51.439998626708984,51.2400016784668,51.244998931884766,4061516
2026-05-19 19:30:00,51.2401008605957,51.244998931884766,51.04999923706055,51.11000061035156,10743434
2026-05-20 13:30:00,51.22999954223633,51.404998779296875,50.779998779296875,51.35499954223633,10861096
2026-05-20 14:30:00,51.349998474121094,51.65999984741211,51.3224983215332,51.46500015258789,6638136
2026-05-20 15:30:00,51.470001220703125,51.63999938964844,51.46500015258789,51.54999923706055,3581070
2026-05-20 16:30:00,51.54499816894531,51.619998931884766,51.48500061035156,51.60499954223633,2781916
2026-05-20 17:30:00,51.61000061035156,51.66999816894531,51.564998626708984,51.595001220703125,2622472
2026-05-20 18:30:00,51.599998474121094,51.66999816894531,51.56999969482422,51.654998779296875,2908553
2026-05-20 19:30:00,51.654998779296875,51.709999084472656,51.630001068115234,51.64500045776367,7620907
